ground_truth,person_id,video_label,left_wrist_x,left_wrist_y,left_wrist_z,right_wrist_x,right_wrist_y,right_wrist_z,left_elbow_x,left_elbow_y,left_elbow_z,right_elbow_x,right_elbow_y,right_elbow_z,left_shoulder_x,left_shoulder_y,left_shoulder_z,right_shoulder_x,right_shoulder_y,right_shoulder_z,left_wrist_x_vel,left_wrist_y_vel,left_wrist_z_vel,right_wrist_x_vel,right_wrist_y_vel,right_wrist_z_vel,right_arm_len,left_arm_len,right_horiz_ratio,left_horiz_ratio,right_wrist_acc
idle,ahad,swipe_right,0.14045188575983047,0.013530999422073364,-0.1412040947470814,-0.13298127800226212,0.02020677924156189,-0.2733397020492703,0.13139940053224564,-0.1656379997730255,-0.03084516548551619,-0.1316295638680458,-0.16929444670677185,-0.15243560657836497,0.10579023510217667,-0.3662504255771637,-0.1198788566980511,-0.09061413258314133,-0.37485823035240173,-0.17136771813966334,0.0,0.0,0.0,0.0,0.0,0.0,0.41020680433033363,0.3819556604877223,0.0,0.0,0.0
idle,ahad,swipe_right,0.1403690129518509,0.012702137231826782,-0.1433613202534616,-0.1328652948141098,0.018633514642715454,-0.2748172334395349,0.13131435215473175,-0.16743502020835876,-0.032458951231092215,-0.13158126175403595,-0.1709391176700592,-0.15431455289945006,0.1056947261095047,-0.3678002953529358,-0.12119231885299087,-0.09067036211490631,-0.376526415348053,-0.17163043236359954,-0.0025112972115025373,-0.025117036068078243,-0.0653704698903091,0.003514642065221613,-0.04767468481352835,-0.044773678492867584,0.41058409434862914,0.382721663868197,0.07371980243111904,0.0999798393750246,1.9847699652982964
swipe_right,ahad,swipe_right,0.1403893157839775,0.011622652411460876,-0.14138280367478728,-0.13248290866613388,0.017855599522590637,-0.27515695756301284,0.13129668682813644,-0.16835330426692963,-0.03138080378994346,-0.13130245357751846,-0.1717209666967392,-0.1533604166470468,0.10570501536130905,-0.36867184937000275,-0.12191825872287154,-0.09061034768819809,-0.3775445371866226,-0.17138086026534438,0.0006152373371702251,-0.03271166122320927,0.05995504783861565,0.011587459029573382,-0.023573185458327782,-0.010294670408422297,0.4109307214639113,0.38236864056981285,0.49153168197716085,0.01880731539914341,1.298036464217722
swipe_right,ahad,swipe_right,0.14040961861610413,0.01054316759109497,-0.13940428709611297,-0.13210052251815796,0.01707768440246582,-0.27483670925721526,0.13128826022148132,-0.1692715883255005,-0.0303026563487947,-0.13102364540100098,-0.1725028157234192,-0.15240628039464355,0.1057153046131134,-0.3695434033870697,-0.12233935808762908,-0.09055033326148987,-0.37856265902519226,-0.17113128816708922,0.0006152373371702251,-0.03271166122320927,0.05995504783861565,0.011587459029573382,-0.023573185458327782,0.009704494115078087,0.411111315750735,0.38204804496835487,0.49153168197716085,0.01880731539914341,0.6060352885909206
swipe_right,ahad,swipe_right,0.1405281126499176,0.010160326957702637,-0.1394094512797892,-0.1316511332988739,0.016694843769073486,-0.275501845870167,0.13142129778862,-0.16965442895889282,-0.03030782053247094,-0.1305018961429596,-0.17288565635681152,-0.15433919290080667,0.10581740736961365,-0.3702930808067322,-0.12264936277642846,-0.09042653441429138,-0.37930187582969666,-0.17165507236495614,0.0035907282973780775,-0.01160123131491921,-0.00015649041443160084,0.013617855129819927,-0.01160123131491921,-0.020155654937931984,0.41145719322139,0.38240100563056567,1.173727256438065,0.3094860117778199,0.9768104125188685
swipe_right,ahad,swipe_right,0.14102143049240112,0.009942233562469482,-0.13940877560526133,-0.13150182366371155,0.016477108001708984,-0.27834389451891184,0.13142812252044678,-0.16992342472076416,-0.030307144857943058,-0.1302015483379364,-0.17310374975204468,-0.15511443559080362,0.10585230588912964,-0.37088462710380554,-0.12324157450348139,-0.09038209915161133,-0.3797895014286041,-0.17165439669042826,0.014949025529803652,-0.006608890764641039,2.0474985693440292e-05,0.004524534398859198,-0.006598053556500059,-0.08612268632560065,0.41243266897790887,0.3827889020357778,0.6856338352342264,2.2616146109058253,2.023591235236982
swipe_right,ahad,swipe_right,0.14244699478149414,0.009705275297164917,-0.13694105250760913,-0.13149556517601013,0.016519159078598022,-0.278836480807513,0.131425142288208,-0.1700749695301056,-0.029710379894822836,-0.13006755709648132,-0.1727445423603058,-0.1556939552538097,0.10584348440170288,-0.37124204635620117,-0.12323902500793338,-0.09034499526023865,-0.3800778388977051,-0.17168988985940814,0.04319891785130356,-0.00718055349407774,0.07477948780764232,0.00018965114246715197,0.0012742750572435782,-0.014926857230338183,0.41287157829040383,0.38294702558526095,0.14871391186546865,6.015260888459231,2.174569366446334
swipe_right,ahad,swipe_right,0.14626917243003845,0.007459968328475952,-0.13307796884328127,-0.13144832849502563,0.01565578579902649,-0.27884182799607515,0.1314723789691925,-0.17118462920188904,-0.028712104074656963,-0.12998327612876892,-0.17284312844276428,-0.15511723328381777,0.10587295889854431,-0.37254685163497925,-0.12265148479491472,-0.09022417664527893,-0.3811724781990051,-0.1716952370479703,0.11582356510740337,-0.0680396051117868,0.11706314134326848,0.0014314145752877898,-0.026162826653682823,-0.00016203601703499302,0.41310106966119436,0.3822901370111852,0.054709679674716225,1.7022712381395184,0.9449184922553256
swipe_right,ahad,swipe_right,0.15196143090724945,0.005463719367980957,-0.13119957502931356,-0.1312907189130783,0.014692962169647217,-0.28305920120328665,0.13163922727108002,-0.1731036901473999,-0.02760344836860895,-0.12982334196567535,-0.1722191572189331,-0.1524232691153884,0.10598777234554291,-0.3737926483154297,-0.12235634680837393,-0.0900665670633316,-0.3823064863681793,-0.16871394868940115,0.17249268112760602,-0.060492392742272576,0.05692102466568802,0.004776047937797777,-0.02917647361755371,-0.127799188097318,0.41519011260810823,0.38213501854099996,0.16368956409318516,2.851430103490769,3.870197783439034
swipe_right,ahad,swipe_right,0.16077056527137756,0.0024788081645965576,-0.1053675813600421,-0.13135802745819092,0.013557642698287964,-0.28418206702917814,0.1317596137523651,-0.17553219199180603,-0.007292605936527252,-0.129724383354187,-0.17172321677207947,-0.155707280151546,0.10592898726463318,-0.37501099705696106,-0.12125325482338667,-0.08997711539268494,-0.38344764709472656,-0.17260273825377226,0.26694346557964,-0.09045185464801217,0.7827876869476209,-0.0020396528822003005,-0.034403620344219815,-0.03402623714822714,0.4144581120173409,0.38178332381844987,0.0592842723388161,2.951188954935945,2.8535002864106835
swipe_right,ahad,swipe_right,0.1787874847650528,-0.0005443692207336426,-0.08320118021219969,-0.13138286769390106,0.011509239673614502,-0.2873283578082919,0.13221736252307892,-0.1777048110961914,0.012328589335083961,-0.1294160932302475,-0.1730436086654663,-0.15956331323832273,0.10607893764972687,-0.3771009147167206,-0.1071666507050395,-0.0897858589887619,-0.38553184270858765,-0.17622753512114286,0.5459672573840975,-0.0916114359190969,0.6717091256921935,-0.0007527344154589097,-0.06207281892949879,-0.0953421448216293,0.41438547879264226,0.38425994919511974,0.012126439591445765,5.959532152013097,2.0388515743538096
swipe_right,ahad,swipe_right,0.1941632777452469,-0.011318057775497437,-0.08320118021219969,-0.1311941295862198,0.010785847902297974,-0.29238181840628386,0.13453175127506256,-0.17875853180885315,0.012725367210805416,-0.12905465066432953,-0.1735670268535614,-0.16191984247416258,0.1063244491815567,-0.37789130210876465,-0.1071666507050395,-0.08947552740573883,-0.38629570603370667,-0.1838120026513934,0.46593312061194253,-0.32647541075041825,0.0,0.005719336596402259,-0.021920962767167543,-0.15313516963611962,0.4137651594046752,0.3777114600331869,0.2608952791840378,1.4271570786415406,2.141481720942482
swipe_right,ahad,swipe_right,0.22015900909900665,-0.01928827166557312,-0.08225951250642538,-0.1307847946882248,0.010618656873703003,-0.31158878561109304,0.14062894880771637,-0.17904314398765564,0.014813493005931377,-0.1283184140920639,-0.17332133650779724,-0.16192156728357077,0.10697151720523834,-0.378241628408432,-0.10645447578281164,-0.08880729973316193,-0.3864729702472687,-0.1838137274608016,0.7877494349624165,-0.24152163303259624,0.02853538502346383,0.012404087818030145,-0.005066394805908199,-0.5820293092366415,0.4192497297525587,0.3771529091576965,2.4478234463925954,3.2615967500490965,13.008401090765359
swipe_right,ahad,swipe_right,0.2445894330739975,-0.026784420013427734,-0.07934837276116014,-0.13000281155109406,0.01061856746673584,-0.3204387673176825,0.14772699773311615,-0.17921584844589233,0.015607362147420645,-0.12743593752384186,-0.17306238412857056,-0.17375838244333863,0.10726241767406464,-0.378621369600296,-0.10621969634667039,-0.08834786713123322,-0.3865966498851776,-0.18693808699026704,0.7403158780300262,-0.22715601054104909,0.08821635591712872,0.023696458700931452,-2.7093020352450304e-06,-0.26818126383604446,0.42111458647075184,0.37864233292710825,6388.387485239147,3.259049220038248,9.517937931754998
swipe_right,ahad,swipe_right,0.268731027841568,-0.036997973918914795,-0.07303241826593876,-0.12922394275665283,0.01083683967590332,-0.326730752363801,0.15814492106437683,-0.17949289083480835,0.022763652727007866,-0.12661638855934143,-0.1731511950492859,-0.17549284733831882,0.10806778073310852,-0.3789232671260834,-0.09891851432621479,-0.08786535263061523,-0.3869505226612091,-0.18690300919115543,0.7315634778051658,-0.30950163349960763,0.19139256046125366,0.023602084680037043,0.006614309368711524,-0.1906662135187422,0.4236710001558828,0.37867621403447554,3.567797568420306,2.363674484876696,2.3574855611473238
swipe_right,ahad,swipe_right,0.2804027646780014,-0.06559562683105469,-0.03341992478817701,-0.1288905292749405,0.010943830013275146,-0.3300142651423812,0.165333554148674,-0.1855366826057434,0.06285368744283915,-0.12628598511219025,-0.17310351133346558,-0.17547116335481405,0.1083127111196518,-0.37980639934539795,-0.06861331965774298,-0.08779595792293549,-0.3872457444667816,-0.18688132520765066,0.353688995043437,-0.8665955427921187,1.2003785902352053,0.010103438839767926,0.0032421314355098865,-0.09950038722970277,0.4251243812269215,0.35997495904607196,3.1153343737915633,0.40813570973162855,2.7945889119629745
swipe_right,ahad,swipe_right,0.30025817453861237,-0.08804857730865479,-0.017438258044421673,-0.12842227518558502,0.011037051677703857,-0.33076396118849516,0.17336268723011017,-0.19073140621185303,0.07922219950705767,-0.12578479945659637,-0.17308008670806885,-0.1754620624706149,0.10882945358753204,-0.3803328573703766,-0.05886790435761213,-0.08748157322406769,-0.3875056803226471,-0.18687222432345152,0.6016790866851801,-0.6803924387151539,0.48429293162894926,0.014189517859256616,0.002824898922082147,-0.022718062003453554,0.42569623235993564,0.35184012160326694,5.021240408981669,0.8843105362999724,2.3300637446348467
swipe_right,ahad,swipe_right,0.3071536421775818,-0.1134997308254242,-0.017445992678403854,-0.12782162427902222,0.011129528284072876,-0.332106601446867,0.17742455005645752,-0.19983693957328796,0.11424436792731285,-0.1251574158668518,-0.17301717400550842,-0.1754697971045971,0.1092902421951294,-0.3813512921333313,-0.031772416085004807,-0.08700048923492432,-0.3877408802509308,-0.16656684502959251,0.208953564817255,-0.771247076265739,-0.00023438284794489523,0.018201542623115293,0.002802321405121772,-0.04068606843550996,0.43378264006972406,0.3333161117547795,6.492849014693927,0.27092912286922655,0.557893608013862
swipe_right,ahad,swipe_right,0.3073761761188507,-0.12865445017814636,-0.01744960341602564,-0.12781891226768494,0.01140645146369934,-0.3321102121844888,0.18172922730445862,-0.20696231722831726,0.11878886725753546,-0.12510666251182556,-0.17283734679222107,-0.1672692159190774,0.10931470990180969,-0.381694495677948,-0.031235494650900364,-0.08699363470077515,-0.38760513067245483,-0.16485889349132776,0.006743452765724893,-0.45923391977946076,-0.00010941629156921876,8.218216173576606e-05,0.008391611503832289,-0.00010941629156921876,0.4345686937318581,0.3216328027793893,0.009792203737566015,0.014684102787661081,1.3572294223227268
swipe_right,ahad,swipe_right,0.3077695965766907,-0.1477765142917633,-0.01747065782546997,-0.12766513228416443,0.011750847101211548,-0.3348579406738281,0.18212264776229858,-0.21142199635505676,0.11876781284809113,-0.12492784857749939,-0.17247506976127625,-0.1535033881664276,0.10952651500701904,-0.3816956877708435,-0.014463795349001884,-0.08681228756904602,-0.38736939430236816,-0.152914896607399,0.01192183205575653,-0.579456488291422,-0.0006380124074040032,0.004659999500621445,0.01043623143976384,-0.08326449967694997,0.4405328515599352,0.3066391043773248,0.4464785060593507,0.02057412717352058,2.5244269958895553
swipe_right,ahad,swipe_right,0.30796390771865845,-0.17031386494636536,-0.018718828447163105,-0.1275292932987213,0.012944310903549194,-0.33489903155714273,0.18231695890426636,-0.22161194682121277,0.11872672196477652,-0.12484437227249146,-0.17126265168190002,-0.1534907603636384,0.10890692472457886,-0.38147252798080444,-0.003159543266519904,-0.08676162362098694,-0.3863005042076111,-0.14644140843302011,0.005888216423265856,-0.6829500198364252,-0.03782335217251919,0.00411633289221561,0.03616556976780744,-0.0012451782822608937,0.44336745595238636,0.2906092820412481,0.1138159609452273,0.00862172579327307,2.604908749360216
swipe_right,ahad,swipe_right,0.30500128865242004,-0.18881767988204956,-0.03871974442154169,-0.12748032808303833,0.013484418392181396,-0.3349101999774575,0.18236592411994934,-0.2281842827796936,0.11871555354446173,-0.12490645051002502,-0.1706511378288269,-0.14656867180019617,0.10869285464286804,-0.3818702697753906,0.004315522033721209,-0.08681657910346985,-0.3858320415019989,-0.1366259017959237,-0.0897763353405579,-0.5607216647177046,-0.6060883628599586,0.0014837944146358641,0.016366893594915256,-0.0003384369792360256,0.4476872105933307,0.27867245627561515,0.09065274074709344,0.1601082691846525,0.6058636170964649
swipe_right,ahad,swipe_right,0.30047518014907837,-0.21266302466392517,-0.11083679739385843,-0.12745735049247742,0.013913959264755249,-0.3349101999774575,0.1817488670349121,-0.23192355036735535,0.11678586807101965,-0.12488347291946411,-0.17022088170051575,-0.13144558761268854,0.10745292901992798,-0.3821675181388855,0.011311931535601616,-0.08682957291603088,-0.38540956377983093,-0.11679933313280344,-0.13715480313156578,-0.7225862055113815,-2.185365241585354,0.0006962906230579717,0.01301639007799552,0.0,0.45681751564850026,0.28444625980710375,0.05348926465950921,0.1898107274602241,0.10480019744422454
swipe_right,ahad,swipe_right,0.2870531976222992,-0.228274405002594,-0.13384363148361444,-0.12767982482910156,0.01451033353805542,-0.2863267818465829,0.18100664019584656,-0.23515582084655762,0.11583401169627905,-0.12510594725608826,-0.1694069504737854,-0.09457710478454828,0.10563364624977112,-0.3828350901603699,0.014434192329645157,-0.08709794282913208,-0.3847629427909851,-0.09576721582561731,-0.4067267432357322,-0.4730721314748124,-0.6971767905986664,-0.00674164656436804,0.01807194767576274,1.4722247918446845,0.4442735492230936,0.28069266476245247,0.37302418428451073,0.8597544780608353,44.61370487132392
swipe_right,ahad,swipe_right,0.26775048673152924,-0.24610432982444763,-0.22155593428760767,-0.12770022451877594,0.014703541994094849,-0.2472179988399148,0.1784658282995224,-0.24150565266609192,0.04596226569265127,-0.1251405030488968,-0.16920271515846252,-0.08869704697281122,0.10459725558757782,-0.38364899158477783,0.014434192329645157,-0.08725906908512115,-0.38455870747566223,-0.08485065493732691,-0.5849306330536346,-0.5403007521773825,-2.6579485698179743,-0.0006181724143750735,0.005854801698164501,1.1851146365656986,0.43290759437833937,0.31816481683602654,0.10556580400747509,1.082599918834985,8.710157715804256
swipe_right,ahad,swipe_right,0.2360195815563202,-0.25985926389694214,-0.3768130661919713,-0.12767121195793152,0.01466834545135498,-0.22273941058665514,0.1645289957523346,-0.2449052929878235,-0.06408320087939501,-0.1251290738582611,-0.16902339458465576,-0.07762209791690111,0.10441955924034119,-0.3838026523590088,0.014477290213108063,-0.08731862902641296,-0.38437938690185547,-0.052932427264750004,-0.9615425810669431,-0.4168161840149861,-4.704761572859516,0.0008791685104370139,-0.001066561901208129,0.7417754016139309,0.43554774162010107,0.4310321013945933,0.8235293048975281,2.3068688574806266,13.436235990958163
swipe_right,ahad,swipe_right,0.19525840878486633,-0.2842371165752411,-0.4380147010087967,-0.1277466118335724,0.014960795640945435,-0.14792796969413757,0.15238645672798157,-0.2546623647212982,-0.10127629339694977,-0.12513479590415955,-0.1686859428882599,-0.05137542262673378,0.10228404402732849,-0.38440802693367004,0.014525835402309895,-0.08739402890205383,-0.3839883804321289,-0.046136822551488876,-1.2351870536804188,-0.7387228084333008,-1.8545949944492526,-0.002284844716389972,0.00886212695728648,2.2670133603793183,0.4137030501159573,0.4727275969089981,0.2577921683172522,1.6720552926269243,46.22041078855492
idle,ahad,swipe_right,0.1509101688861847,-0.30165866017341614,-0.7003392311744392,-0.1277466118335724,0.014551609754562378,-0.0864190268330276,0.14440563321113586,-0.26899275183677673,-0.25185135332867503,-0.12507906556129456,-0.17032113671302795,-0.038361560087651014,0.10228404402732849,-0.3851695954799652,0.012690065894275904,-0.08739402890205383,-0.3838123083114624,-0.0435924488119781,-1.343886057535806,-0.5279255635810616,-7.949228186837645,0.0,-0.012399572314638068,1.8639073594275732,0.40268630216479007,0.7195480212000236,0.0,2.545592796884251,12.232509050176123
idle,ahad,swipe_right,0.12063872814178467,-0.30956488847732544,-0.700334734749049,-0.12774676084518433,0.01513737440109253,-0.05007871566340327,0.1305621862411499,-0.2757428288459778,-0.27126703364774585,-0.12473917007446289,-0.17130833864212036,-0.00243081315420568,0.10228389501571655,-0.38454094529151917,0.0103786108084023,-0.08714717626571655,-0.38274121284484863,-0.020173979457467794,-0.9173163861939393,-0.23958267587603924,0.00013625531485586445,-4.5155033920750435e-06,0.017750443834246996,1.1012215505946756,0.40106107976765576,0.7148928371077417,0.0002543738658240015,3.8287933551389344,23.12974278645455
idle,ahad,swipe_right,0.09173452854156494,-0.32041844725608826,-0.700282811652869,-0.1277751922607422,0.015626102685928345,-0.04489126009866595,0.11172974109649658,-0.2803369462490082,-0.2785302991978824,-0.1240953803062439,-0.17342635989189148,0.01977393077686429,0.10187238454818726,-0.384272038936615,0.009404233191162348,-0.085518479347229,-0.3822202980518341,-0.007159884087741375,-0.8758848363702969,-0.328895720568571,0.0015734271569685541,-0.0008615580472079212,0.014809948025327776,0.15719562317385857,0.40185948427519425,0.7126259600339919,0.058170351130433756,2.6630999386559266,28.606996849731907
idle,ahad,swipe_right,0.05281335115432739,-0.3199682831764221,-0.7003037733957171,-0.12778639793395996,0.01583951711654663,-0.04491222184151411,0.10859173536300659,-0.2828264832496643,-0.27855126094073057,-0.12356829643249512,-0.173927903175354,0.02882723044604063,0.1018936038017273,-0.38395997881889343,-0.02524492610245943,-0.08389416337013245,-0.38175421953201294,-0.007180845830589533,-1.1794296177950763,0.013641335747458705,-0.0006352043287320564,-0.00033956585508404324,0.006467103958129877,-0.0006352043287320564,0.40178472396651416,0.6798589968662864,0.05249851537361838,86.45364251607577,4.789455593165876
idle,ahad,swipe_right,0.029015451669692993,-0.31920748949050903,-0.648490340448916,-0.12779220938682556,0.01633816957473755,-0.04486840311437845,0.10280737280845642,-0.2820656895637512,-0.2785074422135949,-0.1225452721118927,-0.17526239156723022,0.029807853512465954,0.1018877923488617,-0.3859778344631195,-0.05170167703181505,-0.0834743082523346,-0.3809727728366852,-0.007137027103453875,-0.7211484692313472,0.02305435411857842,1.570104028690949,-0.00017610463229092728,0.015110680551239975,0.0013278402162320718,0.4015516380946505,0.6049176520709179,0.011653543872489892,31.27900207137711,0.26864226826618814
idle,ahad,swipe_right,-0.012463957071304321,-0.31843483448028564,-0.5904852533712983,-0.12787622213363647,0.017026305198669434,-0.0499223442748189,0.10103237628936768,-0.28129303455352783,-0.278425850905478,-0.12238210439682007,-0.17448973655700684,0.029889444820582867,0.10180377960205078,-0.38673847913742065,-0.07484500948339701,-0.08353632688522339,-0.38019242882728577,-0.007055435795336962,-1.2569517800302163,0.023413788188587435,1.7577299114429514,-0.002545840812451901,0.02085259466460248,-0.1531497321345583,0.4019780103617747,0.5325479927994037,0.12208162925374626,53.681962437860754,4.684921555218531
idle,ahad,swipe_right,-0.04365640878677368,-0.3126882016658783,-0.5339523805305362,-0.12812790274620056,0.017267733812332153,-0.06400377582758665,0.08556064963340759,-0.2810516059398651,-0.2654157532379031,-0.12165680527687073,-0.17424830794334412,0.02991157118231058,0.1015520989894867,-0.38810062408447266,-0.10026393365114927,-0.0835772454738617,-0.3797493278980255,-0.013712811283767223,-0.9452258095596799,0.17414038831537462,1.713117358810978,-0.007626685229214774,0.00731601859584001,-0.42671004705356935,0.4026617556551293,0.463528006858597,1.0423214222184458,5.427921637146083,8.301277174477105
idle,ahad,swipe_right,-0.06772853434085846,-0.3094680905342102,-0.5051224231719971,-0.1281537264585495,0.01745772361755371,-0.06530457735061646,0.07067422568798065,-0.28085488080978394,-0.25990405678749084,-0.12144525349140167,-0.17405831813812256,0.028949817642569542,0.10128210484981537,-0.38875243067741394,-0.10797938704490662,-0.08379386365413666,-0.37901222705841064,-0.016879260540008545,-0.729458350123778,0.09757912520206294,0.8736350714708783,-0.0007825367378466024,0.005757266824895661,-0.03941822797059996,0.40187215694202516,0.4388316236278179,0.1358979640303108,7.475480776574742,11.738043178975241
idle,ahad,swipe_right,-0.11033429205417633,-0.30632302165031433,-0.4173990786075592,-0.12836842238903046,0.017684370279312134,-0.07410106062889099,0.048512205481529236,-0.27870556712150574,-0.2515820264816284,-0.12025414407253265,-0.1728452742099762,0.020737284794449806,0.10087667405605316,-0.3890068829059601,-0.1292145997285843,-0.08419929444789886,-0.3787855803966522,-0.017246555536985397,-1.2910835670702416,0.0953051176938146,2.658283168619336,-0.006505937287301745,0.006868080659346164,-0.26656009934165326,0.40295380430184197,0.366738308585435,0.9471336282024405,13.546701914960423,6.885354024811423
idle,ahad,swipe_right,-0.12628796696662903,-0.30332937836647034,-0.34103554487228394,-0.12833335995674133,0.019311636686325073,-0.07470748573541641,0.042522817850112915,-0.27859601378440857,-0.24468795955181122,-0.11914205551147461,-0.17149916291236877,0.018696388229727745,0.10066458582878113,-0.3892640173435211,-0.13105376064777374,-0.08445411920547485,-0.3787846863269806,-0.024674825370311737,-0.48344469431674963,0.09071646314678793,2.314046476826529,0.0010624979481552613,0.04931110324281647,-0.01837651837955826,0.40362028847523473,0.32091209560030337,0.021546392838355365,5.329124928620396,7.633343633054713
idle,ahad,swipe_right,-0.1406186819076538,-0.2925504744052887,-0.30475714802742004,-0.1280163824558258,0.019872993230819702,-0.11878647655248642,0.029155820608139038,-0.27639511227607727,-0.21437864005565643,-0.11792764067649841,-0.169823557138443,0.005387169774621725,0.10062649846076965,-0.3891507685184479,-0.13213059306144714,-0.08453816175460815,-0.37852904200553894,-0.030714215710759163,-0.4342640891219612,0.32663345336913924,1.0993453589352649,0.009605378815622,0.017010804378625045,-1.3357269944566612,0.4103306721238248,0.311978815551893,0.5646302180438275,1.3295109705747623,39.93254835043882
idle,ahad,swipe_right,-0.15557806193828583,-0.26983198523521423,-0.3047680351883173,-0.12749330699443817,0.02020999789237976,-0.12633501924574375,0.019623175263404846,-0.26919254660606384,-0.18365011550486088,-0.11804084479808807,-0.1693688929080963,0.0008872099569998682,0.10053594410419464,-0.389285147190094,-0.13302036561071873,-0.08468551933765411,-0.37856999039649963,-0.037953635677695274,-0.45331454638278956,0.6884390657598339,-0.00032991396658348397,0.015850771557201077,0.010212262471516952,-0.22874371797749546,0.4106936263264255,0.3306972996525409,1.5519792623959463,0.6584662469963374,33.54611424588948
idle,ahad,swipe_right,-0.157644584774971,-0.25436118245124817,-0.29831011313945055,-0.12673918902873993,0.02049151062965393,-0.14214949030429125,0.0193222314119339,-0.26060327887535095,-0.18175311107188463,-0.11816631257534027,-0.1690845787525177,-0.006940704770386219,0.10034163296222687,-0.3896145820617676,-0.13303732592612505,-0.08504505455493927,-0.3783308267593384,-0.04386445228010416,-0.06262190414197533,0.4688122055747304,0.19569460754141713,0.022852059566613455,0.0085306890083082,-0.4792263957135617,0.4128651188334448,0.3349111297670009,2.6784918606808112,0.13357538439047487,7.593519636330703
idle,ahad,swipe_right,-0.1578339785337448,-0.24496668577194214,-0.29831517208367586,-0.12582238018512726,0.02053678035736084,-0.14690612722188234,0.019132837653160095,-0.2530823349952698,-0.18027875293046236,-0.11806894838809967,-0.16896486282348633,-0.00934118777513504,0.10015223920345306,-0.3899175822734833,-0.13216349948197603,-0.08524443209171295,-0.37828555703163147,-0.045734220184385777,-0.005739204811327361,0.284681717554727,-0.0001533013401609472,0.02778208617008082,0.0013718099305123936,-0.144140512654275,0.4134508210724643,0.3393729942810533,20.2373872395513,0.020160004304525667,10.15753343709915
idle,ahad,swipe_right,-0.15804685652256012,-0.24000874161720276,-0.29832944087684155,-0.1253010779619217,0.021051496267318726,-0.14692039601504803,0.018919959664344788,-0.2443855106830597,-0.18029302172362804,-0.11774088442325592,-0.16836681962013245,-0.009355456568300724,0.09993936121463776,-0.38969770073890686,-0.13217776827514172,-0.08549962937831879,-0.3777708411216736,-0.04574848897755146,-0.006450848145918429,0.15024073196179977,-0.0004323876716873873,0.015797037066835384,0.015597451816905666,-0.0004323876716873873,0.4133753341497001,0.3414235658732808,1.0127310871784398,0.042936460207731175,4.391120880257172
idle,ahad,swipe_right,-0.15804685652256012,-0.23533925414085388,-0.30608409456908703,-0.12477682530879974,0.02140757441520691,-0.14692039601504803,0.020365312695503235,-0.23679426312446594,-0.18089373223483562,-0.11709953844547272,-0.16787001490592957,-0.009355456568300724,0.09993936121463776,-0.38950011134147644,-0.13065486960113049,-0.08573637902736664,-0.3772842288017273,-0.04574848897755146,0.0,0.14149962049542086,-0.23498950582562128,0.01588644403399847,0.01079024690570256,0.0,0.41317679650704964,0.3479911944403673,1.4721601843437935,0.0,0.1462860443137803
idle,ahad,swipe_right,-0.15480835735797882,-0.23117834329605103,-0.31769862584769726,-0.12476091086864471,0.021977782249450684,-0.14692039601504803,0.023696616291999817,-0.23184871673583984,-0.18089373223483562,-0.11650936305522919,-0.166395366191864,-0.009355456568300724,0.09984005987644196,-0.38890811800956726,-0.13020789436995983,-0.08602224290370941,-0.37640535831451416,-0.04574848897755146,0.098136338320645,0.12608820741826784,-0.35195549329121756,0.000482255762273613,0.017279025280114303,0.0,0.4128505369439516,0.353379785247019,0.027908278747056495,0.7783087889124678,0.5065169971621092
idle,ahad,swipe_right,-0.1511383205652237,-0.22591271996498108,-0.31769862584769726,-0.12478919327259064,0.021756380796432495,-0.14755417220294476,0.026163682341575623,-0.22453001141548157,-0.18077830784022808,-0.11654128134250641,-0.1645376980304718,0.00272358232177794,0.09951852262020111,-0.3888469338417053,-0.1283897738903761,-0.08641313016414642,-0.37563228607177734,-0.03695693425834179,0.11121323614409503,0.15956434336575634,0.0,-0.0008570425438158461,-0.006709134939945122,-0.01920533902717364,0.4142731270743632,0.3538562596828092,0.1277235929659047,0.6969761340291268,0.9320685043638234
idle,ahad,swipe_right,-0.14776208996772766,-0.21936267614364624,-0.317740174010396,-0.1248134970664978,0.0216367244720459,-0.1475957203656435,0.02768874168395996,-0.21942681074142456,-0.18081985600292683,-0.11656558513641357,-0.16196656227111816,0.002682034159079194,0.0989428162574768,-0.38871684670448303,-0.1271741408854723,-0.08685138821601868,-0.3741290867328644,-0.02610006555914879,0.10231001810593995,0.19848617640408517,-0.0012590352332953196,-0.0007364786032474371,-0.0036259492238362476,-0.0012590352332953196,0.41573175626107184,0.35476690773366315,0.20305732388182124,0.5154490076359123,0.5518067741203087
idle,ahad,swipe_right,-0.14273154735565186,-0.2107066512107849,-0.31999827921390533,-0.12481370568275452,0.019758999347686768,-0.14770159125328064,0.02823832631111145,-0.2164856195449829,-0.1810411512851715,-0.11656579375267029,-0.1618075966835022,0.0025761632714420557,0.09853044152259827,-0.3887847661972046,-0.12728001177310944,-0.08686092495918274,-0.37299445271492004,-0.02464967966079712,0.15244068521441873,0.2623037858442833,-0.06842743040937382,-6.321704748905082e-06,-0.056900761344216226,-0.003208208716276928,0.41332488507021964,0.35645405443056405,0.00011109857761103647,0.5811586118177609,1.615619925490194
idle,ahad,swipe_right,-0.13975074887275696,-0.19970905780792236,-0.31999827921390533,-0.12481734156608582,0.018939495086669922,-0.14770159125328064,0.03148797154426575,-0.21406173706054688,-0.1810411512851715,-0.1167917251586914,-0.16051232814788818,0.0025761632714420557,0.09833469986915588,-0.3890022933483124,-0.12728001177310944,-0.08695346117019653,-0.3724222481250763,-0.02464967966079712,0.09032722675439106,0.3332604061473508,0.0,-0.00011017828276663143,-0.024833462455055993,0.0,0.411994490782262,0.360079075383963,0.004436507654072475,0.2710401657324013,0.9765924564002266
idle,ahad,swipe_right,-0.1369878053665161,-0.18714827299118042,-0.31999827921390533,-0.1253218650817871,0.018096446990966797,-0.16988390684127808,0.037478625774383545,-0.2112208604812622,-0.1810411512851715,-0.12010341882705688,-0.16127049922943115,-0.009184271097183228,0.0976744294166565,-0.3898453414440155,-0.12728001177310944,-0.08738243579864502,-0.3721899688243866,-0.02464967966079712,0.08372556079517676,0.3806298429315724,0.0,-0.015288591384887631,-0.02554691199100368,-0.6721913814544649,0.41815770638484834,0.3650928602399508,0.5984282155923851,0.21996525596909774,20.374639580855604
idle,ahad,swipe_right,-0.12642577290534973,-0.1750432848930359,-0.31999827921390533,-0.12558239698410034,0.016510963439941406,-0.1879800409078598,0.047338128089904785,-0.20701438188552856,-0.18120607733726501,-0.12165430188179016,-0.15976500511169434,-0.012478020042181015,0.09741681814193726,-0.3914308249950409,-0.13162891566753387,-0.08764004707336426,-0.37337762117385864,-0.02464967966079712,0.3200615897323154,0.3668178211558958,0.0,-0.007894906130704033,-0.04804495609167862,-0.5483676989873264,0.4244167023504106,0.36388472103267105,0.1643198881429149,0.8725331724358036,3.8202414970991763
idle,ahad,swipe_right,-0.11401964724063873,-0.15669086575508118,-0.32236348092556,-0.12640704214572906,0.014354139566421509,-0.19082622230052948,0.05642424523830414,-0.20328518748283386,-0.1855720430612564,-0.12402285635471344,-0.1597488820552826,-0.01495804637670517,0.09691010415554047,-0.3935876488685608,-0.1331530511379242,-0.08814676105976105,-0.37527140974998474,-0.02577190287411213,0.3759432019609403,0.5561339132713563,-0.07167277914105058,-0.024989247322082582,-0.06535829919757281,-0.08624792098999044,0.4248703874715281,0.3693399959576417,0.38233652485384334,0.6759928085606547,14.023025063274764
idle,ahad,swipe_right,-0.09495644271373749,-0.1377781629562378,-0.32236348092556,-0.12697862088680267,0.009038209915161133,-0.19165906310081482,0.0669739693403244,-0.20175069570541382,-0.1855720430612564,-0.12465716898441315,-0.16506481170654297,-0.02228984609246254,0.09634445607662201,-0.39874503016471863,-0.1507071703672409,-0.0887124091386795,-0.3805873394012451,-0.04638909921050072,0.5776728644515504,0.5731122060255547,0.0,-0.017320567911321392,-0.1610887773109198,-0.02523760000864654,0.4175832061402334,0.36628626593567815,0.10752121084562007,1.00795594723356,3.4478127307363016
idle,ahad,swipe_right,-0.0735187977552414,-0.12976521253585815,-0.32236348092556,-0.12800125777721405,0.003697335720062256,-0.19165906310081482,0.07865364849567413,-0.20151293277740479,-0.1855720430612564,-0.1252690702676773,-0.17040568590164185,-0.030288737267255783,0.09612520039081573,-0.4033537209033966,-0.1507071703672409,-0.08927641808986664,-0.385928213596344,-0.05281524360179901,0.6496256048029135,0.24281667940544419,0.0,-0.030988996679132713,-0.16184467257875423,0.0,0.41543385526699356,0.36482276103917666,0.19147250702086854,2.675363698366472,0.8700367707169318
idle,ahad,swipe_right,-0.06113189458847046,-0.10996702313423157,-0.31239726301282644,-0.1290748417377472,0.003076702356338501,-0.19163743313401937,0.0868878960609436,-0.1979711353778839,-0.17698768433183432,-0.12646642327308655,-0.1710263192653656,-0.03246606048196554,0.09578251838684082,-0.4034390151500702,-0.15068554040044546,-0.0900583267211914,-0.38654884696006775,-0.0550302704796195,0.3753607020233601,0.5999451333826213,0.30200660341616703,-0.032532847288882956,-0.018807071627992493,0.0006554535392558908,0.4147190302031414,0.36999814097829553,1.729727955760417,0.6256573401131835,4.334770727888349
idle,ahad,swipe_right,-0.04893311858177185,-0.09587350487709045,-0.2788757598027587,-0.12945514917373657,0.002695053815841675,-0.19861075934022665,0.0939476490020752,-0.1923845112323761,-0.16267482098191977,-0.12649831175804138,-0.17665550112724304,-0.03496008273214102,0.09637832641601562,-0.4020124673843384,-0.1528308903798461,-0.09013217687606812,-0.3868710696697235,-0.06366810109466314,0.36965987899086783,0.42707631082245906,1.015803127577813,-0.011524467757253964,-0.01156510728778264,-0.21131291533961494,0.4141468118098614,0.3615574498198015,0.9963998664812094,0.8655572881616737,6.45848417761948
idle,ahad,swipe_right,-0.030609726905822754,-0.08019247651100159,-0.2725574290379882,-0.12978491187095642,0.002695053815841675,-0.2016459321603179,0.10192662477493286,-0.19205805659294128,-0.14299564715474844,-0.1269216239452362,-0.17898914217948914,-0.040566823445260525,0.09639948606491089,-0.4013408422470093,-0.15911231096833944,-0.09055030345916748,-0.38795268535614014,-0.06852324958890676,0.5552542932105801,0.4751826777602699,0.1914645686294098,-0.009992809006662105,0.0,-0.09197493394215925,0.41456803932818537,0.3635070945775203,9992.809006662106,1.1685045577064324,3.6335407590000592
idle,ahad,swipe_right,-0.014118462800979614,-0.06122028827667236,-0.27212300058454275,-0.1299954056739807,0.0051863789558410645,-0.2016459321603179,0.10429084300994873,-0.18863904476165771,-0.138362399302423,-0.12740781903266907,-0.17737948894500732,-0.0429358733817935,0.09668755531311035,-0.39761248230934143,-0.15911231096833944,-0.09137582778930664,-0.3860805928707123,-0.07657756563276052,0.4997352759043354,0.574914794979671,0.013164498589255537,-0.006378600091645184,0.0754947012121024,0.0,0.4125813996585192,0.37176484210309985,0.08448958005866773,0.8692321210656702,3.607448280344865
idle,ahad,swipe_right,0.00689871609210968,-0.03957173228263855,-0.269477148540318,-0.13063643872737885,0.008226603269577026,-0.24414703715592623,0.10854144394397736,-0.1852147877216339,-0.1332144932821393,-0.12765108048915863,-0.17502674460411072,-0.0992011995986104,0.0969059020280838,-0.3934367299079895,-0.1612436668947339,-0.09204508364200592,-0.38362038135528564,-0.12966710794717073,0.6368842088814953,0.6560168483040566,0.08017733467347714,-0.019425244042367694,0.09212800950715058,-1.287912272594195,0.4100475658244594,0.38083620706758914,0.21084828922273396,0.9708336602852715,39.03290156701265
idle,ahad,swipe_right,0.024017930030822754,-0.022981375455856323,-0.2651953808963299,-0.12848997116088867,0.01226148009300232,-0.2653220407664776,0.11690396070480347,-0.18254300951957703,-0.12472900375723839,-0.12528559565544128,-0.17433574795722961,-0.12229512259364128,0.0995904803276062,-0.39069515466690063,-0.16660138592123985,-0.08995449542999268,-0.38213542103767395,-0.15404361113905907,0.5187640587488823,0.5027380856600687,0.12975053466630737,0.06504447171182359,0.1222689946492516,-0.6416667760773155,0.41160270578754854,0.38813066050645445,0.5319741110516334,1.0318753276717558,19.770883546532314
idle,ahad,swipe_right,0.03315441310405731,-0.010376662015914917,-0.26463864278048277,-0.1265791803598404,0.015378385782241821,-0.28607923816889524,0.12267743051052094,-0.1801016628742218,-0.12308895122259855,-0.12344984710216522,-0.1760295331478119,-0.13163722585886717,0.1019691675901413,-0.38971781730651855,-0.17218781542032957,-0.08808015286922455,-0.38275647163391113,-0.16657921206206083,0.27686312343134906,0.38196101333155613,0.01687085199536692,0.05790275154691729,0.09445168755271179,-0.6290059818914415,0.4174611311811409,0.39646227817002555,0.6130344519270894,0.7248446540965905,0.9511012661103825
idle,ahad,swipe_right,0.0489547997713089,-0.0035217702388763428,-0.2597748633706942,-0.12465839087963104,0.016357868909835815,-0.30168250168208033,0.128386452794075,-0.17580696940422058,-0.12222044880036265,-0.1228451281785965,-0.17604175209999084,-0.14478459919337183,0.10432924330234528,-0.3879684805870056,-0.17228548193816096,-0.08642296493053436,-0.3828507959842682,-0.17802743578795344,0.478799595977322,0.20772399324359367,0.1473872548420776,0.05820574182452592,0.029681306896787774,-0.47282616706621583,0.41966663108391494,0.3981456943850048,1.9609574830864966,2.3049686438831474,5.123580998857048
idle,ahad,swipe_right,0.06359012424945831,-0.0008377432823181152,-0.25042334116005804,-0.12508206069469452,0.01642584800720215,-0.3097149423410883,0.13155169785022736,-0.1746315360069275,-0.10092128730320837,-0.12406755983829498,-0.17664355039596558,-0.14810897326970007,0.10455657541751862,-0.38643956184387207,-0.17511653817200568,-0.0868254154920578,-0.38321954011917114,-0.18342678165936377,0.44349468115604396,0.08133415019873437,0.2833794609283697,-0.012838479244347806,0.0020599726474646416,-0.2434072926972124,0.4208666138828466,0.39501661632843243,6.2293302437280715,5.452681652058288,7.325768660938415
idle,ahad,swipe_right,0.07594336569309235,0.00456574559211731,-0.2389747255947441,-0.125999316573143,0.013727277517318726,-0.3105027431156486,0.13292808830738068,-0.17570874094963074,-0.09708662866614759,-0.12479175627231598,-0.1794091761112213,-0.1486392670776695,0.10514385998249054,-0.3870435357093811,-0.17511067329905927,-0.08693335950374603,-0.3860570788383484,-0.18349563120864332,0.37434064980709286,0.16374208710410418,0.34692774440345414,-0.02779563268025723,-0.0817748633298009,-0.023872750744251877,0.4212890777879502,0.39785564623849096,0.33990020463810744,2.2861462821272904,7.135537575090266
idle,ahad,swipe_right,0.08538222312927246,0.005456715822219849,-0.2324352083960548,-0.1268869936466217,0.01031467318534851,-0.31374917610082775,0.1343146562576294,-0.17841008305549622,-0.09476957155857235,-0.12523037195205688,-0.18302062153816223,-0.15838677866850048,0.1056775450706482,-0.38903069496154785,-0.1751183388987556,-0.08696624636650085,-0.389864444732666,-0.19050676806364208,0.2860259829145458,0.026999097881894828,0.19816718783906698,-0.02689930525692997,-0.10341225248394477,-0.09837675712663911,0.4206253482849644,0.3991458892291835,0.2601146817339119,10.593516518558372,2.3511376960581947
idle,ahad,swipe_right,0.09675727784633636,0.00645524263381958,-0.23137602704809979,-0.12744756042957306,0.009503722190856934,-0.3270948578719981,0.1348823755979538,-0.1793912649154663,-0.09205982583807781,-0.1255318969488144,-0.18400180339813232,-0.16940047341631725,0.10628359019756317,-0.38802120089530945,-0.17425187426852062,-0.08724309504032135,-0.39087140560150146,-0.20013338822172955,0.34469862778981614,0.030258388230294968,0.03209640448348548,-0.016986872210647163,-0.024574272560350885,-0.4044145991263752,0.4219429543999271,0.39870488328736076,0.6912180594917733,11.391460566433798,9.581358361266043
idle,ahad,swipe_right,0.10878698527812958,0.006277412176132202,-0.21376810874789953,-0.12798933684825897,0.009127825498580933,-0.32846863474696875,0.13532452285289764,-0.17972400784492493,-0.08565883990377188,-0.12597300112247467,-0.184105783700943,-0.17519898619502783,0.10629777610301971,-0.3879757523536682,-0.17390452232211828,-0.08774738013744354,-0.39145466685295105,-0.20046116318553686,0.36453658884221946,-0.005388801748102375,0.5335732818242515,-0.016417467232906498,-0.011390808856848542,-0.041629602271837825,0.4224590643293515,0.3962711942935104,1.4411642118658465,67.6345078871527,11.00075470655826
idle,ahad,swipe_right,0.11589846014976501,0.007440388202667236,-0.21282401483040303,-0.12831372022628784,0.0089607834815979,-0.33781529765110463,0.13591304421424866,-0.1797482967376709,-0.08552229206543416,-0.12626546621322632,-0.18421465158462524,-0.1893461177824065,0.10646560788154602,-0.38769665360450745,-0.1739408205030486,-0.08813264966011047,-0.3918749988079071,-0.20852583448868245,0.21549923853440772,0.035241697773789,0.028608906590803174,-0.009829799334208194,-0.005061879302516141,-0.2832322092162396,0.4230834528557113,0.3971576051281629,1.941543289274741,6.114720272483813,7.326522782885115
idle,ahad,swipe_right,0.12472236156463623,0.008099853992462158,-0.1989387704525143,-0.12868699431419373,0.008862495422363281,-0.34313514665700495,0.1368492841720581,-0.17989367246627808,-0.07250064448453486,-0.12665224075317383,-0.18431222438812256,-0.1908757819328457,0.1065131425857544,-0.38725411891937256,-0.17136861220933497,-0.0886276364326477,-0.3921314477920532,-0.21214563981629908,0.2673909519657951,0.01998381181196738,0.42076498114814465,-0.011311335997148021,-0.0029784260374127085,-0.16120754563334352,0.4237441982504301,0.39673221847808954,3.7964815555450486,13.379708274544523,3.6985285152426415
idle,ahad,swipe_right,0.13327255845069885,0.007744878530502319,-0.19893642235547304,-0.12902888655662537,0.008609920740127563,-0.3465454326942563,0.1376790702342987,-0.18026641011238098,-0.06636268366128206,-0.12693750858306885,-0.18466565012931824,-0.19590738881379366,0.10678640007972717,-0.3868926167488098,-0.16408488620072603,-0.08885487914085388,-0.39257144927978516,-0.21673283446580172,0.2590968753352281,-0.01075683218060106,7.11544557954318e-05,-0.010360370982776874,-0.007653778249567121,-0.10334200112882776,0.4235702458645068,0.3970578028926354,1.3534514841579839,24.08448756083421,1.7594515835112314
idle,ahad,swipe_right,0.13751456141471863,0.011382699012756348,-0.1979198521003127,-0.12926644086837769,0.008929967880249023,-0.34765887912362814,0.13820800185203552,-0.1769457459449768,-0.06399842258542776,-0.12709131836891174,-0.1844910979270935,-0.19589666184037924,0.10717782378196716,-0.3858940899372101,-0.1640741592273116,-0.08893468976020813,-0.3925691843032837,-0.21848017629235983,0.12854554436423593,0.1102369843107284,0.030805159247282856,-0.007198615507646058,0.009698398185498811,-0.033740800890055656,0.4236925260335802,0.39986834785295033,0.7421713564052279,1.1660730660849523,2.1757959394346864
idle,ahad,swipe_right,0.13991262018680573,0.011416077613830566,-0.19749534456059337,-0.12945084273815155,0.009065806865692139,-0.34765354124829173,0.13862891495227814,-0.1761549711227417,-0.06286386726424098,-0.1273408681154251,-0.1844577193260193,-0.19589132396504283,0.10736055672168732,-0.38546401262283325,-0.16229696897789836,-0.08907364308834076,-0.39260903000831604,-0.22465868620201945,0.07266844763900313,0.0010114727598248131,0.012863864839980128,-0.005587935447692885,0.004116332892215624,0.00016175379807298874,0.4220198184886289,0.3997653918309587,1.3571735863907517,71.77323728845491,1.0423259985309588
idle,ahad,swipe_right,0.14098422229290009,0.011453449726104736,-0.19621545122936368,-0.12959863245487213,0.009103178977966309,-0.34651581989601254,0.13860838115215302,-0.17604684829711914,-0.061145440209656954,-0.1275644451379776,-0.18442034721374512,-0.19579534279182553,0.10760806500911713,-0.38511064648628235,-0.1622086619026959,-0.08909417688846588,-0.39262107014656067,-0.22464513825252652,0.03247279109376858,0.0011324882507324247,0.038784646400899694,-0.004478476264260043,0.0011324882507324247,0.03447640461452088,0.42175282607191134,0.3994164643578023,3.951056626626868,28.648546707727828,1.0443030501663515
idle,ahad,swipe_right,0.14225269854068756,0.01162654161453247,-0.19620160898193717,-0.1296960860490799,0.009276270866394043,-0.34650197764858603,0.13859863579273224,-0.1757051944732666,-0.05794099858030677,-0.12765516340732574,-0.18424725532531738,-0.19578150054439902,0.10781736671924591,-0.3847161531448364,-0.16219481965526938,-0.08910204470157623,-0.392496258020401,-0.2246312960051,0.03843867417537814,0.005245208740234388,0.00041946204322757246,-0.0029531392184170883,0.005245208740234388,0.00041946204322757246,0.4218074254980124,0.3992865956766886,0.5629092101823514,7.326943337306245,1.040553492359472
idle,ahad,swipe_right,0.14263379573822021,0.011353522539138794,-0.18673712061718106,-0.12976521253585815,0.009484976530075073,-0.34591753827407956,0.1385880708694458,-0.17549648880958557,-0.05027712555602193,-0.127722829580307,-0.1842121183872223,-0.19405941711738706,0.10798579454421997,-0.38438519835472107,-0.16218991624191403,-0.08910909295082092,-0.3923344612121582,-0.22462639259174466,0.011548399925231961,-0.008273305314959923,0.28680267771988277,-0.0020947420235836196,0.006324414050940327,0.017710284075953788,0.4216910274456059,0.39801028183212667,0.3311628308778013,1.395694198563411,0.5256279260406176
idle,ahad,swipe_right,0.14279061555862427,0.010968834161758423,-0.17754422826692462,-0.1298874020576477,0.009949475526809692,-0.3439960549585521,0.13837862014770508,-0.17494133114814758,-0.04063898278400302,-0.12779346108436584,-0.1838379204273224,-0.1919827531091869,0.10810524225234985,-0.38386106491088867,-0.1554873059503734,-0.08913806080818176,-0.3918914794921875,-0.22204597992822528,0.004752115769819727,-0.011657223556980813,0.2785724954623134,-0.003702712781501498,0.014075727173776182,0.058226767137194484,0.42191051508909744,0.39696376679136686,0.26303790190658494,0.40761920086651743,1.2509881584486795
idle,ahad,swipe_right,0.142824187874794,0.010655373334884644,-0.17670369474217296,-0.13007982075214386,0.010256677865982056,-0.3434451404027641,0.13819129765033722,-0.17461594939231873,-0.03864831803366542,-0.12789656221866608,-0.18353047966957092,-0.1913265916518867,0.10817475616931915,-0.3835207223892212,-0.14772250084206462,-0.08916254341602325,-0.39161840081214905,-0.21951018599793315,0.0010173429142345107,-0.009498812935569093,0.025470712871262586,-0.005830869530186523,0.00930916179310194,0.016694380478425502,0.422537188150916,0.3967559541553063,0.626290891583293,0.10709083653904244,1.2684590545411742
idle,ahad,swipe_right,0.14277510344982147,0.010887116193771362,-0.17670437414199114,-0.13024850189685822,0.010488420724868774,-0.34344581980258226,0.13802896440029144,-0.17426738142967224,-0.0386489974334836,-0.12795178592205048,-0.1832987368106842,-0.19132727105170488,0.10838578641414642,-0.383176326751709,-0.1477231802418828,-0.08921082317829132,-0.39138665795326233,-0.21951086539775133,-0.0014874068173495244,0.007022510875355131,-2.058787327824222e-05,-0.005111549839828966,0.007022510875355131,-2.058787327824222e-05,0.4225488644647976,0.3966213960341798,0.7277770235630923,0.21177539890608005,0.5116963992357604
idle,ahad,swipe_right,0.14270928502082825,0.011001884937286377,-0.17670739721506834,-0.13042432069778442,0.010603189468383789,-0.34344884287565947,0.1378771960735321,-0.17383438348770142,-0.0386520205065608,-0.12803491950035095,-0.1831839680671692,-0.19133029412478209,0.10868600010871887,-0.3826690912246704,-0.14772620331496,-0.08926999568939209,-0.3912718892097473,-0.21951388847082853,-0.0019944978482795534,0.00347784071257621,-9.160827506672274e-05,-0.005327842452309361,0.00347784071257621,-9.160827506672274e-05,0.42256020902680597,0.3961998624285402,1.5314993966377657,0.5733225557207401,0.10763554870433975
idle,ahad,swipe_right,0.14256730675697327,0.011146783828735352,-0.1767078284174204,-0.13055509328842163,0.010748088359832764,-0.3434492740780115,0.1377335488796234,-0.17287951707839966,-0.03865245170891285,-0.12812906503677368,-0.1830349564552307,-0.19133072532713413,0.10898897051811218,-0.3820174038410187,-0.14772663451731205,-0.08932816982269287,-0.39112699031829834,-0.21951431967318058,-0.004302371631969116,0.004390875498453787,-1.30667379408172e-05,-0.003962805776885072,0.004390875498453787,-1.30667379408172e-05,0.42256728577154506,0.3956583029969967,0.9023037602683013,0.9796205820232878,0.049821779883061926
idle,ahad,swipe_right,0.1424194872379303,0.011504888534545898,-0.18722674949094653,-0.13064417243003845,0.010888874530792236,-0.3497682730667293,0.13766059279441833,-0.17145705223083496,-0.04245092673227191,-0.12815552949905396,-0.18282055854797363,-0.19656828744336963,0.10935261845588684,-0.38123819231987,-0.15274231834337115,-0.08932673931121826,-0.3909810483455658,-0.224899775814265,-0.0044793793649383976,0.010851657751834635,-0.3187551840462433,-0.0026993679277824336,0.0042662476048324575,-0.19148481783993107,0.42284596107597716,0.39563837195302354,0.6325782278782056,0.4127449208633859,5.80230181972094
idle,ahad,swipe_right,0.14211271703243256,0.012303054332733154,-0.19608250260353088,-0.13074038922786713,0.011018753051757812,-0.3552464097738266,0.13760338723659515,-0.17018663883209229,-0.050293851643800735,-0.1281701773405075,-0.1825122833251953,-0.2021961510181427,0.10961101949214935,-0.38062700629234314,-0.16263866424560547,-0.08932463824748993,-0.3908943235874176,-0.23239721357822418,-0.009296066833264923,0.024186842369310842,-0.2683561549267992,-0.0029156605402628653,0.003935712756532621,-0.1660041426393123,0.42230476034345377,0.3956878608321681,0.7406332949805872,0.3843280723980419,0.7722344503683504
idle,ahad,swipe_right,0.1420961320400238,0.012483000755310059,-0.20145356422290206,-0.1308344006538391,0.011096835136413574,-0.3552457666955888,0.1375245749950409,-0.16938549280166626,-0.05413120752200484,-0.12818676233291626,-0.1823331117630005,-0.20219550793990493,0.1098085343837738,-0.3801555633544922,-0.1626380211673677,-0.08930575847625732,-0.3908239006996155,-0.2323965704999864,-0.000502575527537954,0.005452921896269841,-0.16275944301124814,-0.0028488310900601542,0.002366123777447331,1.9487219326423923e-05,0.4223231357882188,0.3958714151985657,1.2034989962089304,0.09214938114197892,5.0312443211292575
swipe_right,ahad,swipe_right,0.14207029342651367,0.012483000755310059,-0.20145466411486268,-0.13095182180404663,0.011340141296386719,-0.35524686658754945,0.13743531703948975,-0.1686432957649231,-0.054132307413965464,-0.1282126009464264,-0.1821497678756714,-0.20219660783186555,0.10998338460922241,-0.3796183168888092,-0.16263912105932832,-0.08922234177589417,-0.39074888825416565,-0.23239767039194703,-0.0007829882881858151,0.0,-3.333005941275403e-05,-0.003558216672955146,0.0073729139385801555,-3.333005941275403e-05,0.42250309134280967,0.39532222224205876,0.48254111759273927,782.9882881858151,0.15324457033081557
swipe_right,ahad,swipe_right,0.14205999672412872,0.012483000755310059,-0.20145396376028657,-0.13104347884655,0.011498749256134033,-0.35524616623297334,0.13739199936389923,-0.1686432957649231,-0.05413160705938935,-0.12820734083652496,-0.18173819780349731,-0.20219590747728944,0.11013837158679962,-0.37910011410713196,-0.1626384207047522,-0.08912809193134308,-0.39068758487701416,-0.23239697003737092,-0.00031202128439238654,0.0,2.1222865942752773e-05,-0.0027774861364653685,0.004806301810524692,2.1222865942752773e-05,0.4226140935056679,0.3947948484712999,0.5777640443511535,312.0212843923866,0.08131164191708602
swipe_right,ahad,swipe_right,0.14325079321861267,0.012389898300170898,-0.20145466411486268,-0.13110560178756714,0.01152181625366211,-0.3432676144875586,0.13738390803337097,-0.16873639822006226,-0.054132307413965464,-0.12812629342079163,-0.1813766360282898,-0.1929174461401999,0.11023512482643127,-0.3791932165622711,-0.1542773493565619,-0.08903023600578308,-0.39075803756713867,-0.217530379537493,0.036084742257089415,-0.0028212865193684967,-2.1222865942752773e-05,-0.001882513364156092,0.0006989999250932191,0.3629864165277201,0.4235673139521554,0.39579422587066465,2.6893050937189704,12.785641007548584,10.999682886946442
swipe_right,ahad,swipe_right,0.147463858127594,0.009976357221603394,-0.19073961209505796,-0.13103654980659485,0.011564284563064575,-0.3406241936609149,0.13745296001434326,-0.16873714327812195,-0.04374612029641867,-0.1278567612171173,-0.18104323744773865,-0.18877291213721037,0.11034572124481201,-0.3791939616203308,-0.14916668366640806,-0.08872649073600769,-0.3907569646835327,-0.2150004906579852,0.12766863360549324,-0.07313760844143874,0.3246985460546848,0.002092484271887554,0.0012869184667413745,0.08010366141344474,0.42359632133679764,0.39314068923391193,1.6247024372449996,1.7455709963051331,8.573069468167363
swipe_right,ahad,swipe_right,0.15402451157569885,0.007013559341430664,-0.16379963187500834,-0.13104364275932312,0.011569440364837646,-0.333860460203141,0.13745519518852234,-0.17081952095031738,-0.03233566088601947,-0.12750479578971863,-0.18082475662231445,-0.18559022573754191,0.11034795641899109,-0.37918880581855774,-0.14897080091759562,-0.08852449059486389,-0.39075180888175964,-0.21444458095356822,0.19880768024560228,-0.0897817539446284,0.8163630369712026,-0.0002149379614627728,0.00015623641736579703,0.20496161993254366,0.4218179916896334,0.38894704337877345,1.3669731545888513,2.214319248529764,3.78437564613413
swipe_right,ahad,swipe_right,0.16386178135871887,0.003315269947052002,-0.1597707187756896,-0.1309208869934082,0.011773824691772461,-0.3120435243472457,0.13846543431282043,-0.17446154356002808,-0.030512497760355473,-0.12707561254501343,-0.18062037229537964,-0.17088768538087606,0.11047372221946716,-0.37911996245384216,-0.14480831380933523,-0.08832675218582153,-0.39054742455482483,-0.20151527877897024,0.2980990843339407,-0.11206937558723246,0.1220882757369319,0.0037198716943914333,0.00619346445257015,0.6611192683604646,0.4193961623378909,0.38643352002971915,0.6005154639071371,2.6599275925680175,13.824683846016285
swipe_right,ahad,swipe_right,0.17344564199447632,-0.002146482467651367,-0.14218487311154604,-0.13066774606704712,0.011816561222076416,-0.3090111808851361,0.14015883207321167,-0.17778509855270386,-0.011327127926051617,-0.12665247917175293,-0.18057763576507568,-0.16100860107690096,0.1107332706451416,-0.37951716780662537,-0.1268847482278943,-0.0880672037601471,-0.3905046880245209,-0.18610917497426271,0.29042001926537786,-0.16550764893040554,0.5329044140649577,0.0076709371624571095,0.0012950463728471269,0.09188919582150222,0.4228263199673135,0.38285188976276335,5.918721214894309,1.7547120415894162,17.250450304891054
swipe_right,ahad,swipe_right,0.19042594730854034,-0.0036483407020568848,-0.13043275009840727,-0.13030050694942474,0.011694550514221191,-0.30900935363024473,0.14537765085697174,-0.1780315637588501,-0.005624338053166866,-0.12620089948177338,-0.18057483434677124,-0.15546933840960264,0.11107493937015533,-0.37965646386146545,-0.1255084527656436,-0.08761562407016754,-0.3905200660228729,-0.1843392951413989,0.5145547064867899,-0.0455108555880461,0.35612493979208487,0.011128458109768981,-0.003697294177431058,5.5371360345320405e-05,0.4232507772776204,0.3843214017549895,3.009078665964623,11.305948743209232,2.7889209564647635
swipe_right,ahad,swipe_right,0.2082689255475998,-0.01134711503982544,-0.10415770346298814,-0.1303102821111679,0.010683894157409668,-0.30903432006016374,0.14944146573543549,-0.1783713698387146,0.02300805738195777,-0.126125767827034,-0.18059182167053223,-0.14837500685825944,0.11104075610637665,-0.38005369901657104,-0.0960619249381125,-0.08754049241542816,-0.3905649185180664,-0.1605269336141646,0.5406963102745228,-0.23329619205359,0.7962135344066316,-0.00029621702252011987,-0.030625950206409465,-0.0007565584823940656,0.4299817535816124,0.38139664868823375,0.009671776671322924,2.317628881492586,0.8867636742822356
swipe_right,ahad,swipe_right,0.22390411794185638,-0.0230160653591156,-0.10144086414948106,-0.1300869733095169,0.010221093893051147,-0.30904974276199937,0.1534084528684616,-0.18247327208518982,0.02834277180954814,-0.125776007771492,-0.18057885766029358,-0.14839042956009507,0.11138199269771576,-0.3814287781715393,-0.08483693981543183,-0.0872245579957962,-0.39058127999305725,-0.1587489121593535,0.4737937089168676,-0.35360455513000577,0.08232846404566929,0.006766933383363683,-0.014024250435106717,-0.00046735460107976854,0.4301977094768299,0.3760273815539366,0.48248217845902547,1.3398932851681977,0.5467897528547678
swipe_right,ahad,swipe_right,0.2390984296798706,-0.033451586961746216,-0.10139839258044958,-0.1299598515033722,0.009903162717819214,-0.3128640940412879,0.1608743667602539,-0.18502601981163025,0.02858367469161749,-0.12520527839660645,-0.18066218495368958,-0.14839610364288092,0.11200028657913208,-0.3823932409286499,-0.0804790323600173,-0.08661985397338867,-0.3907158076763153,-0.15858131553977728,0.4604336890307351,-0.31622792735244365,0.0012870172433780934,0.0038521759437792325,-0.009634278037331344,-0.11558640240268303,0.43148243367221983,0.3719567656124114,0.3997991473472995,1.4560138216500742,3.4921087526379293
swipe_right,ahad,swipe_right,0.2578967958688736,-0.05075275897979736,-0.0687636835500598,-0.1304626315832138,0.009465992450714111,-0.32612074445933104,0.16866381466388702,-0.18889689445495605,0.05549375433474779,-0.1252647191286087,-0.18087667226791382,-0.1484142942354083,0.11203087866306305,-0.3831675052642822,-0.061660791747272015,-0.0865866094827652,-0.390933632850647,-0.1536538852378726,0.5696474602728193,-0.5242779399409452,0.9889305766784808,-0.015235759995200455,-0.013247583851669806,-0.4017166793346415,0.43816638710259803,0.36307971634564346,1.1499915889712389,1.0865350806137366,8.690576292943375
swipe_right,ahad,swipe_right,0.27764439582824707,-0.0661115050315857,-0.06576346233487129,-0.13088011741638184,0.009323418140411377,-0.33623239025473595,0.17546570301055908,-0.19465750455856323,0.05931655690073967,-0.12516343593597412,-0.18072354793548584,-0.14842703565955162,0.11217087507247925,-0.3839721083641052,-0.058925237506628036,-0.08653140068054199,-0.39084988832473755,-0.15226219221949577,0.5984121199810158,-0.46541654702388996,0.09091579439965183,-0.012651085853576691,-0.004320433645537416,-0.30641350895166475,0.44266298427640327,0.35841820620753134,2.927520561756397,1.2857532420244122,2.901674390166034
swipe_right,ahad,swipe_right,0.28467535972595215,-0.09340032935142517,-0.0657777413725853,-0.13099616765975952,0.009309917688369751,-0.3415941298007965,0.177476704120636,-0.203187495470047,0.061561234295368195,-0.1250072717666626,-0.18061962723731995,-0.14844131469726562,0.1123192310333252,-0.385423481464386,-0.05042553320527077,-0.08645477890968323,-0.39085376262664795,-0.15227647125720978,0.21305951205166956,-0.826934070298168,-0.0004326981125455925,-0.0035166740417480555,-0.0004091046073220003,-0.16247695594122954,0.44492255752149856,0.3394404907542873,8.575065919673714,0.25764962655997486,4.372094839344557
swipe_right,ahad,swipe_right,0.2850558012723923,-0.11692985892295837,-0.06579376198351383,-0.13062690198421478,0.009235173463821411,-0.34161015041172504,0.17787019908428192,-0.2136717140674591,0.08311274461448193,-0.12463332712650299,-0.18060842156410217,-0.14845733530819416,0.1125524491071701,-0.38664695620536804,-0.03563226945698261,-0.08620069921016693,-0.3908659964799881,-0.1441905815154314,0.011528531710306676,-0.7130160476222105,-0.0004854730584404632,0.011189868955901051,-0.002264976501464819,-0.0004854730584404632,0.44836271016502294,0.3215811479333257,4.938210501594993,0.01616866209405841,4.9293416203293745
swipe_right,ahad,swipe_right,0.2851662188768387,-0.13642266392707825,-0.06881515868008137,-0.13051648437976837,0.009220749139785767,-0.34161858446896076,0.17798061668872833,-0.22408190369606018,0.08310431055724621,-0.1245240718126297,-0.1805863082408905,-0.1459952462464571,0.11241979897022247,-0.3883517384529114,-0.026905030012130737,-0.08621709048748016,-0.3908456712961197,-0.13233891315758228,0.0033459880135276185,-0.5906910607309067,-0.09155747565356191,0.0033459880135276185,-0.00043710072835286565,-0.00025557749199144834,0.4536667916916791,0.3083278175367249,7.6374856214176665,0.005664521729625723,0.24416129574388218
swipe_right,ahad,swipe_right,0.28535646200180054,-0.15571844577789307,-0.07147434540092945,-0.13032624125480652,0.009513914585113525,-0.34161858446896076,0.17817085981369019,-0.23235607147216797,0.08310431055724621,-0.12433382868766785,-0.18024218082427979,-0.13388781435787678,0.11219131946563721,-0.389351487159729,-0.018167058005928993,-0.08618780970573425,-0.39055250585079193,-0.1202553603798151,0.005764943180662227,-0.584720662145905,-0.08058141578327546,0.005764943180662227,0.00888380137356847,0.0,0.4593506491550351,0.29565559609841585,0.6488544806204047,0.009859294693316333,0.2919109641176648
swipe_right,ahad,swipe_right,0.28514018654823303,-0.16621766984462738,-0.09737310372292995,-0.1302902102470398,0.009974643588066101,-0.33012339659035206,0.1781938374042511,-0.23531557619571686,0.08310431055724621,-0.12429779767990112,-0.17977727949619293,-0.12463790737092495,0.11194869875907898,-0.3897133022546768,-0.01302232313901186,-0.08620546758174896,-0.39009177684783936,-0.1083743404597044,-0.00655380162325774,-0.31815830505255577,-0.7848108582424415,0.0010918487202037491,0.013961484937956873,0.34833902662450705,0.4595315540755571,0.29506040624608537,0.07819873934012775,0.020599119746553186,10.55779920752672
swipe_right,ahad,swipe_right,0.2834565043449402,-0.1767168939113617,-0.12327186204493046,-0.13019868731498718,0.010435372591018677,-0.31862820871174335,0.17817503213882446,-0.23827508091926575,0.07730603776872158,-0.12426060438156128,-0.17931237816810608,-0.11538800038397312,0.11170607805252075,-0.39007511734962463,-0.007877588272094727,-0.08622312545776367,-0.38962650299072266,-0.0964933205395937,-0.051020672827056086,-0.31815830505255577,-0.7848108582424415,0.002773422183412501,0.013961484937956873,0.34833902662450705,0.45970345101803683,0.29721335578994373,0.19863385319564295,0.1603620325315588,0.05095677161238655
swipe_right,ahad,swipe_right,0.2776973843574524,-0.1995556354522705,-0.1535628503188491,-0.12995561957359314,0.011237502098083496,-0.29459989722818136,0.17764496803283691,-0.24095773696899414,0.0722287455573678,-0.12413975596427917,-0.17853081226348877,-0.09607650246471167,0.11030590534210205,-0.39083918929100037,-0.004678013268858194,-0.08619681000709534,-0.3888567090034485,-0.07785371597856283,-0.17451878749962818,-0.6920830769972292,-0.9179087355732817,0.007365689133152736,0.024306954759539715,0.7281306510170221,0.45713140152250176,0.29457766364665716,0.30301558506324167,0.2521641420458903,11.513947130806585
swipe_right,ahad,swipe_right,0.26776425540447235,-0.21385914087295532,-0.21572054829448462,-0.12965746223926544,0.013453781604766846,-0.27108012046664953,0.1774268001317978,-0.2430017590522766,0.03992647025734186,-0.12402541935443878,-0.17630958557128906,-0.09069545473903418,0.11008040606975555,-0.3903760612010956,0.002758668502792716,-0.08608637750148773,-0.3865477740764618,-0.07647199835628271,-0.3010039076660626,-0.4334395582025712,-1.8835666053222935,0.009035070737202985,0.06715998505101076,0.7127205079252087,0.4469586168360032,0.32211114180589345,0.1345285619372703,0.694452565570448,1.3809146269071482
swipe_right,ahad,swipe_right,0.23126351833343506,-0.2278592884540558,-0.38184613175690174,-0.12968188524246216,0.014940351247787476,-0.2327116597443819,0.1691024899482727,-0.2438783347606659,-0.05926023982465267,-0.12404167652130127,-0.1748916208744049,-0.07117124833166599,0.10931754112243652,-0.38921934366226196,0.002776591805741191,-0.08616915345191956,-0.38477492332458496,-0.05585424043238163,-1.1060829415465874,-0.4242468963969848,-5.034108589770228,-0.0007400910059611021,0.0450475649400192,1.1626806279475068,0.4392541466167889,0.434560154933107,0.01642873656345126,2.6071618762054714,13.654823280632387
swipe_right,ahad,swipe_right,0.19067777693271637,-0.24509009718894958,-0.4923972934484482,-0.12977252900600433,0.01605209708213806,-0.15060177445411682,0.15831227600574493,-0.24866095185279846,-0.12168324738740921,-0.1240890771150589,-0.17387530207633972,-0.03703627362847328,0.10658891499042511,-0.38916462659835815,0.002846822841092944,-0.08625979721546173,-0.38341134786605835,-0.030847933143377304,-1.229870951536933,-0.5221457192392073,-3.350035202774143,-0.002746780713399258,0.0336892677075936,2.488178342129251,0.4192915264901429,0.5225850566622632,0.08153039142458784,2.3554125808334363,40.16811809981927
swipe_right,ahad,swipe_right,0.15098774433135986,-0.2714967429637909,-0.58635618025437,-0.12997078895568848,0.017590373754501343,-0.10508800530806184,0.14811694622039795,-0.2547660768032074,-0.1791820847429335,-0.12427541613578796,-0.1728055775165558,-0.02697830507531762,0.10326188802719116,-0.3892221450805664,-0.0002291710115969181,-0.08645805716514587,-0.38209253549575806,-0.026907112915068865,-1.2027282606471699,-0.8002013871164053,-2.8472389941188494,-0.006007877263155865,0.04661444461706924,1.379205125638033,0.4095754359211396,0.5997348569387979,0.12888168958826046,1.5030300834033992,33.607676681143154
swipe_right,ahad,swipe_right,0.12954376637935638,-0.2797592580318451,-0.7443170475307852,-0.13003619015216827,0.01775708794593811,-0.09104885184206069,0.13314150273799896,-0.25754913687705994,-0.28232561820186675,-0.1243240088224411,-0.17264804244041443,-0.008105952525511384,0.10321329534053802,-0.38910168409347534,-0.001975449617020786,-0.08650664985179901,-0.3819258213043213,-0.024564147228375077,-0.649817513697068,-0.25037924448648813,-4.7866929477701055,-0.0019818544387817166,0.005051945195053508,0.42542889290912117,0.4075063984443454,0.750812964615909,0.3922176794479818,2.5953226263110216,28.92999613132403
swipe_right,ahad,swipe_right,0.10935951769351959,-0.2887219786643982,-0.7442167731351219,-0.130044087767601,0.018535256385803223,-0.07744989864295349,0.1193467527627945,-0.2740926742553711,-0.29478764854138717,-0.12393815815448761,-0.17312252521514893,0.021079075115267187,0.10313470661640167,-0.38839972019195557,-0.0018751752213574946,-0.08636657893657684,-0.3811476528644562,-0.018129633215721697,-0.6116438995708134,-0.2715975949258522,0.0030386180504027717,-0.0002393216797799781,0.02358086181409437,0.4120894908820374,0.40641487007095656,0.7490296712561803,0.010148548985090764,2.252014226133222,0.69386450431661
swipe_right,ahad,swipe_right,0.07922735810279846,-0.29147884249687195,-0.744254341116175,-0.13035044074058533,0.018798738718032837,-0.0694655457045883,0.11074689030647278,-0.27918270230293274,-0.2989467883016914,-0.1239217221736908,-0.17539766430854797,0.027430379996076226,0.10270830988883972,-0.38825711607933044,-0.04281421913765371,-0.08651503920555115,-0.38088417053222656,-0.015715591376647353,-0.9130957451733699,-0.08354132825678066,-0.0011384236682770857,-0.009283423423767112,0.007984313097867119,0.24195008904137003,0.405656292894298,0.708474159059893,1.1625622326877478,10.929737825438915,5.184605325835053
idle,ahad,swipe_right,0.03674650192260742,-0.29575249552726746,-0.7441681902855635,-0.1304876208305359,0.01898333430290222,-0.06937939487397671,0.10642600059509277,-0.2858021557331085,-0.3154794555157423,-0.12294286489486694,-0.17714735865592957,0.03555596061050892,0.10224437713623047,-0.3907746374607086,-0.06671990267932415,-0.0861959159374237,-0.38110411167144775,-0.01478263083845377,-1.2872986721270043,-0.12950463728471268,0.002610631230654145,-0.004156972422744299,0.0055938056021025825,0.002610631230654145,0.40621733861538645,0.6872083828765073,0.7430056946361224,9.940097582755664,7.254736022602756
idle,ahad,swipe_right,0.004273861646652222,-0.2981136441230774,-0.6829414898529649,-0.1305382251739502,0.019064664840698242,-0.06929454300552607,0.10250252485275269,-0.2858315706253052,-0.31539460364729166,-0.12251830101013184,-0.17706602811813354,0.03564081247895956,0.102192223072052,-0.39224687218666077,-0.08186086360365152,-0.08610084652900696,-0.38115406036376953,-0.014697778970003128,-0.9840194023016752,-0.07154995744878613,1.8553545585635982,-0.0015334649519486898,0.002464561751394567,0.0025712687409285406,0.406362541664797,0.6162361474160475,0.6219535775493491,13.752707683974803,0.1237481221425331
idle,ahad,swipe_right,-0.03493607044219971,-0.30387383699417114,-0.6571790482848883,-0.1309153139591217,0.019106388092041016,-0.06937321089208126,0.08642652630805969,-0.2859998941421509,-0.3153555002063513,-0.12154728174209595,-0.17702430486679077,0.03567991591989994,0.1017327606678009,-0.39437687397003174,-0.10798787139356136,-0.08625274896621704,-0.38111576437950134,-0.014658675529062748,-1.1881797602682431,-0.17455129912405346,0.780680047517475,-0.011426932883985143,0.0012643409497810163,-0.0023838753501574258,0.40640644239565266,0.573131850339962,9.030714516876042,6.80701294815836,0.33726971963357744
idle,ahad,swipe_right,-0.058341652154922485,-0.30385908484458923,-0.6532380115240812,-0.13088414072990417,0.019472330808639526,-0.06936935894191265,0.07354459166526794,-0.28598514199256897,-0.2987328302115202,-0.12154427170753479,-0.17700955271720886,0.03568376787006855,0.10150185227394104,-0.395211398601532,-0.11473500542342663,-0.08629116415977478,-0.381176620721817,-0.014654823578894138,-0.7092600519006824,0.00044703483581542475,0.11942535638809074,0.0009446433096220896,0.011089173230257779,0.0001167257626851387,0.40681911988232466,0.5691051561146575,0.0851784088498077,1583.0466633466724,0.4846933774429685
idle,ahad,swipe_right,-0.09882763028144836,-0.30385908484458923,-0.5126766664907336,-0.13103771209716797,0.02047714591026306,-0.08123424928635359,0.05315485596656799,-0.28598514199256897,-0.29162127804011106,-0.12150916457176208,-0.17562076449394226,0.032614887692034245,0.10089746117591858,-0.3953760862350464,-0.13857934903353453,-0.08635172247886658,-0.38145890831947327,-0.01654744427651167,-1.2268478220159387,0.0,4.259434697980241,-0.0046536777958725555,0.030448942473440533,-0.35954213164972626,0.4095531859237794,0.43383669350324316,0.1528304298089118,1226847.8220159388,10.91584957216107
idle,ahad,swipe_right,-0.12920288741588593,-0.30282631516456604,-0.42626799177378416,-0.13027794659137726,0.02298632264137268,-0.09801800083369017,0.03190363943576813,-0.2847423255443573,-0.2752310140058398,-0.11978386342525482,-0.17400851845741272,0.02753762435168028,0.1004800945520401,-0.39437615871429443,-0.1511686099693179,-0.08581681549549103,-0.380827397108078,-0.023419023491442204,-0.9204623374072011,0.031296050909793816,2.6184446883924144,0.0230231971451731,0.07603565851847349,-0.5085985317374734,0.4130463894730502,0.36988554436319604,0.30279075374649056,29.410513471707326,4.797264342622248
idle,ahad,swipe_right,-0.14265979826450348,-0.29822733998298645,-0.39347011875361204,-0.1302659660577774,0.024431437253952026,-0.12521038483828306,0.024385854601860046,-0.28345784544944763,-0.271183799020946,-0.11859159171581268,-0.17374905943870544,0.010645083151757717,0.10046045482158661,-0.3943827748298645,-0.1607465548440814,-0.08556430041790009,-0.38123857975006104,-0.036390832625329494,-0.40778517723083596,0.13936288429029095,0.9938749400052181,0.0003630464727228347,0.043791351896343915,-0.8240116365028171,0.41767848216340425,0.3500194027621756,0.008290179837387182,2.926046294615549,9.632293994651898
idle,ahad,swipe_right,-0.1585889607667923,-0.29536449909210205,-0.3934080107137561,-0.13030241429805756,0.0246657133102417,-0.1518104923889041,0.015672758221626282,-0.28274667263031006,-0.26856387685984373,-0.11866487562656403,-0.17260605096817017,-0.004875853657722473,0.10036773979663849,-0.3943425714969635,-0.1607465548440814,-0.08563785254955292,-0.3813350200653076,-0.04924286436289549,-0.48270189400875324,0.08675275426922444,0.0018820618138168843,-0.0011044921297015593,0.007099274433020407,-0.8060638651703363,0.4211313772405845,0.36192068831593055,0.155556259144721,5.564046168086007,1.2385693018365749
idle,ahad,swipe_right,-0.1630658656358719,-0.2934698462486267,-0.38772418536245823,-0.12932007014751434,0.025109291076660156,-0.17318805493414402,0.014869078993797302,-0.2818024754524231,-0.2667334917932749,-0.11838193237781525,-0.1689029335975647,-0.0161032322794199,0.1002974659204483,-0.3939499855041504,-0.16109752096235752,-0.085637167096138,-0.38090741634368896,-0.050530923530459404,-0.13566378391150125,0.057413722529555185,0.17223713185750888,0.029768004561915216,0.013441750497528854,-0.6478049256133239,0.4263830843357157,0.361685150110382,2.214428108844793,2.3628745021221005,4.889901702823926
idle,ahad,swipe_right,-0.16721610724925995,-0.29004740715026855,-0.383319896645844,-0.1281861513853073,0.025127112865447998,-0.17318318504840136,0.014805838465690613,-0.28103339672088623,-0.25884027499705553,-0.11823703348636627,-0.1628093719482422,-0.018264484591782093,0.10023422539234161,-0.3941108286380768,-0.16109265107661486,-0.08567894995212555,-0.3808954358100891,-0.051443845964968204,-0.12576489737539612,0.10371027570782311,0.1334632944428563,0.034361174612334365,0.000540054205692177,0.000147572295232253,0.4260066183607141,0.36296532175283497,63.50782278528952,1.212644396832055,19.63930932180455
idle,ahad,swipe_right,-0.16719882190227509,-0.279302179813385,-0.38774407748132944,-0.12729774415493011,0.025168955326080322,-0.17320794705301523,0.014823123812675476,-0.27859997749328613,-0.25116718653589487,-0.11728067696094513,-0.16218924522399902,-0.01828924659639597,0.10025151073932648,-0.3941805958747864,-0.16111741308122873,-0.08562822639942169,-0.3808535933494568,-0.05146860796958208,0.0005237983934807068,0.32561294960253245,-0.1340660859238021,0.0269214312235515,0.0012679533524946765,-0.0007503637761780729,0.425923849324532,0.368898869507614,21.215461679994608,0.0016086485057537996,0.2281516500786342
idle,ahad,swipe_right,-0.16718393564224243,-0.2648793160915375,-0.387759474106133,-0.12676912546157837,0.025185972452163696,-0.17322334367781878,0.015220671892166138,-0.2706073224544525,-0.24228268582373857,-0.11694678664207458,-0.16217222809791565,-0.018304643221199512,0.10026639699935913,-0.39471933245658875,-0.1588647337630391,-0.08560913801193237,-0.38070714473724365,-0.051484004594385624,0.00045109878886829836,0.4370564764196233,-0.0004665643879861554,0.01601874828338627,0.0005156704873749717,-0.0004665643879861554,0.42575090584643516,0.37520782566001004,31.003799664989806,0.0010321269242748153,0.33128151827204766
idle,ahad,swipe_right,-0.1671750694513321,-0.2528376281261444,-0.383370041847229,-0.12665961682796478,0.02544066309928894,-0.17007292807102203,0.015229538083076477,-0.2634502351284027,-0.23022863268852234,-0.11676909029483795,-0.1619175374507904,-0.018314629793167114,0.1002226322889328,-0.39533287286758423,-0.15605181455612183,-0.08560027182102203,-0.3803871273994446,-0.051493991166353226,0.000268672451828466,0.3648996353149423,0.1330130987546664,0.0033184434428359605,0.00771789839773469,0.0954671395999015,0.4247858632663339,0.3787875422036342,0.4299115329474791,0.0007362893506517942,2.940556688291113
idle,ahad,swipe_right,-0.16298171877861023,-0.24313005805015564,-0.38085574097931385,-0.1265648603439331,0.025518327951431274,-0.16694827564060688,0.017291903495788574,-0.25395700335502625,-0.22141272015869617,-0.11638617515563965,-0.16173270344734192,-0.009322534315288067,0.10016807913780212,-0.3959389626979828,-0.15493576414883137,-0.08550551533699036,-0.3800831437110901,-0.04766274057328701,0.12707123250672342,0.29416879018147857,0.07619093539136848,0.0028714086070205295,0.0023534803679495205,0.09468643728530791,0.42476753937124134,0.3789963237476099,1.2195508809959599,0.4319656088014032,0.16482819908253052
idle,ahad,swipe_right,-0.15953321754932404,-0.2341621220111847,-0.36283296160399914,-0.12625126540660858,0.02329680323600769,-0.15971910767257214,0.018956050276756287,-0.24322912096977234,-0.19587416760623455,-0.11511541903018951,-0.16385969519615173,0.008659319020807743,0.10025660693645477,-0.3956005573272705,-0.1427696030586958,-0.08519192039966583,-0.37907692790031433,-0.035602470859885216,0.10450003725109563,0.27175563754457116,0.5461448295549853,0.009502876888621833,-0.0673189307704109,0.21906569600105044,0.4230785138182471,0.3768036664868012,0.1411599325767374,0.38453536294566665,4.324787212086315
idle,ahad,swipe_right,-0.1563039869070053,-0.2261751890182495,-0.3188364189118147,-0.1260785609483719,0.0189172625541687,-0.14643528871238232,0.020491108298301697,-0.2353230118751526,-0.17198276333510876,-0.11442075669765472,-0.1652190089225769,0.02012947015464306,0.10019035637378693,-0.3959416151046753,-0.13091307692229748,-0.0855160504579544,-0.3788447678089142,-0.023122312501072884,0.09785547400965991,0.24202827251319114,1.333228566429853,0.005233468431415063,-0.132713353995123,0.402539968490607,0.41840893890778463,0.3604513421055771,0.03943407984043221,0.40431255688018714,5.903841265855267
idle,ahad,swipe_right,-0.1543724238872528,-0.21817678213119507,-0.31468841060996056,-0.12614044547080994,0.015912115573883057,-0.14015969261527061,0.02124074101448059,-0.23142755031585693,-0.1667303703725338,-0.11429181694984436,-0.1676998734474182,0.0222755316644907,0.09994158148765564,-0.3964395523071289,-0.11874095723032951,-0.08588600158691406,-0.37867408990859985,-0.014796347357332706,0.05853221271977216,0.2423759662743744,0.1256972212683057,-0.0018752885587287466,-0.0910650600086549,0.1901695787003525,0.4159743527475305,0.3672174193125776,0.020592617694786833,0.24149247191052306,6.5615890702836
idle,ahad,swipe_right,-0.15254351496696472,-0.21113282442092896,-0.30772452522069216,-0.12606850266456604,0.014322876930236816,-0.13845900166779757,0.022025734186172485,-0.22798126935958862,-0.16568100918084383,-0.11382979154586792,-0.167827308177948,0.023206875659525394,0.09951028227806091,-0.3966573476791382,-0.11760047543793917,-0.08581405878067017,-0.37822332978248596,-0.013330602087080479,0.055421482432971694,0.21345326394745565,0.21102682997782793,0.002180085037693809,-0.048158746777158264,0.05153608931736456,0.41396867156655826,0.3661934184848453,0.04526778447946084,0.25964101821181873,4.399332338173301
idle,ahad,swipe_right,-0.15035688877105713,-0.20363372564315796,-0.3059326009824872,-0.12578973174095154,0.010839700698852539,-0.13043775130063295,0.02303674817085266,-0.22653043270111084,-0.1631723688915372,-0.11283621191978455,-0.16982698440551758,0.02855049166828394,0.09912779927253723,-0.3973209857940674,-0.11240710038691759,-0.08553528785705566,-0.3778780400753021,-0.0010933366720564663,0.06626139987598871,0.2272454175082156,0.05430073449106014,0.008447603745894133,-0.10555079489043433,0.24306819294438606,0.411645332586893,0.3704179851110654,0.08003278158048358,0.2915839140724547,6.061944980676495
idle,ahad,swipe_right,-0.1495896875858307,-0.1983151137828827,-0.28371735382825136,-0.12578973174095154,0.006074696779251099,-0.13043775130063295,0.02596011757850647,-0.22476133704185486,-0.1608074950054288,-0.11156219244003296,-0.17132166028022766,0.02855049166828394,0.09858915209770203,-0.3984987735748291,-0.1091944919899106,-0.08553528785705566,-0.37833765149116516,-8.291790436487645e-05,0.023248520764437335,0.16117005637197607,0.673189307704109,0.0,-0.14439405816973902,0.0,0.4079039793198227,0.36348928927632373,0.0,0.14424749261915068,7.46355131858196
idle,ahad,swipe_right,-0.14388953149318695,-0.193593829870224,-0.28371735382825136,-0.12518148124217987,0.00569567084312439,-0.13043775130063295,0.031360968947410583,-0.22226384282112122,-0.1608074950054288,-0.11156289279460907,-0.17169079184532166,0.02855049166828394,0.09832052886486053,-0.3991066813468933,-0.1091944919899106,-0.08558778464794159,-0.37818506360054016,-8.291790436487645e-05,0.17273200280738873,0.14306920947450807,0.0,0.01843183329611143,-0.011485634428082274,0.0,0.4073382644397316,0.3624354766920108,1.6046330551836563,1.2073233375545294,4.066072934590631
idle,ahad,swipe_right,-0.13618658483028412,-0.18450483679771423,-0.2837216956540942,-0.12463392317295074,0.0049630701541900635,-0.1304420931264758,0.03666304051876068,-0.2215465009212494,-0.16081183683127165,-0.11176370084285736,-0.1721126139163971,0.028546149842441082,0.09782426059246063,-0.39952850341796875,-0.10919883381575346,-0.08578859269618988,-0.3782312273979187,-8.725973020773381e-05,0.2334226261485681,0.2754240325002929,-0.00013157048008658525,0.016592668764518786,-0.022200020876797517,-0.00013157048008658525,0.4066192469203489,0.3625665211882237,0.7473831431715796,0.8474996772427353,0.3294511030907925
idle,ahad,swipe_right,-0.13104528188705444,-0.17436328530311584,-0.28373937401920557,-0.12442731857299805,0.004205256700515747,-0.15768127236515284,0.04263457655906677,-0.2170010507106781,-0.160829515196383,-0.1123126745223999,-0.17235919833183289,0.02449821960180998,0.09727528691291809,-0.39977508783340454,-0.10921651218086481,-0.08633756637573242,-0.3780551254749298,-0.00010493809531908482,0.15579705888574602,0.30731974226055386,-0.0005357080336772976,0.006260745453111984,-0.02296404405073661,-0.8254296738992947,0.4152157633391165,0.3652382676573492,0.27262065943701813,0.5069526311167685,25.01100385705466
idle,ahad,swipe_right,-0.12372146546840668,-0.15961343050003052,-0.28738431353121996,-0.1249629408121109,-0.000972449779510498,-0.1988219292834401,0.04870237410068512,-0.215218186378479,-0.16208757180720568,-0.11287461221218109,-0.17062139511108398,-0.0013470541452988982,0.09673966467380524,-0.40169599652290344,-0.11619734484702349,-0.08748380839824677,-0.37964120507240295,-0.006739506497979164,0.22193383086811766,0.4469652970631989,-0.11045271248528628,-0.016230976942814015,-0.15690019636443417,-1.2466865732814525,0.42625153224908996,0.3694753806724935,0.10344712034645262,0.49653370360659943,13.412374045940476
idle,ahad,swipe_right,-0.1101895123720169,-0.138788104057312,-0.3075583893805742,-0.12558840215206146,-0.002675652503967285,-0.19885839708149433,0.05597160756587982,-0.20984399318695068,-0.17100835032761097,-0.11554811894893646,-0.17217105627059937,-0.015425218269228935,0.09611420333385468,-0.4027998745441437,-0.13837982900440693,-0.08912144601345062,-0.38081881403923035,-0.02986961044371128,0.41005918473907943,0.6310704982641903,-0.6113356317986074,-0.018953373937895597,-0.051612203771417224,-0.0011050847895217543,0.4157875653686743,0.3753462712757289,0.367219481701536,0.6497824507476223,37.87959050426501
idle,ahad,swipe_right,-0.10354629158973694,-0.11554357409477234,-0.31546635553240776,-0.12661388516426086,-0.011517912149429321,-0.19884058460593224,0.060098230838775635,-0.2030695378780365,-0.17188289389014244,-0.11851248145103455,-0.17553159594535828,-0.01540740579366684,0.09520632028579712,-0.4046993851661682,-0.14171893522143364,-0.09108346700668335,-0.38417935371398926,-0.03239697962999344,0.20130972067515376,0.7043796958345467,-0.23963533793435335,-0.031075242793921765,-0.26794726198370233,0.0005397719867301795,0.4096857750530455,0.39153780132756244,0.11597478768424288,0.2857967599987149,6.566080204132409
idle,ahad,swipe_right,-0.08285129070281982,-0.10245406627655029,-0.3197787534445524,-0.12989100813865662,-0.01541215181350708,-0.20395333878695965,0.07112720608711243,-0.20302975177764893,-0.17422285489737988,-0.12191727757453918,-0.17942583560943604,-0.01641416735947132,0.09517040848731995,-0.4073467552661896,-0.15144923143088818,-0.0916108787059784,-0.388073593378067,-0.0337535385042429,0.6271212389974814,0.3966517520673304,-0.13067872461044283,-0.09930675679987018,-0.11800726254780958,-0.15493194487961687,0.4114728306396853,0.3911343824866668,0.8415237599116188,1.581033374227112,6.864087728803625
idle,ahad,swipe_right,-0.06901761889457703,-0.08678555488586426,-0.3216237258166075,-0.13157135248184204,-0.01541215181350708,-0.20439655892550945,0.07853958010673523,-0.19921857118606567,-0.17799690179526806,-0.12462222576141357,-0.1792694330215454,-0.018299715593457222,0.0953805148601532,-0.40655946731567383,-0.15514780394732952,-0.09177985787391663,-0.38802534341812134,-0.035785334184765816,0.41920217600735293,0.4748033754753292,-0.055908253698637375,-0.05091952555107292,0.0,-0.013430913289387874,0.410918116793946,0.396227629040343,50919.52555107292,0.8828945091074348,5.772673991884111
idle,ahad,swipe_right,-0.04621309041976929,-0.08196288347244263,-0.3216237258166075,-0.13171550631523132,-0.01541215181350708,-0.20439655892550945,0.08808133006095886,-0.19812822341918945,-0.17799690179526806,-0.125436931848526,-0.1792694330215454,-0.02057008631527424,0.09539994597434998,-0.40614625811576843,-0.1582746785134077,-0.09201595187187195,-0.388073593378067,-0.03686428628861904,0.6910463174184274,0.146141557982476,0.0,-0.00436829798149347,0.0,0.0,0.41051147003081234,0.38965628921751033,4368.297981493471,4.72857685645061,1.4681829815243552
idle,ahad,swipe_right,-0.028715163469314575,-0.0703769326210022,-0.3216237258166075,-0.13175344467163086,-0.011095285415649414,-0.20439655892550945,0.10137739777565002,-0.1969267725944519,-0.17799690179526806,-0.12716874480247498,-0.17963969707489014,-0.027079520747065544,0.09540179371833801,-0.4057188332080841,-0.16225668601691723,-0.0930812656879425,-0.3880825638771057,-0.06118353642523289,0.530240210619834,0.35108941974061525,0.0,-0.0011496471636222945,0.13081413326841268,0.0,0.40512333352053015,0.39148060325563255,0.008788334613116925,1.5102668167692361,3.965264374194633
idle,ahad,swipe_right,-0.008467093110084534,-0.05508437752723694,-0.321470501832664,-0.13208921253681183,-0.0005883872509002686,-0.2452848283573985,0.10552053153514862,-0.18886837363243103,-0.17456485610455275,-0.12878872454166412,-0.17550161480903625,-0.08394237142056227,0.09555469453334808,-0.40040352940559387,-0.19544461648911238,-0.09462104737758636,-0.38395655155181885,-0.1315458593890071,0.6135778896736473,0.4634107604171364,0.004643151028589843,-0.010174783793362866,0.31839085347725193,-1.2390384676330215,0.4016361112522725,0.3820319001538342,0.0319567968911297,1.3240447094422898,37.97542585780519
idle,ahad,swipe_right,0.012081295251846313,-0.03140908479690552,-0.32123922277241945,-0.13222235441207886,0.00574880838394165,-0.24592361319810152,0.11069801449775696,-0.18688446283340454,-0.1741361664608121,-0.12874332070350647,-0.1735331416130066,-0.09183450508862734,0.09644356369972229,-0.397636353969574,-0.19542815256863832,-0.09466773271560669,-0.3819914758205414,-0.1463576154783368,0.6226784352100189,0.7174331130403382,0.007008456371047203,-0.00403460228081901,0.19203623135884393,-0.0193571163849395,0.40207743720292316,0.39631784013486243,0.021009479527852003,0.8679242091949542,37.15830911903642
idle,ahad,swipe_right,0.03071598708629608,-0.02138844132423401,-0.31968624237924814,-0.12955744564533234,0.013689130544662476,-0.261804380454123,0.11891059577465057,-0.18421801924705505,-0.1702645355835557,-0.12646381556987762,-0.17227157950401306,-0.1007408807054162,0.09951929748058319,-0.39599668979644775,-0.19542232993990183,-0.09211133420467377,-0.38094913959503174,-0.1526858890429139,0.5646876313469716,0.30365586280823237,0.047060011914282884,0.08075481111353222,0.24061582305215004,-0.48123537139459854,0.4111549837819488,0.4006329433276375,0.3356158147596764,1.859624136680841,14.30613550665023
idle,ahad,swipe_right,0.03773877024650574,-0.004204839468002319,-0.30472218804061413,-0.12733221054077148,0.018091589212417603,-0.26371380500495434,0.12394198775291443,-0.1801261007785797,-0.14873780123889446,-0.12482887506484985,-0.17227157950401306,-0.10536637715995312,0.10220900177955627,-0.3940512239933014,-0.19543522410094738,-0.09000334143638611,-0.3810126781463623,-0.15852236561477184,0.2128116109154418,0.5207152077645909,0.45345619207981364,0.06743136680487356,0.13340783841682055,-0.057861350025190814,0.41441874910961646,0.4099759197422728,0.5054490212574374,0.4086901996560306,13.240608297523307
idle,ahad,swipe_right,0.05422624945640564,0.005789667367935181,-0.2781946512404829,-0.12695404887199402,0.01856192946434021,-0.28976680361665785,0.12892183661460876,-0.17784908413887024,-0.12217165553011,-0.12527546286582947,-0.1724294126033783,-0.1324778499547392,0.1036275327205658,-0.3924883306026459,-0.1902098509017378,-0.0898907482624054,-0.38120269775390625,-0.1732295306865126,0.4996205821181734,0.30286384351325424,0.8038647515191185,0.01145944450840793,0.014252734906745524,-0.7894848064152493,0.4180506923915035,0.4108615040938355,0.8039608273467184,1.6496486562208355,22.5264598364309
idle,ahad,swipe_right,0.06899462640285492,0.009498000144958496,-0.2778157809516415,-0.12665344774723053,0.016111314296722412,-0.2965741673251614,0.13219361007213593,-0.17510735988616943,-0.11399487347807735,-0.12551160156726837,-0.17534375190734863,-0.13263123424258083,0.10504238307476044,-0.3914048969745636,-0.18917923362459987,-0.08990903198719025,-0.38393422961235046,-0.17532839567866176,0.44752657413483377,0.11237372051585984,0.01148091784367977,0.009109124992833138,-0.074261065685389,-0.20628374874253494,0.41962736616337093,0.41216381597850377,0.12266188542914921,3.982448829064476,17.87528703700579
idle,ahad,swipe_right,0.08252160251140594,0.005980163812637329,-0.2626907433150336,-0.1267126053571701,0.012593477964401245,-0.29678218613844365,0.13463644683361053,-0.17569568753242493,-0.10441236745100468,-0.12578003108501434,-0.17975470423698425,-0.1359253282425925,0.10696791112422943,-0.3914945721626282,-0.18641023884993047,-0.09011049568653107,-0.3881213068962097,-0.17670059751253575,0.40990836692578414,-0.10660110097942813,0.45833447383659753,-0.001792654846653774,-0.10660110097942813,-0.0063036004024923965,0.4199186125490855,0.4054657853689397,0.016816318160555926,3.8452184634230377,6.14761679854382
idle,ahad,swipe_right,0.0900983065366745,0.0057833194732666016,-0.25882058339834657,-0.12718667089939117,0.012396633625030518,-0.32716139155149904,0.13751749694347382,-0.17589253187179565,-0.10102980333090272,-0.1259332150220871,-0.18044495582580566,-0.1628282119584128,0.10918579995632172,-0.38855546712875366,-0.1864160795760199,-0.0902501791715622,-0.38902175426483154,-0.2015368242812201,0.22959709167480835,-0.0059649799809312325,0.11727757323294259,-0.014365622491547785,-0.0059649799809312325,-0.9205819822138143,0.4222351932976461,0.4013848816255491,2.407923348295488,38.484388551194975,27.87534016580923
idle,ahad,swipe_right,0.10617534816265106,0.005781710147857666,-0.2475386046571657,-0.1272510439157486,0.012098491191864014,-0.3325206869048998,0.14044634997844696,-0.1758941411972046,-0.09409108094405383,-0.1260174661874771,-0.18077826499938965,-0.1648275189800188,0.11022500693798065,-0.38723745942115784,-0.186396621982567,-0.0902501791715622,-0.3898385763168335,-0.20748183957766742,0.487183079575042,-4.876743663440997e-05,0.34187814367214364,-0.001950697465376399,-0.009034619186863655,-0.1624028894969903,0.4225602721153892,0.3977672804923704,0.21588973871457545,9789.193748391615,22.978392247225628
idle,ahad,swipe_right,0.11563162505626678,0.005934864282608032,-0.23312022723257542,-0.12797461450099945,0.011663883924484253,-0.3417471591383219,0.14123766124248505,-0.17614325881004333,-0.08578095026314259,-0.12644319236278534,-0.18147620558738708,-0.1767153237015009,0.11048416793346405,-0.38733020424842834,-0.18646442331373692,-0.09053580462932587,-0.39110398292541504,-0.2178629133850336,0.28655384526107935,0.004641034386374683,0.4369205280178828,-0.021926381371237775,-0.013169917193325938,-0.27959006767945455,0.42304955430455976,0.3960564031559961,1.6647573627103562,61.73022890613937,3.604527732193998
idle,ahad,swipe_right,0.12373490631580353,0.0057756900787353516,-0.2288947517517954,-0.12873463332653046,0.011309981346130371,-0.3619153166655451,0.14120210707187653,-0.17906349897384644,-0.07763602235354483,-0.12704069912433624,-0.18266761302947998,-0.1994453037623316,0.11073876917362213,-0.38744258880615234,-0.1865588987711817,-0.09101946651935577,-0.3926003575325012,-0.23697912343777716,0.2455539775617234,-0.004823460723414642,0.12804471153879007,-0.02303087350093994,-0.010724320556178408,-0.6111562887037439,0.42447031467299356,0.3957042315636868,2.1473366115544974,50.89770476728556,10.047790293378597
idle,ahad,swipe_right,0.13031809031963348,0.005815416574478149,-0.2289487870875746,-0.12915249168872833,0.011282891035079956,-0.3676320018712431,0.14113472402095795,-0.1812550127506256,-0.07682094746269286,-0.12748633325099945,-0.1829865276813507,-0.2043772938195616,0.11123482882976532,-0.38734233379364014,-0.18939252221025527,-0.09113986790180206,-0.3935014605522156,-0.23815244459547102,0.19949042435848133,0.0012038332043271943,-0.001637434417551196,-0.012662374612056708,-0.0008209185166792346,-0.17323288502115003,0.4266852312998935,0.3956031921441673,15.405875832091006,165.57513823656714,13.277517145748872
idle,ahad,swipe_right,0.13648287951946259,0.00986906886100769,-0.22561180964112282,-0.1294683963060379,0.011232107877731323,-0.3690500296652317,0.14144043624401093,-0.1813550889492035,-0.07434950396418571,-0.12787459790706635,-0.1841960847377777,-0.20710032060742378,0.11194716393947601,-0.3872407078742981,-0.19275908544659615,-0.09090940654277802,-0.394785076379776,-0.24441932514309883,0.18681179393421818,0.12283794807665471,0.10112052868035867,-0.009572867191199253,-0.0015388835560192007,-0.042970539211776,0.42646167719226663,0.39922108862732697,6.2166175836998745,1.52078633738904,3.9485138334319205
idle,ahad,swipe_right,0.13961540162563324,0.010442942380905151,-0.22532017156481743,-0.129560187458992,0.011107295751571655,-0.3743160031735897,0.1420702189207077,-0.18140187859535217,-0.07377361133694649,-0.1281329244375229,-0.18494120240211487,-0.20876779779791832,0.1125718206167221,-0.387040913105011,-0.1927456371486187,-0.09055547416210175,-0.39564886689186096,-0.24971884116530418,0.0949249123082006,0.01739010666355923,0.008837517463799582,-0.0027815500895181987,-0.003782185641202018,-0.15957495479872558,0.4271959694195419,0.3997322490595002,0.7352401793940058,5.458244500742626,3.5401078730191586
idle,ahad,swipe_right,0.14227497577667236,0.010667353868484497,-0.22262758295983076,-0.12963491678237915,0.011292725801467896,-0.37802404444664717,0.14309364557266235,-0.1812358796596527,-0.0693839592859149,-0.12820765376091003,-0.18472447991371155,-0.2087545720860362,0.11359930038452148,-0.38646024465560913,-0.19273241143673658,-0.09015589952468872,-0.3956226706504822,-0.24970561545342207,0.08059315609209376,0.0068003481084649466,0.08159359409050418,-0.0022645249511256114,0.005619092421098127,-0.11236488706234607,0.4284907839062237,0.39928228754742545,0.4029337565027336,11.849585524344453,1.4587822889797055
idle,ahad,swipe_right,0.14312833547592163,0.011231601238250732,-0.22261508414521813,-0.13008463382720947,0.005738973617553711,-0.3780167908407748,0.14354443550109863,-0.1807050108909607,-0.05778832966461778,-0.12865737080574036,-0.18596071004867554,-0.20874207327142358,0.11386948823928833,-0.3856438398361206,-0.19271991262212396,-0.08917289972305298,-0.3951878845691681,-0.25228055426850915,0.025859384825735795,0.017098405144431648,0.00037875195795840084,-0.01362778923728271,-0.16829552072467494,0.00021980623855735666,0.4221678774969049,0.39907382418543647,0.08097487208055312,1.5122973347500803,6.287475679414545
idle,ahad,swipe_right,0.14533399045467377,0.012165367603302002,-0.20995721640065312,-0.13064678013324738,-0.0032114386558532715,-0.3780252826400101,0.1428803652524948,-0.18128174543380737,-0.0457245116122067,-0.12962304055690765,-0.18793338537216187,-0.20706963958218694,0.11396084725856781,-0.3846593201160431,-0.1734987241216004,-0.08774439990520477,-0.39457666873931885,-0.2497016084380448,0.0668380296591549,0.028295950456098767,0.3835717498352991,-0.017034736546602928,-0.27122461434566314,-0.0002573272495558739,0.4140945820802388,0.39972906894147797,0.06280651843189497,2.3620223586584213,3.120805101436098
idle,ahad,swipe_right,0.14541971683502197,0.012836188077926636,-0.20436765626072884,-0.13201206922531128,-0.009945005178451538,-0.3779919929802418,0.14288347959518433,-0.1805191934108734,-0.03794441372156143,-0.13118141889572144,-0.1911761462688446,-0.20593633130192757,0.11496871709823608,-0.38342103362083435,-0.1715228445827961,-0.08700862526893616,-0.39431479573249817,-0.24966831877827644,0.002597769101460816,0.020327893170443773,0.1693806103007387,-0.041372396729209865,-0.2040474703817689,0.001008777568737682,0.40771609144009563,0.398780429293552,0.20275769111036845,0.1277870408231432,2.165488850392957
idle,ahad,swipe_right,0.14610150456428528,0.013719916343688965,-0.20224812999367714,-0.1328304409980774,-0.013966202735900879,-0.37798674777150154,0.14312705397605896,-0.1795693039894104,-0.03542456775903702,-0.13188791275024414,-0.19353610277175903,-0.20348774269223213,0.11640921235084534,-0.3824656307697296,-0.17075716331601143,-0.08541911840438843,-0.39433184266090393,-0.24385163560509682,0.020660234220099945,0.02677964441703998,0.06422806869853556,-0.024799144629275887,-0.12185447143785748,0.00015894571940103992,0.4061010734552839,0.3985427216005092,0.20351277079850028,0.7714614293207319,2.540956338393376
idle,ahad,swipe_right,0.14547793567180634,0.014771342277526855,-0.20073441043496132,-0.13451991975307465,-0.014680147171020508,-0.3683353550732136,0.14204685389995575,-0.1785178780555725,-0.03542456775903702,-0.13223429024219513,-0.19501334428787231,-0.19467242434620857,0.11713437736034393,-0.3814028799533844,-0.17075716331601143,-0.08354593813419342,-0.3949604034423828,-0.24369216337800026,-0.018896027044816244,0.03186139193448118,0.045870289658054654,-0.05119632590900712,-0.02163467985210973,0.29246644540266237,0.4034195649046594,0.39831646589471204,2.366291526726158,0.5930511144195405,9.39806811400932
idle,ahad,swipe_right,0.14495061337947845,0.015110552310943604,-0.20073441043496132,-0.13562758266925812,-0.014433205127716064,-0.3683353550732136,0.14132599532604218,-0.17816555500030518,-0.03794441372156143,-0.13193877041339874,-0.1963963508605957,-0.19467242434620857,0.11876402795314789,-0.38106366991996765,-0.17075716331601143,-0.08197186887264252,-0.3958372175693512,-0.24369216337800026,-0.015979463403875432,0.010279091921719802,0.0,-0.03356554291465119,0.007483092221346888,0.0,0.40482574222197504,0.3981687920485338,4.484918400512508,1.554408610891308,8.922444684183846
idle,ahad,swipe_right,0.14236514270305634,0.016003966331481934,-0.19063664926216006,-0.1378394216299057,-0.014447331428527832,-0.3544103051535785,0.13976232707500458,-0.1770395040512085,-0.04569181380793452,-0.13208304345607758,-0.19710534811019897,-0.18652622355148196,0.11962835490703583,-0.3802230656147003,-0.17346602631732821,-0.08112810552120209,-0.3962321877479553,-0.2314201290719211,-0.07834759625521487,0.027073152137524856,0.3059927628121559,-0.06702542304992602,-0.0004280697215687098,0.4219712096859062,0.4050955853897007,0.39725011347572425,156.21102977128345,2.8938153208729616,12.82938302285941
idle,ahad,swipe_right,0.14016036689281464,0.016798168420791626,-0.18795535387471318,-0.13913540542125702,-0.014390498399734497,-0.35147248627617955,0.13923238217830658,-0.175921231508255,-0.037939943838864565,-0.13090093433856964,-0.19719275832176208,-0.1805051160044968,0.11994306743144989,-0.37958139181137085,-0.17075269343331456,-0.08078227937221527,-0.3962077796459198,-0.2295699310488999,-0.06681138818914346,0.02406672997908197,0.08125137537717948,-0.039272236101555724,0.0017222129937374505,0.0890248144666368,0.40503056248740527,0.3972674495772528,22.79012301107292,2.775973814198986,10.124485280528788
swipe_right,ahad,swipe_right,0.1399134248495102,0.020138174295425415,-0.18618001462891698,-0.1394854336977005,-0.012927383184432983,-0.3483406794257462,0.13931135833263397,-0.17373469471931458,-0.0317525384016335,-0.12890024483203888,-0.19653168320655823,-0.17708360077813268,0.12111864984035492,-0.37811827659606934,-0.15787399234250188,-0.0780990868806839,-0.3958948850631714,-0.22057652892544866,-0.007483092221346686,0.10121229923132583,0.053798158963520734,-0.01060691746798417,0.04433682470610599,0.09490323789191864,0.4083577711074484,0.3997032338398244,0.23922954132937957,0.07393388297958621,1.5664824596374096
swipe_right,ahad,swipe_right,0.14207124710083008,0.020814239978790283,-0.18618001462891698,-0.13990050554275513,-0.012441813945770264,-0.3483406794257462,0.13997894525527954,-0.17201775312423706,-0.0317525384016335,-0.12625297904014587,-0.1965044140815735,-0.17708360077813268,0.12420070171356201,-0.3774823546409607,-0.15787399234250188,-0.07623341679573059,-0.3961949944496155,-0.22057652892544866,0.0653885530703006,0.020486838889844816,0.0,-0.012577934698625245,0.014714219353415985,0.0,0.40944313388967823,0.3997008438517583,0.8547568606719688,3.191578839616494,3.0132868025819306
swipe_right,ahad,swipe_right,0.14465349912643433,0.02095124125480652,-0.15086283208802342,-0.1386617124080658,-0.012362807989120483,-0.32516728760674596,0.1423112154006958,-0.17041870951652527,-0.027949484530836344,-0.12330597639083862,-0.1964254081249237,-0.16544048907235265,0.12654858827590942,-0.37729379534721375,-0.1546177756972611,-0.07316762208938599,-0.3964780867099762,-0.19731724681332707,0.07825006138194605,0.004151553818673753,1.0702176527543383,0.03753918589967629,0.002394119898478164,0.7022239945151512,0.4100971301342536,0.398674048034931,15.673196954995165,18.84384039288325,21.33690674919679
swipe_right,ahad,swipe_right,0.15240353345870972,0.020974725484848022,-0.11517419340088964,-0.13581830263137817,-0.011936992406845093,-0.3212284711189568,0.1453525424003601,-0.16923537850379944,-0.003582272445783019,-0.1205049455165863,-0.1964019238948822,-0.16117041977122426,0.12952446937561035,-0.3772418797016144,-0.13736164243891835,-0.07113087177276611,-0.3967658281326294,-0.1972202924080193,0.23484952522046382,0.0007116433345910197,1.081473899610103,0.08616393262689669,0.012903502493193513,0.1193580753875488,0.40945784264604607,0.39948992367062847,6.677044130321483,329.54707329893444,17.7268192844692
swipe_right,ahad,swipe_right,0.16148963570594788,0.02079981565475464,-0.11429394781589508,-0.13351276516914368,-0.011794626712799072,-0.32023533433675766,0.14782318472862244,-0.16910773515701294,0.007279648445546627,-0.11823010444641113,-0.19657683372497559,-0.1601165160536766,0.1325603425502777,-0.3770969808101654,-0.11827260255813599,-0.06838861107826233,-0.39727795124053955,-0.17554882913827896,0.27533643173449407,-0.005300297881617775,0.026674108636199047,0.06986477158286467,0.004314111940788569,0.030095054006035158,0.4168605686816175,0.39896690881962965,16.190720551758655,51.93755149832682,2.7619557733925038
swipe_right,ahad,swipe_right,0.17911934852600098,0.020685940980911255,-0.109131567645818,-0.1322670876979828,-0.010618656873703003,-0.31198468850925565,0.151952862739563,-0.16922160983085632,0.008540245238691568,-0.11563831567764282,-0.19668850302696228,-0.14369042264297605,0.13237690925598145,-0.3769390881061554,-0.11745712207630277,-0.06691670417785645,-0.3978421092033386,-0.1741514061577618,0.534233721819785,-0.0034507476922237133,0.15643576272960694,0.037747802156390155,0.03563544966957747,0.2500195705303613,0.4161858820095845,0.4004495401944882,1.0592469930756072,154.77195016986207,6.801617514821323
swipe_right,ahad,swipe_right,0.19461408257484436,0.01702040433883667,-0.10516237188130617,-0.13061648607254028,-0.009975910186767578,-0.31198803801089525,0.1552458107471466,-0.16910332441329956,0.029407990165054798,-0.1131887435913086,-0.19650721549987793,-0.14369377214461565,0.13179340958595276,-0.37680429220199585,-0.10946640837937593,-0.06732591986656189,-0.3980114161968231,-0.16686707455664873,0.46953739541950396,-0.11107686794165586,0.12027865953066325,0.050018231074016095,0.01947717233137682,-0.00010150004968498855,0.4190910924000198,0.3988268462508922,2.567911928443265,4.227101258966642,7.604322106066459
swipe_right,ahad,swipe_right,0.2091701477766037,0.011718273162841797,-0.09222731133922935,-0.12947775423526764,-0.009742259979248047,-0.3120036288164556,0.15918557345867157,-0.16910600662231445,0.04043032834306359,-0.11308161914348602,-0.19642102718353271,-0.143709362950176,0.13127075135707855,-0.3766534924507141,-0.08798261126503348,-0.0678485780954361,-0.3980220854282379,-0.16455680271610618,0.44109288490179327,-0.16067064169681258,0.39197153157808134,0.034507025371897926,0.007080309318773597,-0.00047244865334394686,0.41988086968739013,0.3961299808989936,4.872972471406482,2.745306391616609,0.6018164406526896
swipe_right,ahad,swipe_right,0.2273317575454712,0.00462225079536438,-0.09144123736768961,-0.12944290041923523,-0.009538739919662476,-0.3120242292061448,0.16327494382858276,-0.17188546061515808,0.041162858717143536,-0.1132337749004364,-0.19598475098609924,-0.1437299633398652,0.13079160451889038,-0.376643568277359,-0.08725217822939157,-0.06800073385238647,-0.3981531262397766,-0.16352482978254557,0.5503518111777967,-0.21503098083264663,0.023820423379991733,0.001056176243406342,0.006167274532896032,-0.0006242542330062682,0.4205334145065728,0.3933207014079661,0.17122717832574527,2.5593951608813024,1.0140500514121034
swipe_right,ahad,swipe_right,0.24878747761249542,0.0022510290145874023,-0.09144014399498701,-0.1297873705625534,-0.008860230445861816,-0.3129304675385356,0.16873349249362946,-0.17360657453536987,0.041163952089846134,-0.11380918323993683,-0.19528484344482422,-0.1437632767483592,0.1297583132982254,-0.3760809302330017,-0.08725108485668898,-0.0685761421918869,-0.3975933790206909,-0.16352373640984297,0.650173335364381,-0.07185520547809138,3.313250613935119e-05,-0.010438489191460053,0.020560893145474848,-0.02746176764820605,0.42093069095292573,0.39663656105046224,0.5076618732335597,9.048255902722499,0.9863884075160491
swipe_right,ahad,swipe_right,0.2631404548883438,-0.013035506010055542,-0.09144916106015444,-0.13009338080883026,-0.008802086114883423,-0.3286706702783704,0.1755358725786209,-0.17450687289237976,0.04115493502467871,-0.11411519348621368,-0.19513234496116638,-0.14457014668732882,0.1293724924325943,-0.3760320246219635,-0.0872601019218564,-0.06918184459209442,-0.39759552478790283,-0.1635327534750104,0.4349387053287343,-0.4632283340800841,-0.0002732443990129383,-0.009273037765965216,0.0017619494235876641,-0.47697584060104886,0.42677990201698474,0.3868822670017226,5.259956775784445,0.9389273807378121,13.633590975517988
swipe_right,ahad,swipe_right,0.27943284809589386,-0.030525624752044678,-0.09224560856819153,-0.1300649493932724,-0.008328855037689209,-0.3296164721250534,0.1795928031206131,-0.17790573835372925,0.04041203111410141,-0.11456678807735443,-0.19467997550964355,-0.15161260962486267,0.12812753021717072,-0.37569355964660645,-0.08724987506866455,-0.06953142583370209,-0.39725083112716675,-0.16352252662181854,0.49370888507728206,-0.5300035982421034,-0.024134772970821304,0.0008615580472079328,0.014340335672552164,-0.028660662020698197,0.4272140092421043,0.37690736242604256,0.0600751608413201,0.9315181164744505,13.59412397969975
swipe_right,ahad,swipe_right,0.2937001734972,-0.04942485690116882,-0.14487960282713175,-0.1300535649061203,-0.005092650651931763,-0.4081929409876466,0.1815812736749649,-0.18315443396568298,0.030811249278485775,-0.11461333930492401,-0.1915862262248993,-0.19972748402506113,0.125945046544075,-0.3734981417655945,-0.08724983874708414,-0.07133521139621735,-0.3943392336368561,-0.18475595954805613,0.4323431939789696,-0.5727040045189072,-1.594969522998171,0.00034498445915452983,0.09806679956840639,-2.381105117048252,0.45264205734685037,0.36944074800947474,0.003517815844474911,0.7549142936897388,71.33133349578567
swipe_right,ahad,swipe_right,0.30173061788082123,-0.07275852560997009,-0.16855940222740173,-0.1299034208059311,-0.002278357744216919,-0.40827491879463196,0.18184183537960052,-0.1918012797832489,0.030729271471500397,-0.11534623801708221,-0.18820729851722717,-0.1998094618320465,0.12353937327861786,-0.37357649207115173,-0.08133606612682343,-0.07301090657711029,-0.3923681676387787,-0.1848379373550415,0.24334679950367052,-0.707080869963667,-0.7175696787960523,0.004549821217854768,0.08528160326408524,-0.0024841759692538594,0.45313453039212076,0.36034910706041345,0.0533499335587334,0.3441564687780423,72.0805762987205
swipe_right,ahad,swipe_right,0.3180791139602661,-0.08797934651374817,-0.16857403703033924,-0.13056954741477966,-0.0008148252964019775,-0.40828955359756947,0.18714678287506104,-0.19690659642219543,0.03071463666856289,-0.11618295311927795,-0.1881801187992096,-0.19982409663498402,0.12280243635177612,-0.3744233548641205,-0.08135070092976093,-0.07443329691886902,-0.3923611342906952,-0.184852572157979,0.4954089721043984,-0.46123699708419147,-0.00044347887689417763,-0.020185654813593405,0.044349468115604994,-0.00044347887689417763,0.45429492114883924,0.35747875614944274,0.45513961117562485,1.0740853425698351,1.4505778928013995
swipe_right,ahad,swipe_right,0.3240785747766495,-0.1051800549030304,-0.1685326574370265,-0.13136370480060577,-0.0007936060428619385,-0.4082481740042567,0.19673337042331696,-0.20418700575828552,0.03075601626187563,-0.11713831126689911,-0.18805071711540222,-0.19978271704167128,0.12168224155902863,-0.37531301379203796,-0.07810393255203962,-0.07572098076343536,-0.39232784509658813,-0.18481119256466627,0.18180184292070595,-0.5212335875540012,0.0012539270700830264,-0.0240653753280637,0.0006430076830314797,0.0012539270700830264,0.454223797003738,0.3494473429036099,37.368149421421364,0.34879082712804593,1.3306405666089294
swipe_right,ahad,swipe_right,0.32491034269332886,-0.12598702311515808,-0.1685372069478035,-0.13468828797340393,-0.00026097893714904785,-0.40259800106287,0.20107680559158325,-0.21084007620811462,0.031911998987197876,-0.11838394403457642,-0.18702682852745056,-0.16894154995679855,0.12082719802856445,-0.3764653205871582,-0.06292854622006416,-0.07675254344940186,-0.3921356797218323,-0.1583622470498085,0.025205088384224108,-0.6305141882463036,-0.0001378639629392935,-0.10074494463024877,0.016140215324633306,0.17121736186020575,0.4653745106330644,0.33991542574799055,6.241472070352762,0.03997538656337336,5.669784344006545
swipe_right,ahad,swipe_right,0.32643309235572815,-0.14313814043998718,-0.16854602098464966,-0.1370936930179596,0.001998692750930786,-0.37133562564849854,0.20259955525398254,-0.21557840704917908,0.04854129999876022,-0.11921834945678711,-0.18472060561180115,-0.14778172969818115,0.12084880471229553,-0.37718647718429565,-0.0397157296538353,-0.07719770073890686,-0.3918008506298065,-0.14130300283432007,0.0461439291636144,-0.5197308280251186,-0.0002670920256412361,-0.07289106195623145,0.0684748996387821,0.9473447095263984,0.4599789319270391,0.3371064627428809,1.0644776095055313,0.08878411264315385,23.58752564743954
swipe_right,ahad,swipe_right,0.32802310585975647,-0.16451269388198853,-0.16859687957912683,-0.138683021068573,0.003709852695465088,-0.3671150067821145,0.20418956875801086,-0.22345632314682007,0.04849044140428305,-0.11932826042175293,-0.18231689929962158,-0.14347548875957727,0.12052902579307556,-0.37839236855506897,-0.030272657983005047,-0.07761067152023315,-0.3913611173629761,-0.13508787844330072,0.04818222739479706,-0.6477137406667003,-0.0015411695296113973,-0.04816145607919351,0.05185333165255403,0.12789754140557524,0.4622201764824083,0.32852990545938726,0.928783662701424,0.07438803592026103,24.84814285186631
swipe_right,ahad,swipe_right,0.3250689208507538,-0.18630880117416382,-0.18425424490123987,-0.13979491591453552,0.006468296051025391,-0.3663375237956643,0.20460811257362366,-0.23126256465911865,0.04849044140428305,-0.12003934383392334,-0.17710602283477783,-0.1419182727113366,0.11680397391319275,-0.3797318637371063,-0.025142173282802105,-0.07969686388969421,-0.39044663310050964,-0.13359746430069208,-0.08952075784856765,-0.6604880997628982,-0.47446561582161473,-0.03369378321098612,0.08358919259273778,0.023560090498491143,0.4640271243518765,0.3257352001071483,0.40308297140965554,0.13553707075666158,3.3337165192459057
swipe_right,ahad,swipe_right,0.31733398139476776,-0.20212504267692566,-0.21688507590442896,-0.14104147255420685,0.008366376161575317,-0.34225882682949305,0.1980064958333969,-0.23984602093696594,0.04849044140428305,-0.12103550136089325,-0.17398998141288757,-0.13813382480293512,0.11347292363643646,-0.3808382451534271,-0.019154435954988003,-0.08085291087627411,-0.38892972469329834,-0.11869751010090113,-0.2343921047268466,-0.47928004553823234,-0.9888130607026887,-0.03777444362640339,0.05751757910757291,0.7296574838233636,0.4598331404420152,0.33555200131211876,0.6567346449180627,0.48904939368846606,21.411828508393025
swipe_right,ahad,swipe_right,0.3009300231933594,-0.21446672081947327,-0.24223384354263544,-0.14211693406105042,0.00981643795967102,-0.32061939034610987,0.19425392150878906,-0.24166736006736755,0.020115547813475132,-0.12244570255279541,-0.17184409499168396,-0.12282943818718195,0.11210423707962036,-0.381095290184021,-0.019154435954988003,-0.0819513201713562,-0.38739803433418274,-0.10084767732769251,-0.4970896424669287,-0.3739902467438728,-0.7681444738850571,-0.03258974263162376,0.0439412666089614,0.6557404994964704,0.45792886340288497,0.33642930865131704,0.7416491033937139,1.3291477990322047,2.2827894342146333
swipe_right,ahad,swipe_right,0.2748538553714752,-0.22277241945266724,-0.30052942875772715,-0.141439288854599,0.010745763778686523,-0.2754367673769593,0.1858796775341034,-0.24617397785186768,-0.030051429755985737,-0.1229856014251709,-0.1709689497947693,-0.09824124816805124,0.11113277077674866,-0.3814525902271271,-0.018985017202794552,-0.08194610476493835,-0.3861371576786041,-0.0774080092087388,-0.7901869036934506,-0.25168783736951145,-1.7665328853057898,0.02053470322580026,0.02816138845501493,1.369170393004547,0.4475163475888314,0.3622861380396697,0.7291534685916742,3.13953893208762,21.684214641149442
idle,ahad,swipe_right,0.2332921326160431,-0.2376788854598999,-0.4213418085128069,-0.13983657956123352,0.01108783483505249,-0.2024244535714388,0.17351779341697693,-0.2487252950668335,-0.10028644092381,-0.12288767099380493,-0.17058151960372925,-0.056510185822844505,0.11135849356651306,-0.38185957074165344,-0.016854455694556236,-0.08145862817764282,-0.3852750062942505,-0.04874754883348942,-1.2594461441039901,-0.45171109112825764,-3.660981204699346,0.04856694828380185,0.010365789586847364,2.2124943577430223,0.4291014776083563,0.4463920932656549,4.684859075891739,2.7881612399575713,25.57507179183035
idle,ahad,swipe_right,0.19133934378623962,-0.2548856735229492,-0.5411479487083852,-0.13925570249557495,0.012104153633117676,-0.17269735177978873,0.16433480381965637,-0.255371630191803,-0.17087237676605582,-0.12353664636611938,-0.16996657848358154,-0.05299372738227248,0.10906001925468445,-0.38238242268562317,-0.014580275397747755,-0.08174696564674377,-0.3843229115009308,-0.04413934564217925,-1.271296631206186,-0.5214178200924119,-3.630489096835765,0.01760233532298723,0.030797539335309144,0.9008212664136525,0.420700408517535,0.5479952763192371,0.5715314980151329,2.438148724629602,39.763563875673455
idle,ahad,swipe_right,0.15662550926208496,-0.28739845752716064,-0.6008252336177975,-0.13919556140899658,0.014294862747192383,-0.10882738069631159,0.15890264511108398,-0.25755834579467773,-0.20920397178269923,-0.12422960996627808,-0.1699407696723938,-0.029648477444425225,0.10407388210296631,-0.38610318303108215,-0.016668023774400353,-0.08212220668792725,-0.38399413228034973,-0.03938082815147936,-1.0519343795198268,-0.9852358789154869,-1.808402573012473,0.0018224571690414692,0.06638512466892979,1.9354536691962556,0.4083066433938206,0.5947637700515207,0.027452380721576002,1.0676969184078433,31.374682430056215
idle,ahad,swipe_right,0.1368621289730072,-0.28899598121643066,-0.654889483936131,-0.13905206322669983,0.018180549144744873,-0.0723520340397954,0.1409049928188324,-0.26313018798828125,-0.23615736234933138,-0.12417364120483398,-0.1700316071510315,-0.017557925544679165,0.1031862199306488,-0.38646361231803894,-0.01885912846773863,-0.08322134613990784,-0.3834047019481659,-0.037507531233131886,-0.5988903117902447,-0.04840980876575894,-1.6383106157071021,0.00434842976656834,0.11774807265310765,1.1053135350459629,0.40694216080620743,0.6443357968013558,0.03692963068489674,12.371004060023903,25.203982793589883
idle,ahad,swipe_right,0.11417628824710846,-0.29012009501457214,-0.6549177018459886,-0.13904009759426117,0.020471841096878052,-0.047537233447656035,0.1254434734582901,-0.26658639311790466,-0.24400104559026659,-0.12422434985637665,-0.17053177952766418,0.00013554783072322607,0.1023002415895462,-0.3870980143547058,-0.019653443014249206,-0.08326016366481781,-0.38376864790916443,-0.03165956190787256,-0.687449718966621,-0.03406405448913537,-0.0008550881775039521,0.0003625949223836223,0.06943308945858041,0.7519636543072452,0.40837957151961296,0.6427335652296318,0.005222145565830764,20.180496678373864,10.807879089437343
idle,ahad,swipe_right,0.09641963243484497,-0.29538866877555847,-0.6548908505355939,-0.13874423503875732,0.021602541208267212,-0.04178341885562986,0.11939895153045654,-0.26736894249916077,-0.2840947661316022,-0.12397488951683044,-0.17070439457893372,0.029119876795448363,0.10257011651992798,-0.38817906379699707,-0.03552397747989744,-0.08326998353004456,-0.3837111294269562,-0.023161223507486284,-0.5380804791595082,-0.1596537503329216,0.0008136760725668112,0.00896553198496515,0.03426363973906601,0.17435801794018987,0.40951599522342796,0.6263091962453583,0.26165551580988355,3.3702754101426406,17.53755440193956
idle,ahad,swipe_right,0.04590481519699097,-0.30112114548683167,-0.6547918176511303,-0.1375306248664856,0.02237597107887268,-0.041684385971166193,0.11439096927642822,-0.28533104062080383,-0.28399573324713856,-0.12286952137947083,-0.17180350422859192,0.02921890967991203,0.10257041454315186,-0.3895203471183777,-0.05418529419694096,-0.08300933241844177,-0.3837578594684601,-0.023062190623022616,-1.5307520375107107,-0.17371141549312516,0.0030009964988989934,0.03677606582641561,0.02343726880622607,0.0030009964988989934,0.41020000707562054,0.6097160035738622,1.5690606729728491,8.811989823325504,5.2707994470629504
idle,ahad,swipe_right,0.0058054327964782715,-0.30230996012687683,-0.5481739833485335,-0.13572606444358826,0.023524194955825806,-0.04159858892671764,0.11159408092498779,-0.2889716327190399,-0.28390993620269,-0.12148678302764893,-0.1730547845363617,0.029304706724360585,0.10351032018661499,-0.3918582499027252,-0.06305395509116352,-0.08163905143737793,-0.38494667410850525,-0.02297639357857406,-1.2151328000155228,-0.036024686061974336,3.2308434637150176,0.05468364917870664,0.034794662937973106,0.0025999104378349566,0.4124568365413383,0.502898183570124,1.5715650906317244,33.72962274542536,0.6427049222546968
idle,ahad,swipe_right,-0.033512651920318604,-0.30230122804641724,-0.5445763999596238,-0.1356208622455597,0.024426519870758057,-0.04152673948556185,0.09461486339569092,-0.2890009880065918,-0.27767639700323343,-0.12144336104393005,-0.17307138442993164,0.029376556165516376,0.10318863391876221,-0.39230629801750183,-0.0972996512427926,-0.08225837349891663,-0.38493794202804565,-0.02290454413741827,-1.1914571126302274,0.000264608498775602,0.10901767845181075,0.0031879453948050343,0.027343179240371676,0.0021772557925997704,0.41324763039915563,0.47628210559841244,0.11658588713821282,4485.764266288873,1.5767801910347146
idle,ahad,swipe_right,-0.05869071185588837,-0.30237019062042236,-0.5241021439433098,-0.13542722165584564,0.02459341287612915,-0.062129102647304535,0.0831180065870285,-0.2890699505805969,-0.2590714618563652,-0.1218414455652237,-0.17363321781158447,0.018170131370425224,0.10277466475963593,-0.39324983954429626,-0.10014339536428452,-0.0842658132314682,-0.38501662015914917,-0.022897986695170403,-0.7629715131990753,-0.002089774969852309,0.6204320004943578,0.00586789665800146,0.0050573637991239975,-0.624314035204317,0.4146528057712591,0.46267828880423256,1.160038481023776,364.92282727728036,18.99676588887104
idle,ahad,swipe_right,-0.0947897881269455,-0.29956212639808655,-0.444748648442328,-0.13466839492321014,0.024852067232131958,-0.07127546612173319,0.060047730803489685,-0.28905072808265686,-0.2501283073797822,-0.12148983776569366,-0.17446455359458923,0.013295781798660755,0.10306213796138763,-0.39388152956962585,-0.10915999952703714,-0.08487574756145477,-0.38513243198394775,-0.023006930015981197,-1.0939114021532637,0.0850928552222988,2.4046513788176687,0.02299474947380334,0.007838010787963992,-0.27716252952814546,0.4158081876376944,0.40082574237726915,2.933373877876205,12.85535129764111,10.532874287268973
idle,ahad,swipe_right,-0.122835174202919,-0.29759103059768677,-0.4173357570543885,-0.133939728140831,0.02732396125793457,-0.12398256454616785,0.03958688676357269,-0.2875736355781555,-0.2501283073797822,-0.12124951183795929,-0.17302554845809937,0.006408545188605785,0.10330580174922943,-0.3934520184993744,-0.11112614069133997,-0.08456708490848541,-0.38436201214790344,-0.023006930015981197,-0.8498601841204001,0.059730175769689656,0.8306936784223985,0.02208081158724674,0.0749058795697753,-1.5971848007404268,0.4267541181613069,0.3925473209172151,0.29477681775114656,14.228083964013617,40.05228138419552
idle,ahad,swipe_right,-0.13520057499408722,-0.2969096899032593,-0.38262174371629953,-0.13322944939136505,0.028678417205810547,-0.13130388502031565,0.031853869557380676,-0.28722143173217773,-0.24938842002302408,-0.12087135016918182,-0.17294681072235107,0.006408545188605785,0.10369940102100372,-0.39362427592277527,-0.1121929669752717,-0.08443157374858856,-0.3844412565231323,-0.022657332010567188,-0.37470911488388114,0.02064668770992372,1.0519397981238972,0.021523598468664685,0.0410441196326049,-0.22185819618629443,0.42994554419141984,0.3735754715965518,0.5243887375971257,18.147751949182567,41.689197197393234
idle,ahad,swipe_right,-0.14520472288131714,-0.29512733221054077,-0.31723824981600046,-0.13278713822364807,0.029562771320343018,-0.13462214265018702,0.02500128746032715,-0.2865413427352905,-0.21959639433771372,-0.12056338787078857,-0.17294681072235107,0.006035488098859787,0.10397350788116455,-0.39382055401802063,-0.11643575225025415,-0.0841633677482605,-0.3845166265964508,-0.022085413336753845,-0.3031559965827297,0.054010839173288916,1.9813179969787913,0.013403368718696577,0.026798609531287418,-0.1005532615112552,0.4318454981575501,0.33489070716474434,0.5001329852604273,5.612769370991034,3.7093384579892805
idle,ahad,swipe_right,-0.14837059378623962,-0.2946728616952896,-0.28965542931109667,-0.132708340883255,0.030366435647010803,-0.13733021635562181,0.02452746033668518,-0.2861049920320511,-0.2003287198022008,-0.12050491571426392,-0.1721898764371872,0.005814927630126476,0.10395824909210205,-0.3939427584409714,-0.11708844918757677,-0.0841464251279831,-0.38463960587978363,-0.02208874002099037,-0.09593548196734698,0.013771833795489536,0.835843045603136,0.0023877981937292588,0.024353464444478085,-0.08206283955862938,0.4334384293453304,0.32140896063609126,0.09804355169348208,6.965558678183199,0.6564067478442303
idle,ahad,swipe_right,-0.1515364646911621,-0.29433682560920715,-0.2769845286384225,-0.13262954354286194,0.031051665544509888,-0.13794705364853144,0.024053633213043213,-0.28578707575798035,-0.18106104526668787,-0.12044644355773926,-0.1712643802165985,0.0053619383834302425,0.10394299030303955,-0.3941833972930908,-0.11733561847358942,-0.08412948250770569,-0.38488101959228516,-0.022092066705226898,-0.09593548196734956,0.010182911699468602,0.38396668705073883,0.002387798193729323,0.020764542348457437,-0.01869203917907976,0.4344820278045473,0.3173749585552996,0.11498848205651127,9.42029789715827,1.9234044232428105
idle,ahad,swipe_right,-0.1545003354549408,-0.2918144762516022,-0.276988442055881,-0.13194119930267334,0.03307411074638367,-0.13795096706598997,0.02305018901824951,-0.28530797362327576,-0.18008413445204496,-0.12037399411201477,-0.16639897227287292,0.005358024965971708,0.10405457019805908,-0.3953637480735779,-0.12037904839962721,-0.08385181427001953,-0.3849073350429535,-0.022667898796498775,-0.08981426556905012,0.0764348290183319,-0.00011858840783436963,0.020858916369351246,0.0612862182385987,-0.00011858840783436963,0.4362467923166789,0.319530269479235,0.3403469266323185,1.1750283436778008,1.4621522989803324
idle,ahad,swipe_right,-0.1559138000011444,-0.286869078874588,-0.2769938185811043,-0.13159868121147156,0.03464415669441223,-0.142031230032444,0.02289488911628723,-0.2820001542568207,-0.18008951097726822,-0.12021419405937195,-0.1628938615322113,0.005352648440748453,0.104238361120224,-0.39654040336608887,-0.12038442492485046,-0.08369308710098267,-0.3849073350429535,-0.023230522871017456,-0.0428322589758666,0.14986052657618504,-0.00016292500676530602,0.01037933609702359,0.04757714994025901,-0.1236443323167874,0.4386707286657987,0.3228520536301697,0.2181534193754127,0.28581224250436277,3.779550792291111
idle,ahad,swipe_right,-0.1563623696565628,-0.27990877628326416,-0.2769950581714511,-0.13114722073078156,0.03588449954986572,-0.1420324696227908,0.022837385535240173,-0.27719926834106445,-0.18009075056761503,-0.12033592164516449,-0.15816646814346313,0.004677338059991598,0.10416994988918304,-0.397884726524353,-0.12139378022402525,-0.08378554880619049,-0.38476961851119995,-0.023963809944689274,-0.013593019861163732,0.21091826034315042,-3.75633438428249e-05,0.013680620626969989,0.03758614713495488,-3.75633438428249e-05,0.43946925194762937,0.3255874261424212,0.3639707099304548,0.0644465557059553,3.7592068738033264
idle,ahad,swipe_right,-0.15592366456985474,-0.2726951539516449,-0.2769941193982959,-0.1307085156440735,0.03630504012107849,-0.1420315308496356,0.023276090621948242,-0.2687644064426422,-0.18008981179445982,-0.12038344144821167,-0.15793660283088684,0.003852302674204111,0.1040462851524353,-0.3987938165664673,-0.1260321093723178,-0.08406469225883484,-0.38453975319862366,-0.024841181002557278,0.013294093536608001,0.21859461610967224,2.8447671370072485e-05,0.013294093536608001,0.012743653673114058,2.8447671370072485e-05,0.43933991899391156,0.3259981226064658,1.0431114000887316,0.06081592015979947,0.7528966054395335
idle,ahad,swipe_right,-0.15523935854434967,-0.2669309973716736,-0.27698943577706814,-0.13037733733654022,0.036738455295562744,-0.14202684722840786,0.023960396647453308,-0.2627076506614685,-0.1826427187770605,-0.11982648074626923,-0.1576290726661682,0.0038569862954318523,0.10426877439022064,-0.39905527234077454,-0.13508700393140316,-0.08356951177120209,-0.3842594623565674,-0.029472917318344116,0.02073654622742657,0.174671411514285,0.00014192791599216108,0.010035706288886953,0.013133793166189692,0.00014192791599216108,0.4382905501374452,0.3239407280028413,0.7640551443718119,0.11871677987184999,0.09950369977150086
idle,ahad,swipe_right,-0.15311303734779358,-0.2637293338775635,-0.2756834803149104,-0.12960198521614075,0.037111759185791016,-0.1410951791331172,0.02569565176963806,-0.2596094012260437,-0.18265849631279707,-0.11879250407218933,-0.15725576877593994,0.0038412087596952915,0.10492387413978577,-0.39923712611198425,-0.13510278146713972,-0.08248472213745117,-0.3838861584663391,-0.029488694854080677,0.06443397565321418,0.0970201058821234,0.039574407944173086,0.023495518799983836,0.011312239097826285,0.02823236652395911,0.43808137426804966,0.3235866844213825,2.0768162501310736,0.664123286035296,0.9455115334640237
idle,ahad,swipe_right,-0.15141403675079346,-0.25968560576438904,-0.2756808865815401,-0.12843236327171326,0.0372442901134491,-0.13478422351181507,0.02751070261001587,-0.25655046105384827,-0.18265590257942677,-0.11774060130119324,-0.1576354205608368,0.0038438024930655956,0.10489481687545776,-0.39972805976867676,-0.13510018773376942,-0.08160680532455444,-0.3837071657180786,-0.029486101120710373,0.05148486657576071,0.12253721555073921,7.859798091830542e-05,0.035443089225075074,0.004016088716911503,0.19124107943339572,0.43644066678397125,0.3241435642724898,8.823078533432321,0.42015355246006864,4.957840506918533
idle,ahad,swipe_right,-0.1495293378829956,-0.2532920837402344,-0.2755677346140146,-0.12769228219985962,0.03730839490890503,-0.12493196316063404,0.02969875931739807,-0.25263601541519165,-0.18265343643724918,-0.1170048713684082,-0.15890109539031982,0.010366753675043583,0.10510078072547913,-0.4003883898258209,-0.13509772159159184,-0.0809248685836792,-0.383637398481369,-0.02948363497853279,0.05711208690296611,0.1937430916410535,0.003428847500772242,0.022426699147080287,0.0019425695592707162,0.2985533439751875,0.43415773090211385,0.32589207588572955,11.5389228237838,0.29478105071083527,3.2763235030232214
idle,ahad,swipe_right,-0.14781925082206726,-0.24570304155349731,-0.2720030313357711,-0.12778085470199585,0.037048399448394775,-0.12492503132671118,0.031046062707901,-0.24599617719650269,-0.17732312437146902,-0.11680784821510315,-0.1599535346031189,0.013952506706118584,0.10473945736885071,-0.40083733201026917,-0.13467093463987112,-0.08090728521347046,-0.3836171627044678,-0.0239719832316041,0.05182082002813109,0.22997097535566596,0.10802131146192433,-0.0026840152162493787,-0.007878650318492456,0.0002100555734200888,0.4351415454971778,0.3266690281331907,0.3406261836201493,0.2253353694422417,9.077551907923686
idle,ahad,swipe_right,-0.14554354548454285,-0.23478466272354126,-0.2714912761002779,-0.1280561089515686,0.03599512577056885,-0.12492966093122959,0.03166547417640686,-0.23908329010009766,-0.16695322282612324,-0.11681404709815979,-0.16012465953826904,0.01394787710160017,0.10434427857398987,-0.40102946758270264,-0.12606880255043507,-0.08151409029960632,-0.38358545303344727,-0.02360338531434536,0.06896076780377122,0.33085996454412814,0.015507734408884585,-0.00834103786584116,-0.03191738417654377,-0.00014029104601253386,0.4341440264936298,0.33351005317489846,0.2613239385711396,0.20842823782124856,0.7484206655771735
idle,ahad,swipe_right,-0.1435021460056305,-0.22452890872955322,-0.2715249927714467,-0.12820884585380554,0.03402721881866455,-0.1249633776023984,0.03299716114997864,-0.23062998056411743,-0.16198292095214128,-0.1168641746044159,-0.1601969599723816,0.013914160430431366,0.10383734107017517,-0.4010578989982605,-0.12396381516009569,-0.0821993350982666,-0.3829147219657898,-0.023637101985514164,0.06186059027007064,0.31078042406024015,-0.0010217173081455697,-0.004628390976876872,-0.05963354399709925,-0.0010217173081455697,0.4315373346484175,0.3378070564838169,0.07761258268533096,0.1990485449930879,0.8478060999320391
idle,ahad,swipe_right,-0.13953843712806702,-0.21433934569358826,-0.2715872097760439,-0.12843725085258484,0.03018888831138611,-0.13692406006157398,0.03734669089317322,-0.2281404435634613,-0.16123119182884693,-0.11996728181838989,-0.16027751564979553,0.013851943425834179,0.10307511687278748,-0.40113845467567444,-0.11593859829008579,-0.0827556848526001,-0.3820793330669403,-0.02369931899011135,0.12011239022919494,0.30877463745348044,-0.0018853637756723138,-0.006921363599372557,-0.11631304567510303,-0.36244492300531683,0.42996713109417967,0.3434846924666856,0.05950582802962438,0.38899568379092364,11.086294670574196
idle,ahad,swipe_right,-0.13287416100502014,-0.20352178812026978,-0.2716587479226291,-0.12879806756973267,0.026300251483917236,-0.1620125467889011,0.04626592993736267,-0.22297608852386475,-0.16130272997543216,-0.12395188212394714,-0.16085755825042725,-0.0018984227208420634,0.10271784663200378,-0.40171849727630615,-0.11601013643667102,-0.08347952365875244,-0.38198450207710266,-0.023770857136696577,0.20194776130445397,0.32780477494905014,-0.0021678226237947635,-0.010933839913570694,-0.11783747962027073,-0.760257173555379,0.4334293196941003,0.3449811876613459,0.09278666823269027,0.6160591933923132,12.055618374511534
idle,ahad,swipe_right,-0.12553367018699646,-0.1898680031299591,-0.28505532070994377,-0.12925273180007935,0.02284565567970276,-0.17841428145766258,0.05677357316017151,-0.2178933322429657,-0.16135140880942345,-0.12864673137664795,-0.16279932856559753,-0.010880937799811363,0.1022631824016571,-0.4020184576511383,-0.11605881527066231,-0.08489090204238892,-0.38214021921157837,-0.02690260112285614,0.22243911569768487,0.41375106031243997,-0.4059567511307426,-0.013777703949899233,-0.1046847213398315,-0.4970222626897367,0.43466920764966005,0.3542019766369589,0.13161015440848858,0.5376145209517812,7.987231598344001
idle,ahad,swipe_right,-0.10898733139038086,-0.1712971329689026,-0.28505532070994377,-0.12937995791435242,0.020367681980133057,-0.17988748475909233,0.066800057888031,-0.21221011877059937,-0.16106225177645683,-0.13044539093971252,-0.1580004096031189,-0.015341565012931824,0.10213595628738403,-0.40274983644485474,-0.11605881527066231,-0.08615881204605103,-0.38234207034111023,-0.027310745790600777,0.5014042059580565,0.5627536412441458,0.0,-0.0038553367961537367,-0.07509011210817398,-0.04464252428575067,0.43280812531543966,0.35595395123089224,0.051342118766330894,0.8909819114944036,13.741070127531778
idle,ahad,swipe_right,-0.09433630108833313,-0.14976423978805542,-0.28505532070994377,-0.12937995791435242,0.01366192102432251,-0.17988748475909233,0.07430541515350342,-0.2058347463607788,-0.15949175879359245,-0.13044539093971252,-0.16452360153198242,-0.03518206998705864,0.10274040699005127,-0.40668007731437683,-0.14018918201327324,-0.08729466795921326,-0.38782402873039246,-0.07594240829348564,0.4439706152135627,0.6525119145711191,0.0,0.0,-0.20320487744880222,0.0,0.4168533535939161,0.3547269014040899,0.0,0.6804012691539963,4.112871651081898
idle,ahad,swipe_right,-0.07067546248435974,-0.13304615020751953,-0.28505532070994377,-0.1293797492980957,0.010020256042480469,-0.17988748475909233,0.08785727620124817,-0.20113706588745117,-0.15949175879359245,-0.13050904870033264,-0.16807234287261963,-0.03518206998705864,0.10274061560630798,-0.40864890813827515,-0.14018918201327324,-0.08878099918365479,-0.3894961178302765,-0.07746096327900887,0.7169951092113263,0.5066087751677623,0.0,6.321704748905167e-06,-0.11035348429824543,0.0,0.4144306743060911,0.3563933423343795,5.7285436012006974e-05,1.4152808420917173,2.813678586841276
idle,ahad,swipe_right,-0.04933685064315796,-0.11642792820930481,-0.2750677694566548,-0.129527747631073,0.007946699857711792,-0.17985352175310254,0.0959523618221283,-0.2008129060268402,-0.15650587575510144,-0.13050904870033264,-0.16827550530433655,-0.03749853419139981,0.10274061560630798,-0.4077601134777069,-0.141974784899503,-0.08914610743522644,-0.3896992802619934,-0.07964278804138303,0.6466246012485317,0.50358248479438,0.30265306828148103,-0.0044847979690088875,-0.06283503590208042,0.0010291819996905937,0.4120621233762076,0.354564155622717,0.07137302512204469,1.2840464804213294,1.4467062458853872
idle,ahad,swipe_right,-0.03638070821762085,-0.09838852286338806,-0.26852085860446095,-0.13017210364341736,0.007586151361465454,-0.2103080120868981,0.10002961754798889,-0.20030787587165833,-0.13690890045836568,-0.13036030530929565,-0.17131033539772034,-0.05548866139724851,0.10282549262046814,-0.4073379635810852,-0.15986004145815969,-0.09009164571762085,-0.3896992802619934,-0.08144288184121251,0.3926103765314232,0.546648646845956,0.19839123794526548,-0.019525939768010706,-0.010925712007464665,-0.9228633434483398,0.41958119486103884,0.3558585343285364,1.7869913432944344,0.7182120738514982,28.044602616802667
idle,ahad,swipe_right,-0.013102620840072632,-0.08649066090583801,-0.26852085860446095,-0.13063085079193115,0.006404191255569458,-0.2103080120868981,0.10983175039291382,-0.1974388062953949,-0.13690890045836568,-0.1303180754184723,-0.1771397888660431,-0.05548866139724851,0.10222464799880981,-0.40728121995925903,-0.16426224680617452,-0.09157869219779968,-0.3896992802619934,-0.09657142730429769,0.7053965871984421,0.3605412714409163,0.0,-0.013901428742842462,-0.035816972905939846,0.0,0.413955362276098,0.35647835817865303,0.38811321844897395,1.9564878880340628,27.976245345815762
idle,ahad,swipe_right,0.0005262196063995361,-0.0659584105014801,-0.26852085860446095,-0.1308620572090149,0.008960217237472534,-0.2103080120868981,0.11377111077308655,-0.19472315907478333,-0.13690890045836568,-0.13030165433883667,-0.17572280764579773,-0.05548866139724851,0.10203918814659119,-0.4041878283023834,-0.16426224680617452,-0.09228020906448364,-0.3871976435184479,-0.09657142730429769,0.4129951650446066,0.6221894061926571,0.0,-0.007006255063143566,0.07745533278494085,0.0,0.4139633079911365,0.3682035849660969,0.09045425740199425,0.6637761703396072,3.43884772816736
idle,ahad,swipe_right,0.020062938332557678,-0.04554128646850586,-0.26438310416415334,-0.13144223392009735,0.013238072395324707,-0.2103080120868981,0.11634023487567902,-0.1903347373008728,-0.1315014478750527,-0.13021017611026764,-0.17144495248794556,-0.06841880502179265,0.10165704786777496,-0.39894935488700867,-0.16548236878588796,-0.09321044385433197,-0.38306307792663574,-0.1142335650511086,0.5920217795805592,0.6187007282719567,0.12538649819114192,-0.017581112457044478,0.12963197448037095,0.0,0.40956876210396537,0.37594709334227316,0.13562222519013953,0.9568775268077642,1.6132570467571477
idle,ahad,swipe_right,0.03858181834220886,-0.03273141384124756,-0.2643019915558398,-0.1305246651172638,0.015302598476409912,-0.22928454587236047,0.12246760725975037,-0.18666619062423706,-0.13142033526673913,-0.1284233033657074,-0.16938042640686035,-0.1007584840990603,0.10333344340324402,-0.3955470025539398,-0.1747393519617617,-0.09254252910614014,-0.38131359219551086,-0.1499932617880404,0.5611781821106357,0.38817795840176245,0.002457957827683624,0.027805115237380214,0.06256139639652068,-0.5750464783473385,0.4062439576052957,0.3792748222226741,0.44443814238110857,1.4456687307863307,17.59760461328032
idle,ahad,swipe_right,0.04606734216213226,-0.01651090383529663,-0.26429222291335464,-0.12829481065273285,0.01949220895767212,-0.2561218864284456,0.12733255326747894,-0.17970764636993408,-0.131410566624254,-0.12590505182743073,-0.16938042640686035,-0.11417604750022292,0.10618959367275238,-0.392843633890152,-0.17472958331927657,-0.0906505435705185,-0.38134461641311646,-0.16349532967433333,0.22683405514919147,0.4915306062409318,0.0002960194692467166,0.06757134741002789,0.12695789337158064,-0.8132527441237822,0.41311854283439264,0.3914875160823211,0.5322301228025159,0.46148416962225874,7.573968703888248
idle,ahad,swipe_right,0.06094139814376831,-0.011044859886169434,-0.26432908955030143,-0.12900298833847046,0.023471593856811523,-0.25642259302549064,0.1325896978378296,-0.1796647310256958,-0.11076797428540885,-0.12643545866012573,-0.16907989978790283,-0.11562690022401512,0.10650575160980225,-0.3920283317565918,-0.1778508562128991,-0.09104186296463013,-0.3813817501068115,-0.1656248855870217,0.4507289691404935,0.16563769542809953,-0.001117170816569635,-0.021459929870837006,0.12058742118604447,-0.009112321122577842,0.4166431336698805,0.3933230237176268,0.17796011971770084,2.721157444373534,24.517548130871326
idle,ahad,swipe_right,0.07144583761692047,-0.0038431882858276367,-0.25845240365015343,-0.1299835592508316,0.024400413036346436,-0.2702782333944924,0.1350296288728714,-0.18093568086624146,-0.1079611064051278,-0.1272575706243515,-0.16988080739974976,-0.12003649334656075,0.10645641386508942,-0.3922377824783325,-0.1805340380524285,-0.09210191667079926,-0.3826853930950165,-0.16618216346250847,0.3183163476712741,0.2182324727376278,0.17808139091357394,-0.029714270071549524,0.028146035743481877,-0.41986788996974617,0.4218884499171166,0.3976774735191951,1.0556802621189187,1.458604602117895,12.760910858015327
idle,ahad,swipe_right,0.08484096825122833,0.0008075535297393799,-0.2377824893919751,-0.13136209547519684,0.02225211262702942,-0.2770248911110684,0.13607169687747955,-0.18494781851768494,-0.10049976024311036,-0.1277383416891098,-0.17382022738456726,-0.13014284882228822,0.10648657381534576,-0.39509665966033936,-0.18054575833957642,-0.0929001122713089,-0.386743426322937,-0.16985463711898774,0.4059130495244871,0.14093157016869973,0.6263610381266258,-0.041773824980765345,-0.065100012403547,-0.2044441732295793,0.42454933561799,0.40060544385149993,0.641677040624476,2.8801933367042074,7.122671423256112
idle,ahad,swipe_right,0.0961804986000061,-0.0010276436805725098,-0.23710482276510447,-0.13247254490852356,0.021205365657806396,-0.3166687384946272,0.13701272010803223,-0.18728119134902954,-0.10045436478685588,-0.12800192832946777,-0.17611068487167358,-0.1603738710982725,0.10651355981826782,-0.3970004618167877,-0.18057975627016276,-0.09343940019607544,-0.38917049765586853,-0.19999871111940593,0.3436221317811408,-0.055612036676117256,0.020535352329412872,-0.03364998282808209,-0.03171960512797003,-1.2013287085926763,0.42842015693046215,0.4001203918811613,1.060824113926213,6.1788054082058,30.226555398905223
idle,ahad,swipe_right,0.10648317635059357,-0.0010883808135986328,-0.23601573437917978,-0.1334773451089859,0.02049940824508667,-0.33320410281885415,0.13833869993686676,-0.1885262131690979,-0.09621467918623239,-0.12819980084896088,-0.17730915546417236,-0.18432523042429239,0.10648645460605621,-0.3975353538990021,-0.1927255067275837,-0.09412814676761627,-0.3905082046985626,-0.22344223887193948,0.3122023560784046,-0.001840519182609769,0.03300267836135409,-0.030448490923100917,-0.02139264887029451,-0.5010716461886907,0.4272274383567213,0.39880351840154643,1.4232490730171432,169.53521800188736,21.222440109659725
idle,ahad,swipe_right,0.11271744966506958,-0.0010512769222259521,-0.2308464398374781,-0.13377311825752258,0.019801944494247437,-0.34102523827459663,0.13877886533737183,-0.1895289123058319,-0.09426983201410621,-0.12846413254737854,-0.1780066192150116,-0.19065882766153663,0.10635185241699219,-0.3978773057460785,-0.1927539905300364,-0.0947527289390564,-0.39125630259513855,-0.22397268319036812,0.18891737316594281,0.0011243603446267048,0.15664528914247747,-0.008962822682929904,-0.021135265176946805,-0.2370041047194728,0.42917685624286606,0.3987009564506634,0.4240495001314423,167.87278320937187,8.028494172699876
idle,ahad,swipe_right,0.12102013826370239,-0.0006616115570068359,-0.2308957966743037,-0.13392892479896545,0.019800126552581787,-0.34107459511142224,0.13881158828735352,-0.18986427783966064,-0.09431918885093182,-0.12851855158805847,-0.17827731370925903,-0.1916528734145686,0.10627776384353638,-0.39760786294937134,-0.192803347366862,-0.09521162509918213,-0.39130038022994995,-0.22402204002719373,0.25159662420099155,0.011808041370276119,-0.0014956617219881413,-0.004721410346753618,-5.5089141383314975e-05,-0.0014956617219881413,0.42918988411266595,0.39904222682848317,84.17690537438163,21.30542321871032,7.166304054084423
idle,ahad,swipe_right,0.12603875994682312,-0.0006616115570068359,-0.21860245009884238,-0.13393482565879822,0.019800126552581787,-0.3410950764082372,0.13887175917625427,-0.1900755763053894,-0.08379290392622352,-0.12863236665725708,-0.1784619688987732,-0.19167335471138358,0.10624578595161438,-0.3971306085586548,-0.19282382866367698,-0.095622718334198,-0.39132633805274963,-0.2240425213240087,0.15207944494305478,0.0,0.37252565380186436,-0.00017881393432617472,0.0,-0.0006206453580296499,0.42917838729166785,0.39779889985539846,178.81393432617472,152079.44494305478,0.14019490112046545
idle,ahad,swipe_right,0.1303345113992691,-0.0005109906196594238,-0.2056581829674542,-0.1340109258890152,0.019547581672668457,-0.3410986070521176,0.1388659030199051,-0.1903706192970276,-0.073259845841676,-0.12871231138706207,-0.17898303270339966,-0.19167688535526395,0.10621829330921173,-0.3970091640949249,-0.18583811866119504,-0.09578724205493927,-0.39146536588668823,-0.22404605196788907,0.13017428643775567,0.004564270828709408,0.39225051913297104,-0.0023060675823327013,-0.007652875148888706,-0.00010698920849597698,0.4290617597957481,0.3977250664633714,0.3012941206216994,28.514033739057634,0.24120060267797874
idle,ahad,swipe_right,0.13348038494586945,-0.0003744363784790039,-0.20285760797560215,-0.13418947160243988,0.019622445106506348,-0.3399611208587885,0.13867898285388947,-0.19061607122421265,-0.06852279789745808,-0.12878744304180145,-0.17926257848739624,-0.19167605973780155,0.10620947182178497,-0.39677417278289795,-0.1824506912380457,-0.0959567278623581,-0.39138028025627136,-0.2232759539037943,0.09532950141213052,0.004138007308497528,0.08486590884400043,-0.005410476164384262,0.002268588904178479,0.0344692785857298,0.4289526910241274,0.397860397595498,2.3839013992459956,23.031972235568585,1.0940993319574417
idle,ahad,swipe_right,0.1334983855485916,-0.0003998875617980957,-0.19562669028528035,-0.13432787358760834,0.01946103572845459,-0.3390194319654256,0.1382969170808792,-0.1909533143043518,-0.06211180170066655,-0.1288844794034958,-0.17953240871429443,-0.18923497130163014,0.10618020594120026,-0.39663130044937134,-0.17591766943223774,-0.09606315195560455,-0.39128777384757996,-0.22070494224317372,0.0005454728097626744,-0.0007712479793664304,0.21911871788854298,-0.004193999550559371,-0.0048911932742957695,0.02853602707160287,0.4291585860354434,0.39766073605390045,0.8572841086625091,0.7063441075108964,0.28418001790383546
idle,ahad,swipe_right,0.13352952897548676,-0.00017336010932922363,-0.19562917202711105,-0.13438387215137482,0.019584208726882935,-0.3390219137072563,0.13818936049938202,-0.19106391072273254,-0.059867680072784424,-0.12896932661533356,-0.17932525277137756,-0.18845104426145554,0.10607700049877167,-0.3963980972766876,-0.1627439185976982,-0.0960649698972702,-0.3912237584590912,-0.22006305307149887,0.0009437402089436745,0.006864468256632412,-7.520429790019906e-05,-0.001696926174741784,0.0037325151038891933,-7.520429790019906e-05,0.4293981074681042,0.39853371696284845,0.4545116672955468,0.13746188514264424,0.9086899530512699
idle,ahad,swipe_right,0.1335318386554718,-9.709596633911133e-05,-0.19563373317942023,-0.1345246434211731,0.019587039947509766,-0.3390264748595655,0.13811752200126648,-0.19180351495742798,-0.0598722412250936,-0.12912720441818237,-0.17924898862838745,-0.1866166084073484,0.10591956973075867,-0.3963174521923065,-0.16119264950975776,-0.09608343243598938,-0.39123305678367615,-0.21707152714952826,6.999030257716435e-05,0.002311034636064046,-0.00013821673664179935,-0.004265796054493365,8.579456444942726e-05,-0.00013821673664179935,0.4302602559511932,0.3986717902326974,49.14819357125669,0.030272168714701526,0.13518559741242223
idle,ahad,swipe_right,0.1305798441171646,-0.00022524595260620117,-0.1956433136947453,-0.1345534473657608,0.019553959369659424,-0.33903605537489057,0.13781000673770905,-0.1918424367904663,-0.05810625897720456,-0.1292393058538437,-0.17924898862838745,-0.1863364358432591,0.10591556131839752,-0.3962094187736511,-0.16055532591417432,-0.09607772529125214,-0.3913034200668335,-0.2164032836444676,-0.08945437994870174,-0.0038833329171844982,-0.0002903186462142219,-0.0008728468056880971,-0.0010024417530406496,-0.0002903186462142219,0.4304915378133038,0.39830008643889875,0.8698529865268004,23.02953476334398,0.10807395470913377
idle,ahad,swipe_right,0.12850718200206757,-0.00035458803176879883,-0.19496623612940311,-0.13463614881038666,0.019474267959594727,-0.33903841115534306,0.13746391236782074,-0.19186866283416748,-0.056797029450535774,-0.12934641540050507,-0.17924898862838745,-0.18523728288710117,0.1059335321187973,-0.39597088098526,-0.1605545375496149,-0.09605087339878082,-0.3913295865058899,-0.21556350030004978,-0.06280794288172967,-0.003919456944321204,0.020517501980066626,-0.002506104382601691,-0.0024148912140817737,-7.138728643908759e-05,0.43069093783479023,0.3977511608008973,1.0373415690218506,16.020566932308032,0.0657685700405118
idle,ahad,swipe_right,0.12693455815315247,-0.0005538761615753174,-0.19496779679320753,-0.13470497727394104,0.019399672746658325,-0.33903997181914747,0.13742247223854065,-0.19219854474067688,-0.056798590114340186,-0.1293986439704895,-0.17923054099082947,-0.18523884355090559,0.10588905215263367,-0.395944744348526,-0.16038315533660352,-0.09604820609092712,-0.3913905918598175,-0.21554406522773206,-0.0476552681489419,-0.006039034236561102,-4.729284255793548e-05,-0.0020857110167994413,-0.002260460998072744,-4.729284255793548e-05,0.4306904066711841,0.39745811023695354,0.9222847613011765,7.889900335411752,0.013591164683015303
idle,ahad,swipe_right,0.12594912946224213,-0.00038421154022216797,-0.19496617722325027,-0.13473595678806305,0.019336819648742676,-0.3390383522491902,0.1373276561498642,-0.19265055656433105,-0.05679697054438293,-0.1294509917497635,-0.1792142391204834,-0.18523722398094833,0.10587875545024872,-0.395952045917511,-0.1571436624508351,-0.09599442780017853,-0.3914942145347595,-0.21373284864239395,-0.029861475482131167,0.005141352162216593,4.9077877492615135e-05,-0.000938773155212392,-0.001904639330777234,4.9077877492615135e-05,0.4312592189748039,0.39787846653297165,0.4926289776090547,5.806968200571367,0.03650682456221073
idle,ahad,swipe_right,0.12632134556770325,-0.0001767575740814209,-0.19480137806385756,-0.13456064462661743,0.01918312907218933,-0.32726343255490065,0.1369396150112152,-0.19400998950004578,-0.0508217578753829,-0.12910300493240356,-0.179269939661026,-0.17857060115784407,0.10622557997703552,-0.39602935314178467,-0.14855613093823195,-0.09558463096618652,-0.39188677072525024,-0.20551285427063704,0.011279275923064441,0.006286483822446981,0.004993913920991428,0.005312489740776378,-0.004657290198586278,0.3568157483118107,0.43048901899222436,0.3990510494837382,1.140437695871468,1.793925239663637,10.813092449727025
idle,ahad,swipe_right,0.1265944540500641,-0.0003358423709869385,-0.19325174670666456,-0.13495975732803345,0.019003063440322876,-0.32726343255490065,0.1364198625087738,-0.1941690742969513,-0.0508217578753829,-0.1289062798023224,-0.17940691113471985,-0.17857060115784407,0.10649868845939636,-0.3961378037929535,-0.14855613093823195,-0.09527328610420227,-0.3921269476413727,-0.20551285427063704,0.008276014616995056,-0.004820751421379267,0.04695852597554473,-0.012094324285333673,-0.005456534298983427,0.0,0.43061131583225687,0.3988241849851515,2.2160784747768747,1.7163918032563554,10.825484090486476
idle,ahad,swipe_right,0.12680259346961975,-0.00038373470306396484,-0.19325174670666456,-0.13533127307891846,0.01895517110824585,-0.32726343255490065,0.13605692982673645,-0.19421696662902832,-0.0508217578753829,-0.12893280386924744,-0.17914575338363647,-0.17857060115784407,0.10670682787895203,-0.39611315727233887,-0.14855613093823195,-0.09505864977836609,-0.39219823479652405,-0.20551285427063704,0.006307255138050527,-0.0014512827902129434,0.0,-0.011258053057121688,-0.0014512827902129434,0.0,0.43068806657156555,0.3987521959194785,7.751970300130705,4.342993789195639,0.12398861442309976
idle,ahad,swipe_right,0.12924431264400482,-0.0003458857536315918,-0.19325174670666456,-0.13589780032634735,0.01892268657684326,-0.32726343255490065,0.1361195296049118,-0.1942494511604309,-0.0508217578753829,-0.12914006412029266,-0.17892998456954956,-0.17857060115784407,0.10676942765712738,-0.3959638774394989,-0.14855613093823195,-0.0949900895357132,-0.39225292205810547,-0.20551285427063704,0.07399149013287813,0.0011469378615870185,0.0,-0.01716749234632947,-0.000984379739472323,0.0,0.4307691089795127,0.3987686219722556,17.42220958949569,64.456006382249,0.17963198572452493
swipe_right,ahad,swipe_right,0.13613858819007874,0.002104043960571289,-0.19325156975537539,-0.13630637526512146,0.01887446641921997,-0.32726325560361147,0.13612809777259827,-0.19345736503601074,-0.05082158092409372,-0.12930622696876526,-0.17897146940231323,-0.1785704242065549,0.1067911684513092,-0.39558354020118713,-0.14855595398694277,-0.09497430920600891,-0.3923095166683197,-0.20551267731934786,0.20891744079012192,0.07424029436978545,5.362160278089204e-06,-0.01238105875073077,-0.0014612168976755086,5.362160278089204e-06,0.4308176075150615,0.4012659762684329,8.467320252154781,2.8140328447067953,0.14576151003725396
swipe_right,ahad,swipe_right,0.14203912019729614,0.005085021257400513,-0.18882332206703722,-0.1366080641746521,0.01847180724143982,-0.3272532916162163,0.136135995388031,-0.19301363825798035,-0.050811616936698556,-0.1293659508228302,-0.17931076884269714,-0.17856046021915972,0.10689729452133179,-0.39574480056762695,-0.1485459899995476,-0.09495976567268372,-0.3929440975189209,-0.2055027133319527,0.17880400021871215,0.09033264535846276,0.13418932388903732,-0.009142088167595286,-0.012201793266065387,0.000301939011974773,0.43106940365844554,0.40437823563416214,0.7491799597243377,1.9793732391644392,0.34006814662038026
swipe_right,ahad,swipe_right,0.15044818818569183,0.004318058490753174,-0.18721674918197095,-0.13662664592266083,0.017777204513549805,-0.32725106715224683,0.13755939900875092,-0.19084888696670532,-0.05080939247272909,-0.12932084500789642,-0.17993932962417603,-0.17855823575519025,0.10694240033626556,-0.3958289921283722,-0.14854376553557813,-0.09490235149860382,-0.3937148153781891,-0.20550048886798322,0.25482024207260073,-0.02324129595901064,0.0486840268201908,-0.0005630832729917674,-0.02104856751181896,6.74079990748214e-05,0.43114939695228754,0.4043587705982131,0.02675034879816918,10.963643287306617,0.373502205427378
swipe_right,ahad,swipe_right,0.16187287867069244,0.00380021333694458,-0.15257556922733784,-0.13654698431491852,0.01725935935974121,-0.30561220832169056,0.13921143114566803,-0.1910528540611267,-0.03312007896602154,-0.1292407065629959,-0.18041998147964478,-0.16367757506668568,0.10702253878116608,-0.3962132930755615,-0.14815098233520985,-0.09476722776889801,-0.3943058252334595,-0.19202538020908833,0.34620274196970235,-0.01569227738813861,1.0497327258979334,0.002413988113403229,-0.01569227738813861,0.6557229948653168,0.42899116161870043,0.40378080943451317,0.15382307045867832,22.060576220450386,19.86921890410722
swipe_right,ahad,swipe_right,0.18240152299404144,0.0031697452068328857,-0.12599381990730762,-0.13569141924381256,0.016628891229629517,-0.30561220832169056,0.14375804364681244,-0.1916833221912384,-0.01753900572657585,-0.12833307683467865,-0.18097218871116638,-0.15509717352688313,0.10793016850948334,-0.39665278792381287,-0.1332769114524126,-0.0937650054693222,-0.3949893116950989,-0.1791288424283266,0.6220801310105857,-0.01910509485186983,0.8055075551524435,0.025926214275938504,-0.01910509485186983,0.0,0.4326492933065848,0.4067641627039253,1.3569604085473916,32.559250638793166,19.883432525050818
swipe_right,ahad,swipe_right,0.20052821934223175,-0.0023638010025024414,-0.11763351946137846,-0.13466940820217133,0.01650446653366089,-0.3056051635649055,0.14961667358875275,-0.19180774688720703,-0.010463785147294402,-0.12727458775043488,-0.1810615062713623,-0.15046150027774274,0.10877068340778351,-0.3967772126197815,-0.13287057518027723,-0.09273751080036163,-0.39516934752464294,-0.17215069173835218,0.5492938287330483,-0.16768321846470954,0.2533424377554334,0.030970031564886414,-0.0037704453323827245,0.0002134774783344014,0.43479156989473833,0.40523271404382394,8.211714299281692,3.2757634186585753,0.48922000977546065
swipe_right,ahad,swipe_right,0.21657246351242065,-0.018809258937835693,-0.11066690622828901,-0.1338391900062561,0.016401588916778564,-0.3056051635649055,0.1550205945968628,-0.19186246395111084,-0.010384660912677646,-0.12634456157684326,-0.18109703063964844,-0.1490672731306404,0.10928493738174438,-0.3968319296836853,-0.12982434569858015,-0.09190121293067932,-0.39527997374534607,-0.17192787467502058,0.48618921727843323,-0.49834721016159483,0.21110949191179343,0.025158127148945175,-0.0031175035418884943,0.0,0.43486793457562517,0.39341931872764385,8.067371677157047,0.9756014115527396,0.17734429675601807
swipe_right,ahad,swipe_right,0.2330193966627121,-0.03576183319091797,-0.08499539992772043,-0.13364620506763458,0.016298115253448486,-0.3061759283300489,0.15863780677318573,-0.19431257247924805,0.023400826612487435,-0.12611918151378632,-0.18094831705093384,-0.14487866661511362,0.10910181701183319,-0.3968319296836853,-0.09664780250750482,-0.09170018136501312,-0.39531853795051575,-0.16343722841702402,0.4983919136452032,-0.5137143713055317,0.7779244333505755,0.005848028443076487,-0.003135565555456963,-0.017295901974042533,0.43767804897224855,0.381920095849524,1.8644687444527184,0.9701713078559705,0.7855609632375776
swipe_right,ahad,swipe_right,0.25205928087234497,-0.0598333477973938,-0.07712358422577381,-0.13340407609939575,0.01642763614654541,-0.3184708971530199,0.16504234075546265,-0.20001345872879028,0.03817109949886799,-0.12578937411308289,-0.18038952350616455,-0.1446682084351778,0.10936087369918823,-0.39668768644332886,-0.08695340342819691,-0.09145277738571167,-0.39517641067504883,-0.153208302333951,0.5769661881707023,-0.7294398365598853,0.23853986975596186,0.0073372414617828615,0.003924875548391694,-0.37257481281730853,0.44552163591683136,0.3659648975242006,1.8689439772966558,0.7909705067949466,10.768247889158513
swipe_right,ahad,swipe_right,0.2812323719263077,-0.08442133665084839,-0.07710962137207389,-0.13320009410381317,0.016528785228729248,-0.31845693429932,0.17258109152317047,-0.20583605766296387,0.055313384626060724,-0.12546579539775848,-0.18020963668823242,-0.14409700175747275,0.10964955389499664,-0.3966343402862549,-0.06737469276413321,-0.09122265875339508,-0.39501243829727173,-0.1518314047716558,0.8840330622413083,-0.7450905713168177,0.0004231167787855389,0.00618127259341163,0.003065123702540591,0.0004231167787855389,0.4459734866897929,0.3563879794796817,2.0159893054183775,1.1864757249621494,11.303051869352984
swipe_right,ahad,swipe_right,0.29401442408561707,-0.11916807293891907,-0.07711214106529951,-0.13302868604660034,0.016092270612716675,-0.31871685665100813,0.17716023325920105,-0.2154960334300995,0.06967007834464312,-0.12515130639076233,-0.17997685074806213,-0.1367750344797969,0.10980287194252014,-0.39663517475128174,-0.04334085714071989,-0.09103208780288696,-0.3948223888874054,-0.12923436146229506,0.3873349139184516,-1.0529314026687686,-7.635434017036611e-05,0.00519418355190373,-0.013227715636744143,-0.007876434899640508,0.45444272206636316,0.33475720776263435,0.39264458429179183,0.36786303939047776,0.5548959949988763
swipe_right,ahad,swipe_right,0.30435916781425476,-0.1472359001636505,-0.07712307013571262,-0.13277095556259155,0.016132444143295288,-0.31898179091513157,0.18085548281669617,-0.2250296175479889,0.06965914927423,-0.12476673722267151,-0.17853900790214539,-0.13162588514387608,0.10958918929100037,-0.39541617035865784,-0.0358396228402853,-0.09070762991905212,-0.39360111951828003,-0.11992218531668186,0.3134770826859958,-0.8505402189312695,-0.0003311839519125095,0.0078100146669331265,0.0012173797145034523,-0.008028311034043757,0.4574665486524878,0.31817151674625144,6.4101647244808895,0.36856189413123225,0.44487327411031324
swipe_right,ahad,swipe_right,0.31165172159671783,-0.1805708408355713,-0.11402141954749823,-0.1328004151582718,0.017589688301086426,-0.31874078419059515,0.18486233055591583,-0.23735469579696655,0.0696461508050561,-0.12460683286190033,-0.17591822147369385,-0.12027098890393972,0.10974271595478058,-0.3939194679260254,-0.02146474737673998,-0.09054772555828094,-0.39096763730049133,-0.11156035866588354,0.2209864782564603,-1.0101497173309486,-1.1181318003571572,-0.0008927150206132511,0.04415891387245942,0.007303234076861296,0.4600305498570148,0.30797990324698576,0.02021550637964441,0.21876584797203097,1.4066512393697863
swipe_right,ahad,swipe_right,0.312110960483551,-0.21101543307304382,-0.11495037004351616,-0.1326085925102234,0.018420428037643433,-0.3187522701919079,0.188632071018219,-0.24657359719276428,0.06963466480374336,-0.12415158748626709,-0.17440131306648254,-0.11761760339140892,0.10986888408660889,-0.39360758662223816,-0.017056884244084358,-0.09008848667144775,-0.3894460201263428,-0.10600060597062111,0.013916329904035562,-0.9225634011354964,-0.028150015030845386,0.0058128075166179885,0.025173931410817436,-0.00034806064584037155,0.46198081082158976,0.28952527793794225,0.23089665754244235,0.015084399405512807,0.6527021621599831
swipe_right,ahad,swipe_right,0.312767818570137,-0.23325833678245544,-0.22816098853945732,-0.13250602781772614,0.018530935049057007,-0.31643248721957207,0.19020016491413116,-0.2552432119846344,0.04831650108098984,-0.12354008853435516,-0.17257019877433777,-0.11575394496321678,0.109837606549263,-0.3928813934326172,-0.01552373543381691,-0.08943162858486176,-0.3876083493232727,-0.10296517238020897,0.019904790502606334,-0.6740273851336962,-3.4306248029073627,0.0031080209847653044,0.0033486973155629086,0.07029645370714704,0.46083925254308367,0.3344768939306418,0.9278512928094247,0.029531086437343642,2.2420769841000134
swipe_right,ahad,swipe_right,0.313157394528389,-0.2583003044128418,-0.3649591915309429,-0.1333918422460556,0.01771080493927002,-0.30163855478167534,0.19058974087238312,-0.2667542099952698,-0.03723422810435295,-0.12323881685733795,-0.17183351516723633,-0.1149439625442028,0.10908789932727814,-0.39386221766471863,-0.01552373543381691,-0.08883611857891083,-0.38645246624946594,-0.09627589210867882,0.011805332068241192,-0.7588475039511137,-4.145400090651145,-0.026842861464529754,-0.024852427569303042,0.44830098296657467,0.45552934648563054,0.4267628488680242,1.080046661156866,0.015556902341869428,11.522317664303706
swipe_right,ahad,swipe_right,0.30859212577342987,-0.27629873156547546,-0.38087887689471245,-0.1339014321565628,0.017332762479782104,-0.21678517386317253,0.1906188577413559,-0.27901574969291687,-0.06227228417992592,-0.12320969998836517,-0.17175379395484924,-0.0838201455771923,0.1081334799528122,-0.3952184319496155,-0.01552373543381691,-0.08858577907085419,-0.386201947927475,-0.08478434011340141,-0.138341477422998,-0.5454068834131207,-0.4824147079929978,-0.015442118500217662,-0.011455832105693961,2.5713145732878666,0.42698710873829415,0.43337044571082656,1.3478523869214285,0.25364774076470553,64.33595357428746
swipe_right,ahad,swipe_right,0.3032510131597519,-0.30039602518081665,-0.4220927217975259,-0.1339370757341385,0.017502427101135254,-0.17643566522747278,0.1906188577413559,-0.28835898637771606,-0.09662257228046656,-0.12320969998836517,-0.1715841293334961,-0.07374070677906275,0.1070403903722763,-0.39653339982032776,-0.01550451759248972,-0.08837927877902985,-0.385789692401886,-0.08260924462229013,-0.16185189738418373,-0.7302210186467143,-1.2489043909943665,-0.0010801084113843686,0.005141352162216731,1.222712382900012,0.41656145251357896,0.46157878102865924,0.21004170412917864,0.22164751712655303,40.87214495274268
swipe_right,ahad,swipe_right,0.2738996297121048,-0.31389284133911133,-0.5257734647020698,-0.13394837081432343,0.017502427101135254,-0.17079490330070257,0.1845298558473587,-0.2947739362716675,-0.17151883151382208,-0.12322099506855011,-0.1715841293334961,-0.07227231469005346,0.10590042173862457,-0.3973997235298157,-0.015459082089364529,-0.08812524378299713,-0.3851901888847351,-0.06979579385370016,-0.8894358620499261,-0.40899442903923916,-3.1418406940771373,-0.00034227515711929404,0.0,0.1709321795991,0.4176863919851355,0.543707552232186,342.2751571192941,2.174684113559111,31.872516002971857
swipe_right,ahad,swipe_right,0.23484838008880615,-0.32238447666168213,-0.6131444750353694,-0.13400506973266602,0.017502427101135254,-0.16582098882645369,0.1748969554901123,-0.2988525629043579,-0.21991536300629377,-0.12326091527938843,-0.17124336957931519,-0.06609117519110441,0.10520434379577637,-0.3974815309047699,-0.01454784907400608,-0.0880807638168335,-0.3842640817165375,-0.05581458192318678,-1.1833712007060384,-0.25732228250214956,-2.647606373736395,-0.0017181490406845829,0.0,0.15072468103784745,0.4190784879245882,0.6170616373707459,1718.149040684583,4.5987723660262,0.6137661868256211
swipe_right,ahad,swipe_right,0.197062149643898,-0.33061954379081726,-0.7521067247726023,-0.13424549996852875,0.017917126417160034,-0.105794592294842,0.16834910213947296,-0.29847201704978943,-0.28071033814921975,-0.12334497272968292,-0.1708628237247467,-0.055716937873512506,0.10398168861865997,-0.39733341336250305,-0.014494066592305899,-0.08793555200099945,-0.383281409740448,-0.05021785059943795,-1.1450372862092943,-0.24954748876166122,-4.210977264764474,-0.007285764723112813,0.01256664594014438,1.8189817130790729,0.407668555217643,0.7464496943034417,0.5797239003877533,4.588436066639123,50.5549591736731
swipe_right,ahad,swipe_right,0.15321867167949677,-0.33240771293640137,-0.7577093581785448,-0.13407178223133087,0.018502652645111084,-0.07382394029991701,0.1524185985326767,-0.30020105838775635,-0.28605539008276537,-0.12322740256786346,-0.17070794105529785,-0.033768981986213475,0.10147117078304291,-0.39722031354904175,-0.014436464116442949,-0.08784608542919159,-0.38258299231529236,-0.04368524655001238,-1.3285902413455135,-0.05418694380557985,-0.16977676987704723,0.005264173854481174,0.017743219028819975,0.9688076362098637,0.4048639901239633,0.7478857346511261,0.2966697968465762,24.518188881872756,25.766135099197907
swipe_right,ahad,swipe_right,0.1273047924041748,-0.33264702558517456,-0.7628021278651431,-0.13423249125480652,0.018721580505371094,-0.018253991496749222,0.14545536041259766,-0.30394428968429565,-0.30895555403549224,-0.12334153056144714,-0.17070794105529785,0.04019296157639474,0.09877783060073853,-0.39912861585617065,-0.014440666069276631,-0.08810737729072571,-0.3825494945049286,-0.02782982785720378,-0.7852690689491628,-0.007251898447672642,-0.1543263541393458,-0.004869970408353016,0.0066341775836367654,1.683937842520263,0.4040268535878812,0.7518500295244667,0.7339623313719611,108.26969033340666,21.675402427504146
swipe_right,ahad,swipe_right,0.10909505188465118,-0.337756484746933,-0.7627753707929514,-0.13388867676258087,0.01914152503013611,-0.018227234424557537,0.1283595710992813,-0.3046548068523407,-0.32867122621973976,-0.12312759459018707,-0.1723634898662567,0.04040232492843643,0.09816761314868927,-0.39997386932373047,-0.014413908997084945,-0.08750550448894501,-0.38219285011291504,-0.02266215340932831,-0.5518103187734221,-0.15483209581085544,0.0008108203694449826,0.010418620976534362,0.012725591659545416,0.0008108203694449826,0.4040301323515742,0.7510228287889467,0.818649741835632,3.563904189111579,51.00628725758746
swipe_right,ahad,swipe_right,0.05854181945323944,-0.33615005016326904,-0.7628037253743969,-0.13393257558345795,0.023706495761871338,-0.018255589006002992,0.12415365874767303,-0.3001742362976074,-0.3329980293638073,-0.12282128632068634,-0.16958409547805786,0.043495014833752066,0.09762994945049286,-0.397713840007782,-0.0447534317499958,-0.08719111979007721,-0.37771227955818176,-0.01677309296792373,-1.5319161342852288,0.04867983586860503,-0.0008592297407713941,-0.00133026729930533,0.13833244641622128,-0.0008592297407713941,0.4041336346601688,0.7217438647475918,0.009616382254388336,31.468566776873757,3.823217867479786
idle,ahad,swipe_right,0.024938106536865234,-0.33615005016326904,-0.751999128726311,-0.1344446837902069,0.02371847629547119,-0.0181997959734872,0.1200907826423645,-0.3001742362976074,-0.3408907839329913,-0.12308576703071594,-0.16958409547805786,0.04355080786626786,0.09651058912277222,-0.3987521827220917,-0.07503305014688522,-0.08723637461662292,-0.37771227955818176,-0.016717299935407937,-1.0182943307992347,0.0,0.32741201963897076,-0.015518430507544562,0.0003630464727228396,0.0016906979550240888,0.40419979464958505,0.6836115262425201,42.627608479424126,1018294.3307992348,4.203649801109104
idle,ahad,swipe_right,-0.009801506996154785,-0.33615005016326904,-0.7367502423003316,-0.1357852816581726,0.02385812997817993,-0.028167222626507282,0.11139559745788574,-0.30231332778930664,-0.3407432707026601,-0.12436854839324951,-0.16958409547805786,0.0436983210965991,0.09610366821289062,-0.3987521827220917,-0.09999017138034105,-0.08853688836097717,-0.37771227955818176,-0.016569786705076694,-1.0527155616066273,0.0,0.4620874674539048,-0.04062417781714083,0.004231929779052574,-0.30204323190968807,0.4045067428415989,0.6485355202724076,9.59717735412881,1052715.5616066274,9.236190990843816
idle,ahad,swipe_right,-0.04561091959476471,-0.33615005016326904,-0.7094031935557723,-0.1374545842409134,0.02385812997817993,-0.048102944158017635,0.09781084954738617,-0.30231332778930664,-0.3407310312613845,-0.1255561262369156,-0.16958409547805786,0.0437105605378747,0.0947786420583725,-0.3987521827220917,-0.10608915146440268,-0.09020088613033295,-0.37758034467697144,-0.016557547263801098,-1.085133715109409,0.0,0.8286984468048401,-0.05058492674972152,0.0,-0.6041127736821416,0.40543911131487315,0.6225882181720911,50584.926749721526,1085133.715109409,9.159495507797894
idle,ahad,swipe_right,-0.06689435243606567,-0.33689430356025696,-0.7035329677164555,-0.13775262236595154,0.02171894907951355,-0.05648503080010414,0.08499988913536072,-0.30576106905937195,-0.34073901548981667,-0.12600374221801758,-0.17160698771476746,0.039838388562202454,0.09476414322853088,-0.402199923992157,-0.12449964508414268,-0.09048542380332947,-0.37978577613830566,-0.017072895541787148,-0.6449525103424637,-0.02255313324205839,0.1778856314944527,-0.009031458334489446,-0.064823663595952,-0.25400262551777697,0.4061939793224596,0.6047130575728887,0.13932132977630166,28.595756858426824,10.862945920623616
idle,ahad,swipe_right,-0.10046210885047913,-0.3358170688152313,-0.5760202724486589,-0.1380191147327423,0.020385414361953735,-0.058829279616475105,0.06704729795455933,-0.30804839730262756,-0.334695341065526,-0.1263115108013153,-0.17182758450508118,0.03773162700235844,0.09475529193878174,-0.4044550061225891,-0.144955487921834,-0.091097891330719,-0.3820731043815613,-0.01927260309457779,-1.017204739830727,0.03264347712198945,3.864021068721168,-0.008075526266387143,-0.040410142956358655,-0.07103784292033337,0.4071107848881246,0.4781609022785967,0.1998341466141696,31.160086774541526,5.5936016729754074
idle,ahad,swipe_right,-0.12190039455890656,-0.33610641956329346,-0.45983252115547657,-0.13823692500591278,0.020165205001831055,-0.06852595694363117,0.053276970982551575,-0.3082275390625,-0.3308891374617815,-0.12606994807720184,-0.17297053337097168,0.030090119689702988,0.09454531967639923,-0.40533095598220825,-0.1549027282744646,-0.09141673147678375,-0.3832160532474518,-0.025449873879551888,-0.6496450214674733,-0.008768204486730994,3.52084094827812,-0.006600311308195847,-0.006673010912808252,-0.29383870688350605,0.40836762721966974,0.3802932582096377,0.9889572244374119,74.08254904426909,6.828651579038541
idle,ahad,swipe_right,-0.13619819283485413,-0.3252551555633545,-0.39168489165604115,-0.13806754350662231,0.020781517028808594,-0.09072371758520603,0.03848671913146973,-0.30759334564208984,-0.28284371085464954,-0.12469932436943054,-0.17297649383544922,0.01719408482313156,0.0949442982673645,-0.4052621126174927,-0.15627254731953144,-0.09135192632675171,-0.3832220137119293,-0.031991517171263695,-0.43326661442266057,0.3288261818163375,2.0650796818011066,0.005132772705771788,0.018676122029622693,-0.672659413381067,0.4109144352598751,0.33948039153390486,0.274816039517812,1.3176119201260452,11.51058009230092
idle,ahad,swipe_right,-0.1451008915901184,-0.3137352168560028,-0.38191655464470387,-0.13780954480171204,0.021014541387557983,-0.11947613395750523,0.031825482845306396,-0.3038347661495209,-0.25598511286079884,-0.12378931045532227,-0.17301449179649353,-0.004090281203389168,0.09535104036331177,-0.4052741527557373,-0.1566359270364046,-0.09148389101028442,-0.38328221440315247,-0.040938084945082664,-0.269778750159528,0.3490890517379354,0.29601021246477077,0.007818142573038861,0.007061344204527071,-0.871285344615141,0.4144516353988415,0.3419764166450399,1.1070180589650829,0.7728056093734033,6.029798580534286
idle,ahad,swipe_right,-0.14702731370925903,-0.30495962500572205,-0.37726364098489285,-0.13753092288970947,0.021368712186813354,-0.13092135451734066,0.03012162446975708,-0.30053284764289856,-0.25235280953347683,-0.12341678142547607,-0.17428937554359436,-0.01124346349388361,0.09560847282409668,-0.4052514135837555,-0.1586455311626196,-0.09119272232055664,-0.38363155722618103,-0.04347826726734638,-0.058376427852744,0.26592702576607363,0.14099738363063163,0.008443088242501604,0.010732448462283566,-0.34682486544954544,0.4169157475610572,0.3416495949142991,0.7866146907184495,0.21951965267510182,15.893142417842252
idle,ahad,swipe_right,-0.15107405185699463,-0.2952461838722229,-0.3608506955206394,-0.13669425249099731,0.021549105644226074,-0.1356634385883808,0.027736932039260864,-0.29662787914276123,-0.2521052397787571,-0.12332895398139954,-0.17475444078445435,-0.011763570830225945,0.09605321288108826,-0.4052286148071289,-0.1588849015533924,-0.09116670489311218,-0.3839494287967682,-0.045012228190898895,-0.12262842871926243,0.29434670101513033,0.49736198376526325,0.02535364844582338,0.005466468406446139,-0.14369951730424937,0.41799457050373323,0.3375769571876883,4.637182432719951,0.41661079157862685,6.178668586501889
idle,ahad,swipe_right,-0.15534360706806183,-0.2885267436504364,-0.3577345637604594,-0.1358455866575241,0.021865397691726685,-0.13746789377182722,0.023134425282478333,-0.29376545548439026,-0.24405268114060163,-0.12314097583293915,-0.1747170388698578,-0.012279017828404903,0.09646262228488922,-0.40517500042915344,-0.15888197999447584,-0.09103639423847198,-0.3839761018753052,-0.04656707029789686,-0.12938046094143235,0.20361940066020018,0.0944282351569711,0.025717146468885427,0.009584607500018648,-0.05468046010443746,0.41830389216968017,0.34140231841754093,2.682891665325896,0.6354002866212863,2.7004546338915856
idle,ahad,swipe_right,-0.15557430684566498,-0.28004100918769836,-0.3468448119238019,-0.13472424447536469,0.022053688764572144,-0.1385499881580472,0.02321644127368927,-0.2893056571483612,-0.23550735879689455,-0.12263672053813934,-0.1747126281261444,-0.012277037836611271,0.09691144526004791,-0.40516015887260437,-0.15998627711087465,-0.0908520370721817,-0.38398677110671997,-0.04719881806522608,-0.0069909023516107,0.2571434685678234,0.3299924798987181,0.033980066126043686,0.0057057900862261205,-0.032790738976363504,0.41849571313484896,0.3381123610084307,5.9543220641771635,0.027186672109055336,0.7186873025187699
idle,ahad,swipe_right,-0.15549315512180328,-0.2696918547153473,-0.3277432583272457,-0.13394255936145782,0.022569984197616577,-0.13855184242129326,0.023297592997550964,-0.2827499210834503,-0.2247512750327587,-0.1219535619020462,-0.17479458451271057,-0.01227889209985733,0.09719471633434296,-0.4046926498413086,-0.16145649179816246,-0.09051720798015594,-0.3835796117782593,-0.051496267318725586,0.0024591431473239777,0.3136107415863843,0.5788349574713777,0.023687427694146387,0.015645316152861032,-5.618979533513174e-05,0.4176385142804666,0.33125166231790826,1.5139300179496233,0.007841361853623734,1.0825790102816681
idle,ahad,swipe_right,-0.15535034239292145,-0.25825896859169006,-0.3134033000096679,-0.1334184855222702,0.024361759424209595,-0.13857719954103231,0.0234404057264328,-0.2752275764942169,-0.2144422447308898,-0.12152768671512604,-0.1743011176586151,-0.011785880662500858,0.09745065867900848,-0.4034445285797119,-0.16148184891790152,-0.09018690884113312,-0.3818632960319519,-0.05152162443846464,0.004327658450964794,0.3464510946562851,0.4345441914417596,0.015881025429928194,0.054296218987668066,-0.000768397567850183,0.41769179793136624,0.3287359430817284,0.29248321969372093,0.012491361771843987,1.1950846092618508
idle,ahad,swipe_right,-0.15500234067440033,-0.24807745218276978,-0.3072686968371272,-0.13256408274173737,0.025149285793304443,-0.1375202713534236,0.025745078921318054,-0.266072154045105,-0.20359768252819777,-0.12021090090274811,-0.17351359128952026,-0.011506959795951843,0.09768430888652802,-0.40304139256477356,-0.1615089951083064,-0.08987186849117279,-0.38107576966285706,-0.051548770628869534,0.010545506621852234,0.30853080027031665,0.18589706583456855,0.02589099334948032,0.023864435427117005,0.032028126897234416,0.41741169098961467,0.330318416581818,1.0848741238578778,0.034179642463476725,1.3892889902584358
idle,ahad,swipe_right,-0.15215636789798737,-0.23930776119232178,-0.3069959916174412,-0.13248975574970245,0.025962412357330322,-0.13539210334420204,0.027721479535102844,-0.26003748178482056,-0.19743314757943153,-0.11942987143993378,-0.17268973588943481,-0.006191500462591648,0.09785200655460358,-0.4025335907936096,-0.16152456775307655,-0.08947063982486725,-0.3802519142627716,-0.05156434327363968,0.08624159928523806,0.26574821183174746,0.00826379453594003,0.0022523330919669484,0.024640198909874185,0.06448993967337797,0.4169985813462979,0.33212767711616753,0.0914051747321595,0.32452250259105114,1.2170948552026233
idle,ahad,swipe_right,-0.1502533107995987,-0.23342269659042358,-0.3065565247088671,-0.13245894014835358,0.0255165696144104,-0.12458268739283085,0.028955593705177307,-0.252768874168396,-0.1961734313517809,-0.11863432824611664,-0.1726587414741516,0.0035993990022689104,0.0985301285982132,-0.4025466740131378,-0.16068577952682972,-0.0892733484506607,-0.3802209198474884,-0.04708692617714405,0.057668396920869766,0.17833529096661477,0.013317179047700342,0.0009338061014811347,-0.013510386149088756,0.3275580591324656,0.41532336641648643,0.3343267769082315,0.069112531547632,0.3233688253147841,8.055252330606525
idle,ahad,swipe_right,-0.14747951924800873,-0.22270554304122925,-0.30429388768970966,-0.13226203620433807,0.02540534734725952,-0.11735131777822971,0.029815778136253357,-0.24471455812454224,-0.19246320612728596,-0.11567308008670807,-0.17261439561843872,0.02870478481054306,0.09892694652080536,-0.40258359909057617,-0.1506574172526598,-0.08916755020618439,-0.3800988495349884,-0.023295916616916656,0.08405428944212151,0.3247622287634699,0.06856475815628624,0.005966786182288062,-0.003370371731844869,0.21913241256367424,0.41849397474775846,0.34157931212110054,1.7698392989203062,0.2588171381413983,3.303485041638211
idle,ahad,swipe_right,-0.14571909606456757,-0.21321123838424683,-0.3039326947182417,-0.1318470984697342,0.02360433340072632,-0.11734676919877529,0.030580028891563416,-0.23657262325286865,-0.17677484266459942,-0.11298833787441254,-0.17240756750106812,0.039222924038767815,0.09906987845897675,-0.402737557888031,-0.12372290156781673,-0.08871258795261383,-0.379645973443985,0.004593509715050459,0.05334615707397259,0.28770620172672917,0.010945241559635095,0.0125738707455717,-0.054576180197973785,0.0001378357410430856,0.42348651405857896,0.35821423391632257,0.23038696209590018,0.18541821947384546,6.818135559763329
idle,ahad,swipe_right,-0.14086808264255524,-0.20163705945014954,-0.30395050905644894,-0.13101671636104584,0.018393129110336304,-0.11736458353698254,0.03410725295543671,-0.2309008538722992,-0.17212491296231747,-0.11309121549129486,-0.17248591780662537,0.03920510970056057,0.09904758632183075,-0.4028213322162628,-0.1171997394412756,-0.08846817910671234,-0.37881720066070557,0.004575695376843214,0.1470004067276487,0.35073269497265075,-0.0005398284305225805,0.02516309420267781,-0.15791528152697265,-0.0005398284305225805,0.41767913009975116,0.36456890950123305,0.15934452077621816,0.419122567448535,3.1547066647987183
idle,ahad,swipe_right,-0.13204599916934967,-0.1864229142665863,-0.2952001765370369,-0.13114003837108612,0.011835604906082153,-0.11735130846500397,0.03788043558597565,-0.22395756840705872,-0.17041417211294174,-0.11362017691135406,-0.17267242074012756,0.03921838477253914,0.0985335260629654,-0.4032374918460846,-0.11718646436929703,-0.08863003551959991,-0.3786337971687317,0.004588970448821783,0.26733586282441535,0.4610347025322265,0.2651615914973388,-0.0037370306072813685,-0.19871285467437136,0.0004022749084414922,0.4112698456253237,0.363131326419348,0.018806089859235885,0.5798593500591823,1.515317187139371
idle,ahad,swipe_right,-0.12012660503387451,-0.17187923192977905,-0.2938022604212165,-0.13142144680023193,-0.017360329627990723,-0.1543776085600257,0.043926745653152466,-0.2226589322090149,-0.1699103256687522,-0.1139533519744873,-0.1742480993270874,0.03918480593711138,0.09824672341346741,-0.4052429795265198,-0.11722004320472479,-0.08893430233001709,-0.38047167658805847,0.004555391613394022,0.36119376168107115,0.44071764656992374,0.04236109441880091,-0.008527528155933863,-0.8847252889113134,-1.122009093788555,0.39864107450250513,0.36513946473458364,0.009638606044392874,0.819556341652916,39.86251958601507
idle,ahad,swipe_right,-0.11008347570896149,-0.15459692478179932,-0.28401079680770636,-0.1315932720899582,-0.03645235300064087,-0.19199257995933294,0.05044327676296234,-0.21932411193847656,-0.1658410718664527,-0.1152249127626419,-0.17689406871795654,-0.016398352570831776,0.09817926585674286,-0.40763619542121887,-0.11722004320472479,-0.08914543688297272,-0.38296401500701904,-0.011753188446164131,0.3043372522700801,0.5237062772114873,0.29671101859120486,-0.0052068269614015394,-0.5785461628075582,-1.1398476181607826,0.39288470175513224,0.36772462182677307,0.008999831467730285,0.5811209152764558,9.294433757383468
idle,ahad,swipe_right,-0.09950408339500427,-0.1370091736316681,-0.28106057550758123,-0.13178104162216187,-0.04736563563346863,-0.19199257995933294,0.05770835280418396,-0.21348044276237488,-0.15692065563052893,-0.11581960320472717,-0.1791227161884308,-0.018065315671265125,0.09845742583274841,-0.40920788049697876,-0.1192952087149024,-0.0893305242061615,-0.3851926624774933,-0.02318804431706667,0.32058764587749644,0.5329621560645911,0.08940064545833845,-0.005689985824353858,-0.33070553432811917,0.0,0.38003173255474426,0.3734286130553561,0.017205543990577426,0.6015193399947587,35.34790753005576
idle,ahad,swipe_right,-0.0886944979429245,-0.12084189057350159,-0.2698483159765601,-0.13237260282039642,-0.049102455377578735,-0.19199257995933294,0.06320755183696747,-0.20807525515556335,-0.15692065563052893,-0.11659879982471466,-0.1808595359325409,-0.018065315671265125,0.0986625999212265,-0.4094698131084442,-0.12072292622178793,-0.08943997323513031,-0.3869294822216034,-0.023426500149071217,0.3275631955175741,0.4899176684292958,0.3397654403339787,-0.017926096916199015,-0.05263090133667076,0.0,0.3799800442286128,0.3750295210465792,0.3405937551359024,0.6686072946919096,8.434658043801816
idle,ahad,swipe_right,-0.08260005712509155,-0.10153506696224213,-0.2699046805500984,-0.13366547226905823,-0.05110834538936615,-0.19204894453287125,0.06822735071182251,-0.2041292041540146,-0.15697702020406723,-0.11872848868370056,-0.18299196660518646,-0.018644588068127632,0.09806680679321289,-0.4082572013139725,-0.15455979853868484,-0.09054282307624817,-0.3889353722333908,-0.03607802465558052,0.18468002478280957,0.5850552609472343,-0.0017080173799485223,-0.03917786208065925,-0.060784545811737534,-0.0017080173799485223,0.3745845575928721,0.37419704064247084,0.6445259569108632,0.3156619920344134,0.6917039315536895
idle,ahad,swipe_right,-0.0678057074546814,-0.09201626479625702,-0.26990241184830666,-0.1348794400691986,-0.05110834538936615,-0.1847647912800312,0.07399821281433105,-0.2023032158613205,-0.15697475150227547,-0.1207173764705658,-0.19026730954647064,-0.01971585303544998,0.09778189659118652,-0.40594322979450226,-0.15458563342690468,-0.09099769592285156,-0.3889423757791519,-0.03956599161028862,0.44831362637607247,0.28844855048440177,6.874853914434369e-05,-0.03678690303455758,0.0,0.22073191675273207,0.3703243591559515,0.3731854141739081,36786.90303455758,1.554218495481121,6.988118079929528
idle,ahad,swipe_right,-0.05232328176498413,-0.08608053624629974,-0.26990241184830666,-0.13487982749938965,-0.03874985873699188,-0.1847647912800312,0.08038145303726196,-0.20220772922039032,-0.16027988865971565,-0.12191140651702881,-0.1903800219297409,-0.01971585303544998,0.09810805320739746,-0.40583111345767975,-0.15653008595108986,-0.09099769592285156,-0.3889496475458145,-0.04074139893054962,0.46916441483931853,0.1798705621199203,0.0,-1.174030881939531e-05,0.3744995955264989,0.0,0.3811932201617669,0.3711109031649815,3.1349239386094885e-05,2.6083301290646865,13.220074709072527
idle,ahad,swipe_right,-0.04702909290790558,-0.07845570147037506,-0.2860928811132908,-0.13492392003536224,-0.027335628867149353,-0.1847647912800312,0.0837068259716034,-0.20211224257946014,-0.1776558794081211,-0.12295623123645782,-0.1903800219297409,-0.02047228324227035,0.09817245602607727,-0.405805841088295,-0.17986846342682838,-0.09099769592285156,-0.3889642059803009,-0.058108290657401085,0.16042996536601065,0.23105559927043617,-0.49062028075707625,-0.0013361374537149558,0.3458857536315787,0.0,0.385676820796422,0.373530762633451,0.0038629332857833083,0.6943318904223903,0.8680144086226484
idle,ahad,swipe_right,-0.041734665632247925,-0.0703369677066803,-0.30181488767266273,-0.13496816158294678,-0.015427500009536743,-0.1847647912800312,0.08703243732452393,-0.20036789774894714,-0.19230704382061958,-0.12400081753730774,-0.18988612294197083,-0.03419634699821472,0.09823709726333618,-0.40530654788017273,-0.2018870897591114,-0.09099745750427246,-0.3884848654270172,-0.08014082536101341,0.16043719017144661,0.2460222352634816,-0.47642444119309696,-0.001340652957107103,0.3608523896246303,0.0,0.38993768085942876,0.3765398768331914,0.003715228942429188,0.6521221054573338,0.45353444467351384
idle,ahad,swipe_right,-0.030852600932121277,-0.05591973662376404,-0.30224416591227055,-0.1348230391740799,-0.0024096667766571045,-0.1982192937284708,0.09188900887966156,-0.1957075297832489,-0.19479618407785892,-0.12543480098247528,-0.1855088770389557,-0.06268137134611607,0.09883294999599457,-0.40089863538742065,-0.20514021255075932,-0.09114430844783783,-0.38427841663360596,-0.10299444384872913,0.32975953636747946,0.4368857903914088,-0.013008431503267207,0.0043976487535419585,0.3944797949357529,-0.40771219540726705,0.39597897124693865,0.38112722347025896,0.011147941319318679,0.7547940189998569,12.398086465490751
idle,ahad,swipe_right,-0.01137802004814148,-0.03762361407279968,-0.30868367198854685,-0.13531962037086487,0.016300231218338013,-0.25567511562258005,0.09616369009017944,-0.18155452609062195,-0.19494991842657328,-0.1260947287082672,-0.17340919375419617,-0.12717986945062876,0.09966790676116943,-0.3882981240749359,-0.23004857543855906,-0.09144148230552673,-0.3724839687347412,-0.17262645903974771,0.5901388146660639,0.5544279560898377,-0.19513654776595166,-0.015047915054090335,0.566966605908952,-1.7410855119427322,0.39996940444670265,0.3761479605628656,0.026541049078043524,1.064408357795872,40.746187787906386
idle,ahad,swipe_right,0.0036747753620147705,-0.019976407289505005,-0.32250981125980616,-0.13672581315040588,0.024589627981185913,-0.2796279350295663,0.1013941764831543,-0.17538467049598694,-0.19494637940078974,-0.12757787108421326,-0.16933497786521912,-0.13131353352218866,0.10038834810256958,-0.38538482785224915,-0.2376623908057809,-0.09269559383392334,-0.3727714419364929,-0.1944765755906701,0.456145315459263,0.5347638419180003,-0.41897391731087225,-0.04261190241033219,0.2511938412984117,-0.7258430123328887,0.4087606073406195,0.3873963264256697,0.1696368531697296,0.8529829930913957,32.22951361020987
idle,ahad,swipe_right,0.02037590742111206,-0.011407464742660522,-0.3225262581836432,-0.13505950570106506,0.030322879552841187,-0.2813748538028449,0.10871407389640808,-0.1719893515110016,-0.19476632471196353,-0.12697231769561768,-0.165816992521286,-0.13840278680436313,0.1031465232372284,-0.3826245367527008,-0.23767883772961795,-0.09213864803314209,-0.372868150472641,-0.2024183392059058,0.5060949108817441,0.25966492566195815,-0.0004983916314262412,0.050494165131540814,0.17373489611076862,-0.052936932523594604,0.4130851460815991,0.38968214502590276,0.29063749208941425,1.949023190438146,20.71874758773424
idle,ahad,swipe_right,0.030990123748779297,-0.0012623369693756104,-0.3225428513251245,-0.13400766253471375,0.03384330868721008,-0.2851012400351465,0.11547142267227173,-0.17145952582359314,-0.19478291785344481,-0.12660369277000427,-0.16395142674446106,-0.15125409280881286,0.10468065738677979,-0.38127508759498596,-0.23769543087109923,-0.09129467606544495,-0.37291833758354187,-0.20342873549088836,0.3216429190202244,0.3074281143419719,-0.0005028224691297149,0.031874035343979853,0.10667967073845311,-0.11292079491823188,0.4170729361736963,0.39628155412988597,0.29877985508850796,1.0462344131221144,2.7841173951849503
idle,ahad,swipe_right,0.041154906153678894,-0.00016838312149047852,-0.3226039463188499,-0.1331840604543686,0.025448203086853027,-0.29131708084605634,0.12183807790279388,-0.17742395401000977,-0.17417853116057813,-0.12623147666454315,-0.17090803384780884,-0.15160613297484815,0.10611413419246674,-0.3872346878051758,-0.23775652586482465,-0.09050978720188141,-0.3813489079475403,-0.20601749955676496,0.30802370923937006,0.033150116602578494,-0.0018513634462247494,0.02495763879833705,-0.2543971394047496,-0.18835881245180702,0.4178289144035928,0.4015459005974048,0.09810464359815634,9.291503297822914,11.17993717667218
idle,ahad,swipe_right,0.05442897975444794,0.0020959675312042236,-0.29263179533882067,-0.1329212337732315,0.0224321186542511,-0.30175342195434496,0.12729357182979584,-0.18030628561973572,-0.1403766178409569,-0.12597541511058807,-0.17392411828041077,-0.15165377192897722,0.10679630935192108,-0.38919323682785034,-0.2311746382038109,-0.09049813449382782,-0.38439276814460754,-0.20639563136501238,0.4022446545687653,0.0686166864452951,0.9082469993948404,0.007964444882942096,-0.09139649795763566,-0.3162527608572358,0.4199991858295124,0.3995329283303563,0.08714073208693038,5.8621133326821155,6.299448267585499
idle,ahad,swipe_right,0.06932888925075531,0.005237787961959839,-0.2728497316575158,-0.1334206610918045,0.022119790315628052,-0.3126425375676263,0.1301189512014389,-0.18045595288276672,-0.13874038359881524,-0.1260264664888382,-0.1742364466190338,-0.15959518453837518,0.10679881274700165,-0.3889692723751068,-0.22849813899756555,-0.09129674732685089,-0.38472411036491394,-0.20699920556307916,0.4515124089790185,0.09520667971986864,0.5994564751910659,-0.01513416116887897,-0.00946449510978945,-0.32997320040246947,0.4224415903161749,0.3984598666840619,1.5988768673312024,4.742394839444802,2.612860957179529
idle,ahad,swipe_right,0.08282826840877533,0.001986682415008545,-0.2502378547505941,-0.13380838930606842,0.01802217960357666,-0.31737113240524195,0.13321290910243988,-0.18370705842971802,-0.1157900566176977,-0.1260412186384201,-0.1774875521659851,-0.17052777353092097,0.10679881274700165,-0.3913390636444092,-0.20322737339301966,-0.09170307219028473,-0.3880630135536194,-0.20923984292312525,0.40907209569758285,-0.09851834990761654,0.6852083911188497,-0.011749339826179461,-0.12417002157731688,-0.1432907526550227,0.4223392210013217,0.3968497383979726,0.09462223695134508,4.152200517778259,6.640385602518317
idle,ahad,swipe_right,0.09365503489971161,0.0011292099952697754,-0.24849239469040185,-0.133831188082695,0.01636296510696411,-0.33229823887813836,0.13483892381191254,-0.1845645308494568,-0.11555976152885705,-0.12606270611286163,-0.17895400524139404,-0.17980042577255517,0.10679881274700165,-0.3912477195262909,-0.20285411656368524,-0.09197081625461578,-0.38910868763923645,-0.21769072592724115,0.3280838330586627,-0.025984012719355666,0.05289272909673351,-0.0006908720189874561,-0.05027922717007533,-0.4523365597847226,0.4234317346811769,0.395240769844456,0.013740431534856587,12.625886952684853,9.634812630698365
idle,ahad,swipe_right,0.10362711548805237,0.0007070600986480713,-0.24370099534280598,-0.13394102454185486,0.015377134084701538,-0.3351171456743032,0.13697877526283264,-0.1849866807460785,-0.10866053332574666,-0.1261519491672516,-0.17995771765708923,-0.18107724119909108,0.10672351717948914,-0.39166584610939026,-0.19695153762586415,-0.09239497780799866,-0.38964977860450745,-0.22102630068548024,0.3021842602527551,-0.012792421109748812,0.1451939196241196,-0.0033283775502985706,-0.029873667341290575,-0.08542141806560169,0.42283518646397855,0.3951602169075284,0.11141136777440634,23.620285587448173,11.136108615101902
swipe_right,ahad,swipe_right,0.11403603851795197,-0.0026665329933166504,-0.241466331994161,-0.13398315012454987,0.0148201584815979,-0.34855440608225763,0.13911576569080353,-0.1883336901664734,-0.10452224663458765,-0.12625639140605927,-0.18064671754837036,-0.19509385875426233,0.10671712458133698,-0.39188092947006226,-0.19316643825732172,-0.09280632436275482,-0.3900560140609741,-0.22615908435545862,0.3154219099969625,-0.10223009369590229,0.06771707117106084,-0.0012765328089396361,-0.01687804857889838,-0.40718970933195964,0.4249716000548112,0.39226813872778254,0.0756282442681938,3.085381351149582,9.758701677856847
swipe_right,ahad,swipe_right,0.11889442801475525,-0.0034693777561187744,-0.23585996963083744,-0.13399195671081543,0.014305561780929565,-0.357636833563447,0.13965359330177307,-0.18937137722969055,-0.09910001046955585,-0.12630724906921387,-0.18165120482444763,-0.20202049054205418,0.10671165585517883,-0.39211270213127136,-0.19121668674051762,-0.09282141923904419,-0.39061039686203003,-0.23189269937574863,0.14722392414554847,-0.02432862917582102,0.16988976858555627,-0.0002668662504716252,-0.015593839414191377,-0.27522507518754624,0.4259853682957613,0.3913886511207081,0.017112471849423192,6.051219403370964,3.999234693157046
swipe_right,ahad,swipe_right,0.12208691239356995,-0.003611624240875244,-0.2357581288088113,-0.13414451479911804,0.014029324054718018,-0.36000190977938473,0.1395619809627533,-0.1904420256614685,-0.09608711604960263,-0.12651818990707397,-0.18241411447525024,-0.2083814621437341,0.10666027665138245,-0.3921906352043152,-0.18905882840044796,-0.09291303157806396,-0.3908729553222656,-0.2318836331833154,0.09674195087317418,-0.004310499538074909,0.00308608551594349,-0.004622972372806507,-0.008370840188228855,-0.07166897624053853,0.4266851108853365,0.3916790184708365,0.5522050432002504,22.4381215906078,6.173660154503081
swipe_right,ahad,swipe_right,0.12497825920581818,-0.0035550296306610107,-0.23393626138567924,-0.13442198932170868,0.013937264680862427,-0.3600301407277584,0.1393195539712906,-0.1928935945034027,-0.09289984777569771,-0.1269650012254715,-0.18277153372764587,-0.20840969309210777,0.10646124184131622,-0.39217984676361084,-0.18737251684069633,-0.09315545856952667,-0.3910071551799774,-0.23191186413168907,0.08761657006812958,0.0017149881883101303,0.055208103731275486,-0.00840831886638308,-0.0027896779956240085,-0.0008554832840507817,0.4267284880749115,0.3918422013129091,3.0130021735105057,51.0589587183654,2.1555721468447295
swipe_right,ahad,swipe_right,0.12726426124572754,-0.004054605960845947,-0.21261277212761343,-0.1351289451122284,0.013366222381591797,-0.36003246321342885,0.1386287808418274,-0.19471484422683716,-0.07845760299824178,-0.12780627608299255,-0.1832980513572693,-0.20864663436077535,0.10577428340911865,-0.39273467659950256,-0.17630485608242452,-0.09384623169898987,-0.3915945589542389,-0.23191418661735952,0.06927278908815988,-0.01513867667227023,0.6461663411534853,-0.021422902743020836,-0.01730431209910934,-7.037835364991702e-05,0.42674557952582587,0.3909632735010202,1.237937959184418,4.575579161148114,0.5912356412324561
swipe_right,ahad,swipe_right,0.12835055589675903,-0.0034611523151397705,-0.20934723992832005,-0.13567933440208435,0.013254731893539429,-0.3643958338070661,0.13772141933441162,-0.1948845088481903,-0.0782261483836919,-0.1283957064151764,-0.18346711993217468,-0.20877129514701664,0.10532385110855103,-0.3927815854549408,-0.17465118248946965,-0.09420332312583923,-0.39174938201904297,-0.2327538796234876,0.03291801972822762,0.017983443809278372,0.09895552119070991,-0.016678463328968662,-0.0033784996379506043,-0.13222335132234234,0.42787637922509186,0.3915411155873232,4.935187192114278,1.8303607316032118,4.029374035393043
swipe_right,ahad,swipe_right,0.12811793386936188,-0.003032684326171875,-0.2069662504363805,-0.13609765470027924,0.013196170330047607,-0.3643914007116109,0.13680894672870636,-0.19492852687835693,-0.07665317435748875,-0.12897999584674835,-0.18353009223937988,-0.20876686205156147,0.10491378605365753,-0.39282748103141785,-0.17464674939401448,-0.09460417926311493,-0.39181020855903625,-0.23274944652803242,-0.007049152345368469,0.012983878453572798,0.0721511967254419,-0.012676372672572482,-0.001774592833085522,0.0001343362259142348,0.42788021635263074,0.3918200686054309,7.1392339709685695,0.5428739568547051,4.012966437997138
swipe_right,ahad,swipe_right,0.1289147138595581,-0.0011643469333648682,-0.2066026816610247,-0.13642477989196777,0.013205558061599731,-0.3643911371473223,0.13642215728759766,-0.19491460919380188,-0.07590246596373618,-0.12940096855163574,-0.18359532952308655,-0.20876659848727286,0.10458886623382568,-0.3928135633468628,-0.17464648582972586,-0.09491905570030212,-0.3918953239917755,-0.2327491829637438,0.02414484818776487,0.05661628463051626,0.011017235616843082,-0.009912884596622509,0.0002844767137007325,7.986796624732867e-06,0.42797085634698145,0.3937030023152295,34.72396913961348,0.4264571913918844,0.10450195811321984
swipe_right,ahad,swipe_right,0.1324082463979721,-0.0009231865406036377,-0.20349059998989105,-0.13655732572078705,0.01343885064125061,-0.3600310981273651,0.13633845746517181,-0.1946764886379242,-0.07563076913356781,-0.12962780892848969,-0.18351015448570251,-0.20877203345298767,0.10438816249370575,-0.39257240295410156,-0.17434810101985931,-0.09500275552272797,-0.391974538564682,-0.2301558554172516,0.10586462237617784,0.00730789068973398,0.09430550518586422,-0.004016540267250603,0.007069472110632426,0.13212239454415212,0.4277316648563645,0.39373026181070636,0.5680724291678648,14.484362520960206,4.01272308191182
swipe_right,ahad,swipe_right,0.13879039883613586,-0.0008533298969268799,-0.1965790258254856,-0.13666340708732605,0.01350519061088562,-0.3568404184188694,0.136245459318161,-0.19460663199424744,-0.07560687675140798,-0.1298695206642151,-0.1834603250026703,-0.208770023426041,0.10417035222053528,-0.3925025463104248,-0.1729261891450733,-0.09509575366973877,-0.3920956254005432,-0.22934839292429388,0.19339855873223816,0.002116867990204816,0.20944164134562349,-0.0032145868648182775,0.002010302110151843,0.09668726389381173,0.42719329152561736,0.3938871831222787,1.598261568261166,91.31757013501812,1.0849529383268168
swipe_right,ahad,swipe_right,0.15076862275600433,-0.0008125603199005127,-0.19621508638374507,-0.13670040667057037,0.013340622186660767,-0.3568353287409991,0.13623379170894623,-0.19456586241722107,-0.07462155888788402,-0.12995140254497528,-0.18357130885124207,-0.20876493374817073,0.10405348241329193,-0.39247652888298035,-0.17292109946720302,-0.09510742127895355,-0.39290058612823486,-0.2293433032464236,0.3629764824202624,0.0012354417280717527,0.011028467931530868,-0.0011211994922522522,-0.0049869219462077615,0.0001542326627355658,0.42780382458744237,0.3951272939627033,0.22478288640917538,293.5653773076141,2.9336040342546212
swipe_right,ahad,swipe_right,0.16566596925258636,-0.005634874105453491,-0.11659682029858232,-0.13657696545124054,0.012131959199905396,-0.33876812690868974,0.13741831481456757,-0.1949211061000824,-0.007520497776567936,-0.12982569634914398,-0.1852194368839264,-0.19706456596031785,0.10345093905925751,-0.39247557520866394,-0.1412526243366301,-0.09498505294322968,-0.3936365246772766,-0.22421646350994706,0.4514347423206505,-0.14613072077432715,2.4126747298533253,0.0037406430099948275,-0.03662615111379774,0.5474909646154146,0.423674442563485,0.3925867377850949,0.1021275992329553,3.0892316871968286,16.61430276764452
swipe_right,ahad,swipe_right,0.18814288079738617,-0.016022831201553345,-0.0862353821285069,-0.13545159995555878,0.012010186910629272,-0.32483813958242536,0.14163438975811005,-0.1948961317539215,0.024970583152025938,-0.12871702015399933,-0.1851917803287506,-0.1520952363498509,0.10379765927791595,-0.3924891948699951,-0.09368377970531583,-0.09398956596851349,-0.3941921293735504,-0.16058602230623364,0.681118531660611,-0.31478657866969756,0.9200435809113909,0.034101984717629714,-0.0036900693720037874,0.42212082806862433,0.4401115540936042,0.3858711157800881,9.239052773239159,2.163740178500816,4.034318765913991
swipe_right,ahad,swipe_right,0.2130141407251358,-0.029022276401519775,-0.08220484387129545,-0.13472063839435577,0.012010633945465088,-0.324855144135654,0.15077675879001617,-0.194779634475708,0.03696648869663477,-0.12819890677928925,-0.18507468700408936,-0.15188140701502562,0.10445930063724518,-0.3925487697124481,-0.08476545941084623,-0.09339435398578644,-0.3943782448768616,-0.16060302685946226,0.7536745432651524,-0.3939225818171708,0.12213752294580336,0.02215035033948529,1.3546510176225358e-05,-0.0005152894917762723,0.440270985465994,0.37939718158862135,1522.7260745802494,1.9132506355381143,12.812766468422446
swipe_right,ahad,swipe_right,0.23721076548099518,-0.04653027653694153,-0.0793528319336474,-0.13390691578388214,0.011472374200820923,-0.32484476128593087,0.16305293142795563,-0.19803199172019958,0.04932521050795913,-0.1277666538953781,-0.1846276819705963,-0.1507772938348353,0.10525591671466827,-0.39297109842300415,-0.07496658572927117,-0.0925750583410263,-0.3944028913974762,-0.1552824811078608,0.7332310532078715,-0.5305454586491525,0.08642460417115465,0.024658260923443812,-0.016310901352853745,0.0003146318097909342,0.4418081263663573,0.3707459566034405,1.511673004271196,1.3820298698718734,0.501115361017293
swipe_right,ahad,swipe_right,0.2637079805135727,-0.08484867215156555,-0.07072858791798353,-0.13315348327159882,0.012304335832595825,-0.3248204765841365,0.17103593051433563,-0.21056321263313293,0.06136260274797678,-0.12693198025226593,-0.18176928162574768,-0.14765419345349073,0.10629604756832123,-0.39247000217437744,-0.07462019752711058,-0.0915365070104599,-0.39315351843833923,-0.15099200885742903,0.802945910078076,-1.1611635034734114,0.2613407277473799,0.02283128825100899,0.02521095853863245,0.0007359000543753027,0.4431076398521312,0.34557856406888715,0.9055737663547422,0.6915005648865515,1.2595202728246895
swipe_right,ahad,swipe_right,0.2885475158691406,-0.11545714735984802,-0.07072936091572046,-0.1332826018333435,0.013941317796707153,-0.3319539884105325,0.17465722560882568,-0.2220838963985443,0.07735374476760626,-0.1265486478805542,-0.17826339602470398,-0.14724768791347742,0.10696041584014893,-0.3919130563735962,-0.06489833537489176,-0.09053236246109009,-0.3910365402698517,-0.15093684289604425,0.7527131925929796,-0.9275295517661503,-2.342417384638968e-05,-0.003912683689233091,0.04960551406398043,-0.21616702504230612,0.445647680865475,0.3308107395239983,0.07887439307238306,0.8115238804368293,6.663719272012919
swipe_right,ahad,swipe_right,0.2989988178014755,-0.14584392309188843,-0.07073047291487455,-0.13380016386508942,0.015468239784240723,-0.33195510040968657,0.17938940227031708,-0.23175501823425293,0.07735263276845217,-0.1259591430425644,-0.17553216218948364,-0.14186138939112425,0.10783801972866058,-0.3916342854499817,-0.039981610141694546,-0.08938203752040863,-0.38931599259376526,-0.15093795489519835,0.3167061191616687,-0.9208113858194209,-3.369694406336058e-05,-0.015683697931694513,0.046270363258593745,-3.369694406336058e-05,0.44563488608953966,0.3128911080708465,0.3389504182974695,0.3439420711960074,6.559979361348461
swipe_right,ahad,swipe_right,0.30153708159923553,-0.18728205561637878,-0.07074672728776932,-0.1337268203496933,0.01553681492805481,-0.33197135478258133,0.18397466838359833,-0.2432495653629303,0.0773363783955574,-0.12510250508785248,-0.17417976260185242,-0.13969939202070236,0.10806290805339813,-0.392280250787735,-0.021594222635030746,-0.08820216357707977,-0.3887506127357483,-0.13794802874326706,0.07691708478060344,-1.2557009855905692,-0.0004925567543867676,0.002222530769579254,0.002078034661032858,-0.0004925567543867676,0.4507392478902155,0.28613368303364034,1.0690205465237925,0.06125425113860003,1.444982924617346
swipe_right,ahad,swipe_right,0.30232495069503784,-0.2209583818912506,-0.08039722591638565,-0.1339467465877533,0.015544086694717407,-0.33198368549346924,0.18476253747940063,-0.2519814670085907,0.0773240476846695,-0.12443402409553528,-0.173233300447464,-0.13604103028774261,0.1072077751159668,-0.3927987217903137,-0.00931897759437561,-0.08741429448127747,-0.3884393274784088,-0.12620531022548676,0.023874821084918778,-1.0204947356021927,-0.2924393523823178,-0.006664431456363668,0.0002203565655332658,-0.00037365790569421613,0.45575498653766555,0.2695402233565612,30.107222888593867,0.02339531685630248,0.27514617944375724
swipe_right,ahad,swipe_right,0.3026484549045563,-0.2530061602592468,-0.2380084991455078,-0.13463947176933289,0.015901029109954834,-0.30224552750587463,0.18508604168891907,-0.26389652490615845,0.057290151715278625,-0.12445786595344543,-0.17253190279006958,-0.12379806488752365,0.10556229948997498,-0.3929418623447418,-0.00931897759437561,-0.08709079027175903,-0.3880363702774048,-0.1136847734451294,0.009803157864195083,-0.9711447990302038,-4.7760991887613535,-0.020991672169078813,0.010816436825376741,0.9011563026543963,0.44830955567324,0.3327519355939897,1.9405403061688538,0.010094424414938125,27.32442602515296
swipe_right,ahad,swipe_right,0.302818238735199,-0.2762131989002228,-0.3771122097969055,-0.13515299558639526,0.016179710626602173,-0.24332547187805176,0.18525582551956177,-0.27718374133110046,-0.040076494216918945,-0.12483146786689758,-0.1720614731311798,-0.10052413493394852,0.1049584150314331,-0.3932235538959503,-0.00931897759437561,-0.08692100644111633,-0.387565940618515,-0.09926247596740723,0.005144964564930114,-0.7032435951810628,-4.215263959133104,-0.015561327789768438,0.008444894443858434,1.78545623114608,0.4313826867956159,0.43371856619966775,1.8424724454239545,0.007316038545032047,26.797569143756323
swipe_right,ahad,swipe_right,0.29629355669021606,-0.31086137890815735,-0.47572416067123413,-0.1355460286140442,0.015958160161972046,-0.21471402049064636,0.18551737070083618,-0.29269203543663025,-0.11072548478841782,-0.125212162733078,-0.17176350951194763,-0.1000465527176857,0.10450583696365356,-0.3934170603752136,-0.00931897759437561,-0.08654394745826721,-0.38726744055747986,-0.09343039244413376,-0.19771763772675802,-1.0499448487253067,-2.9882409355857633,-0.011910091746937334,-0.006713650443337288,0.8670136784062379,0.423912499774759,0.5110105329456159,1.7737470993378814,0.1883122238797347,27.835602845250772
swipe_right,ahad,swipe_right,0.2764853835105896,-0.32521289587020874,-0.6070091789588332,-0.13589763641357422,0.015739917755126953,-0.20861961599439383,0.18142545223236084,-0.30682075023651123,-0.20889184530824423,-0.1257726550102234,-0.17126363515853882,-0.09207117464393377,0.10356533527374268,-0.39336925745010376,-0.01875347550958395,-0.08653110265731812,-0.3867134749889374,-0.08466678019613028,-0.6002476721099025,-0.43489445339550364,-3.978333887503066,-0.010654781803940451,-0.006613406268033219,0.1846789241288677,0.42399303471725447,0.616920906880788,1.6108447791351996,1.3802114219024126,20.67684595012274
swipe_right,ahad,swipe_right,0.24352788925170898,-0.3432537615299225,-0.7344838976860046,-0.136209636926651,0.016671806573867798,-0.15405987203121185,0.17910850048065186,-0.32537296414375305,-0.25298166275024414,-0.12608137726783752,-0.1708068549633026,-0.08927658200263977,0.10156220197677612,-0.39325666427612305,-0.01865243911743164,-0.08655509352684021,-0.3856681287288666,-0.08441030979156494,-0.9987119472388224,-0.5466928987792131,-3.8628702644598016,-0.009454561002326885,0.02823905511335938,1.6533255746419042,0.4113320541117925,0.7314842607485827,0.3347925832430215,1.8268210958069617,44.516988623287396
swipe_right,ahad,swipe_right,0.19397158920764923,-0.3431200683116913,-0.7449385146610439,-0.13649548590183258,0.017273396253585815,-0.10444749100133777,0.16598470509052277,-0.32477137446403503,-0.29044365091249347,-0.1263672262430191,-0.1707274615764618,-0.07316274149343371,0.09799112379550934,-0.394759863615036,-0.018530509900301695,-0.08682791888713837,-0.38506653904914856,-0.07316366536542773,-1.5017060619411478,0.004051309643369579,-0.3168065750011772,-0.008662090157017235,0.01822999029448469,1.5034054857537031,0.40659927262476214,0.7345389762158199,0.4751299856507369,370.580284850209,4.55320979234103
swipe_right,ahad,swipe_right,0.14797499775886536,-0.35219720005989075,-0.7449415028095245,-0.13713860511779785,0.01742228865623474,-0.09076463431119919,0.14467212557792664,-0.3249477446079254,-0.3046313524246216,-0.12701034545898438,-0.1715400516986847,-0.052096907049417496,0.0942893922328949,-0.3960812985897064,-0.02141311764717102,-0.08736801147460938,-0.3844121992588043,-0.05762660130858421,-1.3938361045086245,-0.27506459843029113,-9.054995395920638e-05,-0.019488461089857006,0.004511890989361459,0.4146320209132969,0.40625878070611526,0.7268433686015906,4.318398369426264,5.067286176325897,32.99738496326496
swipe_right,ahad,swipe_right,0.12815986573696136,-0.3540058732032776,-0.7449712017551064,-0.13834844529628754,0.017650634050369263,-0.05475796107202768,0.1299481838941574,-0.3283085525035858,-0.30816684756428003,-0.12822018563747406,-0.17166391015052795,0.0023220551665872335,0.09146510064601898,-0.39836499094963074,-0.021922086365520954,-0.0878111869096756,-0.3841681182384491,-0.04102049861103296,-0.6004585461183124,-0.05480827707232938,-0.0008999680479367718,-0.0366618235905971,0.0069195573980159126,1.0911113102779417,0.4052172775820957,0.725337342467611,5.297524676423875,10.955418100587494,20.506106733974356
idle,ahad,swipe_right,0.10789497196674347,-0.3517172932624817,-0.7342969364835881,-0.13802440464496613,0.019954949617385864,-0.05466024199267849,0.1290500909090042,-0.32971665263175964,-0.31702258059522137,-0.1283857673406601,-0.17182055115699768,0.008542856259737164,0.09098567068576813,-0.39805930852890015,-0.025041595043148845,-0.0877518504858017,-0.38352155685424805,-0.03852139407536015,-0.6140876900065796,0.06935090729684278,0.3234625839853932,0.009819413676406026,0.06982774445504589,0.002961184222702615,0.4069165558051661,0.7109688081839862,0.1406213695096227,8.854661882306093,33.05932339609147
idle,ahad,swipe_right,0.06127394735813141,-0.34955400228500366,-0.7286224067211151,-0.13712327182292938,0.022275596857070923,-0.04760901629924774,0.12899251282215118,-0.3238566815853119,-0.3171299397945404,-0.12745647132396698,-0.16995540261268616,0.02158731408417225,0.09095998108386993,-0.3979991674423218,-0.025707745924592018,-0.08700035512447357,-0.38135826587677,-0.028906406834721565,-1.4127583214731152,0.06555427204478975,0.17195544734766813,0.027307055213235076,0.07032264362682107,0.21367350586154132,0.40716383621901403,0.7052072142201727,0.3883054660555203,21.550643867481277,6.40719185434217
idle,ahad,swipe_right,0.021468833088874817,-0.34848931431770325,-0.7046614433638752,-0.13686294853687286,0.023301392793655396,-0.04747202945873141,0.1263352483510971,-0.32345089316368103,-0.30803950084373355,-0.12761707603931427,-0.16995540261268616,0.028308596927672625,0.09038852155208588,-0.39961180090904236,-0.06841298146173358,-0.08757181465625763,-0.38135826587677,-0.02528159273788333,-1.2062155839168855,0.03226327173637673,0.7260897987042528,0.007888584425955233,0.03108472535104512,0.004151116379282758,0.40825417415669357,0.6420089854246501,0.2537687101353102,37.38548924248378,6.48628721881253
idle,ahad,swipe_right,-0.026095688343048096,-0.34848931431770325,-0.694475919008255,-0.13719943165779114,0.023301392793655396,-0.05196838453412056,0.11480042338371277,-0.32345089316368103,-0.3079833686351776,-0.12809905409812927,-0.16995540261268616,0.02836472913622856,0.08994916081428528,-0.39961180090904236,-0.09907328337430954,-0.08928939700126648,-0.38135826587677,-0.024339737370610237,-1.4413491343006397,0.0,0.3086522532005988,-0.010196458209644278,0.0,-0.13625318410269627,0.40842153826670347,0.6087562847076642,10196.45820964428,1441349.1343006399,4.392026387232501
idle,ahad,swipe_right,-0.05233657360076904,-0.34031715989112854,-0.6397811835631728,-0.1351090371608734,0.024148494005203247,-0.05464616324752569,0.10298821330070496,-0.3234415352344513,-0.30805504973977804,-0.1268363893032074,-0.16994604468345642,0.028293048031628132,0.09057566523551941,-0.3996024429798126,-0.10305154230445623,-0.08951923251152039,-0.37988996505737305,-0.024411418475210667,-0.7951783411430717,0.24764104322954053,1.6574162256085776,0.0633452877853866,0.02566973368326864,-0.08114480949712652,0.407724964260314,0.5585851417696468,2.4676072202281083,3.210998951442253,2.8914008512300278
idle,ahad,swipe_right,-0.07160823047161102,-0.33748292922973633,-0.47538850363343954,-0.1327989250421524,0.027582168579101562,-0.05853864457458258,0.08457030355930328,-0.31928855180740356,-0.28157282527536154,-0.12758712470531464,-0.16434252262115479,0.028293048031628132,0.09271050989627838,-0.39951759576797485,-0.11435066070407629,-0.08986441791057587,-0.3798051178455353,-0.024411418475210667,-0.583989602146736,0.08588577761794719,4.981596361507148,0.07000339753700137,0.10405074466358698,-0.11795397960778627,0.41106257504703364,0.40149380109247995,0.6727748560423623,6.79952861597061,2.6318017500921176
idle,ahad,swipe_right,-0.10540583729743958,-0.3266942501068115,-0.4575319057330489,-0.1310383379459381,0.02872365713119507,-0.062382630072534084,0.0668368935585022,-0.3112780451774597,-0.27593818958848715,-0.1275036334991455,-0.1627470850944519,0.024503017775714397,0.09416073560714722,-0.39947351813316345,-0.11707055475562811,-0.09028297662734985,-0.3798051178455353,-0.024411418475210667,-1.0241699038130028,0.326929670391666,0.541109027284573,0.05335112412770674,0.03459056218465224,-0.11648440902883542,0.4123088313029026,0.4012948671297751,1.5423161244616421,3.1326822368364455,2.1649547798295017
idle,ahad,swipe_right,-0.12419641017913818,-0.31495052576065063,-0.4546851282939315,-0.12910917401313782,0.03001236915588379,-0.08028373029083014,0.04678535461425781,-0.3025311231613159,-0.2741273706778884,-0.12640315294265747,-0.1627470850944519,0.019927910529077053,0.09519922733306885,-0.3992566466331482,-0.11707055475562811,-0.09031891822814941,-0.3798051178455353,-0.02640706207603216,-0.5694112994453908,0.35587043473213464,0.08626598300355527,0.05845951311515818,0.03905187953602036,-0.542457582372587,0.4151599113280936,0.4113703538679062,1.4969322060166688,1.6000477809464764,12.909914022665882
idle,ahad,swipe_right,-0.13226690888404846,-0.30130669474601746,-0.44460881501436234,-0.12753739953041077,0.03053852915763855,-0.12455179542303085,0.040335893630981445,-0.28918471932411194,-0.25281692296266556,-0.12610980868339539,-0.1627192199230194,-0.009035877883434296,0.09631979465484619,-0.3991493284702301,-0.1177191287279129,-0.09058785438537598,-0.3821338713169098,-0.04357542842626572,-0.24456056681546687,0.4134494246858605,0.30534282665361545,0.04762952977960836,0.015944242477417245,-1.3414565191576189,0.4221622330477298,0.41070905640041866,2.987068390277827,0.5915112241117757,24.22443560648652
idle,ahad,swipe_right,-0.13552728295326233,-0.2881884276866913,-0.439621620811522,-0.12609025835990906,0.03212043642997742,-0.13356974069029093,0.04005518555641174,-0.28065332770347595,-0.24614400509744883,-0.12586894631385803,-0.16113731265068054,-0.020704162307083607,0.09691855311393738,-0.39756742119789124,-0.12003751937299967,-0.09050166606903076,-0.38206160068511963,-0.049269252456724644,-0.0987992142186036,0.3975232442220115,0.15112709705576993,0.04385276274247673,0.04793658401026946,-0.2732710687048551,0.42416963597890367,0.41003515558884746,0.9147887539155569,0.2485363236447679,32.38397287571264
idle,ahad,swipe_right,-0.13581731915473938,-0.2800745368003845,-0.43901121336966753,-0.12510180473327637,0.03243368864059448,-0.13599116820842028,0.039920687675476074,-0.27291733026504517,-0.2390947164967656,-0.12551122903823853,-0.16094928979873657,-0.021486065350472927,0.09769672155380249,-0.39725416898727417,-0.12004646379500628,-0.09017500281333923,-0.3826584815979004,-0.04952643904834986,-0.008788975802334538,0.2458754814032259,0.01849719520771072,0.029953140200989485,0.009492491230819805,-0.07337659145846233,0.4254380573883611,0.4123086039348581,3.1551238077462154,0.035745492013614065,6.182779917021871
idle,ahad,swipe_right,-0.13669270277023315,-0.2701556384563446,-0.4382543917745352,-0.12429395318031311,0.03268054127693176,-0.1453194674104452,0.039920687675476074,-0.2678503692150116,-0.2378962691873312,-0.1252448558807373,-0.16296997666358948,-0.023930538445711136,0.09827959537506104,-0.3970073163509369,-0.12006342969834805,-0.09017500281333923,-0.3825123608112335,-0.0540562029927969,-0.026526776227084495,0.3005726770921235,0.022933987731283727,0.02448035008979605,0.007480382919311642,-0.28267573339469954,0.42647184215455824,0.4153899582649104,3.272169110152762,0.08825382343429311,6.3448590808203384
idle,ahad,swipe_right,-0.13669270277023315,-0.25860777497291565,-0.43007167521864176,-0.1242351233959198,0.03286299109458923,-0.1469449633732438,0.039920687675476074,-0.25969961285591125,-0.23249217215925455,-0.12518155574798584,-0.16567400097846985,-0.023922479711472988,0.0987098217010498,-0.3972025513648987,-0.1200553709641099,-0.09017500281333923,-0.38218584656715393,-0.055503410287201405,0.0,0.3499352570736103,0.24796110775435004,0.001782720739191257,0.005528782353256776,-0.04925745341814004,0.42636508662090455,0.41319846257486875,0.322385335499022,0.0,7.106889823694882
idle,ahad,swipe_right,-0.13669471442699432,-0.24822017550468445,-0.4223400913178921,-0.12423713505268097,0.03295382857322693,-0.14753080531954765,0.04025633633136749,-0.25296923518180847,-0.22674500569701195,-0.12438283860683441,-0.1655263602733612,-0.02392406202852726,0.09935243427753448,-0.39731574058532715,-0.12122811749577522,-0.09009690582752228,-0.3820382058620453,-0.056329693645238876,-6.095929579301411e-05,0.31477574146155657,0.23429042123484262,-6.095929579301411e-05,0.002752650867808993,-0.017752786251631934,0.4262646908517081,0.4106289866988268,0.02213762699754229,0.00019365883104949488,0.9600132552690928
idle,ahad,swipe_right,-0.13670137524604797,-0.23808547854423523,-0.3909967648796737,-0.12424379587173462,0.03249219059944153,-0.14990248857066035,0.04063907265663147,-0.24682030081748962,-0.21243308065459132,-0.12438949942588806,-0.1655263602733612,-0.023925864603370428,0.09970912337303162,-0.39757072925567627,-0.12124599842354655,-0.09009391069412231,-0.3820382058620453,-0.056331496220082045,-0.00020184300162574698,0.30711202910451013,0.9497977708550657,-0.00020184300162574698,-0.013989029508647966,-0.07186918942765484,0.42632991316307317,0.3925441950347516,0.014427632300630768,0.0006572270874156241,1.71657741423431
