ground_truth,person_id,video_label,left_wrist_x,left_wrist_y,left_wrist_z,right_wrist_x,right_wrist_y,right_wrist_z,left_elbow_x,left_elbow_y,left_elbow_z,right_elbow_x,right_elbow_y,right_elbow_z,left_shoulder_x,left_shoulder_y,left_shoulder_z,right_shoulder_x,right_shoulder_y,right_shoulder_z,left_wrist_x_vel,left_wrist_y_vel,left_wrist_z_vel,right_wrist_x_vel,right_wrist_y_vel,right_wrist_z_vel,right_arm_len,left_arm_len,right_horiz_ratio,left_horiz_ratio,right_wrist_acc
idle,ahad,rotate,0.08194348216056824,0.02407681941986084,-0.19691464817151427,-0.09281225502490997,0.008510053157806396,-0.26891390746459365,0.08236593008041382,-0.14845120906829834,-0.08249405166134238,-0.08730445802211761,-0.1610758900642395,-0.15833369409665465,0.06410220265388489,-0.338496133685112,-0.16484030848369002,-0.06611421704292297,-0.34919892251491547,-0.2042034543119371,0.0,0.0,0.0,0.0,0.0,0.0,0.3644940867231425,0.36442587839519075,0.0,0.0,0.0
idle,ahad,rotate,0.08188703656196594,0.023358970880508423,-0.1972047109156847,-0.09267717599868774,0.007211178541183472,-0.2728129494935274,0.08228567242622375,-0.14892008900642395,-0.08233832009136677,-0.0872785747051239,-0.16329684853553772,-0.1564538348466158,0.06433418393135071,-0.33928877115249634,-0.16407141275703907,-0.06593069434165955,-0.35006779432296753,-0.20397323556244373,-0.0017104726849180279,-0.02175298604098233,-0.008789780126376585,0.00409330382491603,-0.03935983686736136,-0.11815278875556859,0.36483221478647676,0.36458099632863283,0.10399432915285049,0.07862801243393595,3.775863778985288
idle,ahad,rotate,0.08189430832862854,0.02278369665145874,-0.19783077272586524,-0.09234619140625,0.006555825471878052,-0.2720721575897187,0.08231210708618164,-0.1494143009185791,-0.08144390094093978,-0.087226003408432,-0.1645127236843109,-0.156233026413247,0.06463432312011719,-0.33994051814079285,-0.16292519005946815,-0.06572902202606201,-0.3507791608572006,-0.20145407202653587,0.0002203565655332623,-0.017432552395444927,-0.018971570005471054,0.010029836134477095,-0.019859183918346058,0.02244823950935494,0.36521730540765107,0.3648083918817304,0.5050223188120592,0.012639797129977795,4.305181603762158
idle,ahad,rotate,0.08190158009529114,0.022208422422409058,-0.1972047109156847,-0.09201520681381226,0.00591239333152771,-0.27131749875843525,0.08233854174613953,-0.14990851283073425,-0.08053561486303806,-0.08717343211174011,-0.1657285988330841,-0.15599835105240345,0.06493446230888367,-0.34059226512908936,-0.1617651004344225,-0.06552734971046448,-0.3514905273914337,-0.19892104156315327,0.0002203565655332623,-0.017432552395444927,0.018971570005471054,0.010029836134477095,-0.019497943646980053,0.02286844943283182,0.3656223479625652,0.3649221669957601,0.5143784358816017,0.012639797129977795,0.01679211502850147
idle,ahad,rotate,0.08182370662689209,0.021307677030563354,-0.1972154420800507,-0.09115451574325562,0.005011647939682007,-0.27132822992280126,0.08233535289764404,-0.1505301296710968,-0.08054634602740407,-0.0871698260307312,-0.16790249943733215,-0.15600908221676946,0.06540489196777344,-0.3415029048919678,-0.1617758315987885,-0.06517517566680908,-0.3529544174671173,-0.19893177272751927,-0.0023598020726984196,-0.027295314904415245,-0.00032518679896990455,0.026081547592625473,-0.027295314904415245,-0.00032518679896990455,0.36613641871310876,0.36490692213335685,0.9554970216293452,0.08645130600822296,0.8867979774529127
idle,ahad,rotate,0.0817660391330719,0.020643383264541626,-0.1966325892135501,-0.08997616171836853,0.0043354332447052,-0.2728189183399081,0.08229586482048035,-0.15116962790489197,-0.07578060310333967,-0.08719983696937561,-0.17059800028800964,-0.15600431989878416,0.06587770581245422,-0.3421573042869568,-0.15165046881884336,-0.06496527791023254,-0.3545773923397064,-0.19598622154444456,-0.0017474998127330432,-0.02013011412187056,0.017662208075776245,0.03570769772385106,-0.020491354393236565,-0.04517237627596566,0.3678956699591801,0.36592372043740334,1.742488785751054,0.08680591656050218,1.405167901359855
idle,ahad,rotate,0.081658273935318,0.020430266857147217,-0.19849310582503676,-0.08685067296028137,0.004118204116821289,-0.2728630877099931,0.08221998810768127,-0.1512526273727417,-0.07582477247342467,-0.08714422583580017,-0.17114335298538208,-0.15604848926886916,0.0662059485912323,-0.34236982464790344,-0.15169463818892837,-0.06479883193969727,-0.3561016917228699,-0.19603039091452956,-0.003265612053148674,-0.006458072951345733,-0.056379291257171914,0.0947117805480957,-0.006582700844967004,-0.001338465760151545,0.3689822764686926,0.3661321855938105,14.385796496282081,0.5055852562353071,2.2669308192711464
idle,ahad,rotate,0.08138526976108551,0.020430266857147217,-0.2037961734458804,-0.07914300262928009,0.004053950309753418,-0.2751531405374408,0.08198250830173492,-0.15121597051620483,-0.07581846695393324,-0.08707283437252045,-0.17117750644683838,-0.15604218374937773,0.06622304022312164,-0.34236982464790344,-0.15168833266943693,-0.0649014562368393,-0.3576035499572754,-0.19602408539503813,-0.008272853764620693,0.0,-0.1606990188134439,0.23356576760609943,-0.0019470850626627603,-0.06939554022568645,0.3704866752135269,0.366836512183586,119.89505596169792,8272.853764620693,4.688034907626704
idle,ahad,rotate,0.08119593560695648,0.020430266857147217,-0.20382649591192603,-0.06578738987445831,0.004021346569061279,-0.28594970097765326,0.08180521428585052,-0.15110725164413452,-0.07584878941997886,-0.08526508510112762,-0.17126953601837158,-0.16565581550821662,0.0663471668958664,-0.34234291315078735,-0.15171865513548255,-0.06487272679805756,-0.3591095805168152,-0.19605440786108375,-0.005737398609970555,0.0,-0.0009188626074429714,0.40471553802490234,-0.0009879921421860204,-0.3271684981882572,0.3740936654626825,0.3667970735102557,409.22017553176784,5737.398609970555,9.376330594544601
idle,ahad,rotate,0.08088032901287079,0.023102611303329468,-0.19268531491979957,-0.048863813281059265,-0.0035530030727386475,-0.3340557902120054,0.08180521428585052,-0.14833632111549377,-0.07280118158087134,-0.0819694846868515,-0.1739879548549652,-0.2119449912570417,0.06643478572368622,-0.34002336859703064,-0.1379328458569944,-0.06412525475025177,-0.36095115542411804,-0.23670236160978675,-0.009563836184414958,0.08098013473279554,0.33761154521595377,0.5128356543454261,-0.2295257467212101,-1.457760279828853,0.3707344615226708,0.36751460361186994,2.2343176194987477,0.11809955758179588,35.10651824206294
idle,ahad,rotate,0.08053426444530487,0.03493258357048035,-0.1806290801614523,-0.03136040270328522,-0.006437748670578003,-0.3340080138295889,0.08174072206020355,-0.13533911108970642,-0.07275340519845486,-0.07606752216815948,-0.16956022381782532,-0.22738424502313137,0.0665203183889389,-0.3283792734146118,-0.1378850694745779,-0.06321118772029877,-0.35459181666374207,-0.23665458522737026,-0.01048680507775508,0.35848400809548087,0.3653404472226443,0.5304063811446676,-0.08741653326785918,0.0014477691641359605,0.36290965491013877,0.36608598246808965,6.067505697277348,0.029253120328429378,44.43081402915541
idle,ahad,rotate,0.0805276483297348,0.035886913537979126,-0.1806438253261149,-0.00837014615535736,-0.03377678990364075,-0.3340227589942515,0.08174072206020355,-0.13450661301612854,-0.07276815036311746,-0.07065127789974213,-0.1779402792453766,-0.22739899018779397,0.0666075199842453,-0.32833927869796753,-0.1378998146392405,-0.06200011074542999,-0.35949715971946716,-0.23666933039203286,-0.00020048835060813226,0.028919089924205457,-0.0004468231715939265,0.6966744408462993,-0.828455794941296,-0.0004468231715939265,0.34416220372885,0.36698983573588423,0.8409303238265615,0.006932494025211452,23.014106036831908
idle,ahad,rotate,0.0811520367860794,0.036013275384902954,-0.17790419608354568,0.00811024010181427,-0.08161148428916931,-0.3549887165427208,0.082368865609169,-0.13450661301612854,-0.07277213782072067,-0.06620572507381439,-0.1927042305469513,-0.22874171286821365,0.06723566353321075,-0.32833927869796753,-0.13790380209684372,-0.06032015383243561,-0.3622617721557617,-0.23667331784963608,0.018920862313472845,0.0038291468764796366,0.0830190679566426,0.4994056441567156,-1.4495361935008644,-0.6353320469233117,0.31216315679705287,0.36680578053012686,0.34452765089150356,4.93998348461858,27.569681098081187
idle,ahad,rotate,0.08088056743144989,0.03713837265968323,-0.12956585548818111,0.02560637891292572,-0.12127205729484558,-0.3639033641666174,0.08250699937343597,-0.13449928164482117,-0.054847193881869316,-0.062211766839027405,-0.20571932196617126,-0.25918095372617245,0.06737379729747772,-0.32833927869796753,-0.10953801684081554,-0.05974338948726654,-0.364333838224411,-0.1934745218604803,-0.008226344079682328,0.034093856811523465,1.4647981998595336,0.5301860245791353,-1.2018355456265546,-0.2701408370877759,0.308884448628332,0.36627511627496806,0.4411465323703674,0.24127815304101724,13.404344735026436
rotate,ahad,rotate,0.08039791882038116,0.03961437940597534,-0.12928465101867914,0.035553231835365295,-0.17578262090682983,-0.3638791451230645,0.08255226910114288,-0.13256901502609253,-0.05337836313992739,-0.054790183901786804,-0.22875934839248657,-0.2630462357774377,0.06741906702518463,-0.3300905227661133,-0.08531333599239588,-0.05928222835063934,-0.36464542150497437,-0.16879206988960505,-0.014625715486931066,0.07503050746339733,0.008521347560665816,0.3014197855284717,-1.6518352609692184,0.0007339104106931968,0.28761413192263563,0.37253676574149824,0.18247558347678663,0.1949276508147719,17.3604065103873
rotate,ahad,rotate,0.07987652719020844,0.04095640778541565,-0.1042254650965333,0.06020234525203705,-0.220973938703537,-0.40511942747980356,0.08258496224880219,-0.13306358456611633,-0.05337094981223345,-0.04168190062046051,-0.2577800452709198,-0.2753367507830262,0.06737469136714935,-0.3325856328010559,-0.07836783770471811,-0.059127166867256165,-0.3677682876586914,-0.1687846565619111,-0.015799746368870604,0.040667526649706326,0.7593692703680565,0.7469428308082355,-1.3694338726274906,-1.2497055259617902,0.3027246889380001,0.37464459008343604,0.545438739540129,0.38850058436982243,41.12557883123428
rotate,ahad,rotate,0.07909266650676727,0.04152345657348633,-0.09943736530840397,0.06381861865520477,-0.27754533290863037,-0.4425389487296343,0.08061353862285614,-0.13244295120239258,-0.05330275557935238,-0.04168190062046051,-0.29422444105148315,-0.3222115058451891,0.06736592948436737,-0.3328877389431,-0.07728865928947926,-0.05912606418132782,-0.37113502621650696,-0.16871646232903004,-0.023753354043671557,0.01718329660820237,0.14509393297361592,0.10958404252023399,-1.7142846728816161,-1.1339248863585056,0.3144092552547509,0.3752490171441688,0.06392402634738788,1.3822709526751102,22.238242855890025
rotate,ahad,rotate,0.07863891124725342,0.041298091411590576,-0.09943419508635998,0.06379371881484985,-0.34339404106140137,-0.44876246713101864,0.08057427406311035,-0.13266831636428833,-0.05329958535730839,-0.04170680046081543,-0.33438563346862793,-0.35407533310353756,0.06727862358093262,-0.33315783739089966,-0.07304012589156628,-0.05915072560310364,-0.37764251232147217,-0.16871329210698605,-0.013750159379207715,-0.006829247330174295,9.606733466639655e-05,-0.0007545406168157397,-1.9954153985688163,-0.18859146670861662,0.30775937780761836,0.3755568474144184,0.0003781369228783141,2.0131275947304292,30.072828071372587
rotate,ahad,rotate,0.07815709710121155,0.0412060022354126,-0.10414431244134903,0.06345775723457336,-0.39658159017562866,-0.458214707672596,0.08023551106452942,-0.13253605365753174,-0.06009792536497116,-0.04204276204109192,-0.3584847152233124,-0.3610301986336708,0.06693413853645325,-0.33324992656707764,-0.062350668013095856,-0.05928850173950195,-0.3797706961631775,-0.17075321823358536,-0.014600428667935494,-0.002790581096302386,-0.14273082893906253,-0.010180653947772428,-1.6117439125523463,-0.28643153156295037,0.31302293551770777,0.3769481477987087,0.006316541698680113,5.230164614337954,12.001887634107415
rotate,ahad,rotate,0.07677926123142242,0.04088672995567322,-0.10420494060963392,0.06310750544071198,-0.4514332115650177,-0.5213362751528621,0.07955504953861237,-0.13273456692695618,-0.060158553533256054,-0.04472340643405914,-0.38174813985824585,-0.4082116959616542,0.06614013016223907,-0.333540678024292,-0.05438715498894453,-0.05832444131374359,-0.38436228036880493,-0.17317796032875776,-0.04175260211482189,-0.009674917567859988,-0.0018372172207543327,-0.010613690723072389,-1.6621703451329997,-1.9127747721292738,0.37477785378176254,0.3778768142141716,0.00638543718982421,4.315105189972828,49.306814300035704
rotate,ahad,rotate,0.07600463926792145,0.038954585790634155,-0.09719658177345991,0.05648280680179596,-0.4990127682685852,-0.602728801779449,0.07695706188678741,-0.1327809989452362,-0.060158553533256054,-0.0467311292886734,-0.4083748459815979,-0.4602460442110896,0.06486399471759796,-0.33361953496932983,-0.052024959586560726,-0.05775706470012665,-0.3844411373138428,-0.17317796032875776,-0.023473392833362906,-0.058549823183001844,0.21237451018709105,-0.20074844360351546,-1.4418047485929535,-2.466440200805662,0.4590112550378284,0.3754677947202034,0.13923404300435357,0.40090628205168555,18.954724154445888
rotate,ahad,rotate,0.07590946555137634,0.037443190813064575,-0.09713595360517502,0.050906628370285034,-0.5519357025623322,-0.6026681736111641,0.07686188817024231,-0.133396714925766,-0.06544762849807739,-0.047794193029403687,-0.4317091107368469,-0.4601854160428047,0.06476882100105286,-0.33424991369247437,-0.05196433141827583,-0.0578036904335022,-0.3850715160369873,-0.17311733216047287,-0.00288405201651834,-0.045799847805138905,0.001837217220754339,-0.16897510398517998,-1.6037252816286993,0.001837217220754339,0.4734717684827502,0.3745935842335772,0.10536405490192106,0.06296940241780298,74.96323688188258
rotate,ahad,rotate,0.0758415162563324,0.035304754972457886,-0.09720514994114637,0.04447224736213684,-0.5876590758562088,-0.6027373699471354,0.07679393887519836,-0.13483354449272156,-0.06551682483404875,-0.05522117018699646,-0.45175009965896606,-0.4602546123787761,0.06470087170600891,-0.3348417580127716,-0.05203352775424719,-0.05670285224914551,-0.3865698575973511,-0.17318652849644423,-0.0020590695467862198,-0.06480108607899053,-0.0020968586657986476,-0.1949812426711572,-1.0825264634508065,-0.0020968586657986476,0.4849610292305025,0.3730590174317158,0.1801166707120847,0.031774741700079163,15.814001661546428
rotate,ahad,rotate,0.07551395893096924,0.032018840312957764,-0.10897860210388899,0.022835969924926758,-0.607589602470398,-0.6027373699471354,0.0764663815498352,-0.138031005859375,-0.06551682483404875,-0.067138671875,-0.46751388907432556,-0.4602546123787761,0.06437331438064575,-0.3364764153957367,-0.05203352775424719,-0.05502691864967346,-0.38657960295677185,-0.17021411936730146,-0.009925979556459361,-0.09957317150000361,-0.3567712776588668,-0.6556447708245474,-0.6039553519451252,0.0,0.4919191108244723,0.37303566710637603,1.085583037106825,0.09968427963730535,20.129187716396427
rotate,ahad,rotate,0.07513360679149628,0.03154003620147705,-0.10950044263154268,-0.002873942255973816,-0.6274362653493881,-0.5816554175689816,0.07658116519451141,-0.1385723352432251,-0.06708415318280458,-0.07573460042476654,-0.4728730320930481,-0.4262205706909299,0.06479434669017792,-0.3343813419342041,-0.06452699471265078,-0.055531397461891174,-0.3854686915874481,-0.1501439856365323,-0.011525822408271548,-0.014509215499415529,-0.015813349322839204,-0.7790882479060773,-0.6014140266360654,0.6388470417622358,0.49751706526449513,0.36881969347348054,1.2954253109766867,0.7943246886123648,19.717245814125278
rotate,ahad,rotate,0.0748944878578186,0.03048756718635559,-0.11826266581192613,-0.026713430881500244,-0.6370889395475388,-0.5697708227671683,0.0772508978843689,-0.1389947235584259,-0.07534852111712098,-0.08382529020309448,-0.4732629954814911,-0.3890110650099814,0.06587445735931396,-0.33410629630088806,-0.08217994356527925,-0.05583065748214722,-0.3857322335243225,-0.1364497491158545,-0.007246028293262846,-0.031893000458226135,-0.2655219145570747,-0.7224087462280754,-0.2925052787318381,0.3601392364185877,0.5017919483392318,0.3664860285024212,2.4697204769760184,0.22719095093616398,12.724213961506546
rotate,ahad,rotate,0.07375606894493103,0.029487162828445435,-0.12002095533534884,-0.05669918656349182,-0.6371321529150009,-0.560947849880904,0.07597371935844421,-0.14128097891807556,-0.07531169010326266,-0.09310594201087952,-0.47330620884895325,-0.3757280255667865,0.06471791863441467,-0.33412134647369385,-0.0842968444339931,-0.05746987462043762,-0.38571298122406006,-0.13284705532714725,-0.03449754281477491,-0.03031528357303501,-0.053281500709779286,-0.908659263090653,-0.0013094959837017626,0.26736281473528234,0.4964700234167192,0.3654709951523537,693.370505817164,1.1379212340347333,10.845424629414886
rotate,ahad,rotate,0.07283392548561096,0.029082179069519043,-0.12075911089777946,-0.08075284957885742,-0.6375371366739273,-0.560931857675314,0.07419565320014954,-0.14171111583709717,-0.07529569789767265,-0.1048319935798645,-0.47371119260787964,-0.34244438633322716,0.06291088461875916,-0.3344323933124542,-0.09095584228634834,-0.05951705574989319,-0.38607552647590637,-0.1220744363963604,-0.0279437411915172,-0.012272235118981553,-0.022368350376685442,-0.7288988792535024,-0.012272235118981553,0.0004846122906063538,0.5062407891058766,0.3648692175204962,59.38930299853877,2.276803216154471,9.756350016495894
rotate,ahad,rotate,0.07219263911247253,0.025245070457458496,-0.13037888891994953,-0.10566562414169312,-0.6413742452859879,-0.5609568674117327,0.07308271527290344,-0.14559417963027954,-0.07532070763409138,-0.11532336473464966,-0.46856674551963806,-0.31475466676056385,0.06269660592079163,-0.33801937103271484,-0.09098085202276707,-0.060039520263671875,-0.389698326587677,-0.10727102495729923,-0.019432920398134157,-0.1162760185472892,-0.29150842491424417,-0.7549325625101718,-0.1162760185472892,-0.000757870800567395,0.5208198854223174,0.3655180356820944,6.492534569100128,0.16712606361016127,3.249084549396977
rotate,ahad,rotate,0.07264046370983124,0.022552847862243652,-0.1309079355560243,-0.12909163534641266,-0.6362588852643967,-0.5609636730514467,0.0729617327451706,-0.14829695224761963,-0.06401061033830047,-0.12450586259365082,-0.4632255434989929,-0.30294321244582534,0.06320039927959442,-0.3407115936279297,-0.09234032547101378,-0.059301987290382385,-0.3923504054546356,-0.09970589494332671,0.013570442344203173,-0.0815825028852985,-0.016031716244690387,-0.7098791274157455,0.15501090974518786,-0.00020623150648492805,0.5264225293090454,0.3654280090733112,4.579513461789234,0.1663380691471706,8.333427756053844
rotate,ahad,rotate,0.07420922815799713,0.0224035382270813,-0.13266125181689858,-0.15443621575832367,-0.6199267357587814,-0.5953877405263484,0.0730821043252945,-0.1485266089439392,-0.06400286266580224,-0.13177914917469025,-0.4631474018096924,-0.300618811044842,0.06378169357776642,-0.3409283757209778,-0.09285871544852853,-0.059643372893333435,-0.39246442914009094,-0.09969814727082849,0.04753831661108764,-0.004524534398859193,-0.053130795784068784,-0.7680175882397269,0.4949136213822794,-1.0431535598455044,0.5535638688105868,0.3656542835410754,1.5518183441311157,10.504464759580925,33.28720035852603
rotate,ahad,rotate,0.07546325027942657,0.022418737411499023,-0.14325235318392515,-0.17785097658634186,-0.6008111387491226,-0.5953873647376895,0.07347352802753448,-0.14932489395141602,-0.06400248687714338,-0.13660798966884613,-0.43794795870780945,-0.2940683616325259,0.06415475904941559,-0.34085169434547424,-0.09285833965986967,-0.05991677939891815,-0.392083078622818,-0.09969777148216963,0.03800067034634686,0.00046058134599165595,-0.32094246566747253,-0.7095382069096439,0.5792605154442079,1.1387535116889288e-05,0.5506215132122565,0.36692348679508063,1.2249013407450917,82.32713621627552,31.76369568637767
rotate,ahad,rotate,0.07665306329727173,0.02244389057159424,-0.18385384301654994,-0.1995159089565277,-0.5604481995105743,-0.5953784070443362,0.07418161630630493,-0.14938944578170776,-0.06399352918379009,-0.1496300995349884,-0.414682000875473,-0.27540127257816494,0.06437230110168457,-0.3408912420272827,-0.09957964043132961,-0.060401976108551025,-0.39090433716773987,-0.09968881378881633,0.03605493993470148,0.0007622169725822647,-1.2303481767462006,-0.6565131021268412,1.2231193708650943,0.00027144525313016027,0.5420387259526575,0.3731827661108198,0.5367526514683911,47.2407470351627,19.576929204809268
rotate,ahad,rotate,0.07782067358493805,0.02221086621284485,-0.19413585145957768,-0.21712778508663177,-0.5082458853721619,-0.5953789271879941,0.0748489648103714,-0.1497531235218048,-0.06989555736072361,-0.15452255308628082,-0.3883074223995209,-0.2721641280222684,0.06466807425022125,-0.34125491976737976,-0.11228237231262028,-0.06201110780239105,-0.39044857025146484,-0.10183186759240925,0.03538212992928254,-0.007061344204526977,-0.3115760134250836,-0.5336932160637609,1.5818883072246244,-1.5761929027962003e-05,0.5305903231842773,0.37280069808939925,0.3373770930913675,5.009969622636421,11.4912014330006
rotate,ahad,rotate,0.0789112001657486,0.02207067608833313,-0.2583773843944073,-0.22851426899433136,-0.4536401927471161,-0.5772267393767834,0.07577373087406158,-0.1505039632320404,-0.10270650312304497,-0.15465690195560455,-0.3600885272026062,-0.22824160382151604,0.06492473185062408,-0.341971218585968,-0.13214297220110893,-0.06269542872905731,-0.3880559206008911,-0.10410619154572487,0.03304626002456189,-0.004248185591264187,-1.9467131192372522,-0.345044966899986,1.6547179583347134,0.5500662973094144,0.5056087789188707,0.385560953930468,0.20852179469028057,7.777080881687308,17.759814521440685
rotate,ahad,rotate,0.07940851151943207,0.022242456674575806,-0.2908790602814406,-0.2285422533750534,-0.3928220868110657,-0.462824810994789,0.07655458152294159,-0.15041586756706238,-0.1299793168436736,-0.1546848863363266,-0.3346778452396393,-0.17078480566851795,0.06540016829967499,-0.3413482904434204,-0.15723589505068958,-0.06286050379276276,-0.38669559359550476,-0.10506900097243488,0.0150700410207113,0.005205472310384127,-0.9848992693040431,-0.000848011537031696,1.8429729071530474,3.4667251024846863,0.3943059670719173,0.3876273476968298,0.0004601321449752213,2.894482121926324,89.17955832576912
rotate,ahad,rotate,0.07999776303768158,0.02223515510559082,-0.2908784502942581,-0.2285422533750534,-0.3314918577671051,-0.2788207286794204,0.07758782804012299,-0.1504548192024231,-0.13647659661364742,-0.1546848863363266,-0.29593074321746826,-0.11988079341244884,0.06652937829494476,-0.34108373522758484,-0.17823663892340846,-0.06310100853443146,-0.38392406702041626,-0.1501887494523544,0.017856106613621612,-0.00022125966621167786,1.8484460077051005e-05,0.0,1.858491789210931,5.57588128228391,0.2160234434997044,0.3806181697310502,0.0,80.33894281392305,63.91555886066577
rotate,ahad,rotate,0.080659881234169,0.022260576486587524,-0.2908784502942581,-0.22853489220142365,-0.2662847340106964,-0.24795701148104854,0.07808537781238556,-0.14998456835746765,-0.13647659661364742,-0.1531522125005722,-0.26846709847450256,-0.10566281320643611,0.06748028099536896,-0.3402051031589508,-0.17823663892340846,-0.06310169398784637,-0.38179731369018555,-0.15332407297682948,0.02006418777234618,0.0007703448786879998,0.0,0.0002230658675685064,1.9759734471638912,0.9352641575264169,0.22286025259190204,0.3797936919595462,0.00011288904463753164,26.011954349750617,140.66981733805918
rotate,ahad,rotate,0.08193729817867279,0.023080378770828247,-0.2908784502942581,-0.22095490992069244,-0.21185138821601868,-0.24738707186770625,0.07879404723644257,-0.14815321564674377,-0.13647659661364742,-0.14887969195842743,-0.24748221039772034,-0.10558705570292659,0.06782399117946625,-0.33955153822898865,-0.17823663892340846,-0.06316198408603668,-0.3781519830226898,-0.1552081012923736,0.03870960437890265,0.024842493461840143,0.0,0.2296964327494309,1.6494953271114505,0.017270897374008685,0.24708593220343775,0.3799858817513119,0.1392524669343572,1.5581385298473014,30.332676629380977
rotate,ahad,rotate,0.08258527517318726,0.02274191379547119,-0.2736105376679916,-0.21122270822525024,-0.1591019630432129,-0.2455459737975616,0.07963550090789795,-0.14732098579406738,-0.13647659661364742,-0.1336243748664856,-0.23125171661376953,-0.09843547435593791,0.06855255365371704,-0.34007391333580017,-0.17823663892340846,-0.06287112832069397,-0.3767884075641632,-0.1569963300426025,0.01963566650043839,-0.010256514404759288,0.523270079583834,0.2949152028921886,1.5984674294789671,0.05579085061044418,0.27791476894451095,0.37540434500939596,0.1844986097024878,1.914271403930744,2.767567829780423
rotate,ahad,rotate,0.08258527517318726,0.021209925413131714,-0.267440541414544,-0.19502124190330505,-0.11692360043525696,-0.24555510166101158,0.07985848188400269,-0.14767345786094666,-0.12177181872539222,-0.11957776546478271,-0.21634438633918762,-0.09844460221938789,0.06878632307052612,-0.34143561124801636,-0.1774667191784829,-0.06309756636619568,-0.3753513693809509,-0.15700545790605247,0.0,-0.04642389037392337,0.18696958343780548,0.49095352490742794,1.2781322002410835,-0.00027660192272653967,0.3033641497253749,0.37389501872470826,0.38411765285091065,0.0,11.506745018510882
rotate,ahad,rotate,0.08254379034042358,0.019332557916641235,-0.23679401708068326,-0.17445096373558044,-0.07452383637428284,-0.23554094863357022,0.07999593019485474,-0.14981934428215027,-0.0908317340654321,-0.11345487833023071,-0.2028021514415741,-0.09843792003812268,0.06874483823776245,-0.34337884187698364,-0.1702663077157922,-0.06315916776657104,-0.37417808175086975,-0.15699877572478727,-0.0012571161443536963,-0.05688992413607525,0.9286825555715394,0.6233417626583231,1.284841335181037,0.3034591826497387,0.3291616677978354,0.36902019827202104,0.4851503920677496,0.02209695418810297,10.042475668577824
rotate,ahad,rotate,0.08244198560714722,0.01765727996826172,-0.22375936672324315,-0.14938494563102722,-0.054961204528808594,-0.2335478799068369,0.08010721206665039,-0.15149462223052979,-0.07145494088763371,-0.10276675224304199,-0.19830989837646484,-0.09413562581175938,0.06864303350448608,-0.34505411982536316,-0.15312088892096654,-0.06331929564476013,-0.3751228451728821,-0.15521502360934392,-0.00308499191746568,-0.05076599843574305,0.39498940477091354,0.7595763061985844,0.5928070256204331,0.060396022022222176,0.3406564378126255,0.36978340304238244,1.2813192017830926,0.06076766428037743,22.606772198502227
rotate,ahad,rotate,0.08237700164318085,0.01743680238723755,-0.20687470387201756,-0.1292402297258377,-0.036970674991607666,-0.23254271398764104,0.08010123670101166,-0.15171509981155396,-0.05223385419230908,-0.09406910836696625,-0.19051510095596313,-0.09416598628740758,0.06860421597957611,-0.34527459740638733,-0.13378778647165745,-0.06356368958950043,-0.37375572323799133,-0.1552453840849921,-0.0019692110292839197,-0.006681138818914211,0.5116564500371368,0.6104459365208917,0.5451675617333591,0.030459573308965343,0.35172781217395627,0.37025794611361607,1.1197379661438724,0.2946977132097203,4.830038455285389
idle,ahad,rotate,0.08192233741283417,0.017321258783340454,-0.19138864940032363,-0.11140899360179901,-0.029120713472366333,-0.2323350883089006,0.0799090713262558,-0.15203377604484558,-0.03941348707303405,-0.08723212778568268,-0.1869087517261505,-0.09019332891330123,0.0681590884923935,-0.3453901410102844,-0.11717321490868926,-0.06386961042881012,-0.3732686936855316,-0.15100051229819655,-0.013777703949899418,-0.0035013213302150003,0.46927437793012033,0.5403404886072346,0.2378776217951925,0.006291687234558858,0.3568096670384793,0.37048200668572134,2.2714966335749756,3.933877748748323,9.57911178939474
idle,ahad,rotate,0.08160483837127686,0.017160266637802124,-0.17234409786760807,-0.09914809465408325,-0.019413381814956665,-0.23237850703299046,0.07990759611129761,-0.15385577082633972,-0.01577848009765148,-0.0823889672756195,-0.18358156085014343,-0.09023674763739109,0.06813961267471313,-0.34632420539855957,-0.08844340778887272,-0.06388086080551147,-0.3725702464580536,-0.13202574290335178,-0.009621183077494263,-0.00487854986479786,0.5771076222034993,0.37154239235502146,0.2941615653760493,-0.0013157189118139616,0.3688281796396954,0.37328487715188785,1.2630512379440666,1.9717357838483385,5.396879708611222
idle,ahad,rotate,0.08139368891716003,0.016715437173843384,-0.17116850148886442,-0.09011510014533997,-0.00903746485710144,-0.23262889217585325,0.0800372064113617,-0.15443477034568787,-0.013326188549399376,-0.08042183518409729,-0.1815025508403778,-0.09270477574318647,0.06804463267326355,-0.34744638204574585,-0.08295045327395201,-0.0639546811580658,-0.3725207448005676,-0.13001673948019743,-0.006398468306570358,-0.013479680726022465,0.03562413268920156,0.2737271063255548,0.31442172599561363,-0.007587428571599921,0.3785943953638069,0.37493259649005195,0.8705703617917665,0.474639852141818,3.0329743727625464
idle,ahad,rotate,0.0811053067445755,0.015324205160140991,-0.1711708544753492,-0.08173705637454987,-0.010428696870803833,-0.23366677155718207,0.08058847486972809,-0.155857652425766,-0.01297391438856721,-0.07831494510173798,-0.18250134587287903,-0.09425451746210456,0.0677545815706253,-0.3490447402000427,-0.08285265555605292,-0.06422291696071625,-0.3729906976222992,-0.12727017095312476,-0.008738853714682861,-0.042158545869769574,-7.130262075048522e-05,0.2538801142663673,-0.042158545869769574,-0.03145089034329769,0.3782567726934097,0.37515739958837446,6.021889207502388,0.20728054665667164,10.846320174465335
idle,ahad,rotate,0.0805094987154007,0.014645099639892578,-0.17118994379416108,-0.07486318051815033,-0.011107802391052246,-0.23850371921434999,0.0807170420885086,-0.15661084651947021,-0.012993003707379103,-0.07692049443721771,-0.18227916955947876,-0.09562002355232835,0.0671936422586441,-0.35016125440597534,-0.08287174487486482,-0.06478385627269745,-0.37317144870758057,-0.12728926027193666,-0.01805478876287279,-0.020578955159042733,-0.0005784642064210116,0.20829926837574264,-0.020578955159042733,-0.14657417142933002,0.3788935637340899,0.37558100623668983,10.121463665299432,0.8772997134029032,3.8086294765664985
idle,ahad,rotate,0.07947336137294769,0.014647245407104492,-0.17144788755103946,-0.07110904157161713,-0.011107802391052246,-0.2384966160170734,0.08018819987773895,-0.15766632556915283,-0.013340527657419443,-0.07669861614704132,-0.18200117349624634,-0.09677883936092257,0.06617210805416107,-0.3511221706867218,-0.08286464167758822,-0.06564827263355255,-0.3727031946182251,-0.12728215707466006,-0.03139810128645471,6.502324884588085e-05,-0.00781647748116293,0.1137617862585822,0.0,0.00021524840232097793,0.3783512964893495,0.3765782528757409,113761.7862585822,475.5612884144465,5.327472907519273
idle,ahad,rotate,0.0787186473608017,0.014757275581359863,-0.17165015591308475,-0.0705057829618454,-0.013463377952575684,-0.2384966160170734,0.079981729388237,-0.15779995918273926,-0.013340527657419443,-0.07689802348613739,-0.18200117349624634,-0.09731878293678164,0.06543819606304169,-0.35167834162712097,-0.08286464167758822,-0.06623484194278717,-0.3722198009490967,-0.12728215707466006,-0.022870121580181757,0.003334247704708223,-0.006129344304402685,0.01828056393247667,-0.07138107762192253,0.0,0.37562357201898383,0.3772721822288174,0.2560945904278699,6.8570983642075545,3.612544259244941
idle,ahad,rotate,0.07808980345726013,0.014880061149597168,-0.17144788755103946,-0.07113462686538696,-0.013463377952575684,-0.2384966160170734,0.08023616671562195,-0.1578296422958374,-0.018735946621745825,-0.07618647813796997,-0.18200117349624634,-0.09731878293678164,0.06496241688728333,-0.35188090801239014,-0.08462256146594882,-0.06642270088195801,-0.37155798077583313,-0.12728215707466006,-0.019055875864895825,0.0037207747950698234,0.006129344304402643,-0.019055875864895825,0.0,0.0,0.37499680358034193,0.3771267347041046,19055.875864895825,5.1201044969563565,2.4410906915139856
idle,ahad,rotate,0.07720370590686798,0.015513807535171509,-0.17145499074831605,-0.07202072441577911,-0.013178378343582153,-0.23465245449915528,0.08015020191669464,-0.15760734677314758,-0.018991211894899607,-0.07649673521518707,-0.1819411814212799,-0.09732588613405824,0.06461896002292633,-0.3516208231449127,-0.08485692972317338,-0.06677047908306122,-0.3704029619693756,-0.12728926027193666,-0.026851440920974336,0.019204435926495223,-0.00021524840232097793,-0.026851440920974336,0.008636351787682756,0.11648974296721575,0.3730466776387999,0.37741944444726155,3.108758515459064,1.3981167115259758,3.547554108109601
idle,ahad,rotate,0.07677359879016876,0.016181528568267822,-0.17144618509337306,-0.07245083153247833,-0.013101756572723389,-0.23155243275687099,0.08058102428913116,-0.15757286548614502,-0.020415134262293577,-0.07658953964710236,-0.18166238069534302,-0.09731708047911525,0.06483776867389679,-0.35180383920669556,-0.0859978380613029,-0.06625787913799286,-0.3698330223560333,-0.12717386661097407,-0.01303354899088536,0.0202339706998882,0.00026683802857543367,-0.01303354899088536,0.0023218718442049795,0.09394005279649348,0.37173973922274745,0.377964436088308,5.6109634388143315,0.6441100995000388,0.8239389599248599
idle,ahad,rotate,0.0767832100391388,0.01660946011543274,-0.17164738988503814,-0.07388746738433838,-0.01129654049873352,-0.22373405611142516,0.0810990035533905,-0.1574935019016266,-0.0212751398794353,-0.07664191722869873,-0.18158301711082458,-0.09429310774430633,0.06573447585105896,-0.35248905420303345,-0.08647022163495421,-0.06566539406776428,-0.36945515871047974,-0.12643659627065063,0.0002912499687888413,0.012967622641361153,-0.006097114898941749,-0.043534419753334844,0.0547035173936325,0.2369205044074498,0.3712303785797138,0.37896033801753043,0.795810324768575,0.022458049466251757,4.7060078682099
idle,ahad,rotate,0.07718522846698761,0.017629146575927734,-0.17164709279313684,-0.07540558278560638,-0.010052323341369629,-0.21169144520536065,0.08195336163043976,-0.15666472911834717,-0.021639869082719088,-0.0761132687330246,-0.18075424432754517,-0.09429281065240502,0.06725271046161652,-0.35203275084495544,-0.08790612826123834,-0.06446684896945953,-0.36860716342926025,-0.12643629917874932,0.0121823766014793,0.030899589711969627,9.002784887949647e-06,-0.04600349700812149,0.03770355022314832,0.36492760321407697,0.3687135326672621,0.3791584397840397,1.220104648798545,0.3942441459866491,3.913775976953118
idle,ahad,rotate,0.07723119854927063,0.01862800121307373,-0.17163447570055723,-0.07694947719573975,-0.008906364440917969,-0.21167882811278105,0.08206388354301453,-0.15604209899902344,-0.02539240475744009,-0.07589611411094666,-0.18017375469207764,-0.09428019355982542,0.0679953396320343,-0.35164380073547363,-0.09119254630059004,-0.06402286887168884,-0.368015855550766,-0.12642368208616972,0.0013930327964551462,0.03026832233775733,0.0003823361387758528,-0.04678467909495016,0.034726027286413795,0.0003823361387758528,0.36931715872939924,0.3790216516424262,1.3472123228138697,0.04602127463942282,11.04722011225979
idle,ahad,rotate,0.0784355103969574,0.019437968730926514,-0.17746711755171418,-0.07918179035186768,-0.007883608341217041,-0.2116782614029944,0.08236119151115417,-0.15523773431777954,-0.033262880984693766,-0.07605630159378052,-0.17898958921432495,-0.09427962685003877,0.0685015618801117,-0.35091114044189453,-0.09984590345993638,-0.0639096200466156,-0.3672066032886505,-0.12642311537638307,0.036494298414750624,0.02454447023796319,-0.17674672276233225,-0.06764585321599803,0.03099260908184637,1.7173023837985456e-05,0.36961425000646925,0.37852635162603815,2.1825742538522133,1.4868037996805947,0.6422958285746491
idle,ahad,rotate,0.07915304601192474,0.02070745825767517,-0.18459839280694723,-0.08087600767612457,-0.006989389657974243,-0.21037528570741415,0.08288787305355072,-0.15441903471946716,-0.04980896320194006,-0.0760820060968399,-0.17766687273979187,-0.08966089691966772,0.06954757869243622,-0.35009244084358215,-0.12222307082265615,-0.06324850022792816,-0.3663524389266968,-0.14211163576692343,0.02174350348385903,0.03846937959844425,-0.21609925015857778,-0.051339918916875796,0.027097535855842427,0.03948411198728022,0.36621367547068523,0.3761323051381952,1.894564311149192,0.5652011680367807,1.2993939252414446
idle,ahad,rotate,0.07986524701118469,0.02344822883605957,-0.1885851612314582,-0.0819387137889862,-0.0036875009536743164,-0.20967751648277044,0.08401855826377869,-0.15248960256576538,-0.052742655389010906,-0.07601451873779297,-0.1773977279663086,-0.08966439124196768,0.07139399647712708,-0.3498649001121521,-0.12222656514495611,-0.06196635961532593,-0.3661190867424011,-0.14211513008922338,0.021581848462422597,0.083053653890436,-0.12081116437911936,-0.03220321554126148,0.10005723346363372,0.02114452195890013,0.369215689487541,0.37925969678478416,0.3218447340764393,0.2598511636794361,2.3522787446398614
idle,ahad,rotate,0.08147105574607849,0.025524437427520752,-0.1935304319486022,-0.08262813091278076,-0.003699362277984619,-0.20969485398381948,0.08475068211555481,-0.1514851450920105,-0.058019417338073254,-0.07596078515052795,-0.1774095892906189,-0.08968172874301672,0.07270041108131409,-0.3498767614364624,-0.12551242765039206,-0.06052699685096741,-0.3660278916358948,-0.14450424071401358,0.04866087075435766,0.0629154118624602,-0.14985668839830377,-0.020891427993774466,-0.0003594340700091747,-0.0005253788196679331,0.36880921812229367,0.3816142466222438,57.96185691669682,0.7734209455671728,3.1317926368362974
idle,ahad,rotate,0.08380445837974548,0.025843769311904907,-0.1948645287193358,-0.0832454264163971,-0.0040309131145477295,-0.20651564234867692,0.08607855439186096,-0.15146902203559875,-0.06253195414319634,-0.07546868920326233,-0.177741140127182,-0.08967032516375184,0.07372352480888367,-0.3501054346561432,-0.13002537423744798,-0.05871647596359253,-0.36631685495376587,-0.1444928371347487,0.07070917071718176,0.00967672376921685,-0.040427174870715094,-0.01870592435201014,-0.010046995047367006,0.0963397465194719,0.3683742681448453,0.3816327359383564,1.8616574016835203,7.306384476698467,2.950693335096488
idle,ahad,rotate,0.0845043808221817,0.026821017265319824,-0.19536013063043356,-0.0845244973897934,-0.0041806697845458984,-0.202484211884439,0.08706159889698029,-0.1514531970024109,-0.06264508422464132,-0.0756186693906784,-0.17799878120422363,-0.0837412616237998,0.07440115511417389,-0.3502068817615509,-0.1398240989074111,-0.05751563608646393,-0.36656710505485535,-0.14481211360543966,0.02120977098291576,0.029613574345906647,-0.015018239730235338,-0.03875972646655468,-0.004538080909035434,0.12216455952236177,0.367939503147905,0.38123006522815556,8.539113367510168,0.7161936800164541,1.0047746805822992
idle,ahad,rotate,0.08437451720237732,0.027152836322784424,-0.19535233150236309,-0.08613869547843933,-0.003841578960418701,-0.20247641275636852,0.08687379956245422,-0.1512010097503662,-0.06263728509657085,-0.07579931616783142,-0.17795485258102417,-0.08373346249572933,0.07527711987495422,-0.3499162495136261,-0.13982062111608684,-0.05623462796211243,-0.3663865029811859,-0.1448043144773692,-0.003935261206193361,0.010055122953472604,0.0002363372142567753,-0.048915093595330826,0.010275479519005865,0.0002363372142567753,0.3683193534246435,0.38124484126354363,4.759907661457863,0.3913298618563954,3.7346643201616057
idle,ahad,rotate,0.08476774394512177,0.027545779943466187,-0.1958024464547634,-0.08750076591968536,-0.0036742985248565674,-0.20222125574946404,0.08699838817119598,-0.15090563893318176,-0.06433089450001717,-0.07601477205753326,-0.17824634909629822,-0.08372843638062477,0.07531677186489105,-0.34958595037460327,-0.1415209136903286,-0.05566410720348358,-0.3661041855812073,-0.14479928836226463,0.011915961901346871,0.011907382444901929,-0.013639847042434178,-0.04127486185594049,0.005069104107943461,0.007732030512257075,0.3683290352504234,0.3811353403782163,8.140831228943428,1.000636480771424,0.3606759595740798
idle,ahad,rotate,0.08471706509590149,0.028335094451904297,-0.19813070923555642,-0.08929523825645447,-0.0032339096069335938,-0.20103585452307016,0.08731880784034729,-0.15040284395217896,-0.07141034037340432,-0.07615643739700317,-0.17792785167694092,-0.08369035006035119,0.075654536485672,-0.34910884499549866,-0.15267900854814798,-0.05514809489250183,-0.3656634986400604,-0.14483427733648568,-0.0015357227036447273,0.023918621467821585,-0.07055341759978839,-0.05437794959906389,0.013345118724938628,0.03592124928466307,0.3683474605381435,0.3802787319135318,4.074439222352561,0.06420347018077578,0.9748044381790401
idle,ahad,rotate,0.08538298308849335,0.029620885848999023,-0.21126909604572575,-0.08975328505039215,-0.0029033422470092773,-0.20101904919647495,0.08833472430706024,-0.15005850791931152,-0.09266518106960575,-0.07537414133548737,-0.1783066987991333,-0.0820437302281789,0.07746998965740204,-0.3485123813152313,-0.17433002641701023,-0.053362831473350525,-0.3653329312801361,-0.15368506362938206,0.02017933310884423,0.03896337566953727,-0.3981329336414956,-0.013880205876899523,0.01001719272497931,0.0005092523210667877,0.3673145495456582,0.380015628713308,1.3854999856701389,0.517891863069697,1.633316991821629
idle,ahad,rotate,0.08632686734199524,0.030247986316680908,-0.21355666441377252,-0.09006717801094055,-0.0029033422470092773,-0.19353480858262628,0.08970841765403748,-0.15005850791931152,-0.09266090614255518,-0.07434150576591492,-0.17887377738952637,-0.07642990571912378,0.07854530215263367,-0.3483140766620636,-0.17432575148995966,-0.051780521869659424,-0.3653653860092163,-0.15368078870233148,0.028602553136421044,0.019003044475208675,-0.06932025357717524,-0.00951190789540611,0.0,0.22679517011662692,0.366650984053467,0.3806689543584491,9511.907895406111,1.505077152062757,6.86514083250065
idle,ahad,rotate,0.08809807896614075,0.031016767024993896,-0.21395344962365925,-0.08954879641532898,-0.0029227733612060547,-0.19399058748967946,0.09195390343666077,-0.14974868297576904,-0.09268744220025837,-0.07311561703681946,-0.1789352297782898,-0.07638432015664876,0.08036914467811584,-0.34784528613090515,-0.175212710397318,-0.05009463429450989,-0.3654164671897888,-0.15368772973306477,0.053673079519560254,0.02329638510039333,-0.012023794238991678,0.015708533200350504,-0.0005888216423265797,-0.01381148203191417,0.3668550521902296,0.3809160493107835,26.632683633627686,2.303824196933333,7.331077690794537
idle,ahad,rotate,0.08858940005302429,0.031782060861587524,-0.21508957433979958,-0.08929422497749329,-0.0038261711597442627,-0.196106597664766,0.0938357412815094,-0.15015652775764465,-0.09461761254351586,-0.07223442196846008,-0.17976155877113342,-0.0742177291540429,0.08047798275947571,-0.3481699228286743,-0.17778885352890939,-0.04926937818527222,-0.36624395847320557,-0.15701745438855141,0.014888517784349882,0.023190722321019087,-0.0344280217012222,0.00771428599502103,-0.02737569086479425,-0.06412152045716858,0.36671051531691107,0.38186469956476343,0.2817829968245509,0.6419755108423381,1.7440820354670885
idle,ahad,rotate,0.08960011601448059,0.0319732129573822,-0.21509773307479918,-0.08929422497749329,-0.0046058595180511475,-0.1961147563997656,0.09518817067146301,-0.15067240595817566,-0.09462577127851546,-0.07105541229248047,-0.18043574690818787,-0.0742258878890425,0.08047798275947571,-0.3483213484287262,-0.17779701226390898,-0.048815131187438965,-0.3669377267360687,-0.157025613123551,0.03062775640776671,0.005792487751353885,-0.00024723439392718464,0.0,-0.023626919948693537,-0.00024723439392718464,0.3666754698065137,0.38222834864513466,0.0,5.286583440279006,1.9529563452821401
idle,ahad,rotate,0.09056001901626587,0.03184056282043457,-0.2151066386140883,-0.08913952112197876,-0.004997074604034424,-0.19612366193905473,0.09534287452697754,-0.15080595016479492,-0.09463467681780457,-0.07070386409759521,-0.1805984377861023,-0.07423479342833161,0.08063268661499023,-0.34839698672294617,-0.1778059178031981,-0.04866042733192444,-0.3672478497028351,-0.15703451866284013,0.02908796975106911,-0.004019701119625217,-0.0002698648269429358,0.0046879956216523255,-0.011855002605553859,-0.0002698648269429358,0.36659533850802617,0.38219169245860424,0.3954111497458906,7.234551608198247,0.3839716245576239
idle,ahad,rotate,0.09212182462215424,0.03160730004310608,-0.21870820340700448,-0.0882120281457901,-0.005808383226394653,-0.19612497207708657,0.0962703675031662,-0.1504499614238739,-0.10791928437538445,-0.06977637112140656,-0.18084141612052917,-0.07423610356636345,0.0815601795911789,-0.34835776686668396,-0.19442330417223275,-0.04773293435573578,-0.3674827516078949,-0.15703582880087197,0.0473274426026779,-0.007068569009954296,-0.1091383270580663,0.028105847763292786,-0.024585109768491865,-3.9701152480009926e-05,0.3660257735464671,0.38088680306406597,1.1431596144304055,6.69453011011542,0.8077360137909538
idle,ahad,rotate,0.09310947358608246,0.03146931529045105,-0.23423330136574805,-0.08733914792537689,-0.006378740072250366,-0.20864545949734747,0.09723584353923798,-0.15021100640296936,-0.11807273724116385,-0.06881089508533478,-0.1810324490070343,-0.08024449297226965,0.08228616416454315,-0.3481805622577667,-0.2018661464098841,-0.046767458319664,-0.3676207363605499,-0.16267872997559607,0.02992875648267349,-0.004181356141061504,-0.4704575139013215,0.02645091577009728,-0.017283540783506492,-0.3794087097048769,0.3664079449230652,0.38118080522128606,1.5303221590554295,7.155955990653013,11.498268978179203
idle,ahad,rotate,0.09460531175136566,0.0317823588848114,-0.23505589459091425,-0.08619315922260284,-0.007313519716262817,-0.20907963905483484,0.09862945973873138,-0.150067538022995,-0.1192863592877984,-0.06731505692005157,-0.18105033040046692,-0.08068117592483759,0.08364199101924896,-0.34760814905166626,-0.20281107816845179,-0.04547743499279022,-0.36763861775398254,-0.16308237705379725,0.04532842925100566,0.009486169526071155,-0.02492706742927856,0.03472693038709198,-0.028326655879164876,-0.013156956287495873,0.36552386322515606,0.3809161063802528,1.2259020137502377,4.777866478135672,11.106413640685187
idle,ahad,rotate,0.09600289165973663,0.03209662437438965,-0.23567981785163283,-0.08609871566295624,-0.007371425628662109,-0.20923080807551742,0.09990431368350983,-0.1500227451324463,-0.1201069108210504,-0.06638620793819427,-0.1800970435142517,-0.08068564301356673,0.08409710228443146,-0.3471948504447937,-0.20428201323375106,-0.04454152286052704,-0.3676948845386505,-0.16341723268851638,0.04235090631427198,0.009523196653886299,-0.018906765476320777,0.002861926049897172,-0.0017547246181603678,-0.004580879414623445,0.36559387167212853,0.3807749897590216,1.6300540644556618,4.446664412057358,1.2838600854051891
idle,ahad,rotate,0.09732334315776825,0.03207927942276001,-0.25987559533677995,-0.08671893179416656,-0.007408440113067627,-0.22858275449834764,0.10009811818599701,-0.14998018741607666,-0.13877038634382188,-0.06853841245174408,-0.18009883165359497,-0.0930518654640764,0.08283887803554535,-0.3471827208995819,-0.22152933455072343,-0.045844122767448425,-0.3676888048648834,-0.17581473267637193,0.040013681758533926,-0.0005256045948375368,-0.7332053783377933,-0.018794428218494807,-0.0011216510425914445,-0.5864226188736446,0.36641118346152673,0.3814707070466266,16.74111322705508,75.98430046148492,17.64378705163557
idle,ahad,rotate,0.09922489523887634,0.031945496797561646,-0.2780210373457521,-0.0887804925441742,-0.008289486169815063,-0.23879574215970933,0.09992119669914246,-0.14880964159965515,-0.16155745065771043,-0.07201725244522095,-0.1800595223903656,-0.10551958507858217,0.08093306422233582,-0.34744536876678467,-0.23589269793592393,-0.048707932233810425,-0.3668223023414612,-0.18124991632066667,0.05762279033660903,-0.004054018945404987,-0.549861879059764,-0.062471537879019226,-0.02669836535598299,-0.3094844745867188,0.3653260357999366,0.38216072134251483,2.3398135890529748,14.210239486527001,8.53107504900128
idle,ahad,rotate,0.1007469892501831,0.034371644258499146,-0.2814960179384798,-0.08938199281692505,-0.0034327805042266846,-0.2485353050287813,0.09976476430892944,-0.14499369263648987,-0.16155745065771043,-0.07211580872535706,-0.17895153164863586,-0.11788462079130113,0.0805807113647461,-0.3466604948043823,-0.24038135982118547,-0.05033707618713379,-0.3670133650302887,-0.19560846663080156,0.04612406094868989,0.07351962002840927,-0.10530244220386878,-0.01822728099245018,0.14717289895722396,-0.2951382687597571,0.3694815248178806,0.38377413262841165,0.12384859762224504,0.6273622411082359,5.454089580524435
idle,ahad,rotate,0.1015990823507309,0.03423461318016052,-0.2814960179384798,-0.09095732867717743,0.0017494261264801025,-0.2606314120348543,0.09775368869304657,-0.14529266953468323,-0.16155745065771043,-0.07413934171199799,-0.17496255040168762,-0.13102459884248674,0.07869713008403778,-0.34670761227607727,-0.24038135982118547,-0.05216805636882782,-0.3651083707809448,-0.20242433226667345,0.02582100304690246,-0.004152456919352168,0.0,-0.04773745031067767,0.15703656456687062,-0.3665486971537232,0.37346661823129534,0.3838383691936998,0.30398745957595286,6.216749938248997,2.360446813755483
idle,ahad,rotate,0.10476146638393402,0.03281554579734802,-0.2814922145335004,-0.09216995537281036,0.004038184881210327,-0.2614506295649335,0.0989370197057724,-0.14676222205162048,-0.16155364725273103,-0.07433904707431793,-0.1760050356388092,-0.13181517634075135,0.07891134917736053,-0.3477172553539276,-0.24037755641620606,-0.052553072571754456,-0.3651604950428009,-0.20242052886169404,0.09582981918797372,-0.0430020419034092,0.0001152546963456908,-0.03674626350402841,0.06935632590091607,-0.024824773638763273,0.37598100410730817,0.38361941611932504,0.5298108458870537,2.2284428018655236,10.695891023920764
idle,ahad,rotate,0.1063651591539383,0.030170083045959473,-0.28148861904628575,-0.09243263304233551,0.00411224365234375,-0.26144703407771885,0.10069026052951813,-0.15019607543945312,-0.16026020725257695,-0.07478104531764984,-0.17621201276779175,-0.13181158085353673,0.07802696526050568,-0.35138916969299316,-0.24037396092899144,-0.051490917801856995,-0.3672078549861908,-0.2024169333744794,0.048596750606190196,-0.08016553792086534,0.00010895415801893609,-0.007959929379549913,0.002244205185861304,0.00010895415801893609,0.378205489765548,0.3848128528206298,3.5453015295331816,0.6061974467970842,2.3383222072158345
idle,ahad,rotate,0.10863944888114929,0.03350362181663513,-0.2769970978333731,-0.09172722697257996,0.0035141408443450928,-0.2614859725072165,0.10232511162757874,-0.14921864867210388,-0.15628445993206697,-0.07463821768760681,-0.17877790331840515,-0.13185051928303437,0.07838389277458191,-0.35280948877334595,-0.23753535102150636,-0.05120587348937988,-0.36965104937553406,-0.20245587180397706,0.06891787052154558,0.10101632638411114,0.1361067034215952,0.02137594150774412,-0.01812432751511087,-0.0011799524090196402,0.3799720938029313,0.38950025359487056,1.1793409796277199,0.6822381168502749,1.0829387818264544
idle,ahad,rotate,0.10955800116062164,0.030384957790374756,-0.2652973721851595,-0.09267501533031464,0.0034659504890441895,-0.2615136693348177,0.102208212018013,-0.15227657556533813,-0.14770040317671373,-0.07478596270084381,-0.1814623475074768,-0.13108383520739153,0.07754434645175934,-0.3559281527996063,-0.23080167575972155,-0.05145062506198883,-0.3721674084663391,-0.20245284243719652,0.027834917559768284,-0.0945049704927389,0.3545371408549598,-0.028720859325293408,-0.001460313796997074,-0.0008392978060962371,0.38247621100786106,0.3891691747471801,19.654135466532463,0.29453078376574,1.5999009532190205
idle,ahad,rotate,0.1071796715259552,0.028725415468215942,-0.24913755664601922,-0.09377691149711609,0.0019410550594329834,-0.2615347714163363,0.10050413012504578,-0.15393611788749695,-0.12950908252969384,-0.07673364877700806,-0.18312188982963562,-0.12908739456906915,0.07660248875617981,-0.35758769512176514,-0.21788243064656854,-0.05327281355857849,-0.3738269507884979,-0.2012853235937655,-0.07207059498989239,-0.05028916127753993,0.4896913799739483,-0.03339079293337743,-0.0462089524124609,-0.0006394570157157669,0.38271683021742064,0.3887797145184979,0.7225887755810223,1.4330953243945912,1.3633969063096796
idle,ahad,rotate,0.10405668616294861,0.028725415468215942,-0.24891393980942667,-0.09465548396110535,0.0019410550594329834,-0.2649832924362272,0.09781929850578308,-0.15393611788749695,-0.1293820848222822,-0.07738363742828369,-0.18312188982963562,-0.12904651067219675,0.07607170939445496,-0.35758769512176514,-0.21722726128064096,-0.054858118295669556,-0.3738269507884979,-0.199060465907678,-0.0946359200911078,0.0,0.006776267775531896,-0.026623407999674185,0.0,-0.10450063696638989,0.38357690700868874,0.3886193818308947,26623.407999674186,94635.92009110781,3.4508498950021806
idle,ahad,rotate,0.10228028893470764,0.02809944748878479,-0.24828863935545087,-0.09354948997497559,0.0019410550594329834,-0.2649989207275212,0.09748658537864685,-0.15393611788749695,-0.11579220788553357,-0.07617905735969543,-0.18312188982963562,-0.12906213896349072,0.0765887200832367,-0.35778534412384033,-0.20337043004110456,-0.0538046658039093,-0.3738269507884979,-0.199076094198972,-0.05383021903760519,-0.018968726649428905,0.01894849860532722,0.0335149692766595,0.0,-0.0004735845846660221,0.3835714592156627,0.389338894327264,33514.9692766595,2.837690812968345,3.6411902372769527
idle,ahad,rotate,0.10319788753986359,0.02736833691596985,-0.24326603021472692,-0.09229032695293427,0.0019410550594329834,-0.26575858797878027,0.09795571863651276,-0.1599220335483551,-0.11313659604638815,-0.07574443519115448,-0.18360957503318787,-0.12905785348266363,0.07640309631824493,-0.36094900965690613,-0.20336614456027746,-0.053341254591941833,-0.3754100799560547,-0.1990718087181449,0.027806018338059003,-0.022154865842877066,0.15220027699163505,0.03815645521337345,0.0,-0.023020219735123953,0.3851727350987026,0.3912803641396375,38156.455213373454,1.25501835654951,0.6975584787822531
idle,ahad,rotate,0.1023315042257309,0.027346491813659668,-0.24140184721909463,-0.09309650957584381,0.0019602179527282715,-0.27477086684666574,0.0967089980840683,-0.16087085008621216,-0.11314130178652704,-0.07782875001430511,-0.18520313501358032,-0.13205849728547037,0.07613478600978851,-0.36224034428596497,-0.20337085030041635,-0.0542154461145401,-0.3770153522491455,-0.19907651445828378,-0.026254039822202806,-0.0006619727972782036,0.056490393807039255,-0.024429776451804483,0.0005806937362208525,-0.2730993596328937,0.3884119654300236,0.392314322494132,41.99766119284667,39.60047822472844,7.811892573191746
idle,ahad,rotate,0.09791739284992218,0.02693164348602295,-0.23448646068572998,-0.0949738472700119,0.0019974708557128906,-0.2751893848180771,0.0940835028886795,-0.16334301233291626,-0.11232878267765045,-0.08179692924022675,-0.1850476861000061,-0.14335550367832184,0.07409657537937164,-0.3639290928840637,-0.20336519181728363,-0.05838979780673981,-0.37780025601387024,-0.20363761484622955,-0.13376095078208264,-0.012571161443536963,0.2095571676777173,-0.05688902103539683,0.0011288758480187647,-0.012682362770040862,0.3882065967967801,0.39282067149873084,50.349798285494494,10.639455385839469,7.952505673109452
idle,ahad,rotate,0.09710288047790527,0.02891331911087036,-0.23336955648846924,-0.0967760682106018,0.003414750099182129,-0.27864141506142914,0.09324419498443604,-0.16252148151397705,-0.11092061293311417,-0.08489114046096802,-0.18300765752792358,-0.148544353665784,0.07193684577941895,-0.3630790710449219,-0.20492543024010956,-0.06078097224235535,-0.37687578797340393,-0.21080733579583466,-0.024682193091421147,0.06005077651052698,0.03384558173517349,-0.05461275577545106,0.04294785586270372,-0.10460697707127327,0.3879664967379416,0.3938279212556277,1.2715764990348937,0.41101520264091435,3.0610775495568077
idle,ahad,rotate,0.0929727554321289,0.0275709331035614,-0.2333557738456875,-0.09795156121253967,0.00295296311378479,-0.28205782012082636,0.09086823463439941,-0.16307112574577332,-0.11230707005597651,-0.08678066730499268,-0.1817028820514679,-0.148588894167915,0.0694456696510315,-0.36303776502609253,-0.2052692009601742,-0.0644153356552124,-0.3759135901927948,-0.21218672231771052,-0.12515530441746597,-0.04067836385784737,0.00041765584187074246,-0.035621000058723304,-0.013993545012040606,-0.10352742604234028,0.3867124434864384,0.3923232524288453,2.545348921888905,3.0766288493305067,1.8192358937488082
idle,ahad,rotate,0.08994521200656891,0.02483808994293213,-0.23332629119977355,-0.09847529232501984,-0.0017112493515014648,-0.2891169092617929,0.08798708021640778,-0.16170918941497803,-0.11308444803580642,-0.08871589601039886,-0.1813347339630127,-0.15642652427777648,0.06716383993625641,-0.36182767152786255,-0.2053671977482736,-0.06699211895465851,-0.3747318685054779,-0.21796633815392852,-0.09174374016848501,-0.08281342910997816,0.0008934135125442007,-0.01587063977212621,-0.1413397716753414,-0.21391179215050157,0.38104852222316704,0.3883440651198692,0.11228635293276125,1.1078231312401932,5.1418667630478865
idle,ahad,rotate,0.08841697871685028,0.02375560998916626,-0.23442219803109765,-0.099574014544487,-0.0023363232612609863,-0.29165843734517694,0.08688388764858246,-0.1609961986541748,-0.11484049120917916,-0.09029503166675568,-0.17866718769073486,-0.1596167148090899,0.0659746378660202,-0.361468106508255,-0.2054187864996493,-0.06729285418987274,-0.37242668867111206,-0.2213791967369616,-0.046310099688443386,-0.03280242284139005,-0.033209297918912216,-0.033294612711126235,-0.018941633629076457,-0.0770160025267892,0.3780848099877921,0.38696533216221446,1.757654894408128,1.4117459605468714,5.589685851801393
idle,ahad,rotate,0.08747056126594543,0.025041520595550537,-0.23843749542720616,-0.10187497735023499,0.0005928874015808105,-0.29436949570663273,0.08624807000160217,-0.1606389880180359,-0.11714956839568913,-0.09261763095855713,-0.17606741189956665,-0.16558016021735966,0.06344291567802429,-0.36146363615989685,-0.21173443575389683,-0.0692102313041687,-0.3703341782093048,-0.2263584800530225,-0.02867931669408632,0.03896698807225093,-0.12167567866995509,-0.06972614562872702,0.08876395948005467,-0.08215328368047893,0.3785226174050791,0.3881708610225245,0.7855143069647248,0.7359711936092702,3.448977841334529
idle,ahad,rotate,0.08811719715595245,0.024654686450958252,-0.23850514879450202,-0.10302455723285675,0.002765059471130371,-0.29542493214830756,0.08518196642398834,-0.1629929542541504,-0.11713820090517402,-0.09277959167957306,-0.174638569355011,-0.16746885469183326,0.06381605565547943,-0.3612804114818573,-0.21172306826338172,-0.06888608634471893,-0.36937370896339417,-0.2263471125625074,0.019595026969909717,-0.011722246805826852,-0.0020501020392685275,-0.03483575401884145,0.06582339604695654,-0.03198292247499488,0.38003216090914366,0.3876257539589099,0.5292225392237704,1.6714675801391747,1.977995112625919
idle,ahad,rotate,0.0891752690076828,0.0231626033782959,-0.2385068153962493,-0.1033218652009964,0.002765059471130371,-0.2978387242183089,0.08645547926425934,-0.16351479291915894,-0.11713986750692129,-0.09315468370914459,-0.17469564080238342,-0.16747052129358053,0.06408469378948212,-0.3617573082447052,-0.211724734865129,-0.06862716376781464,-0.37008607387542725,-0.22634877916425467,0.03206278338576773,-0.04521463856552537,-5.05030832507388e-05,-0.009009332367868035,0.0,-0.07314521424246477,0.3812250020515205,0.38666543052904867,9009.332367868035,0.709108273220628,2.479309752057406
idle,ahad,rotate,0.0900087058544159,0.021625876426696777,-0.23850530991330743,-0.10260787606239319,0.0027971267700195312,-0.29783721873536706,0.08797597885131836,-0.16392666101455688,-0.11713836202397943,-0.09310847520828247,-0.17469564080238342,-0.16746901581063867,0.06439238786697388,-0.3621216118335724,-0.21172322938218713,-0.06836295127868652,-0.37075164914131165,-0.2263472736813128,0.02525566202221501,-0.04656748338179166,4.5620695208058324e-05,0.021636034503127642,0.0009717363299745526,4.5620695208058324e-05,0.38186675045377716,0.38553289137358254,22.242445189328595,0.5423337886088428,2.404652114459869
idle,ahad,rotate,0.09158827364444733,0.021625876426696777,-0.23842584807425737,-0.1021454781293869,0.003217339515686035,-0.297836777754128,0.08955554664134979,-0.16392666101455688,-0.1067828880622983,-0.09276457130908966,-0.17470741271972656,-0.16556851286441088,0.06597195565700531,-0.3621216118335724,-0.1994121940806508,-0.06713493168354034,-0.3712684214115143,-0.22473771590739489,0.04786569060701324,0.0,0.0024079345166683258,0.014012058575948115,0.012733719565651665,1.3363067850922127e-05,0.38315636017497284,0.3865752134982687,1.10030366226059,47865.690607013246,0.42475110102606234
idle,ahad,rotate,0.0921352356672287,0.021221444010734558,-0.22506796405650675,-0.10185505449771881,0.004379704594612122,-0.2978467403445393,0.09010250866413116,-0.1643310934305191,-0.09069733158685267,-0.09262458980083466,-0.17511184513568878,-0.1593315659556538,0.06651891767978668,-0.3625260442495346,-0.18045081780292094,-0.06658796966075897,-0.3716868460178375,-0.20712382928468287,0.01657460675095071,-0.012255527756430917,0.4047843641742622,0.008800716111154289,0.03522318420988149,-0.00030189667913046824,0.3884590896782029,0.38718086243138755,0.2498486851736771,1.3523085069712446,0.699621765173443
idle,ahad,rotate,0.0921817272901535,0.01990795135498047,-0.2178715909831226,-0.101808562874794,0.004633009433746338,-0.2933327849023044,0.09014900028705597,-0.1656445860862732,-0.07776690227910876,-0.09298507869243622,-0.17641356587409973,-0.151194557081908,0.06656540930271149,-0.3638395369052887,-0.16560967219993472,-0.06654147803783417,-0.3730097711086273,-0.18950994266197085,0.0014088370583274182,-0.03980280775012402,0.21807191131467224,0.0014088370583274182,0.007675904216188392,0.13678652855257228,0.39323913785320747,0.38813610840554336,0.18351630014564782,0.03539452976890203,4.243152409748148
idle,ahad,rotate,0.09245334565639496,0.019110262393951416,-0.2150937207043171,-0.101808562874794,0.003733515739440918,-0.29089710488915443,0.09014900028705597,-0.16497373580932617,-0.07606456056237221,-0.09298507869243622,-0.1778905987739563,-0.14781639352440834,0.0672772079706192,-0.36529776453971863,-0.163730937987566,-0.06654147803783417,-0.3745139539241791,-0.18671656027436256,0.008230859583074306,-0.02417239275845588,0.0841778872365292,0.0,-0.027257384675921516,0.07380848524696818,0.39391433263599723,0.38864058528184947,0.0,0.34049252685869436,2.1827761855694727
idle,ahad,rotate,0.09252260625362396,0.017372697591781616,-0.2146023246459663,-0.101808562874794,0.002545386552810669,-0.2882014694623649,0.09015457332134247,-0.16616079211235046,-0.07602607784792781,-0.09298507869243622,-0.17998722195625305,-0.14634722797200084,0.06799660623073578,-0.36714696884155273,-0.161489340942353,-0.06604470312595367,-0.3767114281654358,-0.18504885165020823,0.002098805976636487,-0.05265347885363043,0.01489078964699402,0.0,-0.03600391474637127,0.08168592202392512,0.3946583937228067,0.38894458164245677,0.0,0.03985997055389673,0.3566961426097153
idle,ahad,rotate,0.0927945226430893,0.017848074436187744,-0.21162814553827047,-0.10078449547290802,0.0023949742317199707,-0.2881986564025283,0.09008370339870453,-0.16594469547271729,-0.07460886146873236,-0.09313081204891205,-0.18072253465652466,-0.14218927081674337,0.06840349733829498,-0.36775559186935425,-0.16014862712472677,-0.06579656898975372,-0.3774508535861969,-0.18396643456071615,0.008239890589858566,0.014405358921397852,0.09012663962714622,0.031032345511696632,-0.004557949123960564,8.524423747351696e-05,0.39543819236430605,0.38978872533692566,6.806907615748393,0.5719620505650326,2.8119066397192563
idle,ahad,rotate,0.09252612292766571,0.01656419038772583,-0.1996097480878234,-0.10132516920566559,0.0019504427909851074,-0.2882334953173995,0.08944021165370941,-0.16733884811401367,-0.051640245132148266,-0.09372137486934662,-0.1821327805519104,-0.1422241097316146,0.0683320015668869,-0.369122713804245,-0.13425914105027914,-0.06588862836360931,-0.37886878848075867,-0.176920167170465,-0.008133324709805595,-0.038905577226118704,0.36419386213476096,-0.01638405250780514,-0.013470649719238314,-0.0010557246930671487,0.3983336445197665,0.3919316846260099,1.2161875382201888,0.20904755158841226,1.462432167638972
idle,ahad,rotate,0.09239260852336884,0.01451370120048523,-0.19393500499427319,-0.09777496755123138,0.002875000238418579,-0.28826585225760937,0.089095339179039,-0.16852709650993347,-0.050441211089491844,-0.09356887638568878,-0.18291661143302917,-0.14225646667182446,0.06822068989276886,-0.3715447783470154,-0.13133679144084454,-0.06581158936023712,-0.38099101185798645,-0.17695252411067486,-0.0040458910392992525,-0.06213603597698805,0.1719619119257642,0.10758186831618827,0.028016892346468907,-0.0009805133396928985,0.40095564569079833,0.391846867565498,3.839755931168277,0.06511239192029719,3.9613341624154526
idle,ahad,rotate,0.09221281111240387,0.01389959454536438,-0.19397503230720758,-0.09341566264629364,0.008117586374282837,-0.2891861507669091,0.08923394978046417,-0.16935977339744568,-0.05048123840242624,-0.09323374927043915,-0.18092015385627747,-0.14229649398475885,0.06864829361438751,-0.37238195538520813,-0.13137681875377893,-0.0658075362443924,-0.3818529546260834,-0.17699255142360926,-0.0054484063928776924,-0.01860929257941948,-0.0012129488767999457,0.13210014863447564,0.1588662465413394,-0.027887833615143787,0.40672673286267597,0.39202966551239504,0.8315127976999425,0.2927630702003529,4.115716416730392
idle,ahad,rotate,0.09149380028247833,0.014119118452072144,-0.19400085089728236,-0.08558295667171478,0.008502274751663208,-0.2918720948509872,0.08837969601154327,-0.1693846881389618,-0.05050705699250102,-0.09282462298870087,-0.18096700310707092,-0.14969089208170772,0.06879265606403351,-0.37238675355911255,-0.1314026373438537,-0.06622143089771271,-0.3819059431552887,-0.17701837001368403,-0.021788206967440573,0.006652239597204976,-0.0007823815174175051,0.2373547265023902,0.011657223556980971,-0.08139224497206303,0.4074123505719756,0.3921997799438872,20.359424859395638,3.2748267440411722,5.718507373367531
idle,ahad,rotate,0.08934438228607178,0.015253990888595581,-0.19400085089728236,-0.07735270261764526,0.008502274751663208,-0.2975321519188583,0.08708435297012329,-0.1693808138370514,-0.05050705699250102,-0.0918198823928833,-0.18096700310707092,-0.15350961266085505,0.06883823871612549,-0.3723659813404083,-0.1314026373438537,-0.06751987338066101,-0.3819059431552887,-0.17813029466196895,-0.06513387867898668,0.03439007383404365,0.0,0.24940163800210727,0.0,-0.17151688084457903,0.408377355709741,0.3931771625298266,249401.63800210727,1.8939181426347553,2.7778920152825104
idle,ahad,rotate,0.08689342439174652,0.016275852918624878,-0.202472563367337,-0.06653504073619843,0.008502274751663208,-0.33050988195464015,0.08473758399486542,-0.16934743523597717,-0.05901945335790515,-0.09166239202022552,-0.18096700310707092,-0.18872622726485133,0.06840561330318451,-0.37222129106521606,-0.140108625870198,-0.06998179852962494,-0.3819527328014374,-0.2121569919399917,-0.07427145134318977,0.030965516061493923,-0.25671855969862567,0.32780793580142015,0.0,-0.9993251525994528,0.4080127444546283,0.39390492601971183,327807.9358014202,2.3984438932587717,25.197367520327266
idle,ahad,rotate,0.08677496016025543,0.017484039068222046,-0.2110465127043426,-0.052436575293540955,0.00855526328086853,-0.3409603047184646,0.08474858105182648,-0.1686757504940033,-0.06512198178097606,-0.0879627913236618,-0.18092015385627747,-0.20124719617888331,0.06978817284107208,-0.37188899517059326,-0.14679117081686854,-0.06966887414455414,-0.3829803466796875,-0.22663875995203853,-0.0035898251966996714,0.03661170150294457,-0.2598166465759284,0.42722622553507594,0.0016057130062218908,-0.31667947769165117,0.40824808828536757,0.39500463250048723,265.90077000725734,0.09804862928268104,20.90451623469362
idle,ahad,rotate,0.08578236401081085,0.02588731050491333,-0.2109469654969871,-0.036600545048713684,0.0004565715789794922,-0.37287986604496837,0.08368028700351715,-0.16111356019973755,-0.08587126759812236,-0.08496330678462982,-0.17723143100738525,-0.23903371719643474,0.07022608816623688,-0.3650698959827423,-0.1632204237394035,-0.06960441172122955,-0.37898701429367065,-0.25031668273732066,-0.03007867119529038,0.2546445889906456,0.003016582041075743,0.47987970438870636,-0.24541490005724417,-0.9672594341364797,0.4001105147052955,0.39416666248038057,1.955373324535096,0.11811974169478082,21.148081944200964
idle,ahad,rotate,0.08736370503902435,0.03559523820877075,-0.2109469654969871,-0.014770641922950745,-0.008648097515106201,-0.37314707366749644,0.08373449742794037,-0.15091991424560547,-0.08587126759812236,-0.07876075804233551,-0.17281591892242432,-0.26889777509495616,0.07133345305919647,-0.3569961488246918,-0.1632204237394035,-0.06761910021305084,-0.3763366639614105,-0.2566024395637214,0.047919425097378295,0.2941796273896156,0.0,0.661512215932203,-0.2758990634571392,-0.008097200682668886,0.389320553242905,0.39580650441792026,2.3976515541286503,0.16289116493695338,29.59648807051672
idle,ahad,rotate,0.09025652706623077,0.03672915697097778,-0.21093960292637348,0.0046110600233078,-0.033315956592559814,-0.3731397110968828,0.08545924723148346,-0.1489197015762329,-0.08586390502750874,-0.07015921175479889,-0.17780554294586182,-0.26889041252434254,0.07282324135303497,-0.35557690262794495,-0.16321306116878986,-0.06466759741306305,-0.38119906187057495,-0.2565950769931078,0.08766127355170994,0.034361174612334365,0.0002231082004128086,0.5873243014017755,-0.7475108811349598,0.0002231082004128086,0.3733695743528701,0.39558284421462186,0.7857056405712658,2.551097959913275,14.469206108623647
idle,ahad,rotate,0.09093828499317169,0.03723016381263733,-0.17832508869469166,0.02394680678844452,-0.06207183003425598,-0.3731397110968828,0.08736880123615265,-0.14765670895576477,-0.08586390502750874,-0.060758963227272034,-0.1906544268131256,-0.26889041252434254,0.07446195185184479,-0.35427945852279663,-0.16321306116878986,-0.061619833111763,-0.3843047320842743,-0.2565950769931078,0.02065933111942181,0.015182025504834763,0.9883186130812698,0.5859317201556596,-0.8713901042938254,0.0,0.35318316036551245,0.39214745608120644,0.672409572772146,1.3606860577849398,3.7541591248693096
idle,ahad,rotate,0.09117986261844635,0.03860953450202942,-0.15309878019616008,0.04375942051410675,-0.08796378970146179,-0.37314707366749644,0.0877576619386673,-0.14763131737709045,-0.06758378772065043,-0.05414785444736481,-0.20044836401939392,-0.26889777509495616,0.07507158815860748,-0.3541264235973358,-0.14616094855591655,-0.05886949598789215,-0.38600143790245056,-0.2566024395637214,0.007320534099232085,0.041799111799760404,0.7644335908645953,0.6003822341109782,-0.784604838400178,-0.0002231082004128086,0.33606812700096006,0.393127387494395,0.7652023534965859,0.17513192630441832,2.6660725073396168
rotate,ahad,rotate,0.09199310839176178,0.042825788259506226,-0.1493943645618856,0.05712641775608063,-0.13549748063087463,-0.31121780117973685,0.08947427570819855,-0.1475302278995514,-0.06136026373133063,-0.04552687704563141,-0.21642324328422546,-0.24982945760712028,0.0769890695810318,-0.35402533411979675,-0.14247226854786277,-0.0570882111787796,-0.3883344531059265,-0.22247418900951743,0.02464381131258884,0.12776526537808536,0.11225501922043915,0.4050605224840579,-1.4404148766488776,1.8766446208412044,0.2912849889954789,0.397194977218461,0.2812108149116141,0.19288198836886233,60.536853285501
rotate,ahad,rotate,0.09161090850830078,0.044371575117111206,-0.13018521200865507,0.07674425840377808,-0.17103126645088196,-0.31126762460917234,0.088165283203125,-0.14659926295280457,-0.04628665652126074,-0.030100315809249878,-0.23023173213005066,-0.24987928103655577,0.07611024379730225,-0.35173720121383667,-0.10649418365210295,-0.05702969431877136,-0.3908003568649292,-0.21117327641695738,-0.011581814650333162,0.046842025988029196,0.5820955319160701,0.5944800196271889,-1.0767813884850586,-0.0015098008919845762,0.27606666236338084,0.3971192492406716,0.5520892856202559,0.2472473629968506,58.25416186937854
rotate,ahad,rotate,0.09101396799087524,0.04435628652572632,-0.06745835021138191,0.08846348524093628,-0.22172385454177856,-0.31120139732956886,0.0865635871887207,-0.140702486038208,-0.01936439797282219,-0.019978731870651245,-0.25155872106552124,-0.24981305375695229,0.0749097466468811,-0.35175248980522156,-0.05248492956161499,-0.057631999254226685,-0.3935713469982147,-0.17134258523583412,-0.018089106588652683,-0.000463290648026901,1.9008139938567672,0.35512808597449186,-1.5361390330574767,0.0020068872607115593,0.2653976988854875,0.3967186811299061,0.23118210471193695,38.96073863543467,15.696594147431261
rotate,ahad,rotate,0.08884136378765106,0.0444103479385376,-0.06395502015948296,0.09085427224636078,-0.2716589570045471,-0.31120139732956886,0.08384273946285248,-0.14064842462539673,-0.01936439797282219,-0.02234293520450592,-0.281105101108551,-0.24981305375695229,0.07214133441448212,-0.35175466537475586,-0.05248492956161499,-0.05766873061656952,-0.3942732810974121,-0.1633838154375553,-0.06583649100679356,0.0016382246306448313,0.10616151672421106,0.07244809107346986,-1.5131849231142023,0.0,0.2427826031011577,0.3966827091428488,0.04787785160224631,40.16319043528225,8.594470336475739
rotate,ahad,rotate,0.08673006296157837,0.04442721605300903,-0.05180493742227554,0.08851003646850586,-0.3322138786315918,-0.3558129705488682,0.08357399702072144,-0.1406315565109253,-0.01936439797282219,-0.02468717098236084,-0.3349345028400421,-0.3125475384294987,0.07008719444274902,-0.3517377972602844,-0.05248492956161499,-0.05739712715148926,-0.3974357545375824,-0.15494926646351814,-0.06397881291129388,0.0005111549839828967,0.3681843253699225,-0.07103744781378561,-1.8349976250619644,-1.3518658551302856,0.25668856832982556,0.3965150252327982,0.0387125346273144,124.92080505347663,42.33424225474685
rotate,ahad,rotate,0.08700615167617798,0.04417288303375244,-0.051782053895294666,0.08705377578735352,-0.39616134762763977,-0.41150639299303293,0.08428412675857544,-0.14068198204040527,-0.019341514445841312,-0.026143431663513184,-0.378775954246521,-0.33960331324487925,0.07063913345336914,-0.3517882227897644,-0.04618068132549524,-0.058220356702804565,-0.3998970091342926,-0.15492638293653727,0.008366324684836668,-0.00770706118959371,0.0006934402115417267,-0.04412911155007113,-1.9378020907893374,-1.6876794680049967,0.2948759574774649,0.3963388095873955,0.022772753206878077,1.0853993603646592,10.673534261557146
rotate,ahad,rotate,0.08645248413085938,0.04332005977630615,-0.05760771129280329,0.08546179533004761,-0.44902166724205017,-0.423461333848536,0.08477729558944702,-0.14016133546829224,-0.019356542266905308,-0.027735412120819092,-0.3985108435153961,-0.3418499091640115,0.07058346271514893,-0.35175248980522156,-0.04619570914655924,-0.05812680721282959,-0.4030664563179016,-0.16337595973163843,-0.01677780440359409,-0.025843129013523976,-0.17653507265177684,-0.04824183203957309,-1.6018278671033495,-0.3622709350152458,0.3006226372394899,0.3955557850247255,0.030116720350289797,0.6491921006436097,41.43437588334491
rotate,ahad,rotate,0.08569119870662689,0.04281410574913025,-0.06034901458770037,0.07761763036251068,-0.5027273297309875,-0.4361547389999032,0.0849715918302536,-0.14007112383842468,-0.02525597345083952,-0.03200618922710419,-0.4173126816749573,-0.36567355785518885,0.06885413825511932,-0.35058796405792236,-0.047815476544201374,-0.057845696806907654,-0.4034537971019745,-0.16337595973163843,-0.023069255279771956,-0.015331940217451448,-0.0830697968150621,-0.2377019687132376,-1.6274443178465694,-0.3846486409505166,0.3203339034625235,0.3939616284728865,0.14605834439203408,1.5045552224559833,5.833007284080169
rotate,ahad,rotate,0.08517028391361237,0.042619526386260986,-0.060346548445522785,0.07098735868930817,-0.5537973344326019,-0.49097459856420755,0.08289112150669098,-0.14009177684783936,-0.035655141808092594,-0.03496776521205902,-0.446103036403656,-0.4166438514366746,0.06747032701969147,-0.3493236005306244,-0.04781301040202379,-0.059988632798194885,-0.40361809730529785,-0.1582849258556962,-0.015785296758016203,-0.005896344329371691,7.473158113884322e-05,-0.20091732343038243,-1.5475759000489453,-1.6612078655850069,0.3878026971762444,0.3925427273397384,0.12982703697892364,2.6766788365057166,38.77527645994334
rotate,ahad,rotate,0.08679768443107605,0.03980168700218201,-0.06391091831028461,0.06752309203147888,-0.6080439686775208,-0.529332647100091,0.08180847764015198,-0.142401784658432,-0.036113591864705086,-0.03795981407165527,-0.476561576128006,-0.4166100714355707,0.06654092669487,-0.3500364124774933,-0.05362408794462681,-0.060644954442977905,-0.4060545861721039,-0.1549051646143198,0.049315167195868675,-0.08538907224481662,-0.10801120802308456,-0.10497777750997717,-1.6438374013611583,-1.16236510714797,0.4443227412845651,0.39049955047205925,0.06386137312709797,0.5775281118685577,15.667421901712006
rotate,ahad,rotate,0.08700661361217499,0.03205600380897522,-0.06405389960855246,0.039619073271751404,-0.6351345926523209,-0.5356544693931937,0.08267401158809662,-0.14798519015312195,-0.040669254027307034,-0.05389000475406647,-0.48442426323890686,-0.4165916284546256,0.06752757728099823,-0.3523741662502289,-0.0536056449636817,-0.05942879617214203,-0.40849804878234863,-0.1548867216333747,0.006331187306028354,-0.2347176725214152,-0.004332766614176963,-0.8455763260523386,-0.820927999236358,-0.19157037251826278,0.4540470032857673,0.3850651302484606,1.030023701000827,0.026973513602547794,44.61969191208979
rotate,ahad,rotate,0.08763441443443298,0.02742791175842285,-0.08084572665393353,0.005893349647521973,-0.6500268131494522,-0.5934590604156256,0.08386829495429993,-0.15161395072937012,-0.05874149315059185,-0.07095038890838623,-0.49056878685951233,-0.41663520596921444,0.07098338007926941,-0.35533565282821655,-0.05364922247827053,-0.05577841401100159,-0.4079059660434723,-0.14208810590207577,0.019024267341151684,-0.1402452136531043,-0.5088432437994345,-1.0219916249766656,-0.45127940900398744,-1.7516542734070537,0.5159085671071407,0.38408964208833357,2.2646487739901766,0.135649062071706,48.87742784716508
rotate,ahad,rotate,0.08769828081130981,0.026370704174041748,-0.09962023235857487,-0.021437615156173706,-0.6655523329973221,-0.5975566376000643,0.0844619870185852,-0.15244066715240479,-0.05871407128870487,-0.08446884155273438,-0.491395503282547,-0.40751694329082966,0.07241255044937134,-0.3553693890571594,-0.059973692521452904,-0.055805981159210205,-0.4072893261909485,-0.13233880884945393,0.001935344753843344,-0.032036593466093694,-0.5689244152921556,-0.8282110546574357,-0.47047029842029403,-0.12416900558905032,0.5332059578191338,0.38409764442641475,1.7603859309554653,0.06040855583898881,49.669499952783994
rotate,ahad,rotate,0.08746299147605896,0.025294750928878784,-0.10275366250425577,-0.04746785759925842,-0.6672990620136261,-0.6122811222448945,0.08383813500404358,-0.15346649289131165,-0.058691651560366154,-0.09237909317016602,-0.49099862575531006,-0.39764431957155466,0.072511225938797,-0.3560487627983093,-0.06547828856855631,-0.05733489990234375,-0.40831515192985535,-0.12683492247015238,-0.007129979856086614,-0.032604643792817606,-0.09495242865699861,-0.7887952255480343,-0.05293118231224376,-0.4461965043888019,0.5502981347250129,0.38345258410463945,14.901997066642345,0.2186731812870142,16.023233563113777
rotate,ahad,rotate,0.08718173205852509,0.023388773202896118,-0.10666171787306666,-0.0773545652627945,-0.669074684381485,-0.625185179989785,0.08219550549983978,-0.15524211525917053,-0.05869732378050685,-0.10493747889995575,-0.49277424812316895,-0.3974054637365043,0.07110880315303802,-0.35776883363723755,-0.07516600517556071,-0.05940072238445282,-0.41009077429771423,-0.12392993597313762,-0.008523012652541559,-0.057756900787352884,-0.11842592026699543,-0.9056578079859317,-0.05380673841996567,-0.39103205287546394,0.5644925383125693,0.38279425310997367,16.831367282477757,0.14756444635896157,3.9161020615636746
rotate,ahad,rotate,0.08678758144378662,0.022011667490005493,-0.10777415847405791,-0.10275861620903015,-0.6702604591846466,-0.6251843324862421,0.08138769865036011,-0.1567244827747345,-0.05908202147111297,-0.11689916253089905,-0.49396002292633057,-0.35578877246007323,0.07114046812057495,-0.35895460844039917,-0.08041942631825805,-0.06017768383026123,-0.4111486077308655,-0.12189189111813903,-0.011943958022377577,-0.0417304761482003,-0.03371032124215869,-0.7698197256434963,-0.035932569792776,2.568192554242655e-05,0.5676754080496328,0.3822674677800168,21.423413540122556,0.28620981390548456,12.556488430837268
rotate,ahad,rotate,0.0870015025138855,0.019637882709503174,-0.11242602299898863,-0.129305899143219,-0.6726342439651489,-0.6122819362208247,0.08144694566726685,-0.1592068076133728,-0.059078010730445385,-0.12497448921203613,-0.48649168014526367,-0.3526791511103511,0.07205945253372192,-0.3613283932209015,-0.08137957286089659,-0.05980756878852844,-0.4135223925113678,-0.12108548264950514,0.006482456669663041,-0.07193287213643507,-0.14096559166456937,-0.8044631192178565,-0.07193287213643507,0.39098170501265284,0.5596810926652227,0.38252117630278715,11.183370161028627,0.09011688759598452,11.943500235076321
rotate,ahad,rotate,0.08891306817531586,0.0187036395072937,-0.11364815314300358,-0.15423430502414703,-0.6585869044065475,-0.6018185310531408,0.0824124664068222,-0.16014200448989868,-0.05905686249025166,-0.13398800790309906,-0.4830680787563324,-0.3348699801135808,0.07348380982875824,-0.36226263642311096,-0.09873776067979634,-0.05919818580150604,-0.41445663571357727,-0.12106433440931141,0.0579262321645557,-0.028310400066953408,-0.03703424678833155,-0.7554062388159929,0.42567695632124924,0.3170728838692074,0.547499817022486,0.3815700266174125,1.7745956246931083,2.0460391230234607,15.316814456109357
rotate,ahad,rotate,0.09042777121067047,0.01730811595916748,-0.14619793859310448,-0.17852576076984406,-0.6438237726688385,-0.5975180503446609,0.0834248811006546,-0.1615375280380249,-0.06049831700511277,-0.14023219048976898,-0.46645042300224304,-0.3088982340414077,0.07332821190357208,-0.3637316823005676,-0.1084481191355735,-0.06064872443675995,-0.41579777002334595,-0.12106850114651024,0.045900091980443584,-0.04228859236746191,-0.9863571348515581,-0.7361047195665882,0.44736762841543276,0.13031759722666514,0.5411977702358671,0.3832868007842075,1.6454097869442716,1.0853756068776779,5.7272383348471765
rotate,ahad,rotate,0.09165793657302856,0.015931785106658936,-0.17372635169886053,-0.20143583416938782,-0.6316387206315994,-0.5517468021716923,0.0843847393989563,-0.1629202961921692,-0.07738094939850271,-0.1556912660598755,-0.4515528976917267,-0.27888046368025243,0.07322865724563599,-0.3651144504547119,-0.11623826785944402,-0.06159085035324097,-0.4166560471057892,-0.12105687125585973,0.03727773825327514,-0.04170699553056151,-0.8341943365380527,-0.6942446484710155,0.36924400112845274,1.3870075203929735,0.5012663822830413,0.3857988488261034,1.8801734521776292,0.8937791849996699,38.17610743344319
rotate,ahad,rotate,0.09307977557182312,0.015584677457809448,-0.1866036942228675,-0.21831656992435455,-0.5818995237350464,-0.5487239500507712,0.08545562624931335,-0.1636863648891449,-0.08192752953618765,-0.1589977741241455,-0.43002864718437195,-0.27630244102329016,0.0736905038356781,-0.3658805191516876,-0.12438349332660437,-0.06182342767715454,-0.4171416163444519,-0.12106408085674047,0.043086030266501214,-0.0105184136014995,-0.39022250072747944,-0.5115374471201986,1.507248390804621,0.09160157942184796,0.4842811531922191,0.38699223956347195,0.3393847429900917,4.095858561960096,52.54332651182528
rotate,ahad,rotate,0.09522254765033722,0.015584677457809448,-0.22597712581045926,-0.23259237408638,-0.5220270752906799,-0.5482378185261041,0.08671589195728302,-0.16361364722251892,-0.09510784153826535,-0.15994925796985626,-0.3987945020198822,-0.25458248262293637,0.07370318472385406,-0.3658805191516876,-0.1289975077379495,-0.06274823844432831,-0.41507720947265625,-0.1211714253295213,0.06493248722770101,0.0,-1.1931342905331028,-0.4326001261219903,1.8143166195262852,0.014731258323247017,0.47188029033688955,0.3941875512070033,0.23843682135156763,64932.48722770101,9.885991238890862
rotate,ahad,rotate,0.09753262996673584,0.015584677457809448,-0.24159285170026124,-0.2338986098766327,-0.4654504358768463,-0.547439691843465,0.08820682764053345,-0.16360923647880554,-0.10468879831023514,-0.1604255735874176,-0.36886075139045715,-0.23593479138799012,0.0738135576248169,-0.36588022112846375,-0.13331156712956727,-0.06322455406188965,-0.41231778264045715,-0.12118916702456772,0.07000249443632106,0.0,-0.47320381484247903,-0.03958290273492943,1.714443618601,0.024185657049670097,0.46221447627327483,0.3972441312775766,0.02308788648257964,70002.49443632107,12.291476133293648
rotate,ahad,rotate,0.09871555864810944,0.015975654125213623,-0.2916840933903586,-0.23463095724582672,-0.41043025255203247,-0.41877004734124057,0.08891315758228302,-0.16310131549835205,-0.13521838418091647,-0.16115792095661163,-0.33595889806747437,-0.1713213496550452,0.07375259697437286,-0.3648165166378021,-0.16943884125794284,-0.06395690143108368,-0.4106830656528473,-0.12216831973637454,0.03584632367798833,0.011847777800126698,-1.51791641485146,-0.02219234452103159,1.667278282570143,3.8990801364311047,0.3422021070375066,0.40071152770896434,0.01331051417301945,3.0253182465456505,117.43092542772861
rotate,ahad,rotate,0.09903949499130249,0.016737014055252075,-0.29294620733708143,-0.2348451316356659,-0.33859965205192566,-0.3530230699107051,0.08954423666000366,-0.1619682013988495,-0.14314355235546827,-0.16036182641983032,-0.3028302490711212,-0.14851932507008314,0.07405859231948853,-0.36341843008995056,-0.19300353806465864,-0.0640699565410614,-0.40657514333724976,-0.15350643079727888,0.009816252824031837,0.023071513031467993,-0.03824587717341838,-0.006490133025429394,2.1766848636395766,1.992332649410144,0.27127793335837536,0.39386640419415286,0.0029816580949248326,0.4254522604730446,59.80859893416444
rotate,ahad,rotate,0.0990476906299591,0.01753172278404236,-0.2929744074353948,-0.23495513200759888,-0.2673298418521881,-0.30278431868646294,0.0897190272808075,-0.16117224097251892,-0.14317175245378166,-0.15943023562431335,-0.27908483147621155,-0.13490178680513054,0.07449045777320862,-0.36175432801246643,-0.19303173816297203,-0.06385412812232971,-0.4030613601207733,-0.1569801518926397,0.0002483526865641316,0.024082082690615025,-0.0008545484337391412,-0.003333344604029853,2.1596912181738994,1.5223864007346348,0.2625975126243263,0.3930006401466662,0.0015434350209625333,0.010312329603091573,14.25042412152314
rotate,ahad,rotate,0.09885063767433167,0.01753172278404236,-0.29300177516415715,-0.22831454873085022,-0.20300999283790588,-0.2761402768082917,0.09005185961723328,-0.16100111603736877,-0.143199120182544,-0.14932799339294434,-0.25700613856315613,-0.12030109437182546,0.07505378127098083,-0.36085808277130127,-0.19305910589173436,-0.06354722380638123,-0.3987848162651062,-0.15700751962140203,-0.005971301685679977,0.0,-0.0008293251140099492,0.20122979626510862,1.9490863337661066,0.8073952084294234,0.2822563846676766,0.39208885786794473,0.10324308858766433,5971.301685679978,23.42196666613095
rotate,ahad,rotate,0.09867650270462036,0.01753172278404236,-0.29300177516415715,-0.22819925844669342,-0.15796062350273132,-0.2661505681462586,0.0899609923362732,-0.16025814414024353,-0.143199120182544,-0.1339491307735443,-0.24416223168373108,-0.11763515742495656,0.0752210021018982,-0.3598787188529968,-0.19305910589173436,-0.06308114528656006,-0.39626193046569824,-0.15700751962140203,-0.005276817263978843,0.0,0.0,0.0034936449744484258,1.3651324040961839,0.30271844430402944,0.3097800981908295,0.3911231763862711,0.0025591967524679167,5276.817263978843,24.143746397993556
rotate,ahad,rotate,0.09860137104988098,0.016457796096801758,-0.28557894052937627,-0.2081228792667389,-0.09982270002365112,-0.26413771929219365,0.08988824486732483,-0.16049528121948242,-0.13787073316052556,-0.12698280811309814,-0.22474277019500732,-0.11716926516965032,0.07514825463294983,-0.36089304089546204,-0.19292591931298375,-0.06305161118507385,-0.39477452635765076,-0.1546497237868607,-0.0022767168102842752,-0.03254323294668539,0.2249343828721516,0.6083751266652985,1.7617552569418524,0.06099541982015071,0.34645327800492814,0.38926634222464374,0.34532309691997204,0.06995761166084442,23.1103337302119
rotate,ahad,rotate,0.09859175980091095,0.015250831842422485,-0.274368439335376,-0.18266166746616364,-0.06354942917823792,-0.26413771929219365,0.0899968296289444,-0.16184094548225403,-0.10659052850678563,-0.11885587871074677,-0.20938745141029358,-0.11716926516965032,0.0752568393945694,-0.36223870515823364,-0.16414040746167302,-0.06294302642345428,-0.3933104872703552,-0.15700751962140203,-0.00029124996878883734,-0.03657467437512907,0.33971215739394306,0.7715518727446963,1.09919002561857,0.0,0.3668130152116328,0.39394553946718336,0.7019270124685609,0.00796294186681854,20.760114364973912
idle,ahad,rotate,0.09850654006004333,0.014732599258422852,-0.2528255087672733,-0.15739706158638,-0.034544408321380615,-0.26619247620692477,0.09009906649589539,-0.16239511966705322,-0.08385198836913332,-0.10985603928565979,-0.20191192626953125,-0.11721117323031649,0.07535907626152039,-0.36279287934303284,-0.15244769578566775,-0.0628407895565033,-0.39069005846977234,-0.1570494276820682,-0.002582416389927761,-0.01570401769695885,0.6528160778213058,0.7655941175692131,0.8789400259653867,-0.06226536105245903,0.3843082327261646,0.39132722549361715,0.8710415089889805,0.16443256797016056,6.938171943547559
idle,ahad,rotate,0.09727737307548523,0.01436653733253479,-0.23066440701950341,-0.13847991824150085,-0.018292158842086792,-0.2761678743408993,0.08970710635185242,-0.16233476996421814,-0.0654492872999981,-0.1018139123916626,-0.1963723599910736,-0.12032869190443307,0.07523646950721741,-0.36369413137435913,-0.1446077722357586,-0.06280919909477234,-0.38905268907546997,-0.15703511715400964,-0.03724748438054824,-0.01109278563297144,0.6715485378112006,0.5732467680266347,0.4924924084634438,-0.30228479193861857,0.39671405615389144,0.3883573290714523,1.1639684068364236,3.35750893453776,14.967015805528861
idle,ahad,rotate,0.09582763910293579,0.014359593391418457,-0.21224586782045662,-0.12212607264518738,-0.00035578012466430664,-0.2828883540350944,0.08911389112472534,-0.1625848412513733,-0.06456420687027276,-0.09540516138076782,-0.19041132926940918,-0.12190814432688057,0.07514607906341553,-0.36547335982322693,-0.1436385076958686,-0.06327316164970398,-0.38849470019340515,-0.17811279115267098,-0.04393133250149765,-0.00021042245807069489,0.5581375514862602,0.4955710786761605,0.5435266278006754,-0.20365089982409146,0.4063168775501448,0.3865330117036476,0.9117679641813871,207.7893375301124,4.106776067946803
idle,ahad,rotate,0.09375779330730438,0.015378773212432861,-0.20786228403449059,-0.1078975647687912,0.01046079397201538,-0.2906007580459118,0.0891018956899643,-0.16330230236053467,-0.05777406692504883,-0.09163518249988556,-0.18675822019577026,-0.12255540117621422,0.075148805975914,-0.36666756868362427,-0.14249175414443016,-0.06370215117931366,-0.38893458247184753,-0.1817404441535473,-0.06272259986761944,0.030884237000436986,0.13283587230200328,0.43116690534534563,0.32777497262666244,-0.2337092124490161,0.4163177503395983,0.3880451107072039,1.3154317013847923,2.0308278633812002,6.883537034360161
idle,ahad,rotate,0.09098760783672333,0.014132708311080933,-0.1916243783198297,-0.09618113934993744,0.016863912343978882,-0.29865156626328826,0.0882144421339035,-0.1648881733417511,-0.04412359884008765,-0.08795984089374542,-0.1815071403980255,-0.1350108585320413,0.07435207068920135,-0.3688036799430847,-0.1340362927876413,-0.06463970243930817,-0.3896825909614563,-0.1817798218689859,-0.08394501426003104,-0.037759542465209545,0.49205774892911225,0.3550431945107161,0.1940338900594979,-0.24396388537504188,0.42418619288000237,0.3875995435247497,1.8297904794434001,2.223088143857395,4.673612976064378
idle,ahad,rotate,0.08945409953594208,0.01431649923324585,-0.1910629435442388,-0.08429129421710968,0.0161857008934021,-0.3002279563806951,0.08766774833202362,-0.16549861431121826,-0.032698587980121374,-0.08270202577114105,-0.17878258228302002,-0.13887164136394858,0.07309935986995697,-0.37098896503448486,-0.1180583550594747,-0.06568567454814911,-0.38858702778816223,-0.1822557016275823,-0.04646994850852347,0.0055694218837854526,0.01701317501790623,0.36029833735842265,-0.0205518621386907,-0.04776939749717789,0.42202438775397644,0.3925015264224375,17.53032424034812,8.342267332352252,8.812240977390056
idle,ahad,rotate,0.0883098691701889,0.017646580934524536,-0.19080729549750686,-0.07672657072544098,0.014836162328720093,-0.30237208073958755,0.08729986846446991,-0.16519048810005188,-0.028076041024178267,-0.08253337442874908,-0.1751398742198944,-0.14199658995494246,0.07202975451946259,-0.37275975942611694,-0.11664380645379424,-0.0670207291841507,-0.3880001902580261,-0.18559007113799453,-0.03467364744706549,0.10091156670541364,0.007746910507028668,0.22923404520207932,-0.040895108020666426,-0.06497346542098234,0.41953470427606404,0.39772148022701354,5.605277770839177,0.34360088717479187,4.0528732662394775
idle,ahad,rotate,0.08580799400806427,0.017475008964538574,-0.19081043219193816,-0.07795478403568268,0.0140189528465271,-0.3027277193032205,0.08497227728366852,-0.16579121351242065,-0.02807917771860957,-0.08422748744487762,-0.17594873905181885,-0.14462551986798644,0.06975837051868439,-0.37391728162765503,-0.11664694314822555,-0.06944297254085541,-0.3879992365837097,-0.18559320783242583,-0.0758143988522608,-0.005199150605635153,-9.50513464031787e-05,-0.03721858515883896,-0.024763923702817704,-0.010776926170695793,0.4188216438356439,0.39867999530487086,1.5028750181291415,14.579269833089906,8.254140747902495
idle,ahad,rotate,0.08424723148345947,0.016397744417190552,-0.19105134718120098,-0.07893243432044983,0.012291759252548218,-0.3038891088217497,0.08376634120941162,-0.16657426953315735,-0.028056371957063675,-0.08520513772964478,-0.17689421772956848,-0.1490641962736845,0.06836813688278198,-0.37512412667274475,-0.11662413738667965,-0.0709179937839508,-0.3886949121952057,-0.18557040207087994,-0.04729583407893401,-0.03264438022266787,-0.007300454220085549,-0.02962576620506565,-0.05233919981754271,-0.035193621773611974,0.4181553040475038,0.39884950889389204,0.5660231773730461,1.4487757151651537,1.1395800044053148
idle,ahad,rotate,0.08325409889221191,0.016044825315475464,-0.19105134718120098,-0.07893243432044983,0.011142104864120483,-0.3038891088217497,0.08317279815673828,-0.1666637361049652,-0.031881874427199364,-0.08520513772964478,-0.17737087607383728,-0.1493080835789442,0.06781601905822754,-0.37560078501701355,-0.11767498217523098,-0.07156553864479065,-0.38841360807418823,-0.18664921633899212,-0.030094927007501444,-0.010694518233790425,0.0,0.0,-0.034838011770537025,0.0,0.4164663627268171,0.398758961458119,0.0,2.8137885747716584,1.4915029058385245
idle,ahad,rotate,0.08262014389038086,0.015183508396148682,-0.19105134718120098,-0.07893243432044983,0.009558320045471191,-0.3038891088217497,0.08270150423049927,-0.1674097776412964,-0.031881874427199364,-0.08680906891822815,-0.17838066816329956,-0.1493080835789442,0.0672873854637146,-0.37661057710647583,-0.11767498217523098,-0.0726391077041626,-0.38898760080337524,-0.19000649265944958,-0.01921075763124439,-0.026100512706872605,0.0,0.0,-0.04799347935300961,0.0,0.4145451811915367,0.398900726819716,0.0,0.7360016964145584,0.39865053280220597
idle,ahad,rotate,0.08205032348632812,0.014635473489761353,-0.1911898236721754,-0.08027920126914978,0.007914215326309204,-0.3027049135416746,0.0820966362953186,-0.1681515872478485,-0.03409602679312229,-0.08779889345169067,-0.17945823073387146,-0.1528946589678526,0.06675338745117188,-0.37750229239463806,-0.12597189657390118,-0.0734681487083435,-0.3897901475429535,-0.1936823558062315,-0.017267284971294792,-0.016607118375373427,-0.0041962573022552956,-0.04081111965757383,-0.04982135512612028,0.03588470545682001,0.41243310824594365,0.3978183023691438,0.8191326876111052,1.039689420620868,1.6477161485571956
idle,ahad,rotate,0.08165256679058075,0.014366090297698975,-0.19295943202450871,-0.08254684507846832,0.007113158702850342,-0.3007466089911759,0.08111076056957245,-0.1683468222618103,-0.03438095794990659,-0.08815686404705048,-0.18070167303085327,-0.15372662665322423,0.06617377698421478,-0.3777628540992737,-0.12610772671177983,-0.0739113837480545,-0.39006415009498596,-0.19396104337647557,-0.012053233204465792,-0.008163127032193181,-0.05362449552525115,-0.0687164790702581,-0.02427444313511677,0.059342562136324314,0.4113727541293083,0.3980877446882454,2.830699266241327,1.476365220303028,1.3489528762947918
idle,ahad,rotate,0.08156253397464752,0.01400408148765564,-0.1930254716426134,-0.08435405790805817,0.006643027067184448,-0.29843911714851856,0.08075965940952301,-0.1688169538974762,-0.03598792292177677,-0.08797587454319,-0.18126985430717468,-0.15581788308918476,0.06581254303455353,-0.3781765401363373,-0.1304988283663988,-0.07407550513744354,-0.39038556814193726,-0.19395420141518116,-0.002728267149491787,-0.010969963940707294,-0.0020012005486271917,-0.05476402513908705,-0.014246413201997002,0.06992399523204135,0.4106756039462163,0.39744595017610324,3.8437872449302586,0.24868071431432456,0.6114901347858734
idle,ahad,rotate,0.08117945492267609,0.014090925455093384,-0.19838293688371778,-0.08513100445270538,0.0061845481395721436,-0.29843849735334516,0.08058418333530426,-0.1692754328250885,-0.042624854017049074,-0.08815987408161163,-0.181728333234787,-0.15581726329401135,0.06556518375873566,-0.3786035478115082,-0.13137000100687146,-0.07425735890865326,-0.39084404706954956,-0.19395358162000775,-0.011608456120346404,0.0026316353769013086,-0.1623474315486153,-0.023543834686279037,-0.013893300836736353,1.8781671921411945e-05,0.41069092904147386,0.3986771731275181,1.6944958197557838,4.4094431846501685,2.320025779427153
idle,ahad,rotate,0.08005155622959137,0.0139274001121521,-0.19835632108151913,-0.08522595465183258,0.00601571798324585,-0.2984118815511465,0.07992435991764069,-0.1694442629814148,-0.05273271165788174,-0.08923546969890594,-0.18189716339111328,-0.1557906474918127,0.06509055197238922,-0.3787723779678345,-0.13678050599992275,-0.07473455369472504,-0.3909546434879303,-0.1939269658178091,-0.03417874827529499,-0.004955313422463236,0.0008065394605651175,-0.002877278761430266,-0.00511606534322111,0.0008065394605651175,0.4106246887321824,0.397779497153156,0.5622907992062235,6.8960022020376,0.6808187685620631
idle,ahad,rotate,0.0797782838344574,0.013952255249023438,-0.19835632108151913,-0.0850997269153595,0.007328689098358154,-0.2984118815511465,0.07966557145118713,-0.17160111665725708,-0.05330132134258747,-0.0899343490600586,-0.18201255798339844,-0.156185707077384,0.06468364596366882,-0.37888777256011963,-0.13680865429341793,-0.0748087465763092,-0.3910636007785797,-0.19416186772286892,-0.008280981670726339,0.0007531859657981096,0.0,0.0038250829234267305,0.03978700348825122,0.0,0.4119349296829839,0.39791864850569353,0.09613658862164869,10.980026208738947,1.3759904183350433
idle,ahad,rotate,0.08080185949802399,0.014529287815093994,-0.2005794746801257,-0.08505095541477203,0.009835004806518555,-0.298821116797626,0.08055330812931061,-0.17318755388259888,-0.05330196674913168,-0.08920131623744965,-0.18204426765441895,-0.16319317650049925,0.06543178856372833,-0.37891948223114014,-0.1370903505012393,-0.0738314539194107,-0.39108535647392273,-0.20078350137919188,0.0310174443505032,0.01748583533547169,-0.06736829086686733,0.0014779242602261866,0.07594896085334668,-0.012401068075136903,0.4128854409397076,0.3988346055953793,0.019459183962977158,1.7737597315613158,1.1606427732422155
idle,ahad,rotate,0.08255726099014282,0.014530003070831299,-0.20058056991547346,-0.08441340923309326,0.010944843292236328,-0.29942967277020216,0.08174091577529907,-0.17578113079071045,-0.05330306198447943,-0.08804261684417725,-0.18206948041915894,-0.163194271735847,0.06653887033462524,-0.37899503111839294,-0.13709144573658705,-0.07252329587936401,-0.3911091089248657,-0.20078459661453962,0.0531939846096611,2.167441628195999e-05,-3.3188949931751235e-05,0.019319581262992876,0.03363146926417458,-0.018441090078064687,0.4141492561127121,0.39893534596701874,0.5744324364423684,2345.9913564338503,1.4036475783295608
idle,ahad,rotate,0.08410386741161346,0.014490336179733276,-0.19650896172970533,-0.08392973244190216,0.010929137468338013,-0.3034515855833888,0.08263753354549408,-0.1770874559879303,-0.053004453890025616,-0.08760176599025726,-0.18210914731025696,-0.163194271735847,0.06759397685527802,-0.3791161775588989,-0.1368103949353099,-0.0716216117143631,-0.3911416530609131,-0.20078459661453962,0.046866861256685606,-0.0012020270029703644,0.12338206623539645,0.014656872460336236,-0.00047593405752470474,-0.12187614585413943,0.4151540931468584,0.3984502265289444,30.73144437703953,38.95744745626473,3.3034287469057446
idle,ahad,rotate,0.08490297198295593,0.014472991228103638,-0.19650896172970533,-0.08424270153045654,0.011021584272384644,-0.3044005511328578,0.08289673924446106,-0.17750850319862366,-0.053004453890025616,-0.08777046203613281,-0.18204239010810852,-0.16476491373032331,0.06695964932441711,-0.3795720934867859,-0.13709144573658705,-0.07213902473449707,-0.39090871810913086,-0.20130795519798994,0.024215290040681244,-0.0005256045948375438,0.0,-0.009483911774375372,0.002801418304443404,-0.02875653180209119,0.4151175138452574,0.3989034128993952,3.3841884915389167,45.983818367843135,2.9167797731983383
idle,ahad,rotate,0.08520679175853729,0.014472991228103638,-0.19650532957166433,-0.08519692718982697,0.011355668306350708,-0.30785792227834463,0.08281968533992767,-0.17776325345039368,-0.053000821731984615,-0.0887608677148819,-0.18204239010810852,-0.16663145180791616,0.06603328883647919,-0.3800041377544403,-0.13916086312383413,-0.07314760982990265,-0.3899462819099426,-0.20154821034520864,0.009206659866101714,0.0,0.00011006539518182807,-0.028915929071830663,0.010123758605032144,-0.1047688225905089,0.4153193905267931,0.3990842221095681,2.8559623196802986,9206.659866101714,2.387811165522478
idle,ahad,rotate,0.08524180948734283,0.014208674430847168,-0.20057673612609506,-0.0862141102552414,0.011899113655090332,-0.3091106996871531,0.08253969252109528,-0.17803537845611572,-0.05329922819510102,-0.09004531800746918,-0.18130230903625488,-0.17004269221797585,0.06459112465381622,-0.3811812698841095,-0.13973446050658822,-0.07396988570690155,-0.3896407186985016,-0.20569668570533395,0.001061143297137653,-0.008009599916862847,-0.12337595619487236,-0.030823729254983178,0.01646804087089796,-0.03796295178207545,0.41482359659157864,0.4005763864134258,1.8716165377578868,0.13246739422148343,2.034350103339593
idle,ahad,rotate,0.08537723124027252,0.013607591390609741,-0.20057673612609506,-0.08704228699207306,0.01259729266166687,-0.3181823776103556,0.08260847628116608,-0.1787356436252594,-0.05300062010064721,-0.09125201404094696,-0.179142564535141,-0.1761211291886866,0.06271685659885406,-0.38221415877342224,-0.15459091821685433,-0.07610036432743073,-0.38823121786117554,-0.21461124578490853,0.004103689482717758,-0.018214637582952126,0.0,-0.025096264752474423,0.021156939593228195,-0.2748993310061338,0.4141378995783452,0.3991278566206431,1.186139351702598,0.22528387842753134,7.183393090370437
idle,ahad,rotate,0.08558578789234161,0.01278609037399292,-0.19633447984233499,-0.08742929995059967,0.014600098133087158,-0.3246079967357218,0.0824793130159378,-0.17881035804748535,-0.049182909075170755,-0.09215746819972992,-0.17528581619262695,-0.18037408450618386,0.061007872223854065,-0.3823382258415222,-0.15459091821685433,-0.07817171514034271,-0.3854941725730896,-0.22039556363597512,0.0063198985475481665,-0.02489397020050946,0.12855322072000072,-0.011727665409897184,0.060691074891523214,-0.19471573107170123,0.4135472881557752,0.39808268505495936,0.1932322371719602,0.25386246686163266,2.7392124169898495
idle,ahad,rotate,0.08583949506282806,0.01251840591430664,-0.19593507843092084,-0.0878794938325882,0.01653975248336792,-0.3246071864850819,0.08197419345378876,-0.17868947982788086,-0.04918209882453084,-0.0930912047624588,-0.1720564365386963,-0.18037327425554395,0.05990688502788544,-0.3819602131843567,-0.15459010796621442,-0.07955886423587799,-0.38386765122413635,-0.2203947533853352,0.0076880960753470985,-0.008111650293523745,0.012103073073156145,-0.013642238848137351,0.058777404553963415,2.455304969440846e-05,0.41383034329691093,0.39748621079471447,0.23209610658303345,0.9476676298353988,5.901790827598188
idle,ahad,rotate,0.08601628243923187,0.01007881760597229,-0.19476983835920691,-0.08837522566318512,0.017866939306259155,-0.32461110642179847,0.08146195113658905,-0.17943760752677917,-0.049186018761247396,-0.0940120667219162,-0.1682640016078949,-0.1803771941922605,0.05870489776134491,-0.381830632686615,-0.15459402790293097,-0.08071689307689667,-0.3817926049232483,-0.22039867332205176,0.005357193224357778,-0.07392691843437345,0.03531030520345187,-0.015022176684755103,0.04021778251185518,-0.00011878596110777291,0.41309397546358506,0.39490888152519443,0.37351147266397383,0.07246508947919873,0.5639819279962626
idle,ahad,rotate,0.08667509257793427,0.00668063759803772,-0.19052913133054972,-0.0890510231256485,0.020148009061813354,-0.3246143842115998,0.0810694545507431,-0.18030688166618347,-0.04074290860444307,-0.09491311013698578,-0.16359546780586243,-0.18038047198206186,0.0576615184545517,-0.3814491331577301,-0.14431665185838938,-0.08187814056873322,-0.37928634881973267,-0.22040195111185312,0.019963943597042517,-0.10297515175559468,0.1285062735956747,-0.02047871098373908,0.06912332592588592,-9.932696367755239e-05,0.4128673972512088,0.3919465520824271,0.2962591057408075,0.19386958297320406,0.8913957572385954
idle,ahad,rotate,0.08713559806346893,0.00476604700088501,-0.18721019569784403,-0.08996574580669403,0.020815789699554443,-0.3194993222132325,0.0810694545507431,-0.18094563484191895,-0.039159723557531834,-0.09533669054508209,-0.163141131401062,-0.17637134436517954,0.05732356011867523,-0.38161060214042664,-0.14431665185838938,-0.08315010368824005,-0.37730100750923157,-0.2174083674326539,0.013954711682868572,-0.05801789688341481,0.10057380705168642,-0.027718869122591583,0.020235776901244895,0.15500187873840163,0.41105474117844526,0.389891688435644,1.3697274648951836,0.24052011383307847,4.932863907171592
idle,ahad,rotate,0.08790400624275208,0.004141509532928467,-0.1854090327396989,-0.09052005410194397,0.021298587322235107,-0.3183122957125306,0.08084389567375183,-0.18141800165176392,-0.037926954217255116,-0.09576195478439331,-0.16257929801940918,-0.176142075099051,0.05709800124168396,-0.38213637471199036,-0.14288873318582773,-0.08337566256523132,-0.37651991844177246,-0.21661026123911142,0.023285096341913142,-0.018925377816864732,0.05458069570136733,-0.016797221068179786,0.014630230990322993,0.03597050002126943,0.41067494405523464,0.38983020621163733,1.148038813637032,1.2302986111354326,3.626143929634494
idle,ahad,rotate,0.08901891112327576,0.003731638193130493,-0.18465132545679808,-0.09106066823005676,0.021291345357894897,-0.31717295479029417,0.08030328154563904,-0.1817817986011505,-0.03695677500218153,-0.0963025689125061,-0.16264483332633972,-0.17415268253535032,0.05655738711357117,-0.3825012743473053,-0.13832322787493467,-0.08391627669334412,-0.3765277862548828,-0.21219059359282255,0.03378499637950604,-0.012420343630241823,0.02296082675457037,-0.016382246306448533,-0.0002194534648548508,0.03452548249201396,0.41150018222373946,0.39035356524061005,74.31158461144986,2.719914800299934,0.45229077993623007
idle,ahad,rotate,0.09161248803138733,0.0012141168117523193,-0.1840550433844328,-0.09178641438484192,0.021305471658706665,-0.31692677550017834,0.07963445782661438,-0.18299278616905212,-0.03579145111143589,-0.09702831506729126,-0.16275116801261902,-0.17355789057910442,0.05583164095878601,-0.38339802622795105,-0.13802039436995983,-0.08464202284812927,-0.3766230344772339,-0.21159720234572887,0.07859323963974375,-0.07628852670842867,0.01806915370803871,-0.02199230772076207,0.0004280697215687098,0.007459978488358502,0.4116946165629442,0.38900637334202104,51.25579041176947,1.030196975007063,0.8378300617763488
idle,ahad,rotate,0.09211121499538422,0.0005510449409484863,-0.15731370635330677,-0.09426183998584747,0.02124810218811035,-0.3044652510434389,0.07799951732158661,-0.18365585803985596,-0.015126517042517662,-0.09950374066829681,-0.16341423988342285,-0.16408568806946278,0.05415724217891693,-0.38431140780448914,-0.11794978566467762,-0.08679370582103729,-0.37728482484817505,-0.18924045749008656,0.015112938302936217,-0.020093086994055865,0.8103435463977712,-0.0750128970001695,-0.0017384688059489208,0.37762195323453407,0.41492290851364844,0.38872757792285334,43.12402541720098,0.7521087326538823,11.33170318549792
idle,ahad,rotate,0.09207019209861755,-0.0006679892539978027,-0.15116802044212818,-0.09674081206321716,0.020570099353790283,-0.2950973082333803,0.07695946097373962,-0.18487489223480225,-0.013103547506034374,-0.10110428929328918,-0.16463327407836914,-0.14605471678078175,0.052472442388534546,-0.3855304419994354,-0.10581986792385578,-0.08805578947067261,-0.3784988522529602,-0.1668578702956438,-0.001243118083838247,-0.03694043014988714,0.18623290639934914,-0.07512036598089887,-0.020545540433941238,0.2838770548502573,0.41925745216576715,0.38954273738854006,3.656107762881874,0.033651054623342586,2.897360102050726
idle,ahad,rotate,0.0924873948097229,-0.002605438232421875,-0.15110569819808006,-0.09710058569908142,0.018844664096832275,-0.29391875490546227,0.07893431186676025,-0.18681234121322632,-0.011408895254135132,-0.10039862990379333,-0.16648423671722412,-0.14603590592741966,0.053385138511657715,-0.3874678909778595,-0.10313667729496956,-0.08749985694885254,-0.3804028630256653,-0.16303737089037895,0.012642506397131579,-0.05871057510375912,0.0018885528499429669,-0.010902231389825875,-0.05228591687751481,0.03571373720963757,0.420262654286184,0.38980651732268,0.20850782644853577,0.21533243444395547,7.82712974737338
idle,ahad,rotate,0.09243148565292358,-0.005425751209259033,-0.13900141417980194,-0.09842130541801453,0.015501797199249268,-0.2921813577413559,0.08063989877700806,-0.1892157793045044,-0.0005284810904413462,-0.09940025210380554,-0.17096155881881714,-0.1436222940683365,0.05600327253341675,-0.39194849133491516,-0.09652237594127655,-0.08598196506500244,-0.38444435596466064,-0.1627371609210968,-0.0016942168727065849,-0.08546402960112737,0.3667964854023732,-0.040021809664640196,-0.1012989968964564,0.05264839891231505,0.42055613502773886,0.3905525726902792,0.3950820423573005,0.019823510043975184,1.8022062335882247
idle,ahad,rotate,0.09492327272891998,-0.003875136375427246,-0.13882732391357422,-0.09755463898181915,0.013158202171325684,-0.278132900595665,0.08259381353855133,-0.18917065858840942,0.0010286063188686967,-0.0965663343667984,-0.17353743314743042,-0.1308412253856659,0.060051873326301575,-0.39464691281318665,-0.09327583014965057,-0.0834561139345169,-0.3862649202346802,-0.15307168662548065,0.07550869927261732,0.046988328297932425,0.00527546261296122,0.026262619278647394,-0.07101803114919873,0.4257108225966898,0.41878145417481033,0.3949601680432394,0.36979692420013677,1.6069329357904392,11.518585388008626
idle,ahad,rotate,0.09724278748035431,-0.0024601221084594727,-0.13900141417980194,-0.096817746758461,0.011994242668151855,-0.2773425430059433,0.08348716795444489,-0.19088369607925415,0.0013613741612061858,-0.09609220921993256,-0.1754300594329834,-0.12475228309631348,0.06170941889286041,-0.3965395390987396,-0.09275846183300018,-0.08077912032604218,-0.38713234663009644,-0.1484992951154709,0.0702883258010413,0.04287922021114533,-0.005275462612961362,0.02233006737448988,-0.035271500096177175,0.023950229991566433,0.4197140149550131,0.3983712060632927,0.6330729977632066,1.6391782844149694,12.223239288824875
idle,ahad,rotate,0.09755577147006989,-0.0010792016983032227,-0.13900141417980194,-0.09555403888225555,0.01386648416519165,-0.26776425540447235,0.08466680347919464,-0.19145721197128296,0.0013613741612061858,-0.0934559553861618,-0.1760120987892151,-0.1178622916340828,0.06422938406467438,-0.3971215784549713,-0.09275846183300018,-0.07797800004482269,-0.3877143859863281,-0.1484992951154709,0.009484363324714326,0.04184607303503742,0.0,0.038294178066831226,0.0567345908193871,0.2902511394385104,0.4192853958410713,0.40012325966671036,0.6749586549426702,0.22664340984549444,8.551477995754391
idle,ahad,rotate,0.0991031676530838,0.0016357898712158203,-0.13900141417980194,-0.09333817660808563,0.013969361782073975,-0.2582828849554062,0.08792717754840851,-0.19144070148468018,0.0013613741612061858,-0.0912393182516098,-0.1778322458267212,-0.11540854722261429,0.06786645948886871,-0.3972378373146057,-0.09275846183300018,-0.07402853667736053,-0.3877143859863281,-0.1484992951154709,0.04689079342466361,0.08227247180360646,0.0,0.06714734164151205,0.0031175035418885785,0.28731425603230476,0.41686344528354446,0.4027583804752654,21.531911296418585,0.5699381878109604,1.8472232109136792
idle,ahad,rotate,0.09911522269248962,0.0056858062744140625,-0.14556081918999553,-0.09269443154335022,0.013982176780700684,-0.2556116166524589,0.08974775671958923,-0.18933939933776855,0.0013631590409204364,-0.0907776951789856,-0.178205668926239,-0.10969770280644298,0.06792846322059631,-0.39732930064201355,-0.09275667695328593,-0.07381406426429749,-0.3877143859863281,-0.14849751023575664,0.00036530422441887714,0.12272776979388808,-0.1987698487937482,0.01950742620410372,0.00038833329171846024,0.08094752433173713,0.41616106088975463,0.4076543484455574,50.10469594829867,0.0029765166312053213,6.418539340051742
idle,ahad,rotate,0.09707480669021606,0.007357180118560791,-0.15800574608147144,-0.0915418267250061,0.013982176780700684,-0.2555965203791857,0.08875846862792969,-0.18780404329299927,-0.020136216655373573,-0.08904775977134705,-0.17865616083145142,-0.10968260653316975,0.06926023960113525,-0.39733225107192993,-0.12019896693527699,-0.07349532842636108,-0.3878094255924225,-0.1544919479638338,-0.061830787947682944,0.050647692246870005,-0.37711899671138727,0.03492741873770011,0.0,0.000457462826461498,0.4147099014994651,0.4074021826267565,34927.418737700114,1.2207775799286105,2.4834765195476796
idle,ahad,rotate,0.1001732349395752,0.010742515325546265,-0.16287594242021441,-0.08999806642532349,0.014102190732955933,-0.25558561785146594,0.09207659959793091,-0.18471112847328186,-0.021164126228541136,-0.08696499466896057,-0.18054547905921936,-0.10967170400545001,0.07334756851196289,-0.3972187638282776,-0.1222180868498981,-0.06999951601028442,-0.3896489143371582,-0.16051734192296863,0.09389176513209636,0.1025859153631978,-0.14758170723463784,0.046780615141898234,0.003636786431977301,0.00033037962787079616,0.4152744561757418,0.41085895741444706,12.859637589134351,0.9152411377190043,0.3757339077195097
idle,ahad,rotate,0.10087163746356964,0.014819741249084473,-0.16362957656383514,-0.08994542062282562,0.014729619026184082,-0.2582528442144394,0.09402675926685333,-0.1830487847328186,-0.029795663431286812,-0.08613227307796478,-0.18098390102386475,-0.11537850648164749,0.07510794699192047,-0.39659133553504944,-0.13880963623523712,-0.06890211999416351,-0.39120155572891235,-0.17708994448184967,0.021163712848316307,0.12355230071327768,-0.022837398291537005,0.0015953273484200967,0.019012978582670984,-0.08082504130222491,0.4145001271802016,0.4129635229476263,0.08390286869650998,0.17129216885455448,2.853049190361422
idle,ahad,rotate,0.10054096579551697,0.016360223293304443,-0.17207394260913134,-0.08934831619262695,0.014226675033569336,-0.25967022497206926,0.09330353140830994,-0.1825847625732422,-0.03586077410727739,-0.08556413650512695,-0.1817535161972046,-0.12105985451489687,0.07362291216850281,-0.39667588472366333,-0.1495535047724843,-0.06997179985046387,-0.3929581046104431,-0.1925847800448537,-0.010020353577353897,0.046681274067272585,-0.25588988016049474,0.01809407364238421,-0.015240727048931943,-0.042950932049390725,0.4131287342710303,0.41452452069476586,1.1871406425462885,0.2146500738784454,1.6262236702211426
idle,ahad,rotate,0.10005785524845123,0.018299132585525513,-0.17215834511443973,-0.08967913687229156,0.014928370714187622,-0.2596265668980777,0.09371919929981232,-0.18123146891593933,-0.035817116033285856,-0.08646656572818756,-0.1810210645198822,-0.12101619644090533,0.07364489138126373,-0.39574992656707764,-0.14950984669849277,-0.06932802498340607,-0.3933112621307373,-0.19254112197086215,-0.01463971354744635,0.05875482703700145,-0.0025576516760117797,-0.010024869080745702,0.021263505473281163,0.0013229719391374731,0.41421518864179224,0.415508390439835,0.47143673730583313,0.2491619007971243,1.9364116526241355
idle,ahad,rotate,0.09987355768680573,0.021133452653884888,-0.1840174614917487,-0.08874966204166412,0.014852911233901978,-0.26482447679154575,0.0967102199792862,-0.1788865029811859,-0.048269380582496524,-0.08750610053539276,-0.18101981282234192,-0.12100370670668781,0.07488603889942169,-0.3937213718891144,-0.14949735696427524,-0.06819061934947968,-0.3930093050003052,-0.19252863223664463,-0.005584774595318357,0.08588848691998012,-0.35936716294875254,0.028165903958407006,-0.002286650917746779,-0.15751242101418075,0.4147299733655679,0.41703781502201964,12.312151185264316,0.06502279610217573,5.001544946438417
idle,ahad,rotate,0.09788891673088074,0.02172243595123291,-0.1918020163429901,-0.08816465735435486,0.013380110263824463,-0.26485415443312377,0.09684184193611145,-0.1776908040046692,-0.04829905822407454,-0.08856800198554993,-0.1819164752960205,-0.12103338434826583,0.07575574517250061,-0.3932076096534729,-0.14952703460585326,-0.06803807616233826,-0.39381083846092224,-0.19255830987822264,-0.06014063502803089,0.017847978707516116,-0.23589560155277375,0.01772741476694771,-0.04463033242659206,-0.000899322472061186,0.41404859272040107,0.41766493042824554,0.39719662853680415,3.3694160329019813,4.92642022287837
idle,ahad,rotate,0.09632126986980438,0.022012948989868164,-0.19183093692117836,-0.08554644882678986,0.007833242416381836,-0.26488307501131203,0.094053253531456,-0.17738527059555054,-0.048327978802262805,-0.08694802224636078,-0.18829983472824097,-0.11300310875230934,0.0767935961484909,-0.3929785490036011,-0.1403372922068229,-0.06689433753490448,-0.3961058557033539,-0.1580197849398246,-0.0475044503356466,0.008803425413189415,-0.0008763811572200776,0.07933965235045375,-0.16808690446795654,-0.0008763811572200776,0.418251669465088,0.41862975156311805,0.4720128589953281,5.395519651342932,4.181114732946137
idle,ahad,rotate,0.09653466939926147,0.022461295127868652,-0.19187368343409617,-0.08649122714996338,0.00739675760269165,-0.26049639175471384,0.09411638975143433,-0.17693692445755005,-0.04736623431381304,-0.08767560124397278,-0.18818849325180054,-0.11042385439213831,0.0777595043182373,-0.3925764858722687,-0.14022570739325602,-0.06640049815177917,-0.3965143859386444,-0.15540298710402567,0.006466652407790778,0.013586246606075618,-0.001295348876297043,-0.02862964615677388,-0.013226812536066439,0.1329297956544927,0.41784264139699956,0.41866022011943393,2.1643522750805095,0.4759354558928206,7.011934627717527
idle,ahad,rotate,0.09893158078193665,0.020194202661514282,-0.18211628387507517,-0.0867772102355957,0.00624498724937439,-0.24340985606249887,0.09563985466957092,-0.17651328444480896,-0.04655386398371775,-0.08669185638427734,-0.19101151823997498,-0.10886758456763346,0.0794433057308197,-0.3922325670719147,-0.1362921137624653,-0.06410318613052368,-0.39765310287475586,-0.15378747771319468,0.07263367826288317,-0.06869977170770743,0.2956787745157845,-0.008666154110070335,-0.03490213191870449,0.5177738088549932,0.41434279199235896,0.41542205986650277,0.2482915897133623,1.0572469050552822,11.69607764620526
idle,ahad,rotate,0.09810057282447815,0.020007699728012085,-0.17224720011290628,-0.08757105469703674,0.006326168775558472,-0.23915150652464945,0.09424027800559998,-0.1763421595096588,-0.03405031825241167,-0.08581924438476562,-0.1910724937915802,-0.10120867083605845,0.080046147108078,-0.39210444688796997,-0.12523008028801996,-0.06589612364768982,-0.39798620343208313,-0.1470479060226353,-0.025182059316923848,-0.005651604045521067,0.29906314430814473,-0.02405589277094034,0.002460046248002459,0.12904089508634484,0.4152365231787771,0.41517826681199177,9.774660996503266,4.454948394426682,11.84325447062149
idle,ahad,rotate,0.09774532914161682,0.01755240559577942,-0.1359177705089678,-0.08639472723007202,0.005122929811477661,-0.22098572814866202,0.09450790286064148,-0.1770014464855194,-0.014021564107679296,-0.08593779802322388,-0.1915198266506195,-0.09433160239859717,0.07958754897117615,-0.3922017514705658,-0.1014944490234484,-0.06629246473312378,-0.3995213508605957,-0.1314728882352938,-0.010764960086707085,-0.07440285249190015,1.1008918061799715,0.0356462868777194,-0.036461786790328174,0.5504781326056885,0.4149140192226242,0.4115982741411394,0.9776073091367402,0.14468283195253892,12.952147731669797
idle,ahad,rotate,0.09841714799404144,0.01790599524974823,-0.1359177705089678,-0.08610613644123077,0.0048789530992507935,-0.21633868182107108,0.09479407966136932,-0.17684315145015717,-0.013568118512921501,-0.08579201996326447,-0.1917548030614853,-0.09433160239859717,0.07929925620555878,-0.3917614072561264,-0.09937437513872283,-0.06612136960029602,-0.39997150003910065,-0.13116878533764975,0.020358147043170127,0.010714837999054762,0.0,0.008745175419431648,-0.007393233703844394,0.14081958568457245,0.41419463007022644,0.4117381379074963,1.1827020580759944,1.8998184784956538,12.471778081860897
idle,ahad,rotate,0.09908896684646606,0.01825958490371704,-0.1359181616571732,-0.08581754565238953,0.004634976387023926,-0.21633907296927646,0.09508025646209717,-0.17668485641479492,-0.013115064066369087,-0.08564624190330505,-0.19198977947235107,-0.09433199354680255,0.0790109634399414,-0.391321063041687,-0.09725469240220264,-0.06595027446746826,-0.4004216492176056,-0.12840045132907107,0.020358147043170675,0.01071483799905505,-1.1852975920633122e-05,0.008745175419431884,-0.007393233703844593,-1.1852975920633122e-05,0.4149684079379097,0.41189112304952563,1.1827020580759946,1.8998184784956538,4.267619353348343
idle,ahad,rotate,0.1006615161895752,0.018672436475753784,-0.13591390661895275,-0.08460816740989685,0.0038907229900360107,-0.21633481793105602,0.09681922197341919,-0.17631295323371887,-0.011411178857088089,-0.08416464924812317,-0.19230476021766663,-0.09432773850858212,0.08053719997406006,-0.3909039795398712,-0.09617537073791027,-0.06483834981918335,-0.40071359276771545,-0.1280634980648756,0.047653010397245864,0.012510653698082989,0.00012894055213440406,0.03664782553008068,-0.022553133242057783,0.00012894055213440406,0.4145929617447526,0.4119914803649649,1.6248829044665618,3.808690005906027,0.962282382121648
idle,ahad,rotate,0.10284006595611572,0.018572568893432617,-0.13644310575909913,-0.08473512530326843,0.0016988515853881836,-0.22037686151452363,0.09755033254623413,-0.17631715536117554,-0.011404219316318631,-0.08557116985321045,-0.19253653287887573,-0.09497407567687333,0.08044672012329102,-0.3908587098121643,-0.09616841119714081,-0.06506466865539551,-0.40114927291870117,-0.12838923675008118,0.06601665959213647,-0.0030262903733686633,-0.016036337580192996,-0.003847208890047898,-0.06642034559538797,-0.12248616919598662,0.41368497844495394,0.4120163648960411,0.05792127298178423,21.807177855448145,4.132631824287939
idle,ahad,rotate,0.10232913494110107,0.019794613122940063,-0.1379462592303753,-0.0834004282951355,0.0015533268451690674,-0.2208343856036663,0.09688955545425415,-0.17505618929862976,-0.01141400821506977,-0.08559447526931763,-0.19189122319221497,-0.09650609269738197,0.07976865768432617,-0.38956573605537415,-0.09617820009589195,-0.06506043672561646,-0.4011264443397522,-0.13116775080561638,-0.01548275803074717,0.03703164331840805,-0.04555010519018751,0.040445363882816845,-0.004409840612700561,-0.013864366337657195,0.4129497049379227,0.41210367794683234,9.169536474829442,0.4180840643112034,4.020817133353998
idle,ahad,rotate,0.10265791416168213,0.020434856414794922,-0.14014224288985133,-0.08088475465774536,0.0023085474967956543,-0.22098609386011958,0.09823358058929443,-0.17460989952087402,-0.011415408458560705,-0.08613434433937073,-0.19149500131607056,-0.09702954767271876,0.08013910055160522,-0.388808012008667,-0.09617960033938289,-0.0644385814666748,-0.40148624777793884,-0.13147325394675136,0.009963006684274274,0.019401311874389437,-0.06654495937806114,0.07623253446636694,0.022885474291714503,-0.004597219892523455,0.4139242223076003,0.41221297439780885,3.3308990058798655,0.5134958529053021,1.392501167573011
idle,ahad,rotate,0.10378730297088623,0.020430266857147217,-0.16480983374640346,-0.07842206954956055,0.0023085474967956543,-0.2525423723272979,0.09842002391815186,-0.17464065551757812,-0.032961476128548384,-0.08654913306236267,-0.19161951541900635,-0.13052500365301967,0.08040416240692139,-0.38880273699760437,-0.11182385263964534,-0.06355971097946167,-0.4022831916809082,-0.1611081319861114,0.03422390330921574,-0.00013907750447591366,-0.7475027532288642,0.07462682146014708,0.0,-0.9562508626417833,0.4150609418144222,0.41331094456893225,74626.82146014708,244.32119516449941,28.846367680870376
idle,ahad,rotate,0.10525104403495789,0.020430266857147217,-0.19676053104922175,-0.07400396466255188,0.0023085474967956543,-0.2899630921892822,0.10000726580619812,-0.17464065551757812,-0.061444427352398634,-0.08666527271270752,-0.19161951541900635,-0.1641063499264419,0.08113446831703186,-0.38879284262657166,-0.14700072584673762,-0.06317350268363953,-0.40296250581741333,-0.20007045147940516,0.0443557898203527,0.0,-0.9682029485702408,0.13388196627298843,0.0,-1.1339612079389043,0.4152621008650803,0.41294212763251875,133881.96627298844,44355.78982035271,5.676635131919936
idle,ahad,rotate,0.10500779747962952,0.020430266857147217,-0.20892959414049983,-0.07082721590995789,0.0028884410858154297,-0.30972209153696895,0.09895887970924377,-0.17464065551757812,-0.07314730761572719,-0.08820018172264099,-0.19161951541900635,-0.18232981441542506,0.07948371767997742,-0.3887248635292053,-0.1600247877649963,-0.06471624970436096,-0.4033098816871643,-0.21838123677298427,-0.007371107737223226,0.0,-0.36875948761448313,0.09626511371496846,0.01757253300059906,-0.5987575559905015,0.4163863267214272,0.4128572143704378,5.477846356318157,7371.107737223227,16.26702034602097
idle,ahad,rotate,0.10382726788520813,0.01980563998222351,-0.24817225150763988,-0.06700512766838074,0.002533644437789917,-0.3381954412907362,0.09777835011482239,-0.17526987195014954,-0.10322135500609875,-0.0889015793800354,-0.1923908293247223,-0.1971131544560194,0.07830318808555603,-0.3890577554702759,-0.185709772631526,-0.0658474862575531,-0.4041726291179657,-0.23124870471656322,-0.03577362407337593,-0.018928087118900486,-1.1891714353678995,0.11582085580536998,-0.010751413576530859,-0.8628287804172032,0.42053410984973705,0.4143939141178534,10.771614668744748,1.8898758217271003,8.069844589998688
idle,ahad,rotate,0.1019676923751831,0.018529683351516724,-0.2549134352011606,-0.06360232830047607,0.0011021792888641357,-0.3595434882445261,0.09591877460479736,-0.17624416947364807,-0.10513573966454715,-0.09005454182624817,-0.19382229447364807,-0.21060226939152926,0.076443612575531,-0.3901113271713257,-0.19417034171056002,-0.06757086515426636,-0.40574297308921814,-0.24587693891953677,-0.05635077303106073,-0.038665352445659794,-0.20427829374305,0.10311513236074624,-0.04337773178562926,-0.6469105137512017,0.4224438563096345,0.4139186846924848,2.3770896039636358,1.4573594214829015,6.628444834634069
idle,ahad,rotate,0.10185262560844421,0.01882842183113098,-0.2549134352011606,-0.056760817766189575,0.0008835494518280029,-0.3751321592135355,0.09580370783805847,-0.17422941327095032,-0.10799524269532412,-0.08762216567993164,-0.1940409243106842,-0.22848711989354342,0.07628729939460754,-0.38891780376434326,-0.19417034171056002,-0.06768593192100525,-0.4060010015964508,-0.2640721359057352,-0.003486871719360407,0.009052681200432199,0.0,0.20731850103898813,-0.006625146576852615,-0.4723839687578681,0.4219108019216672,0.413037884217154,31.2879436991663,0.3851330350790299,6.259509531032355
idle,ahad,rotate,0.10151228308677673,0.019964873790740967,-0.2591800548834726,-0.049585312604904175,0.0020200014114379883,-0.3815795936388895,0.09489497542381287,-0.17299920320510864,-0.11053371510934085,-0.08578327298164368,-0.19330298900604248,-0.2435422994894907,0.07570889592170715,-0.38693907856941223,-0.19640652916859835,-0.06780287623405457,-0.4052096903324127,-0.27068175456952304,-0.010313409747499294,0.034437938169999176,-0.129291505524605,0.21743955034197945,0.034437938169999176,-0.195376800768301,0.42245263896989554,0.4125253407563956,6.313770455658176,0.29946944637461625,8.491425139808767
idle,ahad,rotate,0.10122159123420715,0.020017653703689575,-0.2591800548834726,-0.039948731660842896,0.0016000568866729736,-0.3862357296748087,0.0942431390285492,-0.17284145951271057,-0.11985167197417468,-0.08428022265434265,-0.19429591298103333,-0.24851815483998507,0.07513967156410217,-0.3853870928287506,-0.20181591890286654,-0.0678960382938385,-0.40532684326171875,-0.28192071698140353,-0.008808844017259905,0.0015993913014729641,0.0,0.2920176043654901,-0.012725591659545758,-0.14109503139148905,0.42101327281410394,0.4102729812472561,22.94546821155044,5.504181389359242,3.139369833561543
idle,ahad,rotate,0.09976208209991455,0.02112281322479248,-0.2549321227706969,-0.024510979652404785,0.0006103515625,-0.38625441724434495,0.09395122528076172,-0.17158228158950806,-0.11055240267887712,-0.08199280500411987,-0.19335108995437622,-0.2649345868267119,0.07482790946960449,-0.38413017988204956,-0.19642521673813462,-0.06784504652023315,-0.4052869379520416,-0.2819394045509398,-0.044227549524018965,0.03348968245766433,0.12872521553866093,0.46781066692237444,-0.029991070429484526,-0.0005662899859475457,0.4213218162637467,0.410213065906384,15.597811695670078,1.3205926627481281,6.840007139527621
idle,ahad,rotate,0.09877321124076843,0.026817888021469116,-0.2520491078030318,-0.008547216653823853,-0.011167556047439575,-0.38625200535170734,0.09412255883216858,-0.1658351719379425,-0.1105499907862395,-0.07664915919303894,-0.1881600320339203,-0.2649321749340743,0.07513245940208435,-0.3783928155899048,-0.196422804845497,-0.0674581229686737,-0.4015061855316162,-0.2819369926583022,-0.0299657836104881,0.17257802414171433,0.08736408992924377,0.4837503938963866,-0.3569062912102862,7.30876556851639e-05,0.40830915055096134,0.40969364780216744,1.3553951006603722,0.17363514343366268,9.918309365896192
idle,ahad,rotate,0.1014489233493805,0.026943206787109375,-0.24765585048589855,0.014926642179489136,-0.03969365358352661,-0.38628270907793194,0.09855708479881287,-0.16570985317230225,-0.10804222209844738,-0.0653962790966034,-0.19877803325653076,-0.2649628786602989,0.08079484105110168,-0.3780840337276459,-0.19207447452936321,-0.06121799349784851,-0.40543973445892334,-0.2707287339726463,0.08108218510945767,0.0037975383527351753,0.13312900961010055,0.7113290555549504,-0.8644271980632573,-0.0009304159462000533,0.3910510483054351,0.40934453218261413,0.8228896941916934,21.345627602015295,16.854874664569895
idle,ahad,rotate,0.09764400124549866,0.027304530143737793,-0.19493654067628086,0.04525139927864075,-0.06035083532333374,-0.3771122812759131,0.09865114092826843,-0.16536277532577515,-0.08894941653124988,-0.05359169840812683,-0.21204030513763428,-0.28100244398228824,0.08148917555809021,-0.37772271037101746,-0.1176194071304053,-0.05892673134803772,-0.40933337807655334,-0.21514191920869052,-0.11530066981459983,0.010949192625103455,1.5975548427156703,0.9189320333076145,-0.6259752042365728,0.27789175157632484,0.3985928953651322,0.41265722227017754,1.4679983473626195,10.529556306641728,12.77408960827172
idle,ahad,rotate,0.09844887256622314,0.028782367706298828,-0.15158154885284603,0.060182273387908936,-0.12303048372268677,-0.3771284900140017,0.09749650955200195,-0.1639227271080017,-0.061957237077876925,-0.04619884490966797,-0.2310001254081726,-0.2860314033459872,0.08202368021011353,-0.376282662153244,-0.11035387287847698,-0.05729961395263672,-0.412530779838562,-0.1976742676924914,0.02439004002195455,0.0447829564412442,1.3137876310131975,0.45245073058389174,-1.8993832848289098,-0.0004911738814729711,0.36030019874168007,0.40748887914309406,0.23820915767166465,0.5446155712917834,41.95268223857909
idle,ahad,rotate,0.09790125489234924,0.03561016917228699,-0.1453248569741845,0.07427117228507996,-0.1920258104801178,-0.37712854240089655,0.09883204102516174,-0.1643083393573761,-0.057262239046394825,-0.03862723708152771,-0.2544719874858856,-0.286031455732882,0.08213135600090027,-0.3766682744026184,-0.08816246036440134,-0.055847615003585815,-0.41554078459739685,-0.19312481675297022,-0.016594474965875617,0.20690307472691163,0.18959672359580135,0.426936330217299,-2.090767477497887,-1.5874816612763664e-06,0.3174070155375245,0.4165210010716952,0.2042006730119789,0.08020371270009215,5.850850010410497
rotate,ahad,rotate,0.09491017460823059,0.036370307207107544,-0.09109648130834103,0.09480461478233337,-0.24546650052070618,-0.3770646806806326,0.0959484875202179,-0.1636957824230194,-0.02671431005001068,-0.022684603929519653,-0.2783101499080658,-0.30114868842065334,0.07826516032218933,-0.38095158338546753,-0.06543119065463543,-0.05703356862068176,-0.42015957832336426,-0.1839261408895254,-0.09063879648844302,0.02303448590365298,1.6432841110861482,0.6222255302197938,-1.6194148497147816,0.0019352036443623416,0.3014548074321163,0.41844154192991273,0.3842283810729547,3.9347464545590274,15.460929237547205
rotate,ahad,rotate,0.0905134379863739,0.0367831289768219,-0.09109648130834103,0.10177955031394958,-0.3078841269016266,-0.4122771378606558,0.08767423033714294,-0.1560756266117096,-0.02671431005001068,-0.021734684705734253,-0.3129979074001312,-0.3176672514528036,0.07552263140678406,-0.3814728260040283,-0.06543119065463543,-0.05755993723869324,-0.424929141998291,-0.1839261408895254,-0.13323444308656848,0.01250975059740491,0.0,0.2113616827762522,-1.891443223664285,-1.0670441569704168,0.3020476546345401,0.4193107145103603,0.1117461885113283,10.64959628515056,35.66919497218018
rotate,ahad,rotate,0.08935427665710449,0.03761857748031616,-0.09109648130834103,0.10258722305297852,-0.38324153423309326,-0.4641172643750906,0.0872146487236023,-0.15539664030075073,-0.02671431005001068,-0.020927011966705322,-0.3614117503166199,-0.35327658616006374,0.07549697160720825,-0.38079383969306946,-0.06543119065463543,-0.05703681707382202,-0.4269881248474121,-0.1864348854869604,-0.03512610088695141,0.025316621318007684,0.0,0.024474931485724903,-2.2835577979232076,-1.5709129246798257,0.3232663018654285,0.4194278041480564,0.010717889772745827,1.387417105491156,20.159242816030485
rotate,ahad,rotate,0.08806684613227844,0.03938600420951843,-0.09110162407159805,0.1039489209651947,-0.44936057925224304,-0.511562280356884,0.0876217782497406,-0.15436342358589172,-0.026719452813267708,-0.019565314054489136,-0.4099850356578827,-0.3980806991457939,0.0766325294971466,-0.3807016611099243,-0.06172216311097145,-0.05655476450920105,-0.42976781725883484,-0.18644002825021744,-0.039013046206850616,0.05355838573340299,-0.00015584131081899255,0.04126357309746086,-2.0036074248227527,-1.4377277570240654,0.36311126144517325,0.42126896737926184,0.020594629462646223,0.7284072748900037,9.408217827532997
rotate,ahad,rotate,0.08709457516670227,0.045401930809020996,-0.10031493008136749,0.10408833622932434,-0.5137910842895508,-0.5197006985545158,0.08752283453941345,-0.14643925428390503,-0.058881212025880814,-0.019425898790359497,-0.43821755051612854,-0.4228821024298668,0.07601699233055115,-0.3801794946193695,-0.06172216311097145,-0.05681750178337097,-0.4336002469062805,-0.18644002825021744,-0.029462756532610945,0.18230080604553023,-0.27919109120513147,0.004224704973625368,-1.9524395465850615,-0.24661873326156808,0.37866071023868864,0.4274712436803016,0.0021638072314235824,0.1616152750853854,36.14493241909515
rotate,ahad,rotate,0.08499473333358765,0.05003654956817627,-0.11025065183639526,0.09859853982925415,-0.5648680031299591,-0.5573654696345329,0.08670097589492798,-0.14209330081939697,-0.061766624450683594,-0.0196152925491333,-0.4672165811061859,-0.4887397512793541,0.07267493009567261,-0.3740115463733673,-0.0652567446231842,-0.057063400745391846,-0.43554016947746277,-0.20933758467435837,-0.06363157070044245,0.1404429927016734,-0.30108247742508065,-0.1663574666687918,-1.5477854194062959,-1.1413566993944448,0.40259127786200843,0.4266063957675512,0.10748089308898554,0.4530743499695753,30.20285362804276
rotate,ahad,rotate,0.08422762155532837,0.05122792720794678,-0.11210074834525585,0.0934457778930664,-0.6201790869235992,-0.5573603268712759,0.08592432737350464,-0.14090192317962646,-0.06381907872855663,-0.021257102489471436,-0.4899771809577942,-0.48873460851609707,0.06986719369888306,-0.37252768874168396,-0.06543119065463543,-0.05784648656845093,-0.43434879183769226,-0.20933244191110134,-0.023245811462402715,0.036102352720318996,-0.05606353057153386,-0.1561443010966008,-1.6760934482921521,0.00015584131081899255,0.42254663241760837,0.4265595990622052,0.09315960759592232,0.6438684972689518,34.8104949662224
rotate,ahad,rotate,0.0835159420967102,0.05122792720794678,-0.11371548380702734,0.08948439359664917,-0.6661445051431656,-0.5913304826244712,0.08549028635025024,-0.14090192317962646,-0.07290501054376364,-0.022782564163208008,-0.5269338190555573,-0.48876558151096106,0.06998473405838013,-0.3694813847541809,-0.06864802446216345,-0.05772894620895386,-0.43434879183769226,-0.20936341490596533,-0.02156604420055019,0.0,-0.0489313776294385,-0.12004194837627857,-1.392891461198965,-1.0293986591877247,0.47042519165642777,0.4233326052342583,0.08618177764631568,21566.04420055019,32.37590867733951
rotate,ahad,rotate,0.0835159420967102,0.05122792720794678,-0.1140018803998828,0.06393760442733765,-0.6980540603399277,-0.6223262576386333,0.08549028635025024,-0.14146548509597778,-0.072856898419559,-0.032439231872558594,-0.5463587939739227,-0.4887174693867564,0.06998473405838013,-0.36577847599983215,-0.06859991233795881,-0.05772894620895386,-0.43434879183769226,-0.2093153027817607,0.0,0.0,-0.008678684631983577,-0.7741451263427858,-0.9669562180837149,-0.9392659095200775,0.5048972836244566,0.4196888997950282,0.8005991494400982,0.0,23.810464308262123
rotate,ahad,rotate,0.08356243371963501,0.0509224534034729,-0.15162599366158247,0.034493327140808105,-0.7200122177600861,-0.6223262576386333,0.08553677797317505,-0.141606867313385,-0.07402454596012831,-0.0551794171333313,-0.5463861525058746,-0.45820156019181013,0.07003122568130493,-0.36382153630256653,-0.06859991233795881,-0.05768245458602905,-0.43087267875671387,-0.18217590730637312,0.0014088370583273994,-0.009256781953753745,-1.140124644293917,-0.8922508268645217,-0.665398709701762,0.0,0.5346310677931535,0.42318908394264715,1.3409245809025623,0.15217868225511183,30.107037945183304
rotate,ahad,rotate,0.08383405208587646,0.04721900820732117,-0.17334279231727123,0.009860992431640625,-0.7351024895906448,-0.622303081676364,0.0858083963394165,-0.14553317427635193,-0.0898005198687315,-0.06986537575721741,-0.5500670075416565,-0.45408634655177593,0.07350558042526245,-0.36680904030799866,-0.06957041285932064,-0.05719882249832153,-0.433001846075058,-0.16597534529864788,0.008230859583074306,-0.11222561200459676,-0.658084807748137,-0.7464343851262791,-0.45728096456238215,0.0007023018869486645,0.551359066832661,0.42695972763553824,1.632328504013088,0.07334142442736463,7.700543417018902
rotate,ahad,rotate,0.0839565098285675,0.04239225387573242,-0.1960135349072516,-0.02358946204185486,-0.7397397607564926,-0.6450132527388632,0.08614203333854675,-0.1503138542175293,-0.09895117813721299,-0.08142364025115967,-0.5547042787075043,-0.447860071901232,0.07458898425102234,-0.37144631147384644,-0.0713787847198546,-0.056637197732925415,-0.4362073838710785,-0.14774000132456422,0.003710840687607333,-0.14626528277541884,-0.6869921996963856,-1.0136501355604854,-0.14052336866205611,-0.6881870018939287,0.5835278427154651,0.4323007398331843,7.213340612817054,0.02537044503486191,24.361602973800178
rotate,ahad,rotate,0.08419486880302429,0.038815319538116455,-0.21622025314718485,-0.04791221022605896,-0.7426397055387497,-0.6456664139404893,0.08628156781196594,-0.15604013204574585,-0.09889957401901484,-0.09147554636001587,-0.5576042234897614,-0.4429831737652421,0.07509741187095642,-0.3743462562561035,-0.07230593357235193,-0.056605130434036255,-0.4389075040817261,-0.14108742121607065,0.0072229992259631665,-0.10839194962472508,-0.6123247951494858,-0.7370529752789041,-0.08787711461384995,-0.019792763685638037,0.5890066017987075,0.4376032253241296,8.387218803198374,0.06663716829342152,21.978127427650744
rotate,ahad,rotate,0.08448556065559387,0.03679916262626648,-0.2161855837330222,-0.06718626618385315,-0.7436156421899796,-0.6546771069988608,0.08687129616737366,-0.1596110761165619,-0.0988649046048522,-0.10368537902832031,-0.5559537708759308,-0.41987533774226904,0.07536759972572327,-0.3753221929073334,-0.08032090123742819,-0.056605130434036255,-0.43965938687324524,-0.14069782104343176,0.008808844017260143,-0.06109566399545478,0.0010505883079586775,-0.5840623017513484,-0.029573837916056785,-0.273051304799142,0.5972236364806576,0.43403497652608486,19.74862223790072,0.14417880521128726,9.138527152603844
rotate,ahad,rotate,0.08449158072471619,0.03267031908035278,-0.21619215374812484,-0.09458252787590027,-0.7440055459737778,-0.6924934661947191,0.0876399576663971,-0.16402316093444824,-0.09887147461995482,-0.11436966061592102,-0.5442807376384735,-0.41897970205172896,0.0755293071269989,-0.3784947693347931,-0.08428880339488387,-0.056688934564590454,-0.44123098254203796,-0.139037964399904,0.0001824263370398299,-0.12511647108829246,-0.0001990913667462067,-0.830189748243843,-0.01181526617570344,-1.1459502786623583,0.6319979059635199,0.4318976106832323,70.25821320366632,0.0014580404755071808,27.488150971927407
rotate,ahad,rotate,0.0845177173614502,0.03019171953201294,-0.19592454750090837,-0.11462476849555969,-0.7396129369735718,-0.6928463401272893,0.08862483501434326,-0.16767627000808716,-0.07359344232827425,-0.1237688660621643,-0.5388900339603424,-0.4114319207146764,0.07580715417861938,-0.3819694221019745,-0.08427951950579882,-0.05670744180679321,-0.4432021975517273,-0.13652358669787645,0.0007920192949699546,-0.07510907722241868,0.61416988627928,-0.6073406248381576,0.1331093636426044,-0.010693149471824702,0.633015599459177,0.42710337491059785,4.56268473932534,0.01054478073061486,35.33226295884518
rotate,ahad,rotate,0.0855485200881958,0.02826187014579773,-0.19864557404071093,-0.1409183144569397,-0.7243809998035431,-0.7009572209790349,0.09034037590026855,-0.1712428629398346,-0.06348332483321428,-0.1326521933078766,-0.5402615964412689,-0.37208969611674547,0.07636040449142456,-0.3856150507926941,-0.08811592031270266,-0.056716084480285645,-0.4445573091506958,-0.11768267024308443,0.031236446265018845,-0.05848028443076487,-0.08245534969098772,-0.796774120041831,0.4615738536372403,-0.24578426823471924,0.6523806518589025,0.4284802580131081,1.726207816052366,0.5341272266685457,13.51942466805106
rotate,ahad,rotate,0.08693188428878784,0.02821388840675354,-0.19864557404071093,-0.16837722063064575,-0.712438315153122,-0.7009572209790349,0.0913587212562561,-0.1730147898197174,-0.06348332483321428,-0.139527827501297,-0.5109267234802246,-0.36310572642832994,0.07732051610946655,-0.38867372274398804,-0.08811592031270266,-0.05779546499252319,-0.44445839524269104,-0.11768267024308443,0.04192012729066745,-0.0014539920922481493,0.0,-0.8320880658698713,0.36189953486124277,0.0,0.6513453490211129,0.4313982650434327,2.299217563159735,28.81124063423292,8.108082506551058
rotate,ahad,rotate,0.08823716640472412,0.02821388840675354,-0.1986464848741889,-0.18808406591415405,-0.677556112408638,-0.6955950250849128,0.09217816591262817,-0.17325273156166077,-0.06348423566669226,-0.1495659053325653,-0.4848928153514862,-0.33915656711906195,0.07797861099243164,-0.38948148488998413,-0.08811683114618063,-0.05833148956298828,-0.4440072774887085,-0.1176835810765624,0.03955400351322121,0.0,-2.7601014484059167e-05,-0.5971771298032914,1.0570364468025608,0.16249078467036998,0.6366807885259601,0.43219378429806404,0.5649536178776791,39554.003513221214,22.773724838123655
rotate,ahad,rotate,0.08982670307159424,0.02821388840675354,-0.19864557404071093,-0.20558595657348633,-0.6315760463476181,-0.6928463401272893,0.0929340124130249,-0.1736428439617157,-0.06348332483321428,-0.15775585174560547,-0.46316346526145935,-0.3326091291382909,0.0785565972328186,-0.3905360698699951,-0.0904704974964261,-0.05864948034286499,-0.44389966130256653,-0.11468684393912554,0.04816777778394241,0.0,2.7601014484058425e-05,-0.5303603230100631,1.3933353351824058,0.08329348356434702,0.6253648187923604,0.43264349067997987,0.3806405600846059,48167.777783942416,10.663637676769248
rotate,ahad,rotate,0.09353458881378174,0.028364986181259155,-0.2413705480284989,-0.22408968210220337,-0.5920721590518951,-0.6928537827916443,0.09404557943344116,-0.17607024312019348,-0.08680707635357976,-0.16337287425994873,-0.4369795620441437,-0.3056892198510468,0.07897388935089111,-0.39217543601989746,-0.11793237598612905,-0.06013476848602295,-0.4436826705932617,-0.11769011290743947,0.11236017400568361,0.004578720439564171,-1.2946961814481406,-0.5607189554156768,1.1970874938098057,-0.00022553528348605198,0.6162092997826069,0.43852393662277706,0.46840225957828335,24.53428664225984,6.528196124595605
rotate,ahad,rotate,0.09728637337684631,0.028554022312164307,-0.2611297410912812,-0.2335771918296814,-0.526470810174942,-0.6800503474660218,0.09559312462806702,-0.17590594291687012,-0.08803052129223943,-0.16305211186408997,-0.4044075906276703,-0.29745224537327886,0.07962021231651306,-0.3920111358165741,-0.12418148340657353,-0.060605913400650024,-0.44247302412986755,-0.12032165052369237,0.11369044130498587,0.005728367603186342,-0.5987634261449112,-0.2875002947720583,1.9879196629379516,0.3879828886552248,0.5918368908767057,0.44265333022732073,0.14462362614972826,19.843453794404436,27.95066059347021
rotate,ahad,rotate,0.09902900457382202,0.028629392385482788,-0.261374328751117,-0.23632821440696716,-0.45141804218292236,-0.6741925221867859,0.09583765268325806,-0.17583981156349182,-0.0884243962354958,-0.16293781995773315,-0.37054041028022766,-0.25391602935269475,0.08035898208618164,-0.3919450044631958,-0.12472977163270116,-0.06095898151397705,-0.4412967264652252,-0.12265905411913991,0.05280700596896027,0.0022839416157115337,-0.007411747267751901,-0.0833643205238102,2.2743263027884493,0.17750985694653865,0.5788315603662764,0.4426094531462323,0.03665449578062093,23.110877584728176,12.420515198845537
rotate,ahad,rotate,0.09986415505409241,0.02871677279472351,-0.2934054823126644,-0.2359248399734497,-0.38309791684150696,-0.39066875888966024,0.09624102711677551,-0.1757524311542511,-0.1185450644697994,-0.1625344455242157,-0.33842340111732483,-0.15157231106422842,0.08126261830329895,-0.3918576240539551,-0.17634038045071065,-0.06155845522880554,-0.43883216381073,-0.14078241004608572,0.025307590311224214,0.00264789118911285,-0.9706410170166033,0.012223467682347349,2.0703068285277726,8.591629190822127,0.3097630219256589,0.4369588979847767,0.005904178844283095,9.554031670021173,255.06470331967296
rotate,ahad,rotate,0.1011667549610138,0.0301533043384552,-0.29347756993956864,-0.23462224006652832,-0.31169602274894714,-0.32340249908156693,0.0975436270236969,-0.17406156659126282,-0.11861715209670365,-0.15824437141418457,-0.3127313554286957,-0.14833929133601487,0.08271673321723938,-0.38938382267951965,-0.1764124680776149,-0.06056448817253113,-0.4359171986579895,-0.1577560354489833,0.0394727244521628,0.04353125890095981,-0.002184473542552982,0.0394727244521628,2.1636937603805766,2.0383715093361383,0.2704916864759403,0.4359541745674558,0.0182432037896232,0.9067465242721989,198.60544539207467
rotate,ahad,rotate,0.10147315263748169,0.03139138221740723,-0.29347756993956864,-0.23431584239006042,-0.24281293153762817,-0.3176320542115718,0.0978500247001648,-0.1715528964996338,-0.11861715209670365,-0.156415194272995,-0.2890838384628296,-0.14642014098353684,0.08302313089370728,-0.3867715895175934,-0.1764124680776149,-0.06096762418746948,-0.43339526653289795,-0.18420327198691666,0.009284778074784861,0.037517511483395334,0.0,0.009284778074784861,2.0873664003430323,0.17486196575743057,0.29012837002302405,0.43463192738976536,0.004448080425735797,0.2474719200652203,56.52473715934289
rotate,ahad,rotate,0.10300296545028687,0.03156048059463501,-0.29347756993956864,-0.22356882691383362,-0.17806214094161987,-0.3161307026166469,0.09928005933761597,-0.16971355676651,-0.11861715209670365,-0.1432214081287384,-0.26948630809783936,-0.14311618101783097,0.08455294370651245,-0.38628214597702026,-0.1764124680776149,-0.059849560260772705,-0.4309947192668915,-0.18420327198691666,0.046357964024397506,0.00512419324932657,0.0,0.32566713564322425,1.9621451695759347,0.04549550287651121,0.3289129587052599,0.43432372944221587,0.16597496185190347,9.045115329161248,11.031045368531048
rotate,ahad,rotate,0.10401266813278198,0.03157046437263489,-0.2861667920369655,-0.21815526485443115,-0.12197008728981018,-0.29861972224898636,0.10030227899551392,-0.16965612769126892,-0.10468876105733216,-0.1318521499633789,-0.24689146876335144,-0.13848336529918015,0.08567541837692261,-0.3862721621990204,-0.17214093101210892,-0.06021606922149658,-0.42689546942710876,-0.18420327198691666,0.03059705098470101,0.000302538727269033,0.22153872432131108,0.16404733513341066,1.6997592015700178,0.530635768716994,0.3619604982305785,0.43350964498078753,0.09651204621798123,100.801144091186,17.41642601130793
rotate,ahad,rotate,0.10450252890586853,0.031136423349380493,-0.2517430691514164,-0.19577893614768982,-0.08210727572441101,-0.2986111550126225,0.10078606009483337,-0.16955533623695374,-0.0815117119345814,-0.12101176381111145,-0.23300620913505554,-0.13847479806281626,0.08611318469047546,-0.3861713707447052,-0.1674702672753483,-0.06016382575035095,-0.4249376356601715,-0.18419470475055277,0.014844265851107747,-0.013152758280436407,1.0431431177439279,0.6780705668709602,1.2079639868302972,0.0002596132231481189,0.3860249188230446,0.4261289336907165,0.5613329643355135,1.1285189779703975,26.88924470032503
rotate,ahad,rotate,0.1044432520866394,0.029885917901992798,-0.22635394078679383,-0.1704455316066742,-0.04891529679298401,-0.29830176872201264,0.10052108764648438,-0.16903194785118103,-0.04292827215977013,-0.11165088415145874,-0.22067907452583313,-0.12755423528142273,0.08557450771331787,-0.3856479823589325,-0.1342861030716449,-0.06084722280502319,-0.42173534631729126,-0.17719991249032319,-0.0017962672493674824,-0.037894104466294404,0.7693675262006969,0.7676789254853342,1.005817543376592,0.009375342139692168,0.40702854715885683,0.4260292695599979,0.7632379921215123,0.047401037011658397,6.706214587520388
rotate,ahad,rotate,0.10372942686080933,0.027839094400405884,-0.22063331864774227,-0.15039286017417908,-0.024603933095932007,-0.2882984783500433,0.09972232580184937,-0.16925981640815735,-0.03628324903547764,-0.10447227954864502,-0.21133270859718323,-0.1275742407888174,0.08528798818588257,-0.3864058554172516,-0.12591095827519894,-0.06088513135910034,-0.4192562401294708,-0.17441963218152523,-0.021631067449395486,-0.0620249545935405,0.17335218603185878,0.6076567100755866,0.7367079908197297,0.30313001127178674,0.42039323087937713,0.4253366791900043,0.8248259728708512,0.3487421933470442,13.009810042271473
rotate,ahad,rotate,0.10287916660308838,0.026507467031478882,-0.1883035257924348,-0.12877285480499268,-0.017996937036514282,-0.28832217608578503,0.09856683015823364,-0.1693289577960968,-0.012009513797238469,-0.09801959991455078,-0.2069912850856781,-0.12759793852455914,0.08485984802246094,-0.3879103362560272,-0.10074601625092328,-0.06100451946258545,-0.4167732000350952,-0.1639570698607713,-0.02576546235518063,-0.0403523445129401,0.9796906925850901,0.6551516778541439,0.2002120018005403,-0.0007181132042949964,0.4231804991402053,0.42394944156215625,3.2722733886525037,0.6384963295153497,18.739120527661854
rotate,ahad,rotate,0.1016269326210022,0.025982946157455444,-0.17764167534187436,-0.11537721753120422,-0.009756535291671753,-0.2883353685028851,0.09744882583618164,-0.16983523964881897,-0.005978019908070564,-0.09258508682250977,-0.20214208960533142,-0.1276111309416592,0.08438354730606079,-0.3895244300365448,-0.0982149769552052,-0.06136214733123779,-0.4158617854118347,-0.16395451175048947,-0.03794648430564247,-0.01589457194010442,0.3230863772897158,0.40592840223602017,0.24970914378311093,-0.00039977021515370055,0.4281468200399571,0.4233819958682099,1.625598368116734,2.387236171723003,7.6997316397805715
idle,ahad,rotate,0.10159885883331299,0.02398708462715149,-0.1743661342188716,-0.10590919852256775,-0.004660278558731079,-0.2987024215981364,0.09764325618743896,-0.17189857363700867,-0.0058178985491395,-0.09079545736312866,-0.20333722233772278,-0.12967370729893446,0.08424985408782959,-0.3918566405773163,-0.0973315117880702,-0.061782658100128174,-0.41599974036216736,-0.16067672055214643,-0.0008507208390669067,-0.06048065243345089,0.09925882190917101,0.28690966692836717,0.1544320222103176,-0.314153124098513,0.4361174137266601,0.42327452653171066,1.857825889968233,0.014065767134966607,10.570692384428042
idle,ahad,rotate,0.10180115699768066,0.022710055112838745,-0.17060293164104223,-0.09877568483352661,-0.004931420087814331,-0.2928905477747321,0.09787660837173462,-0.1742483675479889,-0.004420096054673195,-0.08845901489257812,-0.203736811876297,-0.13292701449245214,0.08409780263900757,-0.39370444416999817,-0.09228687640279531,-0.062279194593429565,-0.41628509759902954,-0.15944044198840857,0.006130247405081182,-0.03869786407008377,0.1140364417524067,0.21616708148609853,-0.008216409972219887,0.17611738858801226,0.43399628170783594,0.42408471851341767,26.305987192665555,0.15840897536370277,15.799018971310884
idle,ahad,rotate,0.10110270977020264,0.021196335554122925,-0.16081644082441926,-0.09426897764205933,-0.0034918487071990967,-0.2964238324202597,0.09707033634185791,-0.17684486508369446,-0.0004126127460040152,-0.08716952800750732,-0.2032032310962677,-0.13293981039896607,0.0832335352897644,-0.39505213499069214,-0.09077773476019502,-0.06298032402992249,-0.41627398133277893,-0.1594532378949225,-0.0211650674993345,-0.04587028965805589,0.2965603277764584,0.13656688458991992,0.04362337517015931,-0.1070692316826563,0.4360378568707153,0.4224778301575846,3.1305178368110296,0.46140118704113003,9.051338960548184
idle,ahad,rotate,0.09952318668365479,0.018256932497024536,-0.1593752116896212,-0.09060445427894592,-0.003512352705001831,-0.2996674389578402,0.09610909223556519,-0.17795005440711975,0.00665436964482069,-0.08713924884796143,-0.20322373509407043,-0.13297010073438287,0.08245021104812622,-0.39602911472320557,-0.07648490974679589,-0.06358662247657776,-0.41601359844207764,-0.1585630984045565,-0.04786433595599626,-0.0890728199120738,0.04367361014539615,0.11104616251858974,-0.0006213332667495364,-0.09829110719941035,0.43680393300990034,0.4228418351755025,178.43520257013878,0.5373558246771488,1.5704914770475422
idle,ahad,rotate,0.09861159324645996,0.016400247812271118,-0.1608509928919375,-0.08774310350418091,-0.003841012716293335,-0.3002320141531527,0.09539514780044556,-0.1780942976474762,0.007566331420093775,-0.08713924884796143,-0.20333203673362732,-0.13380936393514276,0.08196252584457397,-0.39676612615585327,-0.07425871351733804,-0.06405001878738403,-0.4161219000816345,-0.14722839603200555,-0.027624043551357263,-0.05626317226525296,-0.04472064249443116,0.08670759923530019,-0.009959394281560348,-0.01710833925189329,0.44039414109217245,0.42247114324011437,8.705237642632456,0.49097040690700844,2.583803273319506
idle,ahad,rotate,0.09723895788192749,0.016240030527114868,-0.1608471884392202,-0.08649396896362305,-0.004157751798629761,-0.3002282097004354,0.09420275688171387,-0.1781461536884308,0.007570135872811079,-0.08799135684967041,-0.203276127576828,-0.13376650353893638,0.08078187704086304,-0.3975433111190796,-0.07425490906462073,-0.06547194719314575,-0.4160041809082031,-0.14722459157928824,-0.041595011046439166,-0.004855069247159168,0.00011528644597891789,0.03785256183508731,-0.009598154010194874,0.00011528644597891789,0.439851695151658,0.42306703036397114,3.943322692279511,8.565572056200088,1.5698018147067796
idle,ahad,rotate,0.09648913145065308,0.015835553407669067,-0.16084398003295064,-0.08663317561149597,-0.0035618841648101807,-0.30035696597769856,0.09345293045043945,-0.1786043345928192,0.007573344279080629,-0.08860141038894653,-0.20265349745750427,-0.13376329513266683,0.07990682125091553,-0.39858508110046387,-0.07425170065835118,-0.06682506203651428,-0.41535642743110657,-0.1472213831730187,-0.022722013068922,-0.012256882407448703,9.72244324106174e-05,-0.004218383268876576,0.018056594964229986,-0.0039017053716111083,0.43979269428700835,0.4236952420844167,0.23360714852851153,1.853665446742628,1.5304937733035984
idle,ahad,rotate,0.09581184387207031,0.016014814376831055,-0.16256255004554987,-0.08731046319007874,-0.0031622648239135742,-0.30035096500068903,0.09277564287185669,-0.17861908674240112,0.007579345256090164,-0.08920738101005554,-0.20134127140045166,-0.1337572941556573,0.07922953367233276,-0.39861512184143066,-0.07424569968134165,-0.06782814860343933,-0.41487637162208557,-0.14721538219600916,-0.020523866017658727,0.005432150580666076,-0.05207787916967166,-0.020523866017658727,0.012109676996866403,0.0001818477881677154,0.43970282355154183,0.4242556105441318,1.6946918841093037,3.777525712372692,0.5403039713363036
idle,ahad,rotate,0.09521549940109253,0.016037166118621826,-0.16368828434497118,-0.08790680766105652,-0.0027518272399902344,-0.3017252357676625,0.0921792984008789,-0.17859673500061035,0.004854850936681032,-0.08966028690338135,-0.2004522681236267,-0.13379709143191576,0.07863318920135498,-0.3985927700996399,-0.07693227846175432,-0.06842449307441711,-0.41477862000465393,-0.14827064890414476,-0.018071044575084627,0.0006773255088112679,-0.0341131605885251,-0.018071044575084627,0.01243750254313171,-0.04164456869616719,0.44010674701376806,0.42393344003124933,1.452831199931144,26.640667850975035,1.2696835605493695
idle,ahad,rotate,0.09497472643852234,0.015834927558898926,-0.1653275415301323,-0.08872950077056885,-0.0027013421058654785,-0.302114836871624,0.0918707549571991,-0.17915570735931396,0.000177010428160429,-0.08979770541191101,-0.19800841808319092,-0.13867095857858658,0.07781049609184265,-0.3987809121608734,-0.08882879465818405,-0.06924718618392944,-0.41448718309402466,-0.1607368364930153,-0.007296150380914978,-0.006128441203724352,-0.049674460156398176,-0.024930094227646735,0.0015298525492350504,-0.011806094059438605,0.43581518836661964,0.4219632254390236,16.28510481960135,1.19034511277826,0.9848988141789804
idle,ahad,rotate,0.0959509015083313,0.015972882509231567,-0.16564270528033376,-0.08894577622413635,-0.0017018616199493408,-0.30248550744727254,0.0923493504524231,-0.17911353707313538,-0.0077674128115177155,-0.08924287557601929,-0.1975502073764801,-0.1476534423418343,0.07765167951583862,-0.39864295721054077,-0.10100081982091069,-0.06946346163749695,-0.41417011618614197,-0.17582027288153768,0.029581062721482514,0.004180453040382921,-0.009550416672771265,-0.006553801623257476,0.030287287452003025,-0.011232441686319157,0.43191863036239464,0.42002348675736173,0.21638072583810147,7.074350096915975,1.0343091762608942
idle,ahad,rotate,0.09673261642456055,0.016292452812194824,-0.1656289496459067,-0.08919283747673035,-0.001255333423614502,-0.30247175181284547,0.0928802490234375,-0.1789112687110901,-0.007753657177090645,-0.0881536602973938,-0.19723063707351685,-0.14763968670740724,0.07749497890472412,-0.3983233869075775,-0.10098706418648362,-0.0695246160030365,-0.41384321451187134,-0.1758065172471106,0.023688330794826077,0.0096839485746443,0.00041683740688093447,-0.0074867046240605474,0.013531157464692302,0.00041683740688093447,0.43204129455924517,0.4200654170478995,0.553252845571346,2.4458912313528813,0.6190605041198354
idle,ahad,rotate,0.09713640809059143,0.01756325364112854,-0.1656172969378531,-0.08977961540222168,0.00013509392738342285,-0.3024600991047919,0.09283456206321716,-0.17752084136009216,-0.007742004469037056,-0.08674976229667664,-0.19584020972251892,-0.14762803399935365,0.07696691155433655,-0.3969329595565796,-0.10097541147843003,-0.06972390413284302,-0.4124527871608734,-0.17579486453905702,0.012236111091845159,0.03850911602829503,0.00035311236526027433,-0.017781149257313406,0.042134162151452936,0.00035311236526027433,0.4320591080199686,0.41999106264480807,0.4220026303304558,0.31773758050624323,0.9211879623521347
idle,ahad,rotate,0.09720936417579651,0.01819080114364624,-0.16561224963515997,-0.08960172533988953,0.0007908344268798828,-0.30245505180209875,0.09297379851341248,-0.17689526081085205,-0.007736957166343927,-0.08564305305480957,-0.19550472497940063,-0.14762298669666052,0.076742023229599,-0.39627721905708313,-0.10152715351432562,-0.06977656483650208,-0.41179704666137695,-0.1757898172363639,0.0022107904607599786,0.01901659098538516,0.00015294856645844444,0.005390607949459277,0.01987092422716577,0.00015294856645844444,0.4320484674865486,0.41989230924052023,0.2712675374481393,0.11624976383491213,0.9737708743673891
idle,ahad,rotate,0.09655094146728516,0.018212080001831055,-0.15384159004315734,-0.08916321396827698,0.0010494589805603027,-0.27224928652867675,0.09292405843734741,-0.1774933934211731,-0.008931669872254133,-0.08554348349571228,-0.19534271955490112,-0.12865058099851012,0.07626396417617798,-0.39626216888427734,-0.10210221027955413,-0.06968247890472412,-0.41153842210769653,-0.16173427319154143,-0.01995220328822205,0.0006448138843882924,0.3566866543030965,0.013288223382197945,0.007837107687285155,0.9153262204066926,0.42757669117062624,0.41818348587149634,1.695335648903354,30.894664500935203,27.735953311836553
idle,ahad,rotate,0.09537062048912048,0.018194377422332764,-0.15384085942059755,-0.08977216482162476,0.0003376603126525879,-0.2666093008592725,0.09281846880912781,-0.1782923936843872,-0.008930939249694347,-0.08565819263458252,-0.1956445574760437,-0.12091557402163744,0.07542547583580017,-0.3966068625450134,-0.10210147965699434,-0.06981882452964783,-0.4115782380104065,-0.1590500818565488,-0.03576730236862702,-0.0005364418029785242,2.2140077569268318e-05,-0.01845305616205418,-0.02156965660326443,0.1709086566486169,0.42619459014935424,0.41849114792551123,0.8554703040083423,66.55102407442664,22.59618306920928
idle,ahad,rotate,0.094869464635849,0.018017172813415527,-0.15148496953770518,-0.08925521373748779,-0.00036847591400146484,-0.26263873605057597,0.09341081976890564,-0.17857372760772705,-0.0056756543926894665,-0.08579382300376892,-0.19620907306671143,-0.12084970204159617,0.07508602738380432,-0.3966068625450134,-0.10153502551838756,-0.0696893036365509,-0.4119144380092621,-0.15869516460224986,-0.015186541008227042,-0.005369836633855732,0.07139060251189114,0.015665184367787004,-0.021398067474365574,0.12032014571807793,0.4249201922719429,0.41809026775798824,0.7320498608900916,2.8275931746828427,1.8490513830908106
idle,ahad,rotate,0.09452387690544128,0.01801818609237671,-0.15148705709725618,-0.08872729539871216,-0.0008630752563476562,-0.26224337983876467,0.09426906704902649,-0.17876875400543213,-0.005677741952240467,-0.08518186211585999,-0.19628888368606567,-0.12024253327399492,0.07586362957954407,-0.39660584926605225,-0.10153711307793856,-0.06931057572364807,-0.4119265377521515,-0.15847394336014986,-0.010472355466900053,3.0705423066109155e-05,-6.325938033334897e-05,0.01599752541744287,-0.014987858858974929,0.011980491267008762,0.42440343442185813,0.41803862552963256,1.0672944196725143,330.30171037503857,3.2887768570497204
idle,ahad,rotate,0.09402802586555481,0.01774120330810547,-0.153855097014457,-0.08887496590614319,-0.001507878303527832,-0.26224662037566304,0.09441044926643372,-0.17913132905960083,-0.007567006163299084,-0.08534342050552368,-0.19662988185882568,-0.1161588472314179,0.07713660597801208,-0.3968828320503235,-0.10190604301169515,-0.06861868500709534,-0.41220933198928833,-0.15847718389704823,-0.015025789087469167,-0.008393417705189232,-0.07175878536972247,-0.0044748638615464435,-0.019539486278187457,-9.819808782953361e-05,0.42409208542785526,0.41820702406165644,0.22900473395800897,1.7899739583104828,0.7333901627645186
idle,ahad,rotate,0.09367653727531433,0.017544925212860107,-0.15538077196106315,-0.08939105272293091,-0.0018311142921447754,-0.2626453205011785,0.09431073069572449,-0.17945533990859985,-0.008946433197706938,-0.0857204794883728,-0.19687849283218384,-0.11753150215372443,0.07826736569404602,-0.3970576226711273,-0.10211697360500693,-0.06813815236091614,-0.41243094205856323,-0.1587017490528524,-0.010651169401226792,-0.005947821068041348,-0.04623257413958132,-0.015638994448112967,-0.00979502995808935,-0.012081821985317192,0.42408509804170613,0.4182938530459534,1.5964624970545975,1.7904672672788415,0.5775088854771092
idle,ahad,rotate,0.09365731477737427,0.018228262662887573,-0.15977897820994258,-0.0890842080116272,-0.0023231804370880127,-0.2626439440064132,0.09546905755996704,-0.1795063316822052,-0.00916137220337987,-0.08458402752876282,-0.19710633158683777,-0.11753012565895915,0.07954132556915283,-0.3971012830734253,-0.10224786726757884,-0.06712168455123901,-0.41249462962150574,-0.1590641993097961,-0.0005824999375776591,0.020707195455376966,-0.13327897723876564,0.009298324584960585,-0.014911095301309657,4.171196258429167e-05,0.4236174378778686,0.4195327417963003,0.6235424598006666,0.028128956906595674,0.8544294357838638
idle,ahad,rotate,0.09378677606582642,0.019187361001968384,-0.1724658510647714,-0.08819201588630676,-0.0035416781902313232,-0.26488145207986236,0.0967150330543518,-0.1796586811542511,-0.017145955469459295,-0.08343380689620972,-0.19740930199623108,-0.11753493314608932,0.08128112554550171,-0.39724916219711304,-0.11138741439208388,-0.06562262773513794,-0.41268742084503174,-0.16394867515191436,0.003923069347034864,0.029063586032752296,-0.38445069257057685,0.02703612500971057,-0.03692417433767667,-0.06780327495300517,0.42201545169869453,0.4210775992325584,0.7321867938244021,0.13497764401715667,2.2272515897051575
idle,ahad,rotate,0.09377560019493103,0.019912123680114746,-0.17752753011882305,-0.08730748295783997,-0.0048105716705322266,-0.26692059449851513,0.09758827090263367,-0.1797427535057068,-0.019362829625606537,-0.08235251903533936,-0.197845458984375,-0.11754018627107143,0.08274796605110168,-0.39732664823532104,-0.11175072006881237,-0.06405094265937805,-0.4127773642539978,-0.16419863514602184,-0.00033866275440563393,0.021962505398374965,-0.153384213759143,0.02680402813535791,-0.03845131758487647,-0.061792194504630464,0.4213425820525498,0.42253566742307846,0.6970718494715672,0.015419339866881671,0.18807205019277973
idle,ahad,rotate,0.09338578581809998,0.021135598421096802,-0.19297788431867957,-0.08702719211578369,-0.005813926458358765,-0.2744003622792661,0.09800776839256287,-0.17915156483650208,-0.029534816276282072,-0.08180278539657593,-0.19789478182792664,-0.1177042587660253,0.08395406603813171,-0.39709848165512085,-0.12000790378078818,-0.06285855174064636,-0.4126119315624237,-0.16442171623930335,-0.011812556873668513,0.03707499215097197,-0.4681925515108111,0.0084936618804933,-0.03040469054019861,-0.22665962971973058,0.4220948266906537,0.42465670974907266,0.2793444822199989,0.31860393177256724,5.032610726009873
idle,ahad,rotate,0.09318742156028748,0.02310699224472046,-0.21195201482623816,-0.08650904893875122,-0.005653500556945801,-0.2849371572956443,0.0987536609172821,-0.17806583642959595,-0.0477363420650363,-0.08107438683509827,-0.19729715585708618,-0.12554561998695135,0.08534803986549377,-0.39642098546028137,-0.13880437519401312,-0.06168714165687561,-0.41200095415115356,-0.17519837524741888,-0.006011038115530075,0.059739206776472195,-0.5749736517441777,0.01570130839492276,0.004861390951907811,-0.3192968186781141,0.4216360757917126,0.4259292865797925,3.229133270076151,0.10061964027043566,3.0116540473948032
idle,ahad,rotate,0.09336498379707336,0.025230854749679565,-0.2140325685031712,-0.08617621660232544,-0.00567898154258728,-0.2939501185901463,0.09958180785179138,-0.17660996317863464,-0.05396204115822911,-0.08011248707771301,-0.1969158947467804,-0.13695133524015546,0.0863238275051117,-0.3958488702774048,-0.1425815154798329,-0.06071546673774719,-0.4116794764995575,-0.17894310550764203,0.005380673841996712,0.06435946984724668,-0.06304708111918435,0.010085828376538987,-0.0007721510800448454,-0.2731200392273383,0.42274255137983296,0.42715683968415713,13.045093820413436,0.08360215291726766,1.4199048624049684
idle,ahad,rotate,0.09381672739982605,0.027673184871673584,-0.21403285721316934,-0.08617621660232544,-0.006408512592315674,-0.29395040730014443,0.10003653168678284,-0.17435318231582642,-0.05396232986822724,-0.08011248707771301,-0.19643408060073853,-0.14212228218093514,0.08726248145103455,-0.39429301023483276,-0.14258180418983102,-0.059987813234329224,-0.4104754626750946,-0.17894339421764016,0.013689200083414932,0.07401000369678962,-8.748787822145543e-06,0.0,-0.02210700150692137,-8.748787822145543e-06,0.42093057109020143,0.4280229911240322,0.0,0.18496168677156757,8.306937630851907
idle,ahad,rotate,0.0941896140575409,0.028787314891815186,-0.21502422029152513,-0.08617621660232544,-0.007614016532897949,-0.2939521395601332,0.10036900639533997,-0.17340028285980225,-0.05440743127837777,-0.08011248707771301,-0.19662511348724365,-0.14212401444092393,0.08777883648872375,-0.3933401107788086,-0.1425835364498198,-0.059603720903396606,-0.4098675847053528,-0.17894512647762895,0.01129959568832817,0.03376151576186544,-0.030041305404719745,0.0,-0.03653042244188575,-5.249272693287044e-05,0.41921431713778656,0.4283460216318097,0.0,0.33467872382575814,0.4370753717882536
idle,ahad,rotate,0.09428808093070984,0.029488980770111084,-0.21502979239448905,-0.08615458011627197,-0.008642017841339111,-0.295398177113384,0.10059216618537903,-0.17269861698150635,-0.05743997683748603,-0.08009085059165955,-0.19767385721206665,-0.14221532782539725,0.08784320950508118,-0.3926384449005127,-0.1446723653934896,-0.05925413966178894,-0.4097801744937897,-0.18070122739300132,0.0029838446414832387,0.02126260237260332,-0.00016885160496740899,0.0006556510925293073,-0.031151554801247833,-0.04381931979547917,0.4180799501223793,0.4279991441640998,0.021046463017634905,0.1403263938629569,1.3363936116677828
idle,ahad,rotate,0.0945827066898346,0.030268847942352295,-0.21503530023619533,-0.08772119879722595,-0.008395254611968994,-0.2954036849550903,0.10101255774497986,-0.17191874980926514,-0.05832976056262851,-0.08077102899551392,-0.19780105352401733,-0.1452768105082214,0.08790823817253113,-0.3918585777282715,-0.14664367912337184,-0.05882325768470764,-0.4098476767539978,-0.1807067352347076,0.008928053306810926,0.023632338552764344,-0.0001669042941295766,-0.04747329336224256,0.007477673617276397,-0.0001669042941295766,0.41851466941960863,0.427683908829566,6.347822594179676,0.37777368131370626,2.2906657642228447
idle,ahad,rotate,0.09547066688537598,0.03259316086769104,-0.21503481548279524,-0.08901306986808777,-0.00672796368598938,-0.2954032002016902,0.1020423173904419,-0.17007526755332947,-0.06094348710030317,-0.08062076568603516,-0.19608965516090393,-0.1452763257548213,0.08878487348556519,-0.389714777469635,-0.14664319436997175,-0.057946622371673584,-0.40824973583221436,-0.1807062504813075,0.026907884713375636,0.07043372501026612,1.4689496972344373e-05,-0.039147608207934455,0.05052396745392851,1.4689496972344373e-05,0.4187364898628402,0.4278622540661278,0.7748170890685171,0.38202583611214086,1.328618876874142
idle,ahad,rotate,0.096672922372818,0.03497853875160217,-0.21503561874851584,-0.0894685685634613,-0.00658068060874939,-0.2954040034674108,0.10324457287788391,-0.1678459346294403,-0.06181283434852958,-0.08013826608657837,-0.195799320936203,-0.14742915472015738,0.0899871289730072,-0.38742077350616455,-0.14664399763569236,-0.05674436688423157,-0.40725788474082947,-0.1807070537470281,0.036431984467938515,0.07228417830033462,-2.434138547290363e-05,-0.013802990768894482,0.004463123552726807,-2.434138547290363e-05,0.41805320900790066,0.4279524420629695,3.091982245980455,0.5040035222237235,1.5931304830219148
idle,ahad,rotate,0.09828999638557434,0.03610992431640625,-0.21517263120040298,-0.09084677696228027,-0.0054492950439453125,-0.30198092525824904,0.10486164689064026,-0.16671454906463623,-0.0635452619753778,-0.08121496438980103,-0.19652032852172852,-0.1516446894966066,0.0912768542766571,-0.38633665442466736,-0.14673338597640395,-0.05512729287147522,-0.4071883261203766,-0.18251138692721725,0.04900224281079919,0.03428441105466955,-0.00415189248142827,-0.041763890873302775,0.03428441105466955,-0.19930066032843474,0.42064605218992956,0.4280119464911098,1.2181242571864888,1.42924472256328,6.16442684469382
idle,ahad,rotate,0.10008153319358826,0.0362318754196167,-0.22104623913764954,-0.09061843156814575,-0.0054492950439453125,-0.3038759231567383,0.10665318369865417,-0.16671454906463623,-0.0688142329454422,-0.08096760511398315,-0.19687068462371826,-0.15211798250675201,0.09278342127799988,-0.38633665442466736,-0.15035182237625122,-0.053430765867233276,-0.40742406249046326,-0.1830342710018158,0.05428899418224074,0.0036954879760742777,-0.17798811931050468,0.0069195573980159126,0.0,-0.057424178742099,0.4213897732972364,0.4285033551951797,6919.557398015912,14.686641626762823,4.662575440421525
idle,ahad,rotate,0.10167419910430908,0.0366244912147522,-0.23000698210671544,-0.0894947350025177,-0.0054492950439453125,-0.30809535505250096,0.10854536294937134,-0.16671454906463623,-0.07437945576384664,-0.08145278692245483,-0.19687068462371826,-0.15521882893517613,0.09407967329025269,-0.38633665442466736,-0.15362139465287328,-0.05208712816238403,-0.40742406249046326,-0.18645856203511357,0.04826260335517469,0.011897448337438884,-0.2715376657292595,0.03405141107963664,0.0,-0.1278615725988643,0.42163793962206836,0.42987040548707145,34051.411079636644,4.056209850768081,2.2873396791146816
idle,ahad,rotate,0.10134077072143555,0.03705233335494995,-0.2316110534593463,-0.09139558672904968,-0.0042198896408081055,-0.3100019199773669,0.10845756530761719,-0.16609936952590942,-0.07578880619257689,-0.08274716138839722,-0.19687068462371826,-0.1558654708787799,0.09264439344406128,-0.38633665442466736,-0.15869256388396025,-0.053379714488983154,-0.40742406249046326,-0.19340344797819853,-0.010103890390107288,0.012964913339326083,-0.04860822280699634,-0.05760156747066705,0.037254709185976564,-0.05777469469290883,0.4214427781064572,0.42971033042359486,1.5461138367579077,0.7792656117376494,3.6740911919240413
idle,ahad,rotate,0.10219401121139526,0.036716461181640625,-0.23430765280500054,-0.09285858273506165,-0.0034502744674682617,-0.3102565468288958,0.10782372951507568,-0.16611981391906738,-0.07838725158944726,-0.0844043493270874,-0.19725489616394043,-0.15668367454782128,0.09151852130889893,-0.3866754472255707,-0.1624187887646258,-0.05466783046722412,-0.4078082740306854,-0.19599977741017938,0.025855772423022134,-0.010177944645737319,-0.0817151316864937,-0.04433321230339352,0.023321671919389577,-0.0077159651978450615,0.42192242738156477,0.42958431414842674,1.9008633511899031,2.5401230994855513,1.6251171251078211
idle,ahad,rotate,0.10348999500274658,0.03597289323806763,-0.23968754755333066,-0.09387931227684021,-0.001922905445098877,-0.310729191172868,0.10759425163269043,-0.16545212268829346,-0.08205609815195203,-0.08570593595504761,-0.19563919305801392,-0.15877431677654386,0.08967471122741699,-0.3874083161354065,-0.16992226289585233,-0.0564766526222229,-0.4081733524799347,-0.1962468777783215,0.039272236101553615,-0.022532361926453633,-0.16302711358575492,-0.0309311982357129,0.04628390976876748,-0.014322555877945098,0.42372701677543556,0.4293130622979895,0.6682782442537009,1.7428485030211553,0.8301732858904203
idle,ahad,rotate,0.10513696074485779,0.036937445402145386,-0.2580619554501027,-0.09361055493354797,0.004731327295303345,-0.32438159990124404,0.10703161358833313,-0.16277554631233215,-0.10199953126721084,-0.08619824051856995,-0.19046732783317566,-0.1700020234566182,0.08844241499900818,-0.387836754322052,-0.19441782939247787,-0.05857864022254944,-0.40766772627830505,-0.21860359120182693,0.04990805279124946,0.029228853456902248,-0.5568002392961309,0.008144161917946684,0.2016434163758281,-0.4137093554053409,0.4271875484621954,0.4298399741655392,0.04038873014349906,1.7074342457732825,13.039928639980541
idle,ahad,rotate,0.10641330480575562,0.037527650594711304,-0.2580619554501027,-0.09367772936820984,0.010035187005996704,-0.32438159990124404,0.10504728555679321,-0.1626259982585907,-0.10611747461371124,-0.0860658586025238,-0.18777158856391907,-0.17812673258595169,0.08768218755722046,-0.38811081647872925,-0.20694373059086502,-0.059902966022491455,-0.4062686562538147,-0.22874550032429397,0.038677092754480225,0.017885005835331133,0.0,-0.002035588929147464,0.16072302153616497,0.0,0.4284809075025878,0.4291060851569997,0.012665119436981174,2.162422013643728,12.601599472541022
idle,ahad,rotate,0.10836854577064514,0.03977099061012268,-0.2580619554501027,-0.09386813640594482,0.011841684579849243,-0.32438159990124404,0.10493633151054382,-0.16166898608207703,-0.10611747461371124,-0.08647540211677551,-0.1854199469089508,-0.17812673258595169,0.08750483393669128,-0.38810789585113525,-0.20694373059086502,-0.0619850754737854,-0.40347933769226074,-0.22874550032429397,0.05924972620877447,0.06798000046701251,0.0,-0.0057699102343935875,0.05474235072280509,0.0,0.4273807958458669,0.4314263655174263,0.10539928883070629,0.8715630220465076,3.2135285284239226
idle,ahad,rotate,0.10856148600578308,0.038813263177871704,-0.2580619554501027,-0.0935528576374054,0.012921065092086792,-0.32438159990124404,0.10416659712791443,-0.16130515933036804,-0.10611747461371124,-0.08809491991996765,-0.18471172451972961,-0.17812673258595169,0.0862782895565033,-0.3901159465312958,-0.20694373059086502,-0.06523716449737549,-0.40399932861328125,-0.22874550032429397,0.00584667379205855,-0.029022043401543643,0.0,0.009553902076952022,0.032708500370833574,0.0,0.42868479878312893,0.43253887767284893,0.29208339988803533,0.20144936942579852,0.8132905337417763
idle,ahad,rotate,0.10994474589824677,0.03670293092727661,-0.23850372550077736,-0.09304551780223846,0.008489072322845459,-0.3227624308783561,0.10568927228450775,-0.16315299272537231,-0.10611141589470208,-0.08951310813426971,-0.19110774993896484,-0.17812067386694252,0.08619754016399384,-0.3980196416378021,-0.20693767187185585,-0.0657954066991806,-0.4129239618778229,-0.2287394416052848,0.04191696643829412,-0.06394946213924625,0.5926736348280496,0.015373934398998158,-0.13430281118913345,0.04906572796630215,0.4326336053304074,0.4365135285641088,0.11447131889167167,0.6554599456533056,5.277783767186853
idle,ahad,rotate,0.1085595190525055,0.03537115454673767,-0.21166288829408586,-0.09478628635406494,0.006284981966018677,-0.29533436871133745,0.1039305031299591,-0.16680637001991272,-0.07546713179908693,-0.09000986814498901,-0.19616666436195374,-0.16558359540067613,0.08478537201881409,-0.40263044834136963,-0.16950996196828783,-0.067313551902771,-0.41831958293914795,-0.208642735844478,-0.041976571083069514,-0.04035686001633217,0.8133587032330888,-0.05275056217656075,-0.06679061687353992,0.8311533990005785,0.4342340692364655,0.4406670890792265,0.7897781884279904,1.040108942002432,23.87717208421138
idle,ahad,rotate,0.11079078912734985,0.03768196702003479,-0.20976305846124887,-0.0947684645652771,0.008531779050827026,-0.2916348213329911,0.10583782196044922,-0.1681477129459381,-0.07298495713621378,-0.09154850244522095,-0.195943683385849,-0.16543269995599985,0.08471715450286865,-0.4047865867614746,-0.16430186573415995,-0.06872105598449707,-0.41977325081825256,-0.20759958866983652,0.06761424469225079,0.07002462040294036,0.05757060099505799,0.0005400542056921552,0.06808476014570498,0.11210749631352072,0.43724774034141994,0.4455614161394599,0.007931969982216952,0.9655643791970129,22.228016704648216
idle,ahad,rotate,0.11389493942260742,0.0387614369392395,-0.2018291112035513,-0.09478181600570679,0.010361671447753906,-0.28438675962388515,0.10716968774795532,-0.1710585355758667,-0.07271666638553143,-0.0923546552658081,-0.19689124822616577,-0.15254641138017178,0.08508104085922241,-0.4076974093914032,-0.16293702088296413,-0.06921210885047913,-0.42221054434776306,-0.19586808048188686,0.09406516046235205,0.03271120967287058,0.24042264417265785,-0.0004045891039299307,0.05545128475536088,0.21963823360927529,0.44227603186165476,0.4490749791591758,0.007296166527941246,2.875536730872806,3.281043938272672
idle,ahad,rotate,0.11484953761100769,0.03637838363647461,-0.19159556739032269,-0.09441834688186646,0.010675966739654541,-0.2691232096403837,0.1077166497707367,-0.1734415888786316,-0.05814371071755886,-0.0921163558959961,-0.19753044843673706,-0.1438892614096403,0.08656135201454163,-0.4100804626941681,-0.14714796654880047,-0.0689624547958374,-0.42459359765052795,-0.1856928151100874,0.02892721783031163,-0.07221373644742214,0.3101073882796597,0.01101421587394963,0.009524099754564842,0.462531817681869,0.4439236723332015,0.4495567952236912,1.156336013034524,0.40057222740642223,7.498820759013087
idle,ahad,rotate,0.11396744102239609,0.03605039417743683,-0.19159556739032269,-0.09564637392759323,0.010995015501976013,-0.2691232096403837,0.10701190680265427,-0.17376957833766937,-0.05814371071755886,-0.09300868958234787,-0.19764076173305511,-0.1435773503035307,0.08572082966566086,-0.41040845215320587,-0.14714796654880047,-0.0697050616145134,-0.42492158710956573,-0.1856928151100874,-0.02673019965489604,-0.00993907451629601,0.0,-0.037212940779597865,0.009668144312771517,0.0,0.4445861748282266,0.44955418109566525,3.8486281283903323,2.6891347354664066,14.092100365277298
idle,ahad,rotate,0.11308534443378448,0.03572240471839905,-0.19159556739032269,-0.09687440097332001,0.011314064264297485,-0.2691232096403837,0.10630716383457184,-0.17423507571220398,-0.05814371071755886,-0.09390102326869965,-0.19775107502937317,-0.1435773503035307,0.08488030731678009,-0.41119977831840515,-0.14714796654880047,-0.07044766843318939,-0.4252495765686035,-0.1856928151100874,-0.02673019965489748,-0.009939074516296545,0.0,-0.03721294077959987,0.009668144312772037,0.0,0.4452491610564883,0.4500117232136532,3.8486281283903323,2.689134735466407,6.278085671040003e-14
idle,ahad,rotate,0.11281581223011017,0.03404185175895691,-0.19159556739032269,-0.09854348003864288,0.011377662420272827,-0.2691232096403837,0.10565151274204254,-0.17505136132240295,-0.05814371071755886,-0.0949830561876297,-0.1975782811641693,-0.1435773503035307,0.0836792141199112,-0.41342490911483765,-0.14714796654880047,-0.07162953913211823,-0.4257330000400543,-0.1856928151100874,-0.008167642535585476,-0.05092584725582319,0.0,-0.05057815349463341,0.001927216847737661,0.0,0.4458146724627924,0.450611842561742,26.23053187922083,0.16037989735662564,0.46803309291871364
idle,ahad,rotate,0.11100113391876221,0.03208228945732117,-0.19691027700901031,-0.10111510753631592,0.011145800352096558,-0.2733972817659378,0.10550707578659058,-0.17710736393928528,-0.060122158378362656,-0.09824135899543762,-0.19900545477867126,-0.14386890828609467,0.08276820182800293,-0.416808545589447,-0.15940812230110168,-0.07411777973175049,-0.42758455872535706,-0.18704672157764435,-0.05499025185903001,-0.05938067580714465,-0.16105180662690044,-0.0779281059900932,-0.007026123278068885,-0.12951733713800465,0.44796160876759367,0.45133855568870046,11.089617031951162,0.9260474904349824,4.020485059095015
idle,ahad,rotate,0.10950271785259247,0.02882707118988037,-0.20865637995302677,-0.10172559320926666,0.0105171799659729,-0.30226234532892704,0.10354827344417572,-0.18024790287017822,-0.06122994236648083,-0.10003314912319183,-0.19969606399536133,-0.15569541789591312,0.08157961070537567,-0.4198776185512543,-0.15940799750387669,-0.07603932917118073,-0.4284012019634247,-0.19833763875067234,-0.045406547459687335,-0.0986429778012325,-0.35594251345503064,-0.01849956584699156,-0.01904910260980707,-0.8746988958481254,0.4517847660038252,0.45226209401441175,0.9711005880602399,0.46030734436907517,22.6558850321631
idle,ahad,rotate,0.11037270724773407,0.026841402053833008,-0.21088362904265523,-0.10302133858203888,0.011457324028015137,-0.30338187189772725,0.10263042151927948,-0.1836802363395691,-0.06130876066163182,-0.1023985892534256,-0.1999647617340088,-0.15619213553145528,0.07909201085567474,-0.42275699973106384,-0.1618891921825707,-0.07818295061588287,-0.4289889931678772,-0.20247114868834615,0.026363315004291378,-0.06017179200143621,-0.06749239665540889,-0.03926501129612841,0.028489214001280343,-0.03392504753940087,0.45254047101538025,0.4533405559814195,1.3781929224667757,0.43812683652209683,25.52644533881017
idle,ahad,rotate,0.10907955467700958,0.021930277347564697,-0.21114052599295974,-0.10517774522304535,0.010334491729736328,-0.31162862246856093,0.09958918392658234,-0.18753689527511597,-0.06237945845350623,-0.10405014455318451,-0.202143132686615,-0.1637722528539598,0.0759095698595047,-0.42643147706985474,-0.16754972701892257,-0.0812339335680008,-0.4314514696598053,-0.20442758267745376,-0.0391864415371063,-0.1488219607960118,-0.007784756069833706,-0.06534565578807588,-0.03402522115996444,-0.24990153244950952,0.45523642728778674,0.4516953270427477,1.9204499812327729,0.263309111225238,6.859075791347803
idle,ahad,rotate,0.10617227852344513,0.018060773611068726,-0.21114052599295974,-0.10656653344631195,0.01240190863609314,-0.31658304994925857,0.0967109352350235,-0.19127056002616882,-0.06241620471701026,-0.10774640738964081,-0.2033536732196808,-0.17519299453124404,0.07342500984668732,-0.43068453669548035,-0.16754972701892257,-0.08456121385097504,-0.433688223361969,-0.21776060527190566,-0.08809927738073767,-0.11725768898472197,0.0,-0.042084491614137846,0.06264899716232525,-0.15013416608174074,0.4574347117661163,0.45204523543900305,0.6717397209946798,0.7513240864582447,4.268374490214747
idle,ahad,rotate,0.10369127988815308,0.01587715744972229,-0.21114052599295974,-0.10797587037086487,0.013810843229293823,-0.31658304994925857,0.09407347440719604,-0.19324317574501038,-0.06241620471701026,-0.11087021231651306,-0.20247259736061096,-0.17851286893710494,0.0709105134010315,-0.4328283369541168,-0.15942150121554732,-0.08809787034988403,-0.43522706627845764,-0.21776060527190566,-0.07518177682703311,-0.0661701867074688,0.0,-0.04270717953190727,0.042694987672748666,0.0,0.4602130535218815,0.4528642808652538,1.0002621290610347,1.136170901081139,4.589565565986999
idle,ahad,rotate,0.10361385345458984,0.01456347107887268,-0.2089845365844667,-0.10698741674423218,0.013302356004714966,-0.30765379732474685,0.09322863817214966,-0.1948523223400116,-0.06132622575387359,-0.11081910133361816,-0.20298108458518982,-0.17519299453124404,0.06885546445846558,-0.43497762084007263,-0.15752987330779433,-0.08944258093833923,-0.43596795201301575,-0.2024886137805879,-0.002346255562522232,-0.039808677904534254,0.06533301237857807,0.029953140200991095,-0.015408703775117136,0.2705834128639958,0.46174814212910376,0.45380934466160927,1.9437842957992493,0.05893681350923459,8.670636108385931
idle,ahad,rotate,0.10179765522480011,0.013556808233261108,-0.20875616651028395,-0.10717497766017914,0.013200908899307251,-0.3077400801703334,0.09138418734073639,-0.19609013199806213,-0.061412508599460125,-0.11144401133060455,-0.20308253169059753,-0.17527927737683058,0.06704629957675934,-0.4364965558052063,-0.14681472163647413,-0.09088079631328583,-0.4364837408065796,-0.19843742530792952,-0.05503630999362918,-0.030504934715502675,0.006920305278265225,-0.005683664119604952,-0.0030741547093247413,-0.0026146316844405967,0.4630646335953993,0.45562312254183623,1.8482530658930656,1.8041181333040917,8.357227148328187
idle,ahad,rotate,0.09947866201400757,0.012115448713302612,-0.17265462642535567,-0.10773828625679016,0.012734860181808472,-0.30778026347979903,0.08829104900360107,-0.1974445879459381,-0.027488462161272764,-0.11421549320220947,-0.2035485804080963,-0.17531946068629622,0.06544548273086548,-0.4380297362804413,-0.09731963789090514,-0.09175169467926025,-0.43814247846603394,-0.1807591444812715,-0.07027252153916526,-0.04367756121086186,1.0939860631796032,-0.017069957473060653,-0.014122688409053383,-0.0012176760444134915,0.46870066171071917,0.4576727055032408,1.2086047906663455,1.608856143404515,0.48263629638365985
idle,ahad,rotate,0.09858064353466034,0.011293649673461914,-0.15157296229153872,-0.10668601095676422,0.011947453022003174,-0.294555907137692,0.08781002461910248,-0.19878745079040527,-0.011302569881081581,-0.11483858525753021,-0.20393860340118408,-0.1643228279426694,0.06405381858348846,-0.44021499156951904,-0.08144807536154985,-0.09269149601459503,-0.43984469771385193,-0.1642915504053235,-0.027212681192340705,-0.024903001207294283,0.6388383070853725,0.03188713030381687,-0.023860823024403344,0.4007380709729475,0.4704049282797683,0.45822445867198697,1.3363241472039287,1.0927031751175076,12.274038473528206
idle,ahad,rotate,0.09923505783081055,0.009954899549484253,-0.14834281895309687,-0.10545763373374939,0.01037260890007019,-0.28635688219219446,0.08832627534866333,-0.20130124688148499,-0.004185705445706844,-0.11485609412193298,-0.20521745085716248,-0.15388451609760523,0.06391346454620361,-0.44336995482444763,-0.07175542507320642,-0.09289771318435669,-0.441588819026947,-0.1539577404037118,0.019830736246976302,-0.04056818557508129,0.09788313146793637,0.037223552212571245,-0.04772254914948511,0.24845530137871646,0.4711225070874477,0.4611037491136059,0.7799828989242903,0.4888127766399355,4.67373542633692
idle,ahad,rotate,0.0990922749042511,0.00957074761390686,-0.13835084717720747,-0.10424065589904785,0.010169774293899536,-0.28634618502110243,0.08855339884757996,-0.20266088843345642,-0.0008798862691037357,-0.11454421281814575,-0.20553067326545715,-0.1538738189265132,0.06430503726005554,-0.44439423084259033,-0.06956880819052458,-0.09292104840278625,-0.44268709421157837,-0.15101324301213026,-0.004326755350286146,-0.011640967744769031,0.30278702351178843,0.03687811620307552,-0.0061465032172923215,0.00032415669975857517,0.47278164310732385,0.46046207493678265,5.998877088724575,0.3716515493895131,7.623952870704731
idle,ahad,rotate,0.09965333342552185,0.009414523839950562,-0.13738765753805637,-0.10267311334609985,0.009941548109054565,-0.2863492760807276,0.08983346819877625,-0.20307466387748718,0.0001634566579014063,-0.11324611306190491,-0.20576104521751404,-0.152739891782403,0.0651877224445343,-0.44471684098243713,-0.06615919806063175,-0.09137806296348572,-0.4435268044471741,-0.14468721486628056,0.01700177337184124,-0.004734053756251555,0.02918756482276096,0.04750128948327342,-0.006915944995302252,-9.366847348935826e-05,0.47521496664218354,0.4609736091093117,6.86737996551001,3.5906188708827833,0.3230058963237785
idle,ahad,rotate,0.09867280721664429,0.0071228742599487305,-0.12509055715054274,-0.10241708159446716,0.007834374904632568,-0.2863353146240115,0.08909028768539429,-0.20565539598464966,0.017456206493079662,-0.11333402991294861,-0.20824909210205078,-0.1509758485481143,0.06544375419616699,-0.44682401418685913,-0.04585088323801756,-0.09113621711730957,-0.44600316882133484,-0.142925257794559,-0.0297129154205327,-0.06944392666672326,0.37263940568223736,0.00775853792826347,-0.06385373346733426,0.0004230744459412382,0.4760905569305047,0.46200743870303607,0.12150294123821616,0.42786301097457397,2.1041881976355894
idle,ahad,rotate,0.09867280721664429,0.004953861236572266,-0.11680771131068468,-0.10210555791854858,0.0056653618812561035,-0.288064350374043,0.08909028768539429,-0.20782440900802612,0.02425199653953314,-0.11367237567901611,-0.21041810512542725,-0.15248953271657228,0.06544375419616699,-0.4489930272102356,-0.045308724977076054,-0.09113621711730957,-0.4481721818447113,-0.14465286303311586,0.0,-0.0657276673750419,0.2509953284805376,0.009440111391471736,-0.0657276673750419,-0.05239502272822442,0.4760837082217475,0.46074293542268213,0.14362243703508096,0.0,1.602365877857362
idle,ahad,rotate,0.09867280721664429,0.0019398033618927002,-0.1168095488101244,-0.10156667232513428,0.002651304006576538,-0.288142928853631,0.08909028768539429,-0.2108384668827057,0.024250159040093422,-0.11395448446273804,-0.2134321630001068,-0.15270737744867802,0.06544375419616699,-0.45200708508491516,-0.04531056247651577,-0.09113621711730957,-0.45118623971939087,-0.14465470053255558,0.0,-0.09133508711150344,-5.568180120352631e-05,0.01632986646710046,-0.09133508711150344,-0.002381166048122213,0.47609471973314604,0.46074293542268213,0.17878876776454083,0.0,1.7154284310612007
idle,ahad,rotate,0.09858164191246033,-0.002339601516723633,-0.11681464966386557,-0.10029581189155579,-0.001209557056427002,-0.2895394405350089,0.08899912238121033,-0.21511787176132202,0.024245058186352253,-0.114045649766922,-0.21771156787872314,-0.15384949650615454,0.0654384195804596,-0.4561690390110016,-0.04531566333025694,-0.09121319651603699,-0.4554656445980072,-0.14465980138629675,-0.002762584975271558,-0.1296789357156485,-0.00015457132548997142,0.03851092222965186,-0.11699578978798793,-0.042318535799330606,0.4768869853649861,0.46062103357277845,0.32916221290719366,0.02130310259660467,1.587793312306518
idle,ahad,rotate,0.09818993508815765,-0.0012076497077941895,-0.1168311070650816,-0.09590895473957062,-0.00024402141571044922,-0.29166670702397823,0.08860699832439423,-0.21116113662719727,0.024228600785136223,-0.11460234224796295,-0.21659213304519653,-0.15436107479035854,0.06535522639751434,-0.45466697216033936,-0.04533212073147297,-0.09150655567646027,-0.4556750953197479,-0.150215407833457,-0.011869903766747866,0.03430156996755944,-0.0004987091277584964,0.1329350652116739,0.029258655779289943,-0.0644626208778594,0.4769122710075534,0.4602342667171299,4.54328875959524,0.34603540720049397,5.31787032930905
idle,ahad,rotate,0.09738799929618835,-0.0006867647171020508,-0.14582466706633568,-0.08823055028915405,-0.00024402141571044922,-0.3424907438457012,0.08802381157875061,-0.20645415782928467,0.020696813240647316,-0.11558845639228821,-0.21659213304519653,-0.19345798715949059,0.06473097205162048,-0.45253786444664,-0.08524500206112862,-0.09216764569282532,-0.4556750953197479,-0.213771503418684,-0.02430108460512936,0.01578439365733694,-0.8785927273106965,0.23267892273988708,0.0,-1.540122327930941,0.4732880799827001,0.4570621331584891,232678.9227398871,1.5394664924199966,44.82776422519015
idle,ahad,rotate,0.09829401969909668,-0.0006867647171020508,-0.16169724613428116,-0.07497265934944153,-0.00024402141571044922,-0.38824427872896194,0.08759921789169312,-0.20645415782928467,0.009416726417839527,-0.11464568972587585,-0.21659213304519653,-0.24487384408712387,0.06429630517959595,-0.4510626792907715,-0.1006624847650528,-0.09258073568344116,-0.4556750953197479,-0.24907854944467545,0.02745516372449514,0.0,-0.480987244483204,0.4017542709003859,0.0,-1.386470754038226,0.47654444455559036,0.45576260390253315,401754.2709003859,27455.16372449514,6.923117043704386
idle,ahad,rotate,0.09923219680786133,0.002407640218734741,-0.18278998881578445,-0.06020882725715637,0.0028503835201263428,-0.38824427872896194,0.08807426691055298,-0.20335975289344788,-0.0012430798378773034,-0.11034777760505676,-0.21349772810935974,-0.24985197931528091,0.06526678800582886,-0.44620150327682495,-0.1006624847650528,-0.09188070893287659,-0.45327112078666687,-0.24907854944467545,0.028429609356504952,0.09376984654051035,-0.6391740206516252,0.4473888512813755,0.09376984654051035,0.0,0.47792994778230846,0.4573278250276401,4.771086833348541,0.3031817500359555,42.13294420054908
idle,ahad,rotate,0.09927886724472046,0.015337496995925903,-0.18278998881578445,-0.03989136219024658,0.006380528211593628,-0.3921446278691292,0.08842247724533081,-0.1902633011341095,-0.010823520831763744,-0.10526525974273682,-0.20369300246238708,-0.2544354870915413,0.06642788648605347,-0.433228462934494,-0.1006624847650528,-0.09001189470291138,-0.4458429515361786,-0.24907854944467545,0.0014142556623978513,0.39181384173305067,0.0,0.6156807596033036,0.10697408155961065,-0.11819239818688147,0.4769549729380005,0.4572040400813496,5.755366115427755,0.003609499977444461,6.244627532487684
idle,ahad,rotate,0.09951531887054443,0.017019033432006836,-0.18703613430261612,-0.010393619537353516,-0.011161506175994873,-0.4068915620446205,0.0893591046333313,-0.18815982341766357,-0.030775969848036766,-0.09544014930725098,-0.20656007528305054,-0.2612171247601509,0.06899446249008179,-0.43134644627571106,-0.1009446382522583,-0.08776608109474182,-0.44748038053512573,-0.24907854944467545,0.007165200782544799,0.050955649578210895,-0.12867107535853736,0.8938709894816224,-0.5315767996239025,-0.4468767931967142,0.47038878055852795,0.4575749903129733,1.6815431158224563,0.14061365576139928,23.338654713610442
idle,ahad,rotate,0.10023640096187592,0.017049431800842285,-0.1871419372037053,0.011555418372154236,-0.05707979202270508,-0.4080015840008855,0.0925556868314743,-0.18747907876968384,-0.03668657783418894,-0.08540652692317963,-0.21848928928375244,-0.2695208312943578,0.070146843791008,-0.43125295639038086,-0.10076828766614199,-0.08520902693271637,-0.45286989212036133,-0.24918435234576464,0.02185097246459071,0.0009211626919833244,-0.003206148517854337,0.6651223608941849,-1.391463207476089,-0.03363702897772698,0.4373054702162647,0.45753777990798844,0.4780017749077562,23.695355119599487,29.729383550632377
idle,ahad,rotate,0.10062840580940247,0.017319411039352417,-0.18707773461937904,0.04087921977043152,-0.09093043208122253,-0.4153848923742771,0.09438297152519226,-0.18828138709068298,-0.03662237524986267,-0.07442554831504822,-0.2407951056957245,-0.28250494971871376,0.07226982712745667,-0.4309829771518707,-0.09881511703133583,-0.0820111632347107,-0.45667558908462524,-0.24373595789074898,0.011878934773532017,0.008181189045761702,0.0019455328583717656,0.888600042372053,-1.0257769714702423,-0.22373661737550746,0.4222971972626917,0.4577876471753114,0.8662693751342966,1.4518039985503874,14.20713070072019
idle,ahad,rotate,0.10247519612312317,0.02513045072555542,-0.1826121974736452,0.0543958842754364,-0.15905755758285522,-0.4264055509120226,0.09801182150840759,-0.18986749649047852,-0.03656202368438244,-0.06345847249031067,-0.26559901237487793,-0.33245149441063404,0.07487139105796814,-0.43234002590179443,-0.09817578829824924,-0.07992124557495117,-0.45916852355003357,-0.23600815422832966,0.055963342840019185,0.23669817230917295,0.13531930744647466,0.4095958940910415,-2.0644583485342456,-0.3339593496286381,0.3799458539435932,0.466015787537466,0.1984034679015851,0.23643235544111113,34.82150507435038
idle,ahad,rotate,0.10143834352493286,0.029448866844177246,-0.1538548655807972,0.09140706062316895,-0.2210204005241394,-0.4292418397963047,0.0966368317604065,-0.1898958683013916,-0.04163643345236778,-0.0384066104888916,-0.2853397727012634,-0.3356325961649418,0.0762529969215393,-0.43234002590179443,-0.0826355554163456,-0.07945621013641357,-0.46234798431396484,-0.23433515802025795,-0.031419775702737095,0.1308610945036938,0.871434299783287,1.1215507984161555,-1.8776619073116718,-0.08594814800855022,0.354149508814352,0.46792678197276116,0.5973121128658426,0.2400983708987649,23.536741345859095
rotate,ahad,rotate,0.09910331666469574,0.029446691274642944,-0.14301750902086496,0.1023784726858139,-0.29178300499916077,-0.429171078838408,0.09484599530696869,-0.1973538100719452,-0.04195683542639017,-0.028930559754371643,-0.32252368330955505,-0.34085696283727884,0.07421492040157318,-0.43525153398513794,-0.08256479445844889,-0.08028443157672882,-0.4665396809577942,-0.23426439706236124,-0.07075838970415632,-6.592634952429675e-05,0.3284047442403759,0.3324670322013677,-2.144321347727954,0.002144271451415472,0.3192087827530546,0.4692743371697468,0.15504526758937975,1057.2575705547545,25.380858741981424
rotate,ahad,rotate,0.09781049191951752,0.029870718717575073,-0.14305761363357306,0.10317777097225189,-0.3676008880138397,-0.42996986117213964,0.09371767938137054,-0.19761213660240173,-0.053079391829669476,-0.030962660908699036,-0.36486998200416565,-0.3687878390774131,0.0724741667509079,-0.4355098605155945,-0.09882692899554968,-0.07878024876117706,-0.4741855263710022,-0.23608031775802374,-0.03917650742964163,0.012849316452488269,-0.001215291294184552,0.024221160195089637,-2.297511606505336,-0.024205525264594577,0.2864649387348692,0.4681638242794911,0.01054234049750507,3.048680363202705,10.461222495801568
rotate,ahad,rotate,0.09679165482521057,0.02990025281906128,-0.14093923196196556,0.10215440392494202,-0.45071157813072205,-0.4298087917268276,0.09287586808204651,-0.19758260250091553,-0.05291832238435745,-0.03198602795600891,-0.4275621473789215,-0.3764934800565243,0.07292583584785461,-0.4354803264141083,-0.09866585955023766,-0.07583454251289368,-0.4790683686733246,-0.23591924831271172,-0.030873851342635213,0.0008949727723092886,0.06419338398810691,-0.031011122645754296,-2.5185057611176864,0.004880892282182598,0.2647212263292502,0.46790565166272674,0.01231329735719744,34.45847049912093,6.958821628920182
rotate,ahad,rotate,0.09656591713428497,0.02977091073989868,-0.09924082085490227,0.1007051020860672,-0.5184687376022339,-0.4422568343579769,0.09322978556156158,-0.19727015495300293,-0.04183587059378624,-0.032783493399620056,-0.484884649515152,-0.38463452085852623,0.07453383505344391,-0.4351678788661957,-0.08244382962584496,-0.07453079521656036,-0.48133334517478943,-0.23591924831271172,-0.006840536088654598,-0.003919456944321204,1.2635882153655744,-0.04391823754166182,-2.053247256712513,-0.37721341306513606,0.2732432185602866,0.46576349109343684,0.02138963829536131,1.7448313259920223,18.248064358025324
rotate,ahad,rotate,0.09428873658180237,0.0301608145236969,-0.09924082085490227,0.09810104966163635,-0.6032997667789459,-0.5027018152177334,0.09122779965400696,-0.18059131503105164,-0.04183587059378624,-0.03331592679023743,-0.5000614523887634,-0.4720494709908962,0.07279649376869202,-0.43045371770858765,-0.08244382962584496,-0.07515320181846619,-0.4841706454753876,-0.24690168723464012,-0.06900547128734905,0.011815266175703122,0.0,-0.0789106795282045,-2.570637247779055,-1.8316660866592176,0.33112307179454503,0.4614215022287681,0.030696921123141565,5.8398710947490065,46.79193589703763
rotate,ahad,rotate,0.09509691596031189,0.03077492117881775,-0.09924082085490227,0.0930764377117157,-0.6672718971967697,-0.6074099503457546,0.09010645747184753,-0.17921051383018494,-0.04183587059378624,-0.03443726897239685,-0.5319173634052277,-0.5417569242417812,0.0718635618686676,-0.4287046492099762,-0.08244382962584496,-0.0762680172920227,-0.4846574664115906,-0.24690168723464012,0.024490284197258617,0.01860929257941998,0.0,-0.1522609681794162,-1.9385494066007518,-3.17297379175827,0.4381686690566781,0.46037311309563617,0.07854372404295941,1.3159537440233997,44.98772063428555
rotate,ahad,rotate,0.09556353092193604,0.031891047954559326,-0.14069317653775215,0.08408492803573608,-0.7390552312135696,-0.665840495377779,0.08887588977813721,-0.1781030297279358,-0.083509411662817,-0.04261168837547302,-0.5866481065750122,-0.5415108688175678,0.07050788402557373,-0.42760229110717773,-0.03370204567909241,-0.07672613859176636,-0.4836162030696869,-0.2466556318104267,0.01413984732194403,0.03382202350732106,-1.2561319903894104,-0.27246999018120477,-2.175252545963669,-1.77062257672804,0.5165513005432724,0.4724500144628154,0.12525895690954802,0.4180539128586015,43.2502648967372
rotate,ahad,rotate,0.09509027004241943,0.03490003943443298,-0.14069317653775215,0.06442540884017944,-0.7738698646426201,-0.665840495377779,0.08705389499664307,-0.1739073097705841,-0.07504087314009666,-0.0472981333732605,-0.600555032491684,-0.5415108688175678,0.0686303973197937,-0.4212399423122406,-0.03370204567909241,-0.07826429605484009,-0.48060721158981323,-0.2466556318104267,-0.01434123877323058,0.09118155999617289,0.0,-0.5957430059259683,-1.0549888917894243,0.0,0.5311113681729835,0.46926635282616214,0.5646907241125287,0.15728050159846915,64.24385652199636
rotate,ahad,rotate,0.09417375922203064,0.03490003943443298,-0.13046981766819954,0.03579112887382507,-0.811515748500824,-0.673631776124239,0.08509746193885803,-0.17377546429634094,-0.061042286455631256,-0.056917786598205566,-0.6168016195297241,-0.5415108688175678,0.0687345564365387,-0.41671061515808105,-0.03370204567909241,-0.07592174410820007,-0.48060721158981323,-0.19504966214299202,-0.027773055163295732,0.0,0.3097987536227947,-0.8677054535258572,-1.1407843593394684,-0.2360994165593838,0.5924703077903931,0.4625617127212068,0.7606211338724328,27773.055163295732,11.218972912872413
rotate,ahad,rotate,0.0942346602678299,0.036183685064315796,-0.13046981766819954,0.0036581307649612427,-0.8300974518060684,-0.6747869737446308,0.0857219249010086,-0.16894450783729553,-0.061042286455631256,-0.07824043929576874,-0.6225704848766327,-0.5178155191242695,0.07262589037418365,-0.41294464468955994,-0.03370204567909241,-0.07311443984508514,-0.4767025113105774,-0.18712641671299934,0.0018454862363411013,0.03889835242069191,0.0,-0.9737272154201316,-0.5630819183407497,-0.03500598849672316,0.6071201120456209,0.4599426020924334,1.7292785550828598,0.047442595351778236,18.812771660230982
rotate,ahad,rotate,0.09356595575809479,0.03756067156791687,-0.13568690000101924,-0.028156563639640808,-0.8391096368432045,-0.6743391114287078,0.0857127457857132,-0.16782578825950623,-0.06446432648226619,-0.09210388362407684,-0.6225704848766327,-0.5053459363989532,0.07500828802585602,-0.41214174032211304,-0.0459667700342834,-0.07282064855098724,-0.4767003655433655,-0.1651943284086883,-0.020263773022276305,0.041726863745487765,-0.15809340402484193,-0.9640816486243199,-0.2730965162768552,0.013571585330999475,0.6265490966249581,0.4589404623833229,3.5301736235747123,0.4856173118727537,8.914673114492576
rotate,ahad,rotate,0.09221315383911133,0.03797885775566101,-0.14851413620635867,-0.0631786584854126,-0.8406992927193642,-0.6743114734999835,0.08483481407165527,-0.16932526230812073,-0.07498492999002337,-0.10541623830795288,-0.6241601407527924,-0.49439464462921023,0.07553011178970337,-0.4134853184223175,-0.048761538695544004,-0.07447519898414612,-0.4781915247440338,-0.1631835992448032,-0.04099399754495176,0.012672308719518932,-0.3887041274345135,-1.0612756013869837,-0.048171390186654776,0.0008375129916450877,0.6267305621320177,0.46265408997893637,22.030785627925713,3.234672053858707,7.435065296173806
rotate,ahad,rotate,0.09234988689422607,0.03441318869590759,-0.15443697245791554,-0.09512606263160706,-0.8449310436844826,-0.6754038301296532,0.08502167463302612,-0.17331519722938538,-0.07824265630915761,-0.12247452139854431,-0.6283918917179108,-0.493503060657531,0.07569682598114014,-0.4177034795284271,-0.05440878914669156,-0.07579132914543152,-0.48229408264160156,-0.15884634526446462,0.00414342591256813,-0.10805057756828712,-0.1794798864108172,-0.968103155945302,-0.1282348777308629,-0.033101716050596475,0.6314356915820066,0.4633491594689602,7.549393922168366,0.03834674148972551,3.8620778669306977
rotate,ahad,rotate,0.09215596318244934,0.02923208475112915,-0.17355020344257355,-0.1238364577293396,-0.8521477654576302,-0.6753493547439575,0.08397135138511658,-0.17938804626464844,-0.0753374770283699,-0.13579753041267395,-0.6211746633052826,-0.4453880488872528,0.07412007451057434,-0.4249202013015747,-0.07527212798595428,-0.07873934507369995,-0.48951080441474915,-0.14808441698551178,-0.00587647611444656,-0.1570031498417735,-0.5791888177169184,-0.8700119726585758,-0.21868853858023327,0.001650769263505962,0.6415197812021927,0.46501416357196923,3.978297170988744,0.03742879484630685,4.178246194608992
rotate,ahad,rotate,0.09370899200439453,0.026187360286712646,-0.18200400844216347,-0.1513683795928955,-0.8453825414180756,-0.6798613257706165,0.08402347564697266,-0.1829904317855835,-0.07820745185017586,-0.14843469858169556,-0.6141672730445862,-0.42491980269551277,0.07424873113632202,-0.4288283586502075,-0.07535777613520622,-0.07974997162818909,-0.49341896176338196,-0.14287051931023598,0.047061479452882776,-0.09226437770958754,-0.2561759090784727,-0.8343006625319656,0.20500678907740422,-0.1367263947472376,0.6460392279000671,0.46775145654290085,4.06960470276064,0.5100665127173971,13.549937156374618
rotate,ahad,rotate,0.09433683753013611,0.02349063754081726,-0.18969378480687737,-0.1761161983013153,-0.849331721663475,-0.679843729827553,0.08479723334312439,-0.18707159161567688,-0.07990997144952416,-0.16134032607078552,-0.6126170754432678,-0.40542862424626946,0.0745096504688263,-0.4330191910266876,-0.0758081735111773,-0.08009371161460876,-0.4963500201702118,-0.14200816163793206,0.019025621992169308,-0.08171887108774026,-0.23302352620345546,-0.7499339002551574,-0.11967212864847085,0.0005332103958635704,0.6504486897122865,0.47091854219779045,6.266518714138588,0.23281512487632353,10.983515045368986
rotate,ahad,rotate,0.09672209620475769,0.021831750869750977,-0.19802753650583327,-0.2060350775718689,-0.8328487202525139,-0.6742666664067656,0.08789172768592834,-0.19044333696365356,-0.08215999626554549,-0.1742272973060608,-0.6141367554664612,-0.36352702998556197,0.07466074824333191,-0.4365260601043701,-0.07648880803026259,-0.07984656095504761,-0.4968405067920685,-0.12916272901929915,0.07228056589762485,-0.050269293062615475,-0.25253793027139476,-0.906632705168305,0.49948489124125495,0.16900192184204674,0.6526586885916351,0.4747106997681027,1.8151317606094213,1.4378385621821204,20.015871514044694
rotate,ahad,rotate,0.09929066896438599,0.027753055095672607,-0.21466598467668518,-0.2332364320755005,-0.824305385351181,-0.6727606113418005,0.0911022424697876,-0.18996578454971313,-0.0799189712270163,-0.18324005603790283,-0.5871035754680634,-0.35740787343820557,0.07558441162109375,-0.43764281272888184,-0.08446759538492188,-0.07992550730705261,-0.4964192807674408,-0.1244339402182959,0.07783553817055566,0.17943346139156743,-0.5041953991167327,-0.824283469807031,0.25888893640403005,0.04563803227166859,0.657020300674066,0.48384596825804604,3.183914683035937,0.4337825497227121,8.56490690024581
rotate,ahad,rotate,0.10238492488861084,0.027503401041030884,-0.2203812963271048,-0.2653031647205353,-0.7899264544248581,-0.5632114923500922,0.09390336275100708,-0.1906549036502838,-0.08216609721421264,-0.19406023621559143,-0.5636159479618073,-0.28261303072213195,0.07658535242080688,-0.43899619579315186,-0.0851133308315184,-0.07992550730705261,-0.49566081166267395,-0.12175632928847335,0.09376533103711322,-0.007565274383082248,-0.17319126213392094,-0.9717191710616235,1.0417857856461101,3.3196702724758858,0.5619962681122646,0.4863999529968025,0.9327428457051977,12.392536443929007,102.10795648369348
rotate,ahad,rotate,0.10470825433731079,0.022054702043533325,-0.2378409798257053,-0.2870909422636032,-0.731886699795723,-0.5245353574864566,0.09730559587478638,-0.19665345549583435,-0.08659950597211719,-0.20301997661590576,-0.5429024398326874,-0.26554498029872775,0.07752341032028198,-0.44505298137664795,-0.09798624319955707,-0.07992550730705261,-0.5008170902729034,-0.10129153681918979,0.07040392268787843,-0.16511209083326198,-0.5290813181394175,-0.6602356831232812,1.7587804433071532,1.1720040867768529,0.5248295090968024,0.48835228166884587,0.3753938191898343,0.42639818764567383,69.2579940559215
rotate,ahad,rotate,0.10626545548439026,0.01956036686897278,-0.23819797113537788,-0.30271245539188385,-0.6644454598426819,-0.48989108577370644,0.09922465682029724,-0.1991477906703949,-0.08983735367655754,-0.20301806926727295,-0.505244791507721,-0.20699972286820412,0.07827797532081604,-0.4482883810997009,-0.09911762550473213,-0.08011379837989807,-0.5019353330135345,-0.10127038136124611,0.04718791354786341,-0.07558591438062384,-0.010817918474927265,-0.4733791857054815,2.0436739379709743,1.0498264155379016,0.47643022083365166,0.4888855618265914,0.23163135042183736,0.6242868085637808,10.968149785349258
rotate,ahad,rotate,0.10896524786949158,0.01956036686897278,-0.24659554101526737,-0.3019164353609085,-0.5841167867183685,-0.4145028982311487,0.10078790783882141,-0.1992209255695343,-0.08997492678463459,-0.2022220492362976,-0.46095284819602966,-0.15243352390825748,0.08027186989784241,-0.4482883810997009,-0.11760337837040424,-0.07934576272964478,-0.5011261105537415,-0.10130290128290653,0.08181189045761261,0.0,-0.25447181454209605,0.02412181912046399,2.4342022158881913,2.2844905315925716,0.3930895505278334,0.4861529995166936,0.00990953383144818,81811.89045761262,42.03736001939365
rotate,ahad,rotate,0.11298952996730804,0.01956036686897278,-0.2971425699070096,-0.3018178343772888,-0.5030212104320526,-0.3432241724804044,0.10353367030620575,-0.19928303360939026,-0.13600457180291414,-0.20212344825267792,-0.41747382283210754,-0.13239081669598818,0.08182857930660248,-0.4482883810997009,-0.18870448041707277,-0.07935453951358795,-0.4963146150112152,-0.10131028760224581,0.12194794235807671,0.0,-1.5317281482346374,0.0029879085945361066,2.457441705645976,2.1599613863862266,0.3287205860310481,0.4812611298184823,0.00121586093855673,121947.94235807672,3.8918133642095247
rotate,ahad,rotate,0.1175510436296463,0.019491970539093018,-0.3073344398289919,-0.3017343580722809,-0.4128960967063904,-0.33037220127880573,0.10550941526889801,-0.19904732704162598,-0.14070221967995167,-0.20200197398662567,-0.37446439266204834,-0.11813304014503956,0.08350600302219391,-0.4480299651622772,-0.1891735214740038,-0.08014746010303497,-0.4901755750179291,-0.1647100020200014,0.13822768673752514,-0.0020726160569624797,-0.3088445430903773,0.0025295850002404817,2.7310640522928384,0.3894536727757227,0.28725743747203547,0.4834230319072659,0.000926226564291024,66.66021237316559,54.28867980869856
rotate,ahad,rotate,0.11759278178215027,0.019595712423324585,-0.3179429639130831,-0.30131039023399353,-0.3291377127170563,-0.3300716448575258,0.1061268150806427,-0.19898250699043274,-0.15125696547329426,-0.1977933645248413,-0.3410407602787018,-0.11738539673388004,0.08404502272605896,-0.4477726221084595,-0.21504670567810535,-0.080161452293396,-0.48729145526885986,-0.1647100020200014,0.0012647925001202408,0.003143693461562698,-0.32147042679064713,0.01284751025113213,2.53813284816168,0.009107770341815516,0.31821994273979975,0.4797356065787262,0.005061793829524525,0.4021989791945334,12.92742738855509
rotate,ahad,rotate,0.11705583333969116,0.017649084329605103,-0.3179429639130831,-0.2876449376344681,-0.2594723403453827,-0.30881028063595295,0.1055898666381836,-0.19969263672828674,-0.15125696547329426,-0.180110901594162,-0.32076892256736755,-0.0973049197345972,0.08476537466049194,-0.4477565884590149,-0.21504670567810535,-0.08074158430099487,-0.48591968417167664,-0.1647100020200014,-0.01627116492300261,-0.05898873011270935,0.0,0.4141046242280283,2.1110718900506344,0.6442837642900627,0.338898638893423,0.47773711803072233,0.1961583733937751,0.2758304689971277,26.18779527642108
rotate,ahad,rotate,0.11765187978744507,0.01763245463371277,-0.31791106704622507,-0.28136713802814484,-0.19196513295173645,-0.2716422164812684,0.1061859130859375,-0.19968172907829285,-0.15122506860643625,-0.16771471500396729,-0.2932492196559906,-0.0853578383103013,0.08536142110824585,-0.4477103352546692,-0.21501480881124735,-0.08102798461914062,-0.482172429561615,-0.1646781051531434,0.018062013568300478,-0.0005039301785555833,0.0009665717229698798,0.19023635170676795,2.045672951322646,1.126304974384398,0.3685069504181245,0.4776758584872958,0.09299446355259555,35.77130925303208,16.22665651460555
rotate,ahad,rotate,0.11709395051002502,0.016074776649475098,-0.2971425699070096,-0.2455766201019287,-0.14302325248718262,-0.25520039070397615,0.10619452595710754,-0.200614333152771,-0.13600457180291414,-0.1523650586605072,-0.2812841534614563,-0.05951694492250681,0.0853700339794159,-0.44863179326057434,-0.19541478622704744,-0.08103755116462708,-0.4825323224067688,-0.16444761026650667,-0.016906947800607662,-0.04720236315871805,0.6293483981580545,1.0845611492792937,1.4830872868046852,0.4982371447664398,0.3880406949297304,0.4767673908417415,0.7312856280565614,0.35817252562617663,37.24671021119535
rotate,ahad,rotate,0.11544856429100037,0.014553725719451904,-0.2678470350801945,-0.21390894055366516,-0.0962405800819397,-0.25386137142777443,0.1060357391834259,-0.20150429010391235,-0.0971650667488575,-0.13834771513938904,-0.26754921674728394,-0.05957288295030594,0.08539935946464539,-0.4495563209056854,-0.18913288787007332,-0.08115309476852417,-0.4828680455684662,-0.1477998085319996,-0.049860188455290784,-0.04609245242494351,0.8877434796004248,0.9596266529776469,1.417656739552762,0.04057634170308104,0.422319744722595,0.47169588408221247,0.6769099664919029,1.0817195465338783,14.512057478185168
rotate,ahad,rotate,0.11363521218299866,0.012133508920669556,-0.192342315800488,-0.18569117784500122,-0.05778881907463074,-0.2540161060169339,0.10474243760108948,-0.20191147923469543,-0.025798882357776165,-0.12743037939071655,-0.2589774429798126,-0.05972761753946543,0.08530965447425842,-0.44997745752334595,-0.1299667851999402,-0.0813632607460022,-0.48268041014671326,-0.12901846040040255,-0.05495006387884054,-0.07333990299340568,2.288021796354778,0.8550837184443755,1.165204879009381,-0.004688926944227004,0.4550182302497971,0.46716120273951806,0.7338477550176276,0.7492417141875289,8.392906161020345
rotate,ahad,rotate,0.11215554177761078,0.00959751009941101,-0.19237165851518512,-0.15546701848506927,-0.04667571187019348,-0.25404544873163104,0.10330705344676971,-0.20228341221809387,-0.025828225072473288,-0.11652718484401703,-0.25307729840278625,-0.05975696025416255,0.08293567597866058,-0.4505642354488373,-0.10799151612445712,-0.0827377587556839,-0.4825423061847687,-0.12904780311509967,-0.044838497132966726,-0.07684844912904804,-0.0008891731726400922,0.9158836169676493,0.3367608243768919,-0.0008891731726400922,0.4592315806538645,0.4687458171047492,2.719677679209342,0.5834589270467313,25.172145927988176
rotate,ahad,rotate,0.11023809015750885,0.008995145559310913,-0.19241939205676317,-0.12632860243320465,-0.029371827840805054,-0.2540931822732091,0.1024404913187027,-0.20284029841423035,-0.025875958614051342,-0.10594998300075531,-0.24090102314949036,-0.07163973618298769,0.08151616156101227,-0.4519445300102234,-0.10803924966603518,-0.08372823894023895,-0.4822574257850647,-0.12909553665667772,-0.05810459454854109,-0.018253470912123478,-0.0014464709569106855,0.8829823046019248,0.5243601221026598,-0.0014464709569106855,0.4717462953799832,0.46947879837787065,1.6839202362318804,3.1830336156142245,5.7716179196064905
idle,ahad,rotate,0.10777300596237183,0.00906461477279663,-0.19242113316431642,-0.10832548141479492,-0.01357179880142212,-0.26988023007288575,0.1016530990600586,-0.20277905464172363,-0.025877699721604586,-0.10148611664772034,-0.23527979850769043,-0.07841995591297746,0.07986623048782349,-0.4534611999988556,-0.10804099077358842,-0.08486774563789368,-0.4809519946575165,-0.12909727776423097,-0.0746995210647595,0.0021051276813854208,-5.276083494677772e-05,0.5455491217700005,0.4787887587691875,-0.4783953878689972,0.4886863539193631,0.4709871822857254,1.1394335651047123,35.467707739172674,17.75814900759942
idle,ahad,rotate,0.10453514754772186,0.009106159210205078,-0.19448257726617157,-0.08811987936496735,-0.013530254364013672,-0.27696828288026154,0.09837697446346283,-0.20277220010757446,-0.03310969960875809,-0.09708364307880402,-0.23273944854736328,-0.10050190729089081,0.07754860818386078,-0.4544855058193207,-0.10800923896022141,-0.08603747189044952,-0.47956687211990356,-0.14991989475674927,-0.09811692165606106,0.0012589223457105433,-0.06246800308652096,0.612290971206906,0.0012589223457105433,-0.21478947901139095,0.4830484017518555,0.4723591254855362,485.97516608184264,77.87537223234757,16.65226083547062
idle,ahad,rotate,0.10269524157047272,0.011844873428344727,-0.20155506930314004,-0.07252301275730133,-0.010848820209503174,-0.3059452136512846,0.09699006378650665,-0.2042633295059204,-0.0478764062281698,-0.09561087191104889,-0.23005801439285278,-0.15263175568543375,0.07574106752872467,-0.4531504511833191,-0.1418020089622587,-0.08623622357845306,-0.47643375396728516,-0.20575265190564096,-0.05575472658330833,0.08299133994362703,-0.21431794051419947,0.47263232144443224,0.08125558043971336,-0.8780888112431363,0.47644090097557557,0.46959302340333003,5.816542105104854,0.6718056946120571,20.6832335601552
idle,ahad,rotate,0.10036641359329224,0.0175592303276062,-0.2831489760428667,-0.06146654486656189,-0.008769750595092773,-0.41980248875916004,0.0968138575553894,-0.20222336053848267,-0.09373165108263493,-0.09406337141990662,-0.22792500257492065,-0.22796201892197132,0.07595539093017578,-0.4511656165122986,-0.1932257730513811,-0.08639505505561829,-0.47424376010894775,-0.2745531518012285,-0.0705705447630422,0.17316233028064418,-2.472542628476472,0.3350444815375461,0.0630021095275855,-3.4502204578142774,0.4882467143154872,0.4778964976946361,5.317903894741085,0.40753746563241294,78.05677579878501
idle,ahad,rotate,0.09790623188018799,0.025682806968688965,-0.32138131046667695,-0.05485576391220093,-0.0020829439163208008,-0.4382064142264426,0.09506881237030029,-0.19491231441497803,-0.1357434787787497,-0.09330496191978455,-0.21952199935913086,-0.24313908303156495,0.07508629560470581,-0.4436616003513336,-0.22552509093657136,-0.08683115243911743,-0.4659538269042969,-0.2911024489440024,-0.07455096100316022,0.24616898912372404,-1.158555588600329,0.200326695586699,0.20263050541733574,-0.5576947111297826,0.4876865777908074,0.47957620561992453,0.9886256096953442,0.3028434183571061,87.84926445567085
idle,ahad,rotate,0.09564313292503357,0.034544020891189575,-0.32138131046667695,-0.0536516010761261,0.0036555826663970947,-0.4382064142264426,0.09452399611473083,-0.1870947778224945,-0.1357434787787497,-0.09210079908370972,-0.21019652485847473,-0.24313908303156495,0.07543161511421204,-0.43580353260040283,-0.22552509093657136,-0.08709633350372314,-0.4569208025932312,-0.2911024489440024,-0.06857875621680166,0.2685216340151743,0.0,0.03648978291135904,0.17389474493084808,0.0,0.48465320940626866,0.4804411944768551,0.20983712353553954,0.25539283296664766,17.635521918575495
idle,ahad,rotate,0.09445057809352875,0.034669697284698486,-0.32138131046667695,-0.052732303738594055,0.0006403923034667969,-0.4382064142264426,0.09382592141628265,-0.18821799755096436,-0.1357434787787497,-0.09204895794391632,-0.21003198623657227,-0.24313908303156495,0.07456605136394501,-0.43610286712646484,-0.22552509093657136,-0.08781002461910248,-0.45515286922454834,-0.2911024489440024,-0.03613802519711444,0.0038083755608759504,0.0,0.027857495076727534,-0.09136940493727828,0.0,0.48022653025247763,0.4808436509179738,0.3048853192218034,9.486600787874181,8.042562717089845
idle,ahad,rotate,0.09498617053031921,0.03428351879119873,-0.3213763255625963,-0.050896137952804565,0.0006403923034667969,-0.43820142932236195,0.09381482005119324,-0.18840748071670532,-0.13573849387466908,-0.09201204776763916,-0.2098643183708191,-0.24313409812748432,0.0751391351222992,-0.43610429763793945,-0.22552010603249073,-0.0880226194858551,-0.45385220646858215,-0.29109746403992176,0.016230073842135602,-0.011702378590901879,0.00015105769941301298,0.05564138744816724,0.0,0.00015105769941301298,0.4791466107272512,0.480465417571404,55641.38744816724,1.3867853386160425,2.8939529830442363
idle,ahad,rotate,0.09465791285037994,0.03267258405685425,-0.3127317407634109,-0.0516061931848526,0.0006403923034667969,-0.4305070915725082,0.09316755831241608,-0.18855631351470947,-0.12769491760991514,-0.09132276475429535,-0.2086663842201233,-0.23611940233968198,0.07462336122989655,-0.4361158013343811,-0.2158929684665054,-0.08818762004375458,-0.4527268409729004,-0.2750575819518417,-0.00994720242240228,-0.0488162040710457,0.26195711512683434,-0.021516825213577152,0.0,0.2331617499955713,0.48067098834962657,0.47910508383477535,21516.825213577154,0.2037642796569362,7.4379818758322
idle,ahad,rotate,0.09586556255817413,0.028761178255081177,-0.30647051124833524,-0.05523325502872467,0.0004438459873199463,-0.4200083890464157,0.09404946863651276,-0.19268396496772766,-0.12369355349801481,-0.0903041809797287,-0.20869359374046326,-0.23211422353051603,0.07501234114170074,-0.4364689886569977,-0.21493351249955595,-0.08674181997776031,-0.4528777301311493,-0.2743278124835342,0.03659544569073163,-0.11852744853857343,0.18973422772955897,-0.10991096496581615,-0.0059559489741467615,0.31814250079067063,0.4771960513535022,0.47460824601814416,18.45088239681609,0.3087482046879417,3.720087343141933
idle,ahad,rotate,0.09697102010250092,0.02626970410346985,-0.3052867592778057,-0.055814847350120544,0.004534631967544556,-0.4194617213215679,0.09487764537334442,-0.19467154145240784,-0.12212221487425268,-0.08925794064998627,-0.20858952403068542,-0.23110702051781118,0.07566885650157928,-0.43685638904571533,-0.2125029058661312,-0.08497728407382965,-0.4532003700733185,-0.2708597721066326,0.03349871346444848,-0.07549921671549599,0.03587127183422955,-0.01762400973926919,0.12396321152195984,0.016565688631751584,0.4821351668562369,0.47280905636803033,0.14217014348651066,0.44369029549517913,10.336151930569155
idle,ahad,rotate,0.09636589884757996,0.02280867099761963,-0.2986548258922994,-0.057913243770599365,0.0041582584381103516,-0.41480630775913596,0.09377184510231018,-0.19822156429290771,-0.11535989632830024,-0.0924818217754364,-0.21036922931671143,-0.2292452766560018,0.07480111718177795,-0.44036275148391724,-0.20994934579357505,-0.08593681454658508,-0.4564627408981323,-0.26973518868908286,-0.01833700772487785,-0.10487979108637197,0.20096767834867812,-0.06358777031754104,-0.011405258467703336,0.14107313825551532,0.4837382093000232,0.47208205707420103,5.5748140810230575,0.17483666489297228,5.744754062085015
idle,ahad,rotate,0.0954473614692688,0.016883552074432373,-0.23102547647431493,-0.06528136134147644,-0.0007290244102478027,-0.36356273712590337,0.09207212924957275,-0.20433318614959717,-0.061320525128394365,-0.09686946868896484,-0.21594715118408203,-0.187528554815799,0.07364845275878906,-0.44631919264793396,-0.15164702059701085,-0.08747121691703796,-0.4623481035232544,-0.22138283075764775,-0.02783446600942945,-0.17954905827840456,2.0493742247874414,-0.2232762900265816,-0.14809948025327976,1.5528354737343457,0.4835283752444012,0.4704603218091475,1.507600040491003,0.15502343065948895,43.25229363784086
idle,ahad,rotate,0.09413044154644012,0.012170761823654175,-0.21025220467709005,-0.0736461728811264,0.0018446147441864014,-0.3236638547386974,0.09068439900875092,-0.20890459418296814,-0.053008356830105186,-0.10046900808811188,-0.2169112265110016,-0.1427093984093517,0.07198081910610199,-0.4508224129676819,-0.11561679258011281,-0.09021393954753876,-0.46565306186676025,-0.16619745804928243,-0.039906664328140135,-0.14281182578115212,0.6294930847643664,-0.2534791375651408,0.07798906528588202,1.2090570420364983,0.493583057463781,0.47308471429583826,3.2501464979671746,0.2794333359756744,12.502042166481406
idle,ahad,rotate,0.09219805896282196,0.010884135961532593,-0.20492691709659994,-0.08318720757961273,0.003165692090988159,-0.2992951513733715,0.08952216804027557,-0.2103036344051361,-0.052975663682445884,-0.10412578284740448,-0.21783927083015442,-0.1426767052616924,0.07069312036037445,-0.4532262980937958,-0.11558409943245351,-0.09234990179538727,-0.46647414565086365,-0.16616476490162313,-0.058557047988430144,-0.03898866248853341,0.16137235092394536,-0.2891222635904994,0.04003264687278118,0.7384455565250398,0.48823071591369765,0.47312059398370016,7.221981662306994,1.5018608587763838,14.34797421340002
idle,ahad,rotate,0.0924815833568573,0.010884135961532593,-0.20204652263782918,-0.09128695726394653,0.00452759861946106,-0.2992951513733715,0.09049531817436218,-0.21036651730537415,-0.052975663682445884,-0.10640037059783936,-0.21740809082984924,-0.1426767052616924,0.07046076655387878,-0.4533683657646179,-0.11558409943245351,-0.09322419762611389,-0.4661581218242645,-0.16616476490162313,0.00859164830410133,0.0,0.08728468056881206,-0.24544696013133122,0.04126989480220976,0.0,0.4891548835818435,0.47274840280873,5.9472168293814,8591.64830410133,22.416274236762526
idle,ahad,rotate,0.09379976987838745,0.010884135961532593,-0.20173410489223897,-0.09816420078277588,0.00452759861946106,-0.28716009273193777,0.09050405025482178,-0.21093401312828064,-0.04812579392455518,-0.10994759202003479,-0.21722844243049622,-0.13378080143593252,0.07023578882217407,-0.453909695148468,-0.11492131068371236,-0.09316134452819824,-0.465991348028183,-0.147295051952824,0.03994504610697277,0.0,0.009467204411824186,-0.2084013187523965,0.0,0.3677290497404017,0.49089238877503044,0.4734184490273075,208401.31875239653,39945.04610697277,11.269315131403593
idle,ahad,rotate,0.09443299472332001,0.007173299789428711,-0.20177027850877494,-0.10569106042385101,0.004513859748840332,-0.2834521707845852,0.09098438918590546,-0.21319913864135742,-0.048222078825347126,-0.11213915050029755,-0.21655434370040894,-0.12239187478553504,0.06982909142971039,-0.454868882894516,-0.11478080868255347,-0.09417001903057098,-0.46557188034057617,-0.14157943695317954,0.01918863166462322,-0.1124495809728467,-0.0010961701980594608,-0.22808665579015922,-0.000416329412749326,0.11236127113189841,0.49116311957942954,0.47080303577745986,546.5386546506422,0.17064057382910874,7.761385675222796
idle,ahad,rotate,0.09406159818172455,0.005133479833602905,-0.19787922812975012,-0.1113792210817337,0.004954546689987183,-0.27437997175729834,0.0905337780714035,-0.21294745802879333,-0.048230915650492534,-0.11416731774806976,-0.21531841158866882,-0.12240071161068045,0.06853561103343964,-0.45444250106811523,-0.11478964550769888,-0.09557126462459564,-0.46382176876068115,-0.14158827377832495,-0.011254440654408027,-0.06181272593411631,0.1179106175462085,-0.1723685047843267,0.013354149731722957,0.2749151220389996,0.4874779589550631,0.46772378278421706,12.906519825449333,0.18207025194377519,5.223902549243327
idle,ahad,rotate,0.09398330748081207,0.004726380109786987,-0.18663991172797978,-0.11653415858745575,0.004999786615371704,-0.2706583358813077,0.08991827070713043,-0.21284112334251404,-0.03943577711470425,-0.11616586148738861,-0.21521177887916565,-0.12238022615201771,0.06778641045093536,-0.4543379247188568,-0.09704440017230809,-0.09602881968021393,-0.4634229242801666,-0.1415677883196622,-0.0023724454821962677,-0.012336355267149227,0.3405853455081975,-0.1562102274461251,0.0013709068298340063,0.11277684472699011,0.48631746264779696,0.4684588232414056,113.86358318882758,0.19229773568354613,4.950954032103201
idle,ahad,rotate,0.09514625370502472,0.0035251975059509277,-0.1774550681002438,-0.12143711745738983,0.005037546157836914,-0.25930918799713254,0.08893121778964996,-0.2135254144668579,-0.036171496380120516,-0.11755888164043427,-0.21517008543014526,-0.1223739911802113,0.06685085594654083,-0.4543360769748688,-0.09613073663786054,-0.09651221334934235,-0.46251317858695984,-0.14068035827949643,0.035240794673109165,-0.03639947284351558,0.2783285947798674,-0.14857451121011805,0.0011442285595517736,0.34391357224771973,0.48300903748724616,0.46588756486014404,129.73350164116414,0.9681411234576036,7.007967547079611
idle,ahad,rotate,0.09630575776100159,0.0018018484115600586,-0.1748209313955158,-0.12723204493522644,0.004714787006378174,-0.24068795307539403,0.08864489197731018,-0.2159574031829834,-0.02787239453755319,-0.11859625577926636,-0.21506083011627197,-0.1037004531826824,0.0662592351436615,-0.4550993740558624,-0.08785448386333883,-0.09679853916168213,-0.4623832404613495,-0.12740226252935827,0.035136486544754125,-0.05222269983002717,0.07982232438569846,-0.17560386296474853,-0.009780580347234709,0.5642798461132971,0.48160192402066104,0.46607368903424096,17.95250427139746,0.6728073012657679,6.7359507202695905
idle,ahad,rotate,0.09705734252929688,0.0015256702899932861,-0.17481872090138495,-0.13250035047531128,0.0044578611850738525,-0.23893618234433234,0.08836698532104492,-0.21605858206748962,-0.019249255070462823,-0.11887416243553162,-0.2155332863330841,-0.09796790429390967,0.06598132848739624,-0.45530858635902405,-0.07698241272009909,-0.09707507491111755,-0.4620456099510193,-0.1188089142087847,0.022775296008948488,-0.008369033986872026,6.698467063181434e-05,-0.15964562242681585,-0.007785630948615921,0.053083961547325,0.48302277304546676,0.46822558654492197,20.502528433711497,2.7210517955686186,15.498448563055447
idle,ahad,rotate,0.0974942296743393,0.0036740899085998535,-0.1748156687244773,-0.13444794714450836,0.006372213363647461,-0.2376900753006339,0.08767370879650116,-0.214302659034729,-0.018206690438091755,-0.11956743896007538,-0.21523451805114746,-0.09177099075168371,0.06528805196285248,-0.4535011649131775,-0.07298363652080297,-0.0972672551870346,-0.4598601758480072,-0.11669292207807302,0.01323900439522433,0.06510362480625716,9.249020932298367e-05,-0.05901808088475784,0.058010672077985936,0.0377608195060116,0.4831100865148732,0.46948505225073045,1.017348384742625,0.20334967653406918,3.6727790638892803
idle,ahad,rotate,0.09779803454875946,0.004516899585723877,-0.1735980799421668,-0.13573957979679108,0.009790539741516113,-0.2360484292730689,0.08682034909725189,-0.2122926115989685,-0.016341556794941425,-0.1208590716123581,-0.21443676948547363,-0.08633342292159796,0.06399641931056976,-0.45131805539131165,-0.07251255121082067,-0.09689290821552277,-0.45622149109840393,-0.11131498124450445,0.009206208315762753,0.025539687185576875,0.03689662976698501,-0.03914038340250713,0.10358564781420324,0.04974684932015238,0.48397800553081344,0.4681306863371834,0.3778516269076565,0.3604526475294528,1.5498648245977649
idle,ahad,rotate,0.0978570282459259,0.004398852586746216,-0.16868156101554632,-0.13734731078147888,0.009450346231460571,-0.22591739799827337,0.08676895499229431,-0.21260157227516174,-0.013907110318541527,-0.12226307392120361,-0.2144624888896942,-0.08025341387838125,0.06247875094413757,-0.45132651925086975,-0.06961650308221579,-0.09697967767715454,-0.4561750888824463,-0.10593028273433447,0.0017876877929225397,-0.0035771817872019096,0.1489854220188049,-0.04871912074811609,-0.010308894244107497,0.3070009477210816,0.4825282369528463,0.46770837360978446,4.72547240491443,0.499607873282617,8.530364393120484
idle,ahad,rotate,0.09670959413051605,0.006256043910980225,-0.16868156101554632,-0.13941152393817902,0.002700328826904297,-0.2219623913988471,0.08620135486125946,-0.2113351821899414,-0.013080998323857784,-0.12415508925914764,-0.21480703353881836,-0.07692041154950857,0.06134729087352753,-0.44909965991973877,-0.068469381891191,-0.09656058251857758,-0.4539482295513153,-0.09697675611823797,-0.03477073076999417,0.05627852497678601,0.0,-0.06255191383939564,-0.204545981956243,0.11984868483109454,0.47537934123807885,0.4675914780528625,0.3058070729822689,0.6178220371322659,8.184363347813408
idle,ahad,rotate,0.09527981281280518,0.001126408576965332,-0.1623910996131599,-0.13974112272262573,-0.0016762018203735352,-0.21998070506379008,0.08545070886611938,-0.21456468105316162,-0.012345242779701948,-0.12520265579223633,-0.21591287851333618,-0.07693817792460322,0.060422539710998535,-0.44896024465560913,-0.06788749573752284,-0.09635469317436218,-0.45372411608695984,-0.09699452249333262,-0.04332670659729998,-0.15544349497015073,0.19062004249656142,-0.009987841952930957,-0.1326221408266031,0.060051101062334904,0.47048411255319905,0.46122007333991544,0.07530994885718677,0.2787278288987963,3.251300735779533
idle,ahad,rotate,0.09395501017570496,0.0017375051975250244,-0.16239179810509086,-0.1409587860107422,-0.0028596222400665283,-0.21998140355572104,0.08504948019981384,-0.21412912011146545,-0.01234594127163291,-0.12430903315544128,-0.21592608094215393,-0.07693887641653419,0.06039509177207947,-0.4479072391986847,-0.0678881942294538,-0.09392517805099487,-0.45260900259017944,-0.09699522098526359,-0.04014553445758306,0.018518079410900064,-2.116642215035212e-05,-0.03689888751868105,-0.03586122483918218,-2.116642215035212e-05,0.4686280684148951,0.4606925172301739,1.0289068144586009,2.1677932021801243,3.5463035187764342
idle,ahad,rotate,0.09161776304244995,0.0016706883907318115,-0.16239062370732427,-0.13947850465774536,-0.0023950040340423584,-0.21816534223034978,0.08342844247817993,-0.2132408320903778,-0.01234476687386632,-0.12289077043533325,-0.2148880660533905,-0.07284836890175939,0.06068980693817139,-0.446805477142334,-0.06788701983168721,-0.09209850430488586,-0.45082366466522217,-0.096994046587497,-0.07082567070469825,-0.0020247517210064837,3.558781110879203e-05,0.044857010696874235,0.014079339576490222,0.05503216137488771,0.4669214184385617,0.4593673265106187,3.1857904032209183,34.962661006408474,3.3483073816562716
idle,ahad,rotate,0.08938756585121155,0.002451390027999878,-0.16238955897279084,-0.137254536151886,-0.0007058680057525635,-0.21997916442342103,0.08202806115150452,-0.2110464870929718,-0.01234370213933289,-0.11994549632072449,-0.213680237531662,-0.07439820957370102,0.06065240502357483,-0.4440881907939911,-0.06788595509715378,-0.09069016575813293,-0.44858238101005554,-0.0994403560180217,-0.06758173306782785,0.02365762537175869,3.2264682831185015e-05,0.06739298502603912,0.05118594025120397,-0.05496430888094477,0.4661450587776875,0.4573338363317904,1.31660506948262,2.8565367600985043,3.583452611422274
idle,ahad,rotate,0.0892103761434555,0.0056449174880981445,-0.17289074882864952,-0.13137803971767426,-0.0017531514167785645,-0.2199760191142559,0.08382736146450043,-0.20713073015213013,-0.02219155989587307,-0.11538608372211456,-0.21013867855072021,-0.07559648528695107,0.06383965909481049,-0.4373950958251953,-0.07944813743233681,-0.08646582067012787,-0.44410082697868347,-0.10331698134541512,-0.005369385083516524,0.09677355939691872,-0.3182178744199652,0.17807564952157043,-0.03173586094018235,9.53123989430356e-05,0.45967151813871054,0.45349713152870985,5.611003868883173,0.055483436111489905,4.510801161092376
idle,ahad,rotate,0.08814737200737,0.0037553012371063232,-0.17466650251299143,-0.12643077969551086,-0.00895807147026062,-0.22094109002500772,0.08464786410331726,-0.2065785825252533,-0.02526074554771185,-0.11276355385780334,-0.2102920114994049,-0.07693065796047449,0.06395271420478821,-0.4357929527759552,-0.08040884975343943,-0.08524438738822937,-0.4425354599952698,-0.10334353987127542,-0.03221224654804628,-0.05726109851490459,-0.05381071770733139,0.14991697036859,-0.21833091071158092,-0.02924457305308591,0.45112620690181104,0.4501916860359098,0.68664708644735,0.562540447931049,5.78712137588773
idle,ahad,rotate,0.08750784397125244,0.003684133291244507,-0.17571301478892565,-0.12265390157699585,-0.010701984167098999,-0.22092884499579668,0.08608263731002808,-0.2065201699733734,-0.025790424086153507,-0.11012330651283264,-0.21028569340705872,-0.07911728043109179,0.06461858749389648,-0.4341460168361664,-0.08566727209836245,-0.08296921849250793,-0.43928202986717224,-0.1072396757081151,-0.019379637458106953,-0.0021566044200549608,-0.03171249321012666,0.11445085207620823,-0.05284583929813069,0.00037106149124375293,0.44517519793572985,0.44757948366672534,2.1657085569591783,8.982016016454626,5.206501570285176
idle,ahad,rotate,0.08829602599143982,0.0024199187755584717,-0.18053353298455477,-0.11870035529136658,-0.010529309511184692,-0.2237674193456769,0.08853355050086975,-0.20530584454536438,-0.026102527044713497,-0.10492074489593506,-0.21014371514320374,-0.07970156241208315,0.06688961386680603,-0.43182051181793213,-0.08730584103614092,-0.08112084865570068,-0.43743547797203064,-0.10966137517243624,0.023884303642042137,-0.03830953077836531,-0.1460763089584605,0.11980443289785865,0.005232565330736648,-0.08601740454182617,0.4434876382784145,0.444650861449855,22.891551996924367,0.623439643272446,3.158606383218687
idle,ahad,rotate,0.089525505900383,0.003144979476928711,-0.18330844468437135,-0.1127191036939621,-0.008826971054077148,-0.22376649803481996,0.09071092307567596,-0.20337313413619995,-0.03726491681300104,-0.10009266436100006,-0.208423912525177,-0.08001322275958955,0.06917105615139008,-0.42705681920051575,-0.11207893467508256,-0.07811464369297028,-0.43357840180397034,-0.12983409292064607,0.0372569669376726,0.021971536405159114,-0.08408823332777662,0.18125004840619924,0.05158601385174458,2.7918510816314448e-05,0.43638806503681427,0.4365335431625571,3.5134820737461565,1.6956152103097542,3.4983931080038877
idle,ahad,rotate,0.0901525467634201,0.0031035542488098145,-0.18362264917232096,-0.1045226901769638,-0.007805466651916504,-0.23756227479316294,0.093592569231987,-0.20195889472961426,-0.0392082950565964,-0.09581001102924347,-0.20750343799591064,-0.10012940899468958,0.0718485563993454,-0.4238588511943817,-0.11458360240794718,-0.07382602989673615,-0.4320957362651825,-0.147434493759647,0.01900123827385108,-0.0012553099429968156,-0.009521348119684784,0.24837616718175698,0.03095467885335169,-0.4180538411618927,0.434841965264259,0.43289527798674104,8.023605890163328,15.124642115404514,12.84662384952648
idle,ahad,rotate,0.09053826332092285,0.0014778375625610352,-0.19965810736175627,-0.10012134909629822,-0.007593929767608643,-0.2538736726855859,0.09561669826507568,-0.20172119140625,-0.06358143349643797,-0.09381616115570068,-0.20868301391601562,-0.12236299773212522,0.07336950302124023,-0.4206167757511139,-0.15595389564987272,-0.07245537638664246,-0.43188419938087463,-0.19860338827129453,0.011688380530386447,-0.04926414200753955,-0.4859229754374412,0.13337397214138358,0.0064102086153898395,-0.49428478461888586,0.42876851945275324,0.4246983482897077,20.80324945615167,0.23725457908144573,4.246652938350065
idle,ahad,rotate,0.0911005511879921,0.0037101805210113525,-0.20265411329455674,-0.09684663265943527,-0.0056961774826049805,-0.26330723357386887,0.09693685919046402,-0.19868847727775574,-0.06592615437693894,-0.09213539212942123,-0.2068382203578949,-0.13022903096862137,0.07382187992334366,-0.4167948067188263,-0.1613270763773471,-0.07108642905950546,-0.4293144941329956,-0.200191741110757,0.01703902627482586,0.06764675631667737,-0.09078805856971271,0.09923383142009085,0.05750764500011189,-0.2858654814631244,0.4290683298497823,0.42288405119441924,1.7255463316845279,0.25187866091318073,6.584556544414262
idle,ahad,rotate,0.09166283905506134,0.0059822797775268555,-0.20549749583005905,-0.09357191622257233,-0.004171848297119141,-0.2688729465007782,0.09825702011585236,-0.1956160068511963,-0.06642055884003639,-0.09045462310314178,-0.20495367050170898,-0.13570736348628998,0.07427425682544708,-0.4129330813884735,-0.16667567193508148,-0.06971748173236847,-0.4267050325870514,-0.2001877948641777,0.01703902627482586,0.06885149262168301,-0.08616310713643514,0.09923383142009085,0.04619179349957164,-0.16865796748210352,0.42874348499584236,0.42106956268926543,2.148253524026666,0.24747145130167636,3.5682573920831495
idle,ahad,rotate,0.09077593684196472,0.011730968952178955,-0.20548857189714909,-0.09205812215805054,-0.006706714630126953,-0.26886402256786823,0.09680554270744324,-0.18877536058425903,-0.06692166067659855,-0.08967664837837219,-0.20458382368087769,-0.13569843955338,0.07411524653434753,-0.4052184820175171,-0.1707488466054201,-0.06749334931373596,-0.4200032353401184,-0.20044326968491077,-0.026875824639290457,0.17420270226217824,0.00027042220939288414,0.04587254740974946,-0.07681413130326413,0.00027042220939288414,0.41964132484890937,0.418725771572281,0.5971811364696604,0.1542781484565815,6.535534360481596
idle,ahad,rotate,0.09105229377746582,0.021397709846496582,-0.2026295680552721,-0.09138369560241699,-0.009936332702636719,-0.26886402256786823,0.0968664288520813,-0.17897093296051025,-0.06641163490712643,-0.08930826187133789,-0.20371609926223755,-0.13569843955338,0.07633018493652344,-0.3936992585659027,-0.171511085703969,-0.06520318984985352,-0.4122081696987152,-0.20176993496716022,0.008374452590942516,0.292931542252054,0.08663648005687967,0.02043716835253199,-0.0978672143184793,0.0,0.40866816160869573,0.4165220205676254,0.20882334979594164,0.02858833138360133,1.0005801532910825
idle,ahad,rotate,0.09008708596229553,0.03175586462020874,-0.19964252598583698,-0.08777442574501038,-0.013286709785461426,-0.2669369000941515,0.09607550501823425,-0.1674233078956604,-0.066161984577775,-0.08789852261543274,-0.20195060968399048,-0.13199791498482227,0.07722422480583191,-0.38215163350105286,-0.171511085703969,-0.06345924735069275,-0.405718058347702,-0.20176993496716022,-0.029248721671827377,0.3138834779912825,0.09051642634652021,0.1093718138608083,-0.10152657826741698,0.058397650718689895,0.3985477695064781,0.4150617401429153,1.077262116631307,0.09318307760551224,3.2259632747737816
idle,ahad,rotate,0.08880817890167236,0.038191378116607666,-0.18714960105717182,-0.08381611108779907,-0.013095736503601074,-0.2669369000941515,0.09475725889205933,-0.1576055884361267,-0.066161984577775,-0.08522957563400269,-0.20037859678268433,-0.13199791498482227,0.07632648944854736,-0.37211933732032776,-0.171511085703969,-0.06186783313751221,-0.3992175757884979,-0.20044326968491077,-0.03875475941282183,0.19501556049692975,0.37857348268680874,0.1199489290063986,0.005787069147283161,0.0,0.3924196791226651,0.41079829470973517,20.72347892780461,0.198725479077619,3.716093100279576
idle,ahad,rotate,0.08852007985115051,0.04361838102340698,-0.18700203904882073,-0.07949629426002502,-0.00851297378540039,-0.2668918580748141,0.09395202994346619,-0.14984405040740967,-0.06611694255843759,-0.08279111981391907,-0.19425028562545776,-0.13195287296548486,0.07657524943351746,-0.358632355928421,-0.1707038045860827,-0.06045156717300415,-0.38999292254447937,-0.20039822766557336,-0.008730274258238035,0.16445463353937584,0.004471576010639088,0.1309035402355793,0.13887159752123504,0.0013649096768914065,0.3876996979880811,0.4027579506336245,0.942616056530251,0.05308589356501268,4.046715066144674
idle,ahad,rotate,0.08855786919593811,0.03799298405647278,-0.18232733476907015,-0.0793713927268982,-0.015074104070663452,-0.26689979899674654,0.09460505843162537,-0.15359631180763245,-0.04470583517104387,-0.08240476250648499,-0.19533899426460266,-0.13196081388741732,0.07783141732215881,-0.35893699526786804,-0.15214182902127504,-0.05855414271354675,-0.39246147871017456,-0.20040616858750582,0.0011451316602302502,-0.17046657475558466,0.1416577054469897,0.003784894943237365,-0.19882212985645958,-0.00024063399795330316,0.3837655421222987,0.39822057959562096,0.019036492112209837,0.0067175922568977284,10.934263098850021
idle,ahad,rotate,0.08861956000328064,0.030896693468093872,-0.16428013565018773,-0.07939416170120239,-0.024929851293563843,-0.26690879883244634,0.09485998749732971,-0.1589440405368805,-0.01826670067384839,-0.08235380053520203,-0.20181170105934143,-0.1319698137231171,0.07820817828178406,-0.359680712223053,-0.14505549194291234,-0.05722230672836304,-0.39589983224868774,-0.20041516842320561,0.0018694184043190993,-0.21503910873875817,0.5468848217843244,-0.0006899689183090782,-0.29865900675456203,-0.00027272229393323694,0.377533734661927,0.39118882094386226,0.0023102153040399976,0.008693347558664813,3.028397495572441
idle,ahad,rotate,0.08924493193626404,0.029543370008468628,-0.15913549484685063,-0.07915595173835754,-0.021489828824996948,-0.2704467666335404,0.09483495354652405,-0.15855535864830017,-0.017037598881870508,-0.08127778768539429,-0.20093706250190735,-0.14003968657925725,0.07860252261161804,-0.3570701777935028,-0.1405597967095673,-0.056008338928222656,-0.39464280009269714,-0.2037791651673615,0.01895066463585984,-0.04100980180682402,0.1558982061617243,0.007218483722570897,0.10424310510808377,-0.10721114548769457,0.37976771983671054,0.38720582741165976,0.06924596565999135,0.46208959105760594,12.634164539469305
idle,ahad,rotate,0.09002923965454102,0.03130626678466797,-0.15912375692278147,-0.07895052433013916,-0.018562138080596924,-0.2704350287094712,0.09504038095474243,-0.15566444396972656,-0.016835941933095455,-0.08055424690246582,-0.20014917850494385,-0.14002794865518808,0.07888621091842651,-0.35432228446006775,-0.12462806049734354,-0.055391281843185425,-0.3940363824367523,-0.19966254476457834,0.023766900553848183,0.053421114430283904,0.00035569466876261726,0.00622507297631476,0.08871790134545669,0.00035569466876261726,0.38281156012471085,0.3873286714102167,0.07016625411168424,0.44488880321021534,3.2935147781887806
idle,ahad,rotate,0.09046781063079834,0.031038731336593628,-0.15912466030567884,-0.0788189172744751,-0.017574042081832886,-0.2739130584523082,0.0951719880104065,-0.1545034945011139,-0.016779829747974873,-0.08042263984680176,-0.19891121983528137,-0.14002885203808546,0.07901781797409058,-0.3533707559108734,-0.12301268707960844,-0.05525967478752136,-0.3942604064941406,-0.19966344814747572,0.01329002958355549,-0.008107134790131669,-2.737523931445541e-05,0.003988092595880745,0.029942302992850115,-0.10539484069203053,0.38465654767745794,0.38627170596353494,0.1331881321453757,1.639098254721993,3.6668858902689663
idle,ahad,rotate,0.09061387181282043,0.029110819101333618,-0.1643216898664832,-0.078672856092453,-0.01761522889137268,-0.2739658197388053,0.09514179825782776,-0.15436062216758728,-0.016268319450318813,-0.08027657866477966,-0.19865790009498596,-0.14008161332458258,0.07916387915611267,-0.35394152998924255,-0.12306544836610556,-0.05511361360549927,-0.3950504660606384,-0.19971620943397284,0.004426096424911793,-0.05842158288666475,-0.15748574426679304,0.004426096424911793,-0.0012480851375694958,-0.0015988268635489119,0.3853899334362516,0.3854377795940413,3.5434705704082057,0.07576002645240924,3.2843011740401615
idle,ahad,rotate,0.0907166600227356,0.028552204370498657,-0.16617853846400976,-0.07934042811393738,-0.015090614557266235,-0.2739658197388053,0.0949556827545166,-0.15183600783348083,-0.011769724078476429,-0.0801737904548645,-0.1965528428554535,-0.14008161332458258,0.07926666736602783,-0.35194897651672363,-0.12216187920421362,-0.055010825395584106,-0.3929225206375122,-0.19971620943397284,0.0031147942398534172,-0.016927719116211208,-0.05626813931898727,-0.020229455196496535,0.0765034646698935,0.0,0.38582623478851746,0.3832097562442824,0.2644218907195014,0.18399467901092653,2.4722065647820504
idle,ahad,rotate,0.09120303392410278,0.02548542618751526,-0.16979977395385504,-0.07965296506881714,-0.014176517724990845,-0.2739658197388053,0.09418123960494995,-0.152395099401474,-0.011769724078476429,-0.08025854825973511,-0.19558611512184143,-0.12697119917720556,0.079334557056427,-0.3524198532104492,-0.10678125079721212,-0.05499580502510071,-0.3920346200466156,-0.17496226634830236,0.01473860307173319,-0.09293267221161962,-0.10973440878319193,-0.009470816814538355,0.027699904008345613,0.0,0.3913903736877889,0.38330744214123535,0.34189558621209715,0.1585927115649951,1.5144046138084568
idle,ahad,rotate,0.09105178713798523,0.025610893964767456,-0.1727271070703864,-0.07947057485580444,-0.015181630849838257,-0.2537212511524558,0.09259119629859924,-0.15489599108695984,-0.011769724078476429,-0.08085599541664124,-0.19546064734458923,-0.11786468233913183,0.07833144068717957,-0.35397869348526,-0.10678125079721212,-0.054952472448349,-0.3919091522693634,-0.16526566352695227,-0.0045832359429559995,0.0038020538561270457,-0.08870706413731094,0.0055269761518996485,-0.030457973480223454,0.6134717753439006,0.3877488281384412,0.3854853020205994,0.18145641564343032,1.205146210478196,18.678933682089983
idle,ahad,rotate,0.09069305658340454,0.025715231895446777,-0.17278344789519906,-0.08061280846595764,-0.01638549566268921,-0.25133180478587747,0.08824294805526733,-0.1549413800239563,-0.014912704471498728,-0.08335810899734497,-0.19508212804794312,-0.11792102316394448,0.07629001140594482,-0.3543716371059418,-0.10499399015679955,-0.05617967247962952,-0.3918048143386841,-0.16529433289542794,-0.010870622866081642,0.0031617554751309984,-0.0017072977215955023,-0.034613139701612616,-0.036480751904574886,0.07240746565389027,0.38592627474502755,0.38635331793337674,0.9487795375657948,3.4370734479975535,16.44195874367648
idle,ahad,rotate,0.08856216073036194,0.02570289373397827,-0.17279450176283717,-0.08077511191368103,-0.016397833824157715,-0.2513428586535156,0.0847991406917572,-0.15712577104568481,-0.014923758339136839,-0.0851094126701355,-0.19509446620941162,-0.1179320770315826,0.07425031065940857,-0.35486727952957153,-0.10500504402443767,-0.05787298083305359,-0.3918171525001526,-0.16530538676306605,-0.06457260160735262,-0.0003738836808638199,-0.00033496568600337244,-0.00491828629464822,-0.0003738836808638199,-0.00033496568600337244,0.38583237164924655,0.38682540817630895,13.11949958268478,172.24703262239157,2.62028387295388
idle,ahad,rotate,0.08682781457901001,0.02585098147392273,-0.1727806399576366,-0.08226698637008667,-0.01637515425682068,-0.251328996848315,0.08378869295120239,-0.15714719891548157,-0.02823416842147708,-0.08674827218055725,-0.19488117098808289,-0.11791821522638202,0.07305866479873657,-0.35591354966163635,-0.10552407754585147,-0.05995836853981018,-0.3917279541492462,-0.16529152495786548,-0.05255594398036231,0.004487507271044254,0.00042005470304778796,-0.04520831686077768,0.0006872596162738331,0.00042005470304778796,0.38573286790974975,0.387888117768868,65.68497670331271,11.709002750069098,1.2215476807590844
idle,ahad,rotate,0.08809849619865417,0.026153206825256348,-0.1723348731175065,-0.08211934566497803,-0.01640111207962036,-0.25132154766470194,0.08308258652687073,-0.15738779306411743,-0.028226719237864017,-0.08669927716255188,-0.19490712881088257,-0.12415436748415232,0.0732441246509552,-0.35722413659095764,-0.10551662836223841,-0.061155736446380615,-0.3917260766029358,-0.1644334876909852,0.0385055036255793,0.009158343979806263,0.01350808606454769,0.004473960760867787,-0.0007866006908994435,0.00022573283675944312,0.3858209907092851,0.38944000517554134,5.680493697584882,4.2039586798435495,1.5061974009171908
idle,ahad,rotate,0.08758506178855896,0.0261307954788208,-0.1723348731175065,-0.08159971237182617,-0.016034841537475586,-0.26902198139578104,0.0819486677646637,-0.15744227170944214,-0.028452706523239613,-0.08657023310661316,-0.1917041540145874,-0.13670019153505564,0.07349243760108948,-0.3584645688533783,-0.10551662836223841,-0.06292152404785156,-0.3917069137096405,-0.16528407577425241,-0.015558618487734032,-0.000679131710168098,0.0,0.015746463428844355,0.011099107337720644,-0.5363767797296783,0.39017936079697413,0.3906108986632108,1.4185865910804625,22.87589044170377,16.268257268357363
idle,ahad,rotate,0.08705681562423706,0.02633768320083618,-0.17234232230111957,-0.07884570956230164,-0.015817224979400635,-0.2700565974228084,0.08230262994766235,-0.1578027606010437,-0.02823416842147708,-0.08620530366897583,-0.19158947467803955,-0.13859868748113513,0.07337284088134766,-0.35856500267982483,-0.10522756678983569,-0.06316933035850525,-0.39166828989982605,-0.16843878431245685,-0.016007459524906297,0.006269324909557096,-0.00022573283675945526,0.08345463059165394,0.006594441153786504,-0.03135200081901167,0.3896613296288065,0.39094976553292654,12.653381122768696,2.552891557582298,15.441310887977286
idle,ahad,rotate,0.08362415432929993,0.02558821439743042,-0.17233425378799438,-0.07794034481048584,-0.01509249210357666,-0.27265873551368713,0.0786653459072113,-0.15860342979431152,-0.028452087193727493,-0.08631756901741028,-0.19016355276107788,-0.14087872207164764,0.07166287302970886,-0.35936567187309265,-0.10521949827671051,-0.06542468070983887,-0.39183181524276733,-0.17742745578289032,-0.10402003924051527,-0.022711175860779798,0.0002445003977327543,0.02743529550956853,0.02196160229769537,-0.07885266942056443,0.3887906327143454,0.3909436752429257,1.2491823663558956,4.579923996632168,2.27386417266228
idle,ahad,rotate,0.08067348599433899,0.026402413845062256,-0.17238090932369232,-0.07633477449417114,-0.010469555854797363,-0.29118436574935913,0.0764913260936737,-0.1593407392501831,-0.030771711841225624,-0.08471199870109558,-0.18703752756118774,-0.15504787862300873,0.07117411494255066,-0.36010298132896423,-0.10551600903272629,-0.06582200527191162,-0.3925691246986389,-0.18196247518062592,-0.08941419196851469,0.024672710534298453,-0.0014138041120587198,0.048653645948931,0.1400889772357385,-0.5613827344143119,0.3975424759780751,0.3923615340982482,0.3473028328576166,3.6238648355796235,15.067633222123368
idle,ahad,rotate,0.08066864311695099,0.027042657136917114,-0.17889583250507712,-0.06930942833423615,-0.00992998480796814,-0.29413397749885917,0.07709290087223053,-0.1597360074520111,-0.030913844238966703,-0.08264093101024628,-0.1869085729122162,-0.15525354584679008,0.07099129259586334,-0.36049824953079224,-0.10552019765600562,-0.06581313908100128,-0.3929643929004669,-0.18304248293861747,-0.0001467538602424414,0.019401311874389957,-0.1974219145874214,0.2128892775737912,0.016350637782704007,-0.08938217422727525,0.39883442928731894,0.39454478737329995,13.019446761410984,0.007563730610688144,15.601471763198047
idle,ahad,rotate,0.0824161022901535,0.02711150050163269,-0.17880956549197435,-0.05527894198894501,-0.006505459547042847,-0.35018393117934465,0.07889865338802338,-0.1596907079219818,-0.05144427437335253,-0.07899869978427887,-0.1869085729122162,-0.23252095002681017,0.07151047885417938,-0.36048591136932373,-0.11672825831919909,-0.0628110021352768,-0.3929643929004669,-0.24399241525679827,0.05295330827886208,0.002086162567138593,0.002614151912205048,0.42516625288759413,0.10377349275530798,-1.6984834448631323,0.4008539349347124,0.39268915825608375,4.0970207764840865,25.37095534032057,49.25441503409085
idle,ahad,rotate,0.08219011127948761,0.027404814958572388,-0.17879054509103298,-0.041896745562553406,-0.006212145090103149,-0.3501649107784033,0.07738609611988068,-0.15858498215675354,-0.060644352808594704,-0.07661376893520355,-0.1866152584552765,-0.24941099248826504,0.07056404650211334,-0.3598845601081848,-0.11670923791825771,-0.06222693622112274,-0.3931999206542969,-0.24490044079720974,-0.006848212444421126,0.008888316876960664,0.0005763757861021885,0.405521103830055,0.008888316876960664,0.0005763757861021885,0.4015637729287319,0.3924058028649519,45.618927690730075,0.7703868069064257,51.57032163985652
idle,ahad,rotate,0.08202749490737915,0.028884708881378174,-0.1729787727817893,-0.024552345275878906,-0.004732251167297363,-0.3501531919464469,0.0773668885231018,-0.1525149941444397,-0.06063263397663832,-0.07059371471405029,-0.1851353645324707,-0.24939927365630865,0.06856381893157959,-0.35693058371543884,-0.11669751908630133,-0.0630611777305603,-0.39207103848457336,-0.24488872196525335,-0.004927768851771578,0.04484527038805484,0.1761143124013264,0.5255878874749932,0.04484527038805484,0.00035511611989050767,0.40323054817047566,0.3901311190995724,11.719768063811784,0.10988135265500536,3.7980450237295913
idle,ahad,rotate,0.08436904847621918,0.03213810920715332,-0.17298673558980227,0.008340582251548767,-0.0014788508415222168,-0.35016115475445986,0.08195053040981293,-0.14701175689697266,-0.06064059678465128,-0.05494733154773712,-0.18243122100830078,-0.2494072364643216,0.07185010612010956,-0.35328999161720276,-0.11670548189431429,-0.05722133815288544,-0.3901488780975342,-0.24489668477326632,0.07095616875272921,0.09858788865985449,-0.0002412972125140142,0.9967553796190363,0.09858788865985449,-0.0002412972125140142,0.40797471016562786,0.3897167231981731,10.11022026080426,0.719717705689309,14.370393193417216
idle,ahad,rotate,0.08389225602149963,0.03667116165161133,-0.117738819681108,0.03755435347557068,-0.010913431644439697,-0.33132446464151144,0.08451947569847107,-0.14283102750778198,-0.060656349174678326,-0.038094401359558105,-0.18401426076889038,-0.24942298885434866,0.07415714859962463,-0.3490663468837738,-0.1046523293480277,-0.05213293433189392,-0.38771313428878784,-0.24398539122194052,-0.014448256203621982,0.1373652255896314,1.6741792699603688,0.8852657946672972,-0.28589638796718553,0.5708087913014456,0.39705155742411763,0.3860821855989208,3.096445899564866,0.1051805576050752,21.133105866411764
idle,ahad,rotate,0.08489596843719482,0.03846123814582825,-0.07849036529660225,0.051855266094207764,-0.07142546772956848,-0.33141352608799934,0.08513712882995605,-0.1415497362613678,0.02002258040010929,-0.03036227822303772,-0.20840206742286682,-0.25559358671307564,0.0729207992553711,-0.3477850556373596,-0.04115133360028267,-0.0520196259021759,-0.3899727463722229,-0.21396799758076668,0.03041552774833959,0.05424474224899841,1.1893471025607991,0.4333609884435549,-1.83369806318575,-0.0026988317117546973,0.35504339746606256,0.38823164145417194,0.2363315754171034,0.5606988952004096,51.859977591637985
rotate,ahad,rotate,0.08263806998729706,0.03846123814582825,-0.054126120172441006,0.0721578449010849,-0.1287054717540741,-0.3314257701858878,0.08665989339351654,-0.1415497362613678,0.02001033630222082,-0.019922956824302673,-0.23124679923057556,-0.25607047881931067,0.07355616986751556,-0.3477850556373596,-0.017898469232022762,-0.05072300136089325,-0.3928745687007904,-0.16935099568217993,-0.06842116514841824,0.0,0.7383104583079282,0.6152296608144685,-1.735757697712319,-0.00037103326934757245,0.3333965307110007,0.3880478360507827,0.3544442333057722,68421.16514841825,6.259901088576997
rotate,ahad,rotate,0.08125901222229004,0.03865441679954529,-0.05405597947537899,0.09933125972747803,-0.1919747292995453,-0.3313556294888258,0.08623677492141724,-0.14648213982582092,0.020080476999282837,-0.004977703094482422,-0.25811395049095154,-0.26385882310569286,0.07270234823226929,-0.3475918769836426,-0.017828328534960747,-0.05045938491821289,-0.39635157585144043,-0.1692808549851179,-0.04178962924263536,0.0058538985974858695,0.002125475668545845,0.8234368129209727,-1.9172502286505695,0.002125475668545845,0.3007912318540823,0.3880358986647338,0.42948821761900097,7.137549617098422,8.37022081236205
rotate,ahad,rotate,0.07974858582019806,0.04501256346702576,-0.05392846930772066,0.1081743985414505,-0.24915346503257751,-0.34303603786975145,0.08125968277454376,-0.14882424473762512,0.020207987166941166,-0.0007726997137069702,-0.28693339228630066,-0.2747191609814763,0.06923003494739532,-0.34853217005729675,-0.017700818367302418,-0.0500076562166214,-0.39955031871795654,-0.16915334481745958,-0.04577049703309103,0.19267111113577484,0.0038639444744948803,0.2679739034537156,-1.7326889616070649,-0.3539517691189649,0.27906265781910794,0.39534863081823685,0.15465773415410716,0.23755642040397246,20.76128941215139
rotate,ahad,rotate,0.07809092104434967,0.044768333435058594,-0.05392846930772066,0.10858376324176788,-0.30739039182662964,-0.40786118526011705,0.07668991386890411,-0.14928239583969116,0.019461517222225666,-0.0003633350133895874,-0.3084360361099243,-0.3145506205037236,0.06676842272281647,-0.35013681650161743,-0.017700818367302418,-0.04991169273853302,-0.4025627374649048,-0.16915334481745958,-0.05023226593480046,-0.007400910059611121,0.0,0.012404990918708768,-1.764755357395547,-1.9643984057686859,0.30192717338704717,0.39672499178575893,0.00702929379838939,6.786392367680234,49.42165138489761
rotate,ahad,rotate,0.0760868638753891,0.044957369565963745,-0.06835309881716967,0.10957013070583344,-0.37445616722106934,-0.4780243756249547,0.07745836675167084,-0.14950934052467346,-0.02970470581203699,0.0006230324506759644,-0.34776830673217773,-0.3684699656441808,0.06774215400218964,-0.3499477803707123,-0.03910543862730265,-0.04965595901012421,-0.4024328291416168,-0.18112085480242968,-0.06072900512001828,0.005728367603186496,-0.4371099851348253,0.029889923153502043,-2.0322962240739626,-2.1261572837829927,0.3380641092089818,0.396074661214219,0.014707456566606145,10.59960004769858,9.488757680939495
rotate,ahad,rotate,0.07398273050785065,0.044889986515045166,-0.076193792745471,0.11038251221179962,-0.4306034445762634,-0.4904560875147581,0.07798267900943756,-0.14957672357559204,-0.03810934163630009,0.0014354139566421509,-0.3811294138431549,-0.39802212826907635,0.06778736412525177,-0.35001516342163086,-0.042197467759251595,-0.04900984466075897,-0.40264996886253357,-0.1819510143250227,-0.0637616171981325,-0.002041910633896259,-0.23759678570609205,0.024617621392913812,-1.7014326471270291,-0.3767185421152406,0.3483714977113816,0.3964141901139411,0.01446875194603217,31.211163200284354,53.953304424927914
rotate,ahad,rotate,0.07277418673038483,0.04256784915924072,-0.14572489075362682,0.10816700756549835,-0.47729647159576416,-0.5025751870125532,0.07801760733127594,-0.14964324235916138,-0.08197895251214504,-0.0012003034353256226,-0.4011490046977997,-0.40330937318503857,0.06753529608249664,-0.3500816822052002,-0.04227192886173725,-0.04936261475086212,-0.4027164876461029,-0.19439141266047955,-0.03662253871108605,-0.07036779866074183,-2.1070029699441495,-0.06713650443337288,-1.414940212712166,-0.3672454393271302,0.35405507295752275,0.40608326212753504,0.0474482641612264,0.5204371739760488,9.120480905933544
rotate,ahad,rotate,0.0722218006849289,0.04054483771324158,-0.15520968846976757,0.10082344710826874,-0.5207388997077942,-0.5067915003746748,0.07811932265758514,-0.14992180466651917,-0.08197895251214504,-0.0021302253007888794,-0.42825931310653687,-0.4055339377373457,0.06763701140880585,-0.34805649518966675,-0.04227192886173725,-0.0494035929441452,-0.4029950499534607,-0.1945521365851164,-0.016738971074422467,-0.061303377151490236,-0.28741811261033023,-0.2225321350675676,-1.3164372155160824,-0.12776707157944392,0.3659579183698432,0.40470600906325155,0.16904107799721424,0.273046915280756,9.151341112930188
rotate,ahad,rotate,0.07231326401233673,0.039583832025527954,-0.16624377481639385,0.09759719669818878,-0.571804404258728,-0.5194190423935652,0.07821078598499298,-0.1495700180530548,-0.08197895251214504,-0.004522368311882019,-0.4544833302497864,-0.4154432397335768,0.06547017395496368,-0.34637323021888733,-0.04227192886173725,-0.0504002720117569,-0.403098464012146,-0.1945521365851164,0.002771615982055559,-0.02912138447616929,-0.3343662529280565,-0.09776516394181314,-1.5474395318464214,-0.38265278845120915,0.39484611117318885,0.40543643196841334,0.06317862427007698,0.09517132720789258,11.088408225208468
rotate,ahad,rotate,0.07241038978099823,0.03893664479255676,-0.16625311318784952,0.09295253455638885,-0.6124062985181808,-0.5068008387461305,0.07874606549739838,-0.1485573947429657,-0.08198829088360071,-0.005936041474342346,-0.47487133741378784,-0.41545257810503244,0.0650096982717514,-0.3422987461090088,-0.04020397085696459,-0.05179132521152496,-0.4030614197254181,-0.19456147495657206,0.0029432051109545628,-0.01961173433246066,-0.00028298095320210764,-0.14074733763030306,-1.2303604321046504,0.3823698074980276,0.40282686543598134,0.40160126966063764,0.11439511509194607,0.15006602654497392,25.12861672246862
rotate,ahad,rotate,0.07238297164440155,0.03580179810523987,-0.16625311318784952,0.07141213119029999,-0.6420559585094452,-0.5025845253840089,0.07902269065380096,-0.1485573947429657,-0.07656697276979685,-0.01881648600101471,-0.48360633850097656,-0.41545257810503244,0.06498228013515472,-0.34106123447418213,-0.04020397085696459,-0.05353905260562897,-0.4025196135044098,-0.19456147495657206,-0.000830852624141822,-0.09499535416111952,0.0,-0.6527394959420972,-0.8984745451898429,0.12776707157944392,0.40971777909311996,0.39745301840862296,0.7264966747694585,0.008746152749532323,20.0345607092567
rotate,ahad,rotate,0.07262545824050903,0.03389665484428406,-0.16264057997614145,0.04910975694656372,-0.661361962556839,-0.5025845253840089,0.07917296886444092,-0.14843162894248962,-0.07656697276979685,-0.02631533145904541,-0.5005926191806793,-0.40554327610880136,0.06493788957595825,-0.3402978777885437,-0.04020397085696459,-0.05358344316482544,-0.40121570229530334,-0.16421630326658487,0.007348078669923446,-0.05773161396835571,0.10947070338508885,-0.675829522537437,-0.5850304256785778,0.0,0.43899319335963155,0.39379102353516726,1.1552020846633024,0.1272777753307872,10.280938434812628
rotate,ahad,rotate,0.07298102974891663,0.03245982527732849,-0.16192612890154123,0.03047814965248108,-0.6868356317281723,-0.5270050251856446,0.07928261160850525,-0.1483762562274933,-0.07633779291063547,-0.03308272361755371,-0.5135959684848785,-0.3704373324289918,0.06490740180015564,-0.3402978777885437,-0.04020397085696459,-0.05361393094062805,-0.401085764169693,-0.15840566996484995,0.01077489419416965,-0.04354028990774513,0.021650032563643368,-0.5645941604267557,-0.7719293688282945,-0.7400151455041252,0.4739092207346804,0.392211387420392,0.7314055557676109,0.24746382610619463,23.373183921729915
rotate,ahad,rotate,0.07265637814998627,0.030918985605239868,-0.1570928432047367,0.009118065237998962,-0.6877195835113525,-0.5373808927834034,0.07960550487041473,-0.14843788743019104,-0.07597945258021355,-0.048898354172706604,-0.5136758983135223,-0.3704293556511402,0.06486158072948456,-0.3403778076171875,-0.05466258153319359,-0.05405499041080475,-0.4006122052669525,-0.1540622003376484,-0.009837927240314062,-0.04669211127541356,0.14646320293347273,-0.6472752852873472,-0.026786417672128814,-0.3144202302351192,0.48306800927064414,0.3852454101351312,24.163407358254247,0.21069333294768602,26.12404572215579
rotate,ahad,rotate,0.07318228483200073,0.030430734157562256,-0.1570653123781085,-0.011251986026763916,-0.6882078349590302,-0.5373533619567752,0.08015424013137817,-0.14892613887786865,-0.07595192175358534,-0.06193092465400696,-0.5141641497612,-0.36357864271849394,0.06463587284088135,-0.3408660590648651,-0.05514706205576658,-0.05520951747894287,-0.39707455039024353,-0.1474048150703311,0.01593656612165072,-0.014795498414473337,0.0008342674735820788,-0.6172742807504001,-0.014795498414473337,0.0008342674735820788,0.48862124715778443,0.38512553740819044,41.71759178824413,1.0770498313345687,9.603203893333275
rotate,ahad,rotate,0.0748390257358551,0.027618229389190674,-0.13339853193610907,-0.03619447350502014,-0.6910203397274017,-0.537335722707212,0.08059677481651306,-0.1519380807876587,-0.06750522460788488,-0.07144498825073242,-0.5169766545295715,-0.3528263559564948,0.0649886429309845,-0.34400954842567444,-0.056177555583417416,-0.055816709995269775,-0.3982396423816681,-0.12982928659766912,0.05020426981376689,-0.08522741722337804,0.7171751649090466,-0.7558329538865236,-0.08522741722337804,0.0005345227140368634,0.5021623884500255,0.3796937113962782,8.86832090176608,0.5890555221996535,4.710074673505357
rotate,ahad,rotate,0.07650384306907654,0.026821792125701904,-0.13342097774147987,-0.058351993560791016,-0.6918167769908905,-0.5615034736692905,0.08025559782981873,-0.152535080909729,-0.05919100344181061,-0.08452171087265015,-0.5095099806785583,-0.3528488017618656,0.06441101431846619,-0.34509485960006714,-0.06114647909998894,-0.057329028844833374,-0.39651769399642944,-0.12650436535477638,0.05044901009762006,-0.024134462529963097,-0.0006801759203275154,-0.6714400016900371,-0.024134462529963097,-0.7323560897599684,0.5257630826794537,0.37906705936018426,27.81964509097244,2.0902441805285426,22.432086452524754
rotate,ahad,rotate,0.07703320682048798,0.02653723955154419,-0.1334332562983036,-0.08198349177837372,-0.6828364431858063,-0.5844889916479588,0.07951651513576508,-0.15332305431365967,-0.05191629007458687,-0.09827794134616852,-0.500280350446701,-0.3408312536776066,0.06308518350124359,-0.3468913435935974,-0.06115875765681267,-0.05893392860889435,-0.39515402913093567,-0.1110834889113903,0.01604132580034686,-0.008622805277506649,-0.00037207747950698984,-0.7161060065934266,0.27213132742679913,-0.6965308478384418,0.554441361858948,0.3806140528385427,2.6314624703529645,1.8601215222457803,9.14388193858441
rotate,ahad,rotate,0.07812514901161194,0.024591416120529175,-0.1334207714535296,-0.10750061273574829,-0.666617825627327,-0.5978465438820422,0.07891574501991272,-0.15562686324119568,-0.04569529974833131,-0.10881486535072327,-0.4805079400539398,-0.33002961287274957,0.06279364228248596,-0.3496294319629669,-0.06114627281203866,-0.059869587421417236,-0.3935462236404419,-0.11094955960288644,0.03308915730678549,-0.05896434639439215,0.00037832862951537346,-0.773246089617382,0.49147325934783925,-0.4047743101237245,0.5602726904680565,0.3814444932002495,1.5733196091356632,0.5611627732239084,11.195636919330832
rotate,ahad,rotate,0.07973696291446686,0.024550408124923706,-0.13902905164286494,-0.13140340149402618,-0.6596481055021286,-0.6255316543392837,0.07900591194629669,-0.15747299790382385,-0.044757753144949675,-0.11949045956134796,-0.4512053430080414,-0.32998086092993617,0.06340564787387848,-0.3520994782447815,-0.061097520869225264,-0.060022518038749695,-0.39359694719314575,-0.11090080766007304,0.048842845541058943,-0.0012426665334990727,-0.16994788452531623,-0.7243269320690386,0.21120364015752954,-0.8389427411285447,0.5837151340458533,0.38497424880372133,3.4295029291439363,39.273265160266824,15.7297647905183
rotate,ahad,rotate,0.0798904299736023,0.023599475622177124,-0.15269849495962262,-0.15271598100662231,-0.6183209419250488,-0.6505645890720189,0.07889449596405029,-0.15842393040657043,-0.044772711116820574,-0.12945857644081116,-0.4255165755748749,-0.3297559102065861,0.06396341323852539,-0.3542504608631134,-0.07719039218500257,-0.060438066720962524,-0.39341840147972107,-0.11091576563194394,0.004650516943498165,-0.02881613644686658,-0.4142255550532696,-0.6458357428059537,1.2523382902145586,-0.7585737797798653,0.591876016412163,0.385649734796538,0.5157034901422801,0.16138025900223812,31.73266135087299
rotate,ahad,rotate,0.0797589123249054,0.02187246084213257,-0.15341167710721493,-0.16867443919181824,-0.5645892024040222,-0.6797017510980368,0.07915833592414856,-0.160150945186615,-0.04475575126707554,-0.13481080532073975,-0.39903533458709717,-0.31184748373925686,0.06453058123588562,-0.3561871349811554,-0.07725111208856106,-0.06076228618621826,-0.3951454162597656,-0.1108988057821989,-0.0039853832938455,-0.052333781213472215,-0.02161158023007023,-0.48358964197564175,1.6282345309402262,-0.8829443038187385,0.6032354598572407,0.3859551680257505,0.29700226581862665,0.07615171405015003,12.966362084564212
rotate,ahad,rotate,0.08080562949180603,0.019708901643753052,-0.15417883824557066,-0.18709644675254822,-0.5133765637874603,-0.6797149134799838,0.07998952269554138,-0.1623145043849945,-0.045657708309590816,-0.1413867175579071,-0.37617552280426025,-0.31176852714270353,0.06570908427238464,-0.3584981858730316,-0.0778501583263278,-0.06096106767654419,-0.39720919728279114,-0.11374505888670683,0.03171870202729076,-0.06556239995089196,-0.02324730722290009,-0.5582426533554328,1.551898139895756,-0.0003988600590012139,0.5913770939118393,0.38612766555079303,0.35971580820189836,0.4837867171478078,26.938810659513283
rotate,ahad,rotate,0.08282288908958435,0.01936522126197815,-0.20700535085052252,-0.1981106698513031,-0.4639211595058441,-0.6797107299789786,0.08033600449562073,-0.16299870610237122,-0.05400970112532377,-0.14357036352157593,-0.3469904959201813,-0.31176434364169836,0.06604298949241638,-0.35880178213119507,-0.10711648967117071,-0.06096106767654419,-0.39693716168403625,-0.11493001785129309,0.06112907872055613,-0.010414557023482054,-1.600803412271294,-0.33376433632591085,1.4986486145944544,0.00012677275773250897,0.5850419832220096,0.3914966565292367,0.22271005382150647,5.869016758560254,6.991159513390571
rotate,ahad,rotate,0.08360448479652405,0.01931777596473694,-0.2222354505211115,-0.21107244491577148,-0.41992998123168945,-0.6797439996153116,0.08036109805107117,-0.1630113422870636,-0.07185720838606358,-0.1441839635372162,-0.32027027010917664,-0.28473212756216526,0.06617340445518494,-0.35893893241882324,-0.12313489802181721,-0.0625886619091034,-0.39693716168403625,-0.11682385392487049,0.023684718392112416,-0.001437736280036718,-0.4615181718360368,-0.3927810625596542,1.3330660083077384,-0.0010081707979693719,0.58262783489194,0.3914114197423183,0.29464465035277565,16.46216802950709,5.326947069796459
rotate,ahad,rotate,0.08487322926521301,0.01912936568260193,-0.25308698462322354,-0.217848539352417,-0.3651576340198517,-0.6640976672060788,0.08063611388206482,-0.163123220205307,-0.08516398118808866,-0.14411529898643494,-0.29637792706489563,-0.26698920177295804,0.06661286950111389,-0.35904598236083984,-0.13869664119556546,-0.06412887573242188,-0.39704421162605286,-0.13047289894893765,0.03844680208148232,-0.005709402488939474,-0.934894972791239,-0.2053361950498561,1.6597680973283544,0.47413128512825037,0.5562390512292069,0.3955188810613094,0.12371371137128369,6.732765712390721,18.373418134443593
rotate,ahad,rotate,0.08557508885860443,0.019321829080581665,-0.2793487817980349,-0.2176041454076767,-0.3142772614955902,-0.5345737845636904,0.08132807910442352,-0.16286900639533997,-0.117233379278332,-0.14387090504169464,-0.26972904801368713,-0.21849254379048944,0.06760327517986298,-0.3587765097618103,-0.16793448338285089,-0.06514374911785126,-0.39506426453590393,-0.1421858579851687,0.02126847252701302,0.005832224181204224,-0.7958120356003571,0.007405877113342403,1.5418294704321904,3.9249661406784973,0.42864787089367146,0.39458140581333445,0.004803301825567413,3.6460920866960933,104.83022221954853
rotate,ahad,rotate,0.08585566282272339,0.019373148679733276,-0.28286001115338877,-0.21732357144355774,-0.2494896948337555,-0.4399508538772352,0.08164769411087036,-0.16311874985694885,-0.12385877995984629,-0.14359033107757568,-0.25259944796562195,-0.16515910654561594,0.06788384914398193,-0.35866039991378784,-0.17662492423551157,-0.06564009189605713,-0.39290714263916016,-0.14567652373807505,0.008502241336938242,0.001555139368230671,-0.10640088955617934,0.008502241336938242,1.9632595958132044,2.867361535953234,0.360796097098492,0.39308808636431913,0.0043306738570874845,5.463676011619244,34.49933194984467
rotate,ahad,rotate,0.0859864205121994,0.01932835578918457,-0.28287296451162547,-0.21719281375408173,-0.19482910633087158,-0.33440365351270884,0.08177845180034637,-0.1631494164466858,-0.12387173331808299,-0.14095593988895416,-0.23359352350234985,-0.13624351180624217,0.06801460683345795,-0.35817214846611023,-0.17663787759374827,-0.06686241924762726,-0.3899475932121277,-0.15117362595628947,0.003962354226545704,-0.0013573603196577078,-0.0003925260071727214,0.003962354226545704,1.6563814697842982,3.1984000110461324,0.30699135889080553,0.3925754838147107,0.002392173485790211,2.917012643261086,13.679435907966049
rotate,ahad,rotate,0.08625167608261108,0.019163519144058228,-0.28286860254593194,-0.20920538902282715,-0.14302316308021545,-0.27153981593437493,0.08204370737075806,-0.16331598162651062,-0.12386737135238945,-0.12849494814872742,-0.21861305832862854,-0.10863636550493538,0.06827986240386963,-0.3581988215446472,-0.17663351562805474,-0.06735268235206604,-0.3871820867061615,-0.15747434762306511,0.00803804758823292,-0.004995049852313497,0.00013218077859192395,0.242043173674385,1.5698770682017258,1.904964775101058,0.3045434311179277,0.3924426275895764,0.1541796006817537,1.608880580827427,39.93958014471767
rotate,ahad,rotate,0.0868697464466095,0.018811017274856567,-0.2793937709648162,-0.20326459407806396,-0.10466811060905457,-0.27153981593437493,0.08275118470191956,-0.16338375210762024,-0.11945250746794045,-0.11648568511009216,-0.2091805636882782,-0.10863636550493538,0.06882026791572571,-0.3582155704498291,-0.17080315318889916,-0.06671619415283203,-0.3851626217365265,-0.15938400593586266,0.01872940496964918,-0.010681874824292902,0.10529792670047812,0.18002408923525084,1.1622743173079242,0.0,0.331514044968238,0.3927680661605679,0.15488936791002736,1.753217675738223,59.0627529170174
rotate,ahad,rotate,0.08752825856208801,0.01802527904510498,-0.2774351027328521,-0.18524911999702454,-0.06508421897888184,-0.27153981593437493,0.08334299921989441,-0.16352909803390503,-0.11945250746794045,-0.1102013885974884,-0.1990688443183899,-0.10863636550493538,0.06899616122245789,-0.3584096133708954,-0.17826088634319603,-0.06626728177070618,-0.3830222487449646,-0.16256944206543267,0.019954912590258368,-0.023810249386412102,0.059353582786792196,0.5459234570012035,1.1995118675810108,0.0,0.356533043321919,0.3897206590066193,0.455120967649256,0.83804559208244,11.145130850419575
rotate,ahad,rotate,0.08785554766654968,0.018011480569839478,-0.2590485003311187,-0.16551926732063293,-0.04036709666252136,-0.27153981593437493,0.08328661322593689,-0.16354289650917053,-0.09740812447853386,-0.10171559453010559,-0.19061574339866638,-0.10863636550493538,0.06859251856803894,-0.358487069606781,-0.17826088634319603,-0.06627166271209717,-0.3807964026927948,-0.163244852097705,0.009917851650353257,-0.00041813561410613355,0.5571697697494759,0.5978743235269955,0.7490037065563496,0.0,0.37076946829151325,0.3855500760588809,0.798225055588507,23.66263165563845,13.742231988317661
rotate,ahad,rotate,0.08787375688552856,0.017943471670150757,-0.2392863317654701,-0.14799430966377258,-0.012957841157913208,-0.27904885851603467,0.08302813768386841,-0.16361090540885925,-0.09727119498711545,-0.0965694785118103,-0.177056223154068,-0.1208323299215408,0.06795859336853027,-0.3587915897369385,-0.17827214144926984,-0.06628060340881348,-0.37761181592941284,-0.18510545634489972,0.0005517945145115796,-0.0020608757481430846,0.5988535928984522,0.5310593229351707,0.8305835001396543,-0.22754674489878368,0.3853245565988013,0.3821631217834259,0.639380247098132,0.2676177335169314,7.599781794461543
rotate,ahad,rotate,0.08770018815994263,0.017872750759124756,-0.23623129108455032,-0.1317727267742157,0.0027098655700683594,-0.27903381863143295,0.08317971229553223,-0.1637033224105835,-0.09099006035830826,-0.09098762273788452,-0.1688130497932434,-0.1292177973082289,0.06779336929321289,-0.3592737317085266,-0.17079936841037124,-0.06622260808944702,-0.37479346990585327,-0.2026208577444777,-0.005259658351089099,-0.002143057909878852,0.09257699033090372,0.491563117865368,0.47477899175702476,0.00045575407883999747,0.3906974877658479,0.38329764828388263,1.0353492699770976,2.4531325981704906,12.861554885327427
idle,ahad,rotate,0.08724428713321686,0.018937021493911743,-0.226588822202757,-0.11530371010303497,0.01047465205192566,-0.2790119417477399,0.08343727886676788,-0.16371098160743713,-0.09008692880161107,-0.08581091463565826,-0.1685982644557953,-0.13763429899699986,0.0680401474237442,-0.360309362411499,-0.16912756045348942,-0.06567476689815521,-0.3742471933364868,-0.20259898086078465,-0.013815182628053084,0.03225062832687718,0.29219602672099865,0.49906111124788183,0.2352965600562729,0.0006629358694860178,0.39536422563784157,0.3840552242700638,2.1209786923779754,0.4283561278839394,7.260602135019399
idle,ahad,rotate,0.08708931505680084,0.020221084356307983,-0.22439881786704063,-0.10496626794338226,0.019772738218307495,-0.27900904044508934,0.08391661942005157,-0.1640535295009613,-0.08799229189753532,-0.0811673253774643,-0.1688101589679718,-0.1377885602414608,0.06848885118961334,-0.36151567101478577,-0.16912465915083885,-0.06510959565639496,-0.3745119869709015,-0.20259607955813408,-0.0046961235277581245,0.03891099583018972,0.06636376774898187,0.3132558230197841,0.2817601868600601,8.791826213851259e-05,0.4035937802231765,0.3861659750406665,1.1117777665217112,0.12068575326364153,5.803865308588486
idle,ahad,rotate,0.08713555335998535,0.019194096326828003,-0.19859195407480001,-0.09610375761985779,0.019686728715896606,-0.27185752149671316,0.08438223600387573,-0.1655527651309967,-0.06358278449624777,-0.07778027653694153,-0.16958823800086975,-0.13991234358400106,0.06877541542053223,-0.36370450258255005,-0.15610759612172842,-0.06470417976379395,-0.37597084045410156,-0.20260051544755697,0.0014011607025609094,-0.03112084937818172,0.7820261755224555,0.26856091889468536,-0.002606348557905759,0.21671269540534221,0.4028987198018179,0.3856855615428263,103.00154081063691,0.04502176864666683,10.91701122383152
idle,ahad,rotate,0.08702003955841064,0.01818099617958069,-0.19789612526074052,-0.08977872133255005,0.01993843913078308,-0.2718589180149138,0.08436751365661621,-0.16664209961891174,-0.06303718173876405,-0.07510128617286682,-0.1702563464641571,-0.14034132892265916,0.06863206624984741,-0.3653554916381836,-0.15441695088520646,-0.064843088388443,-0.3767410218715668,-0.1980116688646376,-0.003500418229536444,-0.030700004462038667,0.021085721638165744,0.19166776628204543,0.007627588329892881,-4.231873335260173e-05,0.4042645133801642,0.3864308394193721,25.12493242438956,0.11401640730890934,6.976283221197764
idle,ahad,rotate,0.08680516481399536,0.01721853017807007,-0.19403797574341297,-0.084901362657547,0.01897597312927246,-0.2718593645840883,0.08436751365661621,-0.16767430305480957,-0.06123758293688297,-0.07405731081962585,-0.17121881246566772,-0.14069475419819355,0.06863206624984741,-0.3666369915008545,-0.15189778991043568,-0.06518736481666565,-0.3772791624069214,-0.19727514870464802,-0.006511355891372322,-0.029165636409413196,0.11691362173720025,0.14779874772736756,-0.029165636409413196,-1.3532399228125122e-05,0.403694908821041,0.3865890819679979,5.067390893235369,0.22324671929845352,1.7350259282870053
idle,ahad,rotate,0.08654290437698364,0.016328155994415283,-0.18903136905282736,-0.08085942268371582,0.018085598945617676,-0.2718620663508773,0.08436751365661621,-0.16887110471725464,-0.05557121615856886,-0.07405731081962585,-0.17245417833328247,-0.1406974559649825,0.06863206624984741,-0.36754149198532104,-0.1409009462222457,-0.06518736481666565,-0.3779314458370209,-0.19554199930280447,-0.00794728597005221,-0.026981035868327254,0.15171535426017252,0.12248302951003762,-0.026981035868327254,-8.1871720877562e-05,0.40360855515014155,0.38728961045237675,4.539428755775015,0.2945398934622683,0.7699968031168466
idle,ahad,rotate,0.08599375188350677,0.015918970108032227,-0.1882281876169145,-0.07703082263469696,0.017691314220428467,-0.27287122374400496,0.08381836116313934,-0.16926538944244385,-0.04403013130649924,-0.07460646331310272,-0.1737002730369568,-0.14071179693564773,0.06808291375637054,-0.36793577671051025,-0.13021023338660598,-0.06573651731014252,-0.3783257305622101,-0.19555492466315627,-0.016640984650814438,-0.012399572314638278,0.024338831391298797,0.11601818330360367,-0.011948021975430765,-0.030580527064475633,0.4036519183587486,0.3886275180563183,9.709429235476922,1.3419529541528143,1.0488323653127478
idle,ahad,rotate,0.08533027768135071,0.015459924936294556,-0.1882343739271164,-0.07536113262176514,0.013828784227371216,-0.2751479595899582,0.08319839835166931,-0.16934826970100403,-0.044036317616701126,-0.07526993751525879,-0.1742440164089203,-0.14141055941581726,0.06753543019294739,-0.3683948218822479,-0.12924450635910034,-0.06639999151229858,-0.37878477573394775,-0.19556111097335815,-0.020105278853213386,-0.013910459749625863,-0.00018746394551160853,0.05059666705853819,-0.11704636342597287,-0.06899199533191333,0.4006991090434387,0.3887684757383949,0.432275154070756,1.4452314289845896,3.9278475376571276
idle,ahad,rotate,0.08467236161231995,0.014552563428878784,-0.1863181944936514,-0.07382532954216003,0.010555356740951538,-0.2766311224550009,0.08265623450279236,-0.1701638400554657,-0.043162381276488304,-0.07632085680961609,-0.17623934149742126,-0.1417249795049429,0.06716015934944153,-0.3693021833896637,-0.129243990406394,-0.06690847873687744,-0.3796921372413635,-0.19556059502065182,-0.019936850576690066,-0.027495803255023817,0.05806604343833438,0.046539487260761424,-0.09919477231574939,-0.04494432924371849,0.3986394107498945,0.3884695723675372,0.4691680519671937,0.7250606694815512,0.9158487497317249
idle,ahad,rotate,0.08425624668598175,0.01341983675956726,-0.1859825924038887,-0.07409100234508514,0.008230060338973999,-0.2839329019188881,0.08247669041156769,-0.1701665222644806,-0.04192249849438667,-0.07761712372303009,-0.17841675877571106,-0.1551738753914833,0.06779654324054718,-0.3701559901237488,-0.12924697250127792,-0.06712664663791656,-0.38087907433509827,-0.19733118265867233,-0.012609543222369771,-0.034325050585198226,0.010169760295839183,-0.00805069099773073,-0.07046352733265382,-0.22126604436022215,0.398690705580211,0.388098270251833,0.11425168524475401,0.36734617025260535,5.6606611526583235
idle,ahad,rotate,0.08392396569252014,0.013248711824417114,-0.185024818405509,-0.07456359267234802,0.0051687657833099365,-0.29199293814599514,0.08232453465461731,-0.1688770353794098,-0.04192088730633259,-0.07876721024513245,-0.1793234646320343,-0.15517226420342922,0.06777599453926086,-0.37028002738952637,-0.12924536131322384,-0.06714299321174622,-0.38153722882270813,-0.19732957147061825,-0.010069121013987766,-0.0051856040954587875,0.029023454496353667,-0.01432091900796547,-0.09276650168678625,-0.24424352203353766,0.39819309957720417,0.38789998531698044,0.15437430940328248,1.9413706596198355,0.9887813800848176
idle,ahad,rotate,0.08405227959156036,0.013653367757797241,-0.17821215791627765,-0.07448507845401764,0.005153566598892212,-0.2919899742119014,0.08273358643054962,-0.16768983006477356,-0.03751471219584346,-0.07898567616939545,-0.1797994077205658,-0.1551693002693355,0.06770266592502594,-0.3702865540981293,-0.1255665640346706,-0.06682382524013519,-0.3820936381816864,-0.19732660753652453,0.003888299970915885,0.012262301011519193,0.20644425724943807,0.0023792187372843805,-0.0004605813459916622,8.981618465799417e-05,0.3987232691999496,0.3878772125517649,5.154494994100904,0.31706797111670976,7.930949574477931
idle,ahad,rotate,0.08449046313762665,0.014272063970565796,-0.17821403546258807,-0.07421495020389557,0.005123347043991089,-0.29199185175821185,0.08337698876857758,-0.16727778315544128,-0.03751658974215388,-0.07907940447330475,-0.18027934432029724,-0.15517117781564593,0.06890086829662323,-0.36988499760627747,-0.12556844158098102,-0.0656840056180954,-0.3822656273841858,-0.19732848508283496,0.013278289274736095,0.018748370083895894,-5.68953427401465e-05,0.008185704549153777,-0.0009157440879128342,-5.68953427401465e-05,0.39887861250555606,0.3880608740672116,8.929105360025064,0.7081992203109272,0.17654987271294012
idle,ahad,rotate,0.08499571681022644,0.015193015336990356,-0.1782146836631,-0.07444503903388977,0.005042463541030884,-0.2931777979247272,0.08371219038963318,-0.1660890281200409,-0.037517237942665815,-0.07930949330329895,-0.18058529496192932,-0.15905752731487155,0.07064613699913025,-0.3691346049308777,-0.12924492312595248,-0.0646737813949585,-0.38271015882492065,-0.19689620984718204,0.015310717351509106,0.027907617164381067,-1.964243975552677e-05,-0.006972388787703192,-0.0024510152412183747,-0.03593776262167785,0.39964699151908134,0.38770048695943515,2.8435340329445515,0.5486017906702205,1.1812591870732012
idle,ahad,rotate,0.08551196753978729,0.016304820775985718,-0.1782146836631,-0.07497598230838776,0.0058755576610565186,-0.2931777979247272,0.08401511609554291,-0.16315892338752747,-0.037517237942665815,-0.07950641214847565,-0.18065789341926575,-0.15601466549560428,0.07214652001857758,-0.3676511347293854,-0.12995395017787814,-0.06385426223278046,-0.3827255666255951,-0.1961529995314777,0.01564396150184341,0.033691073908949064,0.0,-0.01608919013630199,0.02524527636441222,0.0,0.4006848361961562,0.387207837410371,0.6372896305207889,0.46432171388797067,1.4023865981255814
