ground_truth,person_id,video_label,left_wrist_x,left_wrist_y,left_wrist_z,right_wrist_x,right_wrist_y,right_wrist_z,left_elbow_x,left_elbow_y,left_elbow_z,right_elbow_x,right_elbow_y,right_elbow_z,left_shoulder_x,left_shoulder_y,left_shoulder_z,right_shoulder_x,right_shoulder_y,right_shoulder_z,left_wrist_x_vel,left_wrist_y_vel,left_wrist_z_vel,right_wrist_x_vel,right_wrist_y_vel,right_wrist_z_vel,right_arm_len,left_arm_len,right_horiz_ratio,left_horiz_ratio,right_wrist_acc
idle,ahad,rotate,0.1398942917585373,0.01903975009918213,-0.09294653264805675,-0.128617063164711,0.024360239505767822,-0.253604996483773,0.1355791538953781,-0.1684311330318451,0.0002555868704803288,-0.12715165317058563,-0.16324537992477417,-0.1412002849392593,0.10592766106128693,-0.36574210226535797,-0.10714924661442637,-0.09016409516334534,-0.3686620891094208,-0.17029229877516627,0.0,0.0,0.0,0.0,0.0,0.0,0.40359160934997773,0.3865391610096196,0.0,0.0,0.0
idle,ahad,rotate,0.13961775600910187,0.018496274948120117,-0.09295875299721956,-0.12841014564037323,0.023978829383850098,-0.25577221531420946,0.1359502226114273,-0.1701098084449768,-0.0006453765090554953,-0.1269596368074417,-0.16412538290023804,-0.14115698356181383,0.10612745583057404,-0.3665790855884552,-0.10611629951745272,-0.08992423117160797,-0.3698783814907074,-0.16990640480071306,-0.008379871195012873,-0.01646894397157611,-0.00037031361099445456,0.006270228010235411,-0.011557882482355291,-0.06567329789201418,0.40494148414989845,0.38675283389893017,0.5424597074853001,0.5087977961233435,2.0295979017032573
idle,ahad,rotate,0.13799652457237244,0.017855748534202576,-0.10216855024918914,-0.1283661127090454,0.02316834032535553,-0.2576082511804998,0.13613906502723694,-0.1703530102968216,-0.0018134699203073978,-0.12693113088607788,-0.16487373411655426,-0.14096050104126334,0.10616013407707214,-0.36769624054431915,-0.10544216027483344,-0.0898725688457489,-0.3710223585367203,-0.16960588982328773,-0.0491282253554373,-0.01940989133083459,-0.27908476521119924,0.0013343312523581765,-0.02456027449983539,-0.055637450493646386,0.40572463025181577,0.38687802802016785,0.05432662919699543,2.5309618460125076,0.5197155292948699
idle,ahad,rotate,0.13628818094730377,0.017215222120285034,-0.11137834750115871,-0.12840919196605682,0.022357851266860962,-0.2594442870467901,0.13624079525470734,-0.17059621214866638,-0.0029815633315593004,-0.12698252499103546,-0.16562208533287048,-0.14076401852071285,0.10610570013523102,-0.3688133955001831,-0.10611738078296185,-0.08990801870822906,-0.37216633558273315,-0.1693053748458624,-0.051767988638444375,-0.01940989133083459,-0.27908476521119924,-0.0013054320306488962,-0.02456027449983539,-0.055637450493646386,0.40651777063780287,0.3872424996571925,0.05315001184721278,2.6669557701459015,0.07999282675779007
idle,ahad,rotate,0.1318991333246231,0.01540115475654602,-0.11559075675904751,-0.12840919196605682,0.020811885595321655,-0.2601963486522436,0.13676007091999054,-0.1724102795124054,-0.003128946991637349,-0.12698252499103546,-0.1674361526966095,-0.13639876805245876,0.1061263233423233,-0.37119245529174805,-0.10611738078296185,-0.08982457220554352,-0.3741210103034973,-0.1693053748458624,-0.13300144311153528,-0.05497173829512162,-0.12764876539056952,0.0,-0.0468474445921002,-0.02278974561980276,0.40708958997321837,0.38756754497369933,0.0,2.419407277794966,1.203527803012377
idle,ahad,rotate,0.12051476538181305,0.01269480586051941,-0.12760617397725582,-0.1280377358198166,0.01915678381919861,-0.2601963486522436,0.13676007091999054,-0.17633607983589172,-0.006826252676546574,-0.12698252499103546,-0.1701425015926361,-0.13623536191880703,0.1061263233423233,-0.3741076588630676,-0.10818731598556042,-0.08978112041950226,-0.3768273591995239,-0.1699074860662222,-0.34498084675181995,-0.082010572606867,-0.3641035520669186,0.011256246855764677,-0.05015459927645596,0.0,0.4079449581147402,0.38755679071107396,0.22442652501708985,4.206489837788258,0.7767352213205819
idle,ahad,rotate,0.10907648503780365,0.01269480586051941,-0.1674145432189107,-0.1271064430475235,0.019818276166915894,-0.2601952673867345,0.13668446242809296,-0.17633607983589172,-0.03346353117376566,-0.1267804354429245,-0.1699363887310028,-0.1362342806532979,0.10605071485042572,-0.3746245503425598,-0.11113442946225405,-0.08981196582317352,-0.3768273591995239,-0.16990640480071306,-0.3466145558790727,0.0,-1.206314219444087,0.02822099309979063,0.02004522265809955,3.276562148874456e-05,0.40849812336626684,0.3913986333385144,1.407796051212078,346614.5558790727,2.188503790598321
idle,ahad,rotate,0.09473729133605957,0.009640604257583618,-0.2142188586294651,-0.12682148814201355,0.020176857709884644,-0.26060042157769203,0.1366834044456482,-0.17644068598747253,-0.07431704923510551,-0.12638121843338013,-0.1694817841053009,-0.13622694090008736,0.10598206520080566,-0.37615808844566345,-0.14123478904366493,-0.08981302380561829,-0.3768273591995239,-0.17044027522206306,-0.4345210212649721,-0.092551563725327,-1.4183125881986185,0.008634997136665113,0.010866107362689394,-0.012277399725986248,0.40879191120576175,0.3928024320750938,0.7945994134844108,4.694856671442646,0.7541787878460202
idle,ahad,rotate,0.07713867723941803,-0.0014793574810028076,-0.269422085955739,-0.12637169659137726,0.020435243844985962,-0.2605570573359728,0.13514311611652374,-0.1807597577571869,-0.12987384386360645,-0.12586699426174164,-0.16915276646614075,-0.1361835766583681,0.10591907799243927,-0.37924444675445557,-0.18523666448891163,-0.08985067903995514,-0.3768160045146942,-0.1798414010554552,-0.5332913362618649,-0.336968537532922,-1.6728250704931489,0.013630046988978529,0.007829882881858131,0.0013140679308862398,0.4070102654910687,0.3881004500497669,1.7405504838484265,1.582609930162492,0.4483386075994271
idle,ahad,rotate,0.04330897331237793,-0.006447285413742065,-0.3081289315596223,-0.1253989338874817,0.0275518000125885,-0.2501476192846894,0.13080346584320068,-0.17772850394248962,-0.17274183873087168,-0.12552064657211304,-0.16231927275657654,-0.13614630047231913,0.10431921482086182,-0.3778555691242218,-0.22702329698950052,-0.09010156989097595,-0.3700408637523651,-0.17980412486940622,-1.0251425432436403,-0.15054327068906853,-1.172934715269191,0.02947765769380514,0.2156532172000771,0.3154375167055566,0.40530733695723575,0.38502530661855183,0.13668945628110166,6.809575273448642,11.42368884288082
idle,ahad,rotate,0.026553526520729065,-0.02445906400680542,-0.3312914129894011,-0.12546943128108978,0.03507190942764282,-0.22713076142480304,0.12419034540653229,-0.18108755350112915,-0.2097225096624129,-0.12520353496074677,-0.15486645698547363,-0.12671346036603381,0.10253013670444489,-0.3769572675228119,-0.2318935599725478,-0.09033696353435516,-0.36273306608200073,-0.17976183263471057,-0.507740811868147,-0.5458114725170709,-0.7018933766599641,-0.002136284654790703,0.22788210348649438,0.6974805412086778,0.40215283692263604,0.37404192540593656,0.009374475869894018,0.9302477268917061,11.622539910006973
idle,ahad,rotate,-0.004743143916130066,-0.07341468334197998,-0.33370760828256607,-0.12609891593456268,0.035499513149261475,-0.21757114678621292,0.11758585274219513,-0.19644814729690552,-0.22003135830163956,-0.12536324560642242,-0.15451645851135254,-0.12135620415210724,0.09967787563800812,-0.3829971253871918,-0.2318696305155754,-0.09171222150325775,-0.36162078380584717,-0.1797379031777382,-0.9483839526320956,-1.483503616217412,-0.07321803918681662,-0.019075292529481844,0.012957688533898566,0.2896852920784887,0.4003977139414807,0.34222216682014145,1.4720079489203624,0.6392861486675059,13.978088564303857
idle,ahad,rotate,-0.029272720217704773,-0.12374359369277954,-0.3496210528537631,-0.1261637955904007,0.03932875394821167,-0.16842910181730986,0.1145450621843338,-0.2113809585571289,-0.22151290904730558,-0.1251099556684494,-0.15225732326507568,-0.08017275761812925,0.09685595333576202,-0.3877887427806854,-0.2318903310224414,-0.09229402244091034,-0.35957732796669006,-0.1602815492078662,-0.7433204939871116,-1.5251184954787733,-0.4822255930665763,-0.001966050176909474,0.11603759996818763,1.489152877845546,0.40042428289930154,0.31541846159052817,0.016943070473518927,0.487385084375808,36.48515910998635
rotate,ahad,rotate,-0.05655615031719208,-0.17716586589813232,-0.37441658042371273,-0.12615804374217987,0.04814040660858154,-0.1593844648450613,0.10264600813388824,-0.2331714630126953,-0.22559682093560696,-0.12489558756351471,-0.14687800407409668,-0.06445018760859966,0.09528298676013947,-0.3871259391307831,-0.231858616694808,-0.09240417182445526,-0.35654526948928833,-0.1554973777383566,-0.8267706090753735,-1.6188567334955402,-0.7513796233318075,0.00017429843093409698,0.26701977758696605,0.2740799082499564,0.40610950463440687,0.2957382777436503,0.0006527523157905932,0.5107123325100088,37.10361389278645
rotate,ahad,rotate,-0.0735766738653183,-0.23276254534721375,-0.39285080693662167,-0.12615369260311127,0.048209697008132935,-0.08198642544448376,0.08704181015491486,-0.2692168056964874,-0.2596777882426977,-0.1247657984495163,-0.14367523789405823,0.006887749768793583,0.09340263903141022,-0.3879988193511963,-0.13246657513082027,-0.09240765869617462,-0.3563132882118225,-0.041762640699744225,-0.5157734408523093,-1.684747862093375,-0.5586129246336036,0.00013185269904859127,0.0020997090773148953,2.3453951333508325,0.40791615956579064,0.3460929642093298,0.06276580630437606,0.3061426260359292,63.278426295033746
rotate,ahad,rotate,-0.1012042909860611,-0.2874782681465149,-0.39285080693662167,-0.12591581046581268,0.048299312591552734,-0.06636694632470608,0.06677193939685822,-0.30405205488204956,-0.26217146776616573,-0.1247657984495163,-0.1435619592666626,0.012850837782025337,0.09324486553668976,-0.3890186846256256,-0.12922005914151669,-0.09259261190891266,-0.3552977740764618,-0.04154646210372448,-0.8372005188103885,-1.65805220603943,0.0,0.0072085496151086115,0.002715623739993936,0.4733175490841725,0.40573032961061145,0.34296078760430726,2.6534957745472334,0.5049298271978849,56.73003215012072
rotate,ahad,rotate,-0.10099643468856812,-0.3417966365814209,-0.39285080693662167,-0.12546634674072266,0.048299312591552734,-0.06316631101071835,0.0669797956943512,-0.34407752752304077,-0.26948430202901363,-0.12454691529273987,-0.14358562231063843,0.020208658650517464,0.09171643853187561,-0.3892514407634735,-0.1216962169855833,-0.09244874119758606,-0.348717600107193,-0.029798151925206184,0.006298675681605478,-1.64601116469412,0.0,0.013620112881515952,0.0,0.09698894890871906,0.3997824724589632,0.3360283047547506,13620.112881515954,0.0038266276621205693,11.405848791460324
rotate,ahad,rotate,-0.10051965713500977,-0.39395198225975037,-0.39285080693662167,-0.12498274445533752,0.045668989419937134,-0.051381656900048256,0.06745657324790955,-0.37449657917022705,-0.26948430202901363,-0.12407013773918152,-0.1439203917980194,0.025052377954125404,0.09055337309837341,-0.39286983013153076,-0.11286130361258984,-0.09209060668945312,-0.3490210175514221,-0.01720377430319786,0.01444780465328331,-1.580465020555437,0.0,0.014654614708640346,-0.07970676277623025,0.35711073062636606,0.3975301523012633,0.338975214296612,0.1838542972254958,0.009141483882206966,8.244294548846224
rotate,ahad,rotate,-0.09973858296871185,-0.4442902207374573,-0.42613455187529325,-0.12420167028903961,0.04328766465187073,-0.05133302416652441,0.06823764741420746,-0.4054160416126251,-0.28037026058882475,-0.12326116859912872,-0.14465388655662537,0.03253690246492624,0.09000168740749359,-0.3977963626384735,-0.11281267087906599,-0.09154601395130157,-0.3497545123100281,-0.012838051654398441,0.023668914130239836,-1.5254011659911222,-1.0085983314748992,0.023668914130239836,-0.0721613566080731,0.0014737191976922968,0.396270624284095,0.369233869186425,0.3279953045157604,0.015516507487624473,10.782764988416963
rotate,ahad,rotate,-0.09752893447875977,-0.4898460805416107,-0.4336205990985036,-0.1236175000667572,0.03952151536941528,-0.05125235114246607,0.07073536515235901,-0.43596845865249634,-0.30037364084273577,-0.1217241883277893,-0.14561516046524048,0.032617575488984585,0.09058132767677307,-0.40120261907577515,-0.11273199785500765,-0.09100690484046936,-0.3507157862186432,-0.0127573786303401,0.06695904515006319,-1.3804806001258607,-0.22684991585485842,0.01770212794795179,-0.11412573583198306,0.0024446370926770274,0.3934850256114601,0.38237759923520065,0.1551093862354286,0.048504119970855415,1.2847749916631317
rotate,ahad,rotate,-0.0887250304222107,-0.5360974073410034,-0.5035759778693318,-0.12320619821548462,0.0346088707447052,-0.05728523153811693,0.07431375980377197,-0.45881175994873047,-0.37666055280715227,-0.12131288647651672,-0.14922043681144714,0.02953969780355692,0.09007531404495239,-0.4047139585018158,-0.11273199785500765,-0.0906667411327362,-0.3547761142253876,-0.0127573786303401,0.2667849714105777,-1.4015553575573534,-2.1198599627523693,0.012463692462805535,-0.14886801893060844,-0.1828145574439654,0.39327116913393995,0.4494331880534559,0.08372254047442318,0.19034908583735677,5.71398463308631
rotate,ahad,rotate,-0.07991239428520203,-0.5820590108633041,-0.5192396016791463,-0.12272170186042786,0.029501229524612427,-0.05728523153811693,0.07762214541435242,-0.48198115825653076,-0.37666055280715227,-0.1205897331237793,-0.15351977944374084,0.02953969780355692,0.08772477507591248,-0.40634194016456604,-0.12408593017607927,-0.09004250168800354,-0.35905173420906067,-0.0127573786303401,0.2670495799093542,-1.3927758643121464,-0.4746552669640755,0.014681707728992846,-0.15477700666947836,0.0,0.39245899841219983,0.46381584016579913,0.09485655000290183,0.19173895456774587,5.5431356421062
rotate,ahad,rotate,-0.07665447890758514,-0.6171051561832428,-0.5192396016791463,-0.12175442278385162,0.027183979749679565,-0.09731507021933794,0.08469174802303314,-0.508435845375061,-0.37666055280715227,-0.11909203231334686,-0.15681377053260803,0.02953969780355692,0.0835372656583786,-0.40634194016456604,-0.12408593017607927,-0.08985964953899384,-0.35905173420906067,-0.013508652336895466,0.09872470841263271,-1.062004403634504,0.0,0.02931148716897673,-0.07021969014948058,-1.2130254145824537,0.39650828361567086,0.475635314454232,0.4174195255925371,0.09296064603321874,36.85021211370471
rotate,ahad,rotate,-0.05378466844558716,-0.6500713974237442,-0.5193524155765772,-0.12098947167396545,0.026634305715560913,-0.22038107551634312,0.09900355339050293,-0.51922208070755,-0.37677336670458317,-0.11861151456832886,-0.15684232115745544,-0.06840366311371326,0.08075731992721558,-0.4062235355377197,-0.12419874407351017,-0.08984869718551636,-0.35905173420906067,-0.06315341778099537,0.6930245594544838,-0.9989770072879205,-0.003418602952451414,0.023180336663217234,-0.016656788912686418,-3.7292728877880323,0.4176649441662789,0.483435363294874,1.391561436197772,0.6937335500867976,76.26742328633674
rotate,ahad,rotate,-0.01824335753917694,-0.6643870174884796,-0.5451504657976329,-0.12057293951511383,0.025788098573684692,-0.2599242399446666,0.11491091549396515,-0.5212164521217346,-0.358575529884547,-0.11899863183498383,-0.15718784928321838,-0.08127180440351367,0.08053530752658844,-0.4061264097690582,-0.1242535482160747,-0.0906849354505539,-0.3593972623348236,-0.07664816034957767,1.0770094214063692,-0.43380666862834544,-0.7817590976077492,0.012622186631867368,-0.025642640662915755,-1.1982777099491961,0.4276110106123629,0.5035970426853562,0.4922150796677163,2.4826887565444857,76.69797426582029
rotate,ahad,rotate,0.009455651044845581,-0.687842570245266,-0.5209030893165618,-0.1203981339931488,0.026349753141403198,-0.2599761870224029,0.12560400366783142,-0.5206547975540161,-0.29168553021736443,-0.1195702850818634,-0.15662619471549988,-0.08402387169189751,0.08129867911338806,-0.40426531434059143,-0.1227257486898452,-0.092469722032547,-0.3575725257396698,-0.07804805901832879,0.839363896485533,-0.7107743259632244,0.7347689842748841,0.005297137029243251,0.01701983538540931,-0.0015741538707957161,0.42576302819167405,0.494087720285626,0.31121486750198474,1.1809131040783507,36.28745991211335
rotate,ahad,rotate,0.04534903168678284,-0.6942825168371201,-0.5209084572270513,-0.1205684244632721,0.026356399059295654,-0.2599815549328923,0.14002397656440735,-0.5206481516361237,-0.28548423666507006,-0.12136167287826538,-0.15659099817276,-0.08402923960238695,0.08153071999549866,-0.404258668422699,-0.1009772690013051,-0.09437534213066101,-0.35581138730049133,-0.08573329914361238,1.087678201270825,-0.1951498967228512,-0.00016266395422545333,-0.005160317276463359,0.00020139145128654693,-0.00016266395422545333,0.4208333983167556,0.5116298955912049,25.49671561550964,5.573523973172003,0.6016587956917082
rotate,ahad,rotate,0.08258861303329468,-0.6942825168371201,-0.5111314241075888,-0.1208198070526123,0.026356399059295654,-0.2422069642925635,0.15546894073486328,-0.5206481516361237,-0.27411194483283907,-0.12360653281211853,-0.1555672287940979,-0.08402993122581393,0.08154386281967163,-0.404258668422699,-0.09059342334512621,-0.096954345703125,-0.353898286819458,-0.08831611613277346,1.1284721620155094,0.0,0.2962737308928007,-0.007617654222430598,0.0,0.5386239587978426,0.4109082373541726,0.5108494242312591,7617.654222430599,1128472.1620155093,16.327038307915412
rotate,ahad,rotate,0.12164416909217834,-0.694676473736763,-0.43337086122483015,-0.121326744556427,0.025972217321395874,-0.22736148815602064,0.17456480860710144,-0.511004239320755,-0.2740879384800792,-0.1247023344039917,-0.1555074155330658,-0.07600996922701597,0.08174028992652893,-0.4046526253223419,-0.08620816748589277,-0.09828859567642212,-0.35401761531829834,-0.09203195106238127,1.1835016987540494,-0.011938087867968,2.3563806934169276,-0.015361742539839298,-0.011641870845447877,0.449862913228571,0.40402612888690603,0.4541234283161937,1.3194119168508534,99.12831799565927,2.72289670324929
rotate,ahad,rotate,0.1609252691268921,-0.6946838647127151,-0.43336875084787607,-0.12191659212112427,0.026323705911636353,-0.22735937777906656,0.1918882131576538,-0.5034989714622498,-0.22837901953607798,-0.1253797709941864,-0.15513470768928528,-0.0760078588500619,0.08226221799850464,-0.4047832787036896,-0.076863550581038,-0.09997838735580444,-0.3540250062942505,-0.09202984068542719,1.1903363646882983,-0.00022396896824692291,6.395081679026301e-05,-0.01787416862718991,0.010651169401226648,6.395081679026301e-05,0.4043024997634572,0.46618256423691146,1.6779838879704276,5291.113587638457,13.647214488049498
rotate,ahad,rotate,0.19526459276676178,-0.6846996694803238,-0.3962707923492417,-0.1223742812871933,0.025155574083328247,-0.22722965048160404,0.20792032778263092,-0.5024071037769318,-0.19055383966770023,-0.12573041021823883,-0.15626278519630432,-0.0742402927717194,0.08319737017154694,-0.40617480874061584,-0.07276788668241352,-0.0997558981180191,-0.35541653633117676,-0.0926220373949036,1.0405855648445352,0.3025513706785257,1.1241805605646777,-0.013869368668758496,-0.03539793419115468,0.003931130226137057,0.40430920343647464,0.4413493971958723,0.39180187160053276,3.4393568376636523,1.4055881654545632
rotate,ahad,rotate,0.23379062116146088,-0.6748955994844437,-0.39076290451339446,-0.12242092192173004,0.024269551038742065,-0.22727038883022033,0.22324614226818085,-0.48395851254463196,-0.16001618825248443,-0.12601985037326813,-0.15730729699134827,-0.07428103112033568,0.08436708152294159,-0.4073483645915985,-0.05702012203983031,-0.09935931861400604,-0.3565900921821594,-0.09436389230540954,1.1674554058999755,0.2970930301781864,0.16690569199537053,-0.0014133525617194933,-0.0268491831692783,-0.0012344954126147641,0.4040421292389876,0.45309288446201423,0.05263847001746478,3.9295821770628563,0.4838219905905932
rotate,ahad,rotate,0.2663855105638504,-0.6653997749090195,-0.3796015075640753,-0.12272773683071136,0.023686528205871582,-0.22729279019404203,0.23333682119846344,-0.45802435278892517,-0.15893985249567777,-0.1263553351163864,-0.15784430503845215,-0.07430343248415738,0.08627171814441681,-0.4084022045135498,-0.05242600210476667,-0.09913115203380585,-0.35854044556617737,-0.09438629366923124,0.9877239212845269,0.287752259861338,0.33822414997936734,-0.009297421484282482,-0.017667358571832756,-0.0006788292067181855,0.40536205435575207,0.45335696838301637,0.5262187455887732,3.4325377295829402,0.3671211941699539
rotate,ahad,rotate,0.3000069409608841,-0.6263672113418579,-0.33076784590957686,-0.12345026433467865,0.022411108016967773,-0.22734745423076674,0.24291838705539703,-0.43496695160865784,-0.1069051010417752,-0.12677468359470367,-0.15920192003250122,-0.0743580965208821,0.08883197605609894,-0.4097166061401367,-0.02559866401134059,-0.09901212155818939,-0.36133331060409546,-0.09444095770595595,1.0188312241525386,1.1828049565806562,1.4798079289241985,-0.021894772847493544,-0.03864909663344884,-0.0016564859613550473,0.4068428916224068,0.4297215146082962,0.5664868850171312,0.8613680193984244,0.7421968768635702
rotate,ahad,rotate,0.3324940651655197,-0.5743086338043213,-0.3049907840322703,-0.1238824874162674,0.0195176899433136,-0.25182809005491436,0.24978624284267426,-0.41106274724006653,-0.06667698989622295,-0.12666790187358856,-0.16213056445121765,-0.09179440210573375,0.09262584149837494,-0.4113238453865051,-0.025652437238022685,-0.0989721268415451,-0.36564818024635315,-0.12320521543733776,0.9844583092313782,1.577532652652618,0.7811230871911042,-0.013097669139052826,-0.08767933556527766,-0.7418374492165911,0.406837949923326,0.40265458891036504,0.14937977888213788,0.6240490068633494,22.480462116642318
rotate,ahad,rotate,0.3571413457393646,-0.5259526371955872,-0.26756783993914723,-0.12518653273582458,0.015736550092697144,-0.27281459840014577,0.2499586045742035,-0.3877151608467102,-0.039128359872847795,-0.1270785927772522,-0.16613253951072693,-0.11703031929209828,0.0965050756931305,-0.4113880395889282,-0.025676141027361155,-0.09935864806175232,-0.3709697723388672,-0.13991349609568715,0.7468872901165142,1.4653332305677045,1.1340286088825204,-0.03951652483506646,-0.1145799954732262,-0.6359547983403474,0.4097213228879141,0.3735878829550275,0.3448785260754709,0.509704389985589,3.4059227293821595
rotate,ahad,rotate,0.37551452219486237,-0.467610239982605,-0.20278168562799692,-0.12561927735805511,0.015928417444229126,-0.3301645005121827,0.24994982779026031,-0.35946935415267944,-0.002470759442076087,-0.12781642377376556,-0.1660865843296051,-0.1489112162962556,0.09747888147830963,-0.40862762928009033,-0.025678805075585842,-0.09956802427768707,-0.3714979588985443,-0.16659087780863047,0.5567629228938723,1.767951430696434,1.96321679730759,-0.013113473400925177,0.005814162167635846,-1.7378758215768815,0.4213480686054153,0.3348853478041552,2.255048616512867,0.3149196286206364,33.599786497552664
rotate,ahad,rotate,0.3759898245334625,-0.3967741131782532,-0.15069477073848248,-0.12697604298591614,0.015965193510055542,-0.41474239341914654,0.2504251301288605,-0.3294140696525574,0.0004717560368590057,-0.12769529223442078,-0.16607096791267395,-0.21806022338569164,0.09866699576377869,-0.4041650891304016,-0.04127329774200916,-0.09936195611953735,-0.3716660141944885,-0.2143456321209669,0.014403101169701718,2.146549297101561,1.5783913602883097,-0.04111410993518234,0.0011144262371641169,-2.5629664517261657,0.437240612156221,0.29822078504869937,36.85955069490899,0.006709882917325489,25.017545195466987
rotate,ahad,rotate,0.37585151195526123,-0.326360285282135,-0.13935386389493942,-0.12937885522842407,0.016056865453720093,-0.42880628257989883,0.24518173933029175,-0.3026997745037079,0.010516881942749023,-0.12853658199310303,-0.16605690121650696,-0.21802019327878952,0.09966003894805908,-0.3997741937637329,-0.057845912873744965,-0.0996684730052948,-0.37167152762413025,-0.2143056020140648,-0.00419129024852407,2.1337523604884345,0.3436638437437297,-0.07281249219721032,0.002777937686804576,-0.4261784594167373,0.44410196528925927,0.297178191999524,26.201556279203725,0.001964280561256924,64.75829524696485
rotate,ahad,rotate,0.37602517008781433,-0.2655232846736908,-0.12840772420167923,-0.12996724247932434,0.01803705096244812,-0.42880628257989883,0.24200865626335144,-0.272830992937088,0.025238584727048874,-0.12866267561912537,-0.16528061032295227,-0.21802019327878952,0.10249385237693787,-0.39524897933006287,-0.057845912873744965,-0.0994948148727417,-0.37133514881134033,-0.2143056020140648,0.005262367653124273,1.8435454729831626,0.3317012028260673,-0.017829916693947578,0.06000562147660704,0.0,0.4455892960609842,0.31084900971469365,0.2971324873022286,0.0028544806058557848,13.136500669368175
rotate,ahad,rotate,0.3633228838443756,-0.2074536383152008,-0.12574302405118942,-0.12982133030891418,0.01823773980140686,-0.42880628257989883,0.22785529494285583,-0.2553481161594391,0.04071680083870888,-0.12852075695991516,-0.16502568125724792,-0.21802019327878952,0.10287031531333923,-0.3915958106517792,-0.057845912873744965,-0.09934079647064209,-0.3712112605571747,-0.2143056020140648,-0.38491776495268687,1.759686253287568,0.0807484894087817,0.004421580921519868,0.006081479968446648,0.0,0.44565696313035486,0.32611945325829705,0.7269371941144357,0.21874214536336342,1.767719469952009
rotate,ahad,rotate,0.35011526942253113,-0.1596282422542572,-0.12840772420167923,-0.12988296151161194,0.01823773980140686,-0.42880628257989883,0.20350047945976257,-0.23965218663215637,0.0305816400796175,-0.12853610515594482,-0.16502568125724792,-0.1932959482073784,0.10287490487098694,-0.3898267447948456,-0.07817012071609497,-0.09934079647064209,-0.3712519109249115,-0.17749812453985214,-0.4002307400558944,1.4492544260892037,-0.08074848940878224,-0.0018676122029622443,0.0,0.0,0.46453288598955017,0.3415303284329,1867.6122029622443,0.2761630095364981,0.26510969153031316
rotate,ahad,rotate,0.31619977951049805,-0.10796865820884705,-0.12572273518890142,-0.12981751561164856,0.01823773980140686,-0.35211025085300207,0.19122469425201416,-0.2229420244693756,0.032578048296272755,-0.12848639488220215,-0.16502568125724792,-0.1482837637886405,0.1030009388923645,-0.3876250982284546,-0.07814983185380697,-0.09910139441490173,-0.3712734580039978,-0.15113899018615484,-1.0277421185464595,1.5654419407700086,0.08136330341750946,0.0019832090897993655,0.0,2.324122173542332,0.43937671869501255,0.3548586355396849,1983.2090897993655,0.6565184151911245,70.42804132542979
rotate,ahad,rotate,0.27230727672576904,-0.0739385187625885,-0.11451970972120762,-0.12981659173965454,0.017259210348129272,-0.3214879874140024,0.176801860332489,-0.2134924829006195,0.03257657773792744,-0.12861663103103638,-0.165781170129776,-0.13774057663977146,0.10329896211624146,-0.3876538872718811,-0.07815130241215229,-0.0983838140964508,-0.37203818559646606,-0.15114046074450016,-1.3300758419614793,1.0312163468563151,0.33948562023314416,2.7996121030865174e-05,-0.029652407675078294,0.9279473769393795,0.42609712723981946,0.3581952036198582,0.0009441114268426573,1.2898113535582385,42.317909500235494
rotate,ahad,rotate,0.24087169766426086,-0.0489441454410553,-0.11453073378652334,-0.1299971044063568,0.01627364754676819,-0.3135909950360656,0.16593852639198303,-0.20263800024986267,0.03256555367261171,-0.12917807698249817,-0.16606375575065613,-0.13628264423459768,0.10333964228630066,-0.38721516728401184,-0.07816232647746801,-0.0970446765422821,-0.3727535009384155,-0.15115148480981588,-0.9525933048941896,0.7574052521676747,-0.00033406258532495294,-0.005470080809159726,-0.029865539435184437,0.23930279933141999,0.4228647292494304,0.3669673166991328,0.18315080731166555,1.2577045702592171,20.868683585357978
rotate,ahad,rotate,0.2129247784614563,-0.028711378574371338,-0.11690375953912735,-0.13003110885620117,0.01600104570388794,-0.30772051960229874,0.15682470798492432,-0.1976955533027649,0.030589358881115913,-0.12925609946250916,-0.16633635759353638,-0.13628271967172623,0.10353946685791016,-0.38687223196029663,-0.08307629078626633,-0.09567493200302124,-0.3744105100631714,-0.15115156024694443,-0.8468763394789226,0.6131141474752689,-0.07190987129103023,-0.0010304378740715215,-0.008260661905462057,0.1778931949626308,0.4220371651857704,0.3760168093782045,0.1247252533283001,1.3812680097144114,1.9772862349931168
rotate,ahad,rotate,0.19132189452648163,-0.01523861289024353,-0.12572627887129784,-0.13077004253864288,0.015888482332229614,-0.30771149322390556,0.1484019011259079,-0.1951594054698944,0.02555524744093418,-0.13004238903522491,-0.1664489209651947,-0.13627369329333305,0.1027638167142868,-0.3866550922393799,-0.1036507822573185,-0.0956963449716568,-0.37485915422439575,-0.1527358703315258,-0.6546328465143856,0.40826562679175277,-0.2673490706718336,-0.022391929770961008,-0.003411011262373499,0.00027352661797494667,0.4218190647973253,0.38246576556425543,6.562677567302195,1.6034444246854849,5.423190945173457
rotate,ahad,rotate,0.17735765874385834,-0.003801971673965454,-0.12959004659205675,-0.13128717243671417,0.015808850526809692,-0.3076759548857808,0.14400999248027802,-0.19337275624275208,0.010442628525197506,-0.13097287714481354,-0.1666869819164276,-0.1362381549552083,0.10183613002300262,-0.38638171553611755,-0.1249929117038846,-0.09638021886348724,-0.37542638182640076,-0.17175218183547258,-0.4231586600794947,0.3465648853417607,-0.11708387032602802,-0.015670602971857284,-0.002413085012724911,0.001076919337113701,0.41564260431585415,0.3899896093015107,6.4913219249760425,1.2210049458913224,0.2073434457625595
rotate,ahad,rotate,0.16380836069583893,0.007849067449569702,-0.16042851377278566,-0.13115493953227997,0.015838533639907837,-0.30763294268399477,0.13949032127857208,-0.18697670102119446,-0.03805046249181032,-0.13111357390880585,-0.16697093844413757,-0.1894354121759534,0.10170848667621613,-0.38622379302978516,-0.1727500157430768,-0.09648679196834564,-0.3759912848472595,-0.24845825601369143,-0.41058478933391973,0.35306179162227597,-0.9344990054766298,0.00400705771012738,0.0008994882757013456,0.0013034000541224569,0.39778653905547107,0.39912608675760347,4.449872161862943,1.1629228541680587,0.6047218283173086
rotate,ahad,rotate,0.15009354054927826,0.007190436124801636,-0.170303407125175,-0.13152600824832916,0.015270084142684937,-0.3272504834458232,0.1337725967168808,-0.18763533234596252,-0.03990399744361639,-0.13172467052936554,-0.16762956976890564,-0.19822684209793806,0.10096655786037445,-0.38685980439186096,-0.17273471038788557,-0.09700988233089447,-0.37711411714553833,-0.24888991098850965,-0.4156006105018395,-0.01995852499297176,-0.29923919249664727,-0.011244506546945312,-0.017225742340087932,-0.5944709321766204,0.40161810676908355,0.3971082518846854,0.652735515801992,20.822169397727787,18.06803256763596
idle,ahad,rotate,0.14077164232730865,0.0065479576587677,-0.1752182450145483,-0.13224785029888153,0.014641553163528442,-0.3382240291684866,0.13069792091846466,-0.18827781081199646,-0.04067408852279186,-0.1325870305299759,-0.16847798228263855,-0.20358186028897762,0.10002066195011139,-0.3870913088321686,-0.17633036337792873,-0.09782637655735016,-0.37875896692276,-0.25110564194619656,-0.2824817643021099,-0.019469044425270823,-0.14893448149616104,-0.021874001531889998,-0.019046393307772597,-0.3325316885655585,0.4043988383402134,0.39574455313052537,1.1483986904897876,14.5085320881686,7.944277255839335
idle,ahad,rotate,0.13288091123104095,0.006494104862213135,-0.17586359847337008,-0.13247396051883698,0.014588594436645508,-0.35708140302449465,0.12698929011821747,-0.18833166360855103,-0.04557632375508547,-0.13313515484333038,-0.16860759258270264,-0.21087626088410616,0.09949474036693573,-0.3866043984889984,-0.17799073923379183,-0.09833680093288422,-0.3793540596961975,-0.25194086600095034,-0.23911306352326261,-0.0016319029258959152,-0.019556165418841538,-0.0068518248471346474,-0.001604809905543465,-0.571435571394181,0.40915851810200027,0.39451944751779267,4.266896613030755,146.43434078732506,7.273039125543498
idle,ahad,rotate,0.1253785341978073,-0.00030916929244995117,-0.17840843833982944,-0.13229598104953766,0.014590978622436523,-0.3570930901914835,0.1254432052373886,-0.18986427783966064,-0.047395432367920876,-0.13346584141254425,-0.1686132550239563,-0.210887948051095,0.09925810992717743,-0.38635358214378357,-0.17800242640078068,-0.09853021800518036,-0.3794595003128052,-0.2519525531679392,-0.22734475858283823,-0.20615982286857887,-0.07711635958967807,0.00539331725149445,7.224805427320094e-05,-0.00035415657541968694,0.40923152277000896,0.3869272930454807,73.63086030078601,1.102754419678289,17.309549755711995
idle,ahad,rotate,0.11876140534877777,-0.0006282329559326172,-0.20576391695067286,-0.1321537047624588,0.014686405658721924,-0.3571151006035507,0.12446199357509613,-0.18985134363174438,-0.0662757265381515,-0.13365183770656586,-0.16860222816467285,-0.21090995846316218,0.09912250936031342,-0.38630348443984985,-0.17802443681284785,-0.09854857623577118,-0.37968677282333374,-0.25114814518019557,-0.20051905603119735,-0.00966859586311105,-0.828953897298282,0.004311402638753237,0.002891728372284848,-0.0006669821838537823,0.4097419971287174,0.3871699427914638,1.490427749822855,20.73706687123978,0.09200285635667549
idle,ahad,rotate,0.11572758853435516,-0.0010153651237487793,-0.20578734017908573,-0.13212640583515167,0.015058338642120361,-0.35713852383196354,0.12378548085689545,-0.18982702493667603,-0.06629914976656437,-0.1337490826845169,-0.1685779094696045,-0.21093338169157505,0.09891615808010101,-0.3862549066543579,-0.17804786004126072,-0.09881018102169037,-0.3796868622303009,-0.25117156840860844,-0.09193384286129136,-0.011731277812611003,-0.0007097948003898985,0.0008272402214281507,0.011270696466619346,-0.0007097948003898985,0.4100765051662002,0.3866026478323046,0.07339092423913186,7.835975616130727,0.27498781506740877
idle,ahad,rotate,0.11524660885334015,-0.0007612705230712891,-0.20578734017908573,-0.13209162652492523,0.015606403350830078,-0.3549340758472681,0.12306655943393707,-0.18957293033599854,-0.06629914976656437,-0.13378076255321503,-0.168323814868927,-0.20748824812471867,0.09871955215930939,-0.3859991729259491,-0.1762350294739008,-0.09880019724369049,-0.3796049952507019,-0.2474787626415491,-0.014575141848939875,0.0076998363841663895,0.0,0.0010539184917103186,0.016608021476052066,0.06680145408168,0.4109099818504116,0.3867230586850915,0.06345458058621482,1.8926699804851943,2.052190289273795
idle,ahad,rotate,0.11525779962539673,-0.0003548264503479004,-0.20578734017908573,-0.13208043575286865,0.01619267463684082,-0.35471377708017826,0.12284737825393677,-0.18908244371414185,-0.06629914976656437,-0.13410910964012146,-0.1682068109512329,-0.20649267174303532,0.09865975379943848,-0.38583624362945557,-0.1762350294739008,-0.09888285398483276,-0.3795485496520996,-0.24546650983393192,0.0003391143047448346,0.012316487052223846,0.0,0.0003391143047448346,0.01776579654577999,0.006675720214843721,0.41188367464337267,0.3869686772642841,0.01908696955419247,0.027531127356339266,1.822458420224349
idle,ahad,rotate,0.1152607649564743,-0.0005609393119812012,-0.1957647893577814,-0.13207747042179108,0.016701340675354004,-0.3542847726494074,0.12284122407436371,-0.18869513273239136,-0.05572338588535786,-0.13431157171726227,-0.16802555322647095,-0.20631911791861057,0.09843866527080536,-0.38574594259262085,-0.16731550730764866,-0.09907479584217072,-0.37952351570129395,-0.23968311585485935,8.985851750229367e-05,-0.006245844291918221,0.30371366125164684,8.985851750229367e-05,0.01541412237918742,0.013000134265784093,0.4137835824197946,0.38660035105947455,0.005829244510158109,0.014384625789143974,0.20460877341171796
idle,ahad,rotate,0.115306556224823,-0.0005725324153900146,-0.1858099391683936,-0.13205543160438538,0.016806572675704956,-0.3543073823675513,0.12272012233734131,-0.18855836987495422,-0.05120640154927969,-0.13441455364227295,-0.16799625754356384,-0.2047204812988639,0.09816920757293701,-0.38564160466194153,-0.16343746986240149,-0.09932175278663635,-0.3795519769191742,-0.2379352143034339,0.0013876141923846654,-0.00035130616390343955,0.30166212695114614,0.0006678429516879012,0.0031888484954834062,-0.0006851429740587887,0.41438397057058446,0.38609895946827383,0.20936510076686032,3.938659991100763,0.5563542290327501
idle,ahad,rotate,0.11587807536125183,-0.0011038780212402344,-0.16517045255750418,-0.13207092881202698,0.016827046871185303,-0.35430753882974386,0.12268969416618347,-0.1885462999343872,-0.03881609346717596,-0.13446089625358582,-0.16796916723251343,-0.20389620121568441,0.09812197089195251,-0.3854970633983612,-0.14935002382844687,-0.09955853223800659,-0.3795972168445587,-0.2276788866147399,0.01731876170996456,-0.016101381995461135,0.6254389882087681,-0.00046961235277580293,0.0006204301660711088,-4.7412785616787795e-06,0.41742552432181784,0.38512814253890293,0.7556960997642754,1.075540358864067,0.08758322161622463
idle,ahad,rotate,0.117137610912323,-0.0015601813793182373,-0.1644140244461596,-0.1316910684108734,0.017000705003738403,-0.3543113977648318,0.12321805953979492,-0.18846914172172546,-0.033121752087026834,-0.13408789038658142,-0.16789045929908752,-0.20327199110761285,0.09852343797683716,-0.3852100670337677,-0.1484574587084353,-0.09936016798019409,-0.3796082139015198,-0.22768274554982781,0.038167743971853636,-0.013827374487212244,0.02292206398013872,0.011510921247077739,0.005262367653124273,-0.00011693742690664378,0.4175868020419762,0.3844324832618683,2.1869878765252113,2.7601034385602707,0.3893595751216009
idle,ahad,rotate,0.1190347969532013,1.582503318786621e-05,-0.16262254025787115,-0.13148441910743713,0.01765689253807068,-0.3553903540596366,0.12360301613807678,-0.18796417117118835,-0.030210630036890507,-0.13378795981407166,-0.16738024353981018,-0.20328703429549932,0.09881159663200378,-0.3844560980796814,-0.14847250189632177,-0.09914422035217285,-0.3791186809539795,-0.2276977887377143,0.05749048608722123,0.047757770075942646,0.054287399645104685,0.0062621001041296915,0.019884470737341727,-0.03269564529711558,0.41806953418536574,0.38526336586674403,0.3149083160686999,1.2037681455323053,1.0937371711386417
idle,ahad,rotate,0.12041628360748291,0.0012796521186828613,-0.1626322497613728,-0.13131317496299744,0.019010841846466064,-0.35638014273718,0.12391120195388794,-0.18664002418518066,-0.03022033954039216,-0.13351842761039734,-0.1661156415939331,-0.20329674379900098,0.0988701581954956,-0.38317984342575073,-0.14848221139982343,-0.09898704290390015,-0.37786155939102173,-0.22770749824121594,0.04186323194792787,0.0382977904695454,-0.00029422737883799075,0.005189216498172658,0.0410287669210724,-0.029993596289194065,0.41846066854543984,0.3853226736388384,0.1264744327735271,1.0930692963062856,0.6467645045257833
idle,ahad,rotate,0.1213374137878418,0.0017282068729400635,-0.16146510373800993,-0.1314927637577057,0.019562870264053345,-0.3582062376663089,0.1240091323852539,-0.18614289164543152,-0.028270368464291096,-0.13348233699798584,-0.16564854979515076,-0.20392906200140715,0.09862780570983887,-0.38273128867149353,-0.1484864605590701,-0.09908294677734375,-0.37741905450820923,-0.232041890732944,0.027913035768450806,0.013592568310824159,0.035368061314026124,-0.005442084688128787,0.016728133866281036,-0.055336209973601974,0.4178067582863079,0.38534825183475674,0.325305824654662,2.0534001911936897,1.1116683910653535
idle,ahad,rotate,0.12199266254901886,0.0020394325256347656,-0.16146349534392357,-0.13167797029018402,0.01987522840499878,-0.3582046292722225,0.1241617351770401,-0.18567311763763428,-0.026137998327612877,-0.13347159326076508,-0.16537463665008545,-0.2090207301080227,0.09831906855106354,-0.38246089220046997,-0.1517079882323742,-0.09914503991603851,-0.37714865803718567,-0.244508545845747,0.019856023065971656,0.009431080384687967,4.873921473821016e-05,-0.00561231916601009,0.009465398210467737,4.873921473821016e-05,0.4142621843119471,0.385351928354152,0.5928674286915282,2.105158380351159,1.6927080974021373
idle,ahad,rotate,0.12407384812831879,0.0034626126289367676,-0.15913356840610504,-0.13172917068004608,0.020081937313079834,-0.35819804668426514,0.12429569661617279,-0.18554306030273438,-0.026131415739655495,-0.13340990245342255,-0.1652371883392334,-0.21203365921974182,0.09804145991802216,-0.38233083486557007,-0.16299143433570862,-0.0991830974817276,-0.37701860070228577,-0.24921868741512299,0.06306622967575551,0.04312666979703047,0.07060384660056161,-0.00155152696551699,0.006263906305486521,0.0001994723623449157,0.4130672886097807,0.3866899953388492,0.247653658309021,1.4623147963374987,0.15676453245678473
idle,ahad,rotate,0.12453827261924744,0.003796905279159546,-0.1614569127559662,-0.13178911805152893,0.02020379900932312,-0.35819804668426514,0.12435373663902283,-0.18544194102287292,-0.027221135795116425,-0.1334046721458435,-0.16511866450309753,-0.21203365921974182,0.09783604741096497,-0.3822668492794037,-0.16365762054920197,-0.09928148984909058,-0.3769174814224243,-0.24932600557804108,0.014073469422080334,0.010130080309781186,-0.07040437423821669,-0.0018165870146317961,0.003692778674038983,0.0,0.41305590250925345,0.3869923442779193,0.49179638926374514,1.3891380772584456,0.07855877733863653
idle,ahad,rotate,0.12454918026924133,0.003948122262954712,-0.16262830793857574,-0.13177821040153503,0.02032068371772766,-0.3547598421573639,0.12465730309486389,-0.18543460965156555,-0.028262177482247353,-0.1333937644958496,-0.16478851437568665,-0.21203365921974182,0.09780851006507874,-0.3823617100715637,-0.16662508249282837,-0.09936940670013428,-0.3768283724784851,-0.24963054060935974,0.0003305348482998943,0.00458233284227777,-0.035496823715441245,0.0003305348482998943,0.003541960860743676,0.10418801596670466,0.4121042021611399,0.3872548569199992,0.09329339535252847,0.07211670190106226,3.157886268305041
idle,ahad,rotate,0.12462025880813599,0.004206717014312744,-0.16487593948841095,-0.13170713186264038,0.02037721872329712,-0.35415777564048767,0.12526953220367432,-0.1854291558265686,-0.031715597957372665,-0.13332268595695496,-0.16437619924545288,-0.21203365921974182,0.09786713123321533,-0.38252124190330505,-0.1673016995191574,-0.09948235750198364,-0.37672296166419983,-0.25344792008399963,0.002153895118019774,0.007836204586606952,-0.06811004696470244,0.002153895118019774,0.0017131819869532542,0.01824443990533982,0.41093729978256605,0.3876598100852775,1.2565148475559793,0.27482951277048184,2.6055262561867365
idle,ahad,rotate,0.12471462786197662,0.004228323698043823,-0.1743430458009243,-0.13161276280879974,0.020513564348220825,-0.3482900373637676,0.1255180984735489,-0.18540754914283752,-0.0518106147646904,-0.13322566449642181,-0.16405656933784485,-0.2118850313127041,0.09795291721820831,-0.3826996982097626,-0.17960261926054955,-0.09966851770877838,-0.37655729055404663,-0.24959168955683708,0.0028596682982011345,0.0006547479918508834,-0.2868820094701023,0.0028596682982011345,0.004131685603748678,0.17781025080969884,0.4103986628482671,0.387888059118924,0.6919636702117348,4.360925742417554,4.835930268908055
idle,ahad,rotate,0.11879812180995941,0.004282921552658081,-0.2211996833793819,-0.13148222863674164,0.02098718285560608,-0.3469154159538448,0.125522181391716,-0.18607130646705627,-0.08759146137163043,-0.13321958482265472,-0.16334238648414612,-0.2112773428671062,0.09794740378856659,-0.3828015625476837,-0.19910583598539233,-0.09980161488056183,-0.3762975335121155,-0.2492591212503612,-0.1792880621823402,0.0016544804428563014,-1.4198981084381124,0.003955580971457751,0.014352075981371367,0.04165519424008611,0.41033591000857195,0.38827475885757023,0.2755911678159886,108.2997162279994,4.137651795592877
idle,ahad,rotate,0.11129336059093475,0.004421055316925049,-0.24600751418620348,-0.13143236935138702,0.021460115909576416,-0.3376909466460347,0.12552736699581146,-0.1860029697418213,-0.09415204543620348,-0.13321296870708466,-0.16253799200057983,-0.20331713277846575,0.09795139729976654,-0.3828352987766266,-0.20059083122760057,-0.09989430010318756,-0.3757442533969879,-0.2491468908265233,-0.22741700663711142,0.004185871644453579,-0.751752448691565,0.0015108874349883145,0.01433130466576782,0.27952937296394215,0.40817399553266315,0.3901386508169312,0.10541831688779359,54.31668939227565,7.20868914145877
idle,ahad,rotate,0.10123573243618011,0.004551559686660767,-0.2467059320770204,-0.13104714453220367,0.021881014108657837,-0.29766192799434066,0.1258903592824936,-0.18587246537208557,-0.1011429182253778,-0.13273917138576508,-0.16137710213661194,-0.16751217609271407,0.09830336272716522,-0.38278642296791077,-0.20412073796615005,-0.09955410659313202,-0.37516534328460693,-0.22794504230841994,-0.30477661075014134,0.003954677870779336,-0.0211641785096039,0.011673479369192441,0.01275449088125521,1.2130005652028533,0.4043489402825679,0.38968296133714136,0.9151728834165971,77.04788425810192,28.288722477825498
idle,ahad,rotate,0.08107168972492218,0.00244748592376709,-0.30119070457294583,-0.13071002066135406,0.023715734481811523,-0.27995649026706815,0.12343646585941315,-0.18403774499893188,-0.12451431946828961,-0.13248203694820404,-0.15867000818252563,-0.14823697553947568,0.09759558737277985,-0.3831639289855957,-0.20773229049518704,-0.09975464642047882,-0.37260907888412476,-0.2128319893963635,-0.611031597310848,-0.06375981099677824,-1.6510537119977442,0.010215874874230613,0.05559758706526337,0.5365284159779562,0.4031591391759315,0.39711922348812007,0.18374342610971206,9.583184212348282,20.540274312937846
idle,ahad,rotate,0.05606652796268463,-0.0011127591133117676,-0.33073964389041066,-0.1293700486421585,0.026629090309143066,-0.26666676672175527,0.12063951790332794,-0.18417567014694214,-0.15876398654654622,-0.13212604820728302,-0.1557503342628479,-0.14014623733237386,0.09724511206150055,-0.3827286958694458,-0.21816126676276326,-0.09942896664142609,-0.3691672384738922,-0.21095193596556783,-0.7577321746132507,-0.10788621324481268,-0.8954224035595304,0.04060521270289521,0.0882835099191367,0.40271889531250715,0.4008183436866304,0.40000036246401044,0.4599358680258535,7.023373315740762,4.274432200914174
idle,ahad,rotate,0.03482908010482788,-0.01978003978729248,-0.3467605523765087,-0.12887078523635864,0.026629090309143066,-0.26354805752635,0.11450177431106567,-0.18931221961975098,-0.22076189145445824,-0.13201609253883362,-0.15574920177459717,-0.13789473101496696,0.09642767906188965,-0.38487449288368225,-0.25085071846842766,-0.0994354784488678,-0.36873859167099,-0.2083449773490429,-0.6435590259956607,-0.5656751719388109,-0.4854820753363058,0.015129194115147484,0.0,0.09450633925470463,0.400286673898944,0.3824748923988352,15129.194115147484,1.137680987675179,9.745992812589163
idle,ahad,rotate,0.004033297300338745,-0.044641971588134766,-0.36208585021086037,-0.129041850566864,0.025864899158477783,-0.23878109571523964,0.10569992661476135,-0.19338291883468628,-0.22221753117628396,-0.13172534108161926,-0.15518802404403687,-0.12258906778879464,0.09625020623207092,-0.3873613178730011,-0.258443744154647,-0.09961265325546265,-0.3677273392677307,-0.20548977074213326,-0.9332055395299761,-0.7533918727527984,-0.46440296467732417,-0.005183797894102167,-0.02315730759591773,0.7505139942760739,0.39609246410681903,0.36973259899367394,0.22384182750107134,1.2386705174422024,19.900923604642383
idle,ahad,rotate,-0.026539936661720276,-0.08750426769256592,-0.3832583259791136,-0.13041971623897552,0.02548229694366455,-0.20572380535304546,0.09797243773937225,-0.20798557996749878,-0.2319737058132887,-0.13248823583126068,-0.15518802404403687,-0.08588075451552868,0.09432099759578705,-0.39059996604919434,-0.25840125791728497,-0.10126565396785736,-0.3643639385700226,-0.15296385996043682,-0.926461635213912,-1.2988574577100382,-0.6415901747955534,-0.04175350521550045,-0.01159400650949192,1.0017360715816443,0.39447897095907725,0.34937609425501037,3.600990235005055,0.713289142257515,7.701000230272788
rotate,ahad,rotate,-0.04991611838340759,-0.13551414012908936,-0.4134823391214013,-0.12961384654045105,0.022119641304016113,-0.20264676306396723,0.09030428528785706,-0.2196940779685974,-0.25888165924698114,-0.13147714734077454,-0.1585506796836853,-0.07514482084661722,0.09493574500083923,-0.3960496187210083,-0.25835797283798456,-0.09988173842430115,-0.3672732412815094,-0.13058114144951105,-0.7083691430814356,-1.4548446192885927,-0.9158791861299335,0.024420293894681123,-0.1018986557469226,0.09324370572964373,0.39711996812043243,0.3360422100657005,0.23965040623229608,0.48690330691432554,27.73832004088363
rotate,ahad,rotate,-0.07697102427482605,-0.1951105296611786,-0.46006035432219505,-0.1295495629310608,0.021864980459213257,-0.18517501279711723,0.07543972134590149,-0.2451641857624054,-0.29962899908423424,-0.1312013864517212,-0.15880534052848816,-0.04943664371967316,0.09477278590202332,-0.39829424023628235,-0.2507944665849209,-0.09784966707229614,-0.36677777767181396,-0.12053494527935982,-0.8198456330732776,-1.8059511979420781,-1.4114550060846434,0.001947988163341154,-0.007716995297056171,0.5294469777833274,0.39525487368766105,0.33848451714605593,0.25239561419325607,0.4539686233154508,13.540012608973418
rotate,ahad,rotate,-0.09693649411201477,-0.24891993403434753,-0.47513630613684654,-0.1294577419757843,0.021477550268173218,-0.1202831082046032,0.0642271339893341,-0.28662940859794617,-0.3049139939248562,-0.13107216358184814,-0.15801909565925598,-0.031181510537862778,0.09441551566123962,-0.3997159004211426,-0.22064269706606865,-0.09741789102554321,-0.3662484586238861,-0.09394866600632668,-0.6050142374905688,-1.630588011308154,-0.4568470246864099,0.0027824531901966512,-0.011740308819395152,1.966421351288309,0.38993783205297394,0.35230954029185896,0.23697981485678937,0.3710403009555369,43.544856003706045
rotate,ahad,rotate,-0.1053733229637146,-0.3141816258430481,-0.5030238935723901,-0.12930834293365479,0.020536720752716064,-0.10829045716673136,0.053119808435440063,-0.31895917654037476,-0.30545169208198786,-0.13081088662147522,-0.15900927782058716,-0.0026069493032991886,0.09383460879325867,-0.40076103806495667,-0.17970231268554926,-0.09741789102554321,-0.3671172261238098,-0.048785299994051456,-0.2556614803545409,-1.9776270245060825,-0.845078407137685,0.004527243700894454,-0.028509985316883504,0.363413667814299,0.393488814557666,0.38950820191973884,0.15878945082313697,0.12927682920472014,48.5786771993575
rotate,ahad,rotate,-0.10336950421333313,-0.37188708782196045,-0.5037561748176813,-0.12730452418327332,0.020970910787582397,-0.1082922238856554,0.05512362718582153,-0.35552480816841125,-0.3183648381382227,-0.12880706787109375,-0.15892961621284485,-0.002608716022223234,0.0938342809677124,-0.40151816606521606,-0.1599458698183298,-0.095150887966156,-0.36359989643096924,-0.0487870667129755,0.06072178031459014,-1.7486503629973484,-0.022190340766401057,0.06072178031459014,0.013157273783828305,-5.353693709228991e-05,0.3904733356029019,0.3974579971661622,4.6147223649669025,0.03472492093021187,11.216313522371118
rotate,ahad,rotate,-0.10288918018341064,-0.42830389738082886,-0.5037436727434397,-0.1261555254459381,0.021018803119659424,-0.09792048670351505,0.05560395121574402,-0.3756736218929291,-0.3347546998411417,-0.12832674384117126,-0.15888172388076782,0.022925129160284996,0.09093329310417175,-0.40206247568130493,-0.14722810126841068,-0.09415203332901001,-0.3635520040988922,-0.045458121225237846,0.014555273634014744,-1.7096002896626832,0.0003788507345950974,0.034818143555612364,0.0014512827902129239,0.3142950661254659,0.38944990571828747,0.40664372129456805,23.974768406163903,0.008513841047047062,9.56458270416142
rotate,ahad,rotate,-0.10191367566585541,-0.4802494943141937,-0.520259091630578,-0.12501998245716095,0.021010935306549072,-0.09793298877775669,0.056579455733299255,-0.3989477753639221,-0.3485162351280451,-0.12731899321079254,-0.15770560503005981,0.022912627086043358,0.09177564084529877,-0.4022747278213501,-0.14667611755430698,-0.09317652881145477,-0.36355987191200256,-0.0447476077824831,0.029560742956219372,-1.5741089979807574,-0.5004672390041942,0.03441039359930798,-0.0002384185791015631,-0.0003788507345950974,0.38953484575378755,0.4279717911963864,143.72482590296738,0.0187793375266909,9.535718714786395
rotate,ahad,rotate,-0.08720646798610687,-0.5223822295665741,-0.5690519940108061,-0.1249953955411911,0.020757287740707397,-0.10826546512544155,0.05866546928882599,-0.4192502796649933,-0.3894688617438078,-0.12672968208789825,-0.1579592525959015,0.011225908994674683,0.09173806011676788,-0.4051305949687958,-0.1419657301157713,-0.09315194189548492,-0.36381351947784424,-0.04472084902226925,0.44567295999237494,-1.2767495531024216,-1.4785727994008335,0.0007450580596923747,-0.0076862898739900615,-0.3131053438692348,0.3910839162385922,0.47767328453832414,0.09692077076646712,0.349068155020116,9.53398469678057
rotate,ahad,rotate,-0.08067062497138977,-0.5740803182125092,-0.5772862071171403,-0.12497717142105103,0.020445048809051514,-0.11249494645744562,0.06034284830093384,-0.44966769218444824,-0.3894053930416703,-0.12669247388839722,-0.15819156169891357,-0.002518488559871912,0.09167987108230591,-0.4060002267360687,-0.13615018967539072,-0.09313371777534485,-0.36441195011138916,-0.04544269014149904,0.19805584893082176,-1.5666087468465208,-0.24952160928285544,0.0005522460648507796,-0.009461785807754078,-0.12816610096982062,0.39195015019156926,0.5025500935479479,0.05835977650453141,0.12642322016028226,5.6044807869392015
rotate,ahad,rotate,-0.058250486850738525,-0.6155757308006287,-0.577272686176002,-0.12479844689369202,0.02014601230621338,-0.12581247370690107,0.08209356665611267,-0.4579947292804718,-0.38939187210053205,-0.1265137493610382,-0.15844571590423584,-0.010552771389484406,0.08932182192802429,-0.406254380941391,-0.13493296783417463,-0.09295499324798584,-0.3646661043167114,-0.04868331830948591,0.6793981248682213,-1.2574367450945336,0.0004097254890384106,0.005415894768454825,-0.009061712207216228,-0.40356143180168136,0.39375535202993794,0.5111334857431228,0.5976019810209127,0.5403035876079452,8.346623197898822
rotate,ahad,rotate,-0.01777537167072296,-0.6342673152685165,-0.5773777016438544,-0.12446732819080353,0.020389407873153687,-0.23191734636202455,0.10543037950992584,-0.4772842824459076,-0.3894968875683844,-0.12580369412899017,-0.15831401944160461,-0.05928500974550843,0.0858018547296524,-0.4060109853744507,-0.135037983302027,-0.0922449380159378,-0.3644227087497711,-0.054199567530304193,1.2265186418186564,-0.5664116505420583,-0.003182286904616797,0.010033900087529987,0.0073756232406154,-3.215299171367386,0.42509088021419256,0.5084226788689018,1.3602294383538152,2.1654153392316977,85.20574477235125
rotate,ahad,rotate,0.008289888501167297,-0.6542661786079407,-0.5774137955158949,-0.1250958889722824,0.021018296480178833,-0.23390847258269787,0.12015862762928009,-0.4854235351085663,-0.3814351838082075,-0.1253710240125656,-0.1578972041606903,-0.08222269080579281,0.0831044465303421,-0.40538209676742554,-0.12386013381183147,-0.09214769303798676,-0.36379382014274597,-0.05878325738012791,0.7898563688451613,-0.6060261618007328,-0.0010937536981972808,-0.01904729640845101,0.019057230515913577,-0.060337158202222047,0.42406932182708834,0.5227345677605997,0.9994262789793923,1.3033349305635136,95.60962621432232
rotate,ahad,rotate,0.043744057416915894,-0.6689931601285934,-0.5616884347982705,-0.12567707896232605,0.021881908178329468,-0.24048536689952016,0.1383058726787567,-0.48455992341041565,-0.33008785219863057,-0.1255333125591278,-0.15712079405784607,-0.08663884224370122,0.08396968245506287,-0.4040750563144684,-0.11487433733418584,-0.09180548787117004,-0.3623097836971283,-0.08066171826794744,1.074368755022673,-0.4462721672925033,0.4765260823522501,-0.017611817880110115,0.026170051459109858,-0.19929982778249147,0.4174854960966687,0.5210014782424572,0.6729503362762154,2.4074240482365674,4.216726973648384
rotate,ahad,rotate,0.07274287939071655,-0.6691332906484604,-0.5586157334037125,-0.12741613388061523,0.02183958888053894,-0.2532559526152909,0.15169376134872437,-0.4847000539302826,-0.3093196344561875,-0.1280188262462616,-0.15733656287193298,-0.09339337470009923,0.08416545391082764,-0.40394696593284607,-0.0972384181804955,-0.09284105896949768,-0.36027202010154724,-0.09327411325648427,0.8787521810242646,-0.004246379389907385,0.09311216347145335,-0.05269863388755118,-0.0012824029633493165,-0.38698744593244705,0.4156908784765611,0.5322812123562379,41.06164267380429,206.89279208548072,5.845529471389431
rotate,ahad,rotate,0.10614520311355591,-0.6691332906484604,-0.5586308057827409,-0.12844949960708618,0.022417575120925903,-0.2532710249943193,0.16829484701156616,-0.4847000539302826,-0.30522776799625717,-0.12822851538658142,-0.15733656287193298,-0.09340844707912765,0.08452969789505005,-0.40385159850120544,-0.08959144013351761,-0.09351596236228943,-0.36004719138145447,-0.10443033682531677,1.0121916279648315,0.0,-0.00045673875843711085,-0.031314112923362114,0.017514734557180736,-0.00045673875843711085,0.41188979119999586,0.5392954040069209,1.7877704655283557,1012191.6279648315,11.744784423775089
rotate,ahad,rotate,0.14551909267902374,-0.6696402877569199,-0.5586394411802758,-0.1293220967054367,0.022417694330215454,-0.24051072125439532,0.1891651302576065,-0.47518908977508545,-0.2710719150782097,-0.1279061883687973,-0.15784355998039246,-0.08666419659857638,0.08509619534015656,-0.40430936217308044,-0.08148630385403521,-0.09413780272006989,-0.36055418848991394,-0.10443897222285159,1.1931481686505434,-0.015363548741196179,-0.00026167871317628723,-0.026442336313652334,3.612402713660047e-06,0.38667587090678834,0.4079472005769216,0.5492964072832394,5732.876757560863,77.6559200499925,11.744214177268475
rotate,ahad,rotate,0.17985795438289642,-0.6571890413761139,-0.5617585186846554,-0.13129501044750214,0.01911640167236328,-0.24055545078590512,0.20485542714595795,-0.4713996648788452,-0.26620957301929593,-0.12849141657352448,-0.16153556108474731,-0.08670892613008618,0.08625958859920502,-0.4079635441303253,-0.06853500800207257,-0.09484614431858063,-0.3642461895942688,-0.10448370175436139,1.0405715667840232,0.37731049638806063,-0.09451750013271765,-0.05978526491107378,-0.10003917145006609,-0.0013554403487818743,0.4084249222430657,0.5604849989471977,0.5976125794717866,2.7578581006548686,12.185006668623654
rotate,ahad,rotate,0.2141105681657791,-0.6422144770622253,-0.5617427056422457,-0.13249729573726654,0.01634421944618225,-0.2173686003079638,0.2182886153459549,-0.4528876543045044,-0.266012561856769,-0.12900613248348236,-0.16472378373146057,-0.07093810790684074,0.08814926445484161,-0.41110944747924805,-0.061160219251178205,-0.09517793357372284,-0.36743441224098206,-0.10616805159952492,1.0379579934206902,0.453774676178442,0.0004791831033247902,-0.0364328875686184,-0.08400552200548597,0.7026318326648907,0.40130329548238663,0.5655604392216371,0.433691178956786,2.2873812941276412,21.35021052464222
rotate,ahad,rotate,0.24597002565860748,-0.6445732414722443,-0.5586912357248366,-0.13402332365512848,0.013626068830490112,-0.18653194466605783,0.22644831240177155,-0.4235256612300873,-0.25204047793522477,-0.12949885427951813,-0.16822126507759094,-0.0707399477250874,0.0902041345834732,-0.41457125544548035,-0.06111325928941369,-0.09548448026180267,-0.3715183734893799,-0.10619092965498567,0.9654381058432733,-0.07147770939451197,0.09246878537603298,-0.04624327023824005,-0.08236820047551845,0.9344441103607765,0.39531779948920626,0.5698664484177469,0.5614145818009287,13.506652736477616,7.031077316326682
rotate,ahad,rotate,0.2699308544397354,-0.5966671407222748,-0.5586713413940743,-0.13473360240459442,0.01264655590057373,-0.1865120503352955,0.22873945534229279,-0.38909465074539185,-0.23342031345237046,-0.12978659570217133,-0.1698477864265442,-0.07072005339432508,0.09232474863529205,-0.41363975405693054,-0.05986809462774545,-0.09596197307109833,-0.373597651720047,-0.10617103532422334,0.7260857206402421,1.4517000227263515,0.000602858507949296,-0.021523598468664973,-0.02968220999746619,0.000602858507949296,0.39641204050162815,0.560221056435043,0.7251102044051928,0.5001620232219888,28.353118346161345
rotate,ahad,rotate,0.2991298884153366,-0.5389741361141205,-0.5022518595214933,-0.13600723445415497,0.012331157922744751,-0.1865991426166147,0.22929124534130096,-0.35746270418167114,-0.18758193752728403,-0.13091106712818146,-0.17078456282615662,-0.07080714567564428,0.09412418305873871,-0.4108956754207611,-0.055842883652076125,-0.09701015055179596,-0.3753114938735962,-0.10625812760554254,0.8848192113818566,1.7482728669137708,1.7096812688660934,-0.03859491059274394,-0.009557514479666069,-0.002639160039975794,0.39779677818905995,0.5076538240367332,4.037751961860529,0.5061101856677802,0.8057095109070073
rotate,ahad,rotate,0.3070022836327553,-0.5092830806970596,-0.49413685977924615,-0.13680166751146317,0.011320024728775024,-0.18662016198504716,0.22873026877641678,-0.3429489880800247,-0.18591534823644906,-0.1316172257065773,-0.17168447375297546,-0.07082816504407674,0.09436056762933731,-0.40959201753139496,-0.04744332388509065,-0.0978730097413063,-0.37661467492580414,-0.10741081938613206,0.2385574308308694,0.8997289520321493,0.24590908309839954,-0.024073729009339365,-0.03064039981726452,-0.0006369505585594626,0.3978478246098963,0.5046681310223601,0.7856602228653835,0.2651433691765607,0.7781223494835809
rotate,ahad,rotate,0.31487467885017395,-0.4795920252799988,-0.486021860036999,-0.13759610056877136,0.010308891534805298,-0.2511091069318354,0.2281692922115326,-0.3284352719783783,-0.1842487589456141,-0.13232338428497314,-0.1725843846797943,-0.09982874849811196,0.09459695219993591,-0.4082883596420288,-0.03904376411810517,-0.09873586893081665,-0.3779091387987137,-0.10856351116672158,0.2385574308308694,0.8997289520321493,0.24590908309839954,-0.024073729009339365,-0.03064039981726452,-1.9542104529329822,0.4153824786278591,0.5033844532987568,0.7856602228653835,0.2651433691765607,59.19919704164932
rotate,ahad,rotate,0.3346717059612274,-0.43273964524269104,-0.39628516836091876,-0.13856196403503418,0.007269859313964844,-0.3005393068306148,0.2279416024684906,-0.30632156133651733,-0.09421873046085238,-0.1333504617214203,-0.17546695470809937,-0.12989457650110126,0.09719011187553406,-0.4074706733226776,-0.037462092470377684,-0.09948661923408508,-0.3817651718854904,-0.12862271768972278,0.5999099124561591,1.4197690920396129,2.7192936871539164,-0.029268589886751722,-0.09209188548001275,-1.4978848454175409,0.42711877937350456,0.43103367416354543,0.3178159717137323,0.42254018155456474,13.953758466408518
rotate,ahad,rotate,0.33466316759586334,-0.36429867148399353,-0.19789113756269217,-0.13857050240039825,0.006070852279663086,-0.3560569202527404,0.2227734476327896,-0.27691543102264404,-0.0012357348459772766,-0.13335900008678436,-0.17473077774047852,-0.17448002751916647,0.0989236980676651,-0.40534043312072754,-0.037433660589158535,-0.09954755008220673,-0.385105237364769,-0.16538635548204184,-0.00025873834436590087,2.0739689017787177,6.011940327219002,-0.00025873834436590087,-0.03633354649399275,-1.6823519218825975,0.43691736997642217,0.2881043658266825,0.007121001067363769,0.00012475511054620258,5.90548966817288
rotate,ahad,rotate,0.3345962315797806,-0.29663389921188354,-0.1035161018371582,-0.13863743841648102,0.007599353790283203,-0.4005911871790886,0.22199596464633942,-0.2594168186187744,0.04068390280008316,-0.13342593610286713,-0.17320895195007324,-0.21053840965032578,0.09934212267398834,-0.4028998613357544,-0.03742653876543045,-0.09961448609828949,-0.3851008713245392,-0.1945713683962822,-0.002028364123720116,2.0504476446093984,2.8598495674404303,-0.002028364123720116,0.04631822759454912,-1.3495232401923734,0.4451745987184808,0.26646722276892176,0.04379097470007931,0.0009892294201333243,10.39218903412852
rotate,ahad,rotate,0.33455634117126465,-0.24029284715652466,-0.09728387743234634,-0.13867732882499695,0.008679866790771484,-0.4005911871790886,0.21804505586624146,-0.2427659034729004,0.04068390280008316,-0.13346582651138306,-0.17319226264953613,-0.21584466844797134,0.10065639019012451,-0.40259695053100586,-0.03742653876543045,-0.09965437650680542,-0.3851008713245392,-0.21188422292470932,-0.001208800258058493,1.7073046077381524,0.18885528499429924,-0.001208800258058493,0.03274281819661466,0.0,0.43840207444350704,0.290920453102665,0.0369168998801572,0.0007080163343807664,40.8967202310989
rotate,ahad,rotate,0.32842791080474854,-0.17713236808776855,-0.09728387743234634,-0.1386561393737793,0.009249627590179443,-0.4005911871790886,0.19056862592697144,-0.23343247175216675,0.04068390280008316,-0.13343936204910278,-0.17319226264953613,-0.22318684309720993,0.10073161125183105,-0.40246739983558655,-0.08022358268499374,-0.09971433877944946,-0.3851008713245392,-0.22115042060613632,-0.18571001110654936,1.9139539111744321,0.0,0.0006421045823530733,0.017265478769938194,0.0,0.43500318221376816,0.32079983637737197,0.037187928755399134,0.09702945979672783,0.4723521087628611
rotate,ahad,rotate,0.31292010843753815,-0.13650420308113098,-0.09728387743234634,-0.13914130628108978,0.012298375368118286,-0.4005911871790886,0.17511244118213654,-0.2193833291530609,0.04068390280008316,-0.1335330754518509,-0.17092642188072205,-0.22318684309720993,0.10043551027774811,-0.3995988667011261,-0.09585563838481903,-0.09987296164035797,-0.3828350305557251,-0.22238755971193314,-0.4699334050669763,1.2311565153526403,0.0,-0.014702027494256985,0.09238629630117604,0.0,0.435234355503162,0.33818714692788476,0.15913473045395135,0.38170047228471277,2.323390783829862
rotate,ahad,rotate,0.29863184690475464,-0.09118285775184631,-0.10350989922881126,-0.13970622420310974,0.014761179685592651,-0.3716682679951191,0.16367995738983154,-0.207723468542099,0.0344812348484993,-0.1339987814426422,-0.16872403025627136,-0.2158384658396244,0.10002756118774414,-0.3968958854675293,-0.1098921112716198,-0.10002481937408447,-0.38069796562194824,-0.2230590172111988,-0.4329776222055619,1.3733741008874176,-0.1886673271656041,-0.017118724909695755,0.07463043386285974,0.8764520964839263,0.4243197602223279,0.36461603125865605,0.22937687276855165,0.31526537937508103,26.564705011524428
rotate,ahad,rotate,0.2677484452724457,-0.05333000421524048,-0.10610863100737333,-0.13978493213653564,0.02019190788269043,-0.36717770528048277,0.15485414862632751,-0.19681990146636963,0.003551278728991747,-0.13382786512374878,-0.1636388897895813,-0.2158361030742526,0.09986051917076111,-0.3913557529449463,-0.15362734626978636,-0.09976443648338318,-0.375866174697876,-0.223056654445827,-0.9358606555245162,1.1470561677759372,-0.07874944783521441,-0.002385088891694046,0.1645675211241755,0.13607765801928293,0.42336098325590205,0.3804021435733416,0.01449298368485898,0.8158796979047557,22.604924596267466
rotate,ahad,rotate,0.24139931797981262,-0.03586077690124512,-0.10607817769050598,-0.13967761397361755,0.02185899019241333,-0.3609682470560074,0.14798566699028015,-0.1916242241859436,0.0035817320458590984,-0.13373219966888428,-0.16214978694915771,-0.21321290731430054,0.09986051917076111,-0.3895285725593567,-0.153596892952919,-0.09938153624534607,-0.37549522519111633,-0.22302620112895966,-0.7984584028070643,0.5293705246665275,0.0009228277838591396,0.003252065542972457,0.05051764574917893,0.18816540074167876,0.4225424882753013,0.3838908302553829,0.06437356929793218,1.5083138506742415,3.8032759216937513
rotate,ahad,rotate,0.2161502242088318,-0.021091490983963013,-0.10604952834546566,-0.13924989104270935,0.022669285535812378,-0.34036550484597683,0.1418757438659668,-0.18940231204032898,0.00361038139089942,-0.13372784852981567,-0.16148027777671814,-0.20574713312089443,0.09986954927444458,-0.38852831721305847,-0.15356824360787868,-0.09909024834632874,-0.3753935396671295,-0.22299755178391933,-0.7651240536660878,0.4475541187055194,0.0008681619709188309,0.012961300936612248,0.024554404345425752,0.624325521516079,0.41694369657787866,0.388315651155986,0.527839035117608,1.709563854121667,13.243638045406563
rotate,ahad,rotate,0.19250331819057465,-0.010123610496520996,-0.10824510455131531,-0.138981893658638,0.024154245853424072,-0.2796868234872818,0.13508091866970062,-0.18765473365783691,0.003607809077948332,-0.13381879031658173,-0.16008740663528442,-0.15656976401805878,0.09977416694164276,-0.38694703578948975,-0.15357081592082977,-0.09890253841876984,-0.37452101707458496,-0.20250748097896576,-0.7165729096441575,0.33236001477097105,-0.06653261229847433,0.008121132850646993,0.044998797503384785,1.83874791996046,0.4080502063437496,0.39070322426622667,0.18047043100663152,2.156007707877369,36.80618537921393
rotate,ahad,rotate,0.17563234269618988,0.000351637601852417,-0.11227794084697962,-0.13857166469097137,0.024299591779708862,-0.26607192400842905,0.13349859416484833,-0.18294218182563782,0.0036256969906389713,-0.13383148610591888,-0.1600811779499054,-0.13981605414301157,0.09975235164165497,-0.38664108514785767,-0.14615944866091013,-0.09854684770107269,-0.37472590804100037,-0.1968197012320161,-0.5112416816480175,0.3174317605567666,-0.12220716047467474,0.01243118083838247,0.0044044220086299525,0.4125727114803818,0.4069633961939521,0.39581447304945244,2.821791150548244,1.610551099865422,43.23513141789126
rotate,ahad,rotate,0.15834321081638336,0.006300091743469238,-0.11227406095713377,-0.13809020817279816,0.025016069412231445,-0.2660680441185832,0.131349578499794,-0.18172907829284668,0.0036295768804848194,-0.13382907211780548,-0.1600978970527649,-0.13981217425316572,0.09991355240345001,-0.38647890090942383,-0.14615556877106428,-0.09814660251140594,-0.37488171458244324,-0.19681582134217024,-0.5239130872668655,0.1802561861096011,0.00011757241957115434,0.014589591459794514,0.021711443409775297,0.00011757241957115434,0.4078107399720589,0.3985439983532796,0.6719460902878411,2.9064754563976862,12.509810051850984
idle,ahad,rotate,0.14604705572128296,0.006310582160949707,-0.11224850220605731,-0.13830408453941345,0.025854408740997314,-0.26604248536750674,0.12783753871917725,-0.1817185878753662,0.0036551356315612793,-0.1347353160381317,-0.16008740663528442,-0.13978661550208926,0.09940379858016968,-0.38642528653144836,-0.14613001001998782,-0.09874552488327026,-0.3749818801879883,-0.19679026259109378,-0.3726107604575889,0.00031789143880208413,0.0007745076083775741,-0.006481102018645332,0.02540422208381428,0.0007745076083775741,0.4086936267228837,0.39694459634317986,0.2551090479454795,1168.456456082049,0.6485431167818834
idle,ahad,rotate,0.13533750176429749,0.006312310695648193,-0.16106612654402852,-0.13986173272132874,0.02650463581085205,-0.26603445084765553,0.12346860766410828,-0.18171685934066772,-0.020823386032134295,-0.13673406839370728,-0.16008567810058594,-0.13977858098223805,0.09801974892616272,-0.3861849009990692,-0.1461219755001366,-0.10051074624061584,-0.37509891390800476,-0.19678222807124257,-0.3245319380904697,5.2379839348070676e-05,-1.4793219496354948,-0.047201460058039005,0.019703850601658725,0.00024347029852144706,0.409426161405528,0.39455038146659877,2.395423391541251,6079.672439145312,1.2460861756438881
idle,ahad,rotate,0.1265104115009308,0.006277292966842651,-0.18146407278254628,-0.1406438648700714,0.026926904916763306,-0.27306624921038747,0.12140670418739319,-0.18175187706947327,-0.04683440597727895,-0.13809847831726074,-0.16012069582939148,-0.155771401245147,0.09702470898628235,-0.38621991872787476,-0.15991165908053517,-0.1017814576625824,-0.3753092885017395,-0.20814554067328572,-0.2674875837383855,-0.0010611432971376388,-0.6181195829853883,-0.023700974204323568,0.0127960335124623,-0.21308479887066517,0.40929077730475094,0.3941928137057965,1.8520678391005654,251.8375669829444,6.50696746012358
idle,ahad,rotate,0.11941073834896088,0.0030254721641540527,-0.19746116967871785,-0.14093922078609467,0.027172327041625977,-0.28091759653761983,0.12026052176952362,-0.18337410688400269,-0.05895755859091878,-0.1391572505235672,-0.1600635051727295,-0.16080329986289144,0.09620510041713715,-0.38641831278800964,-0.1661444720812142,-0.1028246134519577,-0.37558209896087646,-0.2115415004082024,-0.21514161066575246,-0.09854002432389584,-0.48476051200519377,-0.008950179273431853,0.007437034086747521,-0.23791961597673558,0.41045936908663544,0.39138944648278845,1.20329903964524,2.18326947727477,0.8902455613143125
idle,ahad,rotate,0.11921364068984985,0.002754896879196167,-0.20950808050110936,-0.1408015787601471,0.027351051568984985,-0.29252510191872716,0.12001663446426392,-0.1847279965877533,-0.06614453019574285,-0.13934940099716187,-0.1602332890033722,-0.1672048163600266,0.09606295824050903,-0.3866678476333618,-0.17146091582253575,-0.10296937823295593,-0.375911146402359,-0.21998247923329473,-0.00597265633669768,-0.008199251059329891,-0.36505790370883456,0.004170970483259731,0.005415894768454825,-0.3517425873062836,0.41147795544292537,0.391961241427825,0.7699928947391209,0.728350424088815,3.4725631112196824
idle,ahad,rotate,0.11918589472770691,0.0022838711738586426,-0.2095184433273971,-0.14012303948402405,0.027415215969085693,-0.29970143316313624,0.11998888850212097,-0.185072660446167,-0.06615489302203059,-0.13936516642570496,-0.1605779528617859,-0.16992017207667232,0.096067875623703,-0.3870125114917755,-0.17184067843481898,-0.1029476523399353,-0.3763146698474884,-0.22032665787264705,-0.0008407867316043759,-0.01427350622234926,-0.00031402503902261983,0.020561796246152987,0.0019443757606275203,-0.21746458316391218,0.4131345846854176,0.39179807341427975,10.56957563793247,0.05890128306420686,4.100582615536623
idle,ahad,rotate,0.11906024813652039,0.0018675029277801514,-0.20952347060665488,-0.13959583640098572,0.02733626961708069,-0.3000026657246053,0.11986324191093445,-0.18548902869224548,-0.06615992030128837,-0.13946735858917236,-0.16099432110786438,-0.1700550033710897,0.09609296917915344,-0.387428879737854,-0.17314835032448173,-0.10301929712295532,-0.3767685294151306,-0.22126925131306052,-0.0038074724601976895,-0.012617219578136128,-0.00015234179569013228,0.015975851001161556,-0.002392313697121366,-0.009128259438456934,0.4133249113848828,0.3916660807815708,6.675201424860025,0.30174403263634614,6.31611851730097
idle,ahad,rotate,0.12067535519599915,0.0019719302654266357,-0.20952347060665488,-0.13918408751487732,0.02739885449409485,-0.31155273457989097,0.11986324191093445,-0.18551096320152283,-0.06615992030128837,-0.13946354389190674,-0.16101625561714172,-0.18212266406044364,0.09620431065559387,-0.3872627913951874,-0.17357921740040183,-0.10282164812088013,-0.37695446610450745,-0.2320967777632177,0.04894263816602314,0.003164464777166201,0.0,0.012477238972981801,0.0018965114246715245,-0.35000208652380826,0.4136871812752375,0.3916560862614922,6.575580421151729,15.461438244098154,10.330871487549011
idle,ahad,rotate,0.12441304326057434,0.001965641975402832,-0.17964589735493064,-0.13893651962280273,0.027422726154327393,-0.31670734426006675,0.12020507454872131,-0.18452554941177368,-0.05959620838984847,-0.13944026827812195,-0.16179662942886353,-0.18798126420006156,0.09625449776649475,-0.3868209421634674,-0.17626465996727347,-0.10264119505882263,-0.37706565856933594,-0.2360172583721578,0.11326327468409711,-0.00019055424314556746,0.9053810076280097,0.007502057335593502,0.0007233836434104244,-0.15620029333866042,0.414052042528667,0.3898196306716539,10.356469812423628,591.285647470754,5.874824007515401
idle,ahad,rotate,0.12723645567893982,0.0030344128608703613,-0.17735029896721244,-0.1387735903263092,0.027428030967712402,-0.31978744408115745,0.12058618664741516,-0.1836119294166565,-0.05205129226669669,-0.13940846920013428,-0.16218334436416626,-0.19123694440349936,0.0963461697101593,-0.3864893615245819,-0.17686903616413474,-0.10230386257171631,-0.37725773453712463,-0.23974198242649436,0.08555795207168022,0.032386996529318715,0.06956358750661137,0.004937251408894803,0.00016075192075786993,-0.09333635821486862,0.4141351057037283,0.39074699255734185,30.52360297028859,2.6416562072380816,1.906628793076131
idle,ahad,rotate,0.12907110154628754,0.004015624523162842,-0.17734992085024714,-0.13847853243350983,0.027428030967712402,-0.3238421189598739,0.12091563642024994,-0.1832118034362793,-0.0520509141497314,-0.13925211131572723,-0.16262727975845337,-0.1921372669748962,0.09648369252681732,-0.38642624020576477,-0.17841286538168788,-0.10197369754314423,-0.37741899490356445,-0.24081734893843532,0.05559532931356807,0.029733686736136244,1.1458089857390615e-05,0.008941148266647945,0.0,-0.12286893571868283,0.4148817057479203,0.39180086627096855,8941.148266647944,1.8697129654304938,0.9031269854926525
idle,ahad,rotate,0.1302715539932251,0.004458099603652954,-0.17735067661851645,-0.13816753029823303,0.02743193507194519,-0.32661967631429434,0.12136781215667725,-0.18221476674079895,-0.0520516699180007,-0.13907292485237122,-0.1627909243106842,-0.19310305174440145,0.09661191701889038,-0.3862677812576294,-0.17841362114995718,-0.10170027613639832,-0.3775827884674072,-0.24317241366952658,0.03637734687689539,0.013408335772427499,-2.290206876668038e-05,0.009424307129599728,0.00011830618887236495,-0.08416840467940585,0.4151267668467871,0.3921744700858866,78.99260900607557,2.7128373466264524,1.1728402347768696
idle,ahad,rotate,0.13112442195415497,0.00472712516784668,-0.17735067661851645,-0.137761190533638,0.027557194232940674,-0.32661967631429434,0.12242214381694794,-0.18100738525390625,-0.0520516699180007,-0.13878946006298065,-0.16290295124053955,-0.19690664764493704,0.09683136641979218,-0.3861440420150757,-0.18613388296216726,-0.10141517221927643,-0.377569317817688,-0.24757266696542501,0.02584448366454125,0.008152289824052202,0.0,0.012313326199849312,0.0037957321513782433,0.0,0.4143633109972652,0.39247092593783056,3.2431379694191698,3.1698227613962695,2.5544915769820826
idle,ahad,rotate,0.13285553455352783,0.005030244588851929,-0.18673477228730917,-0.1374325454235077,0.027757972478866577,-0.32661967631429434,0.12360620498657227,-0.17936274409294128,-0.05772347282618284,-0.13845151662826538,-0.16276749968528748,-0.19690664764493704,0.09708636999130249,-0.3859303295612335,-0.1874256944283843,-0.10107934474945068,-0.37744513154029846,-0.24757266696542501,0.05245795755675428,0.009185437000159207,-0.28436653541796586,0.009958942731221675,0.0060841892704820155,0.0,0.4144388258754418,0.39259404102284723,1.6365871772518943,5.71037035967755,0.09949439446592749
idle,ahad,rotate,0.13453960418701172,0.005323737859725952,-0.18697584327310324,-0.13698691129684448,0.02780798077583313,-0.32661967631429434,0.12513142824172974,-0.17859724164009094,-0.05829141940921545,-0.13808459043502808,-0.16274091601371765,-0.19690664764493704,0.09742748737335205,-0.38588032126426697,-0.18855748232454062,-0.10070833563804626,-0.3773951232433319,-0.24757266696542501,0.051032413135874796,0.008893735481030916,-0.007305181387698931,0.013504064444339488,0.0015154029383803692,0.0,0.41443228668335874,0.3929636454833555,8.9053272732133,5.737372768949397,0.1752387758653162
idle,ahad,rotate,0.13662466406822205,0.005309551954269409,-0.1876276796683669,-0.1366983950138092,0.027848392724990845,-0.32566540595144033,0.12674865126609802,-0.17828336358070374,-0.06118644308298826,-0.1379106044769287,-0.16284075379371643,-0.19690325018018484,0.09762749075889587,-0.38595959544181824,-0.19037168379873037,-0.10053890943527222,-0.3774743974208832,-0.24756926950067282,0.06318363276395031,-0.00042987592292555133,-0.019752618038293403,0.008742917667735845,0.0012246045199307723,0.028917283722849064,0.4143586358910329,0.3932173124225921,7.133555339882139,146.6399708179272,0.888123029937382
idle,ahad,rotate,0.1384057253599167,0.005315899848937988,-0.18798995297402143,-0.13633771240711212,0.027854740619659424,-0.32520303409546614,0.12829308211803436,-0.17827701568603516,-0.06482602935284376,-0.1376894861459732,-0.16289383172988892,-0.19588235300034285,0.0978030413389206,-0.38595324754714966,-0.19210955779999495,-0.10035036504268646,-0.3774680495262146,-0.24702221434563398,0.05397155429377641,0.00019236044450239492,-0.010977978959227933,0.010929775960517533,0.00019236044450239492,0.014011268362854313,0.4143596191217477,0.3933917828293982,56.52539736679267,279.1240702444079,0.45760302039629525
idle,ahad,rotate,0.13967964053153992,0.005525350570678711,-0.18965521454811096,-0.1360204815864563,0.028064191341400146,-0.3202947974205017,0.12963327765464783,-0.17806756496429443,-0.06729725003242493,-0.1373838186264038,-0.1626930832862854,-0.19374273717403412,0.09804221987724304,-0.3858672082424164,-0.19496257603168488,-0.10006603598594666,-0.37725213170051575,-0.24615083634853363,0.038603490049188366,0.006346991567900617,-0.050462471942106325,0.009613055171388463,0.006346991567900617,0.14873444469589012,0.4136077499831214,0.39363686054398195,1.5143459263553583,6.081213189442714,4.086973132281213
idle,ahad,rotate,0.1399347484111786,0.0057874321937561035,-0.19698104355484247,-0.1356935203075409,0.02832627296447754,-0.31743688974529505,0.13075783848762512,-0.17780548334121704,-0.07192348036915064,-0.13695555925369263,-0.16277456283569336,-0.19239264819771051,0.0982883870601654,-0.3857150077819824,-0.19557750318199396,-0.09974294900894165,-0.37693554162979126,-0.24612939450889826,0.007730541807232604,0.00794186736598172,-0.22199481838580687,0.009907917542891227,0.00794186736598172,0.08660326288505173,0.4130548883887272,0.3937137917908314,1.2473980851456195,0.9732683993115032,1.883404476054821
idle,ahad,rotate,0.14011651277542114,0.005841851234436035,-0.20502305263653398,-0.1352570652961731,0.028226912021636963,-0.31176297599449754,0.13148999214172363,-0.17774367332458496,-0.07192792231217027,-0.13634765148162842,-0.16271591186523438,-0.1839471929706633,0.09836554527282715,-0.3857998847961426,-0.1955819451250136,-0.09954530000686646,-0.3767445981502533,-0.24190369481220841,0.005508011037653082,0.0016490618387857891,-0.24369724489973985,0.013225909435387668,-0.0030109376618356084,0.1719367803271954,0.4125016041160156,0.3939740184320435,4.391163071856942,3.338063403554739,2.6090156268350246
idle,ahad,rotate,0.14021198451519012,0.006180673837661743,-0.21407241933047771,-0.13488079607486725,0.02825513482093811,-0.3068240564316511,0.13202641904354095,-0.17739251255989075,-0.07193288020789623,-0.13573451340198517,-0.16248145699501038,-0.17785112373530865,0.09840880334377289,-0.3856881558895111,-0.19558690302073956,-0.09943200647830963,-0.3762872815132141,-0.23637176863849163,0.002893083023302529,0.010267351612900407,-0.2742232331498146,0.011402097615328883,0.0008552363424590276,0.14966422917716668,0.41215859587375553,0.39452553780589655,13.316530787029158,0.2817475610854493,0.6872444850946787
idle,ahad,rotate,0.14026862382888794,0.006785690784454346,-0.22171629779040813,-0.1342875063419342,0.028364956378936768,-0.30662923865020275,0.13227170705795288,-0.17683100700378418,-0.07361703924834728,-0.1350027620792389,-0.16198694705963135,-0.1750470381230116,0.09845536947250366,-0.3856019675731659,-0.19559414498507977,-0.09931159019470215,-0.37551477551460266,-0.23497453145682812,0.0017163428393277066,0.018333846872502908,-0.23163268060394956,0.017978476755546605,0.003327925999959273,0.005903569134798852,0.4116752963291625,0.3954728682709259,5.400683810864693,0.09361097211571132,4.361583095689164
idle,ahad,rotate,0.13917404413223267,0.0072889626026153564,-0.22181408060714602,-0.1338580846786499,0.027625471353530884,-0.28738124622032046,0.13227170705795288,-0.1768253743648529,-0.07610016269609332,-0.13422232866287231,-0.1615588366985321,-0.15850746585056186,0.09843200445175171,-0.3854767978191376,-0.19559460831806064,-0.09929898381233215,-0.374543696641922,-0.21333134127780795,-0.0331690817168261,0.015250661156394098,-0.002963115658723914,0.013012777675281728,-0.022408637133511385,0.5832724978752144,0.4103873287040406,0.3957427410378134,0.5806777502801422,2.1747848563315553,17.514048112568734
idle,ahad,rotate,0.13473042845726013,0.006242334842681885,-0.2242241371423006,-0.1333414614200592,0.0265120267868042,-0.2826391030102968,0.132231205701828,-0.17950308322906494,-0.0795429889112711,-0.13384434580802917,-0.1617247462272644,-0.15605616755783558,0.09839120507240295,-0.3861871361732483,-0.19518993981182575,-0.09932872653007507,-0.3740679919719696,-0.21187682636082172,-0.1346550204537153,-0.03171599272525722,-0.07303201621680665,0.015655250260324438,-0.03374074444626371,0.14370130939465808,0.4082015646222988,0.39517643337208547,0.46397275888496553,4.245516642140077,13.325005286868167
rotate,ahad,rotate,0.12569373846054077,0.005886375904083252,-0.22469093138352036,-0.13288432359695435,0.02625662088394165,-0.2816543453373015,0.13198405504226685,-0.17983222007751465,-0.07999446475878358,-0.1337316632270813,-0.16179174184799194,-0.15543985599651933,0.09814262390136719,-0.3868321180343628,-0.1952067189849913,-0.09956654906272888,-0.37365230917930603,-0.20902388030663133,-0.27383909080967456,-0.010786634502988755,-0.014145280036962238,0.013852661306207678,-0.007739572814016546,0.02984114160591873,0.4078141867257887,0.39478626898043906,1.7896170786125063,25.38453548215843,3.53955064800273
rotate,ahad,rotate,0.11143483221530914,0.005808591842651367,-0.25432067713700235,-0.13299058377742767,0.026203393936157227,-0.2812668641563505,0.13005663454532623,-0.1794438362121582,-0.10403996310196817,-0.13365094363689423,-0.1614716649055481,-0.1526865770574659,0.09783591330051422,-0.38736966252326965,-0.1952036281581968,-0.09977658092975616,-0.37237128615379333,-0.20523391268216074,-0.43208806803732897,-0.0023570927706632124,-0.8978710834388623,-0.0032200054688887674,-0.0016129378116492327,0.011741853968212286,0.4071190922860878,0.3978302348764439,1.9951236321790766,183.23624643308855,0.7764886589764072
rotate,ahad,rotate,0.09718550741672516,0.006378591060638428,-0.25844714255072176,-0.1329251378774643,0.026530027389526367,-0.26736948103643954,0.12910760939121246,-0.17961746454238892,-0.10807736427523196,-0.13332177698612213,-0.16083598136901855,-0.14254063577391207,0.09781892597675323,-0.3880919814109802,-0.19594626338221133,-0.0995267778635025,-0.37093231081962585,-0.2041524222586304,-0.4317977211692069,0.01727270357536528,-0.12504440647634454,0.001983209089799339,0.009897983435428396,0.4211328218154789,0.40384174780082566,0.3993917796625207,0.20034472254003852,24.997402513321514,12.41169134349051
rotate,ahad,rotate,0.0795135647058487,0.006016373634338379,-0.29487461713142693,-0.13286192715168,0.028433263301849365,-0.253709563286975,0.12535668909549713,-0.18038958311080933,-0.14407567051239312,-0.1331036239862442,-0.15858685970306396,-0.12673048046417534,0.09774048626422882,-0.3871474862098694,-0.2160378482658416,-0.09944529831409454,-0.368007630109787,-0.20004484918899834,-0.5355134154811135,-0.0109762856454562,-1.1038628660819922,0.0019154765389182656,0.057673815524940254,0.4139369014989312,0.40144981578162786,0.4014041323681869,0.03321166303670201,48.7837734005562,1.464083622216588
rotate,ahad,rotate,0.059555426239967346,-0.0004944801330566406,-0.3337136339978315,-0.1319669634103775,0.03399860858917236,-0.2517289352254011,0.12157995998859406,-0.1815599799156189,-0.1825867128209211,-0.13289611041545868,-0.15267062187194824,-0.12266869662562385,0.09760822355747223,-0.3831552565097809,-0.22695837734499946,-0.09914757311344147,-0.3618102967739105,-0.19933666108408943,-0.6047920747236706,-0.1972985990119681,-1.1769399050425495,0.027120113372802436,0.16864682688857385,0.06001903216890699,0.40060797837023027,0.39909143060699326,0.16080914811147123,3.0653487272773634,11.26556228796603
rotate,ahad,rotate,0.03707461059093475,-0.012968242168426514,-0.33458164043258876,-0.13136400282382965,0.033994078636169434,-0.2377625972731039,0.11529813706874847,-0.18524205684661865,-0.19692969031166285,-0.13216407597064972,-0.15267062187194824,-0.11858883209060878,0.09724067151546478,-0.385658323764801,-0.23459145135711879,-0.09822072088718414,-0.3616943955421448,-0.19444329745601863,-0.681236837849465,-0.37799278895059807,-0.026303225295674332,0.01827153292569227,-0.00013727130311907992,0.423222362190819,0.39943010336194856,0.3905328279656331,132.14262477845267,1.8022434700335759,12.139494852653769
rotate,ahad,rotate,0.009058192372322083,-0.03329932689666748,-0.34733090410009027,-0.1312846690416336,0.03298419713973999,-0.2294617802836001,0.10830731689929962,-0.1891750693321228,-0.20700076827779412,-0.1311308592557907,-0.1525799036026001,-0.1118341819383204,0.09722574055194855,-0.38770344853401184,-0.2363064051605761,-0.09807474911212921,-0.36110952496528625,-0.19400111446157098,-0.8489823702610035,-0.6160934766133724,-0.38634132325762766,0.0024040540059407935,-0.030602469588771497,0.25153990877284643,0.3970770950393127,0.3817096243878513,0.0785549494304021,1.3780067870885635,5.305607166602787
rotate,ahad,rotate,-0.02185879647731781,-0.07122373580932617,-0.3600802915170789,-0.13100267946720123,0.03298419713973999,-0.19010465312749147,0.1007818728685379,-0.20095330476760864,-0.2225154684856534,-0.1303967386484146,-0.1524447202682495,-0.03286401275545359,0.0958954244852066,-0.39026373624801636,-0.23634632397443056,-0.09810687601566315,-0.3606584668159485,-0.12320830393582582,-0.9368784499890773,-1.1492245125047962,-0.3863450732420749,0.008545138619162725,0.0,1.1926402168517631,0.40063924209446405,0.3618876526744946,8545.138619162726,0.815225941118469,28.533871643620827
rotate,ahad,rotate,-0.05295507609844208,-0.10772374272346497,-0.37788857985287905,-0.12878890335559845,0.03301087021827698,-0.1666268901899457,0.08939732611179352,-0.21046140789985657,-0.23645537067204714,-0.1300944834947586,-0.15102556347846985,-0.03089191485196352,0.09427519142627716,-0.39337393641471863,-0.23457320500165224,-0.09882979094982147,-0.35950809717178345,-0.09421629924327135,-0.9423115036704474,-1.1060608155799811,-0.5396451010848623,0.0670841245940248,0.0008082751071814463,0.7114473617438227,0.40026488961479983,0.3518694097246858,82.89409126602972,0.851951934690315,14.689127242005249
rotate,ahad,rotate,-0.0793987363576889,-0.16778013110160828,-0.3825951712206006,-0.12882579863071442,0.03301087021827698,-0.14733693469315767,0.07447914779186249,-0.2323925793170929,-0.24412644375115633,-0.129638209939003,-0.14906665682792664,-0.009810954332351685,0.09415136277675629,-0.39559000730514526,-0.22693233657628298,-0.09744782745838165,-0.3586879372596741,-0.08640980441123247,-0.801323038158986,-1.8198905569134136,-0.14262398084004563,-0.0011180386398777695,0.0,0.5845441059632671,0.3976489004875172,0.3259568908536078,1118.0386398777696,0.44031361930051044,4.365805932258412
rotate,ahad,rotate,-0.1047285944223404,-0.21627554297447205,-0.42174162436276674,-0.12883193790912628,0.0360431969165802,-0.10354479122906923,0.062121376395225525,-0.25781741738319397,-0.26993291545659304,-0.12895233929157257,-0.1481315791606903,0.007221705745905638,0.093256875872612,-0.39806896448135376,-0.17469522822648287,-0.09671546518802643,-0.35852593183517456,-0.05247320327907801,-0.7675714565045821,-1.4695579355413102,-1.1862561558232032,-0.0001860387397534899,0.09188868782736938,1.327034650426908,0.399154822443244,0.36507398756281983,0.0020245877872933442,0.5223141705588338,22.671377897043484
rotate,ahad,rotate,-0.13104070723056793,-0.2818881571292877,-0.42912167124450207,-0.12869124114513397,0.0360431969165802,-0.10352462343871593,0.04409198462963104,-0.29217782616615295,-0.28998234681785107,-0.1290019303560257,-0.1472979485988617,0.011450336314737797,0.09246377646923065,-0.39898017048835754,-0.1723016630858183,-0.09686620533466339,-0.3584122061729431,-0.050770675763487816,-0.7973367517644836,-1.988261034994446,-0.2236377842950134,0.004263538302797328,0.0,0.000611145162221167,0.39923787010525036,0.36002959658480926,4263.5383027973285,0.40102196678855306,40.29121090081788
rotate,ahad,rotate,-0.1307525634765625,-0.34898772835731506,-0.45600717701017857,-0.12840309739112854,0.03644266724586487,-0.10254123248159885,0.03386974334716797,-0.33834710717201233,-0.29628696478903294,-0.12871378660202026,-0.1468375027179718,0.01175627950578928,0.09242993593215942,-0.40133240818977356,-0.16596155799925327,-0.096560537815094,-0.35801273584365845,-0.050561437383294106,0.008731628909255423,-2.0333203402432307,-0.8147122959295819,0.008731628909255423,0.012105161493474653,0.029799725973244543,0.39913771147980165,0.3696983292584882,0.7212549505441392,0.004294269054497271,0.9670760120335555
rotate,ahad,rotate,-0.13061575591564178,-0.4139822721481323,-0.4710907582193613,-0.12757401168346405,0.03644266724586487,-0.09299118258059025,0.034006550908088684,-0.37076425552368164,-0.3120120409876108,-0.12778200209140778,-0.14689752459526062,0.015994802117347717,0.09208376705646515,-0.4039667546749115,-0.15174531377851963,-0.09624551236629486,-0.3572337031364441,-0.043673546984791756,0.004145683664264167,-1.969531630024797,-0.4570782184600903,0.025123809323166758,0.0,0.28939545154571994,0.3979884277810283,0.38945718764375,25123.80932316676,0.002104907327284023,7.890735652390805
rotate,ahad,rotate,-0.12956008315086365,-0.47044503688812256,-0.4731104616075754,-0.1258518397808075,0.035853296518325806,-0.09299118258059025,0.03506222367286682,-0.39503464102745056,-0.31520467437803745,-0.12628644704818726,-0.14689752459526062,0.01723533868789673,0.09249737858772278,-0.4050847887992859,-0.15174531377851963,-0.09492987394332886,-0.3572337031364441,-0.041125914081931114,0.031990083781155323,-1.7109928709087763,-0.06120313297618452,0.052187027353228374,-0.01785971901633503,0.0,0.3976978291935741,0.39605181047838794,2.921888380053414,0.01869678455608034,8.82443362205629
rotate,ahad,rotate,-0.11621414124965668,-0.5088983476161957,-0.5206044856458902,-0.12541992962360382,0.0351809561252594,-0.09416785277426243,0.035494133830070496,-0.418263703584671,-0.35724430717527866,-0.1246425062417984,-0.14689752459526062,0.048929983749985695,0.09238414466381073,-0.4066726267337799,-0.15174531377851963,-0.09449796378612518,-0.3572337031364441,-0.010117633268237114,0.4044224818547522,-1.1652518402446272,-1.4392128496458878,0.013088186581929381,-0.02037395130504239,-0.03565667253552022,0.4025044995695627,0.4359133303383239,0.6423665208314053,0.34706843689808115,1.605328309314093
rotate,ahad,rotate,-0.11234636604785919,-0.5613320767879486,-0.5513988602906466,-0.12540854513645172,0.033211201429367065,-0.09411789663136005,0.039256200194358826,-0.4501210153102875,-0.4073778260499239,-0.12367118895053864,-0.14875486493110657,0.04897993989288807,0.09230028092861176,-0.4123604893684387,-0.15169535763561726,-0.09339003264904022,-0.35998284816741943,-0.01006767712533474,0.11720530914538022,-1.5889008839925383,-0.9331628680229336,0.0003449844591545391,-0.05968953623916259,0.0015138225121931837,0.40334995373650134,0.4731127497877224,0.005779550342323729,0.07376497587810188,1.6844097208138444
rotate,ahad,rotate,-0.10643617808818817,-0.6072198450565338,-0.61126743350178,-0.12540672719478607,0.031039714813232422,-0.09426547680050135,0.043626025319099426,-0.4775434732437134,-0.4441035548225045,-0.12366937100887299,-0.15434986352920532,0.04883235972374678,0.09211547672748566,-0.41474616527557373,-0.14968058560043573,-0.09286864101886749,-0.36261340975761414,-0.010215257294476032,0.1790966048385138,-1.3905384323813545,-1.8141991882161461,5.5089141383314975e-05,-0.06580262473135211,-0.004472126337614877,0.40383901363710883,0.5380811232462674,0.0008371748761290922,0.12879649484790495,0.2594149556785053
rotate,ahad,rotate,-0.0824533998966217,-0.6387302130460739,-0.61126743350178,-0.1254684031009674,0.029074788093566895,-0.09426547680050135,0.06255173683166504,-0.4854048788547516,-0.4441035548225045,-0.12359899282455444,-0.1567038893699646,0.04883235972374678,0.09095364809036255,-0.41606682538986206,-0.14868174586445093,-0.09279826283454895,-0.36393406987190247,-0.010215257294476032,0.7267508542899045,-0.9548596360466849,0.0,-0.001868966853979892,-0.05954323392925935,0.0,0.40322170068507096,0.5418805282541543,0.03138787302562815,0.7611067278873273,0.24029725749917066
rotate,ahad,rotate,-0.06284558773040771,-0.6716039031744003,-0.6347833136096597,-0.12558472156524658,0.02811703085899353,-0.22260722611099482,0.07255247235298157,-0.5167857706546783,-0.4441035548225045,-0.1232747733592987,-0.15708258748054504,-0.04238464031368494,0.08732441067695618,-0.4164009392261505,-0.14868174586445093,-0.09247404336929321,-0.3642681837081909,-0.02630565594881773,0.5941761262489023,-0.9961724281310925,-0.7126024275114964,-0.003524801947853743,-0.02902294650222284,-3.8891439184997596,0.43999634097304435,0.5691874167565453,0.12144461290210107,0.5964585176334487,117.85648557636978
rotate,ahad,rotate,-0.03445938229560852,-0.6912781745195389,-0.6347833136096597,-0.1253989338874817,0.027745932340621948,-0.2485903510823846,0.09201303124427795,-0.5232575833797455,-0.4441035548225045,-0.12345892190933228,-0.15745368599891663,-0.05214399937540293,0.08554437756538391,-0.4167720377445221,-0.14868174586445093,-0.09214192628860474,-0.3646392822265625,-0.04740231204777956,0.860188043478754,-0.5961900407617677,0.0,0.0056299296292391075,-0.011245409647623574,-0.787367423375439,0.4422090141731135,0.5710072290893249,0.5005979513140659,1.4428060548841373,93.99518028610716
rotate,ahad,rotate,-0.0023762881755828857,-0.6969977915287018,-0.6112770829349756,-0.12509500980377197,0.02768644690513611,-0.2552733514457941,0.10624220967292786,-0.5233170688152313,-0.40111334063112736,-0.12421497702598572,-0.15751317143440247,-0.06404588557779789,0.08494219183921814,-0.4151999354362488,-0.1378075871616602,-0.09415093064308167,-0.3610517084598541,-0.06433832831680775,0.9722149733341257,-0.17332172755039377,0.7123100204449825,0.009209820718476413,-0.0018025889541163876,-0.2025151625275644,0.43420164961564217,0.5578601187378747,5.106385630415706,5.6092757543955285,17.725437602546886
rotate,ahad,rotate,0.029301464557647705,-0.6971475481987,-0.6093829157762229,-0.12505704164505005,0.02753669023513794,-0.29933910397812724,0.11894655227661133,-0.5234668254852295,-0.3899476411752403,-0.12521344423294067,-0.15766292810440063,-0.11867169616743922,0.0846855640411377,-0.41424721479415894,-0.13207304803654552,-0.09595313668251038,-0.35967522859573364,-0.10367258219048381,0.959931901006977,-0.004538080909035373,0.05739900481068664,0.0011505502643007093,-0.004538080909035373,-1.3353258343131107,0.4348166224021666,0.55760622930314,0.2534764828735383,211.48155766427567,34.32856492693475
rotate,ahad,rotate,0.06263348460197449,-0.6975622177124023,-0.5935485003283247,-0.12452077865600586,0.0270959734916687,-0.30227150896098465,0.1368703544139862,-0.5238814949989319,-0.3480453429510817,-0.12534412741661072,-0.15743809938430786,-0.11860139796044677,0.08433368802070618,-0.41035035252571106,-0.1124956546118483,-0.09657284617424011,-0.3584592640399933,-0.10360228398349136,1.010061213464464,-0.012565742839466642,0.47983077114843825,0.016250393607399938,-0.013355052832401373,-0.08886075705628645,0.43463017505835866,0.560690105766414,1.216706298733484,80.37573668590589,37.775385326061325
rotate,ahad,rotate,0.09158968925476074,-0.6977753341197968,-0.5822329081379394,-0.12451103329658508,0.026882857084274292,-0.3022645272098998,0.15656745433807373,-0.5134828686714172,-0.30419023407330315,-0.12610357999801636,-0.15684249997138977,-0.11859441620936195,0.08435457944869995,-0.408281534910202,-0.08256413859953682,-0.0977097749710083,-0.35720017552375793,-0.10359530223240654,0.8774607470541192,-0.006458072951345662,0.3428967330419768,0.00029531392184170487,-0.006458072951345662,0.00021156821469158746,0.43325228717039094,0.5775187320310331,0.04572079059428802,135.84933219732594,2.750075051723325
rotate,ahad,rotate,0.12432320415973663,-0.6849907487630844,-0.570289765833877,-0.12442342936992645,0.025933772325515747,-0.3022789111128077,0.17095394432544708,-0.5039392113685608,-0.27785066270735115,-0.1270943433046341,-0.15779158473014832,-0.11860880011226982,0.08446575701236725,-0.4079507291316986,-0.057411791174672544,-0.0993003100156784,-0.3581492602825165,-0.1036096861353144,0.9919246940901943,0.38741167747613775,0.36191340315341025,0.0026546644442009626,-0.02876014420480485,-0.0004358758456929247,0.433151714779739,0.5842804168042872,0.09230037669215792,2.560382640424282,0.6798747392416008
rotate,ahad,rotate,0.15521757304668427,-0.680668517947197,-0.551092620473355,-0.12491418421268463,0.024607568979263306,-0.29946308908984065,0.19181017577648163,-0.5034014582633972,-0.23137811897322536,-0.12885423004627228,-0.15904328227043152,-0.10076091764494777,0.08450333774089813,-0.4091801047325134,-0.05491675389930606,-0.10056562721729279,-0.3594009578227997,-0.10096559999510646,0.9361929965741603,0.1309766913905274,0.5817316775915685,-0.014871358871459798,-0.04018798018946748,0.08532794008990938,0.4329626474204936,0.5699973264456749,0.3700357361980836,7.147728644741313,2.6751224498271946
rotate,ahad,rotate,0.183294415473938,-0.6718274503946304,-0.551092620473355,-0.12579143047332764,0.023193687200546265,-0.2550789969973266,0.20960289239883423,-0.48662859201431274,-0.22344816802069545,-0.12948185205459595,-0.16045716404914856,-0.06717386422678828,0.08503413200378418,-0.4103468954563141,-0.043756220024079084,-0.10072198510169983,-0.3608148396015167,-0.08887639967724681,0.8508134068864671,0.2679111379565585,0.0,-0.02658322001948472,-0.04284490238536441,1.3449724876519258,0.4191829303584204,0.5791523004696718,0.6204378607874809,3.175718029708774,38.17278167633184
rotate,ahad,rotate,0.2140670120716095,-0.6640283465385437,-0.5045035094954073,-0.12592023611068726,0.022989869117736816,-0.2549899728037417,0.22087392210960388,-0.46271398663520813,-0.22161766001954675,-0.12962821125984192,-0.1624889373779297,-0.06708484003320336,0.08688655495643616,-0.410513699054718,-0.04148797923699021,-0.10079669952392578,-0.36268138885498047,-0.08878737548366189,0.9325029272021818,0.23633648048748046,1.4117912417560137,-0.003903201132109733,-0.006176305539680348,0.0026977028359066787,0.42070989371873013,0.5429805948847123,0.6318614332798097,3.9456413146097638,40.69597199982311
rotate,ahad,rotate,0.2439834177494049,-0.6402148008346558,-0.5044430177658796,-0.12659138441085815,0.022756069898605347,-0.254929481074214,0.22769257426261902,-0.43922510743141174,-0.21734738163650036,-0.13010647892951965,-0.16280683875083923,-0.06702434830367565,0.08828398585319519,-0.41074442863464355,-0.03897199593484402,-0.10107386112213135,-0.36488673090934753,-0.08872688375413418,0.9065577478119722,0.7216225970875054,0.0018330827129609455,-0.02033782727790579,-0.0070848248221656715,0.0018330827129609455,0.4225415818223877,0.5418138397778733,2.8702131069181376,1.2562750878309226,0.49946703623955446
rotate,ahad,rotate,0.2645731121301651,-0.5997397303581238,-0.5135740656405687,-0.12892360985279083,0.020009279251098633,-0.2549573499709368,0.23241664469242096,-0.41538530588150024,-0.19182384200394154,-0.1305079311132431,-0.16555994749069214,-0.06705221720039845,0.08965803682804108,-0.4124141335487366,-0.03564666025340557,-0.10151179134845734,-0.3691696226596832,-0.08875475265085697,0.6239301327503188,1.2265172871676553,-0.2766984204451287,-0.07067349824038531,-0.0832360802274775,-0.0008445120219028492,0.42406948586539106,0.5423105822386712,0.8490626779224194,0.5087002283440333,2.7673590996177837
rotate,ahad,rotate,0.29284438490867615,-0.5675008893013,-0.5136714584659785,-0.1309337019920349,0.01785406470298767,-0.2904985852073878,0.2421465814113617,-0.40147364139556885,-0.18365013669244945,-0.13140460848808289,-0.16838499903678894,-0.1065163395833224,0.09197786450386047,-0.41349074244499207,-0.030568045331165195,-0.10198414325714111,-0.372880220413208,-0.10908748279325664,0.8567052357124466,0.9769345774794963,-0.002951297739689968,-0.06091188300739568,-0.06530953176093753,-1.0770071283772922,0.4317653837390394,0.5453947122376104,0.9326502382549472,0.876931146189552,32.61685395190161
rotate,ahad,rotate,0.3158010244369507,-0.5298435986042023,-0.5136820496991277,-0.13462141156196594,0.01527637243270874,-0.32809038180857897,0.2420559525489807,-0.38571733236312866,-0.17820678371936083,-0.13239061832427979,-0.17097026109695435,-0.14324350375682116,0.09457474946975708,-0.41383713483810425,-0.0217715660110116,-0.10208341479301453,-0.3754766285419464,-0.12040349561721087,0.695655743281039,1.1411300211241626,-0.0003209464590657806,-0.11174877484639363,-0.07811188697814855,-1.1391453515512349,0.4437121495973504,0.5517014485513444,1.4306061287640597,0.6096195181826952,2.4635913839444172
rotate,ahad,rotate,0.3323729336261749,-0.4811578691005707,-0.5046148169785738,-0.13626056909561157,0.013374894857406616,-0.3367818761616945,0.2419457733631134,-0.36288800835609436,-0.16267764754593372,-0.13291838765144348,-0.17293307185173035,-0.14833960123360157,0.0967041552066803,-0.4138970375061035,-0.018353188410401344,-0.10219359397888184,-0.37768280506134033,-0.1273829061537981,0.5021790663401365,1.475325136473708,0.2747646278955764,-0.04967144041350473,-0.057620532584913765,-0.2633786167610817,0.444898428969706,0.5445311414476562,0.8620291440583706,0.34038512158432566,26.612218256522244
rotate,ahad,rotate,0.34587758779525757,-0.44072383642196655,-0.4057250884361565,-0.13892120122909546,0.012248367071151733,-0.3443295923061669,0.24174034595489502,-0.34048232436180115,-0.0813925233669579,-0.13339900970458984,-0.17379650473594666,-0.15757637890055776,0.09886610507965088,-0.41225486993789673,-0.018368129152804613,-0.10239902138710022,-0.3788188099861145,-0.12859171302989125,0.4092319445176513,1.225273717533445,2.996658440679279,-0.0806252161661775,-0.03413720564408698,-0.22871867104461446,0.4481185547894387,0.46029400229774653,2.3617297583460557,0.3339919927030413,1.5777710663350122
rotate,ahad,rotate,0.35024383664131165,-0.3860614597797394,-0.233587178401649,-0.14025110006332397,0.012827396392822266,-0.36182627361267805,0.23779061436653137,-0.31488603353500366,0.004338235594332218,-0.13390880823135376,-0.1724579930305481,-0.1736322520300746,0.09998288750648499,-0.40826040506362915,-0.018188527785241604,-0.10240495204925537,-0.3789123594760895,-0.15704152267426252,0.1323105710925499,1.6564356558250923,5.216300304076069,-0.04029996467359202,0.017546343080925498,-0.5302024638336801,0.44365432654787246,0.3309379315233456,2.2966419752400764,0.07987662590492742,9.349346379005969
rotate,ahad,rotate,0.34976421296596527,-0.3390049934387207,-0.19410353526473045,-0.14361287653446198,0.014599025249481201,-0.36454422399401665,0.2334887832403183,-0.2913365364074707,0.018838338553905487,-0.13524682819843292,-0.16979098320007324,-0.17356416210532188,0.09985421597957611,-0.40409228205680847,-0.01812043786048889,-0.10288108885288239,-0.37823328375816345,-0.1646600477397442,-0.014534050768071795,1.4259535254853988,1.196474034452064,-0.101872014276908,0.053685722929058065,-0.08236213276783534,0.44263979198086556,0.31250825957945827,1.897527148593559,0.010192506498848107,13.742286732041354
rotate,ahad,rotate,0.34950539469718933,-0.2763252854347229,-0.12914572563022375,-0.14520588517189026,0.014696061611175537,-0.3645262261852622,0.2318621575832367,-0.27088987827301025,0.043805946595966816,-0.13610586524009705,-0.16702169179916382,-0.17354616429656744,0.09980794787406921,-0.4018170237541199,-0.018102440051734447,-0.10313522815704346,-0.3770259916782379,-0.16708615329116583,-0.007842977841695064,1.8993850910302157,1.9684184737729087,-0.04827298901297777,0.0029404958089192385,0.0005453881440740583,0.44067980393859785,0.3007118265191358,16.41103443581454,0.004129217265901468,3.3637169808079137
rotate,ahad,rotate,0.34916016459465027,-0.22864282131195068,-0.1143271466717124,-0.14602592587471008,0.014718174934387207,-0.3645262261852622,0.21901598572731018,-0.25586390495300293,0.043805946595966816,-0.13667809963226318,-0.16692835092544556,-0.17354616429656744,0.09995314478874207,-0.40095654129981995,-0.018291774205863476,-0.10345938801765442,-0.37648889422416687,-0.16758210863918066,-0.010461518258759636,1.4449231552355448,0.4490478472276239,-0.024849718267267798,0.0006701007033839477,0.0,0.44004757304269576,0.3178347834665905,37.02830013732062,0.00724018504421379,0.7133141230837952
rotate,ahad,rotate,0.3341481536626816,-0.17600569128990173,-0.1143271466717124,-0.14629869163036346,0.015430539846420288,-0.3617401858791709,0.20050661265850067,-0.23687270283699036,0.043805946595966816,-0.13671420514583588,-0.16601189970970154,-0.1716783782467246,0.10010437667369843,-0.39909040927886963,-0.049917551688849926,-0.10311104357242584,-0.37526342272758484,-0.17371302749961615,-0.4549094221808644,1.595064546122678,0.0,-0.008265628959193283,0.021586815516153733,0.08442546382094782,0.43573060212113235,0.32968451112137886,0.38288399087940495,0.2851979489411383,2.6831788909097067
rotate,ahad,rotate,0.31868045032024384,-0.13257268071174622,-0.1143271466717124,-0.14629869163036346,0.021496862173080444,-0.3573643108829856,0.17765413224697113,-0.22299471497535706,0.043805946595966816,-0.13671420514583588,-0.15987667441368103,-0.1683119973167777,0.10014860332012177,-0.39301982522010803,-0.07320879306644201,-0.10216717422008514,-0.36920246481895447,-0.17941358592361212,-0.4687182831041815,1.3161518357017032,0.0,0.0,0.18382794929273494,0.13260227261167795,0.4315785159788764,0.3424610959496747,0.0,0.35612754870849456,5.13468829533308
rotate,ahad,rotate,0.29416631162166595,-0.08923718333244324,-0.12910518422722816,-0.14629869163036346,0.0238398015499115,-0.3388736881315708,0.16799406707286835,-0.2094438374042511,0.025322996079921722,-0.13671420514583588,-0.15848007798194885,-0.16793586686253548,0.10014860332012177,-0.39148274064064026,-0.0988294743001461,-0.10132990777492523,-0.3678058683872223,-0.17937304452061653,-0.7428526878356853,1.313196890281894,-0.4478193198641092,0.0,0.0709981629342736,0.5603219015580173,0.4252634214392911,0.36043288787056393,0.0,0.5656822123558414,13.404583788857913
rotate,ahad,rotate,0.2647813409566879,-0.055455952882766724,-0.13157113920897245,-0.14629869163036346,0.026263445615768433,-0.29174723755568266,0.1579461544752121,-0.2006196677684784,0.012824341654777527,-0.1365477591753006,-0.15695014595985413,-0.1540276361629367,0.10014860332012177,-0.38986295461654663,-0.09982125740498304,-0.10071586072444916,-0.36627593636512756,-0.1835090173408389,-0.8904536565144759,1.0236736499901862,-0.07472590853770492,0.0,0.07344375957142142,1.428074259875383,0.40973219692210905,0.37408559996991864,0.0,0.869860024884872,26.295630440525432
rotate,ahad,rotate,0.24492132663726807,-0.024187415838241577,-0.15810703579336405,-0.14504042267799377,0.028060048818588257,-0.286385633982718,0.1532410979270935,-0.18988075852394104,-0.01816981565207243,-0.13607186079025269,-0.1551624834537506,-0.14707274083048105,0.09999948740005493,-0.3880752921104431,-0.13550130371004343,-0.09955090284347534,-0.36481159925460815,-0.185126849450171,-0.6018186157400054,0.9475314255916862,-0.8041180783149096,0.038129362193021515,0.0544425212975713,0.16247283554438646,0.40825331562589096,0.39233626535003435,0.7003470988700072,0.6351430299223797,38.37327970840288
rotate,ahad,rotate,0.22348719835281372,-0.01079171895980835,-0.16682943375781178,-0.14295589923858643,0.028850078582763672,-0.2853797939606011,0.148459792137146,-0.18526262044906616,-0.043169808108359575,-0.13568168878555298,-0.15498864650726318,-0.14703833730891347,0.09999656677246094,-0.38664522767066956,-0.15218308242037892,-0.09889745712280273,-0.3654186427593231,-0.20356151135638356,-0.6495190389228518,0.40593020843736605,-0.2643150898317467,0.06316737695173714,0.02394029588410322,0.03048000067020874,0.40507184834137455,0.39589179292564197,2.63842764641991,1.6000717003828757,4.174719094639657
rotate,ahad,rotate,0.20276391506195068,-0.005016744136810303,-0.17043410008773208,-0.14159828424453735,0.029296278953552246,-0.2603623545728624,0.14290952682495117,-0.18304020166397095,-0.04843236645683646,-0.13563287258148193,-0.15484291315078735,-0.14703371888026595,0.09999656677246094,-0.38520774245262146,-0.17183314030990005,-0.09844118356704712,-0.36646899580955505,-0.20597965782508254,-0.6279782815413142,0.17499923706054965,-0.10923231302788937,0.041139848304517994,0.013521223357229738,0.7581042238708819,0.4018086183156925,0.39383788592309105,3.042387869042433,3.588442462075267,22.061579633841603
rotate,ahad,rotate,0.19052642583847046,0.0017143487930297852,-0.17185710789635777,-0.13990506529808044,0.03046327829360962,-0.26036149682477117,0.13750237226486206,-0.18207550048828125,-0.05183269130066037,-0.13555410504341125,-0.15423589944839478,-0.15395397366955876,0.09999948740005493,-0.38396358489990234,-0.17363486113026738,-0.09794315695762634,-0.3668959438800812,-0.21224965574219823,-0.37083300677212394,0.20397251302545497,-0.043121448746232804,0.051309665044148196,0.03536361636537455,2.5992366400631706e-05,0.40245484523162095,0.3961637988600714,1.4508757712521214,1.818044908241815,22.98366730321862
idle,ahad,rotate,0.17786447703838348,0.010871291160583496,-0.18483662465587258,-0.13886888325214386,0.031222045421600342,-0.2603450701572001,0.1337527483701706,-0.17630034685134888,-0.07995466003194451,-0.13598738610744476,-0.15415328741073608,-0.15925520518794656,0.09940086305141449,-0.3828721344470978,-0.19397283950820565,-0.09815363585948944,-0.36707955598831177,-0.22298176446929574,-0.3836954181844496,0.2774831020470791,-0.39331868968226263,0.03139945593747191,0.022992943272445887,0.0004977778051838675,0.4021167910792502,0.40158921094944233,1.3655533357385692,1.3827654101760045,0.7104574768378361
idle,ahad,rotate,0.16692689061164856,0.01333773136138916,-0.18853658554144204,-0.13841435313224792,0.03268611431121826,-0.2603430163580924,0.1312997043132782,-0.17513638734817505,-0.08127091196365654,-0.13616442680358887,-0.1537238359451294,-0.1592531513888389,0.09938403964042664,-0.38127273321151733,-0.1978161942679435,-0.09792062640190125,-0.36667600274086,-0.22297971067018807,-0.3314420129313666,0.07474061214562737,-0.11212002683543976,0.013773639996846736,0.044365723927816465,6.223633659608536e-05,0.40314496034647096,0.4004566975415479,0.31044978708042764,4.434504467010711,0.8395934763853607
idle,ahad,rotate,0.1630215048789978,0.014287054538726807,-0.20097385870758444,-0.13803330063819885,0.034246206283569336,-0.26248753594700247,0.12979555130004883,-0.1739041805267334,-0.08127371745649725,-0.13617980480194092,-0.15296649932861328,-0.15951189922634512,0.09937131404876709,-0.379630446434021,-0.1978189997607842,-0.09763216972351074,-0.3658353090286255,-0.22599414514843374,-0.11834502220153678,0.028767369010231397,-0.37688706564067476,0.011547045274214185,0.047275514313668394,-0.06498544208818241,0.40376879256037707,0.39903921799782255,0.2442448526894833,4.113720251552936,1.974266278746499
idle,ahad,rotate,0.15834960341453552,0.014674603939056396,-0.20703072880860418,-0.137861967086792,0.034524381160736084,-0.26482264732476324,0.1291539967060089,-0.17304164171218872,-0.08294794743414968,-0.13626238703727722,-0.15318042039871216,-0.15965415572281927,0.09937360882759094,-0.3789953589439392,-0.1999382231151685,-0.09743010997772217,-0.36602768301963806,-0.228780523291789,-0.14157277165037438,0.011743921222108971,-0.18354151821272233,0.005191925800207972,0.008429541732325832,-0.07076095084123651,0.4041976322212379,0.39812625039154337,0.6158472331973873,12.053956682474277,1.2055707969433305
idle,ahad,rotate,0.15585453808307648,0.01607877016067505,-0.21551902627106756,-0.13811583817005157,0.03459465503692627,-0.26622186636086553,0.12890012562274933,-0.1730249524116516,-0.08294794743414968,-0.13623757660388947,-0.15318042039871216,-0.16015927528496832,0.09929199516773224,-0.37859904766082764,-0.19896011089440435,-0.09750746190547943,-0.36610570549964905,-0.228780523291789,-0.07560804034724297,0.04255049156420112,-0.2572211352261602,-0.0076930631290781735,0.002129511399702569,-0.04240057685158423,0.4044893982885124,0.3990540048913742,3.6108997727738825,1.7768599305894266,0.963056874899317
idle,ahad,rotate,0.15336614847183228,0.01611417531967163,-0.21579350566025823,-0.13844403624534607,0.03462642431259155,-0.2768227312481031,0.12857192754745483,-0.17292088270187378,-0.08294794743414968,-0.13639146089553833,-0.15318042039871216,-0.1615757200634107,0.09911477565765381,-0.37844225764274597,-0.19781418179627508,-0.09772920608520508,-0.3661249577999115,-0.228780523291789,-0.07540574579528005,0.0010728836059570484,-0.00831755724820237,-0.00994539622104545,0.0009627053231904154,-0.3212383299162945,0.4056691033408488,0.3986743612660033,10.319955677032585,70.21780142371968,8.449978508835162
idle,ahad,rotate,0.15265494585037231,0.016358613967895508,-0.21579832362476736,-0.1386241614818573,0.034742772579193115,-0.2794135861331597,0.1283918023109436,-0.17114746570587158,-0.08096229808870703,-0.1365070343017578,-0.15319478511810303,-0.16158053802791983,0.09916651248931885,-0.3780091404914856,-0.19715361820999533,-0.0978701114654541,-0.36613932251930237,-0.22599414514843374,-0.02155159458969555,0.0074072317643598265,-0.0001459989245190749,-0.005458340500340257,0.0035257050485321584,-0.07851075409262383,0.40647384102598694,0.39841506409868366,1.5477167569235935,2.9091415165192127,7.357047725914528
idle,ahad,rotate,0.15241938829421997,0.015935122966766357,-0.2160914943087846,-0.1389075517654419,0.034424662590026855,-0.28638688777573407,0.12879937887191772,-0.17157095670700073,-0.08086402271874249,-0.13663944602012634,-0.1532362699508667,-0.16157687758095562,0.09919995069503784,-0.37788477540016174,-0.19714995776303113,-0.09799781441688538,-0.3665628135204315,-0.22599048470146954,-0.007138107762192156,-0.012833060640277144,-0.008883960121734478,-0.008587584351048231,-0.009639696641401706,-0.21131217098709978,0.40756875261932474,0.39785072916211295,0.8907638805031046,0.5561846684587594,4.045123842789336
idle,ahad,rotate,0.1511526107788086,0.01532641053199768,-0.21579406107775867,-0.13921868801116943,0.03381595015525818,-0.2864548012148589,0.1291012167930603,-0.1721796691417694,-0.07475254382006824,-0.13664159178733826,-0.15371987223625183,-0.16157627548091114,0.09926116466522217,-0.37816327810287476,-0.19563140417449176,-0.09799182415008545,-0.3671715259552002,-0.22598988260142505,-0.03838719743670901,-0.018445831356626863,0.009013128212907241,-0.00942837108265285,-0.018445831356626863,-0.002057983003782536,0.40761086428625154,0.39740834160234606,0.5111106021612644,2.080964296500642,6.346699692565588
idle,ahad,rotate,0.14989632368087769,0.014606058597564697,-0.2155248592607677,-0.13965103030204773,0.033095598220825195,-0.2865333925001323,0.12937617301940918,-0.1729000210762024,-0.06659353477880359,-0.13663780689239502,-0.1543903350830078,-0.15915194852277637,0.09926116466522217,-0.3786483407020569,-0.18621353013440967,-0.09798544645309448,-0.3678499460220337,-0.22135669691488147,-0.038069305997905895,-0.021828846497968953,0.00815763081790814,-0.013101281541766398,-0.021828846497968953,-0.002381554099194905,0.40833975066491984,0.3975828164196745,0.6001545426801485,1.7439108424994127,0.15163559134617108
idle,ahad,rotate,0.14992275834083557,0.013213962316513062,-0.21529312571510673,-0.13992351293563843,0.0326971709728241,-0.29004277428612113,0.12953731417655945,-0.17334040999412537,-0.06441035261377692,-0.1366024911403656,-0.1545741856098175,-0.15775655349716544,0.09928759932518005,-0.37877804040908813,-0.18587055942043662,-0.09795761108398438,-0.368055522441864,-0.22094746073707938,0.0008010503017541261,-0.04218473578944418,0.007022228656393221,-0.008257049502748564,-0.012073552969730453,-0.10634490260572314,0.40882517113283284,0.3963424490724312,0.6838389399133913,0.01898865307819443,3.1676466757525215
idle,ahad,rotate,0.14993701875209808,0.01158258318901062,-0.21455318271182477,-0.14002855122089386,0.03240177035331726,-0.29004988609813154,0.12967275083065033,-0.1738511621952057,-0.06105054332874715,-0.13658632338047028,-0.15477773547172546,-0.15776366530917585,0.09930185973644257,-0.37890535593032837,-0.18276119767688215,-0.09794150292873383,-0.3681515157222748,-0.2209545725490898,0.00043213367462157726,-0.049435731136437074,0.022422515250967966,-0.0031829783410736658,-0.008951533924449476,-0.00021550945486082938,0.40864216250203805,0.3950385806964572,0.3555393777822963,0.008741145797624866,3.221105401984132
idle,ahad,rotate,0.1500798463821411,0.0107441246509552,-0.2105846214108169,-0.13990163803100586,0.032190173864364624,-0.2900700974278152,0.12990093231201172,-0.17399701476097107,-0.05466774059459567,-0.13643452525138855,-0.1549082100391388,-0.1577838766388595,0.09936434030532837,-0.37885522842407227,-0.18098352430388331,-0.0977986752986908,-0.3682677149772644,-0.22097478387877345,0.004328110001303885,-0.025407834486527597,0.12025943336387343,0.0038458542390302757,-0.0064120148167464966,-0.0006124645358685224,0.40855029379597024,0.39399992820182245,0.5996952055977607,0.17033878525985746,0.22678982651823784
idle,ahad,rotate,0.1503761112689972,0.010339558124542236,-0.2105958224274218,-0.13973727822303772,0.03197199106216431,-0.29039964685216546,0.13017228245735168,-0.1742958426475525,-0.05467894161120057,-0.13626408576965332,-0.1549673080444336,-0.1577950776554644,0.09942606091499329,-0.3788317143917084,-0.18099472532048821,-0.09763431549072266,-0.3681754469871521,-0.22098598489537835,0.008977723844123752,-0.01225959170948395,-0.0003394247456030466,0.004980600241458856,-0.00661160006667639,-0.009986346192432332,0.4082999976910621,0.3936069256668732,0.7531984682633611,0.7322422976681626,0.28619465925730436
idle,ahad,rotate,0.1509389579296112,0.01033887267112732,-0.21059743547812104,-0.13963308930397034,0.031854718923568726,-0.2936695017851889,0.1303209662437439,-0.17431998252868652,-0.054680554661899805,-0.13615989685058594,-0.15496280789375305,-0.16063677752390504,0.09949901700019836,-0.3788183033466339,-0.18099633837118745,-0.09753012657165527,-0.3680862486362457,-0.22314932430163026,0.01705595941254568,-2.0771315603544988e-05,-4.888032421921185e-05,0.0031572399717388383,-0.003553701169563023,-0.09908651312192172,0.40828731603594043,0.39365670338363906,0.8881871699293798,783.4142742282642,2.7021596530956593
idle,ahad,rotate,0.15150180459022522,0.010338187217712402,-0.20575582841411233,-0.13952890038490295,0.031737446784973145,-0.29577754298225045,0.1304696500301361,-0.17434412240982056,-0.05468216771259904,-0.13605380058288574,-0.15496349334716797,-0.1644821153022349,0.09957197308540344,-0.37880489230155945,-0.18099795142188668,-0.09743952751159668,-0.36799705028533936,-0.22800934175029397,0.017055959412546142,-2.0771315603545547e-05,0.14671536557602394,0.0031572399717389233,-0.003553701169563119,-0.0638800362745931,0.40761711514010157,0.39337259209434466,0.8881871699293798,783.4142742282653,1.0668629347675511
idle,ahad,rotate,0.15229760110378265,0.010392367839813232,-0.2027294677682221,-0.13927938044071198,0.031674087047576904,-0.2957809609360993,0.13074944913387299,-0.17449307441711426,-0.05695856036618352,-0.13580571115016937,-0.15479207038879395,-0.1648208391852677,0.09976081550121307,-0.37874358892440796,-0.1835031253285706,-0.09731321036815643,-0.3677394986152649,-0.2291603279300034,0.024115045865376526,0.0016418370333584691,0.09170789836030917,0.007561210430029584,-0.001919992042310289,-0.00010357435905572026,0.4071003323318956,0.3931368196084703,3.936096695609453,14.67890324828987,1.937854752800428
idle,ahad,rotate,0.1528136432170868,0.011192619800567627,-0.20273028500378132,-0.13895142078399658,0.031558454036712646,-0.29580278880894184,0.13124552369117737,-0.17462539672851562,-0.058013392612338066,-0.13552320003509521,-0.15439826250076294,-0.16510088928043842,0.10003933310508728,-0.37874945998191833,-0.183798985555768,-0.09729641675949097,-0.3671921193599701,-0.22984484024345875,0.015637639797094923,0.024250059416799568,-2.4764713915911314e-05,0.009938171415617862,-0.0035040306322501984,-0.000661450692198486,0.4063097465277344,0.3939522147312774,2.835402157166782,0.6448229550855076,0.08819352095888922
idle,ahad,rotate,0.15379397571086884,0.011353284120559692,-0.20576432486996055,-0.13861997425556183,0.031322091817855835,-0.295807050075382,0.13182704150676727,-0.17531201243400574,-0.06166573753580451,-0.13525192439556122,-0.15421971678733826,-0.16510515054687858,0.10026519000530243,-0.3787423074245453,-0.18423999985679984,-0.09734408557415009,-0.366546630859375,-0.2298491015098989,0.029707045266123003,0.004868615757335394,-0.09194060200543261,0.010043834194992688,-0.007162491480509554,-0.00012912928606524817,0.40540556292460816,0.3943389379826826,1.402086429825453,6.100490623181819,0.11207561104049757
idle,ahad,rotate,0.15439577400684357,0.0112362802028656,-0.20665389439091086,-0.13816694915294647,0.03105446696281433,-0.29578603943809867,0.13269872963428497,-0.17583784461021423,-0.06285891076549888,-0.1348530799150467,-0.15417680144309998,-0.16510515054687858,0.10066194832324982,-0.3788098692893982,-0.18423999985679984,-0.09728260338306427,-0.36619141697883606,-0.2298491015098989,0.018236311999234086,-0.0035455732634572883,-0.026956652150009322,0.013728033412586408,-0.008109844092166696,0.0006366859782825746,0.4047511603701239,0.3943674751098555,1.6925529891327453,5.141952708868298,0.11758697956770708
idle,ahad,rotate,0.15480491518974304,0.011253684759140015,-0.20665389439091086,-0.13770800828933716,0.030844122171401978,-0.29578603943809867,0.13358989357948303,-0.17587199807167053,-0.0632717995904386,-0.13443326950073242,-0.1541481912136078,-0.16510515054687858,0.10107091069221497,-0.3788440227508545,-0.18423999985679984,-0.09705400466918945,-0.36583149433135986,-0.2298491015098989,0.012398217663620655,0.000527410796194374,0.0,0.01390729889725216,-0.006374084588253238,0.0,0.40416824778987825,0.3944184926091573,2.1815081360454127,23.46321792233029,0.05628836782984332
idle,ahad,rotate,0.15493786334991455,0.011050432920455933,-0.20665389439091086,-0.13752034306526184,0.030588418245315552,-0.29578603943809867,0.13372284173965454,-0.17612770199775696,-0.06445516785606742,-0.13428428769111633,-0.15408727526664734,-0.16755290469154716,0.1012008786201477,-0.3790997266769409,-0.18423999985679984,-0.0970868170261383,-0.36568528413772583,-0.22990156849846244,0.004028732126409313,-0.006159146626790297,0.0,0.005686824971979252,-0.007748603820800696,0.0,0.4037430875436947,0.3944707761417919,0.7338213802253035,0.6539993884055414,0.25256352277493643
idle,ahad,rotate,0.15501618385314941,0.011077582836151123,-0.2213639272376895,-0.1373373568058014,0.030555903911590576,-0.2958113653585315,0.1338011622428894,-0.17616021633148193,-0.06811779271811247,-0.1341317892074585,-0.15411978960037231,-0.1685757590457797,0.1012645959854126,-0.3791322410106659,-0.18479327391833067,-0.09709790349006653,-0.36565345525741577,-0.22997004818171263,0.0023733485828746187,0.0008227247180360646,-0.44575857111449907,0.005545038165468097,-0.0009852828401507646,-0.0007674521343274466,0.4036535010920162,0.39558861524198563,5.622158208309165,2.881239971204443,0.20630911255029008
idle,ahad,rotate,0.1509377360343933,0.013334393501281738,-0.2535709021613002,-0.13723263144493103,0.03055626153945923,-0.32327698450535536,0.1338011622428894,-0.176233172416687,-0.09077886771410704,-0.1340956687927246,-0.15411943197250366,-0.18016919773072004,0.10125720500946045,-0.37916478514671326,-0.20607246737927198,-0.0971575677394867,-0.3656502366065979,-0.2407619236037135,-0.12358932784109601,0.0683882019736561,-0.9759689370791272,0.003173495783950394,1.0837208140980286e-05,-0.8322914892977067,0.4066870236186036,0.3984719083059841,268.09495500579953,1.8071468049693475,25.19781865675481
rotate,ahad,rotate,0.1433970332145691,0.013972252607345581,-0.26689571095630527,-0.13701346516609192,0.030828863382339478,-0.32327169133350253,0.1331605315208435,-0.1763160526752472,-0.10795630468055606,-0.1339798867702484,-0.1538468301296234,-0.18016390455886722,0.10118317604064941,-0.37895533442497253,-0.20606717420741916,-0.09716248512268066,-0.3652661144733429,-0.24075663043186069,-0.22850614605527686,0.019329063820116236,-0.4037820846971193,0.006641402389063906,0.008260661905462001,0.00016039914705536407,0.4065563520208675,0.3998427306723865,0.8038821323192978,11.821282546283015,25.227272409846094
rotate,ahad,rotate,0.13339704275131226,0.014083057641983032,-0.26845703925937414,-0.13712432980537415,0.03093966841697693,-0.32328157033771276,0.1311895251274109,-0.17627188563346863,-0.11095109488815069,-0.13443362712860107,-0.15460243821144104,-0.18017378356307745,0.10043907165527344,-0.3793646991252899,-0.2060770532116294,-0.09787994623184204,-0.3651459813117981,-0.24076650943607092,-0.30303001403809077,0.0033577283223470587,-0.047312978880875795,-0.003359534523703889,0.0033577283223470587,-0.00029936376394648016,0.4064882517843954,0.39972318899869114,1.0002400317261346,90.22165086169734,0.3378059152125034
rotate,ahad,rotate,0.11970657110214233,0.014203280210494995,-0.27251730125863105,-0.13559305667877197,0.03105989098548889,-0.32329345506150275,0.12881654500961304,-0.17676475644111633,-0.11740827572066337,-0.13379055261611938,-0.15513846278190613,-0.18018566828686744,0.1002536416053772,-0.380748450756073,-0.20608893793541938,-0.09789904952049255,-0.3650113642215729,-0.2407783941598609,-0.4148627772475688,0.0036431081367261082,-0.12303824240172316,0.046402215957641095,0.0036431081367261082,-0.0003601431451512066,0.40632746972429457,0.4009713377702888,12.733490395081734,113.84480418308452,1.507957754783099
rotate,ahad,rotate,0.10619097948074341,0.014203280210494995,-0.2725198611151427,-0.1348046362400055,0.0311451256275177,-0.27003309573046863,0.12630712985992432,-0.1777324378490448,-0.11741083557717502,-0.13332560658454895,-0.15513846278190613,-0.13445075298659503,0.09958463907241821,-0.3820536732673645,-0.1788577928673476,-0.09794813394546509,-0.36489540338516235,-0.1797210171353072,-0.4095633824666296,0.0,-7.757140944401338e-05,0.023891528447468814,0.0025828679402668986,1.613950282758592,0.40787592956953167,0.407229419297771,9.246420095680646,409563.3824666296,48.92326412437168
rotate,ahad,rotate,0.08080941438674927,0.014135152101516724,-0.27347828971687704,-0.13427120447158813,0.0311451256275177,-0.2424372039968148,0.12272745370864868,-0.17805901169776917,-0.12448248045984656,-0.13314953446388245,-0.15513846278190613,-0.11794835107866675,0.09886300563812256,-0.38274407386779785,-0.1788339071208611,-0.09812992811203003,-0.36388829350471497,-0.1696014307672158,-0.7691383361816528,-0.0020644881508567444,-0.029043290961647136,0.016164599042950513,0.0,0.8362391434440691,0.4033145719536473,0.4084074085029004,16164.599042950515,372.37605834854185,23.56829734849355
rotate,ahad,rotate,0.05987171828746796,0.012529522180557251,-0.28370879183057696,-0.13205693662166595,0.031047552824020386,-0.23018848488572985,0.1195356696844101,-0.17807933688163757,-0.12497943232301623,-0.1314423829317093,-0.15513846278190613,-0.09131494502071291,0.10012291371822357,-0.3830878734588623,-0.17883634159807116,-0.09645046293735504,-0.36324647068977356,-0.1505864072823897,-0.634475639372154,-0.048655452150286514,-0.3100152155666606,0.06709902575521684,-0.0029567516211307086,0.3711733063965092,0.4038218526846907,0.4112560191460926,22.685821647716917,13.039907583323826,14.177456302580142
rotate,ahad,rotate,0.039843425154685974,0.0013653039932250977,-0.28793794312514365,-0.13039179146289825,0.02894878387451172,-0.22752981283701956,0.11614088714122772,-0.1822720766067505,-0.1276379416231066,-0.13016943633556366,-0.15688884258270264,-0.08995725610293448,0.09999559819698334,-0.38762351870536804,-0.17881499626673758,-0.09524954855442047,-0.3651367723941803,-0.13796359696425498,-0.6069179737206758,-0.33830964204037367,-0.1281560998353563,0.05045894420508263,-0.06359905907602123,0.08056581965788875,0.4056605846295762,0.40845857273071223,0.7933788889216123,1.7939665452446714,9.010100093105335
rotate,ahad,rotate,0.027826592326164246,-0.01892581582069397,-0.2964990676846355,-0.1303834170103073,0.02739599347114563,-0.2088933528866619,0.11180679500102997,-0.18814507126808167,-0.17448384477756917,-0.13016779720783234,-0.1582196056842804,-0.08939892961643636,0.0986509770154953,-0.3915017247200012,-0.18792032613418996,-0.09524954855442047,-0.3662652373313904,-0.13355299248360097,-0.3641464493491393,-0.6148824186036014,-0.25942801695429635,0.00025377129063461487,-0.047054254647456724,0.5647412106168931,0.4023427932190487,0.39448478357909533,0.005393048928029356,0.5922203109267687,14.759165465719565
rotate,ahad,rotate,0.0018859654664993286,-0.050454288721084595,-0.3483098093420267,-0.1302606612443924,0.027356117963790894,-0.18676280416548252,0.10564778745174408,-0.19698622822761536,-0.2227186355739832,-0.130165234208107,-0.15781602263450623,-0.06649341620504856,0.09808813035488129,-0.3949556052684784,-0.212109187617898,-0.09524954855442047,-0.3659471273422241,-0.1319653932005167,-0.7860796018080403,-0.9554082697088221,-1.5700224744664246,0.003719871694391483,-0.001208348707719302,0.6706226885205976,0.3986426683491077,0.38273570906062354,3.075929771659285,0.8227674010820639,3.497965866530642
rotate,ahad,rotate,-0.02338920533657074,-0.08386123180389404,-0.3546993862837553,-0.1309746652841568,0.0274503231048584,-0.16510499827563763,0.09893645346164703,-0.21034908294677734,-0.22953134588897228,-0.13070951402187347,-0.15753179788589478,-0.045700693503022194,0.09664495289325714,-0.3986126780509949,-0.2221274059265852,-0.09617255628108978,-0.3652153015136719,-0.1260633748024702,-0.7659142667596907,-1.012331608569972,-0.19362354368874307,-0.02163648605346656,0.0028547012444698136,0.6562971481771108,0.3961334723442876,0.3620110523622267,7.576592998082881,0.7565836171588174,0.8910710836461756
rotate,ahad,rotate,-0.05200619995594025,-0.11323171854019165,-0.3977955710142851,-0.1323385089635849,0.027447044849395752,-0.15882560424506664,0.08766509592533112,-0.21892523765563965,-0.2591597568243742,-0.13288740813732147,-0.15459293127059937,-0.031317081302404404,0.0941060334444046,-0.40127888321876526,-0.2221274059265852,-0.09861288964748383,-0.36324405670166016,-0.11610156111419201,-0.8671816551323998,-0.8900147495847662,-1.3059449918342216,-0.041328596346305625,-9.934107462564995e-05,0.19028466759305804,0.3944645714013882,0.3676673198067535,411.881141401897,0.9743441681082389,14.13447607112621
rotate,ahad,rotate,-0.07114459574222565,-0.16480368375778198,-0.4704710803925991,-0.13232116401195526,0.028317928314208984,-0.13097712025046349,0.07646913826465607,-0.2391018271446228,-0.27631982788443565,-0.13245968520641327,-0.15333449840545654,-0.012182950973510742,0.09410376846790314,-0.4054408371448517,-0.22206537052989006,-0.0976407378911972,-0.36365893483161926,-0.08952906355261803,-0.5799513874632032,-1.5627868247754895,-2.2022881629792477,0.0005256045948375438,0.026390408024643826,0.8438934543819273,0.39568489306718363,0.3832996975693457,0.019915746607636228,0.37110052834364715,19.863120375874445
rotate,ahad,rotate,-0.08910711109638214,-0.218741774559021,-0.47045061737298965,-0.13230709731578827,0.030707597732543945,-0.12790339440107346,0.06883139908313751,-0.26555758714675903,-0.3012572005391121,-0.13167528808116913,-0.15410465002059937,0.0016024234937503934,0.0938834697008133,-0.4078810513019562,-0.2220449075102806,-0.09731622040271759,-0.36420151591300964,-0.08032049983739853,-0.5443186470956454,-1.634487600037528,0.0006200915033166991,0.0004262635202118798,0.07241422479802832,0.09314320755727261,0.39930151685477006,0.36189033609607746,0.005886379851761308,0.3330207669133623,22.792716577996423
rotate,ahad,rotate,-0.11759264767169952,-0.2606821358203888,-0.49074408039450645,-0.13220082223415375,0.032444149255752563,-0.1038784496486187,0.055394306778907776,-0.29331454634666443,-0.3166331611573696,-0.1316717118024826,-0.15334776043891907,0.015371454879641533,0.09333904087543488,-0.408266544342041,-0.17040909454226494,-0.09731622040271759,-0.3641703724861145,-0.04943887144327164,-0.8631980780399344,-1.2709200382232868,-0.6149534248944583,0.003220457019227975,0.052622773430565026,0.728028628862277,0.4018503228524818,0.41095965499424275,0.06119775928796212,0.679190958430165,19.248484067298914
rotate,ahad,rotate,-0.1157161146402359,-0.32383039593696594,-0.5038451831787825,-0.13032428920269012,0.032787829637527466,-0.10392795316874981,0.05263490974903107,-0.3320280611515045,-0.3199170511215925,-0.12965185940265656,-0.15334776043891907,0.015321951359510422,0.09434522688388824,-0.40873947739601135,-0.16475057415664196,-0.09543968737125397,-0.36342906951904297,-0.049219051375985146,0.05686463731707886,-1.9135836398962562,-0.3970031146750262,0.05686463731707886,0.010414557023481775,-0.0015001066706397152,0.40149449629796435,0.40782407136535215,5.459586768991622,0.02971629063669833,22.20348766812123
rotate,ahad,rotate,-0.11556920409202576,-0.38017401099205017,-0.504773385822773,-0.12959355115890503,0.031250715255737305,-0.10387720912694931,0.05278182029724121,-0.36378127336502075,-0.3373127654194832,-0.12900495529174805,-0.15488487482070923,0.01537269540131092,0.09403377771377563,-0.4105378985404968,-0.16138925403356552,-0.09529277682304382,-0.3632476031780243,-0.04916830733418465,0.00445183479424674,-1.707382274396473,-0.028127352848197167,0.02214357708439658,-0.04657922369061043,0.0015376982363787396,0.3997480835507227,0.40344521017551516,0.47538580388698837,0.0026074021346029516,2.024430975255176
rotate,ahad,rotate,-0.11547081172466278,-0.42972075939178467,-0.504760853946209,-0.12751446664333344,0.028902530670166016,-0.09780270606279373,0.05288021266460419,-0.3903230130672455,-0.35195016115903854,-0.12877927720546722,-0.15672367811203003,0.02277284674346447,0.09263543784618378,-0.41309085488319397,-0.1613767221570015,-0.09519438445568085,-0.3655957877635956,-0.041808538138866425,0.0029815868897872014,-1.5014166181737965,0.00037975383527351754,0.06300256107792811,-0.07115710865367655,0.18407585042895985,0.39976100085072724,0.4018674244064031,0.8853883593865438,0.0019858478105603716,5.717058874507613
rotate,ahad,rotate,-0.10777448117733002,-0.4846661388874054,-0.5857031308114529,-0.12581489980220795,0.027834296226501465,-0.09781647846102715,0.053540363907814026,-0.4144558608531952,-0.41535356268286705,-0.1277865618467331,-0.15779191255569458,0.022759074345231056,0.09298534691333771,-0.4141746163368225,-0.16470107063651085,-0.09453423321247101,-0.36666402220726013,-0.04182231053709984,0.23322213779795997,-1.6650114998672765,-2.452796268643728,0.05150202548865059,-0.032370740717107244,-0.0004173454010125317,0.39967830838169943,0.47171633212985037,1.590956320165808,0.14007230445209923,5.723534451310792
rotate,ahad,rotate,-0.09485004842281342,-0.5283054709434509,-0.5856893584132195,-0.12469549477100372,0.0249498188495636,-0.09780270606279373,0.058380499482154846,-0.4369979798793793,-0.41533979028463364,-0.12705104053020477,-0.1596311628818512,0.02277284674346447,0.09350802004337311,-0.41625145077705383,-0.1613767221570015,-0.09399618208408356,-0.36850327253341675,-0.041808538138866425,0.3916494774096002,-1.3224040016983705,0.0004173454010125429,0.03392136458194671,-0.08740840536175491,0.0004173454010125429,0.39860146733268076,0.4775731134375819,0.3880745377635145,0.29616454634291545,1.7510120060034762
rotate,ahad,rotate,-0.09001009166240692,-0.5761860013008118,-0.5890775583684444,-0.12469549477100372,0.02451375126838684,-0.1038505844771862,0.059684768319129944,-0.46313995122909546,-0.41532569751143456,-0.12601466476917267,-0.1596311628818512,0.015399320051074028,0.09345676004886627,-0.41690802574157715,-0.15855007991194725,-0.09370376169681549,-0.36988580226898193,-0.04914168268442154,0.14666535637595277,-1.4509251623442518,-0.10267272591590769,0.0,-0.013214169126568273,-0.1832690428603759,0.39938021894529013,0.49435156405255165,0.0,0.10108395601536782,6.0905421944476945
rotate,ahad,rotate,-0.07773835957050323,-0.6187286972999573,-0.5890652891248465,-0.12469549477100372,0.02404513955116272,-0.10976897738873959,0.06984664499759674,-0.48606833815574646,-0.41531342826783657,-0.12601466476917267,-0.16021350026130676,0.01270296610891819,0.09117378294467926,-0.41690802574157715,-0.15690231882035732,-0.09370376169681549,-0.36988580226898193,-0.049129413440823555,0.3718706694516228,-1.2891726060346982,0.00037179526054497515,0.0,-0.014200355067397454,-0.17934523974403993,0.39977397508847584,0.5059918262776026,0.0,0.28845662656361726,0.12260110838594608
rotate,ahad,rotate,-0.04541639983654022,-0.6500749737024307,-0.5891536809504032,-0.12469549477100372,0.02382323145866394,-0.12531306222081184,0.09284795820713043,-0.500268280506134,-0.3739604391157627,-0.12601466476917267,-0.1604144275188446,-0.014629626646637917,0.08662755787372589,-0.41690802574157715,-0.15699071064591408,-0.09370376169681549,-0.36988580226898193,-0.05758444964885712,0.9794533252716221,-0.9498871637113318,-0.00267854016838656,0.0,-0.0067244876514782675,-0.47103287369916685,0.4006924702544587,0.5084950985914896,0.0,1.0311248867916993,8.841921829038087
rotate,ahad,rotate,-0.009850114583969116,-0.6600818634033203,-0.576358119957149,-0.12511605024337769,0.023586362600326538,-0.19635883998125792,0.11101639270782471,-0.5005113780498505,-0.36551869940012693,-0.12596610188484192,-0.16081544756889343,-0.03815330471843481,0.08285170793533325,-0.41669702529907227,-0.12871729861944914,-0.09365519881248474,-0.36967480182647705,-0.06279342900961637,1.07776621977487,-0.3032390818451357,0.3877442725228498,-0.012744105223453267,-0.007177844192042417,-2.15290235637713,0.41651392248891955,0.5178919889758112,1.775230786813818,3.5541680810034997,50.96720685836634
rotate,ahad,rotate,0.017529860138893127,-0.6697644591331482,-0.566808185307309,-0.12549562752246857,0.024570226669311523,-0.2664413962047547,0.12605352699756622,-0.498912513256073,-0.3531927082221955,-0.1265532225370407,-0.15926718711853027,-0.10534765454940498,0.08288021385669708,-0.4145881235599518,-0.11223137262277305,-0.09478728473186493,-0.36755838990211487,-0.07841988536529243,0.8296962037231115,-0.2934119918129708,0.28939195908606513,-0.01150234179063295,0.02981406269651518,-2.123713824954482,0.4359586480269889,0.5253814895845098,0.3857896227726986,2.827741875356296,1.4283993232023953
rotate,ahad,rotate,0.04483005404472351,-0.6831950545310974,-0.5436119954101741,-0.12651589512825012,0.025090157985687256,-0.27691426081582904,0.1374899446964264,-0.49791187047958374,-0.3431089441291988,-0.1271776258945465,-0.15877163410186768,-0.10533820791170001,0.08305767178535461,-0.4135874807834625,-0.1012009079568088,-0.09635952115058899,-0.36570706963539124,-0.08558203233405948,0.8272786032069722,-0.40698773933179005,0.7029148453677165,-0.030917200175198303,0.01575549443562808,-0.31735953366891556,0.43616499362466227,0.5194970306766724,1.9621877379837305,2.0326817999073645,54.74282813355561
rotate,ahad,rotate,0.0734526515007019,-0.6825422048568726,-0.5667781827505678,-0.1275773048400879,0.02574300765991211,-0.27689370489679277,0.152044415473938,-0.49716490507125854,-0.2999359068926424,-0.12814682722091675,-0.15813392400741577,-0.10531765199266374,0.08291679620742798,-0.41293463110923767,-0.08856245107017457,-0.09812182188034058,-0.36379265785217285,-0.09830626077018678,0.8673514380599417,0.01978332346135898,-0.7020056769816184,-0.03216393066175021,0.01978332346135898,0.0006229066374626958,0.42953362543811224,0.5490611076043632,1.625728103595253,43.840338526307306,9.63667857722262
rotate,ahad,rotate,0.10753509402275085,-0.6822264492511749,-0.5435724090784788,-0.1278315782546997,0.02605876326560974,-0.2768746744841337,0.16912832856178284,-0.4968491494655609,-0.29766575805842876,-0.12789273262023926,-0.15805098414421082,-0.10529862158000469,0.08330485224723816,-0.41261887550354004,-0.08030617795884609,-0.09957003593444824,-0.3634769022464752,-0.09828723035752773,1.0328012885469544,0.009568351687807179,0.7032052627905864,-0.0077052549882369835,0.009568351687807179,0.0005766791714863435,0.4294534022218661,0.536554703021393,0.8052013594666669,107.92803130675004,0.803215873935841
rotate,ahad,rotate,0.13750717043876648,-0.6822264492511749,-0.5435799845727161,-0.12821176648139954,0.02605876326560974,-0.27544309583026916,0.18735554814338684,-0.4887000620365143,-0.27855964389164,-0.12762704491615295,-0.15809908509254456,-0.1044554152758792,0.08378598093986511,-0.4127419888973236,-0.06937551137525588,-0.10012799501419067,-0.3634769022464752,-0.09829480585176498,0.9082447398792514,0.0,-0.00022956043143163775,-0.011520855354540149,0.0,0.04338117132922869,0.4288452513064282,0.5480672613592825,11520.85535454015,908244.7398792515,1.3341377425603547
rotate,ahad,rotate,0.17262700200080872,-0.6645444482564926,-0.5436232952051796,-0.1289691925048828,0.026140421628952026,-0.26831051387125626,0.2037276327610016,-0.47967207431793213,-0.2768645552569069,-0.1277047097682953,-0.15819713473320007,-0.09800372697645798,0.08443859219551086,-0.4127419888973236,-0.05166326888138428,-0.10049736499786377,-0.3634769022464752,-0.09833811648422852,1.0642373200619029,0.5358182119600786,-0.0013124434079862211,-0.022952303741917833,0.0024744958588571652,0.21613884724281848,0.42603159495386334,0.5596484089710454,9.271800500007286,1.9861873115165458,5.247065359260137
rotate,ahad,rotate,0.20486482977867126,-0.6496608853340149,-0.5413279368076473,-0.13041269779205322,0.02591860294342041,-0.2665215863380581,0.21794524788856506,-0.4522338807582855,-0.24046186939813197,-0.12778812646865845,-0.15848857164382935,-0.08173518464900553,0.08538100123405457,-0.4130334258079529,-0.04074664250947535,-0.10058385133743286,-0.36389192938804626,-0.09680257574655116,0.9769038720564301,0.4510170582568957,0.06955631507673422,-0.04374258445970892,-0.006721778349442841,0.05420992524842813,0.4262001334508411,0.5664367326424643,6.506623033813712,2.1659972459461807,4.955058171034121
rotate,ahad,rotate,0.23618724942207336,-0.6436551511287689,-0.5324893192155287,-0.13136085867881775,0.025730401277542114,-0.2683469847543165,0.22809985280036926,-0.42833250761032104,-0.2294995830161497,-0.12819507718086243,-0.158925861120224,-0.08169331855606288,0.08747932314872742,-0.41347071528434753,-0.0378252089722082,-0.10068610310554504,-0.3647235333919525,-0.09604430652689189,0.9491642316182606,0.1819919456135172,0.26783689673087335,-0.028732148083773983,-0.0057030807841908756,-0.05531510352298254,0.42788249397786005,0.56550110857924,5.037121522438192,5.215390236245306,3.3501069528181673
rotate,ahad,rotate,0.26062682271003723,-0.6044281125068665,-0.53247159300372,-0.13200396299362183,0.024118423461914062,-0.2683292585425079,0.23087528347969055,-0.39871928095817566,-0.2210892396979034,-0.12851238250732422,-0.16072851419448853,-0.08167559234425426,0.08980444073677063,-0.4138152301311493,-0.037090964149683714,-0.10070860385894775,-0.36717310547828674,-0.09602658031508327,0.7405931299382909,1.1886981400576375,0.0005371579335945966,-0.019488009539517275,-0.04884781259478891,0.0005371579335945966,0.4286918159331615,0.5575979954720247,0.3989454094037941,0.6230282373236857,2.1569281225500267
rotate,ahad,rotate,0.2897004187107086,-0.5615704953670502,-0.5289200685219839,-0.13238847255706787,0.022934019565582275,-0.26847572543192655,0.23568734526634216,-0.37794581055641174,-0.18850952305365354,-0.12904983758926392,-0.16185230016708374,-0.08182205923367292,0.09272047877311707,-0.4112066924571991,-0.032867654343135655,-0.10073456168174744,-0.36936208605766296,-0.09617304720450193,0.881018060626396,1.2987156709035095,0.10762195399200256,-0.011651804952910324,-0.03589102716156891,-0.004438390588444242,0.42963521443802827,0.5545073196775615,0.32463490848425514,0.6783758770213345,0.4829893087246859
rotate,ahad,rotate,0.3145453482866287,-0.5169055163860321,-0.49386341497302055,-0.13350798189640045,0.02266409993171692,-0.27154914662241936,0.2349879890680313,-0.35281991958618164,-0.15982117876410484,-0.13025470077991486,-0.16210779547691345,-0.09304947033524513,0.09479297697544098,-0.40874359011650085,-0.01984642632305622,-0.10152892768383026,-0.37086522579193115,-0.09692532941699028,0.7528766538157727,1.3534842115460235,1.0623228348170888,-0.033924525434321166,-0.008179382844404871,-0.09313397546948055,0.4317191999995306,0.5335561943413327,4.147058405405133,0.5562503730320013,2.895631123136991
rotate,ahad,rotate,0.3349714130163193,-0.46611350774765015,-0.4599657482467592,-0.1348230391740799,0.02210095524787903,-0.30693129962310195,0.23399607837200165,-0.3269653022289276,-0.13035292690619826,-0.1315857321023941,-0.16277751326560974,-0.11579368030652404,0.0956333726644516,-0.40513765811920166,-0.01828119484707713,-0.10275213420391083,-0.3722839653491974,-0.10964262252673507,0.6189716584754644,1.5391517769206484,1.0272020220079092,-0.03985022053574027,-0.01706499041932983,-1.0721864545661275,0.44214345030815777,0.5060494012537313,2.3350663838767796,0.40215088960423306,29.670022169316177
rotate,ahad,rotate,0.34932075440883636,-0.41369712352752686,-0.2741950615309179,-0.13631202280521393,0.021590620279312134,-0.3248237236402929,0.2331516593694687,-0.30338701605796814,-0.035535605158656836,-0.13384492695331573,-0.16169264912605286,-0.14774646004661918,0.09651260077953339,-0.40350908041000366,-0.016086069401353598,-0.1039498895406723,-0.3739652931690216,-0.14416428050026298,0.43482852704597935,1.5883752793977008,5.629414748964978,-0.045120716094971425,-0.015464696017178868,-0.5421946671876127,0.4360614896193464,0.3614360394069208,2.917470771755282,0.2737566234688815,16.061224509370376
rotate,ahad,rotate,0.3488309681415558,-0.35871320962905884,-0.18921302538365126,-0.137338787317276,0.02091151475906372,-0.3247191933915019,0.23093006014823914,-0.2762455344200134,0.00012945124763064086,-0.13555559515953064,-0.16163009405136108,-0.1476419297978282,0.09730878472328186,-0.4012444019317627,-0.015981539152562618,-0.10443967580795288,-0.375573992729187,-0.144059750251472,-0.01484200809941091,1.6661792090444223,2.5752132165837396,-0.031114076123091933,-0.02057895515904204,0.003167583296696225,0.43694501208044967,0.30835281560578826,1.511863164066303,0.008907804821378242,16.532304849574512
rotate,ahad,rotate,0.34765516221523285,-0.29428064823150635,-0.12105973344296217,-0.13889019191265106,0.021939098834991455,-0.3247191933915019,0.2271215170621872,-0.2590513825416565,0.03541551623493433,-0.1371300369501114,-0.16087579727172852,-0.1476419297978282,0.09755675494670868,-0.39909932017326355,-0.018145018257200718,-0.10561548173427582,-0.37610766291618347,-0.144059750251472,-0.03563048261584714,1.9525018605319246,2.065251270930005,-0.04701226046591169,0.031138911391750023,0.0,0.43839053967178304,0.2900475924872549,1.5097107976475093,0.01824861993090256,1.642391694272546
rotate,ahad,rotate,0.3469823747873306,-0.24309265613555908,-0.07918826770037413,-0.13956297934055328,0.022647440433502197,-0.3247191933915019,0.22317929565906525,-0.24959313869476318,0.0728947939351201,-0.1378028243780136,-0.16087579727172852,-0.1476419297978282,0.09728510677814484,-0.39777636528015137,-0.018565556965768337,-0.10628826916217804,-0.3761111795902252,-0.144059750251472,-0.020387497815219164,1.5511512756347903,1.2688322952299609,-0.020387497815219164,0.021464896924568287,0.0,0.4390369890753489,0.29991813646858984,0.9497622152412897,0.013143453505798345,0.858418336541956
rotate,ahad,rotate,0.3428395092487335,-0.18213289976119995,-0.07070424687117338,-0.13956868648529053,0.023209750652313232,-0.31618243735283613,0.21317794919013977,-0.2359226942062378,0.0728947939351201,-0.13780853152275085,-0.16087579727172852,-0.15146327298134565,0.09738370776176453,-0.39688748121261597,-0.019094382412731647,-0.10618618130683899,-0.3762389123439789,-0.144059750251472,-0.1255413799574901,1.8472653446775789,0.25709154027881453,-0.00017294377991647708,0.01703970360033467,0.2586895769292699,0.4362337050670303,0.33019942284534953,0.01014886380120364,0.06796062750734629,7.864118496497313
rotate,ahad,rotate,0.32805509865283966,-0.14534282684326172,-0.07070818170905113,-0.13962532579898834,0.02389472723007202,-0.3147713281214237,0.19183869659900665,-0.22483974695205688,0.07289085909724236,-0.13786517083644867,-0.16019082069396973,-0.1514672078192234,0.09761245548725128,-0.39618849754333496,-0.019098317250609398,-0.10595972836017609,-0.3760702908039093,-0.14406368508934975,-0.448012442299797,1.1148506944829344,-0.0001192375114469772,-0.0017163428393276604,0.02075686599268979,0.04276088580037446,0.43617254325713944,0.3445155154815687,0.08268397338782789,0.40185833193497916,6.544430267046987
rotate,ahad,rotate,0.3083050698041916,-0.10732263326644897,-0.0707100760191679,-0.13976700603961945,0.024599075317382812,-0.3144735302776098,0.17638377845287323,-0.21589112281799316,0.07288896478712559,-0.13784094154834747,-0.16008055210113525,-0.15146910212934017,0.09773270785808563,-0.395192414522171,-0.026286374777555466,-0.10558770596981049,-0.3759077191352844,-0.14406557939946651,-0.5984857226863147,1.152127078085253,-5.740333687175496e-05,-0.004293340625185023,0.021343881433660675,0.009024177085269725,0.43659224303519273,0.35942063909545197,0.20114146047278883,0.5194611033878728,1.0254569720420965
rotate,ahad,rotate,0.2826855182647705,-0.06665158271789551,-0.07070985902100801,-0.13934525847434998,0.024951279163360596,-0.31447331327944994,0.16565054655075073,-0.20579588413238525,0.05003467854112387,-0.1378689408302307,-0.16052526235580444,-0.1514688851311803,0.0979224443435669,-0.3939094841480255,-0.07483563292771578,-0.10512346029281616,-0.37659019231796265,-0.16671104449778795,-0.7763500466491361,1.2324560772289126,6.575701814709392e-06,0.01278022925059021,0.010672843817508751,6.575701814709392e-06,0.4292323064095573,0.3758352691587022,1.197340852001813,0.629920555444171,0.6685201279319499
rotate,ahad,rotate,0.2578105330467224,-0.04500719904899597,-0.075270289555192,-0.13892331719398499,0.025660842657089233,-0.3117517624050379,0.15787899494171143,-0.1966972053050995,0.04485947825014591,-0.13778471946716309,-0.1613498032093048,-0.15440101362764835,0.09755069017410278,-0.3922448456287384,-0.09136386401951313,-0.10458719730377197,-0.3770767152309418,-0.17917468585073948,-0.7537874308499137,0.655890414209052,-0.13819486467223654,0.01278609940499922,0.021501924052382146,0.08247123861854413,0.4253859317025124,0.38277435073269145,0.594621427944017,1.149256438672727,2.520383321517609
rotate,ahad,rotate,0.2303750067949295,-0.02961215376853943,-0.08261625561863184,-0.13819049298763275,0.027466148138046265,-0.3098456347361207,0.1518702656030655,-0.18994465470314026,0.02083118911832571,-0.13748227059841156,-0.16044631600379944,-0.1634818995371461,0.0974283367395401,-0.38982704281806946,-0.1254104757681489,-0.1038026362657547,-0.3761296272277832,-0.19285451713949442,-0.8313795833876771,0.4665165236502057,-0.22260503222545341,0.02220679413188623,0.054706226695668485,0.05776144451264271,0.4216147485318524,0.3863430194140786,0.40592067032424584,1.7820972230210257,1.2863088926925281
rotate,ahad,rotate,0.2163727730512619,-0.005785226821899414,-0.08816681755706668,-0.13768203556537628,0.027913987636566162,-0.3098351354710758,0.14709685742855072,-0.18442684412002563,0.017545696813613176,-0.13724537193775177,-0.1608670949935913,-0.16347140027210116,0.09716175496578217,-0.38802725076675415,-0.12539997650310397,-0.10296677052974701,-0.376508504152298,-0.1928440178744495,-0.42431011344447955,0.7220280892921331,-0.16819884661924023,0.015407800674438723,0.013570893894542564,0.00031815954681599286,0.4224329805871169,0.4021275168743571,1.1352727035859307,0.587663460845417,2.1508904138552167
rotate,ahad,rotate,0.20107463002204895,-0.004100412130355835,-0.08894015802070498,-0.13710340857505798,0.028343290090560913,-0.30866001499816775,0.14137855172157288,-0.1834641396999359,0.01676252158358693,-0.1373138725757599,-0.1605396568775177,-0.1634742165915668,0.09697404503822327,-0.38640695810317993,-0.13540826691314578,-0.10257276892662048,-0.37645453214645386,-0.1986515219323337,-0.46358009179433923,0.05105499065283654,-0.023434559504191453,0.017534151221766894,0.013009165272568419,0.035609711300243596,0.42089845629198464,0.39894174014721184,1.347727016100032,9.079837368087261,1.0715155503820417
rotate,ahad,rotate,0.18931901454925537,-0.002375990152359009,-0.09495056373998523,-0.1374494433403015,0.02775922417640686,-0.307592227589339,0.13619858026504517,-0.18248948454856873,0.009137838613241911,-0.13800233602523804,-0.16134032607078552,-0.16373331798240542,0.09644395112991333,-0.38550782203674316,-0.13564905477687716,-0.10273164510726929,-0.3771475553512573,-0.2009815420024097,-0.3562307719028222,0.052255211454447295,-0.18213350664484895,-0.010485901977076278,-0.017698967095576685,0.032357194206930145,0.42014362294687885,0.39632328367244685,0.5924249418348783,6.8170034142899,1.263564289147091
idle,ahad,rotate,0.17941556870937347,-0.0012254714965820312,-0.09495056373998523,-0.13766489923000336,0.027221322059631348,-0.30030833138152957,0.1334831565618515,-0.1801854968070984,0.008122835773974657,-0.13833387196063995,-0.16258078813552856,-0.16373331798240542,0.09604524075984955,-0.3849889636039734,-0.1406620885245502,-0.10248894989490509,-0.37817704677581787,-0.20240800036117435,-0.3001044193903653,0.034864201690211996,0.0,-0.006528966354601415,-0.016300064144712766,0.22072412750938072,0.41853274624569514,0.39536637812919917,0.40052393491863403,8.60756298090242,5.709505536539029
idle,ahad,rotate,0.16921542584896088,0.00043019652366638184,-0.09729620022699237,-0.137586310505867,0.02725699543952942,-0.2932015801779926,0.13085179030895233,-0.1770220696926117,0.005089725833386183,-0.1385679394006729,-0.1636735498905182,-0.16373331798240542,0.09576331079006195,-0.38460657000541687,-0.1406620885245502,-0.10230027139186859,-0.3788290023803711,-0.20240800036117435,-0.30909523819432605,0.05017175818934665,-0.07107989354567208,0.0023814764889804178,0.0010810115120627837,0.21535609707688183,0.4176055750558077,0.3943718106731689,2.20097148914829,6.160618816845458,0.6138241638396497
idle,ahad,rotate,0.1633104532957077,0.005300700664520264,-0.12125836592167616,-0.1375291496515274,0.02732062339782715,-0.2931926576420665,0.13032560050487518,-0.17295026779174805,-0.008392742834985256,-0.13867191970348358,-0.16419905424118042,-0.16372439544647932,0.09556816518306732,-0.38414859771728516,-0.14667538087815046,-0.10222537815570831,-0.37911543250083923,-0.2118996111676097,-0.17893856221978638,0.14759103457132416,-0.7261262331722086,0.0017321471011999224,0.0019281199484159721,0.00027037987654858345,0.41598699886101137,0.396113365412118,0.8978949715502207,1.2123863102741763,6.517829256975118
idle,ahad,rotate,0.15709438920021057,0.005468964576721191,-0.1480821818113327,-0.1374506652355194,0.02748769521713257,-0.2931833267211914,0.12854096293449402,-0.17243027687072754,-0.02049412578344345,-0.13868218660354614,-0.16421157121658325,-0.17048141360282898,0.0955527126789093,-0.3838112950325012,-0.15086741745471954,-0.1020229160785675,-0.37910088896751404,-0.21610715985298157,-0.18836557865143122,0.005098906430331225,-0.812842905747181,0.002378315636605965,0.005062782403194624,0.00028275517803250387,0.4153433973216614,0.3941246706412392,0.46967176849967734,36.935104834697405,0.09698766703584945
idle,ahad,rotate,0.15324124693870544,0.00557553768157959,-0.1486128973774612,-0.13770714402198792,0.027565956115722656,-0.2949991184286773,0.12635460495948792,-0.17232370376586914,-0.0241682599298656,-0.1389157474040985,-0.1641104817390442,-0.1707671987824142,0.0952962338924408,-0.38368475437164307,-0.15996111510321498,-0.10218974947929382,-0.37904855608940125,-0.22372434614226222,-0.11676188671227844,0.003229488026012125,-0.016082289882681844,-0.007772084438439695,0.002371542381517853,-0.05502399113593767,0.4143391606104745,0.3937130700800306,3.275846408049176,36.143729916998055,1.7059043963083311
idle,ahad,rotate,0.15247206389904022,0.0058754682540893555,-0.16611189348623157,-0.1379881054162979,0.02786099910736084,-0.30027670366689563,0.12551788985729218,-0.17202377319335938,-0.030587421264499426,-0.1391734629869461,-0.1638239026069641,-0.171201444696635,0.0950152724981308,-0.3833754360675812,-0.16293585998937488,-0.10237325727939606,-0.3788239359855652,-0.22515553934499621,-0.023308576959551304,0.009088805227568312,-0.5302726093566578,-0.008513981645757179,0.008940696716308255,-0.1599268254005487,0.4150954627172283,0.3934814310511985,0.9521662292827501,2.564254830110015,3.185179874476711
idle,ahad,rotate,0.15139250457286835,0.006626754999160767,-0.17463336465880275,-0.13820607960224152,0.028625458478927612,-0.30061286268755794,0.12463109195232391,-0.1712593138217926,-0.03737477911636233,-0.1393914371728897,-0.16329368948936462,-0.17466733930632472,0.0947972983121872,-0.38260704278945923,-0.16922612069174647,-0.10252751410007477,-0.3782758414745331,-0.23220201907679439,-0.032713918974905824,0.022766265002164335,-0.25822639916882784,-0.0066052783619274845,0.02316543550202378,-0.010186636989767064,0.41415174931858606,0.3933639599657811,0.28512277434094074,1.4368840074464775,4.558376618772495
idle,ahad,rotate,0.15134498476982117,0.007077246904373169,-0.18200928531587124,-0.13825449347496033,0.02992263436317444,-0.31571722589433193,0.12404277920722961,-0.17041811347007751,-0.04261736758053303,-0.13943764567375183,-0.1626032292842865,-0.18524046801030636,0.09473249316215515,-0.3811309337615967,-0.17798778973519802,-0.10249656438827515,-0.3771597146987915,-0.2452221717685461,-0.0014399940317327555,0.0136512698549215,-0.22351274718389721,-0.0014670870520852063,0.03930836012869233,-0.4577079759628557,0.41468568948852597,0.3923349820863744,0.03732157041687289,0.10547652859452179,13.570965870461057
idle,ahad,rotate,0.15134498476982117,0.008466511964797974,-0.18787084938958287,-0.13834154605865479,0.03112897276878357,-0.31937697948887944,0.1235744059085846,-0.16888192296028137,-0.05208889069035649,-0.13943764567375183,-0.16193994879722595,-0.191281218547374,0.09472236037254333,-0.3795911371707916,-0.18727855803444982,-0.10242360830307007,-0.37603092193603516,-0.2519211512990296,0.0,0.04209894122499475,-0.17762315374884022,-0.002637957081650285,0.036555709260883334,-0.11090162407719904,0.4142699203000764,0.392167325838506,0.07216068226559358,0.0,10.509674310624355
idle,ahad,rotate,0.15134498476982117,0.009603023529052734,-0.1942334990017116,-0.13851618766784668,0.03221940994262695,-0.32209012610837817,0.1235744059085846,-0.16739684343338013,-0.058594595175236464,-0.13950800895690918,-0.1609681248664856,-0.19382383627817035,0.09472236037254333,-0.3780912458896637,-0.19406654639169574,-0.10236424207687378,-0.37495556473731995,-0.25596395833417773,0.0,0.03443974437135508,-0.19280756400389373,-0.005292169975511755,0.03304355072252553,-0.08221656422723111,0.41409068238748115,0.3918073455244573,0.1601525776503971,0.0,0.8794212776281679
idle,ahad,rotate,0.15134629607200623,0.01089257001876831,-0.19923582393676043,-0.1386338472366333,0.03359752893447876,-0.3253974737599492,0.1235744059085846,-0.16565728187561035,-0.0650673033669591,-0.13955461978912354,-0.15936636924743652,-0.19827642757445574,0.09472236037254333,-0.3762890696525574,-0.20272452849894762,-0.10236257314682007,-0.3735532760620117,-0.26162384171038866,3.973642985026105e-05,0.03907716635501808,-0.15158560409239086,-0.003565441478382514,0.041761181571267535,-0.10022265610821479,0.41370818154610056,0.39131581012296884,0.08537488570366125,0.001016844789728944,0.6084785280851388
idle,ahad,rotate,0.15145428478717804,0.011324167251586914,-0.2088498268276453,-0.138529434800148,0.034274518489837646,-0.325707757845521,0.12368239462375641,-0.16437149047851562,-0.07584798522293568,-0.13944663107395172,-0.15857166051864624,-0.19827970303595066,0.09483034908771515,-0.37544745206832886,-0.2070446703583002,-0.10225458443164825,-0.3729477524757385,-0.2634104136377573,0.003272385308236839,0.013078704024806376,-0.29133342093590997,0.003164013226827036,0.02051483501087568,-0.00940254804762942,0.41355386811751477,0.3908987262646497,0.1542229806951438,0.25018802428790293,2.8337764733560427
idle,ahad,rotate,0.1516966074705124,0.011792749166488647,-0.21059968508780003,-0.13828711211681366,0.03467521071434021,-0.3261097017675638,0.12414960563182831,-0.16372588276863098,-0.07699971087276936,-0.13920430839061737,-0.15795853734016418,-0.19865692593157291,0.0951225608587265,-0.3748018443584442,-0.21023725904524326,-0.1020122617483139,-0.37238559126853943,-0.2640949431806803,0.0073431116161921635,0.014199451966718657,-0.05302600788347448,0.0073431116161921635,0.012142188621289343,-0.01218011884978277,0.41335238182789225,0.3907123415575414,0.6047103314625516,0.517104077630915,0.2957938540747086
idle,ahad,rotate,0.15195345878601074,0.011717557907104492,-0.21621899958699942,-0.1378553807735443,0.034641802310943604,-0.3272553151473403,0.12486904859542847,-0.16343533992767334,-0.08158502634614706,-0.13877257704734802,-0.15780717134475708,-0.19956374820321798,0.09572142362594604,-0.3745113015174866,-0.21364932414144278,-0.10158053040504456,-0.37217357754707336,-0.26549366768449545,0.007783373196919883,-0.0022785230116411054,-0.1702822575514994,0.013082767977859244,-0.0010123758605032418,-0.034715556962924124,0.4130727770691315,0.39030933483912317,12.910084488653943,3.414474500661597,0.8096254010325786
idle,ahad,rotate,0.15200628340244293,0.012048810720443726,-0.21842803759500384,-0.1373860388994217,0.03466513752937317,-0.33022016985341907,0.12620414793491364,-0.1631040871143341,-0.08364020241424441,-0.13823677599430084,-0.15764567255973816,-0.19956690771505237,0.09644468128681183,-0.37418869137763977,-0.21365248365327716,-0.10111118853092194,-0.3718869090080261,-0.26549682719632983,0.0016007459524906298,0.01003796404058299,-0.06694054569710492,0.014222481034019003,0.0007071278311989637,-0.08984408200238833,0.41326691423063583,0.3902426239816367,20.08462371820391,0.15945330076086917,1.6717305747702742
idle,ahad,rotate,0.1494000107049942,0.012856900691986084,-0.22268745163455606,-0.13673155009746552,0.03457850217819214,-0.33019049325957894,0.12708671391010284,-0.16505467891693115,-0.08519334951415658,-0.13739554584026337,-0.1582411527633667,-0.19953723112121224,0.09720297157764435,-0.37443917989730835,-0.21362280705943704,-0.10049457848072052,-0.37146714329719543,-0.2654671506024897,-0.07897796052874642,0.024487574895222054,-0.12907315271369849,0.01983299399867127,-0.002625313672152333,0.000899290722427912,0.4127654241893135,0.3909027407358058,7.5516470895944465,3.2250941864385805,2.756900136277829
idle,ahad,rotate,0.1458626538515091,0.013582706451416016,-0.22540125157684088,-0.1362832635641098,0.03460639715194702,-0.3301881989464164,0.1282961517572403,-0.16726911067962646,-0.08992063906043768,-0.13665692508220673,-0.15894347429275513,-0.19823652412742376,0.09753395617008209,-0.37563738226890564,-0.20701116230338812,-0.1002429872751236,-0.37094736099243164,-0.2615839382633567,-0.10719263192379284,0.02199411392211949,-0.08223636188742017,0.01358444040471879,0.0008453022349964623,6.95246412898566e-05,0.41289138625537447,0.3926399570427383,16.051523726361864,4.873474731858245,0.2180515363149522
idle,ahad,rotate,0.14056751132011414,0.013248145580291748,-0.22585444059222937,-0.1354752480983734,0.032702744007110596,-0.3301956942304969,0.12880918383598328,-0.17209237813949585,-0.09017603006213903,-0.13578104972839355,-0.16067254543304443,-0.18820314016193151,0.09814581274986267,-0.37663060426712036,-0.2025982728227973,-0.09995144605636597,-0.37135905027389526,-0.24326912965625525,-0.16045886458772857,-0.010138208215887057,-0.013733000466318061,0.024485317143527335,-0.057686458934438065,-0.0002271298206213785,0.4148302083235808,0.39286879416859544,0.42444783659746493,15.825581364066146,1.8042099993880767
idle,ahad,rotate,0.1308296024799347,0.013248145580291748,-0.2329938095062971,-0.1347854733467102,0.031240463256835938,-0.3073035907000303,0.1289808452129364,-0.17674273252487183,-0.0939869936555624,-0.13503208756446838,-0.1619688868522644,-0.17413183860480785,0.09850534796714783,-0.377791166305542,-0.20258565060794353,-0.09977862238883972,-0.37135905027389526,-0.22840617410838604,-0.29508814667210903,0.0,-0.2163445125475109,0.020902265201915727,-0.04431153788711156,0.6937001069838461,0.4117482850650424,0.3935495610435124,0.47170092706414846,295088.146672109,21.032283915819626
idle,ahad,rotate,0.11417770385742188,0.014190882444381714,-0.23916093283332884,-0.13448604941368103,0.0319763720035553,-0.3069613503757864,0.12906360626220703,-0.17723378539085388,-0.10034502320922911,-0.13471069931983948,-0.16102614998817444,-0.1711724626366049,0.09888041019439697,-0.3792206346988678,-0.20260917418636382,-0.09962445497512817,-0.3704163134098053,-0.22842969768680632,-0.5046029885609753,0.028567783760300912,-0.18688252506156056,0.009073452516035257,0.022300265052100983,0.01037091891648152,0.41146375844664196,0.39540189690307775,0.40685819817115954,17.66273961099352,20.808184983769433
idle,ahad,rotate,0.09882670640945435,0.012201070785522461,-0.24136639991775155,-0.13439491391181946,0.03207463026046753,-0.30697131017223,0.1290786862373352,-0.17731976509094238,-0.10960903624072671,-0.13440299034118652,-0.1609278917312622,-0.1711824224330485,0.09938210248947144,-0.380821168422699,-0.2026191339828074,-0.09911903738975525,-0.37031805515289307,-0.2284396574832499,-0.4651817408475083,-0.0602973229957359,-0.06683233589159826,0.002761681874593143,0.0029775229367343336,-0.0003018120134418709,0.4114990658709182,0.3949280182444434,0.927198458179766,7.714671283319181,0.6957261613840944
idle,ahad,rotate,0.07356984913349152,0.007087737321853638,-0.3130684308707714,-0.1338929980993271,0.032041579484939575,-0.3000478260219097,0.12713344395160675,-0.18182703852653503,-0.15850182995200157,-0.13449887931346893,-0.1609002649784088,-0.16193998977541924,0.0991632491350174,-0.38261881470680237,-0.22927458211779594,-0.09893174469470978,-0.3700404465198517,-0.22458994016051292,-0.7653593113928252,-0.1549494988990577,-2.1727888167582123,0.015209570075526624,-0.0010015386523622614,0.20980255000970915,0.41059242249999095,0.39943413462864963,15.171056038277053,4.939379458800048,6.379102834875375
idle,ahad,rotate,0.04995983839035034,-0.002931833267211914,-0.35768830706365407,-0.13337448239326477,0.03605705499649048,-0.25737348129041493,0.1235913634300232,-0.18993914127349854,-0.2139809720683843,-0.13435009121894836,-0.1559431552886963,-0.14687056769616902,0.0990399718284607,-0.38468751311302185,-0.22930264403112233,-0.09901979565620422,-0.36500635743141174,-0.21216364135034382,-0.7154548710042509,-0.3036233511837931,-1.3521174603903323,0.01571259715340295,0.12168107610759853,1.293161961560399,0.4050630011695983,0.40574516271317645,0.1291282796614099,2.356381720421246,33.0389047959471
idle,ahad,rotate,0.02851925790309906,-0.01966547966003418,-0.37481105723418295,-0.13370127975940704,0.035952746868133545,-0.25683811702765524,0.11491243541240692,-0.19239073991775513,-0.2251546869520098,-0.1340027004480362,-0.15371572971343994,-0.13349837460555136,0.09863774478435516,-0.38780009746551514,-0.26189819374121726,-0.09939055144786835,-0.36383509635925293,-0.21202175715006888,-0.6497145602197462,-0.507080193721895,-0.5188712172887625,-0.009902950489159944,-0.0031608523744525835,0.016223159477566487,0.40375246350003974,0.3913936813126721,3.1320091251491324,1.281283092853326,38.88735312312742
idle,ahad,rotate,-0.004441291093826294,-0.05737599730491638,-0.39841253962367773,-0.13486620783805847,0.037350088357925415,-0.2553460141643882,0.10701221227645874,-0.19725415110588074,-0.2572539886459708,-0.13426941633224487,-0.15140500664710999,-0.11286451574414968,0.09726709127426147,-0.3885290324687958,-0.2618651231750846,-0.10061344504356384,-0.36046507954597473,-0.18521255161613226,-0.99880451505836,-1.1427429589358424,-0.7151964360453077,-0.03530085086822566,0.042343681508845224,0.045215238280820844,0.40539963263731726,0.37236020824058014,0.8336548914850569,0.8740405120920323,1.8071017389936297
idle,ahad,rotate,-0.03463102877140045,-0.1056486964225769,-0.4071603696793318,-0.13238145411014557,0.03786313533782959,-0.17647762410342693,0.09882478415966034,-0.21369189023971558,-0.26111447624862194,-0.1341709941625595,-0.1508919596672058,-0.05970036797225475,0.09532700479030609,-0.39295676350593567,-0.26184949092566967,-0.10169197618961334,-0.35995203256607056,-0.14238676242530346,-0.91484053568408,-1.4628090641715543,-0.26508575926224814,0.0752955675125134,0.015546878178914635,2.3899512139685606,0.40045091923904985,0.3472034956370153,4.842819492541819,0.6253993994785574,71.13623572526573
rotate,ahad,rotate,-0.06564067304134369,-0.15946251153945923,-0.4203403713181615,-0.1318887621164322,0.037407755851745605,-0.15053294319659472,0.08474646508693695,-0.2342318892478943,-0.27247936744242907,-0.132706418633461,-0.1513473391532898,-0.03720929566770792,0.09509842097759247,-0.3974820673465729,-0.22208304423838854,-0.09994055330753326,-0.36033180356025696,-0.09969822783023119,-0.9396861899982443,-1.6307216702084935,-0.39939398905543055,0.01493006041555637,-0.013799378366180821,0.7862024517221586,0.40224571278477306,0.34899331373747,1.081858773679999,0.5762391160466925,48.64099184650445
rotate,ahad,rotate,-0.09001435339450836,-0.21860310435295105,-0.4241481404751539,-0.13179363310337067,0.03683307766914368,-0.13101094774901867,0.07302837073802948,-0.26300445199012756,-0.27361067943274975,-0.1323251873254776,-0.15133056044578552,-0.023356668651103973,0.09384052455425262,-0.4001765549182892,-0.21755328588187695,-0.09994055330753326,-0.35933101177215576,-0.09303937666118145,-0.7385963743383351,-1.7921391761664474,-0.11538694415128777,0.002882697365500756,-0.017414490381876906,0.591575619623526,0.39925235712042145,0.3308367694803199,0.1655249035364849,0.412130917079411,5.91008630031944
rotate,ahad,rotate,-0.11792458593845367,-0.27805641293525696,-0.45133077912032604,-0.13142572343349457,0.03652343153953552,-0.12205207906663418,0.0557587593793869,-0.2981419265270233,-0.28004023246467113,-0.1322677582502365,-0.1514495313167572,0.00761290593072772,0.09346096217632294,-0.4015786945819855,-0.1824489962309599,-0.09994055330753326,-0.35901302099227905,-0.05375918932259083,-0.8457646225438108,-1.8016154115850562,-0.8237163225809865,0.01114877787503347,-0.009383216048732098,0.2714808691631707,0.40262180766682915,0.36364683029659767,1.188035081155211,0.46944766771951746,9.70612629835595
rotate,ahad,rotate,-0.1196478009223938,-0.34454143047332764,-0.45131569914519787,-0.12912195920944214,0.03635793924331665,-0.11551987193524837,0.044242143630981445,-0.3350059390068054,-0.3174688797444105,-0.1303943693637848,-0.15161502361297607,0.009846591390669346,0.09216916561126709,-0.4018420875072479,-0.17951917462050915,-0.09862726926803589,-0.35715869069099426,-0.05111820064485073,-0.05221863587697149,-2.0146975011535804,0.00045696894327797746,0.06981103709249521,-0.005014918067238357,0.19794567064804713,0.39991604045658924,0.34931811197208296,13.917898210592478,0.02591883393325206,2.8536008384313667
rotate,ahad,rotate,-0.11956465244293213,-0.40319347381591797,-0.45587599091231823,-0.12789595127105713,0.036211878061294556,-0.09940004162490368,0.044325292110443115,-0.370149701833725,-0.3226002138108015,-0.13023516535758972,-0.15176108479499817,0.014057086780667305,0.09207344055175781,-0.40259331464767456,-0.17731419019401073,-0.09837570786476135,-0.3571605980396271,-0.048796115443110466,0.0025196508927779167,-1.7773346467451898,-0.1381906596097101,0.037151755708637255,-0.004426096424912032,0.4884797063740895,0.3977110849216419,0.3498395623952247,8.391901179196807,0.001417656196448948,8.859530325130697
rotate,ahad,rotate,-0.11907827854156494,-0.4549650251865387,-0.468675522133708,-0.12729042768478394,0.03451293706893921,-0.09669987671077251,0.0448116660118103,-0.38620683550834656,-0.3250738959759474,-0.12970241904258728,-0.15193158388137817,0.019867606461048126,0.09191036224365234,-0.4037151336669922,-0.1371725331991911,-0.09788933396339417,-0.35810691118240356,-0.03589742071926594,0.01473860307173319,-1.568834890018835,-0.38786458246636285,0.018349199584036455,-0.05148306037440527,0.0818231792160972,0.39838638054973774,0.39627892903064776,0.3564054476394515,0.009394611103368016,12.418233027578536
rotate,ahad,rotate,-0.1188848465681076,-0.4965962767601013,-0.4945419644936919,-0.1270969957113266,0.03156447410583496,-0.09942208882421255,0.04500509798526764,-0.415694922208786,-0.32902403827756643,-0.12899871170520782,-0.15365517139434814,0.02254700195044279,0.0916728526353836,-0.4068102538585663,-0.1371795004233718,-0.09769590198993683,-0.35983049869537354,-0.023669919930398464,0.005861574953252397,-1.2615530779866984,-0.7838315866661497,0.005861574953252397,-0.08934736251830716,-0.08249127616484647,0.39974096629966466,0.4243866224667711,0.06560360803536137,0.004646312873568469,5.123711636120593
rotate,ahad,rotate,-0.11054177582263947,-0.5405925214290619,-0.6016285084187984,-0.12709642946720123,0.026930302381515503,-0.11548908427357674,0.04826764762401581,-0.4437788128852844,-0.43656229600310326,-0.1269455999135971,-0.15664729475975037,0.0225998368114233,0.09164665639400482,-0.4139934182167053,-0.13712666556239128,-0.09596003592014313,-0.36296677589416504,-0.023221751675009727,0.2528203256202507,-1.333219535423069,-3.2450467856093406,1.7158912889885454e-05,-0.14042944619150097,-0.48687864998074065,0.40187369572526643,0.5221776106588599,0.00012218798241576715,0.1896312867248355,12.352813317339812
rotate,ahad,rotate,-0.10186278820037842,-0.5851219147443771,-0.6423201225697994,-0.12702733278274536,0.022984296083450317,-0.11548908427357674,0.05104553699493408,-0.4785144627094269,-0.4531712792813778,-0.12570121884346008,-0.1579926311969757,0.0225998368114233,0.09171408414840698,-0.41752633452415466,-0.13712666556239128,-0.09390044212341309,-0.3649517297744751,-0.023221751675009727,0.2629996249170056,-1.3493755550095745,-1.233079216697019,0.002093838922905233,-0.11957594842621964,0.0,0.4001312431041232,0.5663750639115276,0.017510389338938146,0.1949045460591536,14.767559337729992
rotate,ahad,rotate,-0.08869194984436035,-0.622951939702034,-0.6610214374959469,-0.12802070379257202,0.019093185663223267,-0.1373250149190426,0.06639090180397034,-0.483614981174469,-0.4531712792813778,-0.1255548596382141,-0.16137990355491638,0.0225998368114233,0.09173521399497986,-0.41993650794029236,-0.13712666556239128,-0.09375408291816711,-0.36974772810935974,-0.023221751675009727,0.39911631381873564,-1.1463643926562868,-0.5667065129135684,-0.030102151812929575,-0.11791243697657917,-0.6616948680444302,0.4066829381872131,0.5901143609876197,0.2552902585555935,0.348158027427824,20.075144587237457
rotate,ahad,rotate,-0.07397851347923279,-0.6608518809080124,-0.6610214374959469,-0.12902694940567017,0.01819804310798645,-0.23726920410990715,0.07345807552337646,-0.5195732116699219,-0.4531712792813778,-0.1253269612789154,-0.16325172781944275,-0.016259972006082535,0.08797603845596313,-0.42036792635917664,-0.13712666556239128,-0.09352618455886841,-0.370179146528244,-0.023617085069417953,0.4458617080341517,-1.1484830668477866,0.0,-0.030492291306003224,-0.027125531976872196,-3.028611793662448,0.44468457776826015,0.5987716938427273,1.1240762856085194,0.38821758255462474,71.77749868739495
rotate,ahad,rotate,-0.049348220229148865,-0.6802676022052765,-0.6611493835225701,-0.12923650443553925,0.018189549446105957,-0.2732802340760827,0.0916692465543747,-0.5216679573059082,-0.45329922530800104,-0.12454615533351898,-0.16326022148132324,-0.07936398033052683,0.08445297181606293,-0.42037642002105713,-0.13725461158901453,-0.09274537861347198,-0.3701876401901245,-0.031051686964929104,0.7463725227298278,-0.5883551908261941,-0.0038771523219167,-0.00635015242027524,-0.0002573836933482818,-1.0912433323083677,0.4591765594290271,0.5999265935338615,24.576444194238338,1.2685725660194729,58.718338246101766
rotate,ahad,rotate,-0.018323853611946106,-0.6900099962949753,-0.66123491153121,-0.12961991131305695,0.018161863088607788,-0.29952701553702354,0.10847251117229462,-0.526644229888916,-0.3924972377717495,-0.1251680701971054,-0.16340455412864685,-0.0848502404987812,0.08337049186229706,-0.41922882199287415,-0.1292075626552105,-0.09214068949222565,-0.3702153265476227,-0.038568947464227676,0.9401323217334319,-0.29522406332421053,-0.002591757837570116,-0.011618390227809281,-0.0008389805302475571,-0.7953570139679168,0.4694045662222701,0.6055718654378554,13.831737533708234,3.1844597174359706,8.967690498633972
rotate,ahad,rotate,0.010354682803153992,-0.7009083330631256,-0.6068887477740645,-0.12992055714130402,0.018160104751586914,-0.30487177427858114,0.11916746199131012,-0.5266459882259369,-0.35987199004739523,-0.12585751712322235,-0.16349071264266968,-0.08545978274196386,0.0842871218919754,-0.4188307225704193,-0.12335181888192892,-0.09412653744220734,-0.36873477697372437,-0.0546926399692893,0.8690465580333033,-0.33025262933787625,1.646853447186162,-0.00911047964385027,-5.328294002648354e-05,-0.16196238610779987,0.4621238585003036,0.5646607348606201,167.833202096376,2.6314519533839804,19.193941822827732
rotate,ahad,rotate,0.037376925349235535,-0.7070271968841553,-0.5728025403805077,-0.13004063069820404,0.019477546215057373,-0.30487429769709706,0.13195447623729706,-0.5267486274242401,-0.34135886700823903,-0.12692441046237946,-0.16365277767181396,-0.0983380270190537,0.08480213582515717,-0.4176029860973358,-0.11355656059458852,-0.09625519812107086,-0.3672855794429779,-0.07051486195996404,0.8188558347297568,-0.18542011578878062,1.0329153755623448,-0.003638592633334131,0.03992246859001455,-7.64672277551721e-05,0.4534881651622505,0.544905858224875,0.09113919110335511,4.416195163352068,5.055709206692035
rotate,ahad,rotate,0.07173049449920654,-0.7070275843143463,-0.5716370758400444,-0.12929591536521912,0.019477158784866333,-0.2994687077389244,0.1504039168357849,-0.5267490148544312,-0.3260748204575066,-0.12618285417556763,-0.16390982270240784,-0.09826857268672029,0.08590596914291382,-0.41663089394569397,-0.07841679125886003,-0.09580722451210022,-0.36728596687316895,-0.07904019623856584,1.041017246968835,-1.174030881939531e-05,0.03531710728676693,0.022567131302573824,-1.174030881939531e-05,0.16380575630826444,0.44642573454729584,0.5725359647924189,1771.3174478328635,81710.5190875777,5.172760486880243
rotate,ahad,rotate,0.0892128273844719,-0.7070279717445374,-0.5716958979610354,-0.12955961376428604,0.019476771354675293,-0.2883750239852816,0.16029947251081467,-0.525003969669342,-0.31508264341391623,-0.1263812705874443,-0.1639612317085266,-0.09832739480771124,0.08624204248189926,-0.4165627807378769,-0.07641232782043517,-0.09654494374990463,-0.36728635430336,-0.0862834642175585,0.529767663189839,-1.1740308819394678e-05,-0.0017824885148773084,-0.007990860577785305,-1.1740308819394678e-05,0.33617223495886106,0.43762619018322346,0.5741817374322279,627.2109013260928,41582.01113487683,5.3046745355889255
rotate,ahad,rotate,0.10669516026973724,-0.7070663273334503,-0.5705795116955414,-0.12982331216335297,0.01943841576576233,-0.28835464792791754,0.17019502818584442,-0.5194968581199646,-0.3040112681919709,-0.12657968699932098,-0.1640506088733673,-0.0983070187503472,0.0865781158208847,-0.41653263568878174,-0.0743286662036553,-0.09728266298770905,-0.36732470989227295,-0.08635613846126944,0.5297676631898676,-0.0011622905731201356,0.033829886833149914,-0.007990860577785735,-0.0011622905731201356,0.0006174562837589969,0.4375477197338515,0.5753950148458434,6.869187082254901,455.40441522614947,10.16838639917425
rotate,ahad,rotate,0.14094820618629456,-0.6925508230924606,-0.5716755219036713,-0.12949922680854797,0.01738157868385315,-0.25541530328337103,0.18654420971870422,-0.5134424865245819,-0.28846357541624457,-0.1260998547077179,-0.1667591631412506,-0.07928213255945593,0.087583988904953,-0.4182872772216797,-0.07081144081894308,-0.09761115908622742,-0.36944854259490967,-0.08635613846126944,1.037971088380541,0.43986376487848233,-0.033212430549390916,0.009820768327424177,-0.06232839642149129,0.9981619589256677,0.4233620115243598,0.573526860748922,0.15756238454505486,2.3597504761884998,30.29020306360722
rotate,ahad,rotate,0.1750609129667282,-0.6827412694692612,-0.5727715321118012,-0.12954182922840118,0.016147613525390625,-0.23143741267267615,0.20511500537395477,-0.4969789981842041,-0.2839980550343171,-0.12617091834545135,-0.1690656542778015,-0.058171761804260314,0.0886295884847641,-0.41927409172058105,-0.05850272031966597,-0.09867189824581146,-0.3712429404258728,-0.08635613846126944,1.0337183872858848,0.29725920070301876,-0.033212430549390916,-0.0012909824197942766,-0.037392883589774065,0.7266027457786445,0.4148167909527554,0.5842582805443631,0.03452389256908624,3.477486676121279,8.270543448570598
rotate,ahad,rotate,0.20785364508628845,-0.6724176108837128,-0.5727783350739628,-0.12926286458969116,0.015736818313598633,-0.19856496737338603,0.22033074498176575,-0.4725882411003113,-0.25426139519549906,-0.12574321031570435,-0.17028796672821045,-0.04531577439047396,0.0902496874332428,-0.419400155544281,-0.0542723482940346,-0.09844890236854553,-0.37220144271850586,-0.08693082467652857,0.9937191551381515,0.31283813895600027,-0.0002061503685333434,0.008453473900303377,-0.01244833975127202,0.9961347060390568,0.4048552537093248,0.5888098011146959,0.6790298979060024,3.1764540666310768,8.20785208826006
rotate,ahad,rotate,0.24137505888938904,-0.6664918959140778,-0.5682347922120243,-0.12935152649879456,0.015465497970581055,-0.19856496737338603,0.22914502024650574,-0.44582992792129517,-0.24766155169345438,-0.12579241394996643,-0.17113268375396729,-0.04531577439047396,0.09317806363105774,-0.41940388083457947,-0.053250456461682916,-0.09838959574699402,-0.37414005398750305,-0.08693082467652857,1.0158004182757916,0.17956712029197286,0.13768311702844088,-0.002686724518284696,-0.008221828576290377,0.0,0.40646440076359086,0.590104823457447,0.32673969709542183,5.656908456936163,30.18805947384173
rotate,ahad,rotate,0.2684779167175293,-0.6258800476789474,-0.557589631411247,-0.12951961159706116,0.014649301767349243,-0.19855792436283082,0.23673683404922485,-0.4204176962375641,-0.2408255300251767,-0.1262597143650055,-0.1719488799571991,-0.045308731379918754,0.09620440006256104,-0.41847971081733704,-0.05145144078414887,-0.09814748167991638,-0.37593644857406616,-0.08692378166597337,0.8212987220648694,1.2306620677312412,0.3225806303265923,-0.005093487826260734,-0.024733218279752257,0.0002134245622790255,0.4074354190800881,0.5734709515592327,0.20592879745184134,0.6673627767013067,0.5056740036658705
rotate,ahad,rotate,0.296941414475441,-0.5792621672153473,-0.5575767333502881,-0.13007085025310516,0.013680189847946167,-0.19864009571028873,0.2411009818315506,-0.39113473892211914,-0.20993998897029087,-0.12709940969944,-0.17291799187660217,-0.04539090272737667,0.0996214896440506,-0.4174494445323944,-0.04933381330920383,-0.0981491357088089,-0.37771716713905334,-0.08700595301343128,0.8625302350882001,1.4126630443514665,0.0003908503320858186,-0.01670420169830259,-0.029367027860698166,-0.0024900408320579523,0.4082561312846613,0.5687085156118411,0.5687886765000325,0.6105699642721318,0.3875822647228481
rotate,ahad,rotate,0.32462848722934723,-0.5353844165802002,-0.5526694829459302,-0.13065887987613678,0.013745814561843872,-0.2106032992596738,0.2411009818315506,-0.3687903881072998,-0.20479111623717472,-0.12764565646648407,-0.17294642329216003,-0.07559043419314548,0.10196353495121002,-0.4162030816078186,-0.041318854957353324,-0.09820352494716644,-0.3784083425998688,-0.09255086880875751,0.8390022046638391,1.3296288071256908,0.14870455770781782,-0.017819079485806837,0.0019886276938698827,-0.3625213196783413,0.4108218706180905,0.5703186270175086,8.955986861616415,0.6310043593844672,10.951388615736608
rotate,ahad,rotate,0.3457866758108139,-0.4774118661880493,-0.4858579160645604,-0.13189668953418732,0.01367330551147461,-0.22919167298823595,0.240753635764122,-0.34113427996635437,-0.135757845826447,-0.1280779391527176,-0.17302489280700684,-0.08125655073672533,0.10330383479595184,-0.4119003415107727,-0.029118231497704983,-0.09855087101459503,-0.3784957528114319,-0.10890373308211565,0.6411572297414246,1.7567439512773273,2.024592935799117,-0.0375093835772896,-0.002197243950583753,-0.5632840523806801,0.4115552240045985,0.5212492949735384,17.063339838751208,0.36496887568980346,6.114225268377168
rotate,ahad,rotate,0.3585915118455887,-0.4251394271850586,-0.2651419541798532,-0.1347946673631668,0.013013005256652832,-0.3105872473679483,0.24063004553318024,-0.31477105617523193,-0.02196093602105975,-0.12872587144374847,-0.17367404699325562,-0.12597054755315185,0.10499037802219391,-0.4069546163082123,-0.028782167937606573,-0.0986744612455368,-0.37916290760040283,-0.13525467133149505,0.3880253343871207,1.5840133031209562,6.68836248135487,-0.08781750996907692,-0.020009098630963267,-2.4665325569610195,0.4311010648732193,0.3471457488946373,4.388659525805119,0.24496327692407896,57.696866564203255
rotate,ahad,rotate,0.3585915118455887,-0.36372125148773193,-0.2185240164399147,-0.13589151203632355,0.011822134256362915,-0.4148334041237831,0.2371964007616043,-0.2900027930736542,0.0034016924910247326,-0.1297721117734909,-0.1738046109676361,-0.2098788246512413,0.10560841858386993,-0.4037057161331177,-0.028759147971868515,-0.0986744612455368,-0.3808242976665497,-0.1854126825928688,0.0,1.8611568393128586,1.4126647799980827,-0.033237717368384746,-0.036087000008783995,-3.15897444714639,0.4562786394727719,0.3187630910157894,0.9210185480019542,0.0,21.053808014608173
rotate,ahad,rotate,0.3585204929113388,-0.29900404810905457,-0.172438757494092,-0.1365792602300644,0.01273772120475769,-0.41478616185486317,0.23348979651927948,-0.26872870326042175,0.028152229264378548,-0.1303790658712387,-0.17075589299201965,-0.21879209764301777,0.10632173717021942,-0.40174391865730286,-0.02871190570294857,-0.0987255722284317,-0.3805253207683563,-0.193386884406209,-0.002152088916663002,1.9611273751114666,1.3965229983582863,-0.020840854355783506,0.027745059042266363,0.0014315839066650156,0.4528866987802339,0.3079238563726963,0.7511284512166588,0.0010973727900605596,95.79014834911638
rotate,ahad,rotate,0.358495831489563,-0.24383601546287537,-0.14998534508049488,-0.13680872321128845,0.01273772120475769,-0.41478616185486317,0.23030239343643188,-0.2556562125682831,0.028152229264378548,-0.1306392252445221,-0.1701243817806244,-0.21879209764301777,0.10645776987075806,-0.4012050926685333,-0.02871190570294857,-0.09874430298805237,-0.3802335858345032,-0.19956930167973042,-0.0007473158113884323,1.67175856503576,0.6804064367756808,-0.006953423673456477,0.0,0.0,0.4496594768785806,0.32092905456437604,6953.4236734564765,0.00044702349968157455,0.941199859769661
rotate,ahad,rotate,0.3475678116083145,-0.18220797181129456,-0.14998534508049488,-0.1361132711172104,0.01273772120475769,-0.41478616185486317,0.21047385036945343,-0.23830363154411316,0.028152229264378548,-0.13005076348781586,-0.1701243817806244,-0.21879209764301777,0.10732050240039825,-0.4012050926685333,-0.08436092175543308,-0.09754092991352081,-0.3802335858345032,-0.2048900593072176,-0.3311521176135776,1.8675164742902568,0.0,0.021074305881152656,0.0,0.0,0.4471807772330678,0.33163997566962744,21074.305881152657,0.17732209854659098,0.8493251380184264
rotate,ahad,rotate,0.3290696293115616,-0.1434037983417511,-0.14998534508049488,-0.13623552024364471,0.017261236906051636,-0.4022159893065691,0.18242837488651276,-0.2254951298236847,0.028152229264378548,-0.13005076348781586,-0.16560086607933044,-0.21879209764301777,0.10732413828372955,-0.3966815769672394,-0.09364019520580769,-0.09643377363681793,-0.37571007013320923,-0.2048900593072176,-0.5605509786894917,1.1758840445316388,0.0,-0.003704518982858428,0.13707623337254599,0.38091431964528083,0.4415293306669536,0.3413143299819642,0.02702504924935532,0.47670559405129787,12.290469884421425
rotate,ahad,rotate,0.30693623423576355,-0.09333226084709167,-0.15000082179903984,-0.1362634003162384,0.019262105226516724,-0.378812562674284,0.17340818047523499,-0.207501620054245,0.018111154437065125,-0.13007864356040955,-0.16359999775886536,-0.19258398935198784,0.10729625821113586,-0.3946807086467743,-0.1053403951227665,-0.09526535868644714,-0.37370920181274414,-0.20490553602576256,-0.6707089416908603,1.5173193180200066,-0.0004689914710594021,-0.0008448506846572548,0.060632373347427874,0.7091947464328937,0.4316838443714945,0.3642273475856786,0.01393375690671669,0.4420351680033435,10.214408522289341
rotate,ahad,rotate,0.2705831676721573,-0.059395790100097656,-0.14999657683074474,-0.1364813894033432,0.022509515285491943,-0.364210007712245,0.16457881033420563,-0.19856995344161987,0.011453882791101933,-0.13029663264751434,-0.16090762615203857,-0.18214390985667706,0.10707826912403107,-0.39147841930389404,-0.1196983065456152,-0.09390087425708771,-0.3717072010040283,-0.20413009636104107,-1.1016080776849966,1.0283779014240222,0.00012863540288173304,-0.0066057299122663365,0.09840636542348778,0.44250166551631637,0.42760437052305944,0.37139023903491314,0.06712637701293125,1.071208361197971,8.164136990319397
rotate,ahad,rotate,0.24463669955730438,-0.030952125787734985,-0.14414172898977995,-0.13712449371814728,0.025471240282058716,-0.3162408275529742,0.1561966985464096,-0.18878009915351868,0.011083684861660004,-0.13033662736415863,-0.15841230750083923,-0.16454119514673948,0.10643152892589569,-0.38851669430732727,-0.1213963283225894,-0.09358237683773041,-0.36992186307907104,-0.19956427346915007,-0.7862566095410096,0.8619292215867613,0.17741963154439053,-0.0194880095395178,0.08974924232020666,1.4536115199779251,0.41454196458362147,0.38401880566109003,0.21713601028495724,0.9122044799561139,30.64330222506067
rotate,ahad,rotate,0.22094827890396118,-0.015614718198776245,-0.14207105338573456,-0.13699933886528015,0.025786548852920532,-0.2615736871957779,0.14888179302215576,-0.18636885285377502,0.009243618696928024,-0.13030073046684265,-0.15840646624565125,-0.1202249675989151,0.10605448484420776,-0.38820478320121765,-0.1218731701374054,-0.09353247284889221,-0.37084004282951355,-0.18176491558551788,-0.7178309288891993,0.46476992693815106,0.06274774557713406,0.0037925712990038926,0.009554805177630953,1.6565800108241577,0.40690473294967894,0.3904252744632213,0.3968866284425585,1.5444832868918326,6.65076212132739
rotate,ahad,rotate,0.20519757270812988,-0.000351637601852417,-0.14205121668055654,-0.13580816984176636,0.02717837691307068,-0.26155385049059987,0.14264029264450073,-0.1840774118900299,0.004222264513373375,-0.1303727924823761,-0.15807589888572693,-0.12020513089373708,0.10563445091247559,-0.3878536522388458,-0.12538876803591847,-0.09360551834106445,-0.37222084403038025,-0.18174507888033986,-0.4772941271464106,0.46251759384618396,0.0006011122781219,0.03609603101557009,0.04217660788333844,0.0006011122781219,0.40947556888032266,0.40043509307284764,0.8558102943014276,1.031945814712782,50.200459573288605
rotate,ahad,rotate,0.19002586603164673,0.0037034451961517334,-0.14201745460741222,-0.13559496402740479,0.02845492959022522,-0.26152008841745555,0.13793760538101196,-0.18264397978782654,0.0015227574622258544,-0.13122183084487915,-0.15770265460014343,-0.12017136882059276,0.10433965921401978,-0.38743504881858826,-0.13684542546980083,-0.09457635879516602,-0.37331801652908325,-0.18171131680719554,-0.45974868716613876,0.12288129690921203,0.001023093125585315,0.006460782253380733,0.03868341445922705,0.001023093125585315,0.4116715514029669,0.40044749646403366,0.16701253834901203,3.7413744593805123,0.9043454107667567
rotate,ahad,rotate,0.1778309941291809,0.010789871215820312,-0.14201745460741222,-0.13545158505439758,0.02875572443008423,-0.26152008841745555,0.13405418395996094,-0.1781536340713501,0.0014150561764836311,-0.13161802291870117,-0.1579766869544983,-0.12017136882059276,0.10384619235992432,-0.3868536949157715,-0.13684542546980083,-0.09492313861846924,-0.37449976801872253,-0.18171131680719554,-0.36954157280200045,0.21474018241420278,0.0,0.00434481736385468,0.009114995147242835,0.0,0.4130701964395134,0.40450081145046685,0.47661470784885024,1.720869600546445,0.8988388834741549
rotate,ahad,rotate,0.17020918428897858,0.011199712753295898,-0.17283308575861156,-0.13521210849285126,0.02919185161590576,-0.27923193643800914,0.13187171518802643,-0.17759346961975098,-0.03492581541649997,-0.1318681687116623,-0.15762078762054443,-0.1497050381731242,0.10355217754840851,-0.3861851096153259,-0.16961856256239116,-0.09503026306629181,-0.3746814727783203,-0.219308853847906,-0.23096393455158948,0.012419440529563407,-0.9338070045818131,0.007256865501403924,0.013215975327925459,-0.5367226672895112,0.41026700901513885,0.4029493600391153,0.549056446074411,18.595470426499286,16.26503739201962
idle,ahad,rotate,0.17015142738819122,0.011137604713439941,-0.17283308575861156,-0.13507960736751556,0.029147982597351074,-0.2966369695495814,0.13181395828723907,-0.1776059865951538,-0.03692498127929866,-0.13192079961299896,-0.15777486562728882,-0.16246855328790843,0.10349442064762115,-0.3858507573604584,-0.16961856256239116,-0.09491245448589325,-0.3749954402446747,-0.22611759672872722,-0.001750209114768222,-0.0018820618138168084,0.0,0.00401518561623298,-0.0013293641986268435,-0.5274252458052002,0.41221146070934356,0.40255838002593863,3.0181100937452445,0.9294485724930585,0.5322625586047551
idle,ahad,rotate,0.17015142738819122,0.011052608489990234,-0.17284055845811963,-0.13505606353282928,0.029062986373901367,-0.2966444422490895,0.13181395828723907,-0.17752593755722046,-0.036932453978806734,-0.13192079961299896,-0.15791821479797363,-0.1624760259874165,0.10349442064762115,-0.3852841258049011,-0.16962603526189923,-0.09488226473331451,-0.3750879168510437,-0.2261250694282353,0.0,-0.002575643134839648,-0.0002264454396385171,0.0007134495359478689,-0.002575643134839648,-0.0002264454396385171,0.4122194423248004,0.40191578304233183,0.2768910938038258,0.0,15.976079162258152
idle,ahad,rotate,0.17015142738819122,0.010896414518356323,-0.17284561158157885,-0.13501788675785065,0.028939872980117798,-0.2966494953725487,0.13181395828723907,-0.17764905095100403,-0.036937507102265954,-0.13192079961299896,-0.15806129574775696,-0.16248107911087573,0.10350014269351959,-0.3849857449531555,-0.16963108838535845,-0.0948265939950943,-0.37521791458129883,-0.2261301225516945,0.0,-0.00473315065557314,-0.00015312495330969736,0.0011568719690496455,-0.0037307089025324634,-0.00015312495330969736,0.41222789716797115,0.40146657531936175,0.31001131097459217,0.0,0.037558357109798844
idle,ahad,rotate,0.17120251059532166,0.009303241968154907,-0.16802709945477545,-0.13495385646820068,0.028418809175491333,-0.29664930352009833,0.1326497495174408,-0.17831692099571228,-0.03493814938701689,-0.13185980916023254,-0.15883061289787292,-0.16248088725842535,0.10358408093452454,-0.3851863741874695,-0.16889561363495886,-0.09468674659729004,-0.3757280111312866,-0.22612993069924414,0.03185100627668027,-0.04827795606671034,0.1460155189940447,0.0019403118075746787,-0.015789812261408277,5.813710617296716e-06,0.4122245437191746,0.4002437552308408,0.12287599747586608,0.6597285623299218,0.3662294078235116
idle,ahad,rotate,0.17296470701694489,0.006645232439041138,-0.1550695332698524,-0.1348450928926468,0.02813306450843811,-0.28326069144532084,0.13365431129932404,-0.17857185006141663,-0.031985178124159575,-0.13185809552669525,-0.1593063771724701,-0.15758659271523356,0.10378409922122955,-0.3850042521953583,-0.1617412748746574,-0.09449701011180878,-0.3760014474391937,-0.20776790706440806,0.053399891564338275,-0.0805457433064748,0.39265352075522914,0.003295865925875452,-0.008658929304642782,0.40571551741748413,0.4131002687300299,0.39776850987152884,0.38058808679979234,0.6629677299447772,12.296200922121542
idle,ahad,rotate,0.17466066777706146,0.005261212587356567,-0.13962099887430668,-0.13470585644245148,0.028030484914779663,-0.2715810928493738,0.13459043204784393,-0.17875197529792786,-0.01841103844344616,-0.13180528581142426,-0.15992280840873718,-0.14580764807760715,0.10406158864498138,-0.38482800126075745,-0.1467821840196848,-0.0941966325044632,-0.37607496976852417,-0.1924369726330042,0.05139275030656376,-0.04193999550559371,0.46813740592563535,0.004219286369554992,-0.003108472535104512,0.3539272301802186,0.413770476827046,0.39649099271941063,1.356913856585383,1.225358379958088,1.5785775962547879
idle,ahad,rotate,0.17553049325942993,0.00434836745262146,-0.13257116312161088,-0.13453257083892822,0.027729958295822144,-0.2708581262268126,0.13525891304016113,-0.17939284443855286,-0.0056107440032064915,-0.1317472755908966,-0.16067543625831604,-0.14095410937443376,0.10427439212799072,-0.3847680985927582,-0.1366444700397551,-0.09390541911125183,-0.3761448860168457,-0.18840031558647752,0.026358347950560093,-0.027661973779852182,0.21363138644533064,0.005251078894644156,-0.009106867241137101,0.02190807947155236,0.41420374921248926,0.39560794724745907,0.5765431967351083,0.9528385545359447,10.062876787014952
idle,ahad,rotate,0.17557266354560852,0.0031188130378723145,-0.13188403053209186,-0.1344820261001587,0.02756202220916748,-0.2597976098768413,0.13564333319664001,-0.1799309253692627,-0.0002750788361254308,-0.13172712922096252,-0.1613062620162964,-0.1314401845447719,0.10435721278190613,-0.38461998105049133,-0.12659656209871173,-0.09367009997367859,-0.3761042058467865,-0.1789947967045009,0.00127788745995719,-0.037259224689366634,0.020822199682393874,0.0015316587505917981,-0.0050889723228683854,0.33516716212032954,0.4136920734116607,0.3942600286498871,0.3009169114162594,0.034296289692581354,9.494149299236215
idle,ahad,rotate,0.17557266354560852,0.0032667219638824463,-0.12905444437637925,-0.1344820261001587,0.02743437886238098,-0.2598020457662642,0.13591471314430237,-0.1800735890865326,0.000595344346947968,-0.13175395131111145,-0.16150733828544617,-0.1314446204341948,0.10439881682395935,-0.3844476044178009,-0.12660099798813462,-0.09356111288070679,-0.3759899437427521,-0.1789992325939238,0.0,0.004482088666973763,0.08574503502159544,0.0,-0.003867980205651547,-0.00013442089160283622,0.41346680619451004,0.39420062752098617,0.0,0.0,10.160827405454905
idle,ahad,rotate,0.17557266354560852,0.0032675862312316895,-0.12905236054211855,-0.1344820261001587,0.027405977249145508,-0.2597999619320035,0.13608261942863464,-0.18040478229522705,0.0005974281812086701,-0.1317555010318756,-0.1615949273109436,-0.1314425365999341,0.10466232895851135,-0.3844306170940399,-0.12659891415387392,-0.09344598650932312,-0.37599480152130127,-0.1789971487596631,0.0,2.618991967403569e-05,6.31464927485505e-05,0.0,-0.0008606549465295177,6.31464927485505e-05,0.41345524482641133,0.3941372753395417,0.0,0.0,0.0913275122590158
idle,ahad,rotate,0.17437238991260529,0.003505021333694458,-0.1290469910018146,-0.13448239862918854,0.027640491724014282,-0.25979459239169955,0.13620223104953766,-0.18037793040275574,0.0006027977215126157,-0.13216088712215424,-0.16142556071281433,-0.13143716705963016,0.10470809042453766,-0.38418394327163696,-0.12659354461356997,-0.09344635903835297,-0.3758631646633148,-0.17899177921935916,-0.03637192827282392,0.0071950031049321074,0.0001627133425437981,-1.128875848018719e-05,0.00710649923844744,0.0001627133425437981,0.41355562126491346,0.3939059117341311,0.0015882883840664475,5.054462559624907,0.24144800937521824
idle,ahad,rotate,0.17345068603754044,0.0025781840085983276,-0.12856473517604172,-0.13450413197278976,0.027713611721992493,-0.2621477630455047,0.13623908907175064,-0.180459126830101,0.0010296249529346824,-0.13225752860307693,-0.16142888367176056,-0.13236166653223336,0.10474336892366409,-0.38407541811466217,-0.12467104685492814,-0.09343791753053665,-0.3758296072483063,-0.1806745093781501,-0.027930420456511045,-0.028085979548368036,0.014613812902208763,-0.0006585861697341562,0.002215757514491261,-0.07130820163045982,0.4137287210342941,0.3927300144738385,0.2970943666273303,0.9944259192560245,2.1709387921651317
idle,ahad,rotate,0.17252898216247559,0.0038818717002868652,-0.12456160318106413,-0.134525865316391,0.027786731719970703,-0.2645009336993098,0.13627594709396362,-0.1805403232574463,0.001456452184356749,-0.13235417008399963,-0.1614322066307068,-0.13526524882763624,0.10477864742279053,-0.3839668929576874,-0.127002346329391,-0.09342947602272034,-0.37579604983329773,-0.18466140609234571,-0.027930420456511045,0.03950568762692601,0.1213070301508381,-0.0006585861697341562,0.002215757514491261,-0.07130820163045982,0.41345172021380355,0.39372925892187915,0.2970943666273303,0.7069795554683482,0.0
idle,ahad,rotate,0.1717681735754013,0.0047177523374557495,-0.12892299820668995,-0.13455812633037567,0.02787567675113678,-0.2665288404095918,0.13631241023540497,-0.18053387105464935,-0.0023568798205815256,-0.13241207599639893,-0.16149874031543732,-0.1371202722657472,0.10478179156780243,-0.38386742770671844,-0.13141190563328564,-0.09344092011451721,-0.37578146159648895,-0.18702952121384442,-0.023054805668917936,0.02532971627784538,-0.1321634856250271,-0.0009776064843842634,0.0026953039747296386,-0.06145171849339395,0.41346082249540766,0.3943245011213599,0.36257280096999783,0.9101521416148034,0.2991908257776729
