ground_truth,person_id,video_label,left_wrist_x,left_wrist_y,left_wrist_z,right_wrist_x,right_wrist_y,right_wrist_z,left_elbow_x,left_elbow_y,left_elbow_z,right_elbow_x,right_elbow_y,right_elbow_z,left_shoulder_x,left_shoulder_y,left_shoulder_z,right_shoulder_x,right_shoulder_y,right_shoulder_z,left_wrist_x_vel,left_wrist_y_vel,left_wrist_z_vel,right_wrist_x_vel,right_wrist_y_vel,right_wrist_z_vel,right_arm_len,left_arm_len,right_horiz_ratio,left_horiz_ratio,right_wrist_acc
idle,ahad,swipe_left,0.09094783663749695,0.014220893383026123,-0.29977453825995326,-0.2271067500114441,-0.09019392728805542,-0.2993190693669021,0.08361557126045227,-0.16854876279830933,-0.15272463439032435,-0.13447681069374084,-0.21703177690505981,-0.15947262523695827,0.07131674885749817,-0.3717716932296753,-0.2184562194161117,-0.06954887509346008,-0.3829289376735687,-0.20518189249560237,0.003573117834148982,0.002716526840672346,-0.07096817716956132,-0.34502193783268753,-0.6466417601614282,0.0009168306309165369,0.34551422304063845,0.394953573862775,0.5335588041634551,1.314841782120155,0.0
idle,ahad,swipe_left,0.09062787890434265,0.01386725902557373,-0.31083309440873563,-0.23661532998085022,-0.11251842975616455,-0.29930105595849454,0.08312442898750305,-0.1680050492286682,-0.16066142707131803,-0.13979050517082214,-0.22905641794204712,-0.1594546118285507,0.07082238793373108,-0.3711860179901123,-0.2244328537490219,-0.07029411196708679,-0.38380956649780273,-0.2051638790871948,-0.009695688883463532,-0.010716192650072493,-0.33510776208431403,-0.2881387869517006,-0.6765000747911852,0.0005458608608354217,0.33184851439391805,0.3951243920579468,0.4259250985530807,0.9046855086063932,1.9468015315298897
idle,ahad,swipe_left,0.0905987024307251,0.014184623956680298,-0.3182014559279196,-0.2484823763370514,-0.1301058828830719,-0.29249102220637724,0.08282506465911865,-0.16751042008399963,-0.17207421705825254,-0.14665424823760986,-0.2387094795703888,-0.1567549590836279,0.07039988040924072,-0.3706725835800171,-0.22812401101691648,-0.07142314314842224,-0.3849157989025116,-0.2034560774336569,-0.0008841355641682965,0.00961711912444146,-0.2232836823995146,-0.35960746533943033,-0.5329531250577998,0.20636465915507038,0.3228084366150622,0.3957739363395409,0.6747437507879881,0.0919239565167727,7.906412904303922
idle,ahad,swipe_left,0.09076015651226044,0.01418912410736084,-0.318202615249902,-0.25918568670749664,-0.15202194452285767,-0.26512104319408536,0.08286075294017792,-0.1674986481666565,-0.17513130651786923,-0.1559707075357437,-0.24732309579849243,-0.1379696880467236,0.070254847407341,-0.37046903371810913,-0.2281251703388989,-0.072750523686409,-0.38585662841796875,-0.19493639515712857,0.004892547925313309,0.0001363682024406663,-3.513096916404634e-05,-0.32434273849834067,-0.6641230799935075,0.8293933034027835,0.30718498372006653,0.39559614781348323,0.4883767179493197,35.616305945522996,19.323115224849126
idle,ahad,swipe_left,0.09061776101589203,0.014136523008346558,-0.31820632133167237,-0.27216385304927826,-0.1759837567806244,-0.2579548171488568,0.08282087743282318,-0.16745057702064514,-0.1751350125996396,-0.16220228374004364,-0.2585505545139313,-0.13715186330955476,0.06984148919582367,-0.3702632784843445,-0.22812887642066926,-0.07382254302501678,-0.38686901330947876,-0.19273580226581544,-0.0043150150414669255,-0.0015939726974024957,-0.00011230550819274178,-0.39327776793277724,-0.7261155229626298,0.217158365006926,0.2967581280869916,0.3953590860724671,0.5416179848492686,2.7053848937315195,18.76407879296411
idle,ahad,swipe_left,0.09032449126243591,0.014147758483886719,-0.319553860463202,-0.2818964123725891,-0.1971011757850647,-0.2572885835543275,0.0827426016330719,-0.16657257080078125,-0.1784793520346284,-0.1699604094028473,-0.2684231996536255,-0.13689167145639658,0.06936243176460266,-0.3699450194835663,-0.22813742700964212,-0.0746309757232666,-0.3881846070289612,-0.19150149170309305,-0.008886962225942863,0.0003404689557624571,-0.04083451913726132,-0.2949260401003276,-0.63992178801334,0.020188896803919026,0.28948191718934363,0.39537783742960986,0.4608775396418286,26.02568132760238,7.164561399814328
idle,ahad,swipe_left,0.09025274217128754,0.01407092809677124,-0.3195522539317608,-0.29108570516109467,-0.22028875350952148,-0.25498829409480095,0.08281128108501434,-0.1657676100730896,-0.17868345603346825,-0.17510007321834564,-0.28078651428222656,-0.13270429894328117,0.06910042464733124,-0.3695950210094452,-0.2241738997399807,-0.07501359283924103,-0.38934481143951416,-0.17948183044791222,-0.0021742148832841405,-0.0023281935489539002,4.8682770945809226e-05,-0.2784634178335023,-0.7026538704380862,0.06970574119777408,0.28454935336161935,0.39590909498083116,0.39630183970672245,0.9334625215069119,2.47266970669226
idle,ahad,swipe_left,0.09022651612758636,0.014053195714950562,-0.3254727323073894,-0.29724641144275665,-0.24298813939094543,-0.2549793024081737,0.08295194804668427,-0.16517063975334167,-0.18105371785350144,-0.18058626353740692,-0.29760679602622986,-0.1326953072566539,0.06892763078212738,-0.36940741539001465,-0.2200976510066539,-0.07531990110874176,-0.39015641808509827,-0.17283255350776017,-0.0007947285970052049,-0.0005373449036569283,-0.17940843562510805,-0.18668806914127156,-0.6878601782249653,0.0002724753523414774,0.27867179010036347,0.3982456409618177,0.2714037004138285,1.4762443028747654,3.51600647424627
idle,ahad,swipe_left,0.09015613794326782,0.014063209295272827,-0.3301001468207687,-0.3050512820482254,-0.2656988203525543,-0.2532471695449203,0.08339095115661621,-0.16441497206687927,-0.18105736165307462,-0.18766137957572937,-0.31252649426460266,-0.1279202678706497,0.06883805990219116,-0.3693690896034241,-0.21980124502442777,-0.07568657398223877,-0.39142534136772156,-0.17158402292989194,-0.00213267225207705,0.00030344182794744395,-0.14022468222361656,-0.23651123046875058,-0.6882024533820892,0.05248887464404119,0.2740149574527642,0.3995505425194464,0.3436646958198857,7.00518804020982,2.1870763474185106
idle,ahad,swipe_left,0.0900578498840332,0.014132201671600342,-0.33009650302119553,-0.30514957010746,-0.2980329990386963,-0.23785077524371445,0.08344745635986328,-0.16396403312683105,-0.17867446434684098,-0.187759667634964,-0.3276718258857727,-0.12697463226504624,0.06873977184295654,-0.36929184198379517,-0.21812841785140336,-0.07593443989753723,-0.39330047369003296,-0.17005716753192246,-0.0029784260374127085,0.002090678070530752,0.00011041816888433542,-0.0029784260374127085,-0.979823596549759,0.4665574030668458,0.25731583878606323,0.40000663719619695,0.00303975430694493,1.4239409397531948,16.900106446549227
idle,ahad,swipe_left,0.08998650312423706,0.014422744512557983,-0.33009650302119553,-0.30522091686725616,-0.3227982819080353,-0.23785077524371445,0.08359915018081665,-0.1639316976070404,-0.17321376991458237,-0.18783101439476013,-0.3390483856201172,-0.12134732049889863,0.06853187084197998,-0.3692513704299927,-0.21181330573745072,-0.07600578665733337,-0.39546510577201843,-0.16749752056784928,-0.0021620230241255235,0.00880432851386789,0.0,-0.0021620230241255235,-0.7504631172526934,0.0,0.2505386669780099,0.4020659678249102,0.0028809145892814687,0.2455357594802353,15.754157739251568
idle,ahad,swipe_left,0.08993640542030334,0.014945805072784424,-0.330107101239264,-0.3052710145711899,-0.3433898687362671,-0.2532541239634156,0.08354905247688293,-0.1637541651725769,-0.16550126019865274,-0.18788111209869385,-0.3509581983089447,-0.127927222289145,0.06818702816963196,-0.36899229884147644,-0.18505623284727335,-0.07605588436126709,-0.39802995324134827,-0.1412868583574891,-0.0015181122404156347,0.01585032000686187,-0.0003211581232872884,-0.0015181122404156347,-0.6239874796433897,-0.46676814302124875,0.2608865334185388,0.41100031322292246,0.002432917096936209,0.09577197607255798,14.654546735007695
idle,ahad,swipe_left,0.08984267711639404,0.015412747859954834,-0.3076841678703204,-0.2991780787706375,-0.37747982144355774,-0.2549489882076159,0.08353161811828613,-0.1632872223854065,-0.14420010114554316,-0.1848379373550415,-0.3628043532371521,-0.13266499305609614,0.06765341758728027,-0.3685009777545929,-0.17272560263518244,-0.07607331871986389,-0.39955273270606995,-0.1382209655130282,-0.0028402516336152117,0.014149781429406403,0.6794828293619299,0.18463441819855708,-1.033028869917901,-0.051359522551524046,0.2527615054772071,0.40754867964946173,0.1787309579085363,0.2007134127386741,18.54515610541954
idle,ahad,swipe_left,0.08979010581970215,0.016979366540908813,-0.23928692168556154,-0.2912518084049225,-0.40003812313079834,-0.26727440184913576,0.08353161811828613,-0.16186824440956116,-0.09771996713243425,-0.18264654278755188,-0.3738917410373688,-0.13401304907165468,0.06725221872329712,-0.3669343590736389,-0.13754058605991304,-0.0760330855846405,-0.3998660147190094,-0.1261605096515268,-0.00159306959672407,0.0474732933622416,2.0726438237805622,0.24019001108227253,-0.6835848996133487,-0.3734973830763573,0.2573562877507701,0.39780651312322635,0.35136770845936016,0.0335564678039233,14.500255324258022
idle,ahad,swipe_left,0.08965235948562622,0.017536550760269165,-0.15217311261221766,-0.2648076117038727,-0.4183821380138397,-0.6032788562588394,0.08316701650619507,-0.1626933515071869,-0.05022549582645297,-0.17092472314834595,-0.3776581883430481,-0.2664018082432449,0.06716936826705933,-0.36637717485427856,-0.08545694826170802,-0.07403728365898132,-0.39931610226631165,-0.12339122174307704,-0.004174131335634184,0.01688437028364706,2.639812396161942,0.8013392939712082,-0.5558792388800432,-10.181953163930437,0.5167678139576954,0.3903156161301013,1.4415682334484534,0.247204015400047,297.7371068750446
swipe_left,ahad,swipe_left,0.0895581841468811,0.018145620822906494,-0.0640596728771925,-0.2346440553665161,-0.429749995470047,-0.7882677670568228,0.08297508955001831,-0.16344130039215088,-0.00727443490177393,-0.15106412768363953,-0.37693217396736145,-0.36484438739717007,0.06702178716659546,-0.3656511604785919,-0.06673495285212994,-0.07087036967277527,-0.39914265275001526,-0.12086515687406063,-0.002853798143791437,0.018456668564767593,2.670104234394709,0.9140471617380801,-0.3444805289759789,-5.605724569635875,0.6878843461170328,0.3844671840992252,2.653399630613628,0.15461314270421075,138.86348551049005
swipe_left,ahad,swipe_left,0.08953370153903961,0.018363147974014282,-0.0572277856990695,-0.20663361251354218,-0.4413088262081146,-0.8350507682189345,0.08263309299945831,-0.1640981137752533,0.003698111744597554,-0.13647110760211945,-0.37640970945358276,-0.40290782507508993,0.06710107624530792,-0.3651597499847412,-0.06251551117748022,-0.06933705508708954,-0.39916181564331055,-0.11929377820342779,-0.0007418972073179271,0.006591731851751126,0.2070268841855445,0.8488012985749642,-0.3502675981232599,-1.4176667018821685,0.7300238242254584,0.3842147784468812,2.423286880761918,0.11253259255810143,126.92636570397744
swipe_left,ahad,swipe_left,0.08945433795452118,0.018851041793823242,-0.04718509968370199,-0.17334024608135223,-0.4435967206954956,-0.8350280364975333,0.08226482570171356,-0.16378456354141235,0.006852523423731327,-0.11746273934841156,-0.37550291419029236,-0.4195372899994254,0.06722961366176605,-0.3642541766166687,-0.048068041913211346,-0.06694583594799042,-0.39887797832489014,-0.11882494296878576,-0.0024049571066191763,0.014784661206332157,0.304323818647501,1.0088898918845461,-0.06933013598124203,0.0006888400424610502,0.7254422152087528,0.38375034375257616,14.551757700285014,0.16265468774499048,44.083219767396386
swipe_left,ahad,swipe_left,0.08898375928401947,0.019081205129623413,-0.043850901536643505,-0.14118655025959015,-0.4431520998477936,-0.8350417455658317,0.08149246871471405,-0.1635747253894806,0.009615560993552208,-0.10405157506465912,-0.3718276023864746,-0.41955099906772375,0.06674890220165253,-0.36316925287246704,-0.03866662364453077,-0.0646931380033493,-0.3985074758529663,-0.1188386520370841,-0.01425995971217294,0.006974646539399089,0.10103630748662039,0.9743544188412712,0.01347335902127347,-0.0004154263120709026,0.7216586836936077,0.3829316887508056,72.31174539011091,2.0442491791450994,2.7188991126707154
swipe_left,ahad,swipe_left,0.0879318118095398,0.019159823656082153,-0.04347184766083956,-0.11707505583763123,-0.4422157108783722,-0.8350536385551095,0.08060884475708008,-0.16394522786140442,0.01553626824170351,-0.10294711589813232,-0.36839359998703003,-0.4339683512225747,0.06484729051589966,-0.36234086751937866,-0.017891322262585163,-0.06448206305503845,-0.3985059857368469,-0.11929664853960276,-0.031877196196353874,0.002382379589658801,0.011486481084968133,0.7306513461199692,0.028375423315799668,-0.00036039361447999063,0.7190164335519986,0.38305356775568816,25.748535606076572,13.374787773909459,7.398735541004996
swipe_left,ahad,swipe_left,0.08739690482616425,0.018902957439422607,-0.043871975503861904,-0.0987360030412674,-0.44185709953308105,-0.8162490306422114,0.07970534265041351,-0.16544723510742188,0.015527087263762951,-0.09798966348171234,-0.36753714084625244,-0.43397753220051527,0.06339047849178314,-0.36234885454177856,-0.016194340772926807,-0.06400822103023529,-0.3998272716999054,-0.11930582951754332,-0.016209302526531837,-0.0077838247472589855,-0.012125086152192347,0.5557288726170871,0.010867010463367835,0.5698366034211548,0.6990724932830584,0.3830082298183634,51.13437040663973,2.0821666579249696,18.081263142992242
swipe_left,ahad,swipe_left,0.08688251674175262,0.01978844404220581,-0.047224629670381546,-0.07280294597148895,-0.44030463695526123,-0.7366725169122219,0.07928429543972015,-0.16557514667510986,0.012863925658166409,-0.09606938064098358,-0.3601890206336975,-0.43022966012358665,0.06288968026638031,-0.36179599165916443,-0.016199087724089622,-0.06360088288784027,-0.4004088044166565,-0.11931057646870613,-0.015587517709442998,0.026832927357066647,-0.10159558080362507,0.785850214235707,0.04704432053999447,2.4114095069693695,0.6187181272010114,0.3835947367010244,16.704110105225766,0.5808884216621413,56.24992920077746
swipe_left,ahad,swipe_left,0.08644051849842072,0.020085632801055908,-0.0512870829552412,-0.056954607367515564,-0.44000744819641113,-0.731347544118762,0.07938189804553986,-0.16536301374435425,0.012810354121029377,-0.09323947131633759,-0.3581458628177643,-0.4302832316607237,0.06206794083118439,-0.36294740438461304,-0.016252659261226654,-0.06528158485889435,-0.4010002613067627,-0.1327743511646986,-0.013393886161573039,0.009005719965154497,-0.1231046449957475,0.48025268496889173,0.009005719965154497,0.16136281192302743,0.5999006305267635,0.3854033484044933,53.32159618894666,1.4870992118542332,68.8188884510421
swipe_left,ahad,swipe_left,0.08563016355037689,0.020558565855026245,-0.0512870829552412,-0.017803147435188293,-0.43351444602012634,-0.6829452347010374,0.07921098172664642,-0.1649024784564972,0.012810354121029377,-0.08960963785648346,-0.3575681149959564,-0.404632730409503,0.06199906766414642,-0.3635806739330292,-0.016252659261226654,-0.06580667197704315,-0.40120193362236023,-0.1390796434134245,-0.024556210546782583,0.01433130466576782,0.0,1.186407876737193,0.19675764170560017,1.4667366490219615,0.5469352961845863,0.38645671825095895,6.029762486937443,1.713346954271366,45.33222727504373
swipe_left,ahad,swipe_left,0.08507882058620453,0.021339446306228638,-0.062085894867777824,0.015847429633140564,-0.42929187417030334,-0.6148976515978575,0.07829473912715912,-0.16757044196128845,0.0027770029846578836,-0.08543087542057037,-0.3561369776725769,-0.4040773641318083,0.060995325446128845,-0.3751627206802368,-0.025792762637138367,-0.06618015468120575,-0.4013722240924835,-0.14178050868213177,-0.016707362550677604,0.023663043975829978,-0.32723672462232045,1.0197144566160217,0.1279567227219085,2.0620479728236254,0.48098634322572437,0.39888742097267954,7.969151333149113,0.7060231365248559,18.849260312684294
swipe_left,ahad,swipe_left,0.08490060269832611,0.021363168954849243,-0.06245123781263828,0.032160982489585876,-0.42145025730133057,-0.6091120075434446,0.07811729609966278,-0.16757044196128845,0.0021109995432198048,-0.07919453084468842,-0.35519489645957947,-0.4040773641318083,0.06038926541805267,-0.3751627206802368,-0.02639106474816799,-0.06647668778896332,-0.4019443690776825,-0.14251754991710186,-0.00540054205692177,0.0007188681400183493,-0.011070998329104827,0.4943500865589501,0.2376247536052363,0.17532254710341988,0.47730520378578967,0.39891593461229813,2.0803725145894987,7.5021267878088205,59.44159830595553
swipe_left,ahad,swipe_left,0.0842457264661789,0.022684574127197266,-0.06718424614518881,0.045050665736198425,-0.4081404209136963,-0.6040930962190032,0.07786302268505096,-0.16793400049209595,-0.012067810632288456,-0.07197560369968414,-0.3546202778816223,-0.40370660182088614,0.06009386479854584,-0.3755262792110443,-0.028485055081546307,-0.06758727133274078,-0.40230792760849,-0.14795688446611166,-0.019844734307491334,0.04004258098024294,-0.1434244949257729,0.3905964620185604,0.40332837538285515,0.15208822195277005,0.46987399004156455,0.40081519872300664,0.9684304835168325,0.49557841286178944,5.966107114804474
swipe_left,ahad,swipe_left,0.08266399800777435,0.023189187049865723,-0.06943548005074263,0.06147889792919159,-0.38917937874794006,-0.5874732984229922,0.07723723351955414,-0.16793400049209595,-0.014448744244873524,-0.060368672013282776,-0.3515050709247589,-0.4027698887512088,0.059181854128837585,-0.3755262792110443,-0.02912426833063364,-0.06924669444561005,-0.40230792760849,-0.14795903395861387,-0.04793116540619833,0.015291300686922978,-0.06821920925920677,0.49782521796949103,0.5745770353259476,0.5036302362427579,0.4587312153806302,0.40143545920502516,0.8664188106095699,3.13433317768765,12.286968820551353
swipe_left,ahad,swipe_left,0.08184799551963806,0.022698253393173218,-0.07201237045228481,0.06715753674507141,-0.36772620677948,-0.5553981568664312,0.07713177800178528,-0.16675695776939392,-0.018854588270187378,-0.054699599742889404,-0.3410312235355377,-0.3952593710273504,0.05890741944313049,-0.3760172128677368,-0.029927819967269897,-0.07019919157028198,-0.4027988612651825,-0.14835233055055141,-0.02472734812534223,-0.014876777475530487,-0.07808758792552101,0.1720799641175708,0.6500961202563678,0.9719739865624567,0.431025830580197,0.4015861083950772,0.26469885614892513,1.6620323946914353,17.43830713142795
swipe_left,ahad,swipe_left,0.08103269338607788,0.022676736116409302,-0.08301950711756945,0.0727773904800415,-0.3513391315937042,-0.5427258806303144,0.07662957906723022,-0.1637829840183258,-0.02022129949182272,-0.04924952983856201,-0.32873091101646423,-0.38703613448888063,0.058258891105651855,-0.37603873014450073,-0.031160647980868816,-0.0710807740688324,-0.40183162689208984,-0.15254509914666414,-0.02470612525939931,-0.000652038689815634,-0.33354959591771477,0.17029859802939604,0.4965780359325966,0.38400837079141914,0.4189101405170569,0.4027182766859768,0.3429435914658943,37.83255976207833,18.41453444417668
swipe_left,ahad,swipe_left,0.08074001967906952,0.02284875512123108,-0.09519785735756159,0.07477496564388275,-0.33389297127723694,-0.5188670242205262,0.07569949328899384,-0.16210046410560608,-0.02023219596594572,-0.04765664041042328,-0.31031885743141174,-0.36330629233270884,0.05650453269481659,-0.376062273979187,-0.03458456043154001,-0.07156525552272797,-0.40125712752342224,-0.15255599562078714,-0.008868900212374622,0.005212697115811448,-0.36904091636339914,0.0605325807224622,0.5286715247414342,0.7229956487814603,0.4001714127116677,0.40421694636860606,0.11449919920099455,1.7010769930378449,10.841158234370972
swipe_left,ahad,swipe_left,0.08011876046657562,0.02314731478691101,-0.09521020017564297,0.07438431680202484,-0.31887146830558777,-0.48976667039096355,0.07470373809337616,-0.16172179579734802,-0.0202445387840271,-0.04805965721607208,-0.3013598620891571,-0.3346529435366392,0.05536608397960663,-0.3758431077003479,-0.03459690324962139,-0.07226283848285675,-0.4009036719799042,-0.15256833843886852,-0.018826036742239333,0.009047262596361587,-0.0003740247903448172,-0.011837843692663974,0.4551970597469457,0.8818289039261435,0.3767457838703547,0.40432663033007354,0.02600591860880269,2.0806244891488346,5.7387233837673035
swipe_left,ahad,swipe_left,0.08000548183917999,0.023140758275985718,-0.09523422364145517,0.07427103817462921,-0.30394384264945984,-0.47418026719242334,0.07459045946598053,-0.16172835230827332,-0.020268562249839306,-0.04817293584346771,-0.29197558760643005,-0.3164265910163522,0.05484993755817413,-0.3758496642112732,-0.0346209267154336,-0.07246865332126617,-0.4003278911113739,-0.15259236190468073,-0.0034326856786554365,-0.00019868214925130123,-0.000727983812491096,-0.0034326856786554365,0.4523522926099353,0.47231524844061046,0.36638941399224034,0.4043514936399729,0.007588506007881421,17.19074885524885,12.41241763267717
swipe_left,ahad,swipe_left,0.08009983599185944,0.023015499114990234,-0.09523422364145517,0.07427103817462921,-0.2922865152359009,-0.44185100588947535,0.07459045946598053,-0.1618536114692688,-0.014342622831463814,-0.04817293584346771,-0.28075629472732544,-0.305855349637568,0.05484993755817413,-0.3759749233722687,-0.0346209267154336,-0.07272256910800934,-0.399720162153244,-0.15250460896641016,0.0028592167478619273,-0.003795732151378294,0.0,0.0,0.3532523458654239,0.9796745849378206,0.34186319849361224,0.40435737457317983,0.0,0.7530730728065637,15.665408750467188
swipe_left,ahad,swipe_left,0.080296590924263,0.02415141463279724,-0.08922820631414652,0.07427103817462921,-0.2759569585323334,-0.397865847684443,0.07459045946598053,-0.16216447949409485,-0.0038420024793595076,-0.048391178250312805,-0.2685605585575104,-0.2855352917686105,0.05484993755817413,-0.3762857913970947,-0.0345741705968976,-0.07353739440441132,-0.3987637162208557,-0.15250460896641016,0.005962270678895907,0.03442168235778817,0.18200052506995967,0.0,0.49483505162325897,1.3328835819706806,0.3116584186905396,0.40495006082323576,0.0,0.1732076140064935,11.53117936201823
swipe_left,ahad,swipe_left,0.08116520941257477,0.025232046842575073,-0.08303482178598642,0.07357610762119293,-0.2559843361377716,-0.34380357060581446,0.0762614756822586,-0.16337278485298157,0.002008755225688219,-0.04949091374874115,-0.26378849148750305,-0.25769262108951807,0.05484993755817413,-0.37561097741127014,-0.0345741705968976,-0.07407809793949127,-0.39804697036743164,-0.15250460896641016,0.026321772373083932,0.03274643059932832,0.18767831903515486,-0.021058501619281245,0.6052309816533884,1.6382508205645052,0.2803191916161668,0.4046184107766357,0.03479409921754809,0.8037813010472893,9.86035984606675
swipe_left,ahad,swipe_left,0.08182159066200256,0.025007963180541992,-0.08303682506084442,0.06827136874198914,-0.2304590940475464,-0.3340035602450371,0.07655784487724304,-0.16522157192230225,0.002006751950830221,-0.050793588161468506,-0.24783778190612793,-0.2531827315688133,0.05630597472190857,-0.3764258623123169,-0.0345761738717556,-0.07449474930763245,-0.3975360691547394,-0.15250661224126816,0.01989034089175116,-0.006790414001002382,-6.070529872720825e-05,-0.16074966300617388,0.7734921845522709,0.2969700109326446,0.28502284506441034,0.4051525609203328,0.2078229856662826,2.9287481058900893,41.181580297407095
swipe_left,ahad,swipe_left,0.08249633014202118,0.022897779941558838,-0.08308336045593023,0.06470285356044769,-0.20576876401901245,-0.3312778538092971,0.07857547700405121,-0.1673317551612854,0.0019602165557444096,-0.050622448325157166,-0.2380889654159546,-0.25231707748025656,0.058079883456230164,-0.3775291442871094,-0.03462270926684141,-0.07445289194583893,-0.39763376116752625,-0.16175524052232504,0.020446650909655074,-0.06394494663585332,-0.0014101634874488403,-0.1081368236830743,0.7481918190464848,0.08259716471939396,0.2914007808051548,0.40408701937783426,0.14453068905537814,0.3197489752726721,6.732726191835559
idle,ahad,swipe_left,0.08300215005874634,0.021639704704284668,-0.08310549519956112,0.05581009387969971,-0.18185198307037354,-0.33129998855292797,0.08089315891265869,-0.1620764136314392,0.0019380818121135235,-0.05319279432296753,-0.22543835639953613,-0.2498024683445692,0.05992329120635986,-0.37605300545692444,-0.03598344884812832,-0.07434797286987305,-0.39428970217704773,-0.17434978298842907,0.015327876264398787,-0.038123492038611304,-0.0006707498069965494,-0.26947756608327295,0.7247509378375447,-0.0006707498069965494,0.2944558946021813,0.4011391438062888,0.37182041470260563,0.4020480128331989,5.547512092183592
idle,ahad,swipe_left,0.0835939347743988,0.02150222659111023,-0.1112465774640441,0.04034969210624695,-0.1507945954799652,-0.3313061660155654,0.08138683438301086,-0.15178510546684265,0.001308806356973946,-0.05870729684829712,-0.21855071187019348,-0.24980864580720663,0.060837239027023315,-0.3715056777000427,-0.059882200323045254,-0.07413873076438904,-0.392354279756546,-0.18568975385278463,0.017932870171286888,-0.004166003429528449,-0.8527600686206983,-0.46849702343796357,0.941132957285103,-0.00018719583749771164,0.30440568248698613,0.3970029965576399,0.49780057324617294,4.303541015639679,8.90878975838165
idle,ahad,swipe_left,0.083913654088974,0.014039307832717896,-0.11464279051870108,0.032661110162734985,-0.11380341649055481,-0.3340784078463912,0.08159378170967102,-0.15178510546684265,-0.008818008936941624,-0.06411543488502502,-0.2065310776233673,-0.25234538968652487,0.06155410408973694,-0.36828672885894775,-0.06933983322232962,-0.07402589917182922,-0.3895877003669739,-0.20016392227262259,0.009688464078036245,-0.22614905328461674,-0.1029155471108179,-0.2329873316215752,1.120944817860924,-0.0840073282068428,0.32461081103449063,0.385649459675911,0.20784887896381982,0.04284086577615358,9.331312981527951
idle,ahad,swipe_left,0.08463318645954132,0.013796746730804443,-0.14837516006082296,0.011300936341285706,-0.0816546082496643,-0.338909394107759,0.08209766447544098,-0.1520276665687561,-0.011357808485627174,-0.06891880929470062,-0.1985149383544922,-0.24980864580720663,0.06278486549854279,-0.3670218586921692,-0.08605845924466848,-0.07373465597629547,-0.38746392726898193,-0.23506570514291525,0.021804011229312543,-0.007350336421619682,-1.0221930164279247,-0.647277994589365,0.9742063103300045,-0.14639352307174985,0.33396691946611695,0.3865016566144619,0.6644150456745238,2.9659928452177375,13.451985161954289
idle,ahad,swipe_left,0.08617018163204193,0.014743238687515259,-0.18425542768090963,0.0030986517667770386,-0.050139039754867554,-0.34209520276635885,0.0825641006231308,-0.1510811746120453,-0.057488626800477505,-0.07120443880558014,-0.19122764468193054,-0.24931890424340963,0.06497083604335785,-0.364876925945282,-0.13482158537954092,-0.07257841527462006,-0.38527369499206543,-0.2584295039996505,0.046575611287897396,0.028681574445782357,-1.087280836972326,-0.24855407801541476,0.9550172271150554,-0.09653965632120792,0.35361307210999027,0.38341177135541515,0.260261082938965,1.6238295267371345,12.190498588011812
idle,ahad,swipe_left,0.08707894384860992,0.014281779527664185,-0.18426807317882776,-0.008995994925498962,-0.02504846453666687,-0.342107848264277,0.08194215595722198,-0.15222468972206116,-0.07069096807390451,-0.07540588080883026,-0.18528714776039124,-0.24744840059429407,0.06680835783481598,-0.3638584315776825,-0.14289441797882318,-0.07199855148792267,-0.38408881425857544,-0.2584421494975686,0.02753824898690895,-0.013983610904578041,-0.00038319690660996964,-0.3665044452204858,0.7603204611575983,-0.00038319690660996964,0.374004336889231,0.38093660267391954,0.48203880061793664,1.9691823515728961,7.488294169785088
idle,ahad,swipe_left,0.08709017932415009,0.017118453979492188,-0.1842658817768097,-0.02907957136631012,0.0008976459503173828,-0.3421056568622589,0.08149205148220062,-0.1526927947998047,-0.07068877667188644,-0.07988454401493073,-0.17503511905670166,-0.247446209192276,0.06706808507442474,-0.3640041947364807,-0.14289222657680511,-0.07277451455593109,-0.381680965423584,-0.25843995809555054,0.00034046895576245943,0.08595983187357606,6.640612175970383e-05,-0.6085932254791275,0.7862457723328581,6.640612175970383e-05,0.394050239298555,0.38388427548811194,0.7740486153900281,0.003960745241079012,7.377982124479622
idle,ahad,swipe_left,0.08723318576812744,0.017880618572235107,-0.1842658817768097,-0.044439613819122314,0.017212510108947754,-0.33891984820365906,0.0813528299331665,-0.1531018614768982,-0.07068877667188644,-0.08422631025314331,-0.16635185480117798,-0.24663864076137543,0.06707847118377686,-0.36404550075531006,-0.14289222657680511,-0.0735396146774292,-0.3792382776737213,-0.25843995809555054,0.004333528605374433,0.02309589674978551,0.0,-0.465455831903401,0.49438982298880035,0.09653965632120792,0.40558235895470796,0.3846889035170936,0.9414734462292905,0.18762384628206283,10.275153758798943
idle,ahad,swipe_left,0.08814015984535217,0.010632693767547607,-0.17413967847824097,-0.05580893158912659,0.02362006902694702,-0.3345983326435089,0.08132490515708923,-0.16196852922439575,-0.07069238275289536,-0.08857804536819458,-0.16450566053390503,-0.2219773232936859,0.0670916736125946,-0.37230777740478516,-0.1502690315246582,-0.0746762752532959,-0.3846663534641266,-0.25142213702201843,0.027484062946204053,-0.21963408499053086,0.30685464541117424,-0.34452478090922123,0.19416845206058433,0.1309550169742472,0.4170995791961025,0.3842606550511793,1.774351100304508,0.12513512104584282,9.863234070158256
idle,ahad,swipe_left,0.08893686532974243,0.008790165185928345,-0.17413835134357214,-0.06821873784065247,0.026081353425979614,-0.3304349323734641,0.08126890659332275,-0.16548791527748108,-0.06684829201549292,-0.09274563193321228,-0.16590341925621033,-0.2106425454840064,0.06712585687637329,-0.3749207556247711,-0.15026770438998938,-0.07605895400047302,-0.3847503662109375,-0.2452477654442191,0.024142590436068184,-0.05583419944300735,4.021620208566795e-05,-0.37605473489471947,0.07458437572825957,0.12616364454681084,0.4196439255591462,0.38507090077689643,5.041936589081718,0.4323901531096212,3.750414309567369
idle,ahad,swipe_left,0.09012244641780853,0.008693426847457886,-0.17413835134357214,-0.08512721955776215,0.024647802114486694,-0.3274181326851249,0.08213745057582855,-0.1675674021244049,-0.061404443345963955,-0.09643931686878204,-0.16733697056770325,-0.20434616412967443,0.06752108037471771,-0.37657690048217773,-0.15026770438998938,-0.07572649419307709,-0.38562625646591187,-0.24123881664127111,0.03592669963836679,-0.002931464802135128,0.0,-0.5123782338518098,-0.04344094883311889,0.09141817237391639,0.41933286455416413,0.3866702143347493,11.794549913497145,12.251366022265145,5.564656393112415
idle,ahad,swipe_left,0.09073974192142487,0.009115427732467651,-0.1741494918242097,-0.09490250051021576,0.023818522691726685,-0.32395187858492136,0.08252479135990143,-0.16870012879371643,-0.05379915703088045,-0.09952722489833832,-0.16816624999046326,-0.2033364111557603,0.06748242676258087,-0.37758752703666687,-0.1478050285950303,-0.0757354348897934,-0.3858804702758789,-0.23727791849523783,0.01870592435201014,0.012787905606356566,-0.00033759032235001156,-0.2962206349228375,-0.025129679477576116,0.10503800303647039,0.41920522014974454,0.38829641857530783,11.78721153111489,1.4626681068560388,6.586634625583347
idle,ahad,swipe_left,0.09104752540588379,0.009846627712249756,-0.17934516351670027,-0.10349586606025696,0.022876501083374023,-0.3238460002467036,0.08274495601654053,-0.16984421014785767,-0.052705611102283,-0.10343152284622192,-0.1703174114227295,-0.1973700998350978,0.06639367341995239,-0.37859275937080383,-0.14778861682862043,-0.07659757137298584,-0.3862452507019043,-0.23647274356335402,0.009326772256331033,0.022157575144912314,-0.15744459674213912,-0.26040501666791577,-0.028546109344020104,0.003208434491446532,0.4192114168583588,0.3904981248278659,9.121939931983482,0.4209102884700821,3.272683997199907
idle,ahad,swipe_left,0.09145364165306091,0.010466277599334717,-0.18352580163627863,-0.11169418692588806,0.02029895782470703,-0.30588038358837366,0.08292219042778015,-0.17004269361495972,-0.05193022359162569,-0.10580369830131531,-0.170543372631073,-0.1841124901548028,0.06508126854896545,-0.37867119908332825,-0.15025983843952417,-0.07773321866989136,-0.38550421595573425,-0.22974729631096125,0.012306552944761365,0.018777269305604923,-0.12668600362358703,-0.24843396562518558,-0.07810737147475753,0.5444126260100003,0.41427745557000073,0.3914461676009864,3.1806317419570393,0.6553614044233627,16.472745158092067
idle,ahad,swipe_left,0.09146396815776825,0.011077135801315308,-0.18508000764995813,-0.11838237941265106,0.01643463969230652,-0.30588038358837366,0.0831216424703598,-0.1700974404811859,-0.05173193756490946,-0.10763029754161835,-0.17249539494514465,-0.1841124901548028,0.0641862004995346,-0.37876489758491516,-0.15230573806911707,-0.0794372707605362,-0.3848661482334137,-0.22974729631096125,0.00031292438507079737,0.018510854605472245,-0.04709715192968143,-0.20267249959887657,-0.11710054946668091,0.0,0.41031121219888567,0.392167107684575,1.7307413994256609,0.016903999720173608,16.5976446009995
idle,ahad,swipe_left,0.09220324456691742,0.011263757944107056,-0.18664778862148523,-0.12374089658260345,0.014033526182174683,-0.30588038358837366,0.08310101926326752,-0.17021223902702332,-0.05173193756490946,-0.10956482589244843,-0.17405971884727478,-0.1841124901548028,0.06289009749889374,-0.37888777256011963,-0.15726341400295496,-0.08160795271396637,-0.384412556886673,-0.22974729631096125,0.02240231542876278,0.005655216448234804,-0.04750851428870011,-0.16237930818037594,-0.07276101545854066,0.0,0.4078366254400589,0.39235305378898766,2.2316494005433185,3.9606538458679585,1.8155373573690885
idle,ahad,swipe_left,0.09300826489925385,0.01149490475654602,-0.1976206609979272,-0.1262003630399704,0.011327296495437622,-0.30588038358837366,0.08310942351818085,-0.1711086928844452,-0.05173193756490946,-0.11050082743167877,-0.1740003526210785,-0.1841124901548028,0.062044963240623474,-0.3794471323490143,-0.15726341400295496,-0.08235804736614227,-0.3842073678970337,-0.22974729631096125,0.024394555525346296,0.007004448861786831,-0.3325112841346055,-0.07452928658687726,-0.08200696020415356,0.0,0.4051741185689167,0.3942373774908486,0.9088055159687105,3.4822259082373983,2.6768253108709446
idle,ahad,swipe_left,0.09267224371433258,0.011422157287597656,-0.19991404935717583,-0.12615184485912323,0.00897914171218872,-0.30711260065436363,0.081117644906044,-0.17211425304412842,-0.05191333591938019,-0.11102069914340973,-0.17496860027313232,-0.18554333969950676,0.06111939251422882,-0.3799368143081665,-0.16052253171801567,-0.08338005840778351,-0.38425886631011963,-0.2304328940808773,-0.010182460149129257,-0.0022044687560110435,-0.0694966169469286,0.001470247904459639,-0.07115620555299719,-0.03733991109060528,0.40292100226941263,0.39459994770560514,0.020661968004977552,4.6169142597811845,2.5869519807383976
idle,ahad,swipe_left,0.09210801124572754,0.011564970016479492,-0.22514164820313454,-0.1260269582271576,0.008699297904968262,-0.33216049149632454,0.08165562152862549,-0.17270642518997192,-0.07301772013306618,-0.11024343967437744,-0.17588144540786743,-0.1866072304546833,0.06110411882400513,-0.3800067901611328,-0.17771143093705177,-0.08382612466812134,-0.38401496410369873,-0.2447700835764408,-0.01709795359409221,0.004327658450964736,-0.7644726923017809,0.0037844433928981066,-0.00848011537031696,-0.7590269952109384,0.4045274840285801,0.395650489983014,0.44622001088951974,3.9499428720881307,21.951735503459105
idle,ahad,swipe_left,0.09109604358673096,0.011797428131103516,-0.2276557870209217,-0.12331411242485046,0.008646786212921143,-0.336028266698122,0.0813860297203064,-0.17262786626815796,-0.07540310546755791,-0.10965919494628906,-0.17602699995040894,-0.1932154931128025,0.06193357706069946,-0.3798871636390686,-0.18598300591111183,-0.08452001214027405,-0.38269662857055664,-0.2519054301083088,-0.030665686636260136,0.007044185291637091,-0.07618602478142959,0.08220744855476168,-0.0015912633953672505,-0.11720530914537863,0.4021583048343019,0.394973277032098,51.629302534962065,4.352715417245519,19.59490340410365
idle,ahad,swipe_left,0.09086240828037262,0.011894851922988892,-0.2276488933712244,-0.1206323653459549,0.008437544107437134,-0.33610195852816105,0.0807839184999466,-0.17294225096702576,-0.07545229233801365,-0.10833634436130524,-0.1760179102420807,-0.19371610321104527,0.061843350529670715,-0.3798253536224365,-0.18633347190916538,-0.0849691778421402,-0.3821391463279724,-0.2539017591625452,-0.007079857768434389,0.0029522361177386335,0.00020889847567586957,0.08126506299683453,-0.006340669863151712,-0.0022330857587582894,0.4007229552074063,0.3949604906770758,12.814458139649522,2.3973219499481173,3.4870950733124797
idle,ahad,swipe_left,0.09144702553749084,0.011952251195907593,-0.22764935344457626,-0.1175428032875061,0.007932513952255249,-0.336700402200222,0.08121952414512634,-0.17298713326454163,-0.08264094591140747,-0.1068878173828125,-0.175960510969162,-0.1955893561244011,0.06176438927650452,-0.37988635897636414,-0.19733072072267532,-0.08415648341178894,-0.3816300332546234,-0.2606847509741783,0.017715674458128078,0.0017393719066273125,-1.3941616723031743e-05,0.09362309268026664,-0.015303944096420788,-0.018134656729120242,0.3983114406748503,0.3941291346846425,6.117179657138462,10.17924639593815,0.6679884568450782
idle,ahad,swipe_left,0.09097068011760712,0.012040197849273682,-0.22719538770616055,-0.11356742680072784,0.008020460605621338,-0.3378738220781088,0.08092419803142548,-0.17493367195129395,-0.08284531347453594,-0.10430960357189178,-0.1758725643157959,-0.19948876462876797,0.0621630996465683,-0.38013967871665955,-0.20010985992848873,-0.08295701444149017,-0.3811177909374237,-0.2645587082952261,-0.014434709693446339,0.0026650501020026997,0.013756537527749066,0.12046595414479604,0.0026650501020026997,-0.035558178117781065,0.3971658118063258,0.3941681850312897,45.18518014882904,5.414267977410922,1.112167888413609
idle,ahad,swipe_left,0.09068173170089722,0.010236114263534546,-0.22719544637948275,-0.1091168224811554,0.008163303136825562,-0.33892968762665987,0.08046138286590576,-0.1770440638065338,-0.08312531281262636,-0.10238006711006165,-0.17572972178459167,-0.2041615592315793,0.06160515546798706,-0.38053274154663086,-0.20881970692425966,-0.08314558863639832,-0.379965603351593,-0.275510017760098,-0.008756012627572746,-0.05466919956785273,-1.7779794606295543e-06,0.13486679756280182,0.004328561551643151,-0.03199592571366925,0.39413272836101587,0.39227976465418185,31.15022062952709,0.1601606121211504,0.4523595964324039
idle,ahad,swipe_left,0.09049788117408752,0.01023721694946289,-0.22720837127417326,-0.10548990964889526,0.008167743682861328,-0.3390706432983279,0.08002731204032898,-0.1784287691116333,-0.09140825551003218,-0.10114505887031555,-0.17512118816375732,-0.21854523848742247,0.0618874728679657,-0.3810115158557892,-0.22314843069761992,-0.08235538005828857,-0.37924858927726746,-0.29080706369131804,-0.005571228085142208,3.341472510135543e-05,-0.0003916634754701104,0.10990644946242852,0.00013456200108383673,-0.004271383989941001,0.3910958892907649,0.39231442683470574,810.7467327400852,161.88500906906225,1.1375786729724253
idle,ahad,swipe_left,0.09107807278633118,0.010005384683609009,-0.227064723148942,-0.10298851132392883,0.014678806066513062,-0.3509083781391382,0.07929190993309021,-0.17883923649787903,-0.0957478154450655,-0.10092464089393616,-0.16903916001319885,-0.2382796499878168,0.06167080998420715,-0.3818756937980652,-0.22679165937006474,-0.08228117227554321,-0.37869900465011597,-0.30696229077875614,0.017581564007383213,-0.007025220177390282,0.004352973491856499,0.07579994924140616,0.197304920716717,-0.35871923760030816,0.39636618731793855,0.3929830038835021,0.3841747321421557,2.502279115015359,12.334215017341165
idle,ahad,swipe_left,0.0910634845495224,0.008897393941879272,-0.2236835863441229,-0.1006176620721817,0.019534975290298462,-0.36054653488099575,0.07932399213314056,-0.17949560284614563,-0.09786486439406872,-0.10019277036190033,-0.1668631136417389,-0.24887908063828945,0.06114397943019867,-0.3828013241291046,-0.22924897633492947,-0.08350764214992523,-0.37799301743507385,-0.3151662405580282,-0.00044206778208414824,-0.033575477022113304,0.10245869105512471,0.07184391671961021,0.1471566431450125,-0.2920653558138652,0.4004755034890934,0.39287916219976227,0.4882105691840523,0.013165996593180533,2.530482645398387
idle,ahad,swipe_left,0.08918467164039612,0.0072217583656311035,-0.22173168510198593,-0.0997518002986908,0.02084505558013916,-0.3605458214879036,0.0758638083934784,-0.18117952346801758,-0.09786415100097656,-0.10177803039550781,-0.16586285829544067,-0.24972807615995407,0.05873498320579529,-0.3835212290287018,-0.2292482629418373,-0.08535385131835938,-0.37727034091949463,-0.31530842930078506,-0.05693372451897837,-0.050776835643884036,0.05914852248899879,0.02623823556033054,0.0396994027224455,2.1617972489559343e-05,0.40093589452279277,0.39199969982901084,0.6609060301923882,1.121231809056749,9.531819840219239
idle,ahad,swipe_left,0.08821779489517212,0.004698008298873901,-0.2070389734581113,-0.09941375255584717,0.022248834371566772,-0.36055526603013277,0.07448369264602661,-0.18143722414970398,-0.09787359554320574,-0.10453006625175476,-0.1642913520336151,-0.25038490165024996,0.05743914842605591,-0.38305196166038513,-0.2292577074840665,-0.08604925870895386,-0.3761085867881775,-0.31572720874100924,-0.029299295309818226,-0.07647727475021844,0.44523368617802067,0.010243870995261478,0.0425387512553823,-0.00028619824936895733,0.4010945018435711,0.38960369149122964,0.24080702620388225,0.3831061226931579,0.49234390837327857
idle,ahad,swipe_left,0.08839070796966553,0.003669232130050659,-0.200478324200958,-0.09924083948135376,0.023166269063949585,-0.36056807031854987,0.0722876787185669,-0.182127445936203,-0.09788639983162284,-0.1065012514591217,-0.1636582314968109,-0.25049459328874946,0.05593913793563843,-0.38317686319351196,-0.2292705117724836,-0.08761394023895264,-0.3754958510398865,-0.3162193833850324,0.005239790136163898,-0.031175035418886204,0.19880755324706936,0.005239790136163898,0.02780105128432772,-0.00038800873991214963,0.40128976665796684,0.38927110852195823,0.1884677530653149,0.16807108619685726,0.47164891677529797
idle,ahad,swipe_left,0.08834768831729889,0.0031304657459259033,-0.18812572862952948,-0.0992838591337204,0.022994548082351685,-0.3602733453735709,0.07061709463596344,-0.18302902579307556,-0.08441401179879904,-0.10787983238697052,-0.16396817564964294,-0.25264508929103613,0.0544707328081131,-0.38410505652427673,-0.22926466073840857,-0.08869422972202301,-0.37551915645599365,-0.3162135323509574,-0.0013036258292920694,-0.01632625406438658,0.3743210779220778,-0.0013036258292920694,-0.005203666109027298,0.008931058938756157,0.40108176233723264,0.39088541742754607,0.25047251869451903,0.0798435440614335,1.057993615944389
idle,ahad,swipe_left,0.0883374959230423,0.002902209758758545,-0.18747888039797544,-0.09981290996074677,0.0230979323387146,-0.36020009499043226,0.07060690224170685,-0.18312591314315796,-0.0844094855710864,-0.10864908993244171,-0.16309326887130737,-0.2532179979607463,0.05337728559970856,-0.3843136727809906,-0.22927566152065992,-0.08957032859325409,-0.375028133392334,-0.31622453313320875,-0.00030886043201792983,-0.006916848095980482,0.01960146156224316,-0.01603184324322307,0.0031328562534216333,0.002219708579959267,0.4006783307445156,0.39103110734199414,5.11569196121202,0.04464689419783427,0.5516984518321925
idle,ahad,swipe_left,0.08838294446468353,0.0019239485263824463,-0.1874745092354715,-0.10011906921863556,0.026431769132614136,-0.35962977772578597,0.07047788798809052,-0.18509015440940857,-0.08440511440858245,-0.10877810418605804,-0.1604420244693756,-0.25321362679824233,0.052538320422172546,-0.38556817173957825,-0.23027592664584517,-0.08969934284687042,-0.3725210428237915,-0.3182275569997728,0.0013772285345828928,-0.02964427976897276,0.0001324594698169018,-0.009277553269357416,0.10102535739089528,0.017282341352917976,0.40123068270837803,0.39149322046913626,0.09183299793201817,0.046456924856695836,3.008321046204679
idle,ahad,swipe_left,0.08865433931350708,-0.00043389201164245605,-0.1860081860795617,-0.10114958882331848,0.027722150087356567,-0.35926584992557764,0.070401132106781,-0.18593749403953552,-0.0843662703409791,-0.10885486006736755,-0.160207599401474,-0.25321307871490717,0.05246156454086304,-0.38544517755508423,-0.23027537856251,-0.08977609872817993,-0.3722960352897644,-0.3182270089164376,0.008224086327986303,-0.07144971327348207,0.0444340350275691,-0.031227866808573482,0.039102453174013174,0.011028115157828214,0.4022786240663583,0.389234108566913,0.7985961411031203,0.11510152874902871,1.9998571290618996
idle,ahad,swipe_left,0.08865975588560104,-0.0006459653377532959,-0.1860081860795617,-0.10201288014650345,0.028048545122146606,-0.3590222308412194,0.07059618085622787,-0.18597307801246643,-0.08402661699801683,-0.1089639738202095,-0.15990224480628967,-0.25265117082744837,0.05235245078802109,-0.38542941212654114,-0.23027537856251,-0.08988521248102188,-0.37225964665412903,-0.3182270089164376,0.0001641385483019284,-0.006426464427601223,0.0,-0.026160343126817247,0.009890758630001209,0.007382396495703513,0.4025642543223231,0.38901941552630903,2.6446604800357987,0.025537060554870483,0.905190703801704
idle,ahad,swipe_left,0.08866517245769501,-0.0007086098194122314,-0.18501097057014704,-0.10287617146968842,0.028110742568969727,-0.3587786117568612,0.07083509862422943,-0.1860102415084839,-0.0831605875864625,-0.10881392657756805,-0.15979549288749695,-0.25188170466572046,0.05224333703517914,-0.3854152262210846,-0.23027537856251,-0.08978904783725739,-0.37224188446998596,-0.3182270089164376,0.0001641385483019284,-0.0018983176260283546,0.030218651800444706,-0.026160343126817247,0.0018847711158521295,0.007382396495703513,0.40261387367413354,0.389068885198582,13.872491155956691,0.08641974678303649,0.24260568224694243
idle,ahad,swipe_left,0.08803252875804901,-0.0007448643445968628,-0.18501097057014704,-0.10555507242679596,0.028414025902748108,-0.35283266101032495,0.07008717954158783,-0.1862230747938156,-0.07262203190475702,-0.10938520729541779,-0.15974120795726776,-0.24073921237140894,0.05158160626888275,-0.38564349710941315,-0.21559892687946558,-0.09060557186603546,-0.3721873015165329,-0.30571018252521753,-0.01917102120139361,-0.001098621975291847,0.0,-0.0811788168820459,0.009190404053890242,0.1801803256526118,0.40364023470868904,0.38782889310328195,8.832036586149984,17.434192506297897,5.49977285179956
idle,ahad,swipe_left,0.0862465351819992,-0.0012423396110534668,-0.16601930372416973,-0.11048932373523712,0.028895258903503418,-0.35114253871142864,0.06723807752132416,-0.18701940774917603,-0.050849245861172676,-0.11195497214794159,-0.159770667552948,-0.2321098130196333,0.04885666072368622,-0.3856729567050934,-0.18596418015658855,-0.09216214716434479,-0.37221676111221313,-0.2877571117132902,-0.05412101745605482,-0.015075008074442583,0.5755050559387077,-0.14952276692245983,0.014582818204706402,0.05121582723928233,0.4065027064582542,0.386759227643268,10.252648848448121,3.5898771869061816,4.42588341178906
idle,ahad,swipe_left,0.0865783542394638,-0.0014820396900177002,-0.16601877752691507,-0.116408571600914,0.032618552446365356,-0.351142012514174,0.06714819371700287,-0.18725910782814026,-0.05084871966391802,-0.11432085931301117,-0.15913835167884827,-0.23210928682237864,0.045878633856773376,-0.3859126567840576,-0.1859636539593339,-0.09262435138225555,-0.3722597062587738,-0.2859355742111802,0.01005512295347274,-0.007263638756491939,1.594537135326505e-05,-0.17937114744475438,0.11282707705642266,1.594537135326505e-05,0.41078458235391135,0.38709322481081737,1.5897740360766328,1.3841187828489234,3.476840353447053
idle,ahad,swipe_left,0.08783078193664551,-0.0016876459121704102,-0.16601952724158764,-0.12231868505477905,0.03778189420700073,-0.3424899559468031,0.06788778305053711,-0.18746471405029297,-0.050849469378590584,-0.11472690105438232,-0.1553146243095398,-0.22930076532065868,0.044987380504608154,-0.3861182630062103,-0.18596440367400646,-0.09188398718833923,-0.3714943826198578,-0.2827871423214674,0.03795235446005166,-0.006230491580385166,-2.2718626441377638e-05,-0.17909434708682018,0.15646490183743603,0.26218353234457314,0.414726135615129,0.3873244821870617,1.144622214703971,6.090412539353193,8.053778153331722
idle,ahad,swipe_left,0.08868694305419922,-0.002114027738571167,-0.16601952724158764,-0.1271127164363861,0.03789988160133362,-0.3417813163250685,0.07091492414474487,-0.18789109587669373,-0.050849469378590584,-0.1148633062839508,-0.15574100613594055,-0.22924424521625042,0.04575878381729126,-0.3864915072917938,-0.18472191505134106,-0.09044066071510315,-0.37174174189567566,-0.28257512860000134,0.025944276289506456,-0.012920661406083573,0.0,-0.1452736782305172,0.0035753755858450313,0.02147392793135215,0.4155195206449708,0.38721912782421253,40.620364037126635,2.0078127319828845,8.701780874698601
idle,ahad,swipe_left,0.08863399922847748,-0.0018309056758880615,-0.19393341057002544,-0.13102982938289642,0.03733322024345398,-0.33978542499244213,0.07211099565029144,-0.1885034739971161,-0.07664892636239529,-0.1155354231595993,-0.15603193640708923,-0.21785700134932995,0.04982398450374603,-0.3869338929653168,-0.18411159329116344,-0.08892901241779327,-0.3714621067047119,-0.26619460992515087,-0.0016043583552042466,0.008579456444942495,-0.8458752523768939,-0.1187003923184931,-0.0171715562993828,0.06048155553413093,0.417494558271189,0.3871782485585097,6.912214480424169,0.18697820628760256,1.5623466956593
idle,ahad,swipe_left,0.08968508243560791,-0.001006394624710083,-0.19462446682155132,-0.1373635232448578,0.034041017293930054,-0.3172110300511122,0.07353633642196655,-0.18918541073799133,-0.07794478349387646,-0.11594200134277344,-0.15904459357261658,-0.2108603399246931,0.053942859172821045,-0.38988542556762695,-0.18411159329116344,-0.08802875876426697,-0.3738481402397156,-0.2648764234036207,0.03185100627667984,0.024985183369029714,-0.02094109853108729,-0.19193011702913274,-0.09976372574314951,0.6840725739796973,0.414181596492179,0.3906596059752466,1.9238274410062406,1.2747447581833986,19.19045277727179
idle,ahad,swipe_left,0.08860212564468384,-0.0006095170974731445,-0.208143369294703,-0.14493784308433533,0.031839728355407715,-0.30652155075222254,0.07247525453567505,-0.19132566452026367,-0.07953275833278894,-0.1176663339138031,-0.16124588251113892,-0.19004340562969446,0.053204119205474854,-0.3920728862285614,-0.17901834938675165,-0.08932468295097351,-0.37517061829566956,-0.24519263301044703,-0.0328168724522447,0.01202659173445271,-0.4096637113076278,-0.22952484362053205,-0.066705725409768,0.3239236151178686,0.41534501563450416,0.3941381166748168,3.4408051393708834,2.7284657790837428,11.01853632387924
idle,ahad,swipe_left,0.08871632814407349,-0.0014129579067230225,-0.223344505764544,-0.14857268333435059,0.02719065546989441,-0.29548306856304407,0.07529711723327637,-0.1918928325176239,-0.08097890112549067,-0.11774158477783203,-0.16579493880271912,-0.1754626790061593,0.05736023187637329,-0.3962380290031433,-0.17902731988579035,-0.0882057249546051,-0.3780677020549774,-0.22577636037021875,0.0034606817996863247,-0.024346691189390302,-0.46064049908609217,-0.1101466742428869,-0.14088099653070657,0.3344994602781362,0.4156170487057268,0.39853990327651584,0.781836408876271,0.1421359328392642,4.271004022866208
idle,ahad,swipe_left,0.09272824227809906,0.002570033073425293,-0.2292009242810309,-0.14597173035144806,0.021745264530181885,-0.29546626890078187,0.07868550717830658,-0.19005447626113892,-0.08096874738112092,-0.1154591292142868,-0.16948413848876953,-0.15951536083593965,0.06149338185787201,-0.39794331789016724,-0.17284669959917665,-0.08491836488246918,-0.3815576434135437,-0.2106833108700812,0.12157315557653284,0.12069669636813107,-0.17746722777233023,0.07881675705765252,-0.1650118466579557,0.0005090806746121621,0.4166160090099629,0.4056628642666837,0.4776401271412922,1.007253321602192,11.651467863104743
idle,ahad,swipe_left,0.09262624382972717,0.005395174026489258,-0.2351704346947372,-0.14465633034706116,0.02076953649520874,-0.29546993551775813,0.08051559329032898,-0.18821769952774048,-0.08184301434084773,-0.11525166034698486,-0.17015516757965088,-0.1595190274529159,0.06063225865364075,-0.39850306510925293,-0.17174125788733363,-0.08345788717269897,-0.38227584958076477,-0.20881336508318782,-0.0030908620718753774,0.08561033191102944,-0.1808942549607975,0.03986060619354258,-0.029567516211307484,-0.0001111096053412469,0.41677355228418445,0.4100983578787724,1.3480759706941003,0.03610342232600141,4.2708068944981905
idle,ahad,swipe_left,0.09362082183361053,0.006881386041641235,-0.23921492230147123,-0.1412840336561203,0.018930286169052124,-0.29546845983713865,0.08118115365505219,-0.1868859827518463,-0.08277206402271986,-0.11291389167308807,-0.1712304651737213,-0.15951755177229643,0.06196384131908417,-0.39860716462135315,-0.17173978220671415,-0.08168156445026398,-0.3841150999069214,-0.20854156743735075,0.030138727390404574,0.04503672773187761,-0.1225602305070907,0.10219080881638848,-0.0557348583683817,4.471759452964271e-05,0.4165985143934744,0.4122814859593867,1.8334840766417644,0.6691884539519618,2.0484956599783146
idle,ahad,swipe_left,0.09348967671394348,0.008617699146270752,-0.24888752191327512,-0.13822105526924133,0.01672959327697754,-0.29835864691995084,0.08416345715522766,-0.18572074174880981,-0.08185395388863981,-0.11180689930915833,-0.1728532910346985,-0.1589370348956436,0.06380924582481384,-0.3996845483779907,-0.17073513357900083,-0.07936593890190125,-0.38573792576789856,-0.20531321852467954,-0.003974094535365259,0.052615548625136996,-0.2931090791455731,0.09281752687512045,-0.0666876633961997,-0.08758142675188477,0.41725469482560695,0.4167726587883122,1.3918036761913826,0.07552936555528231,2.6910325397131207
idle,ahad,swipe_left,0.0949142575263977,0.010760128498077393,-0.2488837654236704,-0.13487958908081055,0.015349805355072021,-0.29835489043034613,0.08526170253753662,-0.18443292379379272,-0.0818501973990351,-0.11071345210075378,-0.174233078956604,-0.15893327840603888,0.06619924306869507,-0.4002113342285156,-0.17073137708939612,-0.07755780220031738,-0.3871177136898041,-0.20530946203507483,0.043169115528915974,0.06492210156989836,0.00011383301832459218,0.10125655116456952,-0.041811755209258214,0.00011383301832459218,0.417041176483294,0.4193207495859139,2.4216665622204494,0.6649268824971135,2.7740908263774213
idle,ahad,swipe_left,0.09796750545501709,0.010483115911483765,-0.2488835727563128,-0.1290649175643921,0.014470189809799194,-0.2983546977629885,0.0888243317604065,-0.18531253933906555,-0.08097940438892692,-0.1053532063961029,-0.17511269450187683,-0.15751310938503593,0.0690317153930664,-0.4005982279777527,-0.16730318719055504,-0.07333090901374817,-0.3882274627685547,-0.2039105569710955,0.09252266450361794,-0.008394320805867534,5.838404776472048e-06,0.1762021671641961,-0.026655016523419072,5.838404776472048e-06,0.417362402273083,0.42009583495834335,6.610221261282264,11.020741987483476,2.317059294075091
idle,ahad,swipe_left,0.10010772943496704,0.008697032928466797,-0.2488830859074369,-0.12331679463386536,0.0035386085510253906,-0.2983542109141126,0.09020686149597168,-0.18709862232208252,-0.07182794308755547,-0.10179686546325684,-0.17863208055496216,-0.13978043443057686,0.07240450382232666,-0.4015059471130371,-0.15832162147853523,-0.07139942049980164,-0.3908262550830841,-0.18573089188430458,0.06485527211969565,-0.05412372675809007,1.475299623879523e-05,0.1741855433492954,-0.33126003814466154,1.475299623879523e-05,0.413404246948935,0.4209932688105387,0.5258256278036195,1.1982558805250998,9.230657489759805
idle,ahad,swipe_left,0.10199284553527832,0.007597595453262329,-0.24849464104045182,-0.11796197295188904,-0.000467151403427124,-0.29655400023330003,0.09149932861328125,-0.188198059797287,-0.07113911316264421,-0.09913814067840576,-0.18260487914085388,-0.1341092447983101,0.07443612813949585,-0.4009122848510742,-0.1566275666700676,-0.06926202774047852,-0.3938223719596863,-0.1855974803911522,0.05712473031246238,-0.03331628712740775,0.011771056575305404,0.1622673236962503,-0.1213866652864385,0.05455183881250235,0.41159611696168685,0.4196179861889479,1.3367694593462034,1.7145672783625274,6.580934306682098
idle,ahad,swipe_left,0.10553702712059021,0.007597595453262329,-0.23925339244306087,-0.11449873447418213,-0.0025166571140289307,-0.2823449280112982,0.09243562817573547,-0.18853870034217834,-0.06570111773908138,-0.09748527407646179,-0.18875530362129211,-0.1289155688136816,0.07598450779914856,-0.40058982372283936,-0.15402350388467312,-0.06798553466796875,-0.3967697322368622,-0.182402228936553,0.10739944197914844,0.0,0.2800378362845749,0.10494662053657326,-0.06210623365460036,0.43057794612126926,0.4093745327916335,0.418036427211273,1.6897648528385185,107399.44197914844,11.665504308998065
idle,ahad,swipe_left,0.10749614238739014,0.007436543703079224,-0.23787460289895535,-0.11248964071273804,-0.002755492925643921,-0.2769180741161108,0.09281313419342041,-0.18871602416038513,-0.06049557961523533,-0.09591451287269592,-0.19139257073402405,-0.11573304049670696,0.07646220922470093,-0.40058982372283936,-0.1488534715026617,-0.06841671466827393,-0.3998425304889679,-0.16836686991155148,0.05936712929696762,-0.004880356066154723,0.04178150133653131,0.0608816291346696,-0.007237448836817904,0.16445011803598156,0.414009543543621,0.41877605394460315,8.410866817901525,12.162015737510814,8.341666791666887
idle,ahad,swipe_left,0.10985404253005981,0.007141560316085815,-0.23775084875524044,-0.1091788113117218,-0.004695266485214233,-0.27682783268392086,0.0955284833908081,-0.188857764005661,-0.05895032919943333,-0.09442275762557983,-0.19328376650810242,-0.11528798751533031,0.07815122604370117,-0.40058982372283936,-0.14748929999768734,-0.06790310144424438,-0.40205270051956177,-0.1679790373891592,0.0714515194748389,-0.008938890514951786,0.0037501255671183362,0.1003281636671589,-0.058781016956676285,0.0027345888542406552,0.4140587818710599,0.41880436636641855,1.7067832793335942,7.992437866586585,5.280443750977373
idle,ahad,swipe_left,0.11367371678352356,0.00729823112487793,-0.23204654222354293,-0.10495656728744507,-0.009579598903656006,-0.27409486239776015,0.0998820960521698,-0.18879461288452148,-0.05272394930943847,-0.09253191947937012,-0.19666051864624023,-0.11155281728133559,0.08181574940681458,-0.4003768265247345,-0.1377233392558992,-0.06523856520652771,-0.40411537885665894,-0.15771224861964583,0.11574770465041681,0.004747600266427717,0.1728577736878038,0.12794678861444678,-0.14801007328611468,0.08281728139880952,0.41325647501551604,0.41965551269233387,0.8644406514580002,24.375120700039812,3.728362809629544
idle,ahad,swipe_left,0.1156667172908783,0.01022571325302124,-0.2199996238341555,-0.10418108105659485,-0.010844290256500244,-0.2740309810033068,0.10059699416160583,-0.18586713075637817,-0.043328364728949964,-0.09070593118667603,-0.1976807713508606,-0.11154424899723381,0.08333781361579895,-0.3974493443965912,-0.1269997184863314,-0.06425032019615173,-0.4033072888851166,-0.15342733019497246,0.06039395476832549,0.0887115796407066,0.36505813301174117,0.02349958275303702,-0.038323980389219435,0.0019357998319196026,0.41251292288091757,0.41939610517642106,0.6131662042453986,0.6807823085849389,5.203134593093391
idle,ahad,swipe_left,0.11934113502502441,0.0118694007396698,-0.21854902559425682,-0.10450530052185059,-0.011023193597793579,-0.2740327095380053,0.1026993989944458,-0.18422344326972961,-0.04333009326364845,-0.08970677852630615,-0.19823315739631653,-0.1115459775319323,0.0854794979095459,-0.3958056569099426,-0.1270014470210299,-0.0626872181892395,-0.40314754843711853,-0.15315273159649223,0.11134599194382054,0.04980871171662247,0.04395752242117169,-0.00982483228047678,-0.005421313372525242,-5.237983934806997e-05,0.41245876246635194,0.4191974740386401,1.8119263136393067,2.2354273515432177,1.4203864606042569
idle,ahad,swipe_left,0.12339389324188232,0.014165759086608887,-0.2185500143095851,-0.10395213961601257,-0.010877430438995361,-0.27403369825333357,0.10475969314575195,-0.18198341131210327,-0.04333108197897673,-0.08957773447036743,-0.1983276605606079,-0.11154696624726057,0.08719545602798462,-0.3935656249523163,-0.12700243573635817,-0.06124764680862427,-0.4024997651576996,-0.1531537203118205,0.12281085505630226,0.06958661657391284,-2.9961070553823427e-05,0.016762451692061257,0.004417065418127882,-2.9961070553823427e-05,0.41207244001947735,0.41944745502821584,3.794070504995873,1.764837784404616,0.8590670558742751
idle,ahad,swipe_left,0.12551787495613098,0.015369772911071777,-0.2185490122064948,-0.10461920499801636,-0.011095106601715088,-0.2740326961502433,0.10642197728157043,-0.18157249689102173,-0.04333007987588644,-0.08963191509246826,-0.1982669234275818,-0.11255497392266989,0.08835968375205994,-0.3934811055660248,-0.12700143363326788,-0.06040129065513611,-0.40335264801979065,-0.15315271820873022,0.0643630822499586,0.03648526740796598,3.036676031170436e-05,-0.020214102484962936,-0.006596247355143157,3.036676031170436e-05,0.41283552634836096,0.42061946120890914,3.0640207039083047,1.7640358091523036,1.1691481898779157
idle,ahad,swipe_left,0.12502998113632202,0.0168953537940979,-0.21759997366461903,-0.10642918944358826,-0.011095106601715088,-0.2779430454829708,0.10586786270141602,-0.18067634105682373,-0.043445222661830485,-0.09144189953804016,-0.1982669234275818,-0.11947047768626362,0.08654969930648804,-0.3933272361755371,-0.1274983739713207,-0.06196552515029907,-0.4040757119655609,-0.15315738378558308,-0.014784661206331958,0.046229723728063825,0.02875874369320513,-0.05484801350217817,0.0,-0.11849543432507421,0.41470740890388724,0.42176012575679805,54848.01350217817,0.3198016386958939,3.7472222702128333
idle,ahad,swipe_left,0.12282729148864746,0.0168953537940979,-0.21515595179516822,-0.10863187909126282,-0.011095106601715088,-0.29233578604180366,0.10408598184585571,-0.18032938241958618,-0.04453859489876777,-0.09364458918571472,-0.1982669234275818,-0.13550312083680183,0.08434700965881348,-0.3926517367362976,-0.1335878745885566,-0.06393098831176758,-0.4040757119655609,-0.17650970083195716,-0.06674817114165442,0.0,0.07406126877123777,-0.06674817114165442,0.0,-0.4361436532979731,0.4121257184933424,0.41936011096764936,66748.17114165443,66748.17114165443,9.632456076831426
idle,ahad,swipe_left,0.12223267555236816,0.016668975353240967,-0.2185579800279811,-0.11103653907775879,-0.011321485042572021,-0.29337651666719466,0.10349136590957642,-0.18055576086044312,-0.045087628182955086,-0.09423920512199402,-0.1983705759048462,-0.13625432190019637,0.08375239372253418,-0.39268064498901367,-0.13421089586336166,-0.06452560424804688,-0.40430209040641785,-0.17717462417203933,-0.01801866473573607,-0.006859952753240336,-0.10309176463069225,-0.07286848443927108,-0.006859952753240336,-0.031537291678515,0.41243169503606786,0.4197168978860928,10.620752985779747,2.6262627631747053,12.263963389757677
idle,ahad,swipe_left,0.12223267555236816,0.01585972309112549,-0.22030670335516334,-0.11232560873031616,-0.0121307373046875,-0.2936656563542783,0.10349136590957642,-0.1813650131225586,-0.05595918884500861,-0.09460216760635376,-0.19896429777145386,-0.13668168475851417,0.08364325761795044,-0.393270343542099,-0.1446246444247663,-0.06452560424804688,-0.4051690399646759,-0.17758307745680213,0.0,-0.024522795821681556,-0.052991615975220036,-0.039062716744163443,-0.024522795821681556,-0.008761808699505035,0.4126004276656029,0.4178568279252691,1.5928495339056765,0.0,1.346194370593978
idle,ahad,swipe_left,0.12163800001144409,0.015567094087600708,-0.2220919467508793,-0.12486022710800171,-0.013596922159194946,-0.2944112606346607,0.10349136590957642,-0.1815585196018219,-0.05600496008992195,-0.09525030851364136,-0.19915780425071716,-0.13800238445401192,0.08257865905761719,-0.39345353841781616,-0.14668377116322517,-0.06452560424804688,-0.40540167689323425,-0.1783839650452137,-0.0180204709370929,-0.00886754556135688,-0.05409828471866462,-0.3798369205359215,-0.04442984407598273,-0.022594069102496565,0.41305395031358144,0.4177438244622379,8.54894676064108,2.0319533583515565,10.352584926623699
idle,ahad,swipe_left,0.12086141109466553,0.015212982892990112,-0.222320664441213,-0.14358460903167725,-0.013823062181472778,-0.29440652183257043,0.102702796459198,-0.18190959095954895,-0.05902146897278726,-0.10030794143676758,-0.199383944272995,-0.13799764565192163,0.08167177438735962,-0.39364951848983765,-0.1466790323611349,-0.06485790014266968,-0.4056278169155121,-0.1783792262431234,-0.023532997478138057,-0.010730642260927025,-0.006930839101021864,-0.5674055128386464,-0.006852727947813017,0.00014360006334203503,0.41613843110976445,0.4176434234679284,82.78786627644041,2.1928607855127313,5.837642491346736
idle,ahad,swipe_left,0.12022700905799866,0.014777302742004395,-0.23428702703677118,-0.16368117928504944,-0.024333655834197998,-0.2987834697123617,0.10216376185417175,-0.1823309063911438,-0.07837826362811029,-0.10793626308441162,-0.199668288230896,-0.14548378041945398,0.08158794045448303,-0.3939211666584015,-0.1596603726502508,-0.0650390088558197,-0.40616369247436523,-0.18514100066386163,-0.019224304141420612,-0.013202428817749233,-0.36261704835025327,-0.6089869773749246,-0.31850283796137535,-0.1326347842361009,0.41041328613857025,0.41724879155931277,1.9120239846176543,1.456008466193083,10.342389553326013
idle,ahad,swipe_left,0.12000006437301636,0.013550370931625366,-0.25063740089535713,-0.18286851048469543,-0.04343917965888977,-0.3175135441124439,0.10215359926223755,-0.18330642580986023,-0.09107925370335579,-0.11590525507926941,-0.2058168351650238,-0.16150223091244698,0.08129388093948364,-0.3941712975502014,-0.16549964621663094,-0.0650985836982727,-0.4066633880138397,-0.1926969476044178,-0.006877111666130221,-0.03717975182966712,-0.4954658745025992,-0.581434278777145,-0.5789552674148959,-0.5675780121236977,0.40172224727317113,0.41831036905308705,1.0042801356539652,0.18496429813027243,15.385174989329313
idle,ahad,swipe_left,0.11902469396591187,0.009149491786956787,-0.2906124680303037,-0.2157917320728302,-0.061568260192871094,-0.3175137429498136,0.10086959600448608,-0.18419629335403442,-0.13241007318720222,-0.13023892045021057,-0.21310770511627197,-0.16150242974981666,0.08050447702407837,-0.3941642940044403,-0.19274177541956306,-0.06483572721481323,-0.40667295455932617,-0.19269714644178748,-0.0295566790031669,-0.13335997408086817,-1.2113656707559763,-0.9976733814586451,-0.5493660767873216,-6.025374838800237e-06,0.39681752511740886,0.416802698401463,1.8160414477201694,0.22162914755889648,21.347371219532736
idle,ahad,swipe_left,0.11761161684989929,0.007726550102233887,-0.33046447264496237,-0.23687684535980225,-0.10049557685852051,-0.3174653552705422,0.10027727484703064,-0.18449825048446655,-0.1574399076635018,-0.14062851667404175,-0.23285126686096191,-0.16502461361233145,0.07896193861961365,-0.39413902163505554,-0.2126364909345284,-0.06567201018333435,-0.4066997766494751,-0.19264875876251608,-0.042820518667047204,-0.04311944499160257,-1.2076365034744914,-0.6389428268779338,-1.1796156565348177,0.0014662933112545287,0.3723590878725371,0.4205629187755353,0.5416529372812181,0.9930444520084666,21.97553342085913
idle,ahad,swipe_left,0.1152772605419159,0.00513872504234314,-0.3465177449397743,-0.2550355792045593,-0.14650771021842957,-0.31741759506985545,0.09934410452842712,-0.18452546000480652,-0.1715172710828483,-0.15201687812805176,-0.25106075406074524,-0.1649768534116447,0.0772756040096283,-0.39412978291511536,-0.21453938214108348,-0.06774255633354187,-0.4067266285419464,-0.19260099856182933,-0.07073806993889009,-0.07841894120880966,-0.4864627968124766,-0.5502646619623297,-1.3943070715123804,0.0014472788086894628,0.3440519504863648,0.42222950582923013,0.3946507039620503,0.9020418639505867,7.038932853800333
idle,ahad,swipe_left,0.11238884925842285,0.004860222339630127,-0.34669968159869313,-0.2797788679599762,-0.18114835023880005,-0.30000459821894765,0.09777969121932983,-0.18480396270751953,-0.18187619419768453,-0.16878411173820496,-0.26661139726638794,-0.1649646577425301,0.0757131576538086,-0.3939809799194336,-0.2154766139574349,-0.07299566268920898,-0.4070051312446594,-0.1867937264032662,-0.0875276146513057,-0.008439475839788399,-0.005513232088450317,-0.7497966289520384,-1.0497163642536678,0.5276665712396388,0.32647707577354895,0.42147230568011745,0.7142842964069017,10.369985805622543,19.996843302451413
idle,ahad,swipe_left,0.10951113700866699,0.004951596260070801,-0.34669968159869313,-0.30094969272613525,-0.21744811534881592,-0.30000459821894765,0.09557223320007324,-0.18469619750976562,-0.18187619419768453,-0.185336172580719,-0.28693288564682007,-0.16447867127135396,0.07333135604858398,-0.3937290608882904,-0.21712973387911916,-0.07783597707748413,-0.4071716368198395,-0.18641702504828572,-0.08720340150775235,0.0027689066800203888,0.0,-0.6415401444290553,-1.099992882121681,0.0,0.3141287657772105,0.42076550985866445,0.5832215568250664,31.482433013631514,16.393889124831848
idle,ahad,swipe_left,0.10773608088493347,0.005887746810913086,-0.34669464407488704,-0.30734503269195557,-0.258914053440094,-0.2981034475378692,0.09325966238975525,-0.18376004695892334,-0.18187115667387843,-0.19283846020698547,-0.3087002635002136,-0.16252588806673884,0.07107159495353699,-0.3925604224205017,-0.21859255013987422,-0.08120200037956238,-0.40678274631500244,-0.18609469709917903,-0.05378957950707724,0.02836819851037273,0.0001526522365483395,-0.1937981807824368,-1.256543578523598,0.057610626699347404,0.29249236155977626,0.42013732821901767,0.15423104288917772,1.896055663589155,14.479014003801215
idle,ahad,swipe_left,0.10690641403198242,0.005979657173156738,-0.34669789718464017,-0.3138423562049866,-0.3004777431488037,-0.2976841037161648,0.09248101711273193,-0.18354558944702148,-0.18187440978363156,-0.19890186190605164,-0.3338125944137573,-0.1624135528691113,0.0700485110282898,-0.3923061490058899,-0.21859580324962735,-0.0818626880645752,-0.40848419070243835,-0.18529671477153897,-0.025141419786395173,0.0027851624922318585,-9.857908342823729e-05,-0.1968885913039677,-1.2595057487487655,0.012707388536496457,0.279483245182036,0.42000027962854686,0.15632198199776473,9.023673190810781,1.3668735606159261
idle,ahad,swipe_left,0.10521924495697021,0.00697055459022522,-0.3295024880208075,-0.3130054473876953,-0.3407670557498932,-0.29762920225039124,0.09097373485565186,-0.18256184458732605,-0.18027217173948884,-0.19806495308876038,-0.3532949388027191,-0.16235865140333772,0.0685570240020752,-0.391141414642334,-0.21854090178385377,-0.08271777629852295,-0.4097570776939392,-0.1852418133057654,-0.05112633560643133,0.03002719445662113,0.5210730049646345,0.0253608732512507,-1.2208882606390945,0.0016636807810176768,0.265373246159641,0.41490930588719344,0.02077245993463415,1.7026110471040365,6.84393106606667
swipe_left,ahad,swipe_left,0.10559770464897156,0.007834523916244507,-0.32854762813076377,-0.3109610974788666,-0.3742464482784271,-0.2975941910408437,0.09168985486030579,-0.18193545937538147,-0.1744548841379583,-0.19602060317993164,-0.37079304456710815,-0.1623236401937902,0.06891509890556335,-0.39012885093688965,-0.2170380367897451,-0.08110368251800537,-0.41167041659355164,-0.18436987837776542,0.011468475515192079,0.026180888667250837,0.028935148183143182,0.061949997237233725,-1.014527046319199,0.0010609457438642213,0.25894927996611133,0.4149154736204273,0.0610628729900509,0.4380308716818135,6.350930899219041
swipe_left,ahad,swipe_left,0.1072167158126831,0.008711308240890503,-0.32488942285999656,-0.30802106857299805,-0.4137113094329834,-0.2999129011295736,0.09343212842941284,-0.17971190810203552,-0.16892555495724082,-0.1930805742740631,-0.3879399299621582,-0.1623236401937902,0.07082802057266235,-0.389590322971344,-0.21621400257572532,-0.07816365361213684,-0.41399112343788147,-0.16443281015381217,0.04906094435489485,0.026569221958969286,0.11085470517476279,0.08909178502631812,-1.195904883471389,-0.07026394208272221,0.26681335153842556,0.4144619084325615,0.07449732145117385,1.846463474436027,5.9629893155592
swipe_left,ahad,swipe_left,0.10715743899345398,0.009553849697113037,-0.28536501666530967,-0.2978540062904358,-0.44028154015541077,-0.30002918979153037,0.09366753697395325,-0.17905503511428833,-0.13491578539833426,-0.18844082951545715,-0.4008927047252655,-0.16243922850117087,0.07122620940208435,-0.3893469572067261,-0.18299380084499717,-0.07627284526824951,-0.4153006076812744,-0.14139887830242515,-0.0017962672493674824,0.02553155927947114,1.1977092786268946,0.3080927964412854,-0.8051585067402361,-0.0035238988471754233,0.27365276105010883,0.4133917909647102,0.38264815090941173,0.07035202502444513,13.723573228845527
swipe_left,ahad,swipe_left,0.10668262839317322,0.01042279601097107,-0.2132780714891851,-0.2897411584854126,-0.4593273401260376,-0.503484399523586,0.09388026595115662,-0.17836561799049377,-0.07787872990593314,-0.18507227301597595,-0.4062888026237488,-0.19939513644203544,0.07210037112236023,-0.38891303539276123,-0.11695070704445243,-0.07387423515319824,-0.41736435890197754,-0.14139887830242515,-0.014388200008507773,0.02633170648054614,2.184452884124963,0.245843872879488,-0.5771454536553522,-6.165309385819801,0.42363350323142135,0.41224264687405054,0.4259644520423506,0.5464003489021293,186.85809072195084
swipe_left,ahad,swipe_left,0.1064138412475586,0.011434614658355713,-0.05912350339349359,-0.24772697687149048,-0.4658278226852417,-0.8737352065509185,0.094329833984375,-0.17757081985473633,-0.001757669961079955,-0.1561872959136963,-0.4055936634540558,-0.3961438111728057,0.07294374704360962,-0.3881693184375763,-0.07211952877696604,-0.07119745016098022,-0.41863393783569336,-0.1413623265689239,-0.0081450650186251,0.030661171132868474,4.671350548354362,1.2731570186037209,-0.196984319975885,-11.21972142507086,0.7548244642967995,0.40121371764625297,6.463207607346482,0.2656388871919756,156.7196318928461
swipe_left,ahad,swipe_left,0.10579836368560791,0.013596802949905396,-0.05766312824562192,-0.20892450213432312,-0.465440958738327,-0.8960218583233654,0.09450876712799072,-0.1764516532421112,0.007743511814624071,-0.1381012201309204,-0.4050091505050659,-0.4529842589981854,0.07333487272262573,-0.3874626159667969,-0.0677146022208035,-0.06911700963973999,-0.4200422763824463,-0.12656667875126004,-0.01865083521062657,0.06552085731968663,0.044253792359747184,1.1758325677929373,0.01172314990650511,-0.6753530840135359,0.7833699309314942,0.4024966681556262,100.29149892910617,0.2846505879652889,319.6025058897105
swipe_left,ahad,swipe_left,0.10574552416801453,0.016652673482894897,-0.05773625522851944,-0.16906273365020752,-0.47035133838653564,-0.896094985306263,0.09453234076499939,-0.1756533682346344,0.007670384831726551,-0.11439791321754456,-0.4042108654975891,-0.4530573859810829,0.07421901822090149,-0.3854810893535614,-0.060598716139793396,-0.06660568714141846,-0.419773131608963,-0.12330302596092224,-0.0016011975028297942,0.09260213736331722,-0.0022159691787127047,1.2079323783065201,-0.1487993832790474,-0.0022159691787127047,0.7811933267821415,0.40337783463238186,8.117804213187192,0.01729096387466538,20.992618775023637
swipe_left,ahad,swipe_left,0.10594555735588074,0.01867043972015381,-0.05491914786398411,-0.12732988595962524,-0.4685443937778473,-0.8960533570498228,0.09416493773460388,-0.17348480224609375,0.008596857078373432,-0.09422016143798828,-0.394253134727478,-0.45301575772464275,0.07526722550392151,-0.38367414474487305,-0.05248690955340862,-0.06431609392166138,-0.4191162884235382,-0.12326139770448208,0.00606161175352164,0.06114443143208919,0.08536688983440535,1.264631748199483,0.05475589723298131,0.0012614623163685855,0.7769306841763499,0.40351981423066885,23.095387286439724,0.09913433614830133,6.4040321965943905
swipe_left,ahad,swipe_left,0.10617890954017639,0.021387428045272827,-0.05030506942421198,-0.1074552834033966,-0.465953528881073,-0.8960916707292199,0.09374508261680603,-0.17053624987602234,0.012016098946332932,-0.09079679846763611,-0.38734742999076843,-0.45807468984276056,0.07598856091499329,-0.38108327984809875,-0.03968422953039408,-0.06205862760543823,-0.41839563846588135,-0.1266364911571145,0.007071278311989447,0.08233297954906027,0.13982055878097208,0.6022606835220733,0.07851105747800799,-0.0011610205877910834,0.7722589479369745,0.4037411672127972,7.6709323748237335,0.08588529730639208,20.084888795509272
swipe_left,ahad,swipe_left,0.1049390435218811,0.02449333667755127,-0.05037205945700407,-0.07982924580574036,-0.45694130659103394,-0.8003990305587649,0.09155809879302979,-0.1674303412437439,0.011112204752862453,-0.08956676721572876,-0.37665945291519165,-0.45814167987555265,0.07362467050552368,-0.3779773712158203,-0.03409904520958662,-0.06144478917121887,-0.41845038533210754,-0.15280645620077848,-0.03757169752410024,0.09411844340237854,-0.002030000993699771,0.8371526544744452,0.27309764515270324,2.899776974862318,0.6489959026286003,0.40401493989987036,3.0653856008928604,0.39919166716141824,88.39181198324587
swipe_left,ahad,swipe_left,0.10287493467330933,0.02624717354774475,-0.05495878867805004,-0.05449378490447998,-0.4550265967845917,-0.792032765224576,0.09055191278457642,-0.16603419184684753,0.008557216264307499,-0.08604499697685242,-0.37288790941238403,-0.4580760169774294,0.07117688655853271,-0.3763733208179474,-0.034033382311463356,-0.062234312295913696,-0.41990283131599426,-0.15274079330265522,-0.06254875298702287,0.05314657182404431,-0.1389917945771491,0.7677412394321241,0.058021509286128474,0.2535231919451166,0.6403029127130444,0.40440808766537767,13.231782783576875,1.1768882535989236,80.48141862649462
swipe_left,ahad,swipe_left,0.10132914781570435,0.026723116636276245,-0.05782108660787344,-0.008222103118896484,-0.45342034101486206,-0.7513705706223845,0.08957850933074951,-0.1660955846309662,0.007585553452372551,-0.0835300087928772,-0.3714692294597626,-0.4581628357991576,0.06931215524673462,-0.37639352679252625,-0.034120201133191586,-0.06484666466712952,-0.41979190707206726,-0.15282761212438345,-0.046842025988029196,0.014422517834287543,-0.08673630090373839,1.4021721753206966,0.04867441726453323,1.232187715217909,0.6021552006812815,0.40508005134139813,28.806577408477047,3.247614522767565,35.34396416889486
swipe_left,ahad,swipe_left,0.10056951642036438,0.02853870391845703,-0.06111350189894438,0.0235956609249115,-0.44662758708000183,-0.7251921026036143,0.08812251687049866,-0.16440963745117188,0.005162922665476799,-0.07880571484565735,-0.36847490072250366,-0.46037718933075666,0.06615045666694641,-0.3825836479663849,-0.0340998275205493,-0.06569188833236694,-0.41899698972702026,-0.16256128530949354,-0.023019133192120542,0.05501779642972167,-0.09977016033548457,0.9641746679941967,0.20584102832910114,0.7932869096597163,0.5703412600640987,0.41344406936979405,4.684051531267803,0.4183867093771137,19.383924430664017
swipe_left,ahad,swipe_left,0.09966409206390381,0.02870360016822815,-0.06114684417843819,0.042153239250183105,-0.44254088401794434,-0.713629599660635,0.08735257387161255,-0.16549214720726013,-0.009421411901712418,-0.07234573364257812,-0.36781805753707886,-0.4628635607659817,0.06391054391860962,-0.38432279229164124,-0.0353052131831646,-0.06590002775192261,-0.41950467228889465,-0.1793534867465496,-0.0274371017109261,0.0049968560536701925,-0.0010103721058729812,0.5623508583415576,0.12383948672901364,0.350378877059976,0.5455796370753205,0.4153756215353614,4.540929006295715,5.489774298476958,18.291441047195445
swipe_left,ahad,swipe_left,0.09819000959396362,0.02870360016822815,-0.07342939265072346,0.05962127447128296,-0.4351971745491028,-0.7080529350787401,0.08710253238677979,-0.16549214720726013,-0.00962175615131855,-0.062273263931274414,-0.36781805753707886,-0.4650957006961107,0.06338942050933838,-0.38435742259025574,-0.046015189960598946,-0.06741240620613098,-0.41950467228889465,-0.19767785258591175,-0.044669165755763914,0.0,-0.37219843855410506,0.529334400639398,0.2225366505709597,0.16898983581499888,0.5261810862081601,0.4154299315553189,2.3786285119902044,44669.16575576392,6.3371165236386755
swipe_left,ahad,swipe_left,0.09617850184440613,0.02870360016822815,-0.0734088746830821,0.0771501362323761,-0.41711464524269104,-0.6875953553244472,0.08634635806083679,-0.16549214720726013,-0.009601238183677197,-0.050771564245224,-0.36781805753707886,-0.46507518272846937,0.06335762143135071,-0.38435742259025574,-0.046389213763177395,-0.06930986046791077,-0.41950467228889465,-0.22059382777661085,-0.0609547802896204,0.0,0.0006217565951925268,0.5311776291240287,0.5479554335276225,0.6199266592209921,0.4894350514570265,0.4152429178078772,0.9693793094177658,60954.7802896204,16.851449501970702
swipe_left,ahad,swipe_left,0.09508511424064636,0.029201090335845947,-0.07339466270059347,0.08364877104759216,-0.3994140625,-0.6802908992394805,0.08565065264701843,-0.1655636429786682,-0.009587026201188564,-0.043654948472976685,-0.36354750394821167,-0.46506097074598074,0.0633019506931305,-0.3844289183616638,-0.04637500178068876,-0.07046318054199219,-0.41957616806030273,-0.22057961579412222,-0.033132957689689504,0.015075459624781587,0.00043066613601915293,0.19692832773381796,0.5363812952330559,0.22134715408989633,0.4852746317811737,0.41572829547243567,0.3671417373093074,2.197661686781422,15.766960435811153
swipe_left,ahad,swipe_left,0.09508511424064636,0.029244303703308105,-0.07339026220142841,0.09112313389778137,-0.38380974531173706,-0.6062433440238237,0.0851767361164093,-0.165052592754364,-0.009582625702023506,-0.03569570183753967,-0.35108962655067444,-0.4650565702468157,0.06298026442527771,-0.38480180501937866,-0.046370601281523705,-0.07050541043281555,-0.4188055992126465,-0.22057521529495716,0.0,0.0013094959837017847,0.00013334845954721838,0.22649584394513114,0.472858096614036,2.243865309565392,0.4196288856238416,0.41616699004881796,0.4789922528021173,0.0,61.32519651983477
swipe_left,ahad,swipe_left,0.09505581855773926,0.02830788493156433,-0.07339026220142841,0.09350776672363281,-0.3658800423145294,-0.5912147480994463,0.08451133966445923,-0.16596564650535583,-0.0027048783376812935,-0.030169904232025146,-0.3423973023891449,-0.457649203017354,0.06290644407272339,-0.3860524296760559,-0.046370601281523705,-0.07069680094718933,-0.4190003573894501,-0.22057521529495716,-0.0008877479668819446,-0.0283763264164777,0.0,0.07226160078337619,0.5433243332487104,0.4554119977084023,0.4088503041397309,0.4164830304799109,0.13299876954255327,0.03128370706432939,54.438606973887474
swipe_left,ahad,swipe_left,0.09497091174125671,0.02733948826789856,-0.07339026220142841,0.09342285990715027,-0.3535672128200531,-0.5489844400435686,0.08369049429893494,-0.16711482405662537,-0.00239310204051435,-0.03025481104850769,-0.32894572615623474,-0.4210247416049242,0.062114447355270386,-0.3870691955089569,-0.046173134818673134,-0.07114177942276001,-0.4193825423717499,-0.21770030446350574,-0.002572933832804403,-0.029345353444417785,0.0,-0.002572933832804403,0.37311604528716713,1.2797063047235866,0.37571579233352886,0.41659917962543147,0.006895782075097001,0.08767473743126412,25.606189231157767
swipe_left,ahad,swipe_left,0.09510549902915955,0.02716931700706482,-0.07339026220142841,0.09334495663642883,-0.34109213948249817,-0.530178340151906,0.0836125910282135,-0.16700121760368347,-0.0020792915020138025,-0.030332714319229126,-0.31762459874153137,-0.3975376505404711,0.0617770254611969,-0.38770371675491333,-0.046173134818673134,-0.07126376032829285,-0.4188138246536255,-0.21290518529713154,0.004078402663722138,-0.005156704873749647,0.0,-0.002360705173376809,0.37803252538044835,0.5698818148988604,0.3657853808425282,0.4170985414937422,0.0062446979299019155,0.7907398278019624,21.510349937374645
swipe_left,ahad,swipe_left,0.09523335099220276,0.027121633291244507,-0.0791537119075656,0.09324911236763,-0.31991973519325256,-0.5107943220064044,0.08351674675941467,-0.1681494414806366,-0.0005016607756260782,-0.030428558588027954,-0.31033310294151306,-0.36443627905100584,0.06168118119239807,-0.3875037431716919,-0.04620503168553114,-0.07152336835861206,-0.41859593987464905,-0.20352729689329863,0.003874301910400452,-0.0014449610854640382,-0.17464999109506885,-0.002904371781782717,0.6415880087650285,0.587394489257634,0.3623534027670537,0.41728355639023273,0.004526841548257251,2.679395696985241,8.004158822516537
swipe_left,ahad,swipe_left,0.09676811099052429,0.02580714225769043,-0.0884329630061984,0.09205326437950134,-0.30283111333847046,-0.480889062397182,0.08341792225837708,-0.16987937688827515,0.0018208322580903769,-0.0322396457195282,-0.2986142039299011,-0.33385736774653196,0.061582356691360474,-0.38920822739601135,-0.04621254187077284,-0.07223817706108093,-0.41752901673316956,-0.20353480707854033,0.046507878737015645,-0.039833061622850385,-0.28118942723129425,-0.03623781782208027,0.5178370259024824,0.906219988158245,0.34215883697067107,0.41863869662902947,0.06997905910622419,1.1675404626661745,10.41274573627039
swipe_left,ahad,swipe_left,0.09779775142669678,0.024576812982559204,-0.08864619862288237,0.08976292610168457,-0.2804773151874542,-0.4508807761594653,0.0842752456665039,-0.1711162030696869,0.002362641505897045,-0.03354579210281372,-0.2861150801181793,-0.32953087519854307,0.06151384115219116,-0.39043664932250977,-0.04661900829523802,-0.07321983575820923,-0.414958119392395,-0.2037080181762576,0.031201225338559818,-0.03728270530700643,-0.006461685354059322,-0.06940419023687112,0.6773878227580603,0.9093420072035256,0.3251812412365016,0.4187110946298,0.10245842255602124,0.8368595632230904,4.939134780273658
swipe_left,ahad,swipe_left,0.09858453273773193,0.023989617824554443,-0.08949083276093006,0.08683991432189941,-0.2602475881576538,-0.4495468605309725,0.08849745988845825,-0.17177128791809082,0.0023776553571224213,-0.035288453102111816,-0.27891939878463745,-0.3255676794797182,0.061672329902648926,-0.3909316062927246,-0.047322848811745644,-0.07323747873306274,-0.41473060846328735,-0.20369300432503223,0.023841857910156628,-0.017793792666811217,-0.025594973880233594,-0.08857611453894554,0.6130220312060829,0.04042168571190465,0.33156280542508804,0.4186887529077636,0.14449067984391678,1.3398221803743573,26.409452402899483
idle,ahad,swipe_left,0.09876459836959839,0.02361425757408142,-0.11428195051848888,0.08240944147109985,-0.23924043774604797,-0.42841593734920025,0.09168088436126709,-0.17214664816856384,0.0023544132709503174,-0.03730207681655884,-0.26212695240974426,-0.31999422423541546,0.062357544898986816,-0.39109694957733154,-0.05810502730309963,-0.07314819097518921,-0.4139355421066284,-0.21731978468596935,0.005456534298983427,-0.01137455304463692,-0.7512459926532894,-0.13425675305453066,0.6365803155032002,0.6403310055082424,0.3150843413580988,0.4200794039004315,0.2109027547382605,0.479672001666411,18.245668328097654
idle,ahad,swipe_left,0.09876149892807007,0.02340760827064514,-0.1179294353350997,0.0814661979675293,-0.21333912014961243,-0.42824121471494436,0.09233498573303223,-0.17228540778160095,0.0025291359052062035,-0.040249526500701904,-0.2450833022594452,-0.31848355289548635,0.06374478340148926,-0.39118605852127075,-0.058785210363566875,-0.07317113876342773,-0.4127679467201233,-0.22274660225957632,-9.392247055516248e-05,-0.006262100104129776,-0.11052984292760216,-0.028583136471835507,0.7848884120132109,0.005294625280481481,0.3254421584962775,0.42025244586762245,0.03641676908154599,0.014996163081160347,20.01912329424159
idle,ahad,swipe_left,0.09909912943840027,0.023173600435256958,-0.12098026555031538,0.06579646468162537,-0.1963878571987152,-0.42947577964514494,0.0938129723072052,-0.168125182390213,-0.005091621540486813,-0.04690679907798767,-0.23689302802085876,-0.3105224324390292,0.06530949473381042,-0.39086198806762695,-0.07245965581387281,-0.07318821549415588,-0.41125887632369995,-0.22869741450995207,0.01023122758576353,-0.007091146526914577,-0.09244940046108029,-0.4748404026031442,0.5136746348756676,-0.03741105849092616,0.32526642631807945,0.41823612652375597,0.9243973635581854,1.4426136779515473,15.877348879700666
idle,ahad,swipe_left,0.09982755780220032,0.01986229419708252,-0.15570249687880278,0.051177531480789185,-0.16121536493301392,-0.42947577964514494,0.0938778817653656,-0.15996694564819336,-0.01914412248879671,-0.053636640310287476,-0.22533369064331055,-0.303498144261539,0.06727990508079529,-0.38938307762145996,-0.09335007797926664,-0.07289072871208191,-0.41023701429367065,-0.24192907940596342,0.022073586781819417,-0.10034261327801218,-1.0521888281359701,-0.4429979757829097,1.0658330989606335,0.0,0.33552716701959207,0.4152456480147546,0.4156350188222603,0.21997998737261237,16.79817256075699
idle,ahad,swipe_left,0.0998924970626831,0.01780429482460022,-0.213759396225214,0.037161052227020264,-0.1337861716747284,-0.4296118952333927,0.0940132737159729,-0.16066357493400574,-0.05540351942181587,-0.05961400270462036,-0.21792176365852356,-0.3022545911371708,0.06932836771011353,-0.38761448860168457,-0.12837045267224312,-0.07268661260604858,-0.4088495373725891,-0.2515288032591343,0.001967856378266337,-0.06236361734794947,-1.7592999801943077,-0.42474179556876196,0.8311876744935139,-0.004124714795387219,0.345600856864426,0.4154393188409372,0.5110052730537733,0.031554051992127546,7.133051191062418
idle,ahad,swipe_left,0.10209077596664429,0.01817837357521057,-0.22133218683302402,0.021087586879730225,-0.1136065423488617,-0.43003840185701847,0.09405994415283203,-0.16028949618339539,-0.06595824845135212,-0.06684339046478271,-0.21153894066810608,-0.3022407088428736,0.07108581066131592,-0.38642245531082153,-0.13246644474565983,-0.07272633910179138,-0.4073304831981659,-0.2641739044338465,0.0666145122412472,0.011335719715465074,-0.2294785032669678,-0.4870747074936322,0.6115039189656508,-0.012924443140174262,0.3501226037283988,0.41540372979257995,0.7965180530640865,5.8759953419660285,6.925006891743078
idle,ahad,swipe_left,0.1044321358203888,0.018162161111831665,-0.24749089684337378,0.0073576271533966064,-0.07942202687263489,-0.4350584736093879,0.09457239508628845,-0.1603057086467743,-0.08642368670552969,-0.07125928997993469,-0.20725509524345398,-0.2949697067961097,0.0732860267162323,-0.386252224445343,-0.17825657036155462,-0.07226791977882385,-0.4061565399169922,-0.294198184274137,0.07095029859831951,-0.0004912867690577729,-0.7926881821318232,-0.41605938564647993,1.0358944083705257,-0.1521233864354389,0.36460566486301216,0.4114783922896879,0.40164227226467364,144.12391934505362,13.704436461998158
idle,ahad,swipe_left,0.10601425170898438,0.01798844337463379,-0.2548368447460234,-0.0012538433074951172,-0.049971938133239746,-0.4350008242763579,0.09538787603378296,-0.16335123777389526,-0.09068189049139619,-0.07466664910316467,-0.1996099352836609,-0.292979555670172,0.07526808977127075,-0.38640296459198,-0.18747121328487992,-0.07208207249641418,-0.4045505225658417,-0.2980304234661162,0.04794290571501708,-0.005264173854481032,-0.22260448189847154,-0.26095365033004936,0.8924269314968126,0.001746949485757115,0.38665682625085535,0.41111539208995684,0.2924086540997976,9.105664321837027,7.920448499341792
idle,ahad,swipe_left,0.10411611199378967,0.01804274320602417,-0.2621381306089461,-0.01898464560508728,-0.02712714672088623,-0.42982650035992265,0.09351888298988342,-0.16517901420593262,-0.09302125358954072,-0.08046582341194153,-0.19258344173431396,-0.2913363897241652,0.07477888464927673,-0.38639482855796814,-0.1965679549612105,-0.07334402203559875,-0.40207386016845703,-0.29802277917042375,-0.057519385308929735,0.0016454494360721291,-0.22125108675522995,-0.5372970393209687,0.6922664064349474,0.15679769443742986,0.40113863021460294,0.4107674163040357,0.776140887649112,34.93540952350867,11.357397800346304
idle,ahad,swipe_left,0.10167235136032104,0.018284201622009277,-0.2621645051985979,-0.03715413808822632,-0.00909566879272461,-0.42985287494957447,0.09202885627746582,-0.16662460565567017,-0.09304762817919254,-0.08659982681274414,-0.1857343316078186,-0.28854122944176197,0.07385754585266113,-0.38639482855796814,-0.1965943295508623,-0.07487165927886963,-0.3991677165031433,-0.29804915376007557,-0.07405335252935354,0.007316921696518523,-0.0007992299894491959,-0.5505906813072523,0.5464084220655123,-0.0007992299894491959,0.41346225308867673,0.4108992927802516,1.0076522458670902,10.119451341572043,6.519594194246712
idle,ahad,swipe_left,0.10172092914581299,0.017703086137771606,-0.26219961093738675,-0.05031144618988037,0.0075241029262542725,-0.4100764994509518,0.09305250644683838,-0.16883912682533264,-0.09308273391798139,-0.08981260657310486,-0.17775502800941467,-0.24822664307430387,0.07449591159820557,-0.38851460814476013,-0.19662943528965116,-0.07556745409965515,-0.3974335491657257,-0.2980842594988644,0.0014720541058164493,-0.017609560128414078,-0.0010638102663285687,-0.3987063061107245,0.5036294460296575,0.5992841060188617,0.42091665176478066,0.41237539289239705,0.7916644223039003,0.08358928365040115,18.80250931748072
idle,ahad,swipe_left,0.1030280590057373,0.014110475778579712,-0.25485571986064315,-0.06390058994293213,0.016621559858322144,-0.40720498329028487,0.09387356042861938,-0.17456462979316711,-0.09070076560601592,-0.093208909034729,-0.18056264519691467,-0.24479684000834823,0.07432353496551514,-0.3923293352127075,-0.18749008839949965,-0.07624468207359314,-0.39959073066711426,-0.29149162536486983,0.03960999575528295,-0.10886698058157429,0.2225421538407188,-0.4117922349409689,0.2756805130929702,0.08701564123233298,0.43217430349031133,0.41298353231232793,1.493724516819875,0.3638351289670828,16.995406325154445
idle,ahad,swipe_left,0.10357272624969482,0.010540127754211426,-0.2286143689416349,-0.07854050397872925,0.01943492889404297,-0.3655879436992109,0.09528952836990356,-0.18101829290390015,-0.056614605244249105,-0.09567490220069885,-0.18472880125045776,-0.19860630622133613,0.07377082109451294,-0.3965975344181061,-0.17620013048872352,-0.07625705003738403,-0.4012362062931061,-0.24367345264181495,0.01650506799871253,-0.10819236437479536,0.7951924520911505,-0.4436337586605139,0.08525360714305437,1.2611224118507132,0.4379869418959094,0.41157803865441756,5.20363383900311,0.15255157369482392,36.05682432365622
idle,ahad,swipe_left,0.10384032130241394,0.01021614670753479,-0.22345868404954672,-0.09012886881828308,0.017825812101364136,-0.32724334951490164,0.09649285674095154,-0.1836737096309662,-0.05662878882139921,-0.09728890657424927,-0.1863379180431366,-0.16700952406972647,0.07398316264152527,-0.3982066512107849,-0.17560044582933187,-0.07601916790008545,-0.4018052816390991,-0.22004189249128103,0.00810894099148828,-0.00981760747504946,0.15623287551782175,-0.35116257089556685,-0.04876111492966107,1.1619573995245098,0.4333376176629553,0.4122997001554487,7.201545121701875,0.8258748516115247,5.7770457058720055
idle,ahad,swipe_left,0.1042819619178772,0.009814202785491943,-0.22345229960046709,-0.09970277547836304,0.016604304313659668,-0.31476391828618944,0.09748917818069458,-0.18489521741867065,-0.05662240437231958,-0.09791603684425354,-0.18755942583084106,-0.15367290354333818,0.07635557651519775,-0.3994281589984894,-0.1712992039974779,-0.07419350743293762,-0.4030267894268036,-0.19955328083597124,0.01338304895343224,-0.012180118849783426,0.0001934681539282685,-0.29011838363879117,-0.03701538750619658,0.37816458268825454,0.43590649062811215,0.4134962382672478,7.837566093942177,1.0986715685538346,23.825882297398238
idle,ahad,swipe_left,0.10494905710220337,0.010918021202087402,-0.2234427419025451,-0.1069803535938263,0.016283750534057617,-0.3002375003416091,0.0987095832824707,-0.1852157711982727,-0.05661284667439759,-0.09861868619918823,-0.18803435564041138,-0.14486242202110589,0.07891964912414551,-0.39974871277809143,-0.1712896462995559,-0.07314488291740417,-0.40334734320640564,-0.1964337166864425,0.02021500558564135,0.033449042927134756,0.0002896272097573104,-0.2205326701655508,-0.009713750897031736,0.44019448316909565,0.4336015675834684,0.41478264411449245,22.70080545584888,0.6043342195307884,2.943492836385498
idle,ahad,swipe_left,0.10563898086547852,0.010861784219741821,-0.22344537312164903,-0.10914376378059387,0.002903491258621216,-0.2995226704515517,0.09967517852783203,-0.18654116988182068,-0.061532842461019754,-0.09891414642333984,-0.19160202145576477,-0.14165401691570878,0.08007943630218506,-0.40043285489082336,-0.17129227751865983,-0.07217907905578613,-0.4046727418899536,-0.19625993305817246,0.0209067807053078,-0.00170415098016915,-7.973391224037644e-05,-0.0655578844475034,-0.40546240228595803,0.02166151181992291,0.42207578309867516,0.41537515074971393,0.16168631762545096,12.260955744361043,18.075548714556678
idle,ahad,swipe_left,0.10643485188484192,0.011915713548660278,-0.23109065322205424,-0.1117810308933258,-0.004273027181625366,-0.2954493793658912,0.10038551688194275,-0.18671461939811707,-0.07083115307614207,-0.09923195838928223,-0.1932714283466339,-0.13947713701054454,0.08098319172859192,-0.4003634452819824,-0.17128035752102733,-0.07142457365989685,-0.4051136374473572,-0.19386010197922587,0.024117303617072563,0.031937252391468045,-0.23167515455773127,-0.07991718523430014,-0.21747025576504556,0.12343306320183069,0.4154783023920536,0.4173717327307347,0.36748390012812593,0.7551228326918488,6.4925390070338445
idle,ahad,swipe_left,0.10708439350128174,0.013153046369552612,-0.24643974522768985,-0.11578765511512756,-0.00716891884803772,-0.29393338183581363,0.10110241174697876,-0.18595990538597107,-0.08772316346585285,-0.09921249747276306,-0.19353148341178894,-0.13568179825961124,0.08187711238861084,-0.4003356397151947,-0.18168433527171146,-0.07041043043136597,-0.405264675617218,-0.19291243473708164,0.019683079286054915,0.037494933966433955,-0.465124000170771,-0.12141285520611254,-0.0877542929215855,0.04593931909325962,0.4132124826652164,0.41928697053420433,1.3835388289866692,0.5249390321541275,4.748340971576329
idle,ahad,swipe_left,0.10737651586532593,0.014259368181228638,-0.25017299602768617,-0.11837702989578247,-0.009554475545883179,-0.2926824475362082,0.10110241174697876,-0.18535462021827698,-0.08812972257874208,-0.09921249747276306,-0.19520601630210876,-0.13513169537327485,0.08187735080718994,-0.40008121728897095,-0.18204181741020875,-0.0696861743927002,-0.4054178297519684,-0.19384610007546144,0.008852192849824064,0.03352490338412251,-0.11312881212110219,-0.07846590244408935,-0.072289596904409,0.03790709998804403,0.41091023130642046,0.42067824484545957,1.0854233580038917,0.2640403973130926,1.4044773342316414
idle,ahad,swipe_left,0.10737651586532593,0.01630532741546631,-0.2538393412833102,-0.11986422538757324,-0.010100007057189941,-0.28935199725674465,0.10110241174697876,-0.18349069356918335,-0.09102876234101132,-0.09928485751152039,-0.1985519528388977,-0.13460679101990536,0.08187735080718994,-0.3993237316608429,-0.18392483639763668,-0.06939208507537842,-0.40627536177635193,-0.19385193038033321,0.0,0.06199876467386813,-0.11110137138254536,-0.04506653005426531,-0.016531257918386565,0.10092273574131853,0.4106368363992042,0.4222389846529203,2.7259755005481723,0.0,2.743299842121987
idle,ahad,swipe_left,0.10760498046875,0.01859450340270996,-0.2597894197097048,-0.1201389729976654,-0.009714245796203613,-0.28852818661835045,0.10133087635040283,-0.1810179352760315,-0.09962904208805412,-0.09911906719207764,-0.19832444190979004,-0.13402908795978874,0.08210581541061401,-0.3979918956756592,-0.18983405584003776,-0.06916362047195435,-0.40681564807891846,-0.19229806715156883,0.006923169800729573,0.06936896931041481,-0.18030540686044566,-0.008325685154308106,0.011689735181404069,0.024963958739218785,0.41176236611984113,0.4231881239471186,0.7121609569560178,0.09980067555962098,2.6961268582831974
idle,ahad,swipe_left,0.10862675309181213,0.021502286195755005,-0.2685598114039749,-0.11913716793060303,-0.012219041585922241,-0.2863081970717758,0.10224875807762146,-0.17779698967933655,-0.10475126444362104,-0.09818121790885925,-0.19876208901405334,-0.13019265024922788,0.08312758803367615,-0.3968013823032379,-0.19632315426133573,-0.06814184784889221,-0.4075515866279602,-0.19108138768933713,0.03096280675945826,0.08811463009227309,-0.2657694452809084,0.03035772930492021,-0.07590290271874547,0.06727241050226145,0.40982494929519653,0.425260274577253,0.3999495179768005,0.35138836012447017,3.172262977100578
idle,ahad,swipe_left,0.11085730791091919,0.022297769784927368,-0.27449427591636777,-0.11696889996528625,-0.013717025518417358,-0.2863060091622174,0.10428756475448608,-0.1776438057422638,-0.1057261903770268,-0.09611362218856812,-0.19873520731925964,-0.13019046233966947,0.0851057767868042,-0.3960772454738617,-0.19672319339588284,-0.06546664237976074,-0.40798476338386536,-0.19107919977977872,0.06759257027597246,0.02410556330825382,-0.17983225795130223,0.06570508985808506,-0.04539345249985276,6.630028964895296e-05,0.4088614397116739,0.42632046165348003,1.4474255385787103,2.803907359653772,2.47984042642602
idle,ahad,swipe_left,0.1111537516117096,0.02232736349105835,-0.27449427591636777,-0.11617633700370789,-0.013691306114196777,-0.2885126923210919,0.10386678576469421,-0.1776180863380432,-0.1057261903770268,-0.09575194120407104,-0.19870948791503906,-0.1336441789753735,0.08396902680397034,-0.3960515260696411,-0.19799952255561948,-0.06595662236213684,-0.4079590439796448,-0.19228257285431027,0.008983142448194,0.0008967789736660946,0.0,0.024017059441768497,0.0007793758854721446,-0.06686918663256022,0.4089367979930511,0.4261822987697145,30.77627062660662,10.005962170745876,2.769070509784696
idle,ahad,swipe_left,0.11129885911941528,0.022903352975845337,-0.27449427591636777,-0.11457252502441406,-0.013689011335372925,-0.2926679109223187,0.10339826345443726,-0.17761579155921936,-0.1057261903770268,-0.0951521098613739,-0.1987071931362152,-0.1336441789753735,0.08197784423828125,-0.39604923129081726,-0.19823207007721066,-0.0668429434299469,-0.4079567492008209,-0.19417740451171994,0.004397197203202633,0.017454226811726696,0.0,0.0486003630089032,6.953875223795496e-05,-0.12591571518868971,0.4091766634764704,0.426845304316246,688.988130169287,0.2519129227383357,1.9382892728848495
idle,ahad,swipe_left,0.10977250337600708,0.02298593521118164,-0.273708758642897,-0.11365818977355957,-0.013685286045074463,-0.2958676496054977,0.10158401727676392,-0.17797690629959106,-0.10520506440661848,-0.09396657347679138,-0.19870346784591675,-0.13364636688493192,0.07947450876235962,-0.3960455060005188,-0.2021566906478256,-0.06719309091567993,-0.40795302391052246,-0.19501262693665922,-0.04625320434570386,0.0025024919798880313,0.023803553741538544,0.027707128813772932,0.00011288758480187798,-0.09696177827815369,0.4096068726607771,0.42617486509170704,243.28489239606782,18.47547534295378,1.0819750233785652
idle,ahad,swipe_left,0.10777035355567932,0.022955209016799927,-0.27365965372882783,-0.1145685613155365,-0.007400482892990112,-0.3055777621921152,0.10060897469520569,-0.17803409695625305,-0.1051559594925493,-0.09476485848426819,-0.19606831669807434,-0.1497915608342737,0.07856020331382751,-0.39633652567863464,-0.20210758573375642,-0.0685873031616211,-0.4075620770454407,-0.21409685141406953,-0.06067120667659809,-0.0009310967994458645,0.0014880276990659146,-0.02758701642354299,0.19044858036619036,-0.2942458359581019,0.4130524598314702,0.42635488750034234,0.14485207250391183,65.09110074475889,8.474350532648076
idle,ahad,swipe_left,0.10871556401252747,0.02351754903793335,-0.2583335530739532,-0.111935555934906,-0.0038856863975524902,-0.30566339611823423,0.10134425759315491,-0.1780378222465515,-0.1044368711095558,-0.09295055270195007,-0.19601547718048096,-0.1497842860203491,0.07918581366539001,-0.3966000974178314,-0.202094097135614,-0.0685846209526062,-0.40753763914108276,-0.2140833628159271,0.028642741116610897,0.017040606701013084,0.46442729257196524,0.07978804183728894,0.10650898471023267,-0.0025949674581528955,0.4161743685249687,0.4248925975153434,0.7491132597038436,1.6807535591645917,9.755292785448628
idle,ahad,swipe_left,0.1096545159816742,0.02398902177810669,-0.25666804739739746,-0.1098092794418335,-0.0017203688621520996,-0.30567757913377136,0.10169437527656555,-0.1780645251274109,-0.10364195832516998,-0.09266340732574463,-0.19471299648284912,-0.14979846903588623,0.08021721243858337,-0.3967016935348511,-0.1981858474900946,-0.06932574510574341,-0.4065147638320923,-0.21409754583146423,0.028453089974142975,0.014287052732525294,0.05046986898653785,0.06443262100219656,0.06561568289092021,-0.00042978834960993726,0.4169943899515592,0.4257550945043569,0.9819548651873791,1.9913903249651663,1.3252991703697463
idle,ahad,swipe_left,0.10888747870922089,0.02274608612060547,-0.246530681848526,-0.10994844138622284,-0.0014229416847229004,-0.30570845305919647,0.099687859416008,-0.1793791651725769,-0.08473522961139679,-0.09400291740894318,-0.19502609968185425,-0.14982934296131134,0.07984517514705658,-0.3982083797454834,-0.1868351399898529,-0.07041136920452118,-0.4065554141998291,-0.21412841975688934,-0.02324355371070605,-0.03766471689397597,0.30719289542034384,-0.004217028617858841,0.009012944770581696,-0.0009355734977306638,0.41723183347217896,0.42615686718226387,0.46783386466064447,0.6171010570735608,2.696271645156274
idle,ahad,swipe_left,0.10799182951450348,0.019790709018707275,-0.24513573851436377,-0.11066915094852448,0.004152238368988037,-0.30565677490085363,0.09988082945346832,-0.18271034955978394,-0.08451648708432913,-0.09575273096561432,-0.1939888596534729,-0.14987057354301214,0.07873834669589996,-0.4015439748764038,-0.1841518422588706,-0.07239623367786407,-0.4073646068572998,-0.21196654345840216,-0.02714088468840671,-0.08955688187570425,0.042271010126129015,-0.021839683706110523,0.16894485011245533,0.0015660047982678517,0.42377917547838934,0.4267290917110202,0.12927031762883426,0.303054115617373,4.8763432810734235
idle,ahad,swipe_left,0.10794886201620102,0.019075363874435425,-0.2451439342694357,-0.11098767071962357,0.004499942064285278,-0.3040377638535574,0.09950857609510422,-0.18354174494743347,-0.08452468283940107,-0.09584058076143265,-0.19449934363365173,-0.14878551580477506,0.07858868688344955,-0.40239033102989197,-0.1810625932412222,-0.07282198220491409,-0.4076024889945984,-0.2067179671721533,-0.0013020454031048255,-0.021677125583995233,-0.00024835621430114994,-0.009652114275729911,0.0105364756150678,0.049060940827157826,0.425154297038797,0.4273192835959871,0.9159797496402375,0.06006263770637596,5.02496238105812
idle,ahad,swipe_left,0.10790589451789856,0.018360018730163574,-0.24515213002450764,-0.11130619049072266,0.0048476457595825195,-0.3013871156144887,0.09913632273674011,-0.18436872959136963,-0.084532878594473,-0.09592843055725098,-0.19500982761383057,-0.14587913383729756,0.07843902707099915,-0.40305328369140625,-0.18095212359912694,-0.07324773073196411,-0.407840371131897,-0.20650182594545186,-0.0013020454031048606,-0.02167712558399582,-0.0002483562143011566,-0.009652114275730171,0.010536475615068083,0.0803226739111736,0.42516239702095965,0.4272927668004755,0.9159797496402377,0.06006263770637595,0.9473252449701902
idle,ahad,swipe_left,0.10831393301486969,0.015127301216125488,-0.2448095646686852,-0.11208687722682953,0.006302058696746826,-0.29921506764367223,0.10016240179538727,-0.18662619590759277,-0.08209471823647618,-0.0970897525548935,-0.19655311107635498,-0.14382676454260945,0.07820059359073639,-0.4059198200702667,-0.1785219651646912,-0.07396267354488373,-0.40879809856414795,-0.20189089002087712,0.012364802938518967,-0.09796113678903183,0.010380768358255764,-0.02365717382142012,0.04407311930800881,0.06581963547928694,0.42805792950762567,0.4272956089206076,0.5367588551479308,0.12622022491350324,1.1857689545653296
idle,ahad,swipe_left,0.10783134400844574,0.015525639057159424,-0.2430155468173325,-0.11226491630077362,0.007186293601989746,-0.2947765183635056,0.09910856187343597,-0.1894093155860901,-0.07938130619004369,-0.09877203404903412,-0.19648945331573486,-0.1389283132739365,0.07678709924221039,-0.4090956449508667,-0.17775646271184087,-0.07493288815021515,-0.4103779196739197,-0.2014898401685059,-0.014623909285574088,0.012070843667694883,0.05436417731371733,-0.005395123452851207,0.026794997128573035,0.13450149333838113,0.429483360403195,0.4307269761972407,0.2013406490142624,1.2114064502598485,2.216316815882595
idle,ahad,swipe_left,0.10647355020046234,0.013166606426239014,-0.23605204699561,-0.11421732604503632,0.0037987828254699707,-0.2926515298895538,0.09713421761989594,-0.1923859715461731,-0.076369549613446,-0.10189388692378998,-0.198419451713562,-0.13775403378531337,0.07589392364025116,-0.4127235412597656,-0.17604910908266902,-0.07759203016757965,-0.41355884075164795,-0.19936309335753322,-0.04114526690858849,-0.07148583730061962,0.2110151461128066,-0.05916393164432504,-0.1026518417127221,0.06439359011975304,0.4292220062469297,0.43118196160641165,0.5763496719350212,0.5755642361902595,4.749238681828699
idle,ahad,swipe_left,0.1047285944223404,0.010918974876403809,-0.22365234373137355,-0.11576618254184723,0.0021561384201049805,-0.2815687167458236,0.09427197277545929,-0.19451147317886353,-0.07324113277718425,-0.10471154749393463,-0.20047372579574585,-0.13305298564955592,0.07359470427036285,-0.41565924882888794,-0.16592332301661372,-0.08055825531482697,-0.4145875573158264,-0.18736749468371272,-0.05287744782187664,-0.06811004696470244,0.3757485837647368,-0.04693504535790594,-0.049777103192877946,0.335842822537274,0.4287059322114179,0.43159117216208503,0.9428853722297161,0.7763417269048823,8.388520809496566
idle,ahad,swipe_left,0.10186989605426788,0.012026846408843994,-0.2236695596948266,-0.11824522912502289,0.003730177879333496,-0.2815859327092767,0.09076143801212311,-0.19451147317886353,-0.0732583487406373,-0.10605396330356598,-0.20047372579574585,-0.13307020161300898,0.07131899893283844,-0.41565924882888794,-0.1657953718677163,-0.08274988830089569,-0.4144175946712494,-0.18738471064716578,-0.08662722327492592,0.033571864619400094,-0.0005216958622137789,-0.07512262373259693,0.0476981654311679,-0.0005216958622137789,0.43009458162970393,0.43266404402407893,1.5749253273833972,2.5802750005690114,10.646548555698043
idle,ahad,swipe_left,0.10191600024700165,0.01237034797668457,-0.22366895340383053,-0.11783210933208466,0.004488766193389893,-0.2815853264182806,0.09125618636608124,-0.19451147317886353,-0.07325774244964123,-0.106377974152565,-0.20047372579574585,-0.1330695953220129,0.07098005712032318,-0.41565924882888794,-0.16579476557672024,-0.0831298679113388,-0.4144175946712494,-0.1873841043561697,0.0013970967495080043,0.010409138419411285,1.8372454426505146e-05,0.012518781604188723,0.0229875246683754,1.8372454426505146e-05,0.4307675184719413,0.4330309341552006,0.5445665515634599,0.13420539604957654,2.759393901140939
idle,ahad,swipe_left,0.10098591446876526,0.01237034797668457,-0.218788658734411,-0.11596477031707764,0.004781544208526611,-0.2815853259526193,0.09110823273658752,-0.19451147317886353,-0.07278449600562453,-0.10763925313949585,-0.20047372579574585,-0.13306959485635161,0.07004842162132263,-0.41681963205337524,-0.16388567304238677,-0.08332586288452148,-0.4144175946712494,-0.18611272191628814,-0.028184417522314514,0.0,0.14788771725513555,0.056586030757787835,0.008872061064748955,1.4110948100234368e-08,0.4311707717800625,0.43379200691090114,6.377284044915882,28184.417522314514,1.4022051037963055
idle,ahad,swipe_left,0.10060462355613708,0.01253172755241394,-0.21879031788557768,-0.11553934216499329,0.0049429237842559814,-0.2889221115037799,0.09111031889915466,-0.1946471631526947,-0.07278615515679121,-0.10757267475128174,-0.20031395554542542,-0.13527944218367338,0.06903961300849915,-0.4183371067047119,-0.16388733219355345,-0.08374416828155518,-0.41425621509552,-0.18611438106745481,-0.011554270079641816,0.004890290173617354,-5.027730808113641e-05,0.012891762184374466,0.004890290173617354,-0.2223268348836573,0.4327912667294615,0.43549815161819655,2.6356567954013577,2.3622131727050766,6.867115406281114
idle,ahad,swipe_left,0.09688606858253479,0.012922912836074829,-0.2187984432093799,-0.11726978421211243,0.00533410906791687,-0.2912029321305454,0.08768346905708313,-0.19846925139427185,-0.07279428048059344,-0.10914403200149536,-0.20012012124061584,-0.14378413511440158,0.06610575318336487,-0.4192819595336914,-0.16389545751735568,-0.08702352643013,-0.41412025690078735,-0.18612250639125705,-0.11268348404855315,0.011854099504875284,-0.0002462219334009895,-0.05243763779148854,0.011854099504875284,-0.06911577656865044,0.4334728331897766,0.43676402937299785,4.423213636454432,9.505064381974464,5.051620904858401
idle,ahad,swipe_left,0.09376926720142365,0.007531791925430298,-0.22372499061748385,-0.11689455807209015,0.005825430154800415,-0.29274001671001315,0.0858382135629654,-0.2020818293094635,-0.05691928742453456,-0.10950161516666412,-0.19961711764335632,-0.14527188194915652,0.06517316401004791,-0.4212677478790283,-0.1408556099049747,-0.08779294788837433,-0.4141251742839813,-0.18616875959560275,-0.09444852670033924,-0.16336730032256416,-0.14928931539709156,0.011370489091584357,0.014888517784350084,-0.04657832058993327,0.43423823729230576,0.43766895790531235,0.763657309542659,0.578132517225523,2.0527080531201367
idle,ahad,swipe_left,0.09325747191905975,0.0031651556491851807,-0.22882458148524165,-0.11767052114009857,0.00722232460975647,-0.2941322582773864,0.08494339883327484,-0.2055540382862091,-0.05695230467244983,-0.10972677171230316,-0.19847312569618225,-0.14536144910380244,0.0646095722913742,-0.42264699935913086,-0.14088862715288997,-0.08740337193012238,-0.4139556586742401,-0.18826761422678828,-0.015508947950420788,-0.13232231140136574,-0.15453305659871944,-0.023514032363891345,0.04233013499866786,-0.04218913840525032,0.43533242101230335,0.43574008946876297,0.5554784289301792,0.11720495645229685,1.3515413480152356
idle,ahad,swipe_left,0.09448222815990448,0.001386880874633789,-0.2288269274868071,-0.11820463836193085,0.009319484233856201,-0.2980928891338408,0.08472083508968353,-0.20606476068496704,-0.056954650674015284,-0.10929648578166962,-0.19632649421691895,-0.14717604452744126,0.06632564961910248,-0.420728474855423,-0.14089097315445542,-0.08641014993190765,-0.41227567195892334,-0.19162303442135453,0.037113825480142824,-0.05388711438034461,-7.109095652898075e-05,-0.016185370358553622,0.06355029163938511,-0.12001911686225239,0.4359921962400692,0.4320959367114879,0.254682004740293,0.6887200620565763,2.4546408289106774
idle,ahad,swipe_left,0.0934700071811676,0.0009721815586090088,-0.2288279253989458,-0.11733454465866089,0.011191636323928833,-0.3218886274844408,0.0837734043598175,-0.2028326690196991,-0.056955648586153984,-0.11102521419525146,-0.19435128569602966,-0.1611665803939104,0.06335195899009705,-0.41786500811576843,-0.14089197106659412,-0.08793210983276367,-0.41050076484680176,-0.19162403233349323,-0.030673362992027078,-0.012566645940145057,-3.0239761778803066e-05,0.02636647585666583,0.05673188151735339,-0.7210829803212238,0.4423322836156861,0.42902729557163555,0.4647476939559448,2.4406609748645614,18.26081118796655
idle,ahad,swipe_left,0.091255322098732,0.0016041696071624756,-0.2351128738373518,-0.11984913051128387,0.014337748289108276,-0.3229496758431196,0.08223368227481842,-0.2011871039867401,-0.07334175519645214,-0.11516647040843964,-0.1911306083202362,-0.1719470452517271,0.060953035950660706,-0.41544926166534424,-0.15539389662444592,-0.08999262750148773,-0.4086410701274872,-0.2042773049324751,-0.06711166916471466,0.01915115298646848,-0.19045298298199761,-0.07619957129160479,0.09533672621755784,-0.032152980566024426,0.4403244522152123,0.4256840476337384,0.7992593731228669,3.5041318441916625,21.13915312590101
idle,ahad,swipe_left,0.09000231325626373,0.00282210111618042,-0.23511693719774485,-0.12383715808391571,0.01680624485015869,-0.32295373920351267,0.0812729150056839,-0.19894027709960938,-0.07334581855684519,-0.11880709230899811,-0.1886233687400818,-0.17195110861212015,0.05902315676212311,-0.41376522183418274,-0.15539795998483896,-0.0914372056722641,-0.40777239203453064,-0.20428136829286814,-0.037969964923281266,0.036907015424786783,-0.0001231321331226484,-0.12084932038278483,0.07480292609243801,-0.0001231321331226484,0.4420406174014915,0.42527617039743765,1.6155478287790244,1.0287728691524631,1.7776151810706633
idle,ahad,swipe_left,0.08965498208999634,0.00271567702293396,-0.23511603754013777,-0.12542930245399475,0.018422931432724,-0.3229528395459056,0.0815463662147522,-0.19922766089439392,-0.07334491889923811,-0.11838454008102417,-0.18706342577934265,-0.17195020895451307,0.05975431203842163,-0.4124867618083954,-0.15539706032723188,-0.09013181924819946,-0.40746259689331055,-0.20428046863526106,-0.010525186856587612,-0.0032249725226199634,2.72623517296528e-05,-0.048246799093303726,0.04899050250197848,2.72623517296528e-05,0.44351722308808095,0.42384222372114927,0.9847993351776734,3.262639958272061,2.3349915256567244
idle,ahad,swipe_left,0.08833746612071991,0.0007951557636260986,-0.23511603754013777,-0.12742985785007477,0.018692463636398315,-0.3229528395459056,0.0809357613325119,-0.20036789774894714,-0.07334491889923811,-0.11851410567760468,-0.18600311875343323,-0.17195020895451307,0.05801914632320404,-0.4127541482448578,-0.15539706032723188,-0.09050096571445465,-0.40685322880744934,-0.20428046863526106,-0.039924726341710584,-0.058197613918420966,0.0,-0.060622890790304515,0.008167642535585476,0.0,0.4433238218835433,0.42225270003768794,7.421415556649702,0.6860081993992927,1.292655769792328
idle,ahad,swipe_left,0.08946093916893005,0.0009062588214874268,-0.2235621167346835,-0.12993073463439941,0.017706483602523804,-0.31859372090548277,0.08184841275215149,-0.20025679469108582,-0.05841788183897734,-0.1184234619140625,-0.1863941252231598,-0.16211129259318113,0.056919485330581665,-0.4136960506439209,-0.13792576920241117,-0.0905904769897461,-0.4080439805984497,-0.19230062793940306,0.034044637824549445,0.003366759329131118,0.3501188122864887,-0.0757841449795339,-0.029878182844681845,0.13209450425523556,0.44582626545531273,0.42460287946578,2.5363526631057987,10.108987756358754,4.190845166134466
idle,ahad,swipe_left,0.0901188850402832,0.0006791055202484131,-0.22248105239123106,-0.13312429189682007,0.01750323176383972,-0.31050978135317564,0.08286839723587036,-0.20018258690834045,-0.05658394377678633,-0.11740347743034363,-0.18635955452919006,-0.15603696834295988,0.05792951583862305,-0.413733571767807,-0.13749585580080748,-0.08957049250602722,-0.4083387553691864,-0.181573580019176,0.019937753677367945,-0.0068834333708791265,0.0327595255591649,-0.09677446249759453,-0.006159146626790297,0.24496786522142547,0.44706025931771154,0.4242599512400006,15.709766075490027,2.896063133053743,3.5525158540034645
idle,ahad,swipe_left,0.0916036069393158,0.0021445751190185547,-0.22248105239123106,-0.13624098896980286,0.01642078161239624,-0.30503646563738585,0.08435311913490295,-0.1987171173095703,-0.05658394377678633,-0.11591875553131104,-0.185247004032135,-0.14966766070574522,0.05941423773765564,-0.4123697578907013,-0.13749585580080748,-0.08808577060699463,-0.40728050470352173,-0.18136885296553373,0.044991572697958074,0.04440816965970197,0.0,-0.09444536584796479,-0.03280151974071208,0.1658580519936328,0.443999305748656,0.4243592480429838,2.87921070071779,1.0131144770937834,2.5305485791364157
idle,ahad,swipe_left,0.09191498160362244,0.002539128065109253,-0.2224847376346588,-0.1400180459022522,0.015001684427261353,-0.29654279351234436,0.0849216878414154,-0.19817766547203064,-0.05479515716433525,-0.1156073808670044,-0.18497028946876526,-0.1363552212715149,0.05972561240196228,-0.41236206889152527,-0.1347206085920334,-0.08777439594268799,-0.4071393311023712,-0.16930221021175385,0.009435595888079915,0.011956149881536178,-0.00011167404326525478,-0.1144562706802818,-0.04300294500408704,0.25738400378913306,0.4439849118969714,0.42530189403794033,2.6615295566349557,0.7891174721034516,2.85581025213873
idle,ahad,swipe_left,0.09191498160362244,0.0025842487812042236,-0.2235773508436978,-0.14202547073364258,0.014585107564926147,-0.29453875171020627,0.08534696698188782,-0.19809088110923767,-0.052589640486985445,-0.11519113183021545,-0.18538609147071838,-0.12762953387573361,0.05972561240196228,-0.4125879108905792,-0.12199915247038007,-0.08699876070022583,-0.4071090817451477,-0.16332794772461057,0.0,0.001367294427120346,-0.033109491182999704,-0.06083105549667918,-0.012623541282885203,0.060728539458730975,0.44505078721144686,0.42862828656179786,4.818476500143924,0.0,6.245067366657969
idle,ahad,swipe_left,0.09282150864601135,0.002627044916152954,-0.24583637109026313,-0.1446360945701599,0.014624267816543579,-0.29223462333902717,0.08581909537315369,-0.19804808497428894,-0.05258043995127082,-0.11519113183021545,-0.18538424372673035,-0.12312612822279334,0.061057060956954956,-0.41255855560302734,-0.1203394471667707,-0.08624431490898132,-0.4071057140827179,-0.15576396277174354,0.027470516436027458,0.0012968525742039394,-0.6745157650474272,-0.07910981322779713,0.0011866742914373094,0.06982207185391147,0.4470906158268386,0.43489946071445296,66.60901376593694,21.166130099851273,0.746911221403055
idle,ahad,swipe_left,0.09355118870735168,0.0025767385959625244,-0.2459872500039637,-0.14853915572166443,0.013732343912124634,-0.2922289208509028,0.08650949597358704,-0.19788500666618347,-0.05257473746314645,-0.11519113183021545,-0.18541887402534485,-0.12312042573466897,0.061952024698257446,-0.4125617444515228,-0.12033374467864633,-0.08559209108352661,-0.40722760558128357,-0.15575826028361917,0.02211151701031285,-0.0015244339451645193,-0.004572088293956938,-0.11827458034862041,-0.027027997103604106,0.00017280267043547008,0.44698305697165014,0.4348876529330081,4.375840505486214,14.495230737721721,2.5678966255076365
idle,ahad,swipe_left,0.0932559072971344,0.0006480515003204346,-0.24678699485957623,-0.15730252861976624,0.011486023664474487,-0.29222982935607433,0.08627298474311829,-0.19790509343147278,-0.06592787615954876,-0.11568233370780945,-0.18549904227256775,-0.12312133423984051,0.06182411313056946,-0.41269075870513916,-0.12033465318381786,-0.0860140323638916,-0.40750956535339355,-0.1557591687887907,-0.008947921521736056,-0.058445063504306685,-0.024234692594319065,-0.26555675448793775,-0.068070310534854,-2.7530459743557994e-05,0.44638950985717035,0.43339026802857145,3.901155309063234,0.15309707763426558,4.633149058344478
idle,ahad,swipe_left,0.09661988914012909,-0.0001533031463623047,-0.2512497021816671,-0.17346961796283722,0.0066484808921813965,-0.29653421184048057,0.08778057992458344,-0.19825977087020874,-0.06682115187868476,-0.11963440477848053,-0.1858730912208557,-0.1276094033382833,0.06269960105419159,-0.4133497178554535,-0.1392463161610067,-0.08549688756465912,-0.4078642427921295,-0.16330781718716025,0.10193884372711069,-0.024283474141900924,-0.13523355521487318,-0.4899117982748729,-0.14659220522100114,-0.1304358328607935,0.4441950828433591,0.42944920718563834,3.3419816255213957,4.197696154812895,8.215821538735316
idle,ahad,swipe_left,0.10138063132762909,-0.0018643438816070557,-0.3123977086506784,-0.1985056847333908,-0.0016230642795562744,-0.3052350184880197,0.09175477921962738,-0.20021548867225647,-0.12537670647725463,-0.12894733250141144,-0.1877097189426422,-0.13714989041909575,0.06439261138439178,-0.4149554967880249,-0.17630416667088866,-0.08510436117649078,-0.4094700217247009,-0.17185169970616698,0.14426491477272957,-0.05184971924984177,-1.8529698930003722,-0.7586686900167875,-0.25065288399205465,-0.2636608075011902,0.44383567974080196,0.43650185153957777,3.026758165218921,2.7823127019239915,9.621285401439142
idle,ahad,swipe_left,0.10525946319103241,-0.003421097993850708,-0.34057112433947623,-0.224779412150383,-0.02717629075050354,-0.31674747564829886,0.09364192187786102,-0.2015446126461029,-0.15560353198088706,-0.1379399448633194,-0.1934933364391327,-0.15195638337172568,0.06710486114025116,-0.41597604751586914,-0.19677392044104636,-0.0845566838979721,-0.41049057245254517,-0.18358834483660758,0.11754035949706902,-0.04717436703768592,-0.8537398693575007,-0.7961735580906636,-0.7743401960893026,-0.34886233819027357,0.429329251500322,0.4385601394128008,1.028194757184071,2.491562162159167,16.118088009339093
idle,ahad,swipe_left,0.10935322940349579,-0.006031513214111328,-0.3431888789637014,-0.24277204275131226,-0.06888610124588013,-0.3195401997072622,0.09509126842021942,-0.20211267471313477,-0.156999719212763,-0.15102563798427582,-0.21236884593963623,-0.15379462845157832,0.06870166957378387,-0.4161766469478607,-0.19967233843635768,-0.0848957747220993,-0.41056686639785767,-0.1860427827341482,0.124053521589798,-0.07910349152304823,-0.07932589770379304,-0.5452312303311837,-1.263933651375034,-0.0846280017867675,0.3993647726329479,0.436427058564201,0.4313761235503963,1.5682234877099643,18.494622052419878
idle,ahad,swipe_left,0.11201721429824829,-0.006231456995010376,-0.3926552894990891,-0.26267828047275543,-0.11293289065361023,-0.3194972339551896,0.09652626514434814,-0.20225229859352112,-0.20644736918620765,-0.1635322868824005,-0.23038950562477112,-0.15590833756141365,0.06904757022857666,-0.41604194045066833,-0.2279958340805024,-0.08606579899787903,-0.41063156723976135,-0.18599981698207557,0.08072681499250137,-0.006058902451486395,-1.4989821374360146,-0.6032193248922271,-1.3347511941736607,0.0013019924870494848,0.3709959986204067,0.44373839018094874,0.45193357053492433,13.32147103666667,3.8044132937177686
idle,ahad,swipe_left,0.1137734055519104,-0.006572693586349487,-0.39264323795214295,-0.2923269122838974,-0.1463330090045929,-0.3194851824082434,0.09660971164703369,-0.2031208574771881,-0.20643531763926148,-0.1757289469242096,-0.252118855714798,-0.15589628601446748,0.0690203309059143,-0.416252464056015,-0.22798378253355622,-0.08750399947166443,-0.41084209084510803,-0.1859877654351294,0.053217916777639096,-0.010340502767851745,0.0003651983923081156,-0.8984433882164135,-1.0121247985146151,0.0003651983923081156,0.3601930597991769,0.44379397053260367,0.8876795646696877,5.146052558538756,13.25202191287789
idle,ahad,swipe_left,0.11426025629043579,-0.007626146078109741,-0.39272877806797624,-0.3181902766227722,-0.1892913281917572,-0.3166751288808882,0.09557920694351196,-0.20453670620918274,-0.2064786576665938,-0.1906874179840088,-0.2681253254413605,-0.15378295117989182,0.06725388765335083,-0.4163794219493866,-0.22802712256088853,-0.09020021557807922,-0.4109690487384796,-0.18351599806919694,0.01475305268258783,-0.03192280278061426,-0.0025921247222207224,-0.7837383132992494,-1.3017672480959088,0.085153137192583,0.3447489432042957,0.443187854701278,0.6020567135860168,0.4621333111212748,9.783655969506832
idle,ahad,swipe_left,0.1150081604719162,-0.010088741779327393,-0.3970366274006665,-0.33389078080654144,-0.22989654541015625,-0.30513803707435727,0.0952896922826767,-0.2058618664741516,-0.20699229883030057,-0.20114192366600037,-0.28829681873321533,-0.15191432880237699,0.06596837937831879,-0.4172239899635315,-0.22805741475895047,-0.09193925559520721,-0.41193151473999023,-0.1675487463362515,0.022663763075163622,-0.07462411215810982,-0.13054088886939974,-0.4757728540536077,-1.2304611278302606,0.34960884262214625,0.33257793603427677,0.44352901229653025,0.38666192424188084,0.3037015613074781,12.489264701795587
idle,ahad,swipe_left,0.11487561464309692,-0.011656492948532104,-0.3970366274006665,-0.34677691012620926,-0.28094854950904846,-0.3005188857205212,0.09448641538619995,-0.20661631226539612,-0.20699229883030057,-0.21516849100589752,-0.3199099004268646,-0.15596991823986173,0.06464958190917969,-0.41793543100357056,-0.22183279739692807,-0.09337526559829712,-0.4133845865726471,-0.15933084534481168,-0.00401654026725071,-0.04750761118802105,0.0,-0.3904887672626568,-1.5470304272391409,0.13997428344957602,0.3188820473273687,0.4452882346517783,0.25241165782878106,0.08454341574740563,11.792362829763512
idle,ahad,swipe_left,0.11515597999095917,-0.011652052402496338,-0.3927590702660382,-0.3471009209752083,-0.3153424859046936,-0.29250092850998044,0.09466885030269623,-0.20661187171936035,-0.20462577091529965,-0.2155352383852005,-0.3388003706932068,-0.15596991823986173,0.06438975036144257,-0.4179309904575348,-0.21781127201393247,-0.09368346631526947,-0.41592544317245483,-0.15933084534481168,0.008495919632189337,0.00013456200108383855,0.1296229434735868,-0.00981851057572814,-1.042240496837748,0.24296840031942118,0.3034330381966809,0.4452488267151145,0.009420571533102799,62.67183697690491,19.411225872467313
idle,ahad,swipe_left,0.11534349620342255,-0.011128842830657959,-0.39225707994773984,-0.3538125306367874,-0.34694135189056396,-0.28619177686050534,0.09526066482067108,-0.20608866214752197,-0.20140905724838376,-0.21963156759738922,-0.3528815507888794,-0.15596991823986173,0.06451539695262909,-0.4174077808856964,-0.216595605481416,-0.09370838105678558,-0.4178347587585449,-0.15933084534481168,0.005682309468587177,0.015854835510253733,0.015211827827222253,-0.20338211095694117,-0.9575413935112126,0.1911864136204554,0.2979492233772637,0.4455367827601457,0.21240011130072187,0.35837338656247486,6.592018690530044
idle,ahad,swipe_left,0.11534349620342255,-0.011001437902450562,-0.39201214350759983,-0.3538125306367874,-0.37486812472343445,-0.2850810829550028,0.09647952020168304,-0.20419541001319885,-0.20092795230448246,-0.21982385218143463,-0.369405597448349,-0.15043185092508793,0.06469784677028656,-0.41676267981529236,-0.2155719641596079,-0.09370838105678558,-0.42045503854751587,-0.1473109219223261,0.0,0.003860755400224227,0.007422316367879177,0.0,-0.8462658434203312,0.03365739107583562,0.29784719674979293,0.44535188798691244,0.0,0.0,8.493606089158604
idle,ahad,swipe_left,0.11607818305492401,-0.006830185651779175,-0.38726757373660803,-0.35307784378528595,-0.39557117223739624,-0.27897004690021276,0.09773634374141693,-0.20248302817344666,-0.20053775515407324,-0.21908916532993317,-0.38939908146858215,-0.15045955684036016,0.06552933156490326,-0.4156091809272766,-0.21417258586734533,-0.092948779463768,-0.4251066744327545,-0.1470025172457099,0.02226323792428657,0.126401583353677,0.14377484154520456,0.02226323792428657,-0.6273650761806535,0.18518291075121068,0.29318066934542686,0.4467855505618613,0.03548683738180919,0.17612961170258348,8.095684708749136
idle,ahad,swipe_left,0.11728745698928833,-0.0007144808769226074,-0.3851797105744481,-0.35186856985092163,-0.4155879616737366,-0.2677415432408452,0.09894561767578125,-0.1958756446838379,-0.19988773483783007,-0.21787989139556885,-0.39730846881866455,-0.15043627936393023,0.06692928075790405,-0.4127332270145416,-0.21383943874388933,-0.09173089265823364,-0.42766597867012024,-0.14697923976927996,0.03664466467770722,0.18532438711686863,0.06326858067151372,0.03664466467770722,-0.6065693768588076,0.3402576866475073,0.2870557846996477,0.4490577711532634,0.06041288212503172,0.19773148864164308,4.761287170865569
idle,ahad,swipe_left,0.11823606491088867,0.003698587417602539,-0.38385128136724234,-0.3468470200896263,-0.4274061918258667,-0.2677230453118682,0.10003030300140381,-0.1941814422607422,-0.19922820385545492,-0.2167952060699463,-0.4033108949661255,-0.15608047600835562,0.06805217266082764,-0.4111115038394928,-0.20693839248269796,-0.09001114964485168,-0.4289107322692871,-0.14696074184030294,0.028745694593949437,0.1337293422583363,0.0402554305213866,0.15216817458470494,-0.3581281864281817,0.0005605433023337101,0.28381413271510875,0.45374442707713847,0.4248974402292128,0.21495267348093194,13.22486373428268
idle,ahad,swipe_left,0.11770813167095184,0.007731050252914429,-0.3759254226461053,-0.34151705354452133,-0.4431765079498291,-0.26772806141525507,0.10038630664348602,-0.19009962677955627,-0.1936548063531518,-0.21387451887130737,-0.41471540927886963,-0.1560854921117425,0.0684538334608078,-0.4091995358467102,-0.18693348858505487,-0.08773978054523468,-0.42954137921333313,-0.11286554578691721,-0.01599797696778251,0.12219584349429835,0.2401775370041503,0.16151413773045217,-0.47788836739279483,-0.0001520031329357246,0.2976091728649379,0.4604074832772451,0.3379739093414434,0.13091972354039547,3.6401944082511375
idle,ahad,swipe_left,0.11408627033233643,0.009105056524276733,-0.28800006536766887,-0.31062735617160797,-0.45785871148109436,-0.267722952645272,0.1001177430152893,-0.18910250067710876,-0.13896172074601054,-0.18826967477798462,-0.4166928827762604,-0.15608038334175944,0.0698123574256897,-0.407194048166275,-0.14439477352425456,-0.08103132247924805,-0.42983561754226685,-0.10762040643021464,-0.10975337389743864,0.04163655367764626,2.6644047660132673,0.936051435542844,-0.44491525852319674,0.00015481121160767543,0.28130491959031256,0.4425919156239216,2.10388228708446,2.635922723682044,23.49208775512901
idle,ahad,swipe_left,0.11103425920009613,0.0105782151222229,-0.14680102933198214,-0.277449831366539,-0.47141578793525696,-0.5959110306575894,0.09931670129299164,-0.18772506713867188,-0.06292714644223452,-0.1754162758588791,-0.4206671118736267,-0.27156004775315523,0.07093052566051483,-0.40530452132225037,-0.09007388073951006,-0.0771375447511673,-0.42907342314720154,-0.10758153069764376,-0.09248518582546249,0.044641169634731845,4.278758667748035,1.0053795395475336,-0.4108204986109833,-9.945093273100419,0.5295125952761219,0.42164526477097947,2.447241789796282,2.0717000670484556,301.38024741637133
idle,ahad,swipe_left,0.10700954496860504,0.01307716965675354,-0.1260692896321416,-0.23979531228542328,-0.4796198904514313,-0.7824231060221791,0.09762610495090485,-0.18506833910942078,-0.04698588792234659,-0.15316186845302582,-0.4182567894458771,-0.3613726766780019,0.07150496542453766,-0.40286964178085327,-0.07478487212210894,-0.07477302849292755,-0.4287605881690979,-0.1075971694663167,-0.12196103731791373,0.07572589498577817,0.6282345363588144,1.1410460327611007,-0.24860916715680142,-5.651881071654323,0.6965694993503762,0.42059768971435924,4.5896997930958685,1.610537938216251,130.25506136106097
idle,ahad,swipe_left,0.10342136025428772,0.0163232684135437,-0.12389305280521512,-0.20865052938461304,-0.48593708872795105,-0.8287438754923642,0.09613814949989319,-0.1822226643562317,-0.03625953244045377,-0.13255485892295837,-0.41652631759643555,-0.4201621715910733,0.07179060578346252,-0.39986178278923035,-0.06305232690647244,-0.07307171821594238,-0.42908987402915955,-0.09948213445022702,-0.1087328701308238,0.09836662899363752,0.06594657051292083,0.943781300024517,-0.1914302508036223,-1.403659680914645,0.7439327300265325,0.4217962723886204,4.930131815273384,1.1053724812037171,128.88434101565346
swipe_left,ahad,swipe_left,0.10123187303543091,0.022884488105773926,-0.11381248105317354,-0.17295736074447632,-0.4877433180809021,-0.8287459136918187,0.09481889009475708,-0.18057221174240112,-0.03283908311277628,-0.11473044753074646,-0.4163621664047241,-0.4201642097905278,0.07207852602005005,-0.3984866142272949,-0.052521475590765476,-0.07158970832824707,-0.42950108647346497,-0.09948417264968157,-0.06634809754111656,0.19882483915849483,0.3054718712739921,1.0816111709132512,-0.05473422281669935,-6.176361983472749e-05,0.7385731144895548,0.42680219174012884,19.760788670494986,0.3336995725602189,42.93812139440458
swipe_left,ahad,swipe_left,0.0990138053894043,0.02396044135093689,-0.11300160177052021,-0.1337428092956543,-0.48666736483573914,-0.8287934008985758,0.09240353107452393,-0.17949625849723816,-0.019921669736504555,-0.10260909795761108,-0.41105377674102783,-0.43028869666159153,0.0717461109161377,-0.39741066098213196,-0.027020536363124847,-0.07092997431755066,-0.4300723075866699,-0.09953165985643864,-0.06721417109171657,0.032604643792817606,0.02457209947434378,1.1883197408734136,0.032604643792817606,-0.0014390062653657392,0.7341465382951969,0.43091748241613936,36.445216307465685,2.0614275098755312,4.178819008045782
swipe_left,ahad,swipe_left,0.09619596600532532,0.026328682899475098,-0.06982296146452427,-0.10250455141067505,-0.4842991232872009,-0.8287937212735415,0.09012719988822937,-0.17712801694869995,0.013451855629682541,-0.0942196249961853,-0.4036458134651184,-0.4302890170365572,0.06951859593391418,-0.39504241943359375,-0.0035448928829282522,-0.0693170428276062,-0.4292672574520111,-0.10766242630779743,-0.08538907224481893,0.07176489541024987,1.3084436456362616,0.9466138753024166,0.07176489541024987,-9.708332292961506e-06,0.7239891308315509,0.4273851545505756,13.190302578837715,1.1898280061398543,7.420054084558116
swipe_left,ahad,swipe_left,0.09245437383651733,0.02915048599243164,-0.06985850911587477,-0.07656747102737427,-0.47980859875679016,-0.8093334836885333,0.0886572003364563,-0.17460787296295166,0.013416307978332043,-0.09167173504829407,-0.3903455436229706,-0.4303245646879077,0.06735718250274658,-0.39252227544784546,-0.0035804405342787504,-0.06849566102027893,-0.4300495982170105,-0.10788630973547697,-0.11338158087296489,0.08550918463504352,-0.0010772015560756621,0.7859721328272666,0.13607650092153323,0.5897041692426487,0.7032561767224215,0.4275869141220525,5.775915397509277,1.3259424167644611,18.623528702546146
swipe_left,ahad,swipe_left,0.08921419084072113,0.029548287391662598,-0.06981827598065138,-0.06070159375667572,-0.47748973965644836,-0.7848570151254535,0.08777414262294769,-0.17928272485733032,0.013456541113555431,-0.08867250382900238,-0.3896653354167938,-0.42712713312357664,0.0646095722913742,-0.39329391717910767,-0.0035402073990553617,-0.06840728223323822,-0.43109989166259766,-0.10784607660025358,-0.09818736350897743,0.012054587855483738,0.0012191859158602822,0.4807841597181455,0.07026845758611618,0.7417111685781886,0.6786421785555053,0.4287116741997292,6.84200755540112,8.144552110274311,10.5224638510165
swipe_left,ahad,swipe_left,0.08756458759307861,0.029548287391662598,-0.06986368075013161,-0.029355406761169434,-0.4769832491874695,-0.7459724210202694,0.0872754454612732,-0.1798056960105896,0.013411136344075203,-0.08824214339256287,-0.38959604501724243,-0.4074459932744503,0.06438308954238892,-0.39590033888816833,-0.00358561216853559,-0.06840881705284119,-0.43122538924217224,-0.121772650629282,-0.049987977201289197,0.0,-0.0013759021054614894,0.9498844544092966,0.01534819602966333,1.1783210334904455,0.627091942188978,0.43120377761584616,61.88496469610411,49987.9772012892,19.490750219545735
swipe_left,ahad,swipe_left,0.08650794625282288,0.030255019664764404,-0.07586822286248207,0.009563475847244263,-0.4750221371650696,-0.6334418319165707,0.08595463633537292,-0.17986810207366943,-0.0012300339294597507,-0.08654233813285828,-0.3886590898036957,-0.40548210963606834,0.06402787566184998,-0.40046799182891846,-0.019621092826128006,-0.06840890645980835,-0.43187567591667175,-0.121772650629282,-0.03201943455320295,0.021416129487932725,-0.1819558215863708,1.1793600790427945,0.05942763704241903,3.410017851627105,0.519371409109224,0.4349613843104798,19.84497941961869,1.4950385658005192,67.99687204158516
swipe_left,ahad,swipe_left,0.08589702844619751,0.03196609020233154,-0.07621629163622856,0.028165102005004883,-0.4737289547920227,-0.5564654134213924,0.08587926626205444,-0.1801181435585022,-0.007527268957346678,-0.08249005675315857,-0.38793954253196716,-0.38268640264868736,0.0635867714881897,-0.4012381434440613,-0.02722608670592308,-0.06921032071113586,-0.43187567591667175,-0.12205776199698448,-0.018512660806829576,0.05185062235052018,-0.010547538598378668,0.5636856411442702,0.03918734463778471,2.3326187422781652,0.44715062061662725,0.43653601889626953,14.384012551547647,0.3570314672448017,37.60816690978514
swipe_left,ahad,swipe_left,0.08551004528999329,0.03207916021347046,-0.07744793221354485,0.0403483510017395,-0.4733680188655853,-0.5564654134213924,0.08540251851081848,-0.1809248924255371,-0.014001659117639065,-0.07499587535858154,-0.38834089040756226,-0.38268640264868736,0.06318393349647522,-0.40188735723495483,-0.02724265493452549,-0.07130387425422668,-0.4325248897075653,-0.12270483747124672,-0.011726762309219084,0.0034263639739066003,-0.03732244173685769,0.3691893635374186,0.010937452316284353,0.0,0.4497583994242129,0.43743109560340393,33.751517386769336,3.4215106415594985,70.93587331073664
swipe_left,ahad,swipe_left,0.08535005152225494,0.03083878755569458,-0.07747180387377739,0.052248403429985046,-0.46100884675979614,-0.5564654134213924,0.08524252474308014,-0.182245135307312,-0.016534695401787758,-0.0703810602426529,-0.3884234130382538,-0.38268640264868736,0.06302393972873688,-0.4033651351928711,-0.02891087532043457,-0.0730394572019577,-0.43400266766548157,-0.12474941089749336,-0.004848295992071055,-0.037587050235633294,-0.0007233836434104341,0.3606076493407798,0.3745203668421025,0.0,0.45033885971146054,0.4374810459665903,0.9628493358906579,0.128985035448178,11.020732676086666
swipe_left,ahad,swipe_left,0.08519016206264496,0.031129449605941772,-0.08043885882943869,0.058457955718040466,-0.44164764881134033,-0.5430142795667052,0.08508263528347015,-0.18334558606147766,-0.02390615362673998,-0.06733299791812897,-0.3860584497451782,-0.3822823977097869,0.06286405026912689,-0.4047156274318695,-0.03032974060624838,-0.07399033010005951,-0.43511879444122314,-0.13959831651300192,-0.004845135139696343,0.008807940916581254,-0.08991075623215711,0.18816825115318742,0.5867029681350023,0.40761011680868803,0.4246523443972566,0.43928386059018604,0.32072094509831117,0.5500247062136884,14.873288178881674
swipe_left,ahad,swipe_left,0.08489979803562164,0.031079202890396118,-0.0822836859151721,0.06507088243961334,-0.42337578535079956,-0.5425096405670047,0.08442462980747223,-0.18346258997917175,-0.024402200244367123,-0.06308861076831818,-0.3805077075958252,-0.38199138175696135,0.06213517487049103,-0.40481412410736084,-0.030382434837520123,-0.0756002813577652,-0.43448561429977417,-0.1467924965545535,-0.008798909909797578,-0.0015226277438077302,-0.05590385108283161,0.20039171883554488,0.553692832137608,0.015292090900016797,0.4201236278629844,0.4395622372912047,0.3619179178173364,5.77497354295219,11.936183066696
swipe_left,ahad,swipe_left,0.08477671444416046,0.030031412839889526,-0.08409708738327026,0.0674801617860794,-0.40504005551338196,-0.5425743907690048,0.08398951590061188,-0.1826644241809845,-0.024639081209897995,-0.06071029603481293,-0.3746645152568817,-0.3820561319589615,0.0617300420999527,-0.4063113331794739,-0.03144778497517109,-0.07616297900676727,-0.43463265895843506,-0.15032580494880676,-0.0037298058018540485,-0.03175121365171541,-0.05495155963933917,0.07300846504442736,0.5556281768914514,-0.0019621273333376415,0.4187696588262276,0.4401114519686115,0.13139782444990358,0.11746600859913733,3.895789791754233
swipe_left,ahad,swipe_left,0.08486096560955048,0.029550909996032715,-0.08601723983883858,0.0720161646604538,-0.38682061433792114,-0.5425479970872402,0.08397923409938812,-0.18058425188064575,-0.024612687528133392,-0.05579237639904022,-0.35983335971832275,-0.3820297382771969,0.06131373345851898,-0.40795889496803284,-0.03601623326539993,-0.07692335546016693,-0.4336811900138855,-0.15029941126704216,0.002553065617879135,-0.014560692238084646,-0.05818643804752245,0.13745463255679446,0.5521042780442462,0.0007998085383212624,0.4221822441604915,0.44098685041622987,0.2489645327132314,0.17532753584791802,1.9576214132672618
swipe_left,ahad,swipe_left,0.087376669049263,0.029547035694122314,-0.08737752214074135,0.0712173730134964,-0.3652348518371582,-0.5120293833315372,0.08321858942508698,-0.18060386180877686,-0.02437175065279007,-0.05659116804599762,-0.3437129259109497,-0.3514924682676792,0.060530319809913635,-0.40797850489616394,-0.0454973503947258,-0.07772426307201385,-0.4331604838371277,-0.15128972008824348,0.07623343756704741,-0.0001174030881939531,-0.04122067581523614,-0.024205807483557884,0.654114015174645,0.9248064774455593,0.39614467947873394,0.4403444945968771,0.03700543011857796,643.8466996922525,28.593095555273397
swipe_left,ahad,swipe_left,0.08936427533626556,0.031876951456069946,-0.09295383095741272,0.07080970704555511,-0.3390968143939972,-0.475996695458889,0.0850333422422409,-0.18078389763832092,-0.023870332166552544,-0.056998834013938904,-0.3259006440639496,-0.3124743923544884,0.06015335023403168,-0.408158540725708,-0.04743998497724533,-0.07813240587711334,-0.43301770091056824,-0.1531451866030693,0.060230493545533184,0.07060350793780815,-0.1689790550506503,-0.012353514180039112,0.7920617407018614,1.0918996325045094,0.36774717224800924,0.44334639132499354,0.015596635904237124,0.8530686680599361,6.575839568141296
swipe_left,ahad,swipe_left,0.09099489450454712,0.03344273567199707,-0.09570170380175114,0.07073092460632324,-0.3086509704589844,-0.4199519921094179,0.08640152215957642,-0.17840462923049927,-0.024569256231188774,-0.057077616453170776,-0.30568647384643555,-0.2873531449586153,0.06009465456008911,-0.4082929790019989,-0.04928076080977917,-0.07926404476165771,-0.43299227952957153,-0.15317769534885883,0.049412702069136165,0.04744800654324439,-0.08326887407085796,-0.002387346643389987,0.9226013313639898,1.698324343923302,0.3303449369813009,0.44524169885067477,0.002587622599934791,1.0413853875760726,18.79987006981217
swipe_left,ahad,swipe_left,0.09244285523891449,0.034490734338760376,-0.10505037009716034,0.06505392491817474,-0.2749868929386139,-0.40864307433366776,0.0908050388097763,-0.17952707409858704,-0.025817692279815674,-0.05956782400608063,-0.29642435908317566,-0.28644777089357376,0.060059234499931335,-0.40941542387008667,-0.05237685516476631,-0.07989995181560516,-0.43333539366722107,-0.15319979935884476,0.04387759801113314,0.03175753535646431,-0.2832929180427076,-0.17203029358026029,1.0201235612233643,0.3426944780530406,0.33367220560456123,0.44819178413179034,0.16863655686709117,1.3816001751542375,41.50543624435711
swipe_left,ahad,swipe_left,0.09393119812011719,0.032212018966674805,-0.12003217358142138,0.05814695358276367,-0.24870765209197998,-0.4035672815516591,0.09260255098342896,-0.1818057894706726,-0.019445900805294514,-0.061063289642333984,-0.2836795449256897,-0.27695122081786394,0.06108498573303223,-0.41169413924217224,-0.057985168881714344,-0.0801234245300293,-0.4355478882789612,-0.15489762742072344,0.0451012994303855,-0.06905198097229114,-0.45399404497761436,-0.2093021616791267,0.7963406317161918,0.153811902485113,0.3403888485357016,0.44942338808313137,0.26282961149231976,0.653140513202222,8.945535591505246
swipe_left,ahad,swipe_left,0.09496571123600006,0.03167298436164856,-0.1261486429721117,0.04539196193218231,-0.2198496162891388,-0.4003072399646044,0.09244437515735626,-0.18019434809684753,-0.019540229812264442,-0.06429828703403473,-0.26919689774513245,-0.2699227053672075,0.06210555136203766,-0.4122331738471985,-0.060210393741726875,-0.0806150883436203,-0.4327159523963928,-0.15597383864223957,0.03134888229948152,-0.016334381970492536,-0.1853475572936492,-0.3865148985024716,0.8744859334194438,0.09878913900166005,0.3476904726458447,0.44997813292897765,0.4419904789098563,1.9190786206351746,6.101268649186049
swipe_left,ahad,swipe_left,0.09601360559463501,0.031219005584716797,-0.1640446661040187,0.03182074427604675,-0.18261688947677612,-0.38752842228859663,0.09241479635238647,-0.16992753744125366,-0.024334457702934742,-0.07327860593795776,-0.25142693519592285,-0.24872564058750868,0.06381893157958984,-0.4092082679271698,-0.0675318269059062,-0.08086642622947693,-0.42742031812667847,-0.17662340681999922,0.031754374504088155,-0.013756932634295317,-1.1483643373304713,-0.41124901988288015,1.1282644488594322,0.38723689927294735,0.34221052383744444,0.4520258935261673,0.36449668852184863,2.308077481418386,11.666368436365168
swipe_left,ahad,swipe_left,0.09686751663684845,0.028647571802139282,-0.17769936192780733,0.01479049026966095,-0.15184286236763,-0.3875268893316388,0.09215225279331207,-0.1699376404285431,-0.027568026445806026,-0.07844607532024384,-0.2431372106075287,-0.24872410763055086,0.0650215893983841,-0.4065994322299957,-0.07708525378257036,-0.08113227784633636,-0.4267524778842926,-0.1842091279104352,0.02587609218828647,-0.0779222358356835,-0.41377866132693514,-0.5160683032238205,0.9325462760347457,4.645324114597279e-05,0.3551261554094321,0.44785858968929954,0.553396397679888,0.3320715818687421,13.52510595604942
swipe_left,ahad,swipe_left,0.09676174819469452,0.02326485514640808,-0.18352141370996833,-0.0036507099866867065,-0.11055800318717957,-0.3875336586497724,0.09194259345531464,-0.17050275206565857,-0.04159979661926627,-0.08415849506855011,-0.22894957661628723,-0.24873087694868445,0.06583188474178314,-0.4050130248069763,-0.08431141963228583,-0.0814020186662674,-0.4264301359653473,-0.18531700363382697,-0.0032051043076949197,-0.16311262593125112,-0.1764258115806391,-0.5588242501923621,1.2510563388015483,-0.00020513085253311253,0.38303008476235095,0.4407053685122012,0.44668156515327145,0.01964951909686443,9.738396093564871
swipe_left,ahad,swipe_left,0.0965459793806076,0.02299487590789795,-0.2242099060676992,-0.01588679850101471,-0.07725167274475098,-0.39344108244404197,0.09155844151973724,-0.1706673502922058,-0.052249742206186056,-0.0915663093328476,-0.2222769856452942,-0.24530899664387107,0.06659667193889618,-0.402993381023407,-0.12479028990492225,-0.08168159425258636,-0.42395418882369995,-0.22347039123997092,-0.0065384489117244204,-0.008181189045761261,-1.2329846169008887,-0.37079056104022845,1.0092827406796159,-0.179012842250586,0.39169072706901625,0.4384600507886249,0.3673799013056044,0.7991075340787475,10.747256623932797
swipe_left,ahad,swipe_left,0.09594978392124176,0.022565126419067383,-0.22699320456013083,-0.030084773898124695,-0.053713858127593994,-0.39344108244404197,0.09066595137119293,-0.17129755020141602,-0.06681652506813407,-0.09821988642215729,-0.21362894773483276,-0.24530899664387107,0.0665721446275711,-0.40242108702659607,-0.14882797142490745,-0.0823805183172226,-0.42275846004486084,-0.24835686525329947,-0.018066529071692553,-0.013022711782744644,-0.08434237855853591,-0.43024167870030944,0.7132671096108291,0.0,0.3999727405292417,0.4331121459627239,0.6031976936906045,1.387202770843657,10.636548686930443
idle,ahad,swipe_left,0.09474489092826843,0.021732956171035767,-0.22699320456013083,-0.04594728350639343,-0.02405223250389099,-0.39492175122722983,0.08920660614967346,-0.17234918475151062,-0.06681652506813407,-0.10469719767570496,-0.20747920870780945,-0.24530899664387107,0.06520625948905945,-0.40277358889579773,-0.1568706794641912,-0.08423331379890442,-0.4216446578502655,-0.26378309866413474,-0.036511908877980205,-0.02521728024338271,0.0,-0.4806821093414846,0.8988371401122265,-0.04486875100569363,0.4204080196718845,0.4312719630090874,0.5347816118277624,1.4478350040368413,5.983883933042324
idle,ahad,swipe_left,0.09474344551563263,0.016070395708084106,-0.22699320456013083,-0.05834110081195831,-0.0054205358028411865,-0.39492175122722983,0.08908195793628693,-0.17805269360542297,-0.06681652506813407,-0.10694526135921478,-0.20386895537376404,-0.24530899664387107,0.06520481407642365,-0.40814658999443054,-0.1568706794641912,-0.08473421633243561,-0.42399442195892334,-0.26378309866413474,-4.38003829031263e-05,-0.17159274130155897,0.0,-0.3755702213807397,0.5645968697287606,0.0,0.43942922173513477,0.43098694902706697,0.6651995013037652,0.00025525629647617205,10.704232754165949
idle,ahad,swipe_left,0.09482838213443756,0.012552380561828613,-0.22695878148078918,-0.06747360527515411,0.009524643421173096,-0.3948873281478882,0.08905006945133209,-0.181407630443573,-0.06678210198879242,-0.10978029668331146,-0.19823366403579712,-0.24527457356452942,0.06520481407642365,-0.4109140932559967,-0.15683625638484955,-0.08529032766819,-0.42455166578292847,-0.2637486755847931,0.002573836933482818,-0.1066065195835015,0.0010431236164136532,-0.27674255949078624,0.4528842189095309,0.0010431236164136532,0.45380284706593615,0.4302540862769596,0.6110655590772743,0.024143108699446216,4.519898990250746
idle,ahad,swipe_left,0.09511573612689972,0.00999113917350769,-0.21890970040112734,-0.07682277262210846,0.007151812314987183,-0.39489897061139345,0.08889229595661163,-0.1841408908367157,-0.06466464418917894,-0.11079122126102448,-0.2007600963115692,-0.24306053388863802,0.06520481407642365,-0.4134405255317688,-0.15684789884835482,-0.08618207275867462,-0.4248521327972412,-0.26376031804829836,0.00870769674127766,-0.07761337540366557,0.2439115478685447,-0.2833081014228635,-0.07190397291472578,-0.0003528019244020692,0.45156655244563865,0.4289996563459778,3.940034881298779,0.11219180333526736,15.90397323825815
idle,ahad,swipe_left,0.09549474716186523,0.007401853799819946,-0.19389221537858248,-0.09082344174385071,0.004569739103317261,-0.38141264487057924,0.08885973691940308,-0.1868472397327423,-0.04806422907859087,-0.11399301886558533,-0.20334216952323914,-0.21956600714474916,0.06512576341629028,-0.4160225987434387,-0.1558408485725522,-0.08685198426246643,-0.4262303411960602,-0.2541118757799268,0.011485182877743066,-0.0784631931420541,0.7581056067437958,-0.4242627006588628,-0.07824464277787767,0.4086765376004371,0.4492326429274125,0.42621408787263754,5.422189474029271,0.14637482930525927,13.11156492339251
idle,ahad,swipe_left,0.0960126668214798,0.006240367889404297,-0.19389221537858248,-0.10206390917301178,0.003423452377319336,-0.37121247220784426,0.0891931802034378,-0.1881464719772339,-0.04806422907859087,-0.11666147410869598,-0.20448845624923706,-0.21278261113911867,0.06553222239017487,-0.41716888546943665,-0.1558408485725522,-0.08673016726970673,-0.42733171582221985,-0.2503969268873334,0.015694535139834646,-0.03519654273986683,0.0,-0.3406202251260802,-0.03473596139387519,0.30909614129498786,0.44763996086415575,0.42620694485006705,9.805700080207309,0.4458986030879389,4.155530506452854
idle,ahad,swipe_left,0.09664590656757355,0.005662739276885986,-0.19389221537858248,-0.10804466903209686,0.003423452377319336,-0.36274366546422243,0.08944280445575714,-0.18826651573181152,-0.04806422907859087,-0.11774717271327972,-0.2049199342727661,-0.20570862758904696,0.06614793837070465,-0.41719570755958557,-0.1558408485725522,-0.08628533780574799,-0.42730751633644104,-0.2295723157003522,0.019189083214962425,-0.017503897349039992,0.0,-0.1812351472450054,0.0,0.25663050738248366,0.4513726224555976,0.425661013766703,181235.14724500538,1.096212267478095,5.192601999499974
idle,ahad,swipe_left,0.09695997834205627,0.005188047885894775,-0.19389473414048553,-0.11381646990776062,0.001598656177520752,-0.3607082120142877,0.08936747908592224,-0.18838369846343994,-0.04806674784049392,-0.11980998516082764,-0.20564955472946167,-0.20387052511796355,0.06605491042137146,-0.4172285199165344,-0.15584336733445525,-0.0870262086391449,-0.4272923171520233,-0.22957483446225524,0.009517326499476729,-0.0143845876057945,-7.632611827416976e-05,-0.17490305683829846,-0.05529685453935191,0.061680407573780405,0.44928960349713,0.4252514391427423,3.16292663242172,0.6615876083951663,6.143626745868636
idle,ahad,swipe_left,0.09700179100036621,0.00425344705581665,-0.20987837947905064,-0.11810001730918884,0.001240372657775879,-0.3582663331180811,0.08914375305175781,-0.18939512968063354,-0.06469579227268696,-0.12216785550117493,-0.20564955472946167,-0.20229328610002995,0.0654447078704834,-0.4178609251976013,-0.16580725647509098,-0.08810549974441528,-0.42725926637649536,-0.22955305315554142,0.0012670502518162103,-0.028321237275093624,-0.48435288904740925,-0.12980446670994122,-0.010857076355904832,0.07399633018807651,0.4484180194585844,0.4255803762409559,11.954646703083005,0.04473694078293897,1.9545944711731478
idle,ahad,swipe_left,0.0969163030385971,0.004151254892349243,-0.21083375671878457,-0.12072910368442535,0.0016897022724151611,-0.3525415793992579,0.08884452283382416,-0.19121655821800232,-0.06475492427125573,-0.1232498437166214,-0.2047235667705536,-0.2022936181165278,0.06465135514736176,-0.4176144301891327,-0.17193846264854074,-0.08899490535259247,-0.4263332784175873,-0.22955338517203927,-0.002590544296033496,-0.003096732226285117,-0.028950825446483322,-0.07966928409807737,0.013616048928463315,0.17347738541888744,0.446471530180582,0.42478249007637625,5.850701170027158,0.8362712161018985,3.4562662841227145
idle,ahad,swipe_left,0.09660226106643677,0.004074752330780029,-0.2129399231635034,-0.12297791242599487,0.0025348663330078125,-0.35210848366841674,0.08831530809402466,-0.19288837909698486,-0.06821343069896102,-0.12379178404808044,-0.20387554168701172,-0.20227593695744872,0.06311285495758057,-0.41797691583633423,-0.17192078148946166,-0.09038567543029785,-0.4253767132759094,-0.2295357040129602,-0.009516423398798313,-0.002318259441491366,-0.06382322559754156,-0.06814571944150166,0.025611032139171663,0.01312411305579293,0.4463122899811829,0.42536069506695484,2.6606916261548004,4.103216409751432,4.885262419691477
idle,ahad,swipe_left,0.09620434045791626,0.005428045988082886,-0.21294495649635792,-0.125868558883667,0.004730254411697388,-0.34990436024963856,0.08593130111694336,-0.1911376416683197,-0.06821846403181553,-0.1243971586227417,-0.19959422945976257,-0.20183329470455647,0.06089794635772705,-0.41544824838638306,-0.17192581482231617,-0.09214165806770325,-0.42151984572410583,-0.2295407373458147,-0.012058200258197399,0.041008898706147816,-0.0001525252380154374,-0.08759534720218683,0.06652691147544273,0.06679161875085504,0.4442004653565393,0.4243418039910929,1.3166706313112002,0.2940314567611879,2.128256348916327
idle,ahad,swipe_left,0.09572124481201172,0.007781118154525757,-0.21294134017080069,-0.12645545601844788,0.007077664136886597,-0.34344398137182,0.08372873067855835,-0.18854227662086487,-0.0682148477062583,-0.12446179986000061,-0.19556257128715515,-0.1944512790068984,0.05929291248321533,-0.41320866346359253,-0.1688167518004775,-0.09360510110855103,-0.418361634016037,-0.22424290236085653,-0.014639261997106748,0.07130521716493278,0.00010958562294641715,-0.017784761660026106,0.07113362803603394,0.19576905690358604,0.443042480432674,0.4248604464079689,0.2500155290193836,0.20530134088091964,4.446387008817886
idle,ahad,swipe_left,0.09498283267021179,0.008811920881271362,-0.21294113527983427,-0.12626290321350098,0.007600992918014526,-0.3398063136264682,0.0819942057132721,-0.18950507044792175,-0.0699616177007556,-0.12426924705505371,-0.1938905417919159,-0.1878982586786151,0.0576079785823822,-0.4134000539779663,-0.1688165469095111,-0.0946333110332489,-0.41702109575271606,-0.21652513276785612,-0.022376125509089045,0.031236446265018845,6.208817164103289e-06,0.005834933483239469,0.01585844791296782,0.11023235591975301,0.4432861365331389,0.42615350606497954,0.36791529662696576,0.7163237775344932,3.168045625740479
idle,ahad,swipe_left,0.09432291984558105,0.009462505578994751,-0.21096438821405172,-0.1259574592113495,0.007879823446273804,-0.33573908265680075,0.08113139867782593,-0.190003901720047,-0.06822013761848211,-0.12396380305290222,-0.19294318556785583,-0.1848552292212844,0.0562669038772583,-0.4138363301753998,-0.16733298357576132,-0.09513771533966064,-0.41611576080322266,-0.21276853140443563,-0.019997358322143874,0.01971468780979997,0.05990142623583571,0.00925587885307558,0.008449409947250963,0.12324942332325756,0.44254250479552687,0.42723982044411235,1.0953171397426285,1.0142866186085526,0.46556417840427333
idle,ahad,swipe_left,0.09367455542087555,0.009292691946029663,-0.21096926322206855,-0.12591595947742462,0.007685810327529907,-0.3346382318995893,0.08038307726383209,-0.19034472107887268,-0.06712643196806312,-0.12392230331897736,-0.19115355610847473,-0.1821924834512174,0.055245593190193176,-0.4141240119934082,-0.1672735302709043,-0.09658543765544891,-0.415338933467865,-0.20919845392927527,-0.019647406809256994,-0.005145867665608529,-0.00014772751566134962,0.001257567694692853,-0.0058791854164814885,0.03335911385489106,0.44220510090991777,0.4273965458344326,0.2138653130168369,3.8173522394098747,2.768965715217424
idle,ahad,swipe_left,0.09325279295444489,0.008837878704071045,-0.2109749880619347,-0.12520407140254974,0.009031891822814941,-0.3283490506000817,0.07981784641742706,-0.19008105993270874,-0.06713215680792928,-0.12384046614170074,-0.18943160772323608,-0.1776025560684502,0.0547298938035965,-0.4132082462310791,-0.16296209068968892,-0.09698645770549774,-0.41289734840393066,-0.20258925529196858,-0.012780680800929417,-0.013782219453291679,-0.00017347999594428598,0.021572365905299675,0.040790348341971386,0.1905812515002339,0.44117575137014653,0.4265116453812728,0.528846600618574,0.9272638257150555,5.007756790689154
idle,ahad,swipe_left,0.0917784720659256,0.0024690330028533936,-0.21098620165139437,-0.12380023300647736,0.011004477739334106,-0.32673848140984774,0.07858981192111969,-0.19489708542823792,-0.06714337039738894,-0.1235259622335434,-0.1872883141040802,-0.1760044740512967,0.05432380735874176,-0.4123014807701111,-0.1539873080328107,-0.09698645770549774,-0.4106005132198334,-0.19932736922055483,-0.04467639056119123,-0.19299532427932584,-0.00033980574120175296,0.0425405574567397,0.05977533080361201,0.04880512697678702,0.44125201241114326,0.42034070095288073,0.711662239632968,0.23148829765550646,4.380917391472332
idle,ahad,swipe_left,0.09018778800964355,0.0023904740810394287,-0.21998914517462254,-0.12271568179130554,0.012043684720993042,-0.32578341104090214,0.07837557792663574,-0.19743338227272034,-0.07000031508505344,-0.12198448181152344,-0.1866007149219513,-0.17384199239313602,0.05430692434310913,-0.41313666105270386,-0.15346301533281803,-0.09700334072113037,-0.4100051820278168,-0.1949691865593195,-0.048202547160060095,-0.0023805733883018746,-0.2728164704008432,0.03286518833853857,0.03149112065633019,0.02894152633168371,0.4426044867982944,0.4223457853011454,1.0436003563301597,20.239790802512196,1.0876094635037572
idle,ahad,swipe_left,0.0891214907169342,0.002568453550338745,-0.22361205145716667,-0.12152066826820374,0.01271924376487732,-0.3251485638320446,0.07833454012870789,-0.19816359877586365,-0.07751985266804695,-0.1200544536113739,-0.18504837155342102,-0.1733243726193905,0.054265886545181274,-0.41324567794799805,-0.15097124502062798,-0.09704437851905823,-0.40956583619117737,-0.19326437637209892,-0.03231203917301114,0.005393317251494522,-0.10978503886497556,0.03621253100308563,0.02047148617831176,0.019237794207804436,0.443076987007163,0.42354809863301796,1.768838952322685,5.990014614742752,0.4563594752869207
idle,ahad,swipe_left,0.08815939724445343,0.00391039252281189,-0.22485305415466428,-0.11913786828517914,0.014116615056991577,-0.32508789049461484,0.07820893824100494,-0.1999129354953766,-0.0775366653688252,-0.11783547699451447,-0.18370386958122253,-0.17324882792308927,0.05414028465747833,-0.41352635622024536,-0.1490468238480389,-0.09642334282398224,-0.4082135856151581,-0.19328118907287717,-0.029154347650933006,0.040664817347671696,-0.03760614234841291,0.07220606009165562,0.04234458460952364,0.0018385859827200865,0.4430031090256418,0.4256258025257406,1.7051614886765851,0.7169251610432029,1.3809337341252517
idle,ahad,swipe_left,0.0877455472946167,0.00452500581741333,-0.2251489465124905,-0.11642733216285706,0.01618647575378418,-0.3250271533615887,0.07779508829116821,-0.19785076379776,-0.0775366653688252,-0.11583426594734192,-0.18163400888442993,-0.17324882792308927,0.05415624380111694,-0.4115437865257263,-0.1490468238480389,-0.09515416622161865,-0.4061437249183655,-0.19497859524562955,-0.01254090757081023,0.018624645290953038,-0.008966435085643565,0.08213745825218563,0.06272305141795866,0.0018405191826098186,0.4424115430874082,0.4243029747068624,1.3095049888417871,0.6733139912688918,0.6869601278709199
idle,ahad,swipe_left,0.08598390221595764,0.0024764537811279297,-0.22691355692222714,-0.11200281977653503,0.016909241676330566,-0.32474760757759213,0.0764366090297699,-0.2010849118232727,-0.0775366653688252,-0.11498725414276123,-0.18091124296188354,-0.17324882792308927,0.05403980612754822,-0.410857230424881,-0.1490468238480389,-0.09528583288192749,-0.4054209589958191,-0.19328118907287717,-0.0533831842017876,-0.06207733443288857,-0.05347304271928989,0.13407613291884404,0.021901997652919978,0.008471084363532468,0.4426349232099401,0.4218155851718439,6.121359963756824,0.8599326107806405,2.011890446614431
idle,ahad,swipe_left,0.08369353413581848,0.0006238818168640137,-0.22691355692222714,-0.10678759217262268,0.017270147800445557,-0.3238447462208569,0.07505407929420471,-0.2011834979057312,-0.07716345833614469,-0.11356872320175171,-0.18062978982925415,-0.1730751101858914,0.054035574197769165,-0.410496324300766,-0.14810487674549222,-0.0944553017616272,-0.4050600528717041,-0.1932680462487042,-0.06940509333755142,-0.056138544371634715,0.0,0.15803720011855868,0.01093654921560594,0.027359435052583148,0.442227496162526,0.4196548898048114,14.449050422837658,1.236295985555225,0.9824649910852796
idle,ahad,swipe_left,0.08216814696788788,-0.00030803680419921875,-0.2343079587444663,-0.10420794785022736,0.016971707344055176,-0.32333098258823156,0.07512782514095306,-0.20131677389144897,-0.07661738898605108,-0.11181671917438507,-0.1807660460472107,-0.16926962044090033,0.055526360869407654,-0.41050389409065247,-0.14762221183627844,-0.09273417294025421,-0.40504103899002075,-0.19132843520492315,-0.046223853573655375,-0.028239958214037797,-0.22407278249209933,0.07817104007258684,-0.00904365019364805,0.015568594928040897,0.4423246297627981,0.4201009935938213,8.642793076451474,1.6367664731247957,2.5202277725427793
idle,ahad,swipe_left,0.08203229308128357,-0.004276394844055176,-0.23429462313652039,-0.10276138782501221,0.01650446653366089,-0.31787270307540894,0.076270192861557,-0.2009790539741516,-0.07628203928470612,-0.11006605625152588,-0.18090790510177612,-0.1620684117078781,0.056891411542892456,-0.40979060530662537,-0.1456422060728073,-0.09025800228118896,-0.4042454957962036,-0.19131509959697723,-0.004116784442554665,-0.12025327393502444,0.00040410933169450096,0.043835152279245275,-0.014158812436189981,0.1654024094794673,0.4395494198026473,0.4158522452300187,3.0957438509009036,0.034233996912068486,4.660689802844802
idle,ahad,swipe_left,0.0825234204530716,-0.00952845811843872,-0.2342950375750661,-0.10200656950473785,0.014345347881317139,-0.30978131014853716,0.07665856182575226,-0.20069921016693115,-0.061736379750072956,-0.10721559822559357,-0.18202853202819824,-0.15148128289729357,0.05789311230182648,-0.4089484363794327,-0.13379493076354265,-0.08794887363910675,-0.40332286059856415,-0.18186150211840868,0.014882647629940385,-0.15915343255707964,-1.2558743809208926e-05,0.022873282432556517,-0.06542783794981165,0.2451937250567244,0.43704442391398735,0.41260543208102074,0.3495902288544674,0.09351073288268504,2.9433848268406395
idle,ahad,swipe_left,0.0821557343006134,-0.010958701372146606,-0.23429530300199986,-0.10249817371368408,0.011425405740737915,-0.2983234766870737,0.07714030146598816,-0.20283415913581848,-0.048975011333823204,-0.10566446185112,-0.18287190794944763,-0.13482982851564884,0.05996713042259216,-0.4083447754383087,-0.1215884555131197,-0.08421638607978821,-0.40270012617111206,-0.16557607986032963,-0.011142004619945358,-0.04334070465781541,-8.043240417133807e-06,-0.014897097240795026,-0.0884830951690688,0.3472070745898071,0.4352654951918893,0.4136554840379307,0.1683590391282271,0.2570735209404419,3.3696192967223264
idle,ahad,swipe_left,0.08239107578992844,-0.011560693383216858,-0.23026573844254017,-0.10290487855672836,0.009042873978614807,-0.2859760168939829,0.07736720889806747,-0.20258648693561554,-0.047036102041602135,-0.10495596379041672,-0.18306468427181244,-0.12508710660040379,0.05999865382909775,-0.40807078778743744,-0.1155779454857111,-0.08353341370820999,-0.4024524539709091,-0.15376807190477848,0.007131560282273456,-0.01824218215364329,0.1221080169533192,-0.012324389183159564,-0.07219793218554599,0.3741654482754652,0.4326460438891498,0.4133702521699213,0.17070043572786897,0.39091646524228957,0.9575849980016532
idle,ahad,swipe_left,0.08262641727924347,-0.011490166187286377,-0.22623617388308048,-0.10331158339977264,0.006660342216491699,-0.2856098357588053,0.07759411633014679,-0.2023388147354126,-0.045097192749381065,-0.10424746572971344,-0.18325746059417725,-0.12409943528473377,0.06003017723560333,-0.40775272250175476,-0.11441400833427906,-0.08285044133663177,-0.4020593464374542,-0.14994060434401035,0.00713156028227384,0.002137187755469154,0.12210801695332577,-0.012324389183160226,-0.07219793218554987,0.011096398035685398,0.43113406566935497,0.41235761216329037,0.17070043572786897,3.3353293058724196,11.002092431508654
idle,ahad,swipe_left,0.08288614451885223,-0.010744273662567139,-0.2186307581141591,-0.10309801995754242,0.004172861576080322,-0.2736282916739583,0.07904361188411713,-0.2015109658241272,-0.04322818759828806,-0.10162563621997833,-0.18397915363311768,-0.11534411925822496,0.06119327247142792,-0.40692487359046936,-0.1094362260773778,-0.08082221448421478,-0.40097495913505554,-0.14923834521323442,0.007870522412386933,0.022602803779371218,0.23046714451277261,0.006471619461522061,-0.07537820122458838,0.3630770934802171,0.4243981938191655,0.4115253264182292,0.08585417935433157,0.3481945998650795,10.681713475427149
idle,ahad,swipe_left,0.08252978324890137,-0.010917261242866516,-0.2185640479438007,-0.10373988747596741,0.001097843050956726,-0.26727354479953647,0.08139508962631226,-0.20046551525592804,-0.042339428793638945,-0.10011914372444153,-0.18395663797855377,-0.11422169907018542,0.0627673864364624,-0.4060361534357071,-0.10933721764013171,-0.0804191529750824,-0.39992620050907135,-0.14190734876319766,-0.010798826362147648,-0.005242047887860006,0.0020215203138915297,-0.019450530861363575,-0.09318237954920137,0.19256808710369502,0.4208097233661763,0.41041441465140616,0.20873390679175335,2.0596467156349547,5.254083015781035
idle,ahad,swipe_left,0.08393856883049011,-0.011093676090240479,-0.21827574027702212,-0.10436096787452698,0.0009149312973022461,-0.2654901738278568,0.08115890622138977,-0.19974243640899658,-0.03984095482155681,-0.09925034642219543,-0.1832367181777954,-0.10086253238841891,0.06388255953788757,-0.4049820005893707,-0.10718684596940875,-0.07916387915611267,-0.3974575102329254,-0.13973995996639132,0.042690472169354295,-0.005345904465877446,0.00873659596298647,-0.018820618138168085,-0.005542780413771911,0.05404154459635212,0.41850760057237024,0.4097450403897101,3.3949068565944156,7.984147171843781,4.967358938728459
idle,ahad,swipe_left,0.08465886116027832,-0.010096698999404907,-0.21781130973249674,-0.10189056396484375,0.0010229051113128662,-0.2592932218685746,0.08203732967376709,-0.19874194264411926,-0.032695298083126545,-0.09692773222923279,-0.18226173520088196,-0.10072887036949396,0.06484842300415039,-0.4037739336490631,-0.09695328865200281,-0.07648414373397827,-0.3964570164680481,-0.13523829821497202,0.021827040296612712,0.030211426995017793,0.014073652864405827,0.07486072453585657,0.0032719337578976312,0.18778642300855328,0.4171635150997549,0.4122873752624896,22.87266717672384,0.7224523968303546,4.955410512251492
idle,ahad,swipe_left,0.08596068620681763,-0.011009633541107178,-0.20584517577663064,-0.09926977753639221,0.0004977583885192871,-0.25820170203223825,0.08284658193588257,-0.1973114013671875,-0.020246269647032022,-0.0945722758769989,-0.1808687448501587,-0.1006797761656344,0.06794631481170654,-0.40234339237213135,-0.09690419444814324,-0.07377424836158752,-0.39502647519111633,-0.13518920401111245,0.03944924383452507,-0.027664683081887426,0.362610119874736,0.07941777055913879,-0.015913537054351137,0.03307635867686035,0.4149958024198063,0.40661377963663875,4.990265836066244,1.4259269766721312,4.726112227820782
idle,ahad,swipe_left,0.08673936128616333,-0.011202573776245117,-0.20320038218051195,-0.0980285108089447,-0.0005218386650085449,-0.2578257294371724,0.08356332778930664,-0.1963234543800354,-0.02027671132236719,-0.0935623049736023,-0.18139994144439697,-0.10071021784096956,0.06863600015640259,-0.3995119333267212,-0.09693463612347841,-0.07155030965805054,-0.3921950161457062,-0.13521964568644762,0.023596214525626474,-0.00584667379205855,0.08014526048844207,0.037614143255983716,-0.030896880409933134,0.011393108941388421,0.4112678261993066,0.40299416767957497,1.2173696951681974,4.035145489420319,1.497536131609411
idle,ahad,swipe_left,0.08820196986198425,-0.011015236377716064,-0.20320038218051195,-0.09699293971061707,-0.0006729364395141602,-0.2582321437075734,0.08460697531700134,-0.19494754076004028,-0.02027671132236719,-0.09187465906143188,-0.18209201097488403,-0.10071021784096956,0.07115903496742249,-0.3957386016845703,-0.09693463612347841,-0.06815961003303528,-0.3902047276496887,-0.13521964568644762,0.044321471994574126,0.00567689086451684,0.0,0.03138094237356525,-0.004578720439564171,-0.01231558395154568,0.4095100144478772,0.39949335191954,6.8521523939464775,7.8059746219418855,1.0898987139898253
idle,ahad,swipe_left,0.09175117313861847,-0.009514182806015015,-0.20315584540367126,-0.09592004120349884,-0.00022968649864196777,-0.2581876069307327,0.08635647594928741,-0.18906709551811218,-0.020232174545526505,-0.09173242747783661,-0.18236610293388367,-0.10868103057146072,0.07257236540317535,-0.3888218402862549,-0.12145189195871353,-0.06596200168132782,-0.38557782769203186,-0.16811567544937134,0.10755161444346281,0.045486471869729504,0.0013495992982026517,0.03251207597328007,0.01343181639006665,0.0013495992982026517,0.39686726609030853,0.38848122438264104,2.4203469346400226,2.3644227745054143,0.6859445060246292
idle,ahad,swipe_left,0.09349003434181213,-0.004293560981750488,-0.20313524082303047,-0.09479224681854248,0.0010554194450378418,-0.25816700235009193,0.08784416317939758,-0.1829950213432312,-0.03507685288786888,-0.09015610814094543,-0.18013250827789307,-0.11059660091996193,0.07315114140510559,-0.38235557079315186,-0.13116814568638802,-0.06433218717575073,-0.38082122802734375,-0.17098161950707436,0.05269276373314219,0.1582006613413518,0.0006243812315391872,0.03417558742292054,0.03894260435393424,0.0006243812315391872,0.3928853269080834,0.3853878781318031,0.8775661110440586,0.33307339054706253,0.7750076359259668
idle,ahad,swipe_left,0.09471870958805084,0.00032201409339904785,-0.2310395184904337,-0.0946609228849411,0.0007113516330718994,-0.27157806791365147,0.08914782106876373,-0.17902132868766785,-0.06410598941147327,-0.089798703789711,-0.18008312582969666,-0.12962953187525272,0.0738309770822525,-0.3783320486545563,-0.15324517525732517,-0.06365649402141571,-0.3790898025035858,-0.18687852658331394,0.03723258321935339,0.13986591136816245,-0.8455841717394595,0.003979513139435589,-0.01042629733230089,-0.40639592616845527,0.3903641935350375,0.38712679633918,0.38164377715672837,0.2662000816000613,12.45799635122211
idle,ahad,swipe_left,0.09441286325454712,0.007311224937438965,-0.23711342550814152,-0.0952720046043396,0.005554318428039551,-0.29318937100470066,0.08965033292770386,-0.17102497816085815,-0.08117476291954517,-0.09017547965049744,-0.17328256368637085,-0.15701658464968204,0.07395678758621216,-0.36966758966445923,-0.1747249010950327,-0.06298020482063293,-0.3724694550037384,-0.20937634445726871,-0.009268070712234183,0.21179426800121298,-0.18405778841539155,-0.018517627860560857,0.14675656954447663,-0.6548879724560466,0.388547753862909,0.382653636685771,0.12617834921931484,0.04375957404384079,8.936099652942664
idle,ahad,swipe_left,0.09479865431785583,0.010068804025650024,-0.2392037301324308,-0.09545248746871948,0.008164376020431519,-0.29319525649771094,0.09048935770988464,-0.16633108258247375,-0.08118064841255546,-0.0903155505657196,-0.17043426632881165,-0.15702247014269233,0.07563868165016174,-0.3651835322380066,-0.17473078658804297,-0.06195569038391113,-0.37045714259147644,-0.209382229950279,0.011690638282082484,0.08356300267306374,-0.06334256437240326,-0.005469177708481384,0.07909265431490937,-0.00017834827303886698,0.38923118219121233,0.3812324499216154,0.06914812263833445,0.13990041056100436,19.94927818642219
idle,ahad,swipe_left,0.0945097953081131,0.008960843086242676,-0.2392100696451962,-0.09673593938350677,0.006459593772888184,-0.29320159601047635,0.09032668173313141,-0.1654970645904541,-0.08118698792532086,-0.09022955596446991,-0.17090022563934326,-0.15702880965545774,0.07544632256031036,-0.3644479513168335,-0.17473712610080838,-0.062263116240501404,-0.37136465311050415,-0.2093885694630444,-0.008753303325537148,-0.03357457392143354,-0.00019210644743658552,-0.038892482266280115,-0.05166006810737183,-0.00019210644743658552,0.3885410666679805,0.3794131049134213,0.7528392983560924,0.26070450339939916,4.089606066072164
idle,ahad,swipe_left,0.09552466869354248,0.0067667365074157715,-0.2392037301324308,-0.09730350971221924,0.0030091404914855957,-0.29319525649771094,0.08996975421905518,-0.16546475887298584,-0.08118064841255546,-0.08964076638221741,-0.1712031364440918,-0.15702247014269233,0.07498413324356079,-0.3644663393497467,-0.17473078658804297,-0.06188192963600159,-0.37133175134658813,-0.209382229950279,0.030753738952406014,-0.06648807814627089,0.00019210644743659585,-0.01719910087007492,-0.10455919034553464,0.00019210644743659585,0.3852407235174662,0.3773495337962133,0.16448995371219144,0.4625382064216643,1.7325987926329756
idle,ahad,swipe_left,0.0959932953119278,0.00595778226852417,-0.23919218452647328,-0.09786765277385712,-0.0015819668769836426,-0.2842567232437432,0.08974029123783112,-0.16593068838119507,-0.07995418878272176,-0.08957450091838837,-0.17310255765914917,-0.14865944953635335,0.07441999018192291,-0.3644109070301056,-0.16916936310008168,-0.061714813113212585,-0.3725031018257141,-0.19897518726065755,0.014200806617737042,-0.024513764814897407,0.0003498668471972203,-0.017095244292057193,-0.13912446571119125,0.27086464405963345,0.3823119884947592,0.37754677727075037,0.12287645690649467,0.5792756620331653,8.268807577606518
idle,ahad,swipe_left,0.0968940407037735,0.0055435895919799805,-0.2245286051183939,-0.09793172776699066,-0.0035125017166137695,-0.28410171903669834,0.0901273638010025,-0.16615945100784302,-0.07491313852369785,-0.08963857591152191,-0.17325204610824585,-0.1481595579534769,0.07435591518878937,-0.3644109070301056,-0.16625999845564365,-0.06176595389842987,-0.37267693877220154,-0.1974163893610239,0.02729531490441421,-0.012551293228611326,0.4443508911539039,-0.0019416664585921969,-0.058501055746365264,0.004697097183176787,0.3809260967262039,0.37519265343960057,0.03318971331555016,2.1745281445623084,8.44008365419138
idle,ahad,swipe_left,0.09788341820240021,0.003835141658782959,-0.21907220967113972,-0.09840105473995209,-0.004467487335205078,-0.2836987990885973,0.0901273638010025,-0.16676145792007446,-0.0728765819221735,-0.08963857591152191,-0.17407071590423584,-0.14736961014568806,0.07425053417682648,-0.3646405041217804,-0.16424705274403095,-0.06176595389842987,-0.3735830783843994,-0.1967801321297884,0.029981136322021963,-0.05177114949081966,0.16534531658346266,-0.014222029483679796,-0.028938958139131023,0.012209695397001518,0.38097677729116364,0.37328087624850476,0.4914322755861056,0.5790977700730443,0.9963957373773283
idle,ahad,swipe_left,0.09811998903751373,0.003525972366333008,-0.21787879057228565,-0.09872372448444366,-0.00516963005065918,-0.2773201782256365,0.0901273638010025,-0.16701644659042358,-0.07224022038280964,-0.08963857591152191,-0.17485928535461426,-0.14043365605175495,0.07423950731754303,-0.364788681268692,-0.16201146133244038,-0.06176595389842987,-0.37386196851730347,-0.18979993648827076,0.007168813185258459,-0.009368766437877457,0.036164215116790424,-0.009777871045199463,-0.021277051983457963,0.19329154130184598,0.3807357482092507,0.37329227150566563,0.45952848751384756,0.7651005212123962,5.493889273072913
idle,ahad,swipe_left,0.09829302132129669,0.002899646759033203,-0.21555843809619546,-0.09901003539562225,-0.005700469017028809,-0.2769415960647166,0.09030039608478546,-0.16766560077667236,-0.06074365833774209,-0.08993925154209137,-0.17556291818618774,-0.1402852819301188,0.0740179568529129,-0.3650159239768982,-0.14821182051673532,-0.06159292161464691,-0.3743928074836731,-0.18631222704425454,0.005243402538877629,-0.01897956385757014,0.07031371139667363,-0.008676088217533134,-0.016086029283928403,0.01147218669454275,0.3815072258512912,0.3748155717740185,0.5393219633286115,0.2762511471326163,5.5120236178312565
idle,ahad,swipe_left,0.098493292927742,0.0023227035999298096,-0.20077477488666773,-0.10114096105098724,-0.006347864866256714,-0.2769569167867303,0.09018708765506744,-0.1690252125263214,-0.041973759420216084,-0.08991475403308868,-0.177022784948349,-0.1377049246802926,0.07393904030323029,-0.3654165267944336,-0.131663397885859,-0.06173117458820343,-0.37487903237342834,-0.1845724144950509,0.006068836558948633,-0.017483126033435506,0.4479897942280961,-0.06457350470802756,-0.01961805603720851,-0.0004642643034457984,0.38197283798317716,0.3749819133290764,3.291366546155978,0.34710551430154324,1.7353546292820998
idle,ahad,swipe_left,0.09865814447402954,0.0014843344688415527,-0.1987377475015819,-0.10980796813964844,-0.00672602653503418,-0.2768128733150661,0.09010612964630127,-0.1695256233215332,-0.040569405537098646,-0.09091919660568237,-0.1774342656135559,-0.13713382882997394,0.07388639450073242,-0.365399032831192,-0.12673956854268909,-0.06187790632247925,-0.3752571940422058,-0.1812003026716411,0.004995501402652705,-0.025405125184493036,0.0617281025783592,-0.2626365784442828,-0.011459444508408238,0.004364953686793715,0.3837372485373821,0.37470092416692496,22.916788109884656,0.19662586743852523,6.008783398535341
idle,ahad,swipe_left,0.09844496846199036,-0.00010988116264343262,-0.1987377475015819,-0.12070360779762268,-0.007448345422744751,-0.2768128733150661,0.08930447697639465,-0.1700073778629303,-0.040569405537098646,-0.0931181013584137,-0.17774638533592224,-0.13125994009897113,0.07370343804359436,-0.36532822251319885,-0.12673956854268909,-0.06205448508262634,-0.3754003345966339,-0.1756732831709087,-0.006459879152702666,-0.04830956459045487,0.0,-0.33017089872649746,-0.021888451142744934,0.0,0.38607978790243436,0.37306878448845326,15.08356224070651,0.13371566255673606,2.074972516008983
idle,ahad,swipe_left,0.09849366545677185,-0.0005032718181610107,-0.1987377475015819,-0.13669800758361816,-0.008860915899276733,-0.2768128733150661,0.08865579962730408,-0.17017009854316711,-0.040569405537098646,-0.09777224063873291,-0.17868366837501526,-0.13125994009897113,0.07348558306694031,-0.36540088057518005,-0.12673956854268909,-0.061929136514663696,-0.3754957616329193,-0.1756732831709087,0.0014756665085300697,-0.011920928955077674,0.0,-0.4846787813937842,-0.042805165955512994,0.0,0.38760896646180154,0.37277259399639867,11.322639404274012,0.12377749557898246,4.724765726540648
idle,ahad,swipe_left,0.09875404834747314,-0.0012007057666778564,-0.2007773290388286,-0.15433183312416077,-0.025160640478134155,-0.2824285249225795,0.08811259269714355,-0.17059031128883362,-0.041976313572376966,-0.10462096333503723,-0.182305246591568,-0.13125994009897113,0.0727267861366272,-0.3654921054840088,-0.1316659520380199,-0.06167256832122803,-0.3755090832710266,-0.1756732831709087,0.007890390627312064,-0.021134362076268388,-0.06180550112868899,-0.5343583497134207,-0.4939310478441722,-0.17017126083374295,0.37779154617683325,0.37170152638528703,1.0818458774758475,0.37332649418727976,14.688091002336844
idle,ahad,swipe_left,0.09864960610866547,-0.002092331647872925,-0.2713659191504121,-0.17520539462566376,-0.04821392893791199,-0.2824286902323365,0.08754102885723114,-0.17187687754631042,-0.1011426905170083,-0.11202241480350494,-0.18735918402671814,-0.13770764414221048,0.07185028493404388,-0.3654780089855194,-0.1619298094883561,-0.06193061172962189,-0.375435471534729,-0.18457513395696878,-0.003164916327505451,-0.027018966096820685,-2.1390481851995333,-0.6325321667122219,-0.6985844987811576,-5.0093865755833355e-06,0.3598338962011813,0.38045185793675157,0.905447032347249,0.11713250550221276,8.596542242506231
idle,ahad,swipe_left,0.09786126017570496,-0.004897475242614746,-0.3035083042923361,-0.2079036831855774,-0.0830259919166565,-0.2824146079365164,0.08658745884895325,-0.173589289188385,-0.13905795686878264,-0.12480399012565613,-0.2018970251083374,-0.14059733622707427,0.07020744681358337,-0.3654458522796631,-0.19517894857563078,-0.06474897265434265,-0.37540963292121887,-0.18719593458808959,-0.02388927069577342,-0.08500435135581412,-0.9740116709674101,-0.9908572290883078,-1.054910999355911,0.0004267362369732491,0.3391873529903508,0.3774852512185252,0.939279513071505,0.2810325504776525,15.313246267280952
idle,ahad,swipe_left,0.09718291461467743,-0.006885498762130737,-0.30349102331820177,-0.23206613957881927,-0.13724491000175476,-0.2795341582459514,0.08553950488567352,-0.1751527488231659,-0.14946998371306108,-0.14104311168193817,-0.22075071930885315,-0.14309353841963457,0.06791763007640839,-0.3652912378311157,-0.20253067924204515,-0.06811045110225677,-0.3755444884300232,-0.18760290457430528,-0.02055592609174246,-0.060243136955027754,0.0005236658828586819,-0.7321956482800293,-1.6429975177301883,0.08728635425954219,0.30351196395620816,0.3735025056845899,0.4456459579108822,0.34121040039277944,19.64553096248118
idle,ahad,swipe_left,0.09655430912971497,-0.007798701524734497,-0.30348175042308867,-0.25287283957004547,-0.1821061074733734,-0.2795248853508383,0.08453944325447083,-0.17558428645133972,-0.14946071081794798,-0.15190556645393372,-0.2407379448413849,-0.14308426552452147,0.06561025977134705,-0.3642199635505676,-0.20252140634693205,-0.07216024398803711,-0.37481892108917236,-0.18759363167919219,-0.01904865105946889,-0.027672810987993162,0.0002809968216090762,-0.6305060603401978,-1.359430226412708,0.0002809968216090762,0.279725984018905,0.3717346382713839,0.46380136640232167,0.688327714160277,9.50187808140261
idle,ahad,swipe_left,0.09604273736476898,-0.007719457149505615,-0.3034750933293253,-0.27814701199531555,-0.21766287088394165,-0.27901585050858557,0.08355508744716644,-0.175739586353302,-0.14945405372418463,-0.17183060944080353,-0.26429903507232666,-0.14307760843075812,0.06368868052959442,-0.3630818724632263,-0.2025147492531687,-0.07577656209468842,-0.37513554096221924,-0.18758697458542883,-0.015502174695333092,0.0024013447039055486,0.00020173011404095597,-0.7658840128869844,-1.0774776791081455,0.015425298250083014,0.2722327683566699,0.3708398876702329,0.71081129282384,6.45293519707261,9.488951519984894
idle,ahad,swipe_left,0.09567373991012573,-0.007436037063598633,-0.2990401762071997,-0.28942257165908813,-0.25727570056915283,-0.2724455373827368,0.08268189430236816,-0.17547231912612915,-0.13979596667923033,-0.1807989776134491,-0.2935013175010681,-0.1405522304121405,0.06197404861450195,-0.36183789372444153,-0.195133842760697,-0.07829111814498901,-0.3776894509792328,-0.1871508287731558,-0.011181741049795016,0.008588487451726414,0.1343914279431957,-0.3416836261749138,-1.2003887783396874,0.1991003977529855,0.25758716828986367,0.37085424539617823,0.2846438984573092,1.3017937464414808,14.494533613170313
idle,ahad,swipe_left,0.0955919623374939,-0.007407069206237793,-0.2978935873834416,-0.28942257165908813,-0.3025621175765991,-0.26702186826150864,0.08165425062179565,-0.17545461654663086,-0.13981002930086106,-0.18105733394622803,-0.32234200835227966,-0.13736188772600144,0.060724616050720215,-0.36167430877685547,-0.19152985874097794,-0.07921457290649414,-0.38028621673583984,-0.1721442526904866,-0.0024781082615708255,0.0008778138594194032,0.03474511587145709,0.0,-1.3723156668923338,0.16435360973418925,0.24337255446358097,0.3715296107187082,0.0,2.819832931638119,11.63864776670902
idle,ahad,swipe_left,0.09552383422851562,-0.0073063671588897705,-0.28042839537374675,-0.28942257165908813,-0.327086478471756,-0.2669990814756602,0.08102178573608398,-0.17535772919654846,-0.12631127308122814,-0.18105733394622803,-0.33674949407577515,-0.137339100940153,0.0590282678604126,-0.36157721281051636,-0.16853383253328502,-0.08071005344390869,-0.38287487626075745,-0.16139070759527385,-0.0020644881508567444,0.0030515771923643655,0.529248242718035,0.0,-0.7431624513684015,0.0006905086620739122,0.24047118168555032,0.3733097261477462,0.0,0.6763098918581976,19.699752233684485
idle,ahad,swipe_left,0.09517216682434082,-0.006987184286117554,-0.2748971439432353,-0.28942257165908813,-0.35599708557128906,-0.2669990814756602,0.08039349317550659,-0.1750602424144745,-0.11304036597721279,-0.18105733394622803,-0.3513862192630768,-0.137339100940153,0.058150649070739746,-0.36120420694351196,-0.15951387654058635,-0.08071005344390869,-0.3855859935283661,-0.14891867409460247,-0.010656588005296707,0.009672208265824385,0.16761367971246258,0.0,-0.8760790030161207,0.0,0.24161829678459895,0.37437092610612865,0.0,1.1016601434031583,4.027828643954631
idle,ahad,swipe_left,0.0957966297864914,-0.006849914789199829,-0.24059952865354717,-0.2868197113275528,-0.3827357590198517,-0.2669990814756602,0.0811181515455246,-0.17493471503257751,-0.09484612266533077,-0.18004269897937775,-0.365886926651001,-0.137339100940153,0.05862341821193695,-0.3610614538192749,-0.14437982509844005,-0.07969541847705841,-0.3876287639141083,-0.12288048933260143,0.0189231200651692,0.0041596817247796,1.039321675445111,0.07887455550107214,-0.8102628317746379,0.0,0.25237785716462907,0.36892532224429064,0.09734428763569673,4.548081616642185,3.1129581805668356
idle,ahad,swipe_left,0.09599572420120239,-0.006208270788192749,-0.16719941073097289,-0.27404768764972687,-0.4010661840438843,-0.3653158622328192,0.08200633525848389,-0.17425701022148132,-0.041696671629324555,-0.17435821890830994,-0.3656077980995178,-0.13968540006317198,0.059794485569000244,-0.3601594865322113,-0.0946673306170851,-0.0784565806388855,-0.387656033039093,-0.10896878712810576,0.0060331640821515665,0.019443757606275463,2.2242459976538016,0.3870310205401858,-0.5554674249706935,-2.9792963865806232,0.3227220726979165,0.3631155400844501,0.6967651141657701,0.3102720128639951,91.09117152206414
idle,ahad,swipe_left,0.09683151543140411,-0.0045127272605896,-0.1354768075980246,-0.2663367688655853,-0.41043317317962646,-0.6878928788937628,0.08318890631198883,-0.1724923849105835,-0.022076331544667482,-0.16415785253047943,-0.36858633160591125,-0.2876130589284003,0.06106926500797272,-0.35846108198165894,-0.06506498390808702,-0.07574231922626495,-0.38676148653030396,-0.10888044023886323,0.025327006975810137,0.05138010689706595,0.961291004028751,0.2336642055800504,-0.28384815562855564,-9.775061110937841,0.6100344228805724,0.36265162522790795,0.8231985226893642,0.49292451068733983,206.14908215578262
swipe_left,ahad,swipe_left,0.09691472351551056,-0.003407984972000122,-0.08367104385979474,-0.23868884146213531,-0.414262056350708,-0.7488715380895883,0.08391018211841583,-0.1708095371723175,-0.0022110589779913425,-0.1513299196958542,-0.3693470060825348,-0.32873708312399685,0.06204523146152496,-0.35796284675598145,-0.05796823580749333,-0.0733628123998642,-0.38714632391929626,-0.10886143450625241,0.002521457094134611,0.033477039048164715,1.5698716284311487,0.8378159819226959,-0.11602676276004235,-1.8478381574491862,0.661574554770317,0.357191357443786,7.2208233787579585,0.07531674990004646,240.96916945379064
swipe_left,ahad,swipe_left,0.09652483463287354,-0.0024324655532836914,-0.005784835200756788,-0.2052609622478485,-0.41420403122901917,-0.8784916456788778,0.08371883630752563,-0.1699986457824707,0.03494607098400593,-0.1347350776195526,-0.37042516469955444,-0.4189369138330221,0.06292378902435303,-0.3577491343021393,-0.03543626703321934,-0.07117101550102234,-0.3874836266040802,-0.10885949991643429,-0.01181481462536455,0.029561194506558974,2.3601881411830057,1.012966036796586,0.0017583370208740514,-3.927882048160352,0.7816826297371525,0.3581315020582314,575.7657712979502,0.3996595930232173,63.355320663104564
swipe_left,ahad,swipe_left,0.09673142433166504,-0.0005787014961242676,-0.005809385795146227,-0.16625311970710754,-0.41267111897468567,-0.8785161962732673,0.08396607637405396,-0.1684657335281372,0.03492152038961649,-0.11537235975265503,-0.36889225244522095,-0.41896146442741156,0.06395888328552246,-0.3562162220478058,-0.032238918356597424,-0.06787970662117004,-0.38601502776145935,-0.10888405051082373,0.006260293902772945,0.05617466839877131,-0.0007439574057405764,1.1820558345679268,0.046451886494955165,-0.0007439574057405764,0.7763514123074985,0.35812093720164645,25.446337650003716,0.11144137811291038,119.12214278111053
swipe_left,ahad,swipe_left,0.09685821831226349,0.00019532442092895508,-0.0057962690480053425,-0.13156281411647797,-0.412224143743515,-0.8785030795261264,0.08388091623783112,-0.16801875829696655,0.037083239294588566,-0.1026153415441513,-0.3684452772140503,-0.41894834768027067,0.06526900827884674,-0.35576924681663513,-0.01548872608691454,-0.0665481835603714,-0.3860969543457031,-0.10887093376368284,0.0038422418363165123,0.023455330819793736,0.00039747718608739097,1.0512213815341898,0.0135447039748678,0.00039747718608739097,0.7728150956102496,0.3574948921178165,77.60551858246625,0.16380404360063927,4.088308896996118
swipe_left,ahad,swipe_left,0.09645165503025055,0.0010721683502197266,-0.005813793744891882,-0.10086987912654877,-0.40546363592147827,-0.8785206042230129,0.08471323549747467,-0.16732966899871826,0.037065714597702026,-0.08928970992565155,-0.3666200041770935,-0.4189658723771572,0.0663812905550003,-0.35508015751838684,-0.009155136533081532,-0.06500764191150665,-0.3854627013206482,-0.11316344514489174,-0.012320099454937755,0.02657102816032683,-0.0005310514208042345,0.9300889390887784,0.2048638733950561,-0.0005310514208042345,0.7664579038636806,0.35743512783849424,4.540011782767752,0.4636491945816988,6.861944093059131
swipe_left,ahad,swipe_left,0.09502743184566498,0.004448741674423218,-0.025071334093809128,-0.07453097403049469,-0.390556663274765,-0.7500370889902115,0.08497272431850433,-0.16438433527946472,0.03487280756235123,-0.08275012671947479,-0.32631513476371765,-0.39606405794620514,0.06560347974300385,-0.35181722044944763,-0.009199441410601139,-0.06374071538448334,-0.3841817378997803,-0.11728864908218384,-0.043158278320775574,0.1023204037637438,-0.5835618287550773,0.7981486392743787,0.45172644383980287,3.8934398555394996,0.632872544483664,0.35783113573686454,1.7668810034872002,0.42179130400152043,118.30358449500503
swipe_left,ahad,swipe_left,0.09281529486179352,0.0065996646881103516,-0.031471628695726395,-0.051540955901145935,-0.38838979601860046,-0.7186690121889114,0.08362807333469391,-0.16224026679992676,0.034533530473709106,-0.08169184625148773,-0.31493765115737915,-0.3926607221364975,0.06314219534397125,-0.3513318598270416,-0.009199441410601139,-0.06397692859172821,-0.38226476311683655,-0.11902948468923569,-0.06703445405670837,0.065179485263244,-0.19394832127021286,0.6966672160408449,0.06566264412619602,0.9505477818575412,0.5997997435685039,0.3598493009624989,10.609633767841933,1.028443617533327,89.99519165836342
swipe_left,ahad,swipe_left,0.09036608040332794,0.013152003288269043,-0.03796729817986488,-0.011812344193458557,-0.3845289349555969,-0.6579634100198746,0.0821893960237503,-0.15920686721801758,0.0319710299372673,-0.08100371062755585,-0.31190425157546997,-0.3912147134542465,0.062422528862953186,-0.3529926538467407,-0.009199441410601139,-0.06388033926486969,-0.3796982765197754,-0.11952601373195648,-0.07421861995350348,0.19855571515632714,-0.19683846921632098,1.2038973244753943,0.11699578978798793,1.8395637020920554,0.540970647163959,0.36833455119537767,10.290003056126576,0.3737905308066256,31.05531043070108
swipe_left,ahad,swipe_left,0.0877542644739151,0.019219964742660522,-0.04341651126742363,0.019056811928749084,-0.38200506567955017,-0.590826004743576,0.08075655996799469,-0.15832063555717468,0.02129720151424408,-0.07543264329433441,-0.30776214599609375,-0.3902612030506134,0.06186218559741974,-0.36043134331703186,-0.014302744530141354,-0.06385992467403412,-0.3795226812362671,-0.11953717470169067,-0.07914593725493586,0.18387761983004777,-0.16512766931996464,0.9354289734002464,0.07648088715293312,2.034466826554533,0.47853370702974385,0.3816452893376453,12.230725577282938,0.43042490382018056,10.127921056708733
swipe_left,ahad,swipe_left,0.08612625300884247,0.02464655041694641,-0.04909975454211235,0.0424678772687912,-0.3791974186897278,-0.5410706102848053,0.08071552217006683,-0.15832063555717468,-0.001337262918241322,-0.06359077990055084,-0.3061360716819763,-0.37948933243751526,0.0629144161939621,-0.36043134331703186,-0.02065017633140087,-0.06412054598331451,-0.38191401958465576,-0.12027890235185623,-0.04933368075977751,0.16444199012987804,-0.17221949317238822,0.7094262224255299,0.08508021181280098,1.5077392260233802,0.4340900060551045,0.38682444611384775,8.338224236702661,0.30000476591196423,17.370619913363157
swipe_left,ahad,swipe_left,0.08532148599624634,0.028669506311416626,-0.05047423858195543,0.0641024112701416,-0.36827608942985535,-0.4756931820884347,0.0810588002204895,-0.15759137272834778,-0.0021909326314926147,-0.048709988594055176,-0.3061360716819763,-0.34126116428524256,0.061459243297576904,-0.36043134331703186,-0.021441451273858547,-0.06479117274284363,-0.38191401958465576,-0.1268559405580163,-0.024386879169578785,0.12190775437788068,-0.041651031510394856,0.6555919394348358,0.3309493715112734,1.981134187768731,0.3721383750934203,0.39091147405399584,1.9809373122655762,0.2000420666590256,16.24684933846645
swipe_left,ahad,swipe_left,0.08443257212638855,0.032174915075302124,-0.06495692860335112,0.07992038130760193,-0.3536820709705353,-0.43326308857649565,0.08127263188362122,-0.15152767300605774,-0.02508628647774458,-0.037789225578308105,-0.30691272020339966,-0.32223525177687407,0.06114795804023743,-0.3612079918384552,-0.026526677422225475,-0.06522169709205627,-0.3826906681060791,-0.1297401888296008,-0.026936783935084918,0.10622450799653194,-0.438869394587755,0.4793324253775933,0.4422429836157667,1.2857604094527189,0.33768901714552163,0.39594086542172335,1.0838642087532615,0.2535811260696852,21.998379937855265
swipe_left,ahad,swipe_left,0.08400897681713104,0.030413419008255005,-0.07121097017079592,0.0847797840833664,-0.3387966454029083,-0.3885405110195279,0.08118002116680145,-0.15245524048805237,-0.026735802181065083,-0.031765416264534,-0.3026510775089264,-0.29838130343705416,0.06048606336116791,-0.3640122711658478,-0.027097917161881924,-0.06533490121364594,-0.38575923442840576,-0.13065717089921236,-0.012836221492651942,-0.0533786686983984,-0.18951641113469397,0.1472546295686225,0.4510735020493088,1.3552296229384377,0.30206575545965014,0.39758133001002616,0.3264530114196646,0.2404702353095923,10.284279378706202
swipe_left,ahad,swipe_left,0.08407264947891235,0.029204070568084717,-0.07128290552645922,0.08676356077194214,-0.3278924226760864,-0.3844318287447095,0.08120375871658325,-0.15470069646835327,-0.026747618801891804,-0.030272990465164185,-0.29757505655288696,-0.2845543222501874,0.060315072536468506,-0.36651813983917236,-0.029425074346363544,-0.06520017981529236,-0.3879876732826233,-0.13327230978757143,0.0019294745994335946,-0.036646922429401284,-0.0021798592625241467,0.06011444510835362,0.33043099172186324,0.12450552347934135,0.29964232271411156,0.3986383929112736,0.18192683097995596,0.05264894901342751,37.56634579141875
swipe_left,ahad,swipe_left,0.08434547483921051,0.028952956199645996,-0.07128294929862022,0.08767743408679962,-0.31435078382492065,-0.37723085656762123,0.08106417953968048,-0.1555931568145752,-0.02674766257405281,-0.029768183827400208,-0.2908293604850769,-0.27823201194405556,0.06030614674091339,-0.3674710690975189,-0.04569198563694954,-0.06504659354686737,-0.38962486386299133,-0.14108382537961006,0.008267435160550335,-0.007609526316324991,-1.3264291214220663e-06,0.027693130753257498,0.4103526924595754,0.21821127809358715,0.2911292429165069,0.39797587181807614,0.06748600356748488,1.086315823232388,3.8592534047651155
swipe_left,ahad,swipe_left,0.0844966471195221,0.029560714960098267,-0.0712770614773035,0.08784428238868713,-0.299972265958786,-0.3677287567406893,0.08079889416694641,-0.15578380227088928,-0.025112444534897804,-0.029429465532302856,-0.2769363820552826,-0.27662711031734943,0.06035807728767395,-0.3678906261920929,-0.04568609781563282,-0.06495502591133118,-0.3903355598449707,-0.14910911209881306,0.0045809781912602085,0.01841693213491758,0.00017841882777936815,0.005056009148106511,0.4357126626101477,0.2879424189979426,0.28161623270377234,0.39900518362339027,0.0116039720164349,0.24872380665228833,2.3507807687266067
swipe_left,ahad,swipe_left,0.08446522057056427,0.02779325842857361,-0.07121694274246693,0.08792836964130402,-0.2871791422367096,-0.3501500356942415,0.0808829814195633,-0.15777310729026794,-0.01666426844894886,-0.029345378279685974,-0.2607557475566864,-0.2607691753655672,0.06044216454029083,-0.36927530169487,-0.04568609781563282,-0.06520454585552216,-0.39193734526634216,-0.1527527142316103,-0.0009523196653886427,-0.053559288834081405,0.001821779843532707,0.00254809856414799,0.38767041582050366,0.5326885165590314,0.27090528498199734,0.39861306137934877,0.006572830650294292,0.017780331027316344,7.558465073886785
swipe_left,ahad,swipe_left,0.08444243669509888,0.028147250413894653,-0.06700047291815281,0.08736419677734375,-0.27364078164100647,-0.33923630602657795,0.08090454339981079,-0.15877196192741394,-0.0035936024505645037,-0.029323816299438477,-0.2597086727619171,-0.2526053059846163,0.06046372652053833,-0.368678480386734,-0.04568609781563282,-0.06555664539337158,-0.39194080233573914,-0.15495689399540424,-0.0006904204686482485,0.010727029858213076,0.1277718128579987,-0.017096147392734688,0.41025335138492763,0.3307190808382776,0.2670928313623001,0.3981205115955463,0.04167206840103436,0.06435668783301178,6.187129205725063
swipe_left,ahad,swipe_left,0.08448746800422668,0.02604222297668457,-0.06463463790714741,0.08618447184562683,-0.25568532943725586,-0.31127907522022724,0.08090522885322571,-0.16087698936462402,0.00629000086337328,-0.0294950008392334,-0.25408613681793213,-0.2354548890143633,0.06046441197395325,-0.3697812855243683,-0.04493447206914425,-0.06571045517921448,-0.3935290277004242,-0.1563911009579897,0.001364585125085101,-0.06378871021848838,0.07169197003046786,-0.03574924035505872,0.5441046122348756,0.8471888123136713,0.25702770002046244,0.3970408714945623,0.06570275981572993,0.02139193171455416,16.17753550859129
swipe_left,ahad,swipe_left,0.08471114933490753,0.025246530771255493,-0.06464540679007769,0.08183099329471588,-0.236140638589859,-0.29191449005156755,0.08145685493946075,-0.16070881485939026,0.014209660701453686,-0.031113550066947937,-0.24272868037223816,-0.22349673230201006,0.06077440083026886,-0.3705298602581024,-0.03675726894289255,-0.06589372456073761,-0.39314156770706177,-0.1580723049119115,0.0067782221418439615,-0.024111885013002723,-0.0003263297857660288,-0.13192359245184906,0.5922633590120352,0.586805611171515,0.25374320588361815,0.3974791414122018,0.2227444391080914,0.2811037392742033,8.537078547607992
swipe_left,ahad,swipe_left,0.08478483557701111,0.02422294020652771,-0.06468312442302704,0.07712087035179138,-0.21435841917991638,-0.2919522076845169,0.0866340696811676,-0.1607917845249176,0.014171943068504333,-0.032353609800338745,-0.2298804223537445,-0.2235344499349594,0.06119522452354431,-0.3714805543422699,-0.036794986575841904,-0.06644997000694275,-0.3921138048171997,-0.1640738844871521,0.002232916427381026,-0.03101789590084074,-0.0011429585742227526,-0.14273099827043398,0.6600672548467212,-0.0011429585742227526,0.2618442836270101,0.39738579941961655,0.21623672585735618,0.07198568364648031,17.93769670966317
swipe_left,ahad,swipe_left,0.08481863141059875,0.020985692739486694,-0.0647232960909605,0.07379433512687683,-0.19330909848213196,-0.29199237935245037,0.0866340696811676,-0.16135439276695251,0.01413177140057087,-0.034743547439575195,-0.22213873267173767,-0.22357462160289288,0.06189379096031189,-0.3708495497703552,-0.03683515824377537,-0.06671789288520813,-0.39025741815567017,-0.1641861628741026,0.0010241161693226371,-0.09809840809215355,-0.0012173232707110512,-0.10080409772468496,0.6378582029631745,-0.0012173232707110512,0.2736179011206333,0.3934947951561765,0.15803502913558287,0.010439575418850572,1.4377542510960843
swipe_left,ahad,swipe_left,0.0851045548915863,0.01974824070930481,-0.06998482346534729,0.05515727400779724,-0.16858592629432678,-0.29197312891483307,0.08647993206977844,-0.15746381878852844,0.014151021838188171,-0.043626993894577026,-0.2177344262599945,-0.22355537116527557,0.061960428953170776,-0.3686941862106323,-0.036815907806158066,-0.06699952483177185,-0.38755857944488525,-0.1686975061893463,0.008664347908713739,-0.03749854636914862,-0.15944022346626882,-0.5647594278509057,0.7491870359941082,0.0005833465944637045,0.27940684581606495,0.39054237486207605,0.753828679473663,0.23105207256165675,14.458448740134692
swipe_left,ahad,swipe_left,0.08569231629371643,0.017084747552871704,-0.10915075242519379,0.04204365611076355,-0.1417161524295807,-0.30459941923618317,0.08647993206977844,-0.149163156747818,-0.003220132552087307,-0.05224376916885376,-0.20557424426078796,-0.22390584647655487,0.06237831711769104,-0.3617541193962097,-0.06312201917171478,-0.06728965044021606,-0.38434627652168274,-0.18873752653598785,0.01781095157970014,-0.08071191383130316,-1.1868463321165155,-0.3973823605161574,0.8142355716589417,-0.38261485822271574,0.29025355677130105,0.3823363361672069,0.48804287887305614,0.22067040742608476,12.823849267789658
swipe_left,ahad,swipe_left,0.0865292102098465,0.011284053325653076,-0.11679961532354355,0.022819116711616516,-0.1177133321762085,-0.35437120497226715,0.08563174307346344,-0.14913499355316162,-0.004241817630827427,-0.0621020644903183,-0.20532160997390747,-0.2359599620103836,0.06247301399707794,-0.3597746193408966,-0.07433214038610458,-0.06762780249118805,-0.38288766145706177,-0.2057184875011444,0.025360421700911493,-0.17577861294602182,-0.23178372419242071,-0.5825617999741618,0.7273581894961386,-1.5082359313965084,0.31716825268992244,0.3742548938422194,0.8009272562813403,0.1442739648579107,34.66833415017004
idle,ahad,swipe_left,0.0865229070186615,0.015941888093948364,-0.1692468225955963,0.0006648600101470947,-0.08167722821235657,-0.3612707704305649,0.08485499024391174,-0.14447715878486633,-0.038913581520318985,-0.06661352515220642,-0.19638106226921082,-0.247036874294281,0.06272175908088684,-0.3549307584762573,-0.13040989637374878,-0.06776878237724304,-0.3773549497127533,-0.2514357417821884,-0.00019100579348477754,0.1411465081301625,-1.5893093112743515,-0.6713411121657508,1.092003150419773,-0.2090777411605406,0.3227572027395532,0.37365936553966606,0.614778901625679,0.0013532353210843585,40.97816522059224
idle,ahad,swipe_left,0.08727583289146423,0.015941888093948364,-0.17512826155871153,-0.00541040301322937,-0.04620668292045593,-0.36124760936945677,0.08439436554908752,-0.14447715878486633,-0.060535858385264874,-0.07066082954406738,-0.187423974275589,-0.2470137132331729,0.06382259726524353,-0.3549307584762573,-0.13975007366389036,-0.06769868731498718,-0.3763262629508972,-0.2514125807210803,0.022815935539477163,0.0,-0.17822542312470632,-0.18409887949625944,1.074865008845491,0.0007018503366094759,0.3534437734618071,0.3732937052965788,0.1712761199826193,22815.935539477163,16.083636609198784
idle,ahad,swipe_left,0.08728361129760742,0.015941888093948364,-0.18919042125344276,-0.022814005613327026,-0.007108241319656372,-0.36124739423394203,0.08370530605316162,-0.14804533123970032,-0.06053564324975014,-0.07516840100288391,-0.17793694138526917,-0.24701349809765816,0.06383037567138672,-0.3549307584762573,-0.14742496982216835,-0.06890735030174255,-0.3736110031604767,-0.25141236558556557,0.00023570927706630855,0.0,-0.4261260513554758,-0.5273818969726363,1.1848012606302447,6.519258022308102e-06,0.385373331173427,0.3739531082483282,0.4451222912860584,235.70927706630857,10.922958064686005
idle,ahad,swipe_left,0.08721098303794861,0.016403764486312866,-0.19587905053049326,-0.03967642784118652,0.007800310850143433,-0.3612474137917161,0.08245691657066345,-0.1505383551120758,-0.07115378323942423,-0.07894110679626465,-0.16794607043266296,-0.24701351765543222,0.06391468644142151,-0.3549307584762573,-0.15146177355200052,-0.07037356495857239,-0.37057673931121826,-0.25141238514333963,-0.002200856353297413,0.013996254314076039,-0.20268573566820006,-0.5109824917533262,0.45177430817575887,-5.926598202098594e-07,0.39519013124596986,0.3747064716189688,1.131054492147086,0.15723486220323718,22.218496203012542
idle,ahad,swipe_left,0.08725270628929138,0.012162387371063232,-0.19590618088841438,-0.05583077669143677,0.01642584800720215,-0.35161447897553444,0.08186039328575134,-0.1553378701210022,-0.07118091359734535,-0.08321526646614075,-0.16131740808486938,-0.22372132912278175,0.06395640969276428,-0.3594606816768646,-0.1567949689924717,-0.07258808612823486,-0.3712131083011627,-0.2486310489475727,0.0012643409497810334,-0.12852657924999095,-0.0008221320582158768,-0.48952572273486367,0.26137991385026826,0.2919071156418731,0.4014353680578271,0.3744010013069992,1.8728441779620066,0.009837117894532527,10.580945523270637
idle,ahad,swipe_left,0.08753733336925507,0.008863240480422974,-0.19384598266333342,-0.07332508265972137,0.021382123231887817,-0.3412338299676776,0.08192496001720428,-0.15913745760917664,-0.0639757988974452,-0.08805479109287262,-0.1647782027721405,-0.20255632232874632,0.06404589116573334,-0.36307293176651,-0.15584407281130552,-0.07491762936115265,-0.372991144657135,-0.24012162815779448,0.008625063029202221,-0.09997414820121618,0.06243024924487542,-0.5301304838873923,0.15019015832380245,0.31456512145019555,0.4071320277076046,0.3746098093148433,3.5297050092953217,0.08627207045337791,3.652149270917016
idle,ahad,swipe_left,0.08954031765460968,0.00788453221321106,-0.18981678318232298,-0.08727191388607025,0.019821971654891968,-0.335703413002193,0.0835132747888565,-0.16120055317878723,-0.060539196245372295,-0.09136758744716644,-0.1668035089969635,-0.19816584419459105,0.06526030600070953,-0.3651445508003235,-0.15584407281130552,-0.07490406930446625,-0.375016450881958,-0.2369334204122424,0.06069649349559534,-0.029657826279149382,0.12209695397001519,-0.42263124928330603,-0.0472773205150265,0.167588392893476,0.407192650875727,0.37535897590144957,8.939218751414423,2.046490070925899,8.139714866338652
idle,ahad,swipe_left,0.09150835871696472,0.007297009229660034,-0.18919954262673855,-0.09867033362388611,0.01897290349006653,-0.31668016873300076,0.08525189757347107,-0.16248628497123718,-0.06024936027824879,-0.09553414583206177,-0.16765257716178894,-0.18697460554540157,0.06592664122581482,-0.36609598994255066,-0.15557139180600643,-0.07395374774932861,-0.37586551904678345,-0.2325099017471075,0.05963760795015372,-0.01780372677427378,0.01870425926013456,-0.3454066587216981,-0.02572933832804403,0.5764619475512885,0.40446622031160895,0.3757760085852175,13.424100931670697,3.3495379460877026,12.626059915949883
idle,ahad,swipe_left,0.09278836846351624,0.0064768195152282715,-0.18919954262673855,-0.10691940784454346,0.018118321895599365,-0.3056643661111593,0.08491507172584534,-0.16506922245025635,-0.058215418830513954,-0.09795248508453369,-0.16857045888900757,-0.17957103811204433,0.06477227807044983,-0.36721235513687134,-0.15557139180600643,-0.07495671510696411,-0.3767201006412506,-0.22908987663686275,0.03878817413792319,-0.024854233770658533,0.0,-0.24997194608051623,-0.025896411953549414,0.3338122006618489,0.4034633144124434,0.3762437416100124,9.652391000648073,1.5605636420813878,7.901291403090519
idle,ahad,swipe_left,0.09331946074962616,0.006322413682937622,-0.18653822503983974,-0.11464308202266693,0.017779797315597534,-0.2941316720098257,0.0833190530538559,-0.1667121946811676,-0.058215418830513954,-0.1009482592344284,-0.16963711380958557,-0.17428151331841946,0.06385104358196259,-0.36746910214424133,-0.15557139180600643,-0.07647894322872162,-0.37701278924942017,-0.22668295167386532,0.016093705639694932,-0.004678964614868239,0.08064598748178321,-0.23405073267041204,-0.010258320606116256,0.34947557882829705,0.40232700353262285,0.3762278959291558,22.813472904909418,3.4388519922918346,0.8262099695029655
idle,ahad,swipe_left,0.09442411363124847,0.006005018949508667,-0.18653822503983974,-0.11841519176959991,0.01712915301322937,-0.2916868384927511,0.08319269120693207,-0.16726574301719666,-0.055163947865366936,-0.10339753329753876,-0.1711055338382721,-0.1670981254428625,0.06319408118724823,-0.3678249418735504,-0.15557139180600643,-0.07731027901172638,-0.37736862897872925,-0.21154110692441463,0.03347432974613127,-0.009618022225120005,0.0,-0.11430635596766799,-0.019716494011156802,0.07408586415377648,0.4046497894946087,0.3764081551932094,5.797205055723091,3.480013764674887,9.104417627438197
idle,ahad,swipe_left,0.0950310230255127,0.00522807240486145,-0.18646223191171885,-0.1201801598072052,0.016191810369491577,-0.29089511279016733,0.08404743671417236,-0.16817882657051086,-0.055087954737246037,-0.10574027895927429,-0.17204663157463074,-0.1670221323147416,0.06326442956924438,-0.3687380254268646,-0.15549539867788553,-0.07880601286888123,-0.37828171253204346,-0.21146511379629374,0.018391193765582754,-0.02354383468627967,0.0023028220642697093,-0.05348387992743375,-0.02840432253750933,0.023991687957084923,0.40451242878975757,0.376588241382861,1.8828823315351584,0.7811137351624682,2.4022254842775936
idle,ahad,swipe_left,0.09617383778095245,0.0063308775424957275,-0.18646223191171885,-0.12187077105045319,0.015271753072738647,-0.29062158707529306,0.08478285372257233,-0.1690988838672638,-0.055087954737246037,-0.10658319294452667,-0.17383429408073425,-0.1670221323147416,0.0637909322977066,-0.36965808272361755,-0.15549539867788553,-0.07846878468990326,-0.3792017698287964,-0.21146511379629374,0.034630750164839845,0.033418337504067745,0.0,-0.05123064373478551,-0.027880524144027117,0.008288658026492642,0.4046712739401676,0.3786493041985708,1.837440574272204,1.0362488532462575,0.48098516430439897
idle,ahad,swipe_left,0.09567686915397644,0.009785056114196777,-0.1905979299917817,-0.12210193276405334,0.0142822265625,-0.2905473494902253,0.08561679720878601,-0.17008841037750244,-0.055087954737246037,-0.10777580738067627,-0.1748238205909729,-0.1670221323147416,0.06364479660987854,-0.37055012583732605,-0.16108223143965006,-0.07839712500572205,-0.37993982434272766,-0.21146511379629374,-0.01505965536290973,0.1046720779303365,-0.12532418424433128,-0.007004900412126132,-0.029985651825414038,0.0022496237899318245,0.4044442305726058,0.3828212125295418,0.23360061846549326,0.1438732447796409,1.3541141844484292
idle,ahad,swipe_left,0.09505650401115417,0.010495036840438843,-0.1905979299917817,-0.12104251980781555,0.01346859335899353,-0.2905473494902253,0.08414414525032043,-0.1701909601688385,-0.055087954737246037,-0.10917931795120239,-0.17563745379447937,-0.16842392925173044,0.06220361590385437,-0.3711642622947693,-0.16108223143965006,-0.0798197090625763,-0.3801429271697998,-0.21305290702730417,-0.018798943721887135,0.021514567461881115,0.0,0.03210342291629727,-0.024655551621408565,0.0,0.40327997449831987,0.38420607664948425,1.302024038447566,0.8737368305620109,1.1979979200629802
idle,ahad,swipe_left,0.09457571804523468,0.011291563510894775,-0.1905979299917817,-0.12001459300518036,0.012665748596191406,-0.29089511279016733,0.08352763950824738,-0.17001187801361084,-0.055087954737246037,-0.10938717424869537,-0.1765061616897583,-0.16877562645822763,0.06093819439411163,-0.3719726502895355,-0.16108223143965006,-0.08126108348369598,-0.38015255331993103,-0.21305290702730417,-0.014569271694529588,0.024137171831997043,0.0,0.03114929704955012,-0.02432862917582102,-0.010538281816424347,0.40232755538059484,0.3858680046835473,1.2803029928835308,0.6035780918261952,0.3208010779068902
idle,ahad,swipe_left,0.09423916041851044,0.011253774166107178,-0.1905979299917817,-0.11963744461536407,0.01416778564453125,-0.29089511279016733,0.0814395397901535,-0.1693376898765564,-0.055087954737246037,-0.10914070904254913,-0.17734289169311523,-0.16918272618204355,0.05967359244823456,-0.37280189990997314,-0.16108223143965006,-0.081931933760643,-0.38039860129356384,-0.21305290702730417,-0.010198715961340865,-0.0011451316602302502,0.0,0.011428739085342128,0.0455162741921172,0.0,0.40393532681386757,0.38673597678540395,0.25108575344613643,8.898380801462208,2.222323157690485
idle,ahad,swipe_left,0.09352530539035797,0.011465489864349365,-0.18021772149950266,-0.11842523515224457,0.01925879716873169,-0.2905473494902253,0.07977576553821564,-0.1690075397491455,-0.052392867393791676,-0.10902832448482513,-0.176727294921875,-0.1692983591929078,0.05848915874958038,-0.37406793236732483,-0.15598141495138407,-0.0825885683298111,-0.3812611699104309,-0.21305290702730417,-0.021631970550075066,0.006415627219460329,0.3145517724933096,0.03673362009453109,0.15427307649092487,0.010538281816424914,0.40951910740608255,0.387880071393459,0.23810623878012285,3.371236914694013,3.3987296325999896
idle,ahad,swipe_left,0.09220312535762787,0.01076623797416687,-0.15260014962404966,-0.11628259718418121,0.018361181020736694,-0.29057693015784025,0.0784747451543808,-0.1697634756565094,-0.03337657731026411,-0.10865415632724762,-0.17686960101127625,-0.16941605042666197,0.05777923762798309,-0.3749937415122986,-0.13161445688456297,-0.0827871710062027,-0.3821244537830353,-0.20375716220587492,-0.040066061597882535,-0.021189451217651704,0.8368961174379829,0.06492842327464814,-0.027200489333182105,-0.0008963838671193122,0.41115490920850956,0.387861012631558,2.3869436882429933,1.8907601912934915,5.575951379913919
idle,ahad,swipe_left,0.09179368615150452,0.010525554418563843,-0.1526292646303773,-0.11403998732566833,0.01836457848548889,-0.29106607381254435,0.07820424437522888,-0.17079797387123108,-0.03340569231659174,-0.10806068778038025,-0.17493334412574768,-0.16959247831255198,0.05769529938697815,-0.3763507604598999,-0.1314735198393464,-0.08275347948074341,-0.38271602988243103,-0.1995827341452241,-0.012407248670404138,-0.00729344107887934,-0.0008822729190190298,0.06795787450038768,0.00010295347733930718,-0.014822534991032588,0.41256963220600423,0.3889518588868636,653.7335377302599,1.700918348127954,0.9333103348025088
idle,ahad,swipe_left,0.09082281589508057,0.009915798902511597,-0.1526292646303773,-0.11242085695266724,0.01776978373527527,-0.291891866363585,0.07724875211715698,-0.17065683007240295,-0.03340569231659174,-0.10727381706237793,-0.17326870560646057,-0.17037770990282297,0.05689054727554321,-0.37696993350982666,-0.1314735198393464,-0.082680344581604,-0.38269132375717163,-0.19889815989881754,-0.029420310800726233,-0.01847743988037139,0.0,0.04906455675760983,-0.018024083339807047,-0.025024016698201895,0.41219100685510573,0.3889466985790766,2.722015528730146,1.5921425721647517,0.8515190057722966
idle,ahad,swipe_left,0.09023480117321014,0.009352415800094604,-0.1526292646303773,-0.11161242425441742,0.017937690019607544,-0.29189559165388346,0.07695792615413666,-0.1712765395641327,-0.03340569231659174,-0.10683001577854156,-0.17408671975135803,-0.17037727776914835,0.056922778487205505,-0.377841591835022,-0.1314735198393464,-0.0827871710062027,-0.38337475061416626,-0.19786005560308695,-0.017818627935467627,-0.01707221522475761,0.0,0.024497960553025146,0.005088069222190244,-0.00011288758480187798,0.4131891240976952,0.38919976354262964,4.813839129207533,1.0436597735632773,1.2706525654147667
idle,ahad,swipe_left,0.0903780460357666,0.00780487060546875,-0.16460902336984873,-0.11065524816513062,0.020993471145629883,-0.29189559165388346,0.07710117101669312,-0.17262613773345947,-0.034117610193789005,-0.10649198293685913,-0.17398715019226074,-0.16959247831255198,0.05706602334976196,-0.38007423281669617,-0.13070725742727518,-0.08271414041519165,-0.38538825511932373,-0.19738575164228678,0.004340753410801579,-0.04689530892805442,-0.36302299210518124,0.029005336038992968,0.09259942806127949,0.0,0.4181613597684451,0.39078027005088223,0.313231122644469,0.09256066223593223,2.655376772977064
idle,ahad,swipe_left,0.0903780460357666,0.007552057504653931,-0.16464357636868954,-0.1082979142665863,0.024038583040237427,-0.29193014465272427,0.07710117101669312,-0.172145813703537,-0.034152163192629814,-0.10643550753593445,-0.17294880747795105,-0.16962703131139278,0.05706602334976196,-0.38193273544311523,-0.12905449233949184,-0.08271414041519165,-0.38651174306869507,-0.19631830416619778,0.0,-0.007661003054994647,-0.0010470605709336188,0.07143436056194997,0.09227611801841189,-0.0010470605709336188,0.4223123533521736,0.39252347406879606,0.7741286474475374,0.0,1.2861567764547754
idle,ahad,swipe_left,0.0903780460357666,0.006407797336578369,-0.16464997176080942,-0.10521116852760315,0.024545013904571533,-0.29193654004484415,0.07710117101669312,-0.17318487167358398,-0.0341585585847497,-0.10632914304733276,-0.1727820634841919,-0.16963342670351267,0.05706602334976196,-0.38309964537620544,-0.12906088773161173,-0.08271414041519165,-0.387300580739975,-0.1926065320149064,0.0,-0.03467455054774484,-0.00019379976120862403,0.09353774966615769,0.0153463898283065,-0.00019379976120862403,0.42425152987023895,0.3925459485030036,6.094700839203162,0.0,2.4256569629362783
idle,ahad,swipe_left,0.09094715118408203,0.004152238368988037,-0.16464997176080942,-0.10178998112678528,0.02501201629638672,-0.3010621899738908,0.07788562774658203,-0.17325204610824585,-0.0341585585847497,-0.10625982284545898,-0.17296350002288818,-0.16467138472944498,0.057389914989471436,-0.38868701457977295,-0.12328812573105097,-0.08271414041519165,-0.39276063442230225,-0.1781087750568986,0.017245610555012367,-0.06835027174515898,0.0,0.1036723454793255,0.014151587630762663,-0.2765348463347359,0.43590757922651885,0.3964335619815141,7.325327931831978,0.2523085542476947,8.379678927135945
idle,ahad,swipe_left,0.09210377931594849,0.0031635165214538574,-0.15723899845033884,-0.09881240129470825,0.025843322277069092,-0.2817229563370347,0.07863324880599976,-0.1728338599205017,-0.030431040562689304,-0.10503211617469788,-0.1685868501663208,-0.16296384576708078,0.059269070625305176,-0.392426997423172,-0.11244265828281641,-0.08294981718063354,-0.39549893140792847,-0.17733427230268717,0.03504933732928708,-0.02996126810709683,0.2245749488021424,0.09022969188112345,0.025191090323708677,0.586037382935042,0.4343707099581552,0.39947050568243087,3.5816675282482158,1.1697825145949257,26.143866753724097
idle,ahad,swipe_left,0.09407220780849457,0.006171613931655884,-0.1489087427034974,-0.09615983068943024,0.02655920386314392,-0.2815442318096757,0.08177702128887177,-0.17333605885505676,-0.030045033432543278,-0.10373573005199432,-0.1679055392742157,-0.16046460811048746,0.06138555705547333,-0.3933083415031433,-0.11147131118923426,-0.08314816653728485,-0.3962464928627014,-0.1747247213497758,0.05964934825897312,0.09115446697582043,0.25243199232853225,0.0803809274326684,0.021693381396207287,0.005415894768454898,0.436284733176315,0.40255957721811103,3.705149548385877,0.6543694002993313,17.59744076918757
idle,ahad,swipe_left,0.09678131341934204,0.006004899740219116,-0.14894692320376635,-0.09402129054069519,0.02883097529411316,-0.28158241230994463,0.08441197872161865,-0.1757601797580719,-0.029726664535701275,-0.10192728042602539,-0.1701430380344391,-0.15993199963122606,0.0631822943687439,-0.3952425420284271,-0.10815262515097857,-0.08265760540962219,-0.3991110026836395,-0.17285589594393969,0.08209410941962171,-0.005051945195053644,-0.0011569848566344474,0.06480424693136608,0.06884155851422044,-0.0011569848566344474,0.44168419172113993,0.4047129579846256,0.9413398968601641,16.24678405377998,1.5178117033752354
idle,ahad,swipe_left,0.09774717688560486,0.002255648374557495,-0.14894692320376635,-0.09392863512039185,0.020847231149673462,-0.2812778325751424,0.08588716387748718,-0.18294492363929749,-0.024824914522469044,-0.10132911801338196,-0.17980322241783142,-0.1484747650101781,0.06395259499549866,-0.4026126563549042,-0.10630028415471315,-0.08265683054924011,-0.40754052996635437,-0.16984532494097948,0.029268589886750934,-0.11361367774731755,0.0,0.002807740009192158,-0.2419316407405877,0.009229688933401047,0.44278700433722185,0.4085084500494642,0.011605461754136587,0.25761275274524964,9.608088459987394
idle,ahad,swipe_left,0.0975261777639389,0.005335092544555664,-0.15727717895060778,-0.09784479439258575,0.016790270805358887,-0.28151404578238726,0.08709602057933807,-0.1843968629837036,-0.024824914522469044,-0.1028808206319809,-0.18434816598892212,-0.14509437698870897,0.06389228999614716,-0.4047069847583771,-0.09798349905759096,-0.08281679451465607,-0.4107024669647217,-0.15872443933039904,-0.0066969430807866095,0.093316489999946,-0.25243199232853225,-0.118671493096787,-0.12293819225195879,-0.007157975977117479,0.4450316495252041,0.41566992198201713,0.9652860973217937,0.07176514371304334,5.176871679507912
idle,ahad,swipe_left,0.0976695865392685,0.008245646953582764,-0.1673947498202324,-0.10108719766139984,0.016762495040893555,-0.2728503718972206,0.087733194231987,-0.18122076988220215,-0.024894125759601593,-0.10287685692310333,-0.1825878620147705,-0.14273879677057266,0.06598632037639618,-0.4037635028362274,-0.09763841331005096,-0.08276362717151642,-0.4084528386592865,-0.15749818831682205,0.004345720464533095,0.08819861845536806,-0.30659305665529624,-0.09825464450951935,-0.0008416898322828022,0.2625355722777813,0.44096480529178195,0.4190719691754524,116.59645191559117,0.049271420224251586,8.99234515702241
idle,ahad,swipe_left,0.09750130772590637,0.007692605257034302,-0.17516747768968344,-0.10539835691452026,0.014955252408981323,-0.26851034816354513,0.08748480677604675,-0.18529978394508362,-0.024730212055146694,-0.10408034920692444,-0.18473443388938904,-0.1291790371760726,0.06857332587242126,-0.4073569178581238,-0.0957814222201705,-0.08120182156562805,-0.4102652668952942,-0.14722175057977438,-0.005099357980670158,-0.016758839289346697,-0.2355372081651743,-0.1306411894884927,-0.05476492823976251,0.1315158707174338,0.44284182984913,0.4235623691680415,2.3854464570846323,0.30426055361470783,4.4041434423688335
idle,ahad,swipe_left,0.09612792730331421,0.006768167018890381,-0.175164932385087,-0.10713547468185425,0.013194918632507324,-0.26400297321379185,0.08671844005584717,-0.18840879201889038,-0.02472766675055027,-0.10306093096733093,-0.18570095300674438,-0.11794012226164341,0.06900471448898315,-0.41046592593193054,-0.09577887691557407,-0.08161184191703796,-0.41179159283638,-0.14179433323442936,-0.041617588563399546,-0.028013279943755624,7.713044231588313e-05,-0.05263993234345491,-0.053343447771940215,0.13658711968949563,0.4429446268390817,0.42558442499329596,0.9867930879798912,1.4855848034272283,2.369056390413335
idle,ahad,swipe_left,0.09796655178070068,0.00601235032081604,-0.17540694726631045,-0.10751888155937195,0.011127740144729614,-0.26398129714652896,0.08670389652252197,-0.19076254963874817,-0.02485226048156619,-0.10199013352394104,-0.18791571259498596,-0.11791844619438052,0.0704236626625061,-0.41281968355178833,-0.09759654803201556,-0.08070501685142517,-0.4141453504562378,-0.14177265716716647,0.055715893254136485,-0.02290353630528342,-0.007333784279498304,-0.011618390227809281,-0.0626417723569013,0.0006568505231178273,0.4432957665210442,0.4268879730887718,0.18547056253536476,2.4325265751520333,4.3117989863718655
idle,ahad,swipe_left,0.0996725857257843,0.005151927471160889,-0.17914357734844089,-0.10740312933921814,0.011949717998504639,-0.2639818633906543,0.08913353085517883,-0.19322335720062256,-0.026663517113775015,-0.10195499658584595,-0.1889849305152893,-0.11791901243850589,0.07302561402320862,-0.41474273800849915,-0.09759711427614093,-0.07881483435630798,-0.4160684049129486,-0.14177322341129184,0.05169799833586526,-0.026073419686518752,-0.1132312146100088,0.003507643034963764,0.024908419811363432,-1.715891288988453e-05,0.44604008321705707,0.4285690339242856,0.1408159267267884,1.9827094507723466,2.6924182431484174
idle,ahad,swipe_left,0.10242234170436859,0.003152996301651001,-0.18683210480958223,-0.10831524431705475,0.010129839181900024,-0.2815384017303586,0.09373073279857635,-0.19944176077842712,-0.027513799257576466,-0.1027049869298935,-0.19316938519477844,-0.12915182579308748,0.07464782893657684,-0.4218238890171051,-0.0980078550055623,-0.07864721119403839,-0.4220859408378601,-0.14719453919678926,0.0833259387449798,-0.0605736718033309,-0.23298568064065062,-0.027639847813231012,-0.05514784292741343,-0.5320163133243805,0.4535845523030041,0.4350477260806754,0.5011863594239032,1.375590428546042,16.329995489729072
idle,ahad,swipe_left,0.10367424041032791,0.0018410533666610718,-0.19149260909762233,-0.10820282250642776,0.00810118019580841,-0.2918921926757321,0.09562314301729202,-0.20152519643306732,-0.03697755781468004,-0.10276090353727341,-0.19525282084941864,-0.1317884282907471,0.0762089267373085,-0.4244421273469925,-0.11364763916935772,-0.07855921238660812,-0.42426444590091705,-0.1560380602022633,0.0379363244230103,-0.039755846514846975,-0.1412274026678841,0.0034067215341510738,-0.06147451473004988,-0.3137512407688982,0.4541752124027335,0.4342021798167752,0.05541590906738406,0.9542085891757836,6.683419593845171
idle,ahad,swipe_left,0.10492613911628723,0.0005291104316711426,-0.21485471143387258,-0.10809040069580078,0.00635722279548645,-0.3097241015639156,0.09751555323600769,-0.20360863208770752,-0.052515716990455985,-0.10281682014465332,-0.19733625650405884,-0.14444523467682302,0.07777002453804016,-0.4270603656768799,-0.13240831508301198,-0.07847121357917786,-0.426442950963974,-0.171482423087582,0.0379363244230103,-0.039755846514846975,-0.7079424950378975,0.0034067215341510738,-0.05284719394915116,-0.5403608753995096,0.45530654324270664,0.4363113829697951,0.06446240220486839,0.9542085891757836,6.871933387107205
idle,ahad,swipe_left,0.10852128267288208,0.001379936933517456,-0.2159557220293209,-0.10940945148468018,0.004831761121749878,-0.3222224888158962,0.09972113370895386,-0.2055283486843109,-0.061316105420701206,-0.1027275025844574,-0.19925597310066223,-0.1446780142141506,0.07821202278137207,-0.43019527196884155,-0.14422981708776206,-0.07854968309402466,-0.4286956787109375,-0.17204195528756827,0.1089437441392337,0.025782621268069128,-0.03336395743782647,-0.0399712360266468,-0.04622611132534892,-0.3787390076357615,0.4598397101641642,0.4385435184949966,0.8646708583049256,4.225308113494185,5.074931102021426
idle,ahad,swipe_left,0.11150163412094116,0.0018978714942932129,-0.22297670552507043,-0.11105862259864807,-0.0009242892265319824,-0.32574754068627954,0.10365867614746094,-0.21079188585281372,-0.06204755464568734,-0.10389944911003113,-0.20568543672561646,-0.14645626256242394,0.08073973655700684,-0.4367239475250244,-0.1479057432152331,-0.07810279726982117,-0.4360085427761078,-0.17423183331266046,0.09031368024421604,0.0156949866901747,-0.21275707562877713,-0.049974882241452176,-0.17442576812975613,-0.10681975364798116,0.46188895168733346,0.44606170407654816,0.2865092484215258,5.753934558363902,9.114882815170013
idle,ahad,swipe_left,0.11519406735897064,0.0025722384452819824,-0.2286068603862077,-0.11228983104228973,-0.006759762763977051,-0.32830817555077374,0.10607938468456268,-0.21189028024673462,-0.06782602076418698,-0.10606689751148224,-0.21184486150741577,-0.14648323808796704,0.08190225064754486,-0.4425986111164093,-0.15472389315254986,-0.07743702828884125,-0.44369760155677795,-0.17611233447678387,0.11189191630392542,0.02043536215117516,-0.1706107533677988,-0.03730934677702067,-0.17683253143773217,-0.077594995893765,0.46399673152826587,0.4524866000299621,0.21098570205367578,5.475138651205163,0.9679410067163443
idle,ahad,swipe_left,0.11775010824203491,0.0025099217891693115,-0.23454776918515563,-0.11353340744972229,-0.006870299577713013,-0.32924713706597686,0.10901200771331787,-0.21200081706047058,-0.07036654418334365,-0.10575604438781738,-0.212245911359787,-0.14642872428521514,0.08363354206085205,-0.44272932410240173,-0.15972158825024962,-0.07571807503700256,-0.4449358284473419,-0.17639355873689055,0.07745578433527797,-0.0018883835185657131,-0.18002753936205168,-0.03768413355856088,-0.003349600416241143,-0.028453379248578266,0.4655057715617695,0.45277023259418586,11.24697931030423,40.995268337090685,5.463911681279776
idle,ahad,swipe_left,0.12144598364830017,0.002052992582321167,-0.2356229810975492,-0.11545771360397339,-0.007327228784561157,-0.3292664377950132,0.1103697121143341,-0.21245774626731873,-0.07432444533333182,-0.10498794913291931,-0.2145097553730011,-0.14644802501425147,0.08476421236991882,-0.44327273964881897,-0.16686163237318397,-0.07521703839302063,-0.4472233057022095,-0.18273105612024665,0.11199622443228235,-0.013846339601459146,-0.032582179163442034,-0.05831230770457967,-0.013846339601459146,-0.0005848705768585298,0.465403575954827,0.45209366641185583,4.211083817026853,8.087923576343929,1.0977717132216578
idle,ahad,swipe_left,0.12285703420639038,0.001777738332748413,-0.24075548816472292,-0.1169869601726532,-0.01031675934791565,-0.32921599317342043,0.11003410816192627,-0.21273300051689148,-0.07461990881711245,-0.10563981533050537,-0.21858766674995422,-0.1463975803926587,0.0860443115234375,-0.44409164786338806,-0.17216063011437654,-0.07453227043151855,-0.4501495361328125,-0.18813413847237825,0.04275910782091613,-0.00834103786584116,-0.15553051718708488,-0.04634080511151012,-0.09059183525316787,0.00152862489675033,0.4638527373436691,0.4526145608011287,0.5115283673593786,5.125738879225834,2.3546165973963005
idle,ahad,swipe_left,0.12573449313640594,0.0015304982662200928,-0.24522534478455782,-0.11959846317768097,-0.017172962427139282,-0.3288421230390668,0.11092571914196014,-0.2129320204257965,-0.07789376098662615,-0.10572119057178497,-0.2212652862071991,-0.14622915256768465,0.0882059782743454,-0.4443584084510803,-0.17256561387330294,-0.07198278605937958,-0.4522591829299927,-0.18813413847237825,0.08719572515198817,-0.007492123228131038,-0.13545020060105972,-0.0791364546978125,-0.20776372967344672,0.011329398010716474,0.45974559149567856,0.4533263096902686,0.38089455713775316,11.63676647204117,3.6990633201798686
idle,ahad,swipe_left,0.12824080884456635,0.0006949901580810547,-0.2536845402792096,-0.12973977625370026,-0.01868414878845215,-0.3288421230390668,0.11304722726345062,-0.21381574869155884,-0.09311596024781466,-0.10610230267047882,-0.22244936227798462,-0.14520147908478975,0.0895145982503891,-0.44524213671684265,-0.1843196051195264,-0.07147108018398285,-0.45403072237968445,-0.18813413847237825,0.07594896085334259,-0.02531842751936383,-0.256339257413681,-0.3073125174551183,-0.04579352610038815,0.0,0.4612164535227584,0.4529582041890327,6.71068233747949,2.999631835880105,8.486310356760532
idle,ahad,swipe_left,0.12893903255462646,0.00012189149856567383,-0.2779118320904672,-0.14503777027130127,-0.01930701732635498,-0.32921298360452056,0.1142204999923706,-0.21438884735107422,-0.09838360315188766,-0.10673505067825317,-0.22423690557479858,-0.14219989394769073,0.0906301736831665,-0.44581523537635803,-0.18551321839913726,-0.06991472840309143,-0.4546962380409241,-0.18813112890347838,0.021158294244246388,-0.01736662604592091,-0.7341603579169087,-0.4635755762909472,-0.018874804178873997,-0.011238198953144657,0.4638009644878485,0.45701749813937637,24.559249073466546,1.2182605837034235,4.817043725156786
idle,ahad,swipe_left,0.12931741774082184,-0.004167705774307251,-0.2898190813139081,-0.16818611323833466,-0.024117618799209595,-0.329184521920979,0.1149425059556961,-0.21854045987129211,-0.11314158607274294,-0.11199702322483063,-0.2285846769809723,-0.1421714322641492,0.0901917964220047,-0.45010483264923096,-0.1909896032884717,-0.0704726129770279,-0.458985835313797,-0.18282917607575655,0.01146621776349635,-0.12998779614766645,-0.36082573404366897,-0.7014649383949623,-0.1457758022077179,0.000862475258834448,0.4691249099391005,0.45842993041011787,4.8119105905166055,0.0882092772862578,8.178542454206644
idle,ahad,swipe_left,0.1294068992137909,-0.004984855651855469,-0.36310010123997927,-0.1958150863647461,-0.03580218553543091,-0.3323940532281995,0.1167580783367157,-0.2196204662322998,-0.1570780025795102,-0.12481454014778137,-0.23237895965576172,-0.1421714322641492,0.09065315127372742,-0.45261552929878235,-0.21478295791894197,-0.0705450177192688,-0.46237635612487793,-0.18181650806218386,0.002711559786940963,-0.024762117501460207,-2.2206369674566178,-0.837241609891224,-0.35407777988548095,-0.09725852446122235,0.46939504707734264,0.4731522460814454,2.364563078764595,0.1094999362168786,8.100196066799617
idle,ahad,swipe_left,0.12917554378509521,-0.0024479925632476807,-0.3684544349089265,-0.22605660557746887,-0.04739108681678772,-0.332397916354239,0.11652672290802002,-0.21720167994499207,-0.16676461044698954,-0.1374184787273407,-0.23565378785133362,-0.13986744824796915,0.09042179584503174,-0.45305517315864563,-0.21558348182588816,-0.07077637314796448,-0.4648658037185669,-0.1790940249338746,-0.00701077056653583,0.07687463904872208,-0.16225253542264562,-0.9164096731128261,-0.3511788267077878,-0.00011706442543954747,0.47106175068690137,0.4774078052148415,2.6095168441305683,0.09119625740076852,3.798463927813456
idle,ahad,swipe_left,0.12907227873802185,-0.002481788396835327,-0.3738533677533269,-0.25802895426750183,-0.0770774781703949,-0.33237908501178026,0.11642345786094666,-0.21770986914634705,-0.17488224525004625,-0.15267443656921387,-0.24572321772575378,-0.13984861690551043,0.09031853079795837,-0.45304998755455017,-0.2161673279479146,-0.07091820240020752,-0.4663775563240051,-0.17782689351588488,-0.0031292438507080577,-0.0010241161693226371,-0.1636040255878937,-0.9688590512131354,-0.8995876167759894,0.0005706467411734932,0.4587497838810773,0.4789346951528384,1.0770023465674814,3.05257486356474,16.69429146517408
idle,ahad,swipe_left,0.12897390127182007,-0.00031134486198425293,-0.3744004238396883,-0.2799341678619385,-0.12625721096992493,-0.33450417406857014,0.11632508039474487,-0.21516063809394836,-0.1776342112571001,-0.16803207993507385,-0.26644167304039,-0.14214073307812214,0.09022015333175659,-0.45079463720321655,-0.22090368159115314,-0.0715448260307312,-0.4663775563240051,-0.17905946262180805,-0.0029811353394478333,0.06577101620760582,-0.016577457162466287,-0.6637943513465399,-1.4902949333190354,-0.06439663808453923,0.42810165314956405,0.47749167483728067,0.44541110024248987,0.04532528438900277,20.242341521781942
idle,ahad,swipe_left,0.12859398126602173,-0.00031134486198425293,-0.39649196062237024,-0.3006639778614044,-0.17303046584129333,-0.33453594241291285,0.1157495379447937,-0.21516063809394836,-0.19614212308079004,-0.18031880259513855,-0.29360297322273254,-0.14746029768139124,0.08978402614593506,-0.45072445273399353,-0.22823056671768427,-0.07515111565589905,-0.4663775563240051,-0.18181757722049952,-0.011512727448434724,0.0,-0.6694405085661301,-0.6281760605898871,-1.4173713597384592,-0.000962677101294215,0.400289227411674,0.4823795984886729,0.44319762289268955,11512.727448434724,3.1214147663270855
idle,ahad,swipe_left,0.128021702170372,-0.00019463896751403809,-0.39775748923420906,-0.3248407691717148,-0.22204545140266418,-0.33455686643719673,0.11519800126552582,-0.21497967839241028,-0.20374231413006783,-0.19679246842861176,-0.3231178820133209,-0.14773224666714668,0.08968697488307953,-0.4507233202457428,-0.24761513248085976,-0.07835425436496735,-0.4680441915988922,-0.1818385012447834,-0.017341790777264495,0.0035365422566732336,-0.038349351873904175,-0.7326300397063863,-1.4853025927688372,-0.0006340613419359482,0.38025502130379757,0.4764329661788119,0.4932527217150602,4.902214452576749,3.7757860501158165
idle,ahad,swipe_left,0.12734147906303406,0.0013448894023895264,-0.39775748923420906,-0.34398435056209564,-0.27581849694252014,-0.3341239280998707,0.11500951647758484,-0.21325847506523132,-0.20374231413006783,-0.20855537056922913,-0.349025160074234,-0.1476445086300373,0.08816686272621155,-0.44931861758232117,-0.24761513248085976,-0.0825248658657074,-0.4702765941619873,-0.17911215499043465,-0.020612821434483713,0.0466523748455633,0.0,-0.5801085269812474,-1.6294862284805096,0.01311934355533505,0.36083744749464114,0.47662875950192685,0.3560067957833559,0.44182916032802233,6.373793394681177
idle,ahad,swipe_left,0.12616650760173798,0.005807816982269287,-0.39775748923420906,-0.3436111509799957,-0.32994627952575684,-0.3250712938606739,0.1149427741765976,-0.20892852544784546,-0.20374231413006783,-0.21667055785655975,-0.37959128618240356,-0.1476445086300373,0.08731649816036224,-0.44494664669036865,-0.24761513248085976,-0.0850258618593216,-0.47009456157684326,-0.1744280941784382,-0.035605195796849606,0.13524022969332095,0.0,0.011309078245451527,-1.6402358358555953,0.2743222496726192,0.3304561488639536,0.4766881968812029,0.0068947837277123355,0.2632717543133077,19.59454244577339
idle,ahad,swipe_left,0.12595419585704803,0.006562143564224243,-0.39775748923420906,-0.34247902035713196,-0.3899107277393341,-0.3341239280998707,0.11521099507808685,-0.20726343989372253,-0.20374231413006783,-0.21553842723369598,-0.41048887372016907,-0.15365732088685036,0.08750014007091522,-0.44315460324287415,-0.24761513248085976,-0.08527852594852448,-0.47593721747398376,-0.1744280941784382,-0.00643368923302863,0.02285838127136267,0.0,0.03430698857162993,-1.8171044913205523,-0.27432224967263397,0.3147306954079307,0.4756748827262302,0.018880020304543724,0.2814463417296645,17.48204409596714
idle,ahad,swipe_left,0.12512919306755066,0.009880602359771729,-0.37097875215113163,-0.34069208800792694,-0.44660118222236633,-0.33444965817034245,0.11446258425712585,-0.19982850551605225,-0.1833672020584345,-0.21375149488449097,-0.4366379678249359,-0.15455649234354496,0.08785894513130188,-0.44131800532341003,-0.21084476448595524,-0.08411973714828491,-0.48052293062210083,-0.15693972446024418,-0.0250000845302239,0.1005593574408345,0.8114768813053896,0.054149465127425626,-1.717892560091913,-0.009870608196114206,0.31383089842445666,0.4802209376547654,0.031520849944002616,0.24860775325836426,8.580168148042286
swipe_left,ahad,swipe_left,0.12289892137050629,0.010435551404953003,-0.2803405215963721,-0.339065358042717,-0.4972943067550659,-0.335000186227262,0.11227719485759735,-0.19866564869880676,-0.11810617055743933,-0.21265809237957,-0.46286988258361816,-0.15457710530608892,0.08692429959774017,-0.43947067856788635,-0.16587987449020147,-0.08302633464336395,-0.48387590050697327,-0.12533326353877783,-0.06758399081952388,0.016816637732765254,2.7466130471138204,0.04929484743060301,-1.5361552888696262,-0.01668266839150163,0.3312042475560845,0.46562971223498006,0.03208973448064741,4.0186375692855005,5.513020503082592
swipe_left,ahad,swipe_left,0.12072907388210297,0.010863512754440308,-0.10230118501931429,-0.3243797719478607,-0.5402287244796753,-0.7676575006917119,0.10913018882274628,-0.19831153750419617,-0.027285882271826267,-0.20794953405857086,-0.47852852940559387,-0.3485385896638036,0.08647768199443817,-0.4389816224575043,-0.08208627719432116,-0.08122049272060394,-0.48527419567108154,-0.12519243080168962,-0.06575295419404106,0.012968525742039742,5.395131411426081,0.44501776045019686,-1.30104296135182,-13.110827711044145,0.6891355464200674,0.4515998738025378,0.3420466745703284,5.06980405466237,397.03736276001615
swipe_left,ahad,swipe_left,0.11812102794647217,0.011938869953155518,-0.06422166270203888,-0.2883557230234146,-0.559624195098877,-0.9761055682320148,0.10664534568786621,-0.1972954273223877,0.015177474124357104,-0.1872711181640625,-0.4837246537208557,-0.4772438679356128,0.08664911985397339,-0.4377521574497223,-0.056139056803658605,-0.07957640290260315,-0.48627185821533203,-0.1251400534529239,-0.07903169501911636,0.03258658177924931,1.1539249187053338,1.091637846195354,-0.5877415339152112,-6.316608107282006,0.8792676936972201,0.45086342681985975,1.857340218213364,2.4252089508967836,207.94224776977788
swipe_left,ahad,swipe_left,0.11623784899711609,0.013319551944732666,-0.03995957178995013,-0.2351161241531372,-0.5805542767047882,-1.097153618466109,0.1074192225933075,-0.19591474533081055,0.024874842260032892,-0.156230628490448,-0.48234397172927856,-0.5400320435874164,0.08893045783042908,-0.43637147545814514,-0.043145965319126844,-0.0738181471824646,-0.48746979236602783,-0.1251552696339786,-0.05706602876836387,0.041838848229608976,0.7352148761238737,1.613321177887133,-0.6342448971488018,-3.668122734366354,0.9896780025502399,0.450530650281098,2.543684058721831,1.3639157688908565,81.81139608170788
swipe_left,ahad,swipe_left,0.11215706169605255,0.014246910810470581,-0.03995957178995013,-0.18674041330814362,-0.5834152400493622,-1.097153618466109,0.10516764223575592,-0.195785254240036,0.024874842260032892,-0.12823890149593353,-0.48141661286354065,-0.558064594399184,0.08913774788379669,-0.4354441165924072,-0.03436418576166034,-0.0726100355386734,-0.4880853593349457,-0.14748114300891757,-0.1236602212443516,0.028101783810240297,0.0,1.4659306316664957,-0.08669585892648546,0.0,0.9612446826525579,0.45031457591315927,16.908693692230887,4.400283690019754,112.47551847387939
swipe_left,ahad,swipe_left,0.10719339549541473,0.015459716320037842,-0.040235654916614294,-0.13507847487926483,-0.5825039148330688,-1.0974297015927732,0.10311846435070038,-0.1960170865058899,0.028328868094831705,-0.10405750572681427,-0.4805052876472473,-0.5733534782193601,0.08677147328853607,-0.4345327913761139,-0.030642140191048384,-0.07183890044689178,-0.4893585741519928,-0.14841424813494086,-0.15041412729205747,0.0367516821080994,-0.008366155353459578,1.5655132857236245,0.027615915645253016,-0.008366155353459578,0.9556702512722454,0.4505578180589974,56.686753359175924,4.092602734397712,4.601061816026277
swipe_left,ahad,swipe_left,0.10345147550106049,0.01749974489212036,-0.04871143912896514,-0.10039161145687103,-0.5811664462089539,-1.0974297015927732,0.10122929513454437,-0.19437354803085327,0.02459875913336873,-0.0975336879491806,-0.4734821021556854,-0.5827809660695493,0.08462165296077728,-0.43315958976745605,-0.030642140191048384,-0.07105176150798798,-0.4901041090488434,-0.16435179999098182,-0.11339151498043357,0.06181904763886521,-0.2568419458288176,1.0511170734058894,0.04052935224590944,0.0,0.9379699070341686,0.4514143304070202,25.934072001853234,1.8342191459125672,15.594735892432068
swipe_left,ahad,swipe_left,0.1018347293138504,0.01887643337249756,-0.05231015896424651,-0.06054694950580597,-0.5808895230293274,-0.9974021404050291,0.09936018288135529,-0.1940966248512268,0.014886174816638231,-0.08920849859714508,-0.47320517897605896,-0.5973743288777769,0.08126367628574371,-0.4345517158508301,-0.030642140191048384,-0.07188068330287933,-0.4914312958717346,-0.16586934914812446,-0.048992308703333994,0.04171783273870137,-0.10905211622064351,1.2074139985170773,0.00839161150383195,3.0311382178103137,0.8364078017710388,0.4544114410623187,143.86630406587852,1.1743451455171043,91.9798579512476
swipe_left,ahad,swipe_left,0.09957675635814667,0.020672917366027832,-0.06456710631027818,-0.035345181822776794,-0.5805834531784058,-0.923862072173506,0.0982697457075119,-0.1940966248512268,0.008918344508856535,-0.08150114119052887,-0.47320517897605896,-0.5974284731782973,0.0805772989988327,-0.4361782968044281,-0.03469441318884492,-0.07127939164638519,-0.4914312958717346,-0.19383359188213944,-0.06842342290011429,0.05443890889485764,-0.3714226468494503,0.763689929788775,0.009274843967322295,2.228486916106794,0.736329380525185,0.458220895489605,82.33104529131417,1.2568614512611265,27.792041282944272
swipe_left,ahad,swipe_left,0.09736086428165436,0.02867293357849121,-0.10211808327585459,0.0424429327249527,-0.5724018514156342,-0.9235722431913018,0.09789957106113434,-0.18623512983322144,-0.06840321514755487,-0.0699997991323471,-0.47320517897605896,-0.5974131831899285,0.08047832548618317,-0.43701112270355225,-0.06644895765930414,-0.07127203047275543,-0.4914312958717346,-0.22331260237842798,-0.06714824474219228,0.24242473371101533,-1.137908392896273,2.3572155923554767,0.2479273261445981,0.008782696430430408,0.7140384361303801,0.46735312870861073,9.507649363875787,0.276984805673463,83.11743861427246
swipe_left,ahad,swipe_left,0.09702028334140778,0.036540448665618896,-0.10509802494198084,0.07360483705997467,-0.5645769238471985,-0.8768277773633599,0.09767515957355499,-0.17505061626434326,-0.06840321514755487,-0.05423767864704132,-0.4782216250896454,-0.5989525923505425,0.08005888760089874,-0.4370262622833252,-0.11264065746217966,-0.07304699718952179,-0.49144643545150757,-0.28916889522224665,-0.010320634552926337,0.2384095480947693,-0.09030126260988298,0.9443001313642664,0.2371190172253143,1.4164989644830341,0.6100801509482807,0.4739303851514499,3.982372059575978,0.04328933696685197,60.44001504416876
swipe_left,ahad,swipe_left,0.09652839601039886,0.038277268409729004,-0.12313691759482026,0.1043311208486557,-0.5612171292304993,-0.8768430673517287,0.09752170741558075,-0.17464947700500488,-0.07753326231613755,-0.03730867803096771,-0.4787701666355133,-0.629541786853224,0.0798836201429367,-0.4375748038291931,-0.11317081982269883,-0.07579351961612701,-0.4919949769973755,-0.3023878359235823,-0.014905676697239969,0.05263090133667076,-0.5466331106921124,0.9310995087479248,0.10181195808179613,-0.00046333298087120793,0.6059995093871926,0.47624737933405775,9.145196508286137,0.2832061224976986,43.13542866147034
swipe_left,ahad,swipe_left,0.09555469453334808,0.033540934324264526,-0.16091002756729722,0.12197034060955048,-0.5547939240932465,-0.8745246254839003,0.09753440320491791,-0.17943349480628967,-0.07753326231613755,-0.023213878273963928,-0.4835541844367981,-0.6307773315347731,0.07810334861278534,-0.4423588216304779,-0.11317081982269883,-0.07625322043895721,-0.4967789947986603,-0.30545643204823136,-0.02950610536517566,-0.14352527531710765,-1.1446396961356837,0.5345218109362139,0.19464257991675485,0.07025581417661837,0.6053898916862943,0.4786064762916445,2.746156904660396,0.2055798166571572,12.527017359940976
swipe_left,ahad,swipe_left,0.09409826993942261,0.032689422369003296,-0.17262502573430538,0.13211768865585327,-0.5268031358718872,-0.7989441063255072,0.09721028804779053,-0.18036332726478577,-0.08756501786410809,-0.014488935470581055,-0.4844840168952942,-0.6306751873344183,0.07706046104431152,-0.4424782693386078,-0.12276624701917171,-0.07679790258407593,-0.49770882725715637,-0.3155053164809942,-0.04413407860380301,-0.025803392583674062,-0.35499994445479843,0.30749539534251386,0.8482057036775666,2.2903187623755863,0.52745167227266,0.47808003512973674,0.3625241276793819,1.7103320088117782,70.46588533102523
swipe_left,ahad,swipe_left,0.09322701394557953,0.03285890817642212,-0.17383703496307135,0.14499859511852264,-0.4984265863895416,-0.7989117642864585,0.0965956300497055,-0.18036645650863647,-0.08753267582505941,-0.007817342877388,-0.4757651090621948,-0.6306428452953696,0.07624129951000214,-0.442476749420166,-0.12218864168971777,-0.07743825018405914,-0.5002264082431793,-0.31740845646709204,-0.026401696783122593,0.005135933558145964,-0.03672755238684602,0.3903304988687541,0.8598954388589244,0.0009800617893536514,0.530402512199802,0.4784350095941839,0.45392733500178173,5.139583077000428,69.42020139745127
swipe_left,ahad,swipe_left,0.09307919442653656,0.03277435898780823,-0.1738319844007492,0.14485077559947968,-0.47421878576278687,-0.7989067137241364,0.09644781053066254,-0.18059906363487244,-0.07739372551441193,-0.006043031811714172,-0.4637777507305145,-0.6306377947330475,0.07608334720134735,-0.44258546829223633,-0.1130312830209732,-0.07763342559337616,-0.502446711063385,-0.3174034059047699,-0.004479379364938518,-0.002562096624663423,0.00015304734309514608,-0.004479379364938518,0.7335697159622772,0.00015304734309514608,0.5311699078338219,0.4795336792164743,0.006106267967720871,1.7476435815316698,12.56146366078985
swipe_left,ahad,swipe_left,0.09300996363162994,0.03457158803939819,-0.17384636029601097,0.14478154480457306,-0.4526798725128174,-0.7684350423514843,0.09631527960300446,-0.1811232566833496,-0.07378379628062248,-0.003635987639427185,-0.44897541403770447,-0.6293371133506298,0.07595480978488922,-0.4428068697452545,-0.11253078654408455,-0.07775594294071198,-0.5048508644104004,-0.31741778180003166,-0.0020979028759581003,0.054461486411818014,-0.0004356331897504471,-0.0020979028759581003,0.6526943409081766,0.9233839809894709,0.5056296225132557,0.48160219041665225,0.0032142145722061167,0.038520145042494215,28.083926669096396
swipe_left,ahad,swipe_left,0.09277261793613434,0.03611588478088379,-0.17384933680295944,0.14454419910907745,-0.42922911047935486,-0.7638584151864052,0.09607793390750885,-0.18166452646255493,-0.07378677278757095,-0.0038733333349227905,-0.43390902876853943,-0.6063181534409523,0.07544882595539093,-0.4431873559951782,-0.10181374102830887,-0.07802776992321014,-0.5060841739177704,-0.31742075830698013,-0.0071922938028968625,0.046796870954107186,-9.019718025669566e-05,-0.0071922938028968625,0.7106291525291405,0.1386856716690589,0.5047291983381026,0.48499570868785696,0.01012100848422968,0.15368848317800737,23.84395690461979
swipe_left,ahad,swipe_left,0.09254366159439087,0.03654372692108154,-0.14011533558368683,0.14013981819152832,-0.4113845229148865,-0.7505954056978226,0.09571796655654907,-0.1830011010169983,-0.03690088167786598,-0.004114806652069092,-0.4167577624320984,-0.5839240103960037,0.07512950897216797,-0.4436873197555542,-0.0791645422577858,-0.07827544212341309,-0.5071781575679779,-0.3077976256608963,-0.00693807096192342,0.012964913339326083,1.0222424611900955,-0.1334660884105819,0.5407450777111718,0.4019093784419037,0.5029428599593831,0.48439664543712924,0.24681841239701055,0.5351008278668654,10.235625764559897
swipe_left,ahad,swipe_left,0.09243981540203094,0.035698115825653076,-0.0690967720001936,0.13811372220516205,-0.3972998261451721,-0.7178739439696074,0.09561412036418915,-0.1889517903327942,0.006088621448725462,-0.004218652844429016,-0.3994038701057434,-0.5597458016127348,0.0745956152677536,-0.44625529646873474,-0.05300678126513958,-0.0784037858247757,-0.508689284324646,-0.306931896135211,-0.0031468543139371507,-0.025624578649347887,2.1520776843483143,-0.061396848071706187,0.4268089930216539,0.9915594463095678,0.4776618148390535,0.4825519608316709,0.1438505402299502,0.12280129775790374,18.329265998452122
swipe_left,ahad,swipe_left,0.09230484068393707,0.03479421138763428,-0.06609921716153622,0.13688184320926666,-0.3803451657295227,-0.6985039245337248,0.09547604620456696,-0.18992120027542114,0.02454415149986744,-0.0054155439138412476,-0.39036303758621216,-0.5487996470183134,0.07445754110813141,-0.4503602385520935,-0.040450917556881905,-0.0786677747964859,-0.5098923444747925,-0.3041688334196806,-0.004090142972541423,-0.0273910435763262,0.09083499511082622,-0.037329666542283,0.513777588352993,0.5869702859358131,0.467701051342849,0.4861596462799833,0.07265710831186983,0.14931865018192228,12.561516379360691
swipe_left,ahad,swipe_left,0.09237731993198395,0.033003777265548706,-0.06305073015391827,0.13311906158924103,-0.3627939522266388,-0.6825859006494284,0.09532780945301056,-0.19361451268196106,0.02625986561179161,-0.008215323090553284,-0.3790956437587738,-0.5212138351053,0.07430930435657501,-0.4540097713470459,-0.03108741156756878,-0.0792551189661026,-0.511682778596878,-0.28213045559823513,0.002196340849905338,-0.05425557945713939,0.09237839417024239,-0.11402368545532408,0.5318549546328543,0.4823643601302022,0.4771113482779572,0.48839564233735516,0.214388284012042,0.040480636116037555,3.968559103901156
swipe_left,ahad,swipe_left,0.09211404621601105,0.031994253396987915,-0.06296119559556246,0.1271355301141739,-0.3412046730518341,-0.6808980675414205,0.09506388008594513,-0.20074591040611267,0.03256551828235388,-0.010398700833320618,-0.3662320673465729,-0.4959961147978902,0.07404537498950958,-0.4563087224960327,-0.028463960625231266,-0.0796327143907547,-0.5124559700489044,-0.2661568196490407,-0.007977991393118321,-0.030591632380630517,0.002713168435024536,-0.181319135608098,0.6542205810546979,0.05114645781842227,0.4940550742196229,0.48985337843733356,0.2771524829795218,0.2607814618192033,13.735361300662479
swipe_left,ahad,swipe_left,0.09383390843868256,0.02679145336151123,-0.06296119559556246,0.12283049523830414,-0.31433504819869995,-0.6082342239096761,0.10954652726650238,-0.21129292249679565,0.03970431815832853,-0.015063479542732239,-0.3567996621131897,-0.44718458969146013,0.07369409501552582,-0.45755693316459656,-0.01671887654811144,-0.08010612428188324,-0.5128157734870911,-0.26045107562094927,0.05211703705065261,-0.15766060713565963,0.0,-0.13045560229908545,0.8142310561555934,2.201934655507441,0.4489220289614953,0.4869674770311152,0.160219192198147,0.33056263980493744,65.37368969540013
swipe_left,ahad,swipe_left,0.09640306234359741,0.02138790488243103,-0.06333214603364468,0.12098532915115356,-0.28606870770454407,-0.603322533890605,0.11369568109512329,-0.21224626898765564,0.039333367720246315,-0.02168363332748413,-0.3431098759174347,-0.43043571524322033,0.07524442672729492,-0.45851027965545654,-0.012094060890376568,-0.0800599753856659,-0.513681948184967,-0.24927757494151592,0.07785314863378057,-0.1637438933054544,-0.011240922366127398,-0.05591412385304557,0.8565557725501458,0.14883909148699745,0.46644917694810384,0.4830893258529448,0.06527777917928045,0.47545390309394914,62.269219164084426
swipe_left,ahad,swipe_left,0.09694555401802063,0.016115188598632812,-0.06561031006276608,0.10865959525108337,-0.25551658868789673,-0.5728604849427938,0.11351397633552551,-0.2145710587501526,0.039614783599972725,-0.03300967812538147,-0.32521986961364746,-0.42828995548188686,0.07788810133934021,-0.4608350694179535,-0.011812645010650158,-0.08024168014526367,-0.513907790184021,-0.2489961590617895,0.01643914164918868,-0.15977928132722127,-0.06903527360974046,-0.3735070878809208,0.9258217883832675,0.9230923923579276,0.4553436135879525,0.4803529159792288,0.4034325926813309,0.10288592254711466,25.44608888493293
swipe_left,ahad,swipe_left,0.09697183966636658,-0.02657639980316162,-0.11205027811229229,0.09297254681587219,-0.22273486852645874,-0.49811614118516445,0.11351028084754944,-0.21571481227874756,0.039614783599972725,-0.0425947904586792,-0.3011931777000427,-0.35748681984841824,0.08141401410102844,-0.46197882294654846,-0.011812645010650158,-0.07960227131843567,-0.5113183856010437,-0.2489961590617895,0.0007965347983620511,-1.2936844970240944,-1.4072717590765744,-0.4753651040973161,0.9933854594375306,2.2649801138675936,0.4184773347200268,0.4470625225908271,0.47852988087483544,0.0006157097688691303,40.83160520605064
swipe_left,ahad,swipe_left,0.09801068902015686,-0.02657639980316162,-0.22696689330041409,0.07169470191001892,-0.16238975524902344,-0.4841477330774069,0.11346474289894104,-0.19503921270370483,-0.010553408414125443,-0.050189971923828125,-0.2797752022743225,-0.3277710732072592,0.0839061439037323,-0.458427757024765,-0.016808411106467247,-0.07841068506240845,-0.5080782473087311,-0.2493602391332388,0.031480283448189206,0.0,-3.482321672367195,-0.6447831789652262,1.828639796285849,0.4232850941744557,0.4440240174283813,0.48048009382818935,0.3526024248583127,31480.283448189206,61.494942469954246
idle,ahad,swipe_left,0.10038486123085022,-0.02657639980316162,-0.2341229235753417,0.05370345711708069,-0.11701905727386475,-0.4843692248687148,0.11254158616065979,-0.19503921270370483,-0.030515008606016636,-0.05715647339820862,-0.2617640495300293,-0.32408625539392233,0.08523783087730408,-0.4570847153663635,-0.06689990218728781,-0.07801949977874756,-0.5048251450061798,-0.26646784599870443,0.07194461244525446,0.0,-0.21684940227053728,-0.5451892361496521,1.3748696356108914,-0.006711872463876657,0.4639240346964965,0.46209347666867817,0.39653857026876577,71944.61244525446,19.182648827883767
idle,ahad,swipe_left,0.10253934562206268,-0.02657639980316162,-0.2621782636269927,0.02771960198879242,-0.07882452011108398,-0.48430886026471853,0.11218158900737762,-0.19503921270370483,-0.058164398185908794,-0.0660853236913681,-0.25057709217071533,-0.31977834459394217,0.08787845075130463,-0.4560241401195526,-0.13236772175878286,-0.07667423784732819,-0.5030280649662018,-0.29342212434858084,0.06528740579431812,0.0,-0.8501618197470135,-0.7873895493420813,1.1574102170539808,0.0018292304241296308,0.4767436074160773,0.4488775782787375,0.6803023313928692,65287.40579431812,9.867000816514675
idle,ahad,swipe_left,0.10058985650539398,-0.020329684019088745,-0.27468135114759207,0.004478737711906433,-0.040475696325302124,-0.45458739157766104,0.10830490291118622,-0.193607896566391,-0.06480190809816122,-0.07720841467380524,-0.24016526341438293,-0.3172533130273223,0.08715705573558807,-0.4544737637042999,-0.13827624078840017,-0.07970260083675385,-0.4990171790122986,-0.3010443961247802,-0.05907542777784037,0.18929441769918107,-0.37888144001816865,-0.7042686144511017,1.1620855692661356,0.9006505662744839,0.49083830388150906,0.45526681868366337,0.6060379949970951,0.31208060129442816,27.353596307613206
idle,ahad,swipe_left,0.09961634874343872,-0.012729495763778687,-0.2621650993824005,-0.025594115257263184,-0.00887194275856018,-0.43529167771339417,0.10630333423614502,-0.19409415125846863,-0.07326459139585495,-0.08866575360298157,-0.23367485404014587,-0.3160886764526367,0.08737164735794067,-0.45424407720565796,-0.16805720329284668,-0.08144783973693848,-0.49540114402770996,-0.30574530363082886,-0.029500235210764374,0.23030873500938698,0.37928035652094183,-0.9112985748232871,0.9576895020224468,0.5847186019474588,0.5065694081404721,0.45159866523742087,0.9515585389004177,0.1280893975652484,13.014513438336904
idle,ahad,swipe_left,0.10140013694763184,0.005455702543258667,-0.26487543154507875,-0.050762057304382324,0.00687071681022644,-0.4353154497221112,0.10437291860580444,-0.19409415125846863,-0.08827293384820223,-0.09703612327575684,-0.23303988575935364,-0.30322657991200686,0.08902996778488159,-0.4540058970451355,-0.19821908045560122,-0.08221983909606934,-0.49234920740127563,-0.3057690756395459,0.054054188005852835,0.5510666153647771,-0.08213127765691773,-0.7626649105187739,0.47705028996323856,-0.0007203639005169839,0.5167130613821671,0.46443627304723367,1.5987063164163013,0.09808993760243355,23.391207272291993
idle,ahad,swipe_left,0.10183961689472198,0.013177186250686646,-0.27460980461910367,-0.07284145057201385,0.011135667562484741,-0.42925620125606656,0.10344226658344269,-0.1943957507610321,-0.09050679253414273,-0.10391731560230255,-0.2247859537601471,-0.24604158150032163,0.09101642668247223,-0.45369577407836914,-0.20429514395073056,-0.08128573000431061,-0.4899906814098358,-0.3056911532767117,0.01331757415424715,0.23398435477054852,-0.29498100224318397,-0.6690725232615722,0.12924093188661723,0.18361358988014426,0.5162046537678627,0.47226227251146696,5.17689973752902,0.05691627224834936,12.26093301720273
idle,ahad,swipe_left,0.1030532717704773,0.007104337215423584,-0.28274787217378616,-0.08781224489212036,0.0022416114807128906,-0.3940245285630226,0.10371953248977661,-0.20253247022628784,-0.09251730144023895,-0.10747671127319336,-0.23160743713378906,-0.22664958983659744,0.09441328048706055,-0.4599708616733551,-0.20518889278173447,-0.07938322424888611,-0.4968491792678833,-0.30568594485521317,0.036777420477432245,-0.18402572834129793,-0.24660810771764197,-0.4536604339426042,-0.2695168509627731,1.0676264452437154,0.5069185054528634,0.47354966598098913,1.6832296351504585,0.19984825470148254,30.10372131119502
idle,ahad,swipe_left,0.10320629179477692,0.001642674207687378,-0.294785508653149,-0.09899018704891205,0.008039921522140503,-0.39367032959125936,0.10525305569171906,-0.21017780900001526,-0.10974793299101293,-0.11099757254123688,-0.23524895310401917,-0.22611000551842153,0.09561063349246979,-0.466076523065567,-0.21998366131447256,-0.07822529971599579,-0.5017654895782471,-0.29536131932400167,0.00463697043332194,-0.1655049396283725,-0.36477686301100115,-0.33872551990278377,0.17570636489174862,0.010733302174644207,0.519612739675339,0.4737238202668951,1.9277821399886614,0.028016942737727757,34.926879704113375
idle,ahad,swipe_left,0.1033155769109726,0.0002612173557281494,-0.3012979212217033,-0.11001245677471161,0.00466802716255188,-0.390276241581887,0.10605238378047943,-0.2125115692615509,-0.13885616092011333,-0.11210344731807709,-0.23802980780601501,-0.22110954253003,0.09553562104701996,-0.46877652406692505,-0.24284647731110454,-0.07746700942516327,-0.5019255578517914,-0.29437537817284465,0.0033116701877478924,-0.04186232884725002,-0.19734583541073897,-0.3340081735090829,-0.10217861695723263,0.10285115179916386,0.5166171136571713,0.4727298402759684,3.268833681857335,0.07910670935489723,8.872529323510925
idle,ahad,swipe_left,0.10442997515201569,0.006905972957611084,-0.30232207709923387,-0.11842416226863861,0.0020355582237243652,-0.38040571147575974,0.10733534395694733,-0.21477043628692627,-0.14741443330422044,-0.1146201640367508,-0.24066227674484253,-0.21908040577545762,0.09547491371631622,-0.47062748670578003,-0.24957932764664292,-0.07753495872020721,-0.5011958181858063,-0.28661836916580796,0.033769643667971166,0.2013562303600813,-0.031035026591834425,-0.25490016648262676,-0.07977178602507318,0.299106972912936,0.5135268354695982,0.480520754851675,3.195327368941455,0.16771011206094708,6.447961513934225
idle,ahad,swipe_left,0.10437777638435364,0.008611887693405151,-0.30230247881263494,-0.12501287460327148,-0.0014311373233795166,-0.3791153719648719,0.1082853376865387,-0.2143777310848236,-0.14739483501762152,-0.117215096950531,-0.2441289722919464,-0.21693155076354742,0.09766247868537903,-0.4720441997051239,-0.249559729360044,-0.07717946171760559,-0.5014624297618866,-0.2851407518610358,-0.0015817808382439142,0.05169438593315438,0.0005938874726945798,-0.1996579495343327,-0.10505138021527081,0.03910119729963278,0.5110289209327342,0.4835878071211753,1.9005561713613572,0.03059810483452553,8.09117941711957
idle,ahad,swipe_left,0.10515516996383667,0.010560214519500732,-0.30228181555867195,-0.1289215385913849,-0.0034776926040649414,-0.3648553676903248,0.10829460620880127,-0.21406590938568115,-0.14737417176365852,-0.12101957201957703,-0.24413937330245972,-0.19345815852284431,0.0967642068862915,-0.47199347615242004,-0.249539066106081,-0.07720953226089478,-0.5014089345932007,-0.2610728330910206,0.0235573811964559,0.059040206851382185,0.0006261592109998167,-0.11844436327616563,-0.062016826687438104,0.4321213416529493,0.5112538193846806,0.4855000208674345,1.9098438239880613,0.398998978048573,12.231034803233369
idle,ahad,swipe_left,0.1048208624124527,0.012916654348373413,-0.30228181555867195,-0.1316276341676712,-0.008355170488357544,-0.346472579985857,0.10988302528858185,-0.21164777874946594,-0.14737417176365852,-0.1224551647901535,-0.24657151103019714,-0.17849186435341835,0.09846426546573639,-0.47102090716362,-0.249539066106081,-0.07731203734874725,-0.5016575753688812,-0.25264980271458626,-0.01013053186012053,0.07140726754159753,0.0,-0.08200289625110178,-0.14780236013008122,0.5570541728626687,0.505074410610554,0.48684470561641746,0.5548107714123097,0.14186777258276406,4.723322998471759
idle,ahad,swipe_left,0.10471881926059723,0.014669150114059448,-0.2531722728163004,-0.13388223946094513,-0.01586201786994934,-0.2806959990411997,0.11131937801837921,-0.21153804659843445,-0.12007428891956806,-0.12388463318347931,-0.2477799952030182,-0.1290085557848215,0.09882499277591705,-0.47102105617523193,-0.19171824492514133,-0.07629786431789398,-0.5016749203205109,-0.1901076529175043,-0.0030922167228928754,0.05310593229351421,1.4881679618899908,-0.0683213725234497,-0.22748022368459128,1.993229725595601,0.49753028541133143,0.4895981119449025,0.3003385132927678,0.05822623505727365,43.58936825727809
idle,ahad,swipe_left,0.1062084287405014,0.014517664909362793,-0.253185136243701,-0.1354493349790573,-0.01839059591293335,-0.2807088624686003,0.11277006566524506,-0.21070712804794312,-0.11160064302384853,-0.12319190800189972,-0.24975699186325073,-0.12505281530320644,0.1012379378080368,-0.4711786210536957,-0.17276164703071117,-0.07500700652599335,-0.5018408298492432,-0.18037611059844494,0.04513968120921814,-0.004590460748383566,-0.0003898008303208847,-0.0474877429730972,-0.0766235770601227,-0.0003898008303208847,0.4974374984455222,0.49233476984223923,0.6197455802703671,9.831224458383895,60.58871406375008
