ground_truth,person_id,video_label,left_wrist_x,left_wrist_y,left_wrist_z,right_wrist_x,right_wrist_y,right_wrist_z,left_elbow_x,left_elbow_y,left_elbow_z,right_elbow_x,right_elbow_y,right_elbow_z,left_shoulder_x,left_shoulder_y,left_shoulder_z,right_shoulder_x,right_shoulder_y,right_shoulder_z,left_wrist_x_vel,left_wrist_y_vel,left_wrist_z_vel,right_wrist_x_vel,right_wrist_y_vel,right_wrist_z_vel,right_arm_len,left_arm_len,right_horiz_ratio,left_horiz_ratio,right_wrist_acc
idle,anu,swipe_right,0.0888921320438385,0.08071641623973846,-0.3413334684446454,-0.0865008533000946,0.07459704577922821,-0.38378744293004274,0.08063849806785583,-0.13267405331134796,-0.21861319709569216,-0.08037522435188293,-0.13371603190898895,-0.2380236955359578,0.06694051623344421,-0.37080202996730804,-0.3072691457346082,-0.07247737050056458,-0.3649399131536484,-0.3054148303344846,0.0,0.0,0.0,0.0,0.0,0.0,0.44668967163215606,0.45333338591328814,0.0,0.0,0.0
idle,anu,swipe_right,0.08889545500278473,0.08150222897529602,-0.3413193633314222,-0.08659069240093231,0.07561460137367249,-0.38518245122395456,0.08061482012271881,-0.13105490803718567,-0.21940402290783823,-0.08031482994556427,-0.13343378901481628,-0.23838565847836435,0.06707979738712311,-0.3691849410533905,-0.30567960045300424,-0.0726863294839859,-0.36427047848701477,-0.3059955646749586,0.00010069572564327355,0.02381250713810776,0.0004274276734301538,-0.002722396995082046,0.030835018013462875,-0.04227297860338832,0.4471719778714817,0.4526201949136824,0.08828626944936467,0.004228513047628099,1.587721048518321
idle,anu,swipe_right,0.08913223445415497,0.0817813128232956,-0.341336426732596,-0.08684256672859192,0.0762927383184433,-0.3863345807767473,0.08062000572681427,-0.12984423339366913,-0.22080792248016223,-0.08031313121318817,-0.13335739076137543,-0.23993687838083133,0.0671955794095993,-0.36835378408432007,-0.30818213283782825,-0.07286153733730316,-0.364044725894928,-0.3069801306701265,0.00717513489000725,0.008457086303017355,-0.0005170727628424312,-0.007632555383624453,0.02054960438699433,-0.03491301675129569,0.44764905933602306,0.45188718670286837,0.37140296411208207,0.8483165852123757,0.4111267271736166
idle,anu,swipe_right,0.08936901390552521,0.08177345991134644,-0.3413550069089979,-0.08709444105625153,0.07697087526321411,-0.38748822710476816,0.08062519133090973,-0.12931835651397705,-0.22221333882771432,-0.08031143248081207,-0.13328099250793457,-0.2414896150585264,0.0673113614320755,-0.36752262711524963,-0.31068618199788034,-0.07303674519062042,-0.3638189733028412,-0.30796621344052255,0.00717513489000725,-0.00023796702876235497,-0.0005630356485419201,-0.007632555383624453,0.02054960438699433,-0.03495897963699518,0.44812616534760946,0.450881459667038,0.37140296411208207,30.025627079887624,0.0013928147181663493
idle,anu,swipe_right,0.09312008321285248,0.08181166648864746,-0.3413550069089979,-0.08716578781604767,0.07835531234741211,-0.3950869550462812,0.08101586997509003,-0.12928014993667603,-0.22221333882771432,-0.08025757968425751,-0.1334105134010315,-0.24565219483338296,0.06735996901988983,-0.3672735095024109,-0.31068618199788034,-0.07342924177646637,-0.36378076672554016,-0.3079934229608625,0.11366876688870516,0.0011577750697280421,0.0,-0.0021620230241255326,0.04195263891509085,-0.23026448307615338,0.4508417554377759,0.4508676697209317,0.051533623305029835,98.0939009288339,5.956087878334627
idle,anu,swipe_right,0.09980550408363342,0.08185091614723206,-0.3413550069089979,-0.0871763527393341,0.08081617951393127,-0.3950869550462812,0.08233419060707092,-0.12924090027809143,-0.22221333882771432,-0.08026814460754395,-0.13338389992713928,-0.24565219483338296,0.06747838854789734,-0.3672342598438263,-0.31068618199788034,-0.07374757528305054,-0.36374151706695557,-0.3108214249368757,0.2025885112357862,0.0011893835934725673,0.0,-0.00032014919049812085,0.07457173231876257,0.0,0.45267268220856155,0.451290499030513,0.0042931133209607635,170.1875868809636,7.047596932011107
idle,anu,swipe_right,0.10638165473937988,0.07800766825675964,-0.34038401336874813,-0.08722108602523804,0.08235177397727966,-0.3950846263905987,0.08469587564468384,-0.1278471052646637,-0.21940169425215572,-0.08031287789344788,-0.13224652409553528,-0.24564986617770046,0.06743365526199341,-0.36584046483039856,-0.30567727179732174,-0.07400438189506531,-0.36216121912002563,-0.3108190962811932,0.19927729259837756,-0.11646205728704279,0.0294240466742353,-0.001355554118300929,0.04653316555601177,7.056532371224779e-05,0.4526225379552024,0.44690342336879896,0.029130298182080634,1.7110772912926815,0.8502353527888156
idle,anu,swipe_right,0.1157989650964737,0.05633664131164551,-0.29401336243608966,-0.08724318444728851,0.08290445804595947,-0.3951105289743282,0.0872458964586258,-0.14265745878219604,-0.174045559077058,-0.08033497631549835,-0.13172811269760132,-0.24567576876142994,0.06741155683994293,-0.3653220534324646,-0.2746521048829891,-0.07421271502971649,-0.3615664541721344,-0.3108449988649227,0.28537304112405487,-0.6566977862155798,1.4051712403835896,-0.0006696491530447295,0.01674800208120635,-0.0007849267796810829,0.4525758107829515,0.4248673374420871,0.0399814358967766,0.4345569797206434,0.9031921227705234
idle,anu,swipe_right,0.13163059949874878,0.03430432081222534,-0.27145556826144457,-0.08730557560920715,0.08300566673278809,-0.3765921415761113,0.0920630693435669,-0.15623903274536133,-0.1385347219184041,-0.08082461357116699,-0.1316269040107727,-0.24204522091895342,0.06724083423614502,-0.3665638864040375,-0.24652413744479418,-0.07451987266540527,-0.361347496509552,-0.31085936445742846,0.4797464970386389,-0.667646075740005,0.6835695204437907,-0.0018906412702618222,0.003066929903897372,0.5611632544914203,0.4493706775825224,0.40677135797634434,0.6162596048430016,0.718563017005502,17.033818816205983
idle,anu,swipe_right,0.14696188271045685,-0.00016021728515625,-0.2585272986907512,-0.08685310184955597,0.08353239297866821,-0.35292454552836716,0.0961618572473526,-0.16524219512939453,-0.13468990218825638,-0.08094958961009979,-0.13110017776489258,-0.22265731287188828,0.06768907606601715,-0.36748939752578735,-0.24421835434623063,-0.07406748831272125,-0.36081722378730774,-0.29601820302195847,0.4645843397487297,-1.0443799423448976,0.3917657445664662,0.013711326050035891,0.01596140139030689,0.717199880234672,0.4481611157285287,0.3760580412885694,0.8589763980225458,0.44484183970804864,4.7679983645671715
idle,anu,swipe_right,0.1632683426141739,-0.0444183349609375,-0.2549591427668929,-0.08660043776035309,0.08353239297866821,-0.3462108736857772,0.09940387308597565,-0.16884946823120117,-0.12580626364797354,-0.08117233216762543,-0.13100159168243408,-0.20238698180764914,0.06790114939212799,-0.36827683448791504,-0.21393259521573782,-0.07384870946407318,-0.36081722378730774,-0.2670818632468581,0.49413514859748564,-1.3411550810842792,0.1081259370866146,0.007656487551602443,0.0,0.2034446012906051,0.4515203082782151,0.3400917624155039,7656.487551602444,0.3684397033028357,15.576934103851737
idle,anu,swipe_right,0.18304456770420074,-0.10082376003265381,-0.2393984366208315,-0.08663655817508698,0.08227616548538208,-0.3394252974539995,0.10337533056735992,-0.16884946823120117,-0.08675744570791721,-0.08133725821971893,-0.13091415166854858,-0.1958735603839159,0.06740863621234894,-0.3691178858280182,-0.18510435707867146,-0.07391275465488434,-0.36081722378730774,-0.2562598306685686,0.5992795481826324,-1.7092553052035258,0.47153654988064947,-0.0010945580222389924,-0.03806749979654951,0.205623522175081,0.4510101347628662,0.29715526860821,0.028752328778088646,0.35060835894431563,1.185488874300211
idle,anu,swipe_right,0.19650009274482727,-0.15412098169326782,-0.22299475641921163,-0.08720466494560242,0.08227616548538208,-0.3393176761455834,0.10964509844779968,-0.16884946823120117,-0.0677739349193871,-0.08165407180786133,-0.1308525800704956,-0.19599288376048207,0.06686094403266907,-0.3691178858280182,-0.15561745734885335,-0.0741700530052185,-0.36081722378730774,-0.2563822832889855,0.4077431830492883,-1.615067323048908,0.4970812182309045,-0.017215356682286104,0.0,0.003261251770185699,0.45097664253692127,0.2599416821064998,17215.356682286103,0.25246187868978526,6.258841545880428
idle,anu,swipe_right,0.21541918814182281,-0.20435497164726257,-0.22313092090189457,-0.08762969076633453,0.07990023493766785,-0.33838152326643467,0.12018312513828278,-0.17216536402702332,-0.06791009940207005,-0.08188311755657196,-0.13262507319450378,-0.19388159550726414,0.06685872375965118,-0.3714938163757324,-0.13881070353090763,-0.07426314055919647,-0.36343061923980713,-0.2556495610624552,0.5733059211210776,-1.522242119818024,-0.00412619644493768,-0.012879570325215669,-0.07199789538527986,0.028368269065112802,0.45118232290315874,0.23898850192447443,0.17888566562437694,0.3766191573850656,2.3143379303229534
swipe_right,anu,swipe_right,0.22419026494026184,-0.24485081434249878,-0.22311878204345703,-0.08781987428665161,0.07525718212127686,-0.33355100452899933,0.12989655137062073,-0.17769479751586914,-0.06789796054363251,-0.08219534158706665,-0.1366480588912964,-0.18926705420017242,0.06685444712638855,-0.3761368691921234,-0.1219392940402031,-0.07436910271644592,-0.3680736720561981,-0.24930380284786224,0.26579020601330355,-1.22714674834049,0.0003678441950769132,-0.0057631369793053775,-0.14069857019366627,0.14637935567985869,0.45146512657420795,0.22853419122253804,0.04096058695398069,0.2165918540556668,4.143549414555213
swipe_right,anu,swipe_right,0.23192067444324493,-0.2759914994239807,-0.22311878204345703,-0.08804352581501007,0.07417303323745728,-0.3146812170743942,0.14186348021030426,-0.18049949407577515,-0.06789796054363251,-0.08267755806446075,-0.13614332675933838,-0.18794725835323334,0.06670792400836945,-0.37795788049697876,-0.11578771471977234,-0.07463760673999786,-0.3700551688671112,-0.24160896241664886,0.2342548334237303,-0.9436571236812714,0.0,-0.006777319041165444,-0.03285299647938124,0.57181174104864,0.45039756728036345,0.2218385759696037,0.2062859854939963,0.24824120891354914,13.299696236289925
swipe_right,anu,swipe_right,0.23154917359352112,-0.3396286368370056,-0.22362546622753143,-0.08849674463272095,0.07624626159667969,-0.2956957072019577,0.15293362736701965,-0.18126827478408813,-0.07777988910675049,-0.08351436257362366,-0.13446718454360962,-0.18794725835323334,0.06655743718147278,-0.37745049595832825,-0.11578771471977234,-0.07503324747085571,-0.37027356028556824,-0.24035966396331787,-0.01125760150678229,-1.9283981034249953,-0.01535406618407277,-0.013733903566996244,0.06282510179461849,0.5753184809829245,0.4501369733435486,0.20070313092202924,0.21860187365902514,0.0058377964845492125,2.908931463837666
swipe_right,anu,swipe_right,0.23393425345420837,-0.37215444445610046,-0.3222622126340866,-0.08868366479873657,0.07802283763885498,-0.24917055666446686,0.16375860571861267,-0.1873946189880371,-0.13248182833194733,-0.08421269059181213,-0.1326512098312378,-0.15269044041633606,0.06647095084190369,-0.37736955285072327,-0.11395102739334106,-0.07535609602928162,-0.3702455759048462,-0.21826636791229248,0.07227514729355314,-0.9856305339119642,-2.988992315350154,-0.005664247455018935,0.053835637641675496,1.4098530465906305,0.44953004744145997,0.2673288330386234,0.10521176104493908,0.07332876922747553,25.291575542010268
swipe_right,anu,swipe_right,0.23815913498401642,-0.3875373899936676,-0.33106785267591476,-0.08875139057636261,0.07990467548370361,-0.24341484159231186,0.17369051277637482,-0.20654433965682983,-0.1511753723025322,-0.08452005684375763,-0.13174790143966675,-0.15264052897691727,0.06867493689060211,-0.37685292959213257,-0.1123272031545639,-0.07545240223407745,-0.36997804045677185,-0.2178475186228752,0.1280267130244865,-0.46614986477476295,-0.2668375770250963,-0.002052296291698114,0.0570253892378375,0.1744156082471216,0.4508048460217905,0.27692331583032537,0.03598853652014842,0.2746465204700351,37.43778291135753
swipe_right,anu,swipe_right,0.2441445142030716,-0.394497811794281,-0.3310269769281149,-0.08888228237628937,0.08354616165161133,-0.24337396584451199,0.18255646526813507,-0.21978670358657837,-0.15996634028851986,-0.08476977050304413,-0.13016128540039062,-0.1525996532291174,0.07138527929782867,-0.37583184242248535,-0.11228632740676403,-0.07568840682506561,-0.3691997230052948,-0.21780664287507534,0.1813751278501567,-0.21092187274586052,0.0012386590242385853,-0.003966418179598718,0.11034806569417308,0.0012386590242385853,0.45365912580884915,0.27935934459161404,0.03594428420981332,0.8599120877169841,5.491225777643772
swipe_right,anu,swipe_right,0.2498888224363327,-0.394303560256958,-0.3381104450672865,-0.08900652825832367,0.08447790145874023,-0.24338638596236706,0.18745951354503632,-0.23263853788375854,-0.16164968721568584,-0.08494268357753754,-0.12888872623443604,-0.15261207334697247,0.0726415365934372,-0.3755645453929901,-0.1122987475246191,-0.07594038546085358,-0.36848706007003784,-0.2178190629929304,0.1740699464624577,0.005886410221909027,-0.21465054967186648,-0.0037650267283121713,0.02823453960996683,-0.00037636720772945485,0.45387406674560593,0.28767807313705057,0.1333435372697166,29.566471487698458,2.4887773880485766
swipe_right,anu,swipe_right,0.2607181519269943,-0.39385172724723816,-0.3381194779649377,-0.08902536332607269,0.08516642451286316,-0.24910122249275446,0.19066481292247772,-0.2381449043750763,-0.1621616343036294,-0.08503614366054535,-0.12767210602760315,-0.15622367057949305,0.07268105447292328,-0.37509453296661377,-0.11678231600672007,-0.07624034583568573,-0.36750057339668274,-0.2178280958905816,0.32816149971701963,0.013691909385449992,-0.00027372417124834996,-0.0005707596287582874,0.020864334973422015,-0.17317686455719442,0.45392606899818594,0.2910325095585563,0.027354443601567545,23.9657979527508,5.242033191134992
swipe_right,anu,swipe_right,0.2692331522703171,-0.3929104208946228,-0.3346318220719695,-0.08909766376018524,0.08610773086547852,-0.2546513890847564,0.19045256078243256,-0.24778038263320923,-0.17459676321595907,-0.08526162803173065,-0.1265043020248413,-0.17120858188718557,0.07273004949092865,-0.3741532266139984,-0.1246481304988265,-0.07663945853710175,-0.3657137453556061,-0.2255947506055236,0.2580303134340226,0.028524434927738047,0.10568654221115681,-0.002190922245834811,0.028524434927738047,-0.1681868664243003,0.4529261987252376,0.28819863369886545,0.07680591904680706,9.045622409883563,0.28134881014146423
swipe_right,anu,swipe_right,0.27846671640872955,-0.3811935782432556,-0.33459907583892345,-0.08907265961170197,0.088319331407547,-0.2753626983612776,0.19062985479831696,-0.25386515259742737,-0.17456401698291302,-0.08534879982471466,-0.1240752637386322,-0.1819354873150587,0.07316960394382477,-0.37194162607192993,-0.14565966837108135,-0.07679791748523712,-0.36243683099746704,-0.23655174486339092,0.2798049738912869,0.3550558379202175,0.0009923100923046912,0.0007577014691901923,0.06701819824449938,-0.6276154326218542,0.452590407931699,0.2791605321310796,0.011305737595158129,0.7880568517713213,13.971145380590045
swipe_right,anu,swipe_right,0.2854944169521332,-0.37586843967437744,-0.3345636669546366,-0.08892062306404114,0.08863359689712524,-0.2987463418394327,0.19062140583992004,-0.2615169286727905,-0.17793464101850986,-0.08535361289978027,-0.12302649021148682,-0.19382926262915134,0.07346990704536438,-0.3716566860675812,-0.16501774825155735,-0.07690522074699402,-0.3615058958530426,-0.24856453575193882,0.2129606225273824,0.16136783542055058,0.001072996493541832,0.004607168110934166,0.009523196653886266,-0.7085952569137913,0.45308734973338394,0.2715104974370623,0.4837329885512446,1.319713450074645,3.011795839947913
swipe_right,anu,swipe_right,0.2926851361989975,-0.3731139302253723,-0.3379884334281087,-0.08879019320011139,0.08885568380355835,-0.32371309120208025,0.1906147450208664,-0.2642408609390259,-0.17801539320498705,-0.08535872399806976,-0.12135142087936401,-0.20814643520861864,0.07391546666622162,-0.37131747603416443,-0.17177751380950212,-0.07691521942615509,-0.3597038984298706,-0.25799351651221514,0.21790058323831324,0.08346998330318588,-0.10378080222642809,0.003952420119083299,0.006729906255548667,-0.7565681625044726,0.45350388786974827,0.2747534628637171,0.5872047491116215,2.6104949841892724,1.456321780566866
swipe_right,anu,swipe_right,0.29517805576324463,-0.37268754839897156,-0.3379573030397296,-0.08878511190414429,0.0892820656299591,-0.33481774758547544,0.19032442569732666,-0.2638144791126251,-0.18047309946268797,-0.08537381887435913,-0.1206606924533844,-0.22507366072386503,0.07437968254089355,-0.37088704109191895,-0.2004697872325778,-0.07693147659301758,-0.3579908013343811,-0.2802633745595813,0.07554301709839785,0.01292066140608353,0.0009433451023968775,0.000153978665669759,0.01292066140608353,-0.3365047388907632,0.4507435033462357,0.2601114769613621,0.011916321038815157,5.846230970177886,12.731097313693141
swipe_right,anu,swipe_right,0.29515931010246277,-0.372355192899704,-0.33449317049235106,-0.08865100145339966,0.08961442112922668,-0.33481774758547544,0.18904080986976624,-0.26348212361335754,-0.18047309946268797,-0.08539029955863953,-0.12029960751533508,-0.22507366072386503,0.0743609368801117,-0.37055468559265137,-0.2004697872325778,-0.07695022225379944,-0.357077956199646,-0.2802633745595813,-0.0005680503267230404,0.010071378765684176,0.10497371355692536,0.004063953052867539,0.010071378765684176,0.0,0.4501634900942614,0.25829717517734385,0.4034750030164787,0.056396839310525575,10.198167141506858
swipe_right,anu,swipe_right,0.2951568365097046,-0.37123173475265503,-0.3340233964845538,-0.08844748139381409,0.08958423137664795,-0.33481774758547544,0.18769055604934692,-0.2634778618812561,-0.18047309946268797,-0.08539062738418579,-0.12029051780700684,-0.22507366072386503,0.07435846328735352,-0.3705504238605499,-0.2004697872325778,-0.07695269584655762,-0.3566703200340271,-0.2802633745595813,-7.495735630844571e-05,0.03404418627421058,0.014235575993855781,0.006167274532896094,-0.0009148409872344038,0.0,0.4497237311569945,0.2580483527294794,6.7340014466044185,0.0022017020469418413,0.3389620977044889
swipe_right,anu,swipe_right,0.29510025680065155,-0.37114301323890686,-0.31392986606806517,-0.0885002464056015,0.08967295289039612,-0.33481774758547544,0.18475227057933807,-0.2616000771522522,-0.18047309946268797,-0.08542360365390778,-0.12012681365013123,-0.22507366072386503,0.07430188357830048,-0.37046170234680176,-0.2004697872325778,-0.07699008285999298,-0.35618799924850464,-0.2802633745595813,-0.0017145366379708996,0.00268853071964149,0.6088948611057181,-0.0015989397511337782,0.00268853071964149,0.0,0.4493335644299257,0.24824499046611867,0.5945051080684122,0.6374854265280319,0.2594377829758618
swipe_right,anu,swipe_right,0.29018841683864594,-0.3710770308971405,-0.31398245319724083,-0.0885283499956131,0.09073570370674133,-0.31785639747977257,0.1754397600889206,-0.2594924569129944,-0.15338222309947014,-0.08468739688396454,-0.12004438042640686,-0.2120320163667202,0.07401059567928314,-0.3703957200050354,-0.18670425936579704,-0.07690949738025665,-0.3559528887271881,-0.27696334943175316,-0.14884363521229124,0.001999464902010829,-0.0015935493689594833,-0.0008516239397453532,0.03220457019227921,0.5139803062334201,0.4487069619755862,0.2508646112362916,0.02644337407041211,74.4045222001528,15.60083790993539
swipe_right,anu,swipe_right,0.27325110137462616,-0.37101587653160095,-0.31398245319724083,-0.0889187604188919,0.09099462628364563,-0.31502920016646385,0.1653473824262619,-0.2585983872413635,-0.15338222309947014,-0.08412240445613861,-0.11995819211006165,-0.21073093637824059,0.07280169427394867,-0.37033456563949585,-0.1860768459737301,-0.07698650658130646,-0.35589173436164856,-0.2759273014962673,-0.5132519837581763,0.001853162592107604,0.0,-0.011830618887236653,0.007846138694069622,0.08567264585784008,0.4487524445527343,0.23778198701911765,1.5076347377646706,276.8106669516879,13.004248915430164
swipe_right,anu,swipe_right,0.2475256770849228,-0.3672531545162201,-0.31398245319724083,-0.08900381624698639,0.0926939845085144,-0.31501975283026695,0.15135543048381805,-0.25245338678359985,-0.15338222309947014,-0.0836886614561081,-0.11912459135055542,-0.2076706849038601,0.07084350287914276,-0.36966603994369507,-0.1782977543771267,-0.07693810760974884,-0.35505813360214233,-0.27331971749663353,-0.7795583118091897,0.11402187925396495,0.0,-0.002577449336196426,0.05149570378390204,0.0002862829150575568,0.44985156834707657,0.22278408873183203,0.05005076338501769,6.836858680553639,2.9194475771942883
swipe_right,anu,swipe_right,0.20976383984088898,-0.35977402329444885,-0.3536895476281643,-0.0876697450876236,0.09366750717163086,-0.2735985182225704,0.12900592386722565,-0.24960249662399292,-0.15338222309947014,-0.0830744057893753,-0.11908316612243652,-0.16742780432105064,0.06913931667804718,-0.3715418577194214,-0.13068770989775658,-0.07698903977870941,-0.3549916744232178,-0.22869336232542992,-1.1442980983040578,0.2266403400536745,-1.2032452857855624,0.040426398768569585,0.02950068676110477,1.2551889275059587,0.451027284896825,0.2639006594780871,1.3703080469916733,5.048938106494863,38.0555120979182
swipe_right,anu,swipe_right,0.17402510344982147,-0.3500434458255768,-0.5259009818546474,-0.0874931663274765,0.09508487582206726,-0.14057622058317065,0.10994552075862885,-0.2383042871952057,-0.17503098351880908,-0.08192159235477448,-0.11768224835395813,-0.044872365426272154,0.0670238584280014,-0.37512871623039246,-0.13073118729516864,-0.0768796056509018,-0.3537443280220032,-0.10534051759168506,-1.0829920118505258,0.294865983905213,-5.218528309893405,0.005350871519608908,0.04295056516473925,4.03097871634543,0.45033527139104,0.41016789703691214,0.12457919750038966,3.6728154420932424,84.12254465621231
swipe_right,anu,swipe_right,0.1267208755016327,-0.33694177865982056,-0.6355167487636209,-0.08744865655899048,0.0957556962966919,-0.13492851052433252,0.0910327136516571,-0.22749680280685425,-0.24576637241989374,-0.08093702793121338,-0.11790847778320312,-0.027134654112160206,0.06377860903739929,-0.3788670301437378,-0.13068799767643213,-0.07632875442504883,-0.3531714677810669,-0.10089309606701136,-1.4334614529754213,0.39702021714412905,-3.321689906332537,0.00134878086321282,0.0203278931704435,0.1711427290557013,0.45035281758600004,0.5104620686631819,0.06634797339452961,3.6105411778409753,116.96679871897979
swipe_right,anu,swipe_right,0.08632738888263702,-0.33020922541618347,-0.6606890088878572,-0.08706869184970856,0.09613078832626343,-0.1240461147390306,0.08190472424030304,-0.21638506650924683,-0.3140159077011049,-0.0798046737909317,-0.11910700798034668,-0.026331364642828703,0.06339175999164581,-0.3788102865219116,-0.13070411747321486,-0.07544033229351044,-0.3527999818325043,-0.09955239808186889,-1.2240450490604777,0.20401676495870005,-0.7627957613404972,0.011514082099452191,0.011366425138531337,0.32976956925157425,0.449748815781647,0.5327026293731036,1.0129015110399753,5.999698356210622,4.824382867705743
swipe_right,anu,swipe_right,0.05457141995429993,-0.33020922541618347,-0.6606604219414294,-0.08669722080230713,0.09441161155700684,-0.10459103295579553,0.07609334588050842,-0.21638506650924683,-0.3352485061623156,-0.07898640632629395,-0.12279391288757324,-0.004248510114848614,0.06335034966468811,-0.3791847229003906,-0.08110816637054086,-0.07402446866035461,-0.35345879197120667,-0.07675661752000451,-0.9623020887374837,0.0,0.0008662711038733937,0.011256698406103837,-0.05209626573504801,0.5895479328253027,0.44891341223673453,0.5816841805464457,0.2160708099989782,962302.0887374837,8.103575238375221
swipe_right,anu,swipe_right,0.011489838361740112,-0.33020922541618347,-0.6607082644477487,-0.0867379903793335,0.09000402688980103,-0.08563696686178446,0.0662890374660492,-0.21638506650924683,-0.3352963486686349,-0.07890287041664124,-0.12627553939819336,0.014637057669460773,0.06330958008766174,-0.37995654344558716,-0.08115600887686014,-0.07381346821784973,-0.3536434471607208,-0.04536032024770975,-1.3055024725018158,0.0,-0.0014497729187661988,-0.001235441728071736,-0.13356317173350973,0.5743656392124581,0.4456594358554368,0.5839870702515291,0.00924979889469698,1305502.472501816,2.5395697446630643
swipe_right,anu,swipe_right,-0.02146849036216736,-0.330584317445755,-0.6606746508041397,-0.08674034476280212,0.08673423528671265,-0.08560335321817547,0.05741316080093384,-0.23420321941375732,-0.3352627350250259,-0.07873460650444031,-0.12972140312194824,0.01467067131306976,0.06347155570983887,-0.3815198838710785,-0.05257943330798298,-0.0706443190574646,-0.35422635078430176,-0.011458348133601248,-0.9987372340578046,-0.011366425138531337,0.0010185952608784065,-7.134495359478593e-05,-0.09908459403298142,0.0010185952608784065,0.44744027790375657,0.6161079750299303,0.0007200335658384225,87.85958314099271,17.405575250934643
swipe_right,anu,swipe_right,-0.05896840989589691,-0.33519795536994934,-0.6065526629099622,-0.08660657703876495,0.0847240686416626,-0.06682402885053307,0.03932295739650726,-0.23603934049606323,-0.3352919841418043,-0.07899852097034454,-0.13251638412475586,0.034625836997292936,0.06365816295146942,-0.3833560049533844,-0.052608682424761355,-0.07085473835468292,-0.3568246364593506,0.023458605050109327,-1.1363611979917998,-0.1398072098240702,1.640060239217491,0.004053567395065753,-0.06091414075909213,0.5690704353831006,0.45095934781568536,0.5693947730913586,0.0665444968944067,8.128000490255596,17.252962947282192
swipe_right,anu,swipe_right,-0.09163790941238403,-0.34571442008018494,-0.5193601275095716,-0.08663007616996765,0.05922722816467285,-0.06682402885053307,0.023012489080429077,-0.25186896324157715,-0.2660843158373609,-0.07743507623672485,-0.1416614055633545,0.042364784865640104,0.06437519192695618,-0.38348355889320374,-0.052608682424761355,-0.0669662356376648,-0.3636772334575653,0.023458605050109327,-0.9899848338329456,-0.31868074879501884,2.6421980424360862,-0.0007120948849302368,-0.7726315296057518,0.0,0.43288081993605626,0.4935823205149825,0.000921647559019544,3.1064999410108034,27.61411773368999
swipe_right,anu,swipe_right,-0.10679909586906433,-0.34844228625297546,-0.5168924952158704,-0.08651965856552124,0.04895630478858948,-0.06682402885053307,0.013146132230758667,-0.2594480812549591,-0.2604735518107191,-0.07626724243164062,-0.1467345654964447,0.042364784865640104,0.06467199325561523,-0.38511866331100464,-0.052608682424761355,-0.06529796123504639,-0.3701772391796112,0.023458605050109327,-0.45942989262667683,-0.08266261129668286,0.07477673617276297,0.0033459880135276185,-0.31124010230555754,0.0,0.42927175786553595,0.49629320956422135,0.010750469615811642,5.557825086757526,13.982099182229756
swipe_right,anu,swipe_right,-0.11417622864246368,-0.3507779836654663,-0.513451817096211,-0.0865357369184494,0.04729452729225159,-0.07168126350734383,0.007943108677864075,-0.2643390893936157,-0.2604735518107191,-0.07628332078456879,-0.1483963429927826,0.042364784865640104,0.06466586887836456,-0.3862300515174866,-0.052608682424761355,-0.06515650451183319,-0.3718390166759491,0.023458605050109327,-0.22354947798179764,-0.07077870946941923,0.1042629733230124,-0.00048722281600489554,-0.050356893828420714,-0.14718892899426483,0.4303273101335415,0.4955983653468215,0.009675202415433811,3.158383661893716,9.07773402818011
swipe_right,anu,swipe_right,-0.11880794167518616,-0.351368248462677,-0.5125817680964246,-0.08397820591926575,0.04674637317657471,-0.07168126350734383,0.0039899349212646484,-0.26584509015083313,-0.2604735518107191,-0.07627233862876892,-0.14894449710845947,0.042364784865640104,0.0646829903125763,-0.386646032333374,-0.059382057399488986,-0.06420326232910156,-0.372387170791626,0.012471023364923894,-0.14035494038552984,-0.01788681203668772,0.02636512120564785,0.07750093936920185,-0.01661073077808731,0.0,0.4279551185103062,0.49020752945293633,4.665434349046523,7.846400672014178,5.1502260223142216
swipe_right,anu,swipe_right,-0.11876361072063446,-0.352443665266037,-0.508649192051962,-0.08311186730861664,0.046595215797424316,-0.07155450363643467,0.003298714756965637,-0.26699209213256836,-0.2603467919398099,-0.07622800767421722,-0.14909565448760986,0.04249154473654926,0.06472964584827423,-0.3866938054561615,-0.061629484640434384,-0.06412865221500397,-0.37253832817077637,0.010742520680651069,0.001343362259142321,-0.032588387980605475,0.11916897104432135,0.026252685171185005,-0.004580526640920909,0.003841208209368299,0.42755828882864727,0.48442694611633064,5.730117323056335,0.04122084955819912,1.599432937401088
swipe_right,anu,swipe_right,-0.11874540150165558,-0.35576120018959045,-0.5045774219324812,-0.0828038901090622,0.04624536633491516,-0.06888761499430984,0.003316923975944519,-0.2673419415950775,-0.25760688760783523,-0.07616133987903595,-0.14944550395011902,0.05277849605772644,0.06475763022899628,-0.38640183210372925,-0.0618161087622866,-0.06407074630260468,-0.3726761043071747,0.01074210146907717,0.0005517945145115721,-0.10053136131980227,0.12338697331759996,0.009332642410740732,-0.010601498863913822,0.08081480733711631,0.4268337158494443,0.4802601289079008,0.8802304560960517,0.0054887252946965535,2.39518090480922
swipe_right,anu,swipe_right,-0.11802893877029419,-0.3607541620731354,-0.5045792628079653,-0.0820874273777008,0.04618963599205017,-0.06888945586979389,0.004033386707305908,-0.2673976719379425,-0.2576087284833193,-0.07552886009216309,-0.149501234292984,0.052776655182242393,0.06547826528549194,-0.3863753378391266,-0.06181794963777065,-0.06323796510696411,-0.37154337763786316,0.01074026059359312,0.021710991859436087,-0.1513018752589374,-5.578410557725226e-05,0.021710991859436087,-0.001688798268636072,-5.578410557725226e-05,0.42567248519050965,0.4799676228957521,12.84827441382113,0.1434935841257493,2.493833041523745
swipe_right,anu,swipe_right,-0.10955096781253815,-0.3609096109867096,-0.5086496112635359,-0.08141036331653595,0.04622247815132141,-0.06039624416735023,0.004710450768470764,-0.2675531208515167,-0.2628208635142073,-0.0748831182718277,-0.14965668320655823,0.055707982392050326,0.06618495285511017,-0.3863109052181244,-0.06246841081883758,-0.06244398653507233,-0.3715782165527344,0.007678310037590563,0.2569082108410911,-0.004710573138612669,-0.12334389259304912,0.020517092762571305,0.0009952169476133363,0.2573700515892007,0.42373492760640996,0.48021453871348896,20.595004744423047,54.527055673965016,7.8012907867411165
swipe_right,anu,swipe_right,-0.09754535555839539,-0.3609384000301361,-0.5124681656016037,-0.08052012324333191,0.04769691824913025,-0.060408982331864536,0.01129603385925293,-0.25794968008995056,-0.2653119032038376,-0.07403382658958435,-0.1500222384929657,0.05569524422753602,0.06711304187774658,-0.3854655921459198,-0.0724746574414894,-0.061670660972595215,-0.3715766668319702,0.005422790185548365,0.3638064319437209,-0.0008723952553489013,-0.11571376782023574,0.026976971915274022,0.044680002963904286,-0.00038600498528191634,0.42482874625834716,0.4704341167712729,0.6037682712061649,416.54271615935056,7.924591525352958
swipe_right,anu,swipe_right,-0.09014098346233368,-0.36133047938346863,-0.5124550082255155,-0.08160637319087982,0.04812929034233093,-0.060395824955776334,0.018233969807624817,-0.2373565137386322,-0.26696854014880955,-0.0758901983499527,-0.15041431784629822,0.055708401603624225,0.0672290176153183,-0.38493555784225464,-0.07323731412179768,-0.0615546852350235,-0.36728498339653015,0.005435947561636567,0.22437491200187046,-0.011881192525227895,0.0003987083663091525,-0.032916665077209556,0.01310218464244499,0.0003987083663091525,0.4210758973019577,0.4671559694384871,2.5121118243715346,18.8832920797643,2.0519027737235045
swipe_right,anu,swipe_right,-0.07170271873474121,-0.3495614528656006,-0.6131867982912809,-0.08519688248634338,0.04917994141578674,-0.06888719578273594,0.03711816668510437,-0.209008127450943,-0.31674121995456517,-0.07550293207168579,-0.15041866898536682,0.055708401603624225,0.06765183806419373,-0.3848111629486084,-0.10416262526996434,-0.06113186478614807,-0.36487460136413574,-0.013986771227791905,0.558735294775527,0.35663716720812094,-3.052478486841362,-0.10880331198374384,0.03183791131684261,-0.25731426748362346,0.41837106268229696,0.5289308492436406,3.417306292322485,1.5666727404682674,8.160791643692162
swipe_right,anu,swipe_right,-0.054402634501457214,-0.32633325457572937,-0.646633887430653,-0.08830304443836212,0.05744338035583496,-0.10968931182287633,0.05438847839832306,-0.1872786283493042,-0.3474027456250042,-0.07488574087619781,-0.15046316385269165,0.016754687065258622,0.06832380592823029,-0.3847901225090027,-0.14905841066502035,-0.06165550649166107,-0.3648805022239685,-0.06153084128163755,0.524244976766183,0.7038847966627658,-1.0135481557385513,-0.0941261197581438,0.2504072406075224,-1.2364277587921362,0.42589528215369077,0.5158103718108588,0.3758906637009302,0.7447869800068584,30.403639053804202
swipe_right,anu,swipe_right,-0.0368930846452713,-0.29834067821502686,-0.6810964453034103,-0.08996956050395966,0.07277846336364746,-0.16161082265898585,0.06500877439975739,-0.17028659582138062,-0.37289975164458156,-0.07541264593601227,-0.14644593000411987,-0.019758097361773252,0.0681309849023819,-0.38634631037712097,-0.20758236525580287,-0.06448064744472504,-0.3664644956588745,-0.11232638685032725,0.5305924198844193,0.8482598897182544,-1.044319935538096,-0.0505004868362887,0.4646994850852253,-1.5733791162457362,0.4427335737808687,0.4929407981491612,0.1086731958694362,0.6255061695236862,12.172640111822982
swipe_right,anu,swipe_right,-0.02037683129310608,-0.26557761430740356,-0.6810964453034103,-0.09095567464828491,0.07180565595626831,-0.17182626901194453,0.07660338282585144,-0.15811073780059814,-0.37289975164458156,-0.07663649320602417,-0.143593430519104,-0.0215963046066463,0.06851509213447571,-0.3870932161808014,-0.21316690323874354,-0.06537353992462158,-0.3686339259147644,-0.13996342895552516,0.5004925258231898,0.9928201184128295,0.0,-0.029882246797735115,-0.02947901234482281,-0.30955898039268803,0.4423309976388844,0.4915545461962059,1.0136443108709532,0.5041114824625212,41.12601114146419
swipe_right,anu,swipe_right,-0.006648659706115723,-0.23145508766174316,-0.6811104172375053,-0.0911220908164978,0.07018321752548218,-0.17206237255595624,0.086203932762146,-0.1513926386833191,-0.3729137235786766,-0.07681292295455933,-0.14445817470550537,-0.031745088985189795,0.06901693344116211,-0.3874984383583069,-0.21318087517283857,-0.06643667817115784,-0.37025636434555054,-0.14761189161799848,0.4160051996057694,1.0340159589594087,-0.0004233919422734878,-0.005042914188269425,-0.049164800932913234,-0.007154652848839777,0.44180790044350526,0.49903192845727706,0.10256955226155035,0.4023195132354692,9.213960145106789
swipe_right,anu,swipe_right,0.005432531237602234,-0.19736254215240479,-0.6811378332786262,-0.09084464609622955,0.07018321752548218,-0.17512721149250865,0.09386076033115387,-0.1513926386833191,-0.37294113961979747,-0.07652901113033295,-0.14445817470550537,-0.040232069324702024,0.06923229992389679,-0.3847908675670624,-0.23187972931191325,-0.06735379993915558,-0.37076860666275024,-0.14999552397057414,0.36609669526417893,1.0331074396769162,-0.0008307891248753542,0.008407415765704494,0.0,-0.09287390716825432,0.44229168297154914,0.49095074257193394,8407.415765704494,0.35436424793767857,3.0220918429427366
swipe_right,anu,swipe_right,0.010650470852851868,-0.15278255939483643,-0.6249748223926872,-0.09078101813793182,0.07018321752548218,-0.17945375083945692,0.09767089784145355,-0.1513926386833191,-0.32340965210460126,-0.07639245688915253,-0.14417654275894165,-0.041626775404438376,0.06886009871959686,-0.3841020464897156,-0.23253293870948255,-0.06764928996562958,-0.37089234590530396,-0.15451120375655591,0.15811938228029232,1.3509085684111657,1.7019094207860346,0.00192811994841605,0.0,-0.13110725293782657,0.44238542037346285,0.45924688126871893,1928.11994841605,0.11704660769133496,1.1751052560259307
swipe_right,anu,swipe_right,0.019720911979675293,-0.11330991983413696,-0.5646488177590072,-0.09093731641769409,0.06937235593795776,-0.20126889226958156,0.09828636050224304,-0.1513926386833191,-0.28660793183371425,-0.07603946328163147,-0.14403051137924194,-0.04435880808159709,0.06931951642036438,-0.3835263252258301,-0.23434653459116817,-0.06752777099609375,-0.37090179324150085,-0.15959505317732692,0.27486185232798327,1.1961405927484716,1.8280607464751557,-0.004736311507947529,-0.024571563258315637,-0.6610648918219605,0.4428611996068625,0.4296237022920862,0.19274796276471914,0.22979039772073379,16.077843105209745
swipe_right,anu,swipe_right,0.033742740750312805,-0.0630047619342804,-0.438304407754913,-0.09023739397525787,0.07347598671913147,-0.27303503290750086,0.09907759726047516,-0.14633139967918396,-0.2438233180437237,-0.07524822652339935,-0.13992688059806824,-0.11089753196574748,0.06979729235172272,-0.3784846067428589,-0.23435982898809016,-0.06754644215106964,-0.36679816246032715,-0.1939181222114712,0.42490390214052887,1.5243987242380712,3.8286184849725364,0.021209770982915616,0.1243524479143542,-2.174731534482394,0.44790143032643615,0.377386876268903,0.17056037720420425,0.27873522632189224,46.096858395184206
swipe_right,anu,swipe_right,0.05031326413154602,-0.021984755992889404,-0.3929013148881495,-0.09017282724380493,0.07353979349136353,-0.3150003389455378,0.0991421639919281,-0.1462675929069519,-0.2127057001926005,-0.07518365979194641,-0.13986307382583618,-0.14392757276073098,0.06983599066734314,-0.37809526920318604,-0.2428960339166224,-0.06827962398529053,-0.3667343556880951,-0.22265957156196237,0.5021370721585835,1.2430304830724574,1.375851298992836,0.001956567619786123,0.00193353855248654,-1.2716759405465772,0.450385896876892,0.38690750676310115,1.011387246468295,0.40396166870804306,27.621781123278108
swipe_right,anu,swipe_right,0.056788429617881775,0.019116073846817017,-0.36440347658935934,-0.09012024104595184,0.07412216067314148,-0.3395462833577767,0.09571050107479095,-0.14568522572517395,-0.21268439816776663,-0.07539866864681244,-0.13927021622657776,-0.17977646517101675,0.06971053779125214,-0.3769891858100891,-0.26079334842506796,-0.06931881606578827,-0.36614254117012024,-0.2518562279874459,0.1962171359495688,1.2454796921123188,0.8635708575390978,0.001593521147063288,0.017647490356907745,-0.7438164973405744,0.449394317700161,0.4096357116582125,0.09029220714278105,0.1575432980954423,16.002830668617765
swipe_right,anu,swipe_right,0.06437401473522186,0.04792878031730652,-0.36288032541051507,-0.0901140421628952,0.07609197497367859,-0.3728493512608111,0.0938747376203537,-0.14568522572517395,-0.2126780361868441,-0.07560490071773529,-0.13877835869789124,-0.20418769726529717,0.06960169970989227,-0.3753531575202942,-0.2690876782871783,-0.07004804909229279,-0.36609771847724915,-0.26563534745946527,0.22986621567697293,0.8731123172875628,0.04615609632861445,0.00018784494111032243,0.059691342440518616,-1.0091838758495295,0.4554439720572113,0.4335804288066421,0.0031468850681727477,0.2632719157131648,8.141850020934895
swipe_right,anu,swipe_right,0.07500706613063812,0.06165573000907898,-0.35409294883720577,-0.0900973528623581,0.0781501829624176,-0.4132795564364642,0.09357534348964691,-0.14109626412391663,-0.21264962176792324,-0.07593528926372528,-0.13807836174964905,-0.24972937325946987,0.06953351199626923,-0.37355926632881165,-0.2854537896346301,-0.07034949958324432,-0.3660449683666229,-0.3067418865393847,0.32221367864897404,0.4159681724779488,0.26628413858512745,0.0005057363799123997,0.0623699390526967,-1.225157732595535,0.45721940606284606,0.4406284001381306,0.008108525983312631,0.7746095142809053,6.545172744531516
swipe_right,anu,swipe_right,0.08131855726242065,0.07680609822273254,-0.35408488055691123,-0.08984917402267456,0.07850244641304016,-0.4164961292408407,0.09320956468582153,-0.13484790921211243,-0.21708031138405204,-0.07623210549354553,-0.1385989487171173,-0.26245531579479575,0.06951189041137695,-0.37143129110336304,-0.3028904511593282,-0.07042011618614197,-0.3667486310005188,-0.32597115775570273,0.19125730702371355,0.4591020670804122,0.0002444933422587141,0.00752057089950101,0.010674650018865438,-0.09747190316292396,0.4547755278032619,0.4513059097478665,0.7044602329798242,0.4165890422819038,34.20884570726231
swipe_right,anu,swipe_right,0.08392864465713501,0.07806140184402466,-0.3570027940440923,-0.0896499752998352,0.07945305109024048,-0.4188067012000829,0.09277188777923584,-0.133386492729187,-0.22086475719697773,-0.07701277732849121,-0.1385226845741272,-0.26423266460187733,0.06944882869720459,-0.3705979287624359,-0.3075497739482671,-0.07051244378089905,-0.36705389618873596,-0.32673993636853993,0.07909355741558673,0.038039503675518706,-0.08842162082366893,0.0060363249345259384,0.02880620233940363,-0.07001733209824941,0.4563014226008676,0.4516087479301844,0.20954221320788288,2.079193222314984,0.998028197403242
idle,anu,swipe_right,0.0855429470539093,0.07789355516433716,-0.3610305779147893,-0.08937689661979675,0.08287489414215088,-0.4266097240615636,0.09231981635093689,-0.13308531045913696,-0.22323959995992482,-0.07778352499008179,-0.13719570636749268,-0.27241760422475636,0.06928852200508118,-0.36958324909210205,-0.3075986795593053,-0.07084205746650696,-0.36619672179222107,-0.3332566909957677,0.048918254447705936,-0.005086263020833346,-0.12205405668778883,0.008275111516316751,0.10369221369425481,-0.23645523822668885,0.4590464522060158,0.4509486272770928,0.0798037906387623,9.615829621424336,5.5309882064896785
idle,anu,swipe_right,0.08578579127788544,0.07914626598358154,-0.3569957041181624,-0.08929283916950226,0.08568155765533447,-0.4266319894231856,0.09138517081737518,-0.13232767581939697,-0.2234427505172789,-0.07846729457378387,-0.1360054612159729,-0.27477148408070207,0.06916503608226776,-0.3684326410293579,-0.3116077505983412,-0.07102160155773163,-0.36556851863861084,-0.3372137569822371,0.007358915878064723,0.0379609339164966,0.12226890292808895,0.0025471954634695405,0.08505040949041215,-0.0006747079279386652,0.4603868913989849,0.45018128996093076,0.029948891837667732,0.19384986798227521,7.169263054202412
idle,anu,swipe_right,0.08696043491363525,0.07877683639526367,-0.357003977522254,-0.08916732668876648,0.08730560541152954,-0.4364402499049902,0.09082686901092529,-0.13159817457199097,-0.22404242120683193,-0.07885172963142395,-0.13566112518310547,-0.28360225819051266,0.06913906335830688,-0.3670424818992615,-0.31575854681432247,-0.07113394141197205,-0.3654855191707611,-0.343919238075614,0.035595261689388,-0.011194836009632335,-0.00025070921489686403,0.0038034085071447705,0.04921356836954698,-0.2972200146001364,0.4624988033659853,0.4480777291977263,0.07728216731650227,3.1793303920103537,9.051681840083855
idle,anu,swipe_right,0.08697487413883209,0.07724431157112122,-0.3569987548980862,-0.08891431987285614,0.08705821633338928,-0.4364350272808224,0.09053780138492584,-0.13146379590034485,-0.22403719858266413,-0.07923407852649689,-0.13514259457588196,-0.28359703556634486,0.069085493683815,-0.3664344549179077,-0.31575332419015467,-0.0712493509054184,-0.3653525114059448,-0.3439140154514462,0.0004375522786920732,-0.046440146186135144,0.0001582613384181807,0.007666873209404242,-0.007496638731523012,0.0001582613384181807,0.4621121674790505,0.4459507409126858,1.0225717034310684,0.009421651156893777,9.174605275167572
idle,anu,swipe_right,0.08718055486679077,0.07551780343055725,-0.35699364147149026,-0.0886850357055664,0.08622875809669495,-0.43642991385422647,0.0905306339263916,-0.13246509432792664,-0.2240320851560682,-0.07946094870567322,-0.13567331433296204,-0.28359192213974893,0.06896233558654785,-0.3674357533454895,-0.31574821076355875,-0.07128489017486572,-0.3660041093826294,-0.34390890202485025,0.006232749332081203,-0.052318428501938456,0.00015495232108867567,0.006948005069385892,-0.025135098081646604,0.00015495232108867567,0.4619279912746069,0.4452425659442011,0.27641541844790357,0.11912877320229667,0.534942502336946
idle,anu,swipe_right,0.08787302672863007,0.07532718777656555,-0.3561102314852178,-0.08859051764011383,0.08640924096107483,-0.436427669133991,0.09051494300365448,-0.13246509432792664,-0.2234384431503713,-0.07969723641872406,-0.13545021414756775,-0.28358967741951346,0.06875388324260712,-0.3674357533454895,-0.31160344323143363,-0.07148568332195282,-0.3653777539730072,-0.3439066573046148,0.020983995813312003,-0.005776231939142415,0.026769999584013833,0.0028641838015932095,0.0054691777084813105,6.802182531718069e-05,0.4614804457163397,0.44540477981198034,0.5235997721157024,3.6321885696053453,0.935626290884994
idle,anu,swipe_right,0.09202243387699127,0.06931397318840027,-0.33783649164251983,-0.08854298293590546,0.08643797039985657,-0.42282058554701507,0.09041072428226471,-0.13246509432792664,-0.21048788982443511,-0.08003778755664825,-0.1347622573375702,-0.27138300496153533,0.0685209184885025,-0.3674357533454895,-0.30967842298559844,-0.07171295583248138,-0.36422714591026306,-0.3354566867928952,0.12573961055640048,-0.18221862388379692,0.5537496922029704,0.0014404455820719436,0.0008705890539920713,0.412335866271999,0.4593634156924512,0.4382870311604837,1.6526659845880156,0.6900442876371304,12.493816638239112
idle,anu,swipe_right,0.10221275687217712,0.058137595653533936,-0.3284897122066468,-0.08825910091400146,0.08747601509094238,-0.41728585097007453,0.09109601378440857,-0.14571917057037354,-0.19651371869258583,-0.08047181367874146,-0.13142186403274536,-0.2648460778873414,0.06761011481285095,-0.3666801452636719,-0.2881529543083161,-0.07234999537467957,-0.3616238236427307,-0.3288885864894837,0.30879766652078416,-0.33867810711716245,0.28323574048100164,0.008602485512242195,0.031455899729873275,0.16771922960425908,0.4579932763232709,0.4281290808543991,0.2734689554950891,0.911770640797039,7.473494945683568
idle,anu,swipe_right,0.11244729161262512,0.024116545915603638,-0.3284990107640624,-0.08771583437919617,0.08877554535865784,-0.4140240466222167,0.09210255742073059,-0.16282185912132263,-0.17250365670770407,-0.0807403028011322,-0.1299131214618683,-0.2643154477700591,0.06705376505851746,-0.3671584725379944,-0.266183159314096,-0.07262945175170898,-0.35897257924079895,-0.3282771026715636,0.31013741637720865,-1.0309409011493917,-0.00028177446713952996,0.016462622266827025,0.039379705082286054,0.09884255599569082,0.45613432278221516,0.39879816657153305,0.4180377733823797,0.3008291893378648,2.1143969758715344
idle,anu,swipe_right,0.1251351535320282,-0.023373156785964966,-0.30682327039539814,-0.08771583437919617,0.08877554535865784,-0.3582587409764528,0.09222885966300964,-0.1747353971004486,-0.14206800051033497,-0.08088868856430054,-0.1299131214618683,-0.22352981753647327,0.06664517521858215,-0.3690759837627411,-0.23229281790554523,-0.07281419634819031,-0.35837534070014954,-0.2904548216611147,0.3844806642243366,-1.439081900047537,0.6568406172322521,0.0,0.0,1.6898577468413336,0.4525078399251272,0.35844987165736913,0.0,0.26717061554385513,48.229927540537986
idle,anu,swipe_right,0.13978278636932373,-0.06236967444419861,-0.304213295225054,-0.08745568990707397,0.07805022597312927,-0.34176052594557405,0.09279799461364746,-0.1747353971004486,-0.13294310355558991,-0.0807553231716156,-0.1299131214618683,-0.19179172301664948,0.06678891181945801,-0.3696662485599518,-0.1924999156035483,-0.07258293032646179,-0.35835227370262146,-0.24865655088797212,0.4438676617362293,-1.1817126563101132,0.07909015667709457,0.007883165821884638,-0.32500967834935124,0.499945910026631,0.44647137743903903,0.33502114764823243,0.024255097899925276,0.37561355017441433,37.37954163561627
idle,anu,swipe_right,0.15821431577205658,-0.09608033299446106,-0.26826628018170595,-0.08738203346729279,0.07781252264976501,-0.3413143949583173,0.09317921102046967,-0.1747353971004486,-0.12310991156846285,-0.08102042973041534,-0.12987175583839417,-0.19178833533078432,0.06652681529521942,-0.3696662485599518,-0.18753274250775576,-0.07282932102680206,-0.3582271933555603,-0.24865316320210695,0.558531194022209,-1.0215351075837131,1.0893034861620656,0.0022320133267027015,-0.007203131011038134,0.01351912082596262,0.4460140348060344,0.2996226878005886,0.3098240888849497,0.54675619381025,17.60822388805628
idle,anu,swipe_right,0.18159329891204834,-0.13171446323394775,-0.24810297833755612,-0.08858823776245117,0.07755106687545776,-0.3399773691780865,0.09669274091720581,-0.17499685287475586,-0.08316195802763104,-0.08161798119544983,-0.13013321161270142,-0.19185094581916928,0.0665583610534668,-0.36992770433425903,-0.18681824253872037,-0.07335272431373596,-0.3584078252315521,-0.24871577369049191,0.7084540345452066,-1.0798221284692964,0.6110091467924206,-0.03655164530782998,-0.007922902251734898,0.04051593273426557,0.4456691096409519,0.2715407962085547,4.612833948049673,0.6560834046493114,1.4321245787067196
swipe_right,anu,swipe_right,0.19824305176734924,-0.16732186079025269,-0.1900968300178647,-0.08890759944915771,0.0761953592300415,-0.3400268452242017,0.10346946120262146,-0.16944682598114014,-0.03294927719980478,-0.08199360966682434,-0.13148891925811768,-0.19190042186528444,0.06654849648475647,-0.3712834119796753,-0.14313434530049562,-0.07407313585281372,-0.3597020208835602,-0.24876524973660707,0.504537965312143,-1.0790120471607436,1.75776207029366,-0.009677626869895135,-0.04108204986109833,-0.0014992741247018013,0.44559540629480726,0.24728373425177902,0.2355625228072201,0.46759208949303893,1.814900965301141
swipe_right,anu,swipe_right,0.2201876938343048,-0.19710972905158997,-0.1902364231646061,-0.08891510963439941,0.07017740607261658,-0.3415660746395588,0.11623969674110413,-0.16237720847129822,-0.03308887034654617,-0.08259403705596924,-0.13477298617362976,-0.21530931070446968,0.06669983267784119,-0.37597784399986267,-0.12097117677330971,-0.07447940111160278,-0.3657095730304718,-0.2545046992599964,0.6649891535441097,-0.9026626745859804,-0.004230095355799714,-0.00022758137096058295,-0.1823622168916649,-0.04664331561688232,0.44473085266838913,0.2456623707961424,0.001247956549789207,0.7366964820525391,4.5035822328221276
swipe_right,anu,swipe_right,0.23154276609420776,-0.22185218334197998,-0.19031968899071217,-0.08890002965927124,0.0667913556098938,-0.34164934046566486,0.12271648645401001,-0.1642438769340515,-0.033172136172652245,-0.0830572247505188,-0.13862591981887817,-0.21601800806820393,0.06682199239730835,-0.3790544867515564,-0.12105444259941578,-0.0746995210647583,-0.37134474515914917,-0.2592163849622011,0.3440930987849389,-0.7497713421330326,-0.002523206851699142,0.00045696894327799595,-0.10260758977947838,-0.002523206851699142,0.4460494248337059,0.23799826016639,0.004453515483061334,0.4589301037779361,2.7620431931647103
swipe_right,anu,swipe_right,0.24287152290344238,-0.22983291745185852,-0.1902088224887848,-0.08871936798095703,0.06787076592445374,-0.34013883769512177,0.13225620985031128,-0.16559329628944397,-0.03306126967072487,-0.08360645174980164,-0.13796493411064148,-0.22006621956825256,0.06701797246932983,-0.37589579820632935,-0.1209435760974884,-0.07487207651138306,-0.3724508285522461,-0.25958268344402313,0.3432956608858984,-0.24184042757207758,0.0033595909674962445,0.005474596312551801,0.032709403471513306,0.045772811228578854,0.4478438880137513,0.23886504702912212,0.16736560028430997,1.4195072545359655,4.356514665064325
swipe_right,anu,swipe_right,0.25044628977775574,-0.23249006271362305,-0.20462888479232788,-0.08881396055221558,0.06855505704879761,-0.34013883769512177,0.13985899090766907,-0.1666458249092102,-0.05660261586308479,-0.0842033326625824,-0.13702857494354248,-0.2209392935037613,0.0674956738948822,-0.37438157200813293,-0.1209435760974884,-0.0750439465045929,-0.3726726472377777,-0.2663296014070511,0.2295383901307083,-0.08051955338680403,-0.4369715849558523,-0.0028664415532892473,0.020736094677087084,0.0,0.44757044549244035,0.2461856193061392,0.13822773141198258,2.8506807327571817,1.4558337993610353
swipe_right,anu,swipe_right,0.26064783334732056,-0.23471450805664062,-0.21051223576068878,-0.08886730670928955,0.07302802801132202,-0.34013883769512177,0.14752930402755737,-0.16672998666763306,-0.06083393469452858,-0.08455100655555725,-0.1353468894958496,-0.22133244574069977,0.06903403997421265,-0.3720536231994629,-0.12567608058452606,-0.07497087121009827,-0.3719649910926819,-0.2672310024499893,0.3091376839262074,-0.06740743463689647,-0.1782833626776035,-0.001616550214362871,0.13554457462195227,0.0,0.4511401671443266,0.2505494992693449,0.011926248561574674,4.586038610619193,3.479251011248583
swipe_right,anu,swipe_right,0.26430758833885193,-0.23791921138763428,-0.21898110210895538,-0.08895501494407654,0.07787692546844482,-0.3436414450407028,0.153097003698349,-0.17533832788467407,-0.06787741184234619,-0.08469092845916748,-0.13451844453811646,-0.22499561309814453,0.06959429383277893,-0.37219953536987305,-0.13208210468292236,-0.07480710744857788,-0.3714722692966461,-0.26816584169864655,0.11090166641004036,-0.09711222215132173,-0.2566323135838336,-0.0026578252965753437,0.14693628657947727,-0.10613961653275807,0.45586338833293494,0.2519839443691471,0.01808816100015394,1.1419831816231314,3.2349777921555942
swipe_right,anu,swipe_right,0.26788146793842316,-0.24321505427360535,-0.23568077012896538,-0.08925803005695343,0.08076229691505432,-0.33242106065154076,0.1586620956659317,-0.183508962392807,-0.08473006263375282,-0.08497734367847443,-0.13380679488182068,-0.22498859092593193,0.06992144882678986,-0.37232694029808044,-0.13383255526423454,-0.07476599514484406,-0.37061452865600586,-0.2697065435349941,0.108299381805189,-0.16048008745366915,-0.5060505460609102,-0.009182276147784631,0.0874354983821062,0.34001164815642704,0.45594316355842285,0.2573540501927406,0.105016512757146,0.6748420235901941,13.640870071495378
swipe_right,anu,swipe_right,0.26887302100658417,-0.24364301562309265,-0.24451436661183834,-0.08955441415309906,0.08077237010002136,-0.329212149605155,0.1599705070257187,-0.1895025074481964,-0.08957592956721783,-0.08517946302890778,-0.1335969865322113,-0.2213300820440054,0.07005785405635834,-0.3723168671131134,-0.137907138094306,-0.0747547596693039,-0.370196670293808,-0.274083798751235,0.030047062671545853,-0.012968525742039569,-0.26768474190524194,-0.008981336246837291,0.00030524802930427395,0.09723972867835676,0.45456709101566506,0.2597104769525316,29.32700095161706,2.3167433620298823,7.816180492640165
swipe_right,anu,swipe_right,0.2712959200143814,-0.24688848853111267,-0.26766359247267246,-0.08954472839832306,0.08077237010002136,-0.330666059628129,0.16244341433048248,-0.1926712691783905,-0.11732538975775242,-0.08516977727413177,-0.13354340195655823,-0.22092911042273045,0.07041539251804352,-0.3723929524421692,-0.17764502204954624,-0.0747239738702774,-0.36971548199653625,-0.2842643205076456,0.07342118205446203,-0.09834766387939478,-0.7014916927525509,0.0002935077204848788,0.0,-0.044057879484061147,0.45311376170312456,0.25339238309355705,293.50772048487886,0.7465397002698341,4.290970079539804
swipe_right,anu,swipe_right,0.2742539495229721,-0.2551085948944092,-0.29844735004007816,-0.08954523503780365,0.08084851503372192,-0.33234343864023685,0.1624429076910019,-0.19319206476211548,-0.13306682743132114,-0.08517028391361237,-0.13346266746520996,-0.22151955403387547,0.07059197127819061,-0.372493714094162,-0.194534907117486,-0.07470978796482086,-0.369230717420578,-0.2873981688171625,0.089637257836082,-0.24909413222110693,-0.9328411384062356,-1.5352711533055198e-05,0.002307422233350355,-0.050829667033571314,0.4525610271068157,0.2570121852875054,0.006650738028446755,0.3598515034670221,0.2169931821239343
swipe_right,anu,swipe_right,0.2742513567209244,-0.25878268480300903,-0.29844735004007816,-0.08954782783985138,0.08094191551208496,-0.33059159852564335,0.16244031488895416,-0.19368603825569153,-0.13306682743132114,-0.0851728767156601,-0.13330024480819702,-0.2144437525421381,0.0706203430891037,-0.3723759204149246,-0.194534907117486,-0.07471081614494324,-0.3688836693763733,-0.28761265613138676,-7.856975902210496e-05,-0.11133605783635797,0.0,-7.856975902210496e-05,0.0028303175261526086,0.053086064078590504,0.4521176652439133,0.2552779048089511,0.02775024641226695,0.0007056927904237056,3.1490019974351413
swipe_right,anu,swipe_right,0.2742513567209244,-0.2624567747116089,-0.29844735004007816,-0.0895201712846756,0.08102956414222717,-0.32912986911833286,0.16244031488895416,-0.19418001174926758,-0.13306682743132114,-0.08513845503330231,-0.1332114338874817,-0.2144437525421381,0.07065130770206451,-0.37225812673568726,-0.194534907117486,-0.07470925152301788,-0.3685366213321686,-0.2906064782291651,0.0,-0.11133605783635947,0.0,0.0008380774295691308,0.0026560190952185495,0.044294830524560284,0.45145672008708065,0.25358847107259963,0.31542017559350505,0.0,0.2678973142724376
swipe_right,anu,swipe_right,0.2740514725446701,-0.26296374201774597,-0.29844735004007816,-0.08938474953174591,0.08200964331626892,-0.3276681397110224,0.16036014258861542,-0.1940840184688568,-0.13306682743132114,-0.08525250852108002,-0.1322304904460907,-0.2140528503805399,0.07045142352581024,-0.37146925926208496,-0.194534907117486,-0.07483260333538055,-0.3672945499420166,-0.2906064782291651,-0.006057096250129484,-0.015362645640517765,0.0,0.004103689482717813,0.029699368910356076,0.044294830524560284,0.45106495074456293,0.25303008324522336,0.13816964681832344,0.39424863029614604,0.8254486446333676
swipe_right,anu,swipe_right,0.2687484323978424,-0.2639281153678894,-0.29844735004007816,-0.08909106254577637,0.08267313241958618,-0.3219407293945551,0.15740814805030823,-0.19423514604568481,-0.13306682743132114,-0.08447489142417908,-0.13189882040023804,-0.2140528503805399,0.07014361023902893,-0.3708023428916931,-0.18813070096075535,-0.07493004202842712,-0.36616718769073486,-0.2906064782291651,-0.1606981862675064,-0.029223434852831364,0.0,0.008899605635440733,0.020105730403553405,0.17355788837779695,0.4501555317386692,0.25106919157402435,0.44261824060006943,5.498761124954223,3.9305234438688927
swipe_right,anu,swipe_right,0.2556373327970505,-0.2662023901939392,-0.29844735004007816,-0.08872415125370026,0.08142513036727905,-0.31374714709818363,0.1424187868833542,-0.19344562292099,-0.13306682743132114,-0.08277146518230438,-0.1307920217514038,-0.20924312807619572,0.0694526880979538,-0.37008702754974365,-0.18546452559530735,-0.07481016218662262,-0.3648923635482788,-0.2906064782291651,-0.3973060485088474,-0.06891741897120637,0.0,0.011118524002306417,-0.03781824400930703,0.2482903726173176,0.44713353153451635,0.24129206041599,0.293991175486486,5.764874679943529,2.8660090557002915
swipe_right,anu,swipe_right,0.22035132348537445,-0.26498061418533325,-0.29891342855989933,-0.08845756947994232,0.08152705430984497,-0.2877668533474207,0.1225913017988205,-0.19082623720169067,-0.13306682743132114,-0.08160896599292755,-0.12899857759475708,-0.16876248456537724,0.06815700232982635,-0.370044082403183,-0.1511819902807474,-0.07455296814441681,-0.36220961809158325,-0.24537752009928226,-1.0692730094447307,0.03702351541230182,-0.014123591509732369,0.00807823556842228,0.00308860432017934,0.7872816288110002,0.4459735731469008,0.2366981656075689,2.6146505284383363,28.880135162807626,16.38029981660786
swipe_right,anu,swipe_right,0.18671166896820068,-0.2654544413089752,-0.4610166698694229,-0.08785927295684814,0.08348318934440613,-0.20462195575237274,0.10740333795547485,-0.1882491409778595,-0.16805937886238098,-0.08035609126091003,-0.12728527188301086,-0.10951308161020279,0.06715953350067139,-0.3696143627166748,-0.15127652883529663,-0.07365390658378601,-0.35961535573005676,-0.2013779580593109,-1.0193834702173756,-0.014358397686120078,-4.912219433621873,0.018130197669520322,0.059276819229125324,2.519542351365062,0.443338061305288,0.3479668910835413,0.3058512932036525,70.99068446322933,52.5212394689397
swipe_right,anu,swipe_right,0.1412811428308487,-0.2641669809818268,-0.6520652621984482,-0.08722354471683502,0.08407649397850037,-0.20171572268009186,0.08948124945163727,-0.18665209412574768,-0.26506035029888153,-0.0791776031255722,-0.12576285004615784,-0.10721196979284286,0.06613744795322418,-0.3699541687965393,-0.15114882588386536,-0.07249216735363007,-0.35803547501564026,-0.19310852885246277,-1.376682610222791,0.03901394930752851,-5.78935128269775,0.01926449212160982,0.017978928305886054,0.0880676688569967,0.44244105866485706,0.5174502682922373,1.07144432357404,35.28602842390826,73.69168600287993
swipe_right,anu,swipe_right,0.09752537310123444,-0.25990742444992065,-0.6757493347395211,-0.08758573234081268,0.08842670917510986,-0.18528743390925229,0.07759357988834381,-0.18199443817138672,-0.305986586259678,-0.07887323200702667,-0.12299776077270508,-0.09340566699393094,0.06515420973300934,-0.3713679015636444,-0.15123541955836117,-0.07154445350170135,-0.353470116853714,-0.16775487666018307,-1.32593241604892,0.12907747066382239,-0.7176991679113037,-0.010975382544777637,0.13182470292756085,0.49782693244968523,0.4425353297137242,0.5372021755306845,0.08325677239747917,10.272297225323008,12.919826398172958
swipe_right,anu,swipe_right,0.07062733173370361,-0.26058435440063477,-0.6755981715396047,-0.08647531270980835,0.08626651763916016,-0.1729241432622075,0.07478725910186768,-0.18150657415390015,-0.32051622588187456,-0.07748270034790039,-0.1266440749168396,-0.07624911982566118,0.0650060772895813,-0.3721828758716583,-0.1510842563584447,-0.07011428475379944,-0.3529188930988312,-0.1575004579499364,-0.8150921626524512,-0.020513028809518576,0.004580703027772193,0.03364907972740413,-0.0654603495742337,0.37464517112256995,0.43976061477750306,0.5362841371089706,0.5140297281718245,39.7334024545313,7.176540759968761
swipe_right,anu,swipe_right,0.04849937558174133,-0.2677605152130127,-0.6755974738043733,-0.0864768922328949,0.08609777688980103,-0.121492937032599,0.0689784586429596,-0.18152374029159546,-0.3205155281466432,-0.0763293206691742,-0.1299210786819458,-0.020742000837344676,0.06500449776649475,-0.3729678690433502,-0.15108355862321332,-0.06925037503242493,-0.3529188930988312,-0.1293948141974397,-0.6705441258170405,-0.2174594185569075,2.1143491859688955e-05,-4.786433595599562e-05,-0.005113356041185796,1.5585214008972312,0.43942556717320613,0.5352157075207944,0.009358819677500976,3.083522648704757,35.93612549772201
swipe_right,anu,swipe_right,-0.004982054233551025,-0.2828982472419739,-0.6756219750968739,-0.08676925301551819,0.08492618799209595,-0.12091643724124879,0.06023767590522766,-0.18165802955627441,-0.32054002943914384,-0.0763196349143982,-0.13002121448516846,-0.016997747006826103,0.06613656878471375,-0.37302082777023315,-0.1494304573861882,-0.06853288412094116,-0.35297444462776184,-0.11193099233787507,-1.6206493883421749,-0.45871915239275807,-0.000742463409110444,-0.008859417655251146,-0.035502693869850464,0.01746969064697604,0.4383722931703626,0.5385698203313676,0.24953509591785078,3.532980576258983,46.708378927841224
swipe_right,anu,swipe_right,-0.035809874534606934,-0.2941735088825226,-0.6344851681496948,-0.08673298358917236,0.07997715473175049,-0.12082022964023054,0.04874509572982788,-0.1935393214225769,-0.3204438218381256,-0.07615041732788086,-0.13021713495254517,0.0337994119618088,0.06676220893859863,-0.37302082777023315,-0.11489072232507169,-0.06506803631782532,-0.3530990481376648,-0.03213809966109693,-0.9341763727592722,-0.34167459516814347,1.24656990749028,0.0010990735256310692,-0.14997070485895367,0.0029153818490378854,0.4425933659802157,0.5354589808151617,0.007328539251218973,2.73410330140656,3.5096515215273434
swipe_right,anu,swipe_right,-0.06176815927028656,-0.31814324855804443,-0.5246613451745361,-0.08721141517162323,0.07243794202804565,-0.12082022964023054,0.0387774258852005,-0.2202044129371643,-0.2626396247651428,-0.07633672654628754,-0.13768106698989868,0.036228118697181344,0.0674336701631546,-0.38040342926979065,-0.07952232449315488,-0.06531836092472076,-0.3604162335395813,0.01221560058183968,-0.7866146889599906,-0.7263557477430882,3.3279946356108776,-0.01449792674093539,-0.22846099102135917,0.0,0.4533658293844644,0.4676731663933547,0.06345881289102467,1.0829591538925383,2.426606970040651
swipe_right,anu,swipe_right,-0.08120971918106079,-0.3242243528366089,-0.5105852314736694,-0.08848017454147339,0.06661853194236755,-0.12082022964023054,0.03050413727760315,-0.23410263657569885,-0.25609876005910337,-0.07631474733352661,-0.14140227437019348,0.036228118697181344,0.06794163584709167,-0.38274478912353516,-0.07952232449315488,-0.06430181860923767,-0.3627575933933258,0.020231718430295587,-0.589138179114372,-0.1842758872292263,0.42654890002626467,-0.03844725363182309,-0.1763457601720641,0.0,0.45259706357683027,0.45987606802750447,0.2180207540774185,3.197026973770885,1.738022779430682
swipe_right,anu,swipe_right,-0.09651516377925873,-0.3277147114276886,-0.5095410773064941,-0.08852390944957733,0.014894276857376099,-0.09969676821492612,0.020256325602531433,-0.24035993218421936,-0.25609876005910337,-0.07123161852359772,-0.1562446653842926,0.04449841589666903,0.06840042769908905,-0.3828665018081665,-0.07952232449315488,-0.0612993985414505,-0.36911195516586304,0.020820364588871598,-0.4638013514605447,-0.10576844215393093,0.03164103536894835,-0.0013253002455740296,-1.5674016692421693,0.6401048916758929,0.4033935293557901,0.4638480355309972,0.0008455391020960844,4.38502219559364,46.415586402546644
swipe_right,anu,swipe_right,-0.1066775768995285,-0.32945260405540466,-0.5047288851346821,-0.08906392753124237,0.014311105012893677,-0.09973347350023687,0.012476876378059387,-0.2513202726840973,-0.2561354653444141,-0.06966190040111542,-0.16302791237831116,0.052391002187505364,0.06855852901935577,-0.3828813433647156,-0.07955902977846563,-0.05927325785160065,-0.3723452687263489,0.021590933436527848,-0.30795191273544437,-0.05266341296109228,0.14582400520642438,-0.01636418429287979,-0.017671874075224712,-0.0011122813730528739,0.4063376023354226,0.46295974868817996,0.9259492385463465,5.847438439368058,50.82467811492881
swipe_right,anu,swipe_right,-0.10995391011238098,-0.3300215005874634,-0.5020304506178945,-0.09141317009925842,0.014300316572189331,-0.1030943354126066,0.010363548994064331,-0.2563006579875946,-0.2626605813857168,-0.06940087676048279,-0.16341552138328552,0.047348723048344254,0.06866106390953064,-0.38282310962677,-0.07995143136940897,-0.05833470821380615,-0.37425941228866577,0.021579753840342164,-0.09928282463189352,-0.01723928885026416,0.08177074293295562,-0.07118916872775934,-0.00032692244558623425,-0.10184430037484049,0.4094099120248321,0.46134804361972903,217.09147905533843,5.758768051636923,3.51483356941084
swipe_right,anu,swipe_right,-0.1099194884300232,-0.33001428842544556,-0.5006379641126841,-0.09137874841690063,0.013984054327011108,-0.11729950527660549,0.01039797067642212,-0.2561940848827362,-0.26266987691633403,-0.06922811269760132,-0.16559317708015442,0.044468163745477796,0.06882226467132568,-0.3827165365219116,-0.0799607269000262,-0.05773591995239258,-0.3761194050312042,0.021570458309724927,0.0010430812835693385,0.00021855036417643282,0.04219656076395161,0.0010430812835693385,-0.009583704399340105,-0.43045969284845226,0.41544845131111974,0.46010376999655184,0.1088276946382565,4.750988628427454,10.199626477452268
swipe_right,anu,swipe_right,-0.10988171398639679,-0.3308141529560089,-0.5006576317828149,-0.09134097397327423,0.012930750846862793,-0.11731917294673622,0.010435745120048523,-0.25607991218566895,-0.26282496633939445,-0.06913067400455475,-0.16818487644195557,0.044821226270869374,0.06889580190181732,-0.38260236382484436,-0.07998039457015693,-0.05724234879016876,-0.37600523233413696,0.025510701583698392,0.0011446801098910274,-0.0242383191079805,-0.0005959900039615068,0.0011446801098910274,-0.031918287277221756,-0.0005959900039615068,0.41573343419880066,0.46001386596604943,0.035861706433147525,0.047224103317083495,13.043743840877715
swipe_right,anu,swipe_right,-0.1097840815782547,-0.3308141529560089,-0.5020594138186425,-0.08900626003742218,0.01409822702407837,-0.10822790744714439,0.010533377528190613,-0.25607991218566895,-0.263567729620263,-0.06890235841274261,-0.16904032230377197,0.044821226270869374,0.06929312646389008,-0.382345050573349,-0.08340147021226585,-0.05708743631839752,-0.37600523233413696,0.021550790639594197,0.002958557822487578,0.0,-0.04247824350992849,0.07074890714703201,0.03537806597622967,0.27549289392702575,0.4123615292288331,0.45825599133468886,1.9997392580846107,2958.5578224875785,8.865830829765994
swipe_right,anu,swipe_right,-0.10002642869949341,-0.3304438292980194,-0.5047224320005625,-0.08625546097755432,0.01508939266204834,-0.10820823977701366,0.014307409524917603,-0.2496212124824524,-0.2672212577890605,-0.06786978244781494,-0.16904032230377197,0.044840893941000104,0.07012593746185303,-0.38072508573532104,-0.08776287804357708,-0.05684614181518555,-0.37600523233413696,0.021570458309724927,0.29568645087155504,0.011221929029984935,-0.08069752066424418,0.0833575472687232,0.03003532236272646,0.0005959900039615068,0.41311308891342297,0.45313938484226557,2.7752248182076262,26.346638215527587,8.340538510553634
swipe_right,anu,swipe_right,-0.09140133857727051,-0.3304583728313446,-0.5226822213735431,-0.08625546097755432,0.016981542110443115,-0.1119513378944248,0.016048818826675415,-0.2282986044883728,-0.2761645333375782,-0.06786978244781494,-0.16905486583709717,0.042834615567699075,0.07015979290008545,-0.37526893615722656,-0.09163903607986867,-0.05684614181518555,-0.3758973479270935,0.021564005175605416,0.261366367340085,-0.0004407131310665198,-0.5442360416054666,0.0,0.05733786207256832,-0.1134272156791241,0.41598687133830164,0.46250212256587897,0.0,591.7106577950577,4.359341404364739
swipe_right,anu,swipe_right,-0.0865359902381897,-0.3323516845703125,-0.5968094901181757,-0.08628889918327332,0.01555660367012024,-0.11522296676412225,0.03170520067214966,-0.20469960570335388,-0.32630480686202645,-0.06790322065353394,-0.17094817757606506,0.03987870505079627,0.07013338804244995,-0.37460410594940186,-0.10986050078645349,-0.05693686008453369,-0.3732070326805115,0.013538664672523737,0.14743479815396432,-0.057373082999027276,-2.2462808710494784,-0.0010132789611816432,-0.04317995273705696,-0.0991402687787109,0.41058283558625147,0.5132736886052353,0.02346587782237767,2.569710755228348,3.0767612454222095
swipe_right,anu,swipe_right,-0.05899372696876526,-0.3180963099002838,-0.6876562184188515,-0.08628889918327332,0.04513972997665405,-0.11731563718058169,0.049298882484436035,-0.17894905805587769,-0.38113435567356646,-0.06790322065353394,-0.15996289253234863,0.0032404018566012383,0.07014161348342896,-0.37494131922721863,-0.1790388619992882,-0.06019279360771179,-0.37163347005844116,-0.08364750654436648,0.8346140384674093,0.431981050606931,-2.7529311606265447,0.0,0.8964583729252693,-0.06341425504422565,0.41894444740829495,0.5278246929524124,0.0,1.9320572169486765,28.4944786726417
swipe_right,anu,swipe_right,-0.04115673899650574,-0.29764801263809204,-0.7293207591865212,-0.08813035488128662,0.05322021245956421,-0.14553790749050677,0.05937403440475464,-0.16630566120147705,-0.40096911252476275,-0.07315030694007874,-0.15006482601165771,-0.004052344709634781,0.06991434097290039,-0.376027911901474,-0.21188097656704485,-0.06336423754692078,-0.3681730031967163,-0.11025229305960238,0.5405147870381687,0.6196453715815704,-1.2625618414445388,-0.05580168781858516,0.2448631055427326,-0.8552203124219743,0.42359258415926804,0.5349991794866596,0.22788839423770463,0.8722955734551818,31.120003123942322
swipe_right,anu,swipe_right,-0.025127261877059937,-0.2785208821296692,-0.7293207591865212,-0.08827504515647888,0.06497034430503845,-0.14553790749050677,0.06881767511367798,-0.15285667777061462,-0.40096911252476275,-0.0760037899017334,-0.14509788155555725,-0.02714958810247481,0.07000547647476196,-0.3763170540332794,-0.22129666269756854,-0.06359028816223145,-0.36914220452308655,-0.14109140099026263,0.4857417308922982,0.5796100154067545,0.0,-0.004384553793704882,0.35606460137800827,0.0,0.43483653675602396,0.5260254858452519,0.012313893217250516,0.8380477906401045,26.180332399032967
swipe_right,anu,swipe_right,-0.00919264554977417,-0.24401718378067017,-0.7293981849215925,-0.0888371467590332,0.06574892997741699,-0.19109522690996528,0.07980328798294067,-0.14582908153533936,-0.40104653825983405,-0.07763352990150452,-0.14263468980789185,-0.04167052870616317,0.06973034143447876,-0.3762517273426056,-0.23107183864340186,-0.06467902660369873,-0.3698657751083374,-0.16027765860781074,0.4828671614328967,1.0455666166363227,-0.0023462343961000187,-0.017033381895585308,0.023593505223591865,-1.380524830892667,0.43737113367533337,0.521578335229255,0.7219215547929283,0.4618229885373844,43.03185903441124
swipe_right,anu,swipe_right,-0.001806497573852539,-0.21514540910720825,-0.7293848886620253,-0.08914300799369812,0.06712943315505981,-0.19424522365443408,0.08715996146202087,-0.14587998390197754,-0.4010332420002669,-0.07779926061630249,-0.14268559217453003,-0.04757151450030506,0.06966593861579895,-0.3763026297092438,-0.23366949404589832,-0.06544613838195801,-0.3699166774749756,-0.16186733986251056,0.22382266593701966,0.8749022628321814,0.00040291695658004745,-0.009268522262573265,0.041833429625540174,-0.09545444680208533,0.4388840072332099,0.5261308880368833,0.22155249505098487,0.2558256157514776,38.94616000589538
swipe_right,anu,swipe_right,0.010295972228050232,-0.16649943590164185,-0.7219290672801435,-0.08966584503650665,0.06740748882293701,-0.19738070061430335,0.09497834742069244,-0.1458393931388855,-0.34304642071947455,-0.07781852781772614,-0.14201569557189941,-0.06343372305855155,0.06966359913349152,-0.37626203894615173,-0.2361417501233518,-0.06612230837345123,-0.37053796648979187,-0.1702337353490293,0.36674150914856973,1.4741204001686827,0.22593398126914702,-0.015843546751773758,0.008425929329612059,-0.09501445332937192,0.4394172022927551,0.532460498319627,1.8801091277815583,0.24878650368049998,1.0318551665654105
swipe_right,anu,swipe_right,0.022122517228126526,-0.11176526546478271,-0.6546370438300073,-0.09127296507358551,0.06967818737030029,-0.2150340429507196,0.0948958545923233,-0.1440420150756836,-0.3314990154467523,-0.07790409028530121,-0.14166134595870972,-0.07207675790414214,0.06959648430347443,-0.3761369287967682,-0.23805071925744414,-0.06650106608867645,-0.371012419462204,-0.17520554875954986,0.35838015151746433,1.6586112253593717,2.0391522257617076,-0.04870060718420792,0.06880904688979657,-0.5349497677701905,0.4431796101799534,0.4956715845634777,0.7077543089340554,0.21607229588568486,13.493146517298081
idle,anu,swipe_right,0.03897395730018616,-0.06062036752700806,-0.4534316344652325,-0.09194308519363403,0.06912654638290405,-0.2589588148985058,0.09481856226921082,-0.1435280442237854,-0.26579490141011775,-0.0781145989894867,-0.14148002862930298,-0.09882209287025034,0.0695209801197052,-0.37595561146736145,-0.23802430764771998,-0.0670560896396637,-0.37109100818634033,-0.1936843825969845,0.5106496991533235,1.5498453920537814,6.0971336171144035,-0.020306670304500746,-0.016716393557461868,-1.3310536953874643,0.4457259353132986,0.3831054073237874,1.2147031314840817,0.32948407130634105,24.27842554425763
idle,anu,swipe_right,0.051203638315200806,-0.003932565450668335,-0.406312762061134,-0.09160834550857544,0.07015171647071838,-0.36081063584424555,0.09515330195426941,-0.1405879557132721,-0.25410517887212336,-0.07809340953826904,-0.14008858799934387,-0.2052120550069958,0.0698557198047638,-0.3742704391479492,-0.2913478894624859,-0.0676073431968689,-0.36946427822113037,-0.2775483711156994,0.3705963943943842,1.717812184131511,1.427844618306019,0.010143626819957412,0.03106576023679799,-3.086418816537576,0.44807463176193835,0.3882202503349611,0.3265106094951761,0.21573730939883878,53.22058557107007
idle,anu,swipe_right,0.06214281916618347,0.03343397378921509,-0.40008964971639216,-0.09154045581817627,0.07029378414154053,-0.38932007388211787,0.09452113509178162,-0.14044588804244995,-0.24360446468926966,-0.07857808470726013,-0.13994652032852173,-0.22285717562772334,0.06992360949516296,-0.3736059367656708,-0.29893845156766474,-0.06859838962554932,-0.3693667948246002,-0.2853068395052105,0.3314903288176529,1.132319370905546,0.1885791619618713,0.002057263345429369,0.004305080934004303,-0.8639223647840001,0.45237873073739265,0.4194920671116394,0.4777577051986067,0.2927531265312762,67.35370502513958
idle,anu,swipe_right,0.07494848966598511,0.051383018493652344,-0.3724607975455001,-0.09148302674293518,0.07097387313842773,-0.40397714090067893,0.09250187873840332,-0.1377508044242859,-0.24121372413355857,-0.07894223928451538,-0.13992643356323242,-0.24279268097598106,0.06998103857040405,-0.3726799786090851,-0.304840371129103,-0.06940898299217224,-0.3693849742412567,-0.3105996997328475,0.38805062120611633,0.5439104455890165,0.8372379445725,0.001740275007305751,0.020608757481430845,-0.44415354601700907,0.4506911629842842,0.4294492090467494,0.08443937338290947,0.7134444850409165,12.729861625566476
idle,anu,swipe_right,0.08330938220024109,0.07255184650421143,-0.36995052883867174,-0.09132656455039978,0.07199996709823608,-0.41026466677431017,0.091179758310318,-0.12771224975585938,-0.23861513624433428,-0.07926687598228455,-0.1395096778869629,-0.2487813342595473,0.07001456618309021,-0.3707559108734131,-0.31743949244264513,-0.06979528069496155,-0.3691360056400299,-0.3119900483870879,0.25336037982593607,0.6414796366836015,0.07606874869176752,0.004741278561678748,0.031093756357828434,-0.19053108707973243,0.4524626429301692,0.4466048911817844,0.1524783956213595,0.3949618512817268,7.6926313770621695
idle,anu,swipe_right,0.08659908175468445,0.08189618587493896,-0.3699424637015909,-0.09106996655464172,0.07248806953430176,-0.4166823101695627,0.09018132090568542,-0.12679821252822876,-0.23860707110725343,-0.07947695255279541,-0.13936394453048706,-0.26324976212345064,0.07011273503303528,-0.3702738881111145,-0.32474730140529573,-0.07005149126052856,-0.36919623613357544,-0.32740495330654085,0.09968786528616132,0.28316179911295264,0.0002443980933590342,0.007775696841153146,0.014790982911080863,-0.19447404228037743,0.4511066931729692,0.4547220888980081,0.5256696744375139,0.352051419178111,0.5165178067480869
idle,anu,swipe_right,0.08708265423774719,0.0821930468082428,-0.36993725248612463,-0.09062439203262329,0.07319244742393494,-0.42019383260048926,0.08961430191993713,-0.1263132393360138,-0.23860185989178717,-0.07956039905548096,-0.13917377591133118,-0.2650748307351023,0.07015320658683777,-0.36965450644493103,-0.32474209018982947,-0.07029429078102112,-0.36902204155921936,-0.3294569368008524,0.014653711607962177,0.008995785857692052,0.00015791562018972706,0.013502258242983022,0.02134478453433909,-0.10640977063413992,0.45188510878638927,0.45441767161239793,0.6325491677882281,1.6287718569441754,2.681614743488769
idle,anu,swipe_right,0.08708672225475311,0.08264368772506714,-0.3724252136889845,-0.09038372337818146,0.07528960704803467,-0.42445926391519606,0.08936737477779388,-0.12586259841918945,-0.2408235224429518,-0.07958497107028961,-0.13872313499450684,-0.26597522222436965,0.06999503076076508,-0.36891454458236694,-0.32547073089517653,-0.07053013145923615,-0.36859411001205444,-0.33144457661546767,0.00012327324260364743,0.013655785358313207,-0.0753927637230258,0.007292989528540329,0.06355029163938511,-0.1292554943850532,0.45395886535745894,0.4543145238017097,0.11475753427520569,0.009026519738673942,1.4664246424606449
idle,anu,swipe_right,0.08712339401245117,0.0834411084651947,-0.37367357191396877,-0.09006243944168091,0.07758626341819763,-0.4250273543293588,0.08836758136749268,-0.1250651776790619,-0.24117325124097988,-0.07960781455039978,-0.1377628743648529,-0.26818768557859585,0.06993734836578369,-0.36802908778190613,-0.32602523145033047,-0.07063031196594238,-0.36782121658325195,-0.33351446565939113,0.0011112653847896868,0.024164264852350792,-0.03782903712073571,0.009735876863653166,0.06959564758069699,-0.017214861035234372,0.4551263995992728,0.45430283139476896,0.13989002634594522,0.04598606270527108,3.4009151186252504
idle,anu,swipe_right,0.087278351187706,0.08372810482978821,-0.373671856650617,-0.08988235890865326,0.07804742455482483,-0.425025639066007,0.0882827490568161,-0.12477818131446838,-0.24117153597762808,-0.07960106432437897,-0.13745465874671936,-0.26818597031524405,0.06977586448192596,-0.3677293062210083,-0.32602351618697867,-0.07063235342502594,-0.36753422021865845,-0.33351275039603934,0.00469567197741879,0.008696859533136446,5.197767732721329e-05,0.005456985849322635,0.013974579897793703,5.197767732721329e-05,0.45528910997616034,0.45430220710724334,0.39046579027351264,0.539865234605086,1.7695920988084919
idle,anu,swipe_right,0.08757264912128448,0.08308303356170654,-0.37367710255784914,-0.08958806097507477,0.07854092121124268,-0.42503088497323915,0.08857704699039459,-0.12549781799316406,-0.24082216405076906,-0.07942606508731842,-0.13717228174209595,-0.2681912162224762,0.06981523334980011,-0.36744946241378784,-0.3254693725029938,-0.0705985575914383,-0.36726924777030945,-0.3335179963032715,0.00891811919934812,-0.019547614184292666,-0.00015896688582319027,0.00891811919934812,0.014954444133873977,-0.00015896688582319027,0.45550182963281177,0.45345213747630747,0.5963125614670742,0.4562021182306539,0.10919219034379485
idle,anu,swipe_right,0.08760465681552887,0.08309236168861389,-0.3736755334539339,-0.0894898921251297,0.07889732718467712,-0.4250293158693239,0.08860905468463898,-0.12605217099189758,-0.24082059494685382,-0.07949595153331757,-0.13704314827919006,-0.26818964711856097,0.06960149109363556,-0.36735033988952637,-0.32546780339907855,-0.07073085010051727,-0.36718469858169556,-0.33351642719935626,0.0009699301286177356,0.0002826705123439025,4.754860349225351e-05,0.0029748136346990886,0.01080018101316527,4.754860349225351e-05,0.45575836159332705,0.45337261344071644,0.27541558937612176,3.4192137935079394,0.2198242719122726
idle,anu,swipe_right,0.08761359751224518,0.08219161629676819,-0.360575977480039,-0.0894768089056015,0.07961037755012512,-0.4221587514039129,0.08861799538135529,-0.12580540776252747,-0.2239550685044378,-0.07989351451396942,-0.1360292136669159,-0.26416671625338495,0.06929697096347809,-0.36665186285972595,-0.3226126169320196,-0.07104851305484772,-0.36636924743652344,-0.3328585063572973,0.0002709302035244999,-0.027295314904414947,0.3969562416331743,0.0003964611978241848,0.02160758683175728,0.08698680198215078,0.4552054061152835,0.45081834959718764,0.0183473912899071,0.009925523077867161,2.6559498325799984
swipe_right,anu,swipe_right,0.09106452763080597,0.07527816295623779,-0.34865761338733137,-0.08926968276500702,0.07953953742980957,-0.42022595345042646,0.09110863506793976,-0.12951982021331787,-0.21360669075511396,-0.07988245785236359,-0.13591116666793823,-0.2609841281082481,0.06844283640384674,-0.3666505515575409,-0.3058089369442314,-0.07151244580745697,-0.3656899631023407,-0.3272261375095695,0.10457363995638927,-0.20949858607668198,0.36116254826387345,0.006276549714984416,-0.0021466703125925116,0.05856963495413556,0.4551852297400563,0.4445770334809191,2.92249218987798,0.4991591721718856,1.136414364664769
swipe_right,anu,swipe_right,0.09854330122470856,0.07015389204025269,-0.3413811365608126,-0.08919088542461395,0.0795583724975586,-0.41956219472922385,0.0935719758272171,-0.1400945782661438,-0.2030386666301638,-0.07992605865001678,-0.1358923316001892,-0.2572090069297701,0.06801004707813263,-0.3666445016860962,-0.2885043660644442,-0.07191048562526703,-0.36564505100250244,-0.32592016854323447,0.2266295028455305,-0.15528093684803185,0.22049929777329377,0.0023877981937292588,0.0005707596287582797,0.02011390064250317,0.45527302751383975,0.44104542762489163,4.176227340350988,1.459471123594521,1.1741594556522377
swipe_right,anu,swipe_right,0.11106649041175842,0.02319478988647461,-0.3413851091172546,-0.08880707621574402,0.07978147268295288,-0.3666892775800079,0.0957692563533783,-0.16315233707427979,-0.14763106196187437,-0.08088260889053345,-0.13566923141479492,-0.2214566597249359,0.06778958439826965,-0.36663588881492615,-0.23398418514989316,-0.07171905040740967,-0.36542195081710815,-0.28734247176907957,0.3794905814257493,-1.423003095569017,-0.00012038049824309939,0.011630582086967572,0.006760611678614687,1.6022096105822836,0.4525417157728094,0.40666424371948173,1.720090215140902,0.2666827049953095,47.943479298899675
swipe_right,anu,swipe_right,0.12696102261543274,-0.0342140793800354,-0.3414169680327177,-0.08856037259101868,0.07899534702301025,-0.31680272333323956,0.09669545292854309,-0.18476611375808716,-0.13862004689872265,-0.08174538612365723,-0.13575583696365356,-0.17548094503581524,0.06750336289405823,-0.36799803376197815,-0.18363217823207378,-0.07168474793434143,-0.36540669202804565,-0.24333162419497967,0.4816524910204415,-1.7396627050457856,-0.0009654216806997106,0.007475867415919568,-0.0238219896952315,1.5117137650536105,0.4507504425165585,0.37395585487437283,0.31380895141871995,0.27686528702268065,2.8973968270669865
swipe_right,anu,swipe_right,0.14525169134140015,-0.08066293597221375,-0.312021326739341,-0.08727383613586426,0.07810911536216736,-0.31681497069075704,0.09808862209320068,-0.18348780274391174,-0.12404875131323934,-0.08137810230255127,-0.13447752594947815,-0.17549319239333272,0.06780481338500977,-0.3698790967464447,-0.164861720521003,-0.07062041759490967,-0.36412838101387024,-0.23517073364928365,0.554262688665673,-1.4075411088538738,0.8907770088901927,0.03898595318649711,-0.026855504874026843,-0.0003711320459842641,0.4500190229225098,0.33361648079870715,1.4516391231608385,0.3937805378462142,45.83079455784855
swipe_right,anu,swipe_right,0.15574435889720917,-0.1337430775165558,-0.27238062489777803,-0.08766765892505646,0.07810911536216736,-0.31683883536607027,0.09837375581264496,-0.18348780274391174,-0.12095190305262804,-0.08261792361736298,-0.13447752594947815,-0.17551705706864595,0.06700842082500458,-0.3698790967464447,-0.16272651124745607,-0.07107691466808319,-0.3644300103187561,-0.23519459832459688,0.31795962290330876,-1.6084891377073602,1.2012333891382914,-0.011934023914915333,0.0,-0.0007231719791889306,0.45031312660805345,0.2750605586479645,11934.023914915333,0.1976758299286238,1.7445141990772957
swipe_right,anu,swipe_right,0.18502366542816162,-0.17133566737174988,-0.22865153150632977,-0.08814451098442078,0.07810911536216736,-0.316943668294698,0.1054530143737793,-0.18348780274391174,-0.08811315940693021,-0.08312451839447021,-0.134375661611557,-0.17562188999727368,0.06684714555740356,-0.3698790967464447,-0.14834452467039227,-0.07183822989463806,-0.36464306712150574,-0.2352994312532246,0.8872517130591555,-1.1391693895513235,1.3251240421650843,-0.0144500624049792,0.0,-0.0031767554129614626,0.45051212119000644,0.24461070815394698,14450.062404979202,0.7788577733385528,0.10649487435755407
swipe_right,anu,swipe_right,0.2045067548751831,-0.2131694257259369,-0.2527632052078843,-0.08867400884628296,0.07810911536216736,-0.3281140560284257,0.11514437198638916,-0.17891404032707214,-0.11930220667272806,-0.08342310786247253,-0.13435164093971252,-0.17679668311029673,0.06687521934509277,-0.3698790967464447,-0.14836669806391,-0.07255804538726807,-0.36487531661987305,-0.23532160464674234,0.5903966499097514,-1.2676896470965964,-0.7306567788349976,-0.016045389753399728,0.0,-0.3384965979917537,0.45288560397752253,0.23323591333151972,16045.38975339973,0.46572612274291236,10.161322349848831
swipe_right,anu,swipe_right,0.2290317565202713,-0.23783108592033386,-0.25272527150809765,-0.08902285993099213,0.07837459444999695,-0.340957073494792,0.130870059132576,-0.17694726586341858,-0.1192642729729414,-0.08437676727771759,-0.13263818621635437,-0.22352413646876812,0.06692869961261749,-0.36925986409187317,-0.14832876436412334,-0.07362334430217743,-0.36748066544532776,-0.2805353682488203,0.7431818680329675,-0.7473230361938394,0.0011495060541412922,-0.010571244991186777,0.008044820843320815,-0.3891823474656409,0.450194225110408,0.2333442853260641,1.3138802363418802,0.9944573331510006,1.5639800547251086
swipe_right,anu,swipe_right,0.24644063413143158,-0.25789156556129456,-0.25272527150809765,-0.08962522447109222,0.07795920968055725,-0.3412784617394209,0.1434318870306015,-0.1788131296634674,-0.1192642729729414,-0.08511863648891449,-0.132062166929245,-0.2384148221462965,0.06718401610851288,-0.3674181401729584,-0.14832876436412334,-0.07401786744594574,-0.36937734484672546,-0.29401504807174206,0.5275417457927299,-0.6078933224533477,0.0,-0.01825347091212397,-0.012587417255748265,-0.009739037716027354,0.45009711494428967,0.2345797014983198,1.450021121899885,0.8678181820545225,11.517620594851868
swipe_right,anu,swipe_right,0.2591003328561783,-0.2756224274635315,-0.25272527150809765,-0.08980448544025421,0.0799005925655365,-0.3418480437248945,0.15516461431980133,-0.1788131296634674,-0.1192642729729414,-0.08535249531269073,-0.1314832866191864,-0.23869465105235577,0.06835521757602692,-0.36486998200416565,-0.16347484104335308,-0.07375727593898773,-0.36937734484672546,-0.29536849074065685,0.38362723408323957,-0.5372988455223401,0.0,-0.0054321505806663685,0.058829784393311484,-0.017260060165867935,0.4519607580573876,0.22872355439015002,0.09233517174188746,0.7139909629236789,2.2105367353899035
swipe_right,anu,swipe_right,0.2672795057296753,-0.286923885345459,-0.2586073260754347,-0.08969137072563171,0.08377489447593689,-0.3418480437248945,0.1641947627067566,-0.17883965373039246,-0.14040936343371868,-0.08577331900596619,-0.13061639666557312,-0.23869465105235577,0.06979858875274658,-0.3645017743110657,-0.1640935968607664,-0.07333835959434509,-0.36940374970436096,-0.29536849074065685,0.2478537234393006,-0.34246842066446564,-0.17824407779809004,0.003427718624924131,0.11740308819394994,0.0,0.45584937573695056,0.2322711485236,0.029195905165257847,0.7237251225479056,1.8697826406852858
swipe_right,anu,swipe_right,0.27488988637924194,-0.29572784900665283,-0.2945507578551769,-0.08967253565788269,0.08663523197174072,-0.3418153338134289,0.17074215412139893,-0.19305074214935303,-0.1497286967933178,-0.08701416850090027,-0.12909191846847534,-0.23866194114089012,0.07053995132446289,-0.36362260580062866,-0.1740470789372921,-0.07341089844703674,-0.3695247173309326,-0.2953357808291912,0.23061759544141733,-0.26678677761193903,-1.089194902416449,0.0005707596287582951,0.08667689381223874,0.0009912094383528896,0.4588100794862829,0.24675844583266085,0.0065848349983523135,0.8644233911527474,0.9355953168511754
swipe_right,anu,swipe_right,0.28017884492874146,-0.31803634762763977,-0.30021086148917675,-0.08977517485618591,0.0874457061290741,-0.34124323539435863,0.17272430658340454,-0.2115550935268402,-0.14972618035972118,-0.08745166659355164,-0.1286015808582306,-0.23837959580123425,0.07169067859649658,-0.36314043402671814,-0.17472454719245434,-0.07317981123924255,-0.3690425455570221,-0.2953332643955946,0.16027147119695315,-0.6760151097268695,-0.17151829193938675,-0.0031102787364612585,0.024559822949495914,0.017336315729401138,0.45909111890572946,0.24748436149836445,0.12663577042417845,0.23708232524474535,1.9496045219929123
swipe_right,anu,swipe_right,0.28066064417362213,-0.32985422015190125,-0.30021086148917675,-0.09035898745059967,0.08881175518035889,-0.3384032528847456,0.17320610582828522,-0.21932238340377808,-0.14972618035972118,-0.08737824857234955,-0.12632930278778076,-0.2327463012188673,0.07307042181491852,-0.3628663420677185,-0.17472454719245434,-0.0728721171617508,-0.3685174286365509,-0.2909086924046278,0.014599977117596091,-0.35811734922004074,0.0,-0.017691290739810635,0.04139542579650833,0.08606007604887897,0.4601211865132266,0.2448066904479871,0.42736275896801806,0.04076858153008335,2.189170832023913
swipe_right,anu,swipe_right,0.2807118594646454,-0.34784966707229614,-0.30021086148917675,-0.09030777215957642,0.08882567286491394,-0.33637058548629284,0.17325732111930847,-0.22470209002494812,-0.14972618035972118,-0.0873270332813263,-0.12603887915611267,-0.23220626823604107,0.07312163710594177,-0.36285242438316345,-0.17472454719245434,-0.07289993762969971,-0.36842015385627747,-0.29002988152205944,0.0015519785158562185,-0.5453165733453086,0.0,0.0015519785158562185,0.00042174801681981616,0.0615959817712967,0.4599176443678434,0.24303415031974537,3.6711668750836584,0.0028460086227103253,1.559248480202593
swipe_right,anu,swipe_right,0.28084662556648254,-0.35659489035606384,-0.30021086148917675,-0.09017300605773926,0.08883756399154663,-0.33564278297126293,0.17339208722114563,-0.22689682245254517,-0.14863489381968975,-0.08719226717948914,-0.12602698802947998,-0.23092293553054333,0.07325640320777893,-0.3629152178764343,-0.17472454719245434,-0.07279318571090698,-0.3684082627296448,-0.28389724902808666,0.004083821267792628,-0.26500676617477587,0.0,0.004083821267792628,0.0003603371706875848,0.022054621667572705,0.46049256724978566,0.24265296625979366,11.301968352775791,0.015410194677462012,1.2006782433844332
swipe_right,anu,swipe_right,0.27491074800491333,-0.36409202218055725,-0.29193225502967834,-0.09007641673088074,0.08922019600868225,-0.33545467257499695,0.1699731945991516,-0.2306627333164215,-0.13460756838321686,-0.08709567785263062,-0.12564435601234436,-0.22984753549098969,0.07335299253463745,-0.3632422685623169,-0.16132357716560364,-0.07269659638404846,-0.36802563071250916,-0.28385648131370544,-0.17987507762331237,-0.22718581286344022,0.2508668624090466,0.002926949298743092,0.011594909610170491,0.005700315038363229,0.460476033633316,0.24017676324913048,0.25241222095901267,0.7917496414346616,0.6022740163683395
swipe_right,anu,swipe_right,0.2741771936416626,-0.3666595220565796,-0.2919935118407011,-0.0898904800415039,0.08815717697143555,-0.3355159293860197,0.16500896215438843,-0.23018032312393188,-0.1139861922711134,-0.087068110704422,-0.1250452995300293,-0.22930189780890942,0.07325881719589233,-0.36400455236434937,-0.1498656254261732,-0.07269659638404846,-0.3674265742301941,-0.28270132653415203,-0.0222289200985068,-0.07780302654613062,-0.0018562670006896306,0.005634445132631182,-0.03221269809838462,-0.0018562670006896306,0.45895704185530806,0.2461210656452061,0.17490836089116157,0.2857039806972856,1.3496042201024487
swipe_right,anu,swipe_right,0.2593885213136673,-0.37221986055374146,-0.2919935118407011,-0.08906690776348114,0.0854959487915039,-0.33241079561412334,0.15583999454975128,-0.22808849811553955,-0.1139861922711134,-0.08663733303546906,-0.12439173460006714,-0.2270240169018507,0.07228262722492218,-0.36333268880844116,-0.14873559586703777,-0.07276137173175812,-0.3646572232246399,-0.28244547359645367,-0.4481415856968224,-0.16849510597460013,0.0,0.024956735697659306,-0.0806432781797458,0.09409496278473722,0.45321107906339536,0.23581863351630283,0.3094669114904089,2.6596554448823717,3.309211688470707
swipe_right,anu,swipe_right,0.23115447163581848,-0.37941721081733704,-0.2919935118407011,-0.08774417638778687,0.08693549036979675,-0.3223614525049925,0.14133217930793762,-0.2260054647922516,-0.1139861922711134,-0.08550959825515747,-0.12329992651939392,-0.21254241280257702,0.07140764594078064,-0.36221423745155334,-0.12695212475955486,-0.0727279782295227,-0.36180248856544495,-0.2642070185393095,-0.8555772629651293,-0.2181015231392635,0.0,0.04008276896043321,0.043622472069480896,0.304525548761546,0.4527396582318393,0.23033377968056143,0.9188349083399812,3.9228214816149714,7.419714456066595
swipe_right,anu,swipe_right,0.2010861039161682,-0.37861359119415283,-0.3363127540796995,-0.087155282497406,0.08723634481430054,-0.22317401878535748,0.12695997953414917,-0.22447079420089722,-0.1139861922711134,-0.08434799313545227,-0.1246902346611023,-0.135110629722476,0.0707659125328064,-0.3620540499687195,-0.10218298248946667,-0.07274103164672852,-0.3608954846858978,-0.20622326247394085,-0.9111626581712102,0.024352109793460464,-1.3430073405756948,0.017845269405480393,0.009116801348599421,3.0056798096858763,0.4486838924881415,0.2684666099027726,1.9571899763117337,37.414632705999814,81.86261133188441
swipe_right,anu,swipe_right,0.1704486608505249,-0.3733578026294708,-0.4670469546690583,-0.08742314577102661,0.08812960982322693,-0.12968496326357126,0.11175769567489624,-0.2192150056362152,-0.1607704246416688,-0.08214917778968811,-0.12342014908790588,-0.03571410942822695,0.06888771057128906,-0.3665381073951721,-0.08806037250906229,-0.07300463318824768,-0.3580225706100464,-0.10995511803776026,-0.9284073656255697,0.15926632014188152,-3.9616424421018452,-0.008117068897594235,0.02706863663413351,2.8330016824784154,0.4468209131219109,0.3924180988716315,0.29985880517357966,5.829239575315943,5.319372828404295
swipe_right,anu,swipe_right,0.13698267936706543,-0.36855918169021606,-0.5190012259408832,-0.08714514970779419,0.08807685971260071,-0.0804712874814868,0.09507828950881958,-0.21264126896858215,-0.189126486890018,-0.08057606220245361,-0.12082955241203308,-0.0016411583637818694,0.06654727458953857,-0.3688255548477173,-0.08803733717650175,-0.07267966866493225,-0.35481691360473633,-0.10333226900547743,-1.0141206510139122,0.14541275573499116,-1.5743718567219476,0.008424123128255115,-0.0015984882007945493,1.4913235085479977,0.4437192457639294,0.4366819101127859,5.266761657929339,6.9740351996828505,40.66928295654363
swipe_right,anu,swipe_right,0.10352197289466858,-0.36844462156295776,-0.6787776062265038,-0.08725517988204956,0.08743897080421448,-0.06846550945192575,0.08177825808525085,-0.21226635575294495,-0.2964855143800378,-0.0785377025604248,-0.12242498993873596,0.009519287385046482,0.06578502058982849,-0.36917319893836975,-0.08803011570125818,-0.07125270366668701,-0.35497915744781494,-0.0849027493968606,-1.0139608021938329,0.003471519007827258,-4.841708493503604,-0.0033342477047081783,-0.01932996692079465,0.3638114554412397,0.4430124854990655,0.591952030114033,0.17248220010771792,291.9957529125994,34.17311428141654
swipe_right,anu,swipe_right,0.07403378188610077,-0.36774134635925293,-0.6787410269025713,-0.08772875368595123,0.08637353777885437,-0.06842893012799323,0.07754932343959808,-0.20214983820915222,-0.3336982319597155,-0.07821492850780487,-0.12724867463111877,0.00955586670897901,0.0652160495519638,-0.37259164452552795,-0.08799353637732565,-0.07077987492084503,-0.3558367192745209,-0.08296011039055884,-0.8935815457141904,0.021311369809237733,0.0011084643615917903,-0.014350721330353937,-0.0322858492533371,0.0011084643615917903,0.44277345351142006,0.5908332043459419,0.44447574359925124,41.927835980345655,11.003074840144484
swipe_right,anu,swipe_right,0.04125256836414337,-0.36774134635925293,-0.6787335746921599,-0.08787553012371063,0.08400687575340271,-0.0684214779175818,0.07333077490329742,-0.20214983820915222,-0.33369077974930406,-0.07822059094905853,-0.1322641670703888,0.00956331891939044,0.06500138342380524,-0.37310945987701416,-0.08798608416691422,-0.07002423703670502,-0.3562551736831665,-0.08067653561010957,-0.9933701067259708,0.0,0.0002258245579221007,-0.004447770841193873,-0.07171703107429195,0.0002258245579221007,0.44079420059480534,0.5912490341821733,0.062017470008155606,993370.1067259709,1.2322814296146527
swipe_right,anu,swipe_right,0.016369566321372986,-0.36792951822280884,-0.678730835672468,-0.08790053427219391,0.08379480242729187,-0.06841873889788985,0.06805436313152313,-0.20233801007270813,-0.3336880407296121,-0.07805277407169342,-0.13314154744148254,0.009566057939082384,0.06506584584712982,-0.3751954436302185,-0.08798334514722228,-0.06935663521289825,-0.35703298449516296,-0.07286335295066237,-0.7540303649324479,-0.00570217768351246,8.300059672558078e-05,-0.000757701469190205,-0.00642646442760131,8.300059672558078e-05,0.4412400350255501,0.592795680545626,0.11788497279524804,132.21232210812997,1.9816641362844456
swipe_right,anu,swipe_right,-0.008272513747215271,-0.36812102794647217,-0.6347267481032759,-0.08782751858234406,0.07935044169425964,-0.06836902373470366,0.06351806223392487,-0.20252951979637146,-0.309685185784474,-0.07771141827106476,-0.13526669144630432,0.01286231423728168,0.0656709223985672,-0.376200795173645,-0.07111061387695372,-0.06804223358631134,-0.36201155185699463,-0.05435884022153914,-0.7467296990481208,-0.005803324959494787,1.3334571990664112,0.002212596662116749,-0.13467759797067205,0.0015065200965512717,0.4420273205311909,0.5685033519230246,0.016428717668998675,128.65056733713902,3.8876794787994378
swipe_right,anu,swipe_right,-0.04782082140445709,-0.3782782554626465,-0.6136092597153038,-0.08764959871768951,0.07258769869804382,-0.08036640821956098,0.04717464745044708,-0.24445423483848572,-0.30968401371501386,-0.07768787443637848,-0.13956645131111145,0.017646005610004067,0.06570686399936676,-0.38001781702041626,-0.07110944180749357,-0.06706662476062775,-0.36643075942993164,0.015736088389530778,-1.1984335653709834,-0.30779477321740845,0.6399238905446197,0.0053915110501376925,-0.2049316059459372,-0.3635571056017428,0.4498850467046916,0.554254105855401,0.02630870292822029,3.893599814070488,11.265930744432541
swipe_right,anu,swipe_right,-0.07025572657585144,-0.38260647654533386,-0.5484533363487571,-0.08724012970924377,0.07080334424972534,-0.08338029473088682,0.03295990824699402,-0.26755374670028687,-0.28562024771235883,-0.07751169800758362,-0.14494425058364868,0.033836825052276254,0.06664744019508362,-0.3812212646007538,-0.0513116882648319,-0.06545844674110413,-0.36859121918678284,0.024139844113960862,-0.6798456112543667,-0.1311582146268888,1.974421920198361,0.012408151771082886,-0.05407134691874127,-0.09132989428260009,0.45288255027953933,0.5156493131418322,0.22947314992133747,5.1833614068850355,9.433723457719434
swipe_right,anu,swipe_right,-0.0867762565612793,-0.382865846157074,-0.5483161758165807,-0.08715203404426575,0.04999837279319763,-0.08515922981314361,0.019748538732528687,-0.27194732427597046,-0.2849217306356877,-0.07550954818725586,-0.14552685618400574,0.03386478987522423,0.06703045964241028,-0.3814806342124939,-0.04155779513530433,-0.064342200756073,-0.37207406759262085,0.030608176486566663,-0.5006221207705356,-0.007859685204245742,0.004156379762924033,0.0026695656053947387,-0.6304536805008327,-0.05390712370475074,0.43825509214296376,0.529587085522488,0.004234349728792619,63.68682980716971,17.505394637060533
swipe_right,anu,swipe_right,-0.09889687597751617,-0.3831683099269867,-0.5449928126763552,-0.08609254658222198,0.041279733180999756,-0.10629867832176387,0.00975547730922699,-0.2766049802303314,-0.2849095247220248,-0.0728607028722763,-0.14582931995391846,0.03387699578888714,0.06727595627307892,-0.38130223751068115,-0.04154558922164142,-0.06193913519382477,-0.37237653136253357,0.04523701895959675,-0.3672914974617294,-0.009165568785234076,0.10070797394622616,0.032105680667993304,-0.2642012003696368,-0.6405893487460788,0.4412005893336442,0.5301660109896784,0.12151935382474212,40.06859121085517,20.97712684217063
swipe_right,anu,swipe_right,-0.10873572528362274,-0.38405871391296387,-0.5449928126763552,-0.08550287783145905,0.04019317030906677,-0.12430383334867656,0.005823060870170593,-0.2774953842163086,-0.2849095247220248,-0.0714760571718216,-0.1468542516231537,0.029784248443320394,0.0676092654466629,-0.38162147998809814,-0.04154558922164142,-0.061028316617012024,-0.37427788972854614,0.0492347136605531,-0.2981469486698927,-0.026981938969004943,0.0,0.017868750023119183,-0.03292614763433247,-0.5456107583912876,0.45000099005826294,0.5334440951675532,0.5426753091873587,11.049461625079886,7.58858143939554
swipe_right,anu,swipe_right,-0.1086432933807373,-0.3841545879840851,-0.5450050185900182,-0.0852116048336029,0.036989033222198486,-0.1341740887146443,0.00591549277305603,-0.2784634530544281,-0.2849217306356877,-0.07062119245529175,-0.1487078070640564,0.029446945758536458,0.06775468587875366,-0.3822171986103058,-0.04155779513530433,-0.060287803411483765,-0.37620991468429565,0.04816062864847481,0.0028009667541041964,-0.0029052748824611317,-0.0003698761716033532,0.008826454480489236,-0.09709506323843446,-0.29909864745357295,0.4523278850394384,0.5334595648862976,0.09090434963170964,0.9637652553127538,7.723863399848523
swipe_right,anu,swipe_right,-0.10850322246551514,-0.3852570950984955,-0.5291664290707558,-0.08474865555763245,0.02501887083053589,-0.14204808953218162,0.006055563688278198,-0.2796591818332672,-0.2755218434613198,-0.07026979327201843,-0.15084153413772583,0.027892952086403966,0.06790173053741455,-0.3833376467227936,-0.04048500466160476,-0.05938613414764404,-0.37756332755088806,0.049218540312722325,0.004244573188550498,-0.03340930649728449,0.4799572581594588,0.014028765938498604,-0.3627321936867414,-0.2386060853799158,0.446428726268953,0.5195497341820027,0.03867516450841808,0.1270438266974739,8.257200390887425
swipe_right,anu,swipe_right,-0.10829825699329376,-0.3851187229156494,-0.5291718738153577,-0.08443187177181244,0.024098366498947144,-0.14205353427678347,0.006260529160499573,-0.2787219285964966,-0.27552728820592165,-0.07006482779979706,-0.1546103060245514,0.02943753357976675,0.06810705363750458,-0.3834935426712036,-0.04049044940620661,-0.059172436594963074,-0.3784838318824768,0.04921309556812048,0.006211074915799159,0.004193096449880843,-0.00016499226066199035,0.009599508661212237,-0.02789407065420409,-0.00016499226066199035,0.44642288159468385,0.519548851785982,0.344129211221965,1.480908937126522,12.457101479361452
swipe_right,anu,swipe_right,-0.10043258965015411,-0.3845014274120331,-0.5450416628737003,-0.08441071212291718,0.024054259061813354,-0.14208076638169587,0.010388508439064026,-0.2759164571762085,-0.28953419369645417,-0.0700436681509018,-0.15465441346168518,0.02786027523688972,0.06826405227184296,-0.3833596408367157,-0.04479955625720322,-0.05915127694606781,-0.3785279393196106,0.048123984364792705,0.23835355585272042,0.01870592435201039,-0.4809026987376615,0.0006412014816746669,-0.0013365890040542353,-0.0008252153003757782,0.44596895937453707,0.5279223673083504,0.4793710771628534,12.741461469966607,0.8495593810615439
swipe_right,anu,swipe_right,-0.08622504770755768,-0.3829556703567505,-0.5613142077345401,-0.0843769758939743,0.024054259061813354,-0.163892773212865,0.01236523687839508,-0.2493838369846344,-0.2945407454390079,-0.07000993192195892,-0.15465441346168518,0.0014142742147669196,0.06883792579174042,-0.38156139850616455,-0.04624094185419381,-0.05911754071712494,-0.3785279393196106,0.048123984364792705,0.4305315740180691,0.04684112288735078,-0.4931074200254444,0.0010223099679657795,0.0,-0.6609699039748148,0.4556989916741279,0.5379097870173801,1022.3099679657795,9.19112003214375,20.004428841564877
swipe_right,anu,swipe_right,-0.0795651525259018,-0.3790285885334015,-0.5766636554617435,-0.08448879420757294,0.04717031121253967,-0.163892773212865,0.02626959979534149,-0.21562054753303528,-0.29687611502595246,-0.07344038784503937,-0.15465441346168518,-0.003237059572711587,0.06883792579174042,-0.38148176670074463,-0.069467005552724,-0.059126272797584534,-0.37615519762039185,0.02206390048377216,0.20181500550472697,0.11900247949542611,-0.4651347796122307,-0.0033884337454131697,0.7004864288098996,0.0,0.4630633092928548,0.5284675329821175,0.004837251328221527,1.6958748295463388,29.18516777351606
swipe_right,anu,swipe_right,-0.05488194525241852,-0.3540789783000946,-0.6979873601812869,-0.08691169321537018,0.06112602353096008,-0.16088179987855256,0.04208444058895111,-0.1876777708530426,-0.38081161421723664,-0.07366009056568146,-0.1535768210887909,-0.003237059572711587,0.06882177293300629,-0.38126468658447266,-0.1655348960775882,-0.06046368181705475,-0.37548965215682983,-0.07174633932299912,0.7479759779843335,0.7560487949486852,-3.6764759005921857,-0.07342118205446105,0.4229003732854623,0.09124161619128503,0.44640550611711927,0.547309144047423,0.1736130140322365,0.9893210513139552,9.105222902149288
swipe_right,anu,swipe_right,-0.032575950026512146,-0.32360297441482544,-0.7427254375070333,-0.08942367136478424,0.0666065514087677,-0.15901348553597927,0.05352957546710968,-0.17045113444328308,-0.4129215832799673,-0.07507149875164032,-0.15237703919410706,-0.03907944820821285,0.06863899528980255,-0.3810608983039856,-0.2120599951595068,-0.0626777857542038,-0.3754763901233673,-0.13454816304147243,0.6759392492698827,0.9235152692505706,-1.3556993129013917,-0.07612054998224348,0.16607660235780475,0.05661558613858377,0.4435664793416648,0.543278648462217,0.4583432618339834,0.7319191570045696,7.853379651717685
swipe_right,anu,swipe_right,-0.0161236971616745,-0.3066578805446625,-0.7567279990762472,-0.08992646634578705,0.06789687275886536,-0.158311253413558,0.0640425831079483,-0.15298226475715637,-0.4129215832799673,-0.0763564258813858,-0.14944413304328918,-0.03907944820821285,0.06846268475055695,-0.38099995255470276,-0.22538325749337673,-0.0638129860162735,-0.37506529688835144,-0.14179774187505245,0.49855311711630024,0.5134876930352495,-0.42432004755194214,-0.015236211545539868,0.039100646972656875,0.021279761285493207,0.44403839209782514,0.5431471569321847,0.38965651641718047,0.9709135252216273,4.399517507448129
swipe_right,anu,swipe_right,-0.002262100577354431,-0.28489476442337036,-0.7567933220416307,-0.0908830314874649,0.06697916984558105,-0.15837657637894154,0.07583601772785187,-0.14696037769317627,-0.41298690624535084,-0.07751153409481049,-0.1491132378578186,-0.03914477117359638,0.06846185028553009,-0.3816302716732025,-0.22544858045876026,-0.06499911844730377,-0.37597015500068665,-0.14186306484043598,0.42004838134302774,0.659488367311875,-0.001979483799500877,-0.02898682247508624,-0.027809179190433082,-0.001979483799500877,0.4440121365451257,0.544689700651945,1.0423098059381772,0.6369297249706609,2.18665218281889
swipe_right,anu,swipe_right,0.003106221556663513,-0.26494860649108887,-0.7567167633678764,-0.09143312275409698,0.0645761489868164,-0.1583000177051872,0.08409084379673004,-0.14595961570739746,-0.4129103475715965,-0.07839234173297882,-0.14845329523086548,-0.03906821249984205,0.06840844452381134,-0.38167357444763184,-0.22537202178500593,-0.06619350612163544,-0.37834233045578003,-0.14178650616668165,0.16267642830357668,0.604429028250964,0.0023199598107374445,-0.01666943232218451,-0.0728188139019602,0.0023199598107374445,0.44394426873519577,0.5479200059102373,0.2289134155798192,0.26914021590607035,1.4200682003570733
swipe_right,anu,swipe_right,0.012843325734138489,-0.23251521587371826,-0.7567230532877147,-0.09117163717746735,0.06226527690887451,-0.15571673912927508,0.09331224858760834,-0.14827048778533936,-0.4024064908735454,-0.07798914611339569,-0.15043050050735474,-0.03094456484541297,0.06878320872783661,-0.380959689617157,-0.22537831170484424,-0.06670261919498444,-0.3806489408016205,-0.14179279608651996,0.2950637629537839,0.9828300187081894,-0.00019060363146391573,0.007923805352413205,-0.07002642660429907,0.07828116896703302,0.4438080815859314,0.5545198523967222,0.11315288504299761,0.30021820367616087,2.4209693932691017
swipe_right,anu,swipe_right,0.02079981565475464,-0.1866004467010498,-0.728823013138026,-0.09124428033828735,0.06145644187927246,-0.15571673912927508,0.09879997372627258,-0.14827048778533936,-0.3614018331281841,-0.07796311378479004,-0.15037930011749268,-0.03094456484541297,0.06871405243873596,-0.3803723454475403,-0.2227555881254375,-0.06702768802642822,-0.38062554597854614,-0.14179279608651996,0.2411057551701837,1.3913566415959986,0.8454557621117701,-0.0022013079036365614,-0.024510152412183087,0.0,0.4429636593687762,0.5440106262650423,0.08980842135118941,0.1732881237448167,2.7611017333710337
swipe_right,anu,swipe_right,0.023282550275325775,-0.16907957196235657,-0.6770000235410407,-0.09079567342996597,0.0611150860786438,-0.15579911333043128,0.10209756344556808,-0.14827048778533936,-0.33426424127537757,-0.07750461250543594,-0.15036940574645996,-0.03102693904656917,0.06917255371809006,-0.38018999993801117,-0.2228379623265937,-0.06688333302736282,-0.38061363995075226,-0.14187517028767616,0.07523438244155078,0.5309355981422278,1.570393624151094,0.01359414873701175,-0.010344115170565684,-0.002496187913824251,0.44259455895089933,0.5029281092388813,1.3140645138190767,0.14170125530016095,0.6473822513445586
swipe_right,anu,swipe_right,0.02576528489589691,-0.15155869722366333,-0.6251067651901394,-0.09044574201107025,0.0611150860786438,-0.15581121877767146,0.10255606472492218,-0.14899295568466187,-0.30705638066865504,-0.07690457999706268,-0.1503470540046692,-0.031039044493809342,0.06963105499744415,-0.38006076216697693,-0.22285006777383387,-0.06673897802829742,-0.38057833909988403,-0.14188727573491633,0.07523438244154876,0.5309355981422135,1.5725229803303253,0.010603982390779322,0.0,-0.0003668317345507177,0.44254826707866857,0.4647018937837819,10603.982390779322,0.14170125530016095,0.3326107473528405
swipe_right,anu,swipe_right,0.03787557780742645,-0.10168156027793884,-0.51111960131675,-0.08941151201725006,0.06275150179862976,-0.20366462785750628,0.10374490916728973,-0.15355917811393738,-0.2653677435591817,-0.07571573555469513,-0.14868828654289246,-0.040263556875288486,0.0708198994398117,-0.3783871829509735,-0.222836640663445,-0.06608574092388153,-0.3788418173789978,-0.1603315742686391,0.3669785730766586,1.5114283922947056,3.454156481011854,0.03134030284303657,0.049588355151090543,-1.4501033054495631,0.4443270244681837,0.40094687347543306,0.6319965796600473,0.24280232668990165,43.96159150039038
swipe_right,anu,swipe_right,0.05224880576133728,-0.04854312539100647,-0.424613559152931,-0.08924564719200134,0.06289950013160706,-0.2622679113410413,0.10391077399253845,-0.15341117978096008,-0.24977504601702094,-0.07554987072944641,-0.14769193530082703,-0.08372555812820792,0.07100722193717957,-0.3782232403755188,-0.24470404675230384,-0.06646853685379028,-0.37819668650627136,-0.1825213967822492,0.4355523622397173,1.6102556026342967,2.621395217085398,0.00502620682571868,0.0044847979690088875,-1.7758570752586185,0.44882529920461567,0.3760429351096212,1.1204710645560332,0.2704863072923757,9.99734955989218
idle,anu,swipe_right,0.060733452439308167,0.015630632638931274,-0.38601683964952826,-0.08915548026561737,0.07079073786735535,-0.33357172599062324,0.10139603912830353,-0.1463640034198761,-0.24977504601702094,-0.07545970380306244,-0.13706645369529724,-0.18266590824350715,0.07152260839939117,-0.37018883228302,-0.2962137102149427,-0.06706483662128448,-0.36849603056907654,-0.26191162457689643,0.25711050539305436,1.9446593342405163,1.1695975607091602,0.002732331102544581,0.23912841623479408,-2.160721656047913,0.44564114665790217,0.39627978431309957,0.011426160551748206,0.13221358036979164,13.659362255655589
idle,anu,swipe_right,0.07600608468055725,0.03716850280761719,-0.38601683964952826,-0.08910712599754333,0.07158219814300537,-0.372668647672981,0.09867098927497864,-0.14604437351226807,-0.24977504601702094,-0.07553493976593018,-0.13654983043670654,-0.20520004024729133,0.0716376006603241,-0.3680449426174164,-0.2982191382907331,-0.06777793169021606,-0.3674837350845337,-0.27163767209276557,0.46280703761361597,0.652662732384432,0.0,0.0014652808507283762,0.02398364471666779,-1.1847552024957095,0.45104443935987015,0.4146389470005801,0.06109245594578685,0.7091048799705839,30.284833878918143
idle,anu,swipe_right,0.08646950125694275,0.07481664419174194,-0.38601683964952826,-0.08879232406616211,0.07443499565124512,-0.41882225265726447,0.09700998663902283,-0.13110482692718506,-0.24977504601702094,-0.07552710175514221,-0.13645219802856445,-0.24981228401884437,0.07195731997489929,-0.36532536149024963,-0.32954745879396796,-0.06817460060119629,-0.3673970103263855,-0.3183825551532209,0.31707322958743583,1.1408527692158892,0.0,0.00953945246609764,0.08644840934059742,-1.3985940904328165,0.45357330704286225,0.4439869137097844,0.11034722549131204,0.27792626727732234,6.755204711154239
idle,anu,swipe_right,0.09103155136108398,0.08479541540145874,-0.3858759191352874,-0.08873975276947021,0.08097273111343384,-0.43304071691818535,0.09662753343582153,-0.12485963106155396,-0.25912714865989983,-0.07555049657821655,-0.13578999042510986,-0.28055603173561394,0.07199180126190186,-0.3631909489631653,-0.3479314830619842,-0.06872838735580444,-0.36660969257354736,-0.3483724680263549,0.1382439425497366,0.3023870063550593,0.00427031861335949,0.0015930695967241021,0.19811319582390377,-0.43086255336124574,0.455959639781462,0.4499934165845029,0.008041168327685724,0.4571740268938204,29.52075886913089
idle,anu,swipe_right,0.09393471479415894,0.09493264555931091,-0.39839427871629596,-0.08871516585350037,0.08426889777183533,-0.45627766055986285,0.09604841470718384,-0.12042132019996643,-0.26782917184755206,-0.0756513774394989,-0.134933739900589,-0.2950130323879421,0.07195085287094116,-0.361971378326416,-0.3557862560264766,-0.06900143623352051,-0.36589065194129944,-0.3570506195537746,0.08797464948711876,0.3071887926621837,-0.37934422972752774,0.0007450580596923747,0.09988383813337737,-0.7041498073235528,0.4613873177713989,0.45941269118904865,0.007459170717156192,0.2863853278610218,8.800182036169058
idle,anu,swipe_right,0.09393471479415894,0.0949229896068573,-0.3983743682038039,-0.08867210149765015,0.08577647805213928,-0.4562577500473708,0.09597504138946533,-0.11928024888038635,-0.26780926133506,-0.07574644684791565,-0.1346605122089386,-0.29499312187545,0.0720173716545105,-0.36168181896209717,-0.35576634551398456,-0.06900143623352051,-0.3657984733581543,-0.35703070904128253,0.0,-0.0002926046198064677,0.0006033488633957872,0.0013049804803097094,0.045684250918302395,0.0006033488633957872,0.462766547494486,0.4591119305094661,0.02856459041110156,0.0,21.41922533349292
idle,anu,swipe_right,0.09387055039405823,0.09431138634681702,-0.3983775214292109,-0.08861565589904785,0.08730992674827576,-0.4562609032727778,0.09552189707756042,-0.11972972750663757,-0.267812414560467,-0.07594099640846252,-0.1345747411251068,-0.294996275100857,0.07214626669883728,-0.3608677089214325,-0.35576949873939157,-0.06906560063362122,-0.36612167954444885,-0.35703386226668954,-0.001944375760627494,-0.018533432122432622,-9.555228506073703e-05,0.0017104726849180092,0.04646814230716539,-9.555228506073703e-05,0.4645733870045782,0.45768482263324917,0.03680878535720811,0.1049061415954673,0.034114435691352994
idle,anu,swipe_right,0.09386718273162842,0.09352666139602661,-0.39837577077560127,-0.08849996328353882,0.08687067031860352,-0.45625915261916816,0.09421807527542114,-0.12051445245742798,-0.26781066390685737,-0.07607731223106384,-0.13444596529006958,-0.2949945244472474,0.0722154974937439,-0.3612569272518158,-0.35576774808578193,-0.06906896829605103,-0.36665427684783936,-0.3570321116130799,-0.00010205037666089495,-0.02377954396334535,5.305010938283111e-05,0.0035058368336070285,-0.01331080089915868,5.305010938283111e-05,0.4646594956905029,0.45728804005198576,0.26336307612808435,0.004291339038257177,1.8123055206673595
idle,anu,swipe_right,0.09144502878189087,0.089895099401474,-0.3915328565053642,-0.08845657110214233,0.08581593632698059,-0.45031608967110515,0.09383630752563477,-0.1215691864490509,-0.2639457765035331,-0.07627475261688232,-0.1351281702518463,-0.291602689307183,0.0722191333770752,-0.36215725541114807,-0.34546669153496623,-0.06916224956512451,-0.3673934042453766,-0.35549430875107646,-0.07339860453750265,-0.11004733316826273,0.20736103849203627,0.0013149145877722748,-0.03196163610978611,0.18009281660797305,0.4634243707040563,0.45480001989977265,0.041139115786813424,0.6669669810016746,5.485348321039475
swipe_right,anu,swipe_right,0.09092262387275696,0.08416762948036194,-0.3896699993638322,-0.08869931101799011,0.08516404032707214,-0.44730181980412453,0.09331390261650085,-0.12222108244895935,-0.2538170068291947,-0.0768950879573822,-0.1357538402080536,-0.2902262358693406,0.0718403160572052,-0.3628091514110565,-0.3398002831963822,-0.06966045498847961,-0.36795762181282043,-0.35120649624150246,-0.015830451791936526,-0.17355969457915144,0.0564502164100601,-0.007355755025690172,-0.0197544242396497,0.09134151112062361,0.46359036869841935,0.45015482416413644,0.3723410308206372,0.09120988960272415,2.7274395165997176
swipe_right,anu,swipe_right,0.09052357077598572,0.08097270131111145,-0.3872763228137046,-0.08859091997146606,0.08469364047050476,-0.4472962331492454,0.09291484951972961,-0.12350329756736755,-0.2526504707057029,-0.07746034860610962,-0.13622424006462097,-0.29022064921446145,0.07144126296043396,-0.3632795512676239,-0.33908486482687294,-0.06998604536056519,-0.3684248924255371,-0.3512009095866233,-0.012092518083977169,-0.09681600512880421,0.07253565303416981,0.0032845771673954416,-0.014254541108102736,0.00016929257209554133,0.46356968993211123,0.4472657096354968,0.2304070496158518,0.12490076580957471,2.786534395660827
swipe_right,anu,swipe_right,0.090041384100914,0.077391117811203,-0.3760357066348661,-0.08851687610149384,0.08461782336235046,-0.4460749491408933,0.0924326628446579,-0.12374737858772278,-0.2351333215192426,-0.07809601724147797,-0.13622424006462097,-0.2883652015880216,0.07095907628536224,-0.3632795512676239,-0.3303817971900571,-0.0704682320356369,-0.3683931827545166,-0.35120441162143834,-0.014611717426415486,-0.10853283333055781,0.3406247326920731,0.002243753635522066,-0.002297488125887759,0.03700860631369917,0.4631901813562788,0.44344002131691185,0.9761867421679403,0.1346282258538964,1.1740965565689954
swipe_right,anu,swipe_right,0.09321622550487518,0.07539162039756775,-0.37117666538688354,-0.08822031319141388,0.08436444401741028,-0.4394515806052368,0.09233646094799042,-0.12882211804389954,-0.23249610300990753,-0.07833148539066315,-0.13619545102119446,-0.28801960285636596,0.0707961767911911,-0.36376264691352844,-0.32423240478965454,-0.07063113152980804,-0.36826756596565247,-0.35115272339317016,0.09620731527154991,-0.06059083071621915,0.14724367418128723,0.00898675485090766,-0.007678161967884326,0.20070813744413363,0.461499516747081,0.4422249344902323,1.1702780705097677,1.5877935050705976,4.967475132371867
swipe_right,anu,swipe_right,0.10323482751846313,0.07249665260314941,-0.37001558305928484,-0.08795899152755737,0.08491849899291992,-0.4329096889705397,0.09328722953796387,-0.13614380359649658,-0.22787139477441087,-0.07851871848106384,-0.13538551330566406,-0.2820128417224623,0.07023268938064575,-0.3650262951850891,-0.32226594450185075,-0.07073763012886047,-0.3671723008155823,-0.34671371342847124,0.30359400041176093,-0.087726296800557,0.0351843129575371,0.007918838298682137,0.016789544712413708,0.19823914044536967,0.4605566336071652,0.4413564307284339,0.47162485996225745,3.460656049871963,0.7459132994270894
swipe_right,anu,swipe_right,0.11353012919425964,0.06167823076248169,-0.30787659087218344,-0.08737626671791077,0.08773136138916016,-0.42583042779006064,0.09359899163246155,-0.1470625400543213,-0.1778105238918215,-0.07867923378944397,-0.13241708278656006,-0.2749322096351534,0.06974580883979797,-0.36286747455596924,-0.2783002892974764,-0.07080495357513428,-0.363882452249527,-0.3404782155994326,0.31197883866049686,-0.3278309648687153,1.882999763245476,0.017658327565048485,0.08523825443152132,0.21452306607512125,0.4599072137011865,0.4278210843659778,0.2071619195031165,0.9516425245031642,2.1524218634229086
swipe_right,anu,swipe_right,0.1320260763168335,0.043933093547821045,-0.2687976905144751,-0.08747461438179016,0.08892124891281128,-0.39072206104174256,0.09565490484237671,-0.15580087900161743,-0.1404087939299643,-0.08030149340629578,-0.13121694326400757,-0.2545739063061774,0.06881159543991089,-0.36308154463768005,-0.24689183617010713,-0.07102426886558533,-0.3623698651790619,-0.3195878812111914,0.5604832461386106,-0.5377314307473008,1.1842091017487564,-0.0029802322387695785,0.03605719768639824,1.0638899014642011,0.4571590041397542,0.4124764875048878,0.08265061567105923,1.0423088028365564,25.78908496186106
swipe_right,anu,swipe_right,0.15218645334243774,0.01817569136619568,-0.25236358866095543,-0.0872633159160614,0.08697178959846497,-0.3846225403249264,0.0984266996383667,-0.16070833802223206,-0.12636534497141838,-0.0807538628578186,-0.1309562623500824,-0.2486833892762661,0.06881606578826904,-0.3635006844997406,-0.246381726115942,-0.07081529498100281,-0.3616828918457031,-0.3123702071607113,0.6109205159273947,-0.7805273388371238,0.4980030864702878,0.0064029838099623464,-0.059074524677160366,0.18483396111564,0.45473284489040466,0.3907214610110317,0.10838640612933655,0.7827012621189121,26.79510110381699
swipe_right,anu,swipe_right,0.16854727268218994,-0.025856226682662964,-0.2507258262485266,-0.08696368336677551,0.08466151356697083,-0.3813656773418188,0.09990692138671875,-0.1635955274105072,-0.12212211452424526,-0.08082088828086853,-0.13061681389808655,-0.24701993726193905,0.06907176971435547,-0.3635006844997406,-0.23715879581868649,-0.07053685188293457,-0.3613522946834564,-0.31210785172879696,0.4957824042349096,-1.3343005469350957,0.04962916401299509,0.009079774220784405,-0.07000836459073076,0.09869281766992519,0.4516578399090302,0.35225448173156887,0.12969370988958479,0.3715669860188103,2.6325312891459633
swipe_right,anu,swipe_right,0.19188019633293152,-0.0463080108165741,-0.23350195307284594,-0.08674854040145874,0.08466151356697083,-0.3769528092816472,0.103444904088974,-0.1635955274105072,-0.11223593074828386,-0.080996572971344,-0.13060429692268372,-0.24336373526602983,0.06928691267967224,-0.3635006844997406,-0.233337071724236,-0.07032620906829834,-0.36132046580314636,-0.3116265060380101,0.7070582924467257,-0.6197510343609532,0.5219355507782094,0.006519483797478057,0.0,0.1337232745506568,0.4510400700434312,0.3400593075053576,6519.483797478058,1.1408728866469906,2.373495194629367
swipe_right,anu,swipe_right,0.2211012989282608,-0.08345428109169006,-0.17790451180189848,-0.08689500391483307,0.0836312472820282,-0.3674700362607837,0.11419649422168732,-0.16462579369544983,-0.058496410958468914,-0.0815216451883316,-0.1315915882587433,-0.24307922553271055,0.06939209997653961,-0.3645309507846832,-0.19811541866511106,-0.07036887109279633,-0.36198586225509644,-0.31141413282603025,0.885487957434211,-1.1256445537913806,1.68477094760445,-0.004438288284070516,-0.031220190452806534,0.2873567582079827,0.4494329601711024,0.32004414703054695,0.1421562797478643,0.7866490072756254,4.76230418969768
swipe_right,anu,swipe_right,0.24458904564380646,-0.10543516278266907,-0.17793455254286528,-0.08723367750644684,0.08194324374198914,-0.36509234737604856,0.12312670052051544,-0.1663137972354889,-0.05496303644031286,-0.08247725665569305,-0.13291117548942566,-0.24088480602949858,0.06950731575489044,-0.36381348967552185,-0.1970554543659091,-0.07053922116756439,-0.36326533555984497,-0.3092043800279498,0.7117499004710918,-0.6660873239690713,-0.000910325483842344,-0.01026283610950833,-0.05115162242542695,0.07205117832530743,0.4490131945173889,0.31269566807899934,0.20063167092694115,1.0685518344323066,6.554684854460327
swipe_right,anu,swipe_right,0.2520552724599838,-0.13649597764015198,-0.177963612601161,-0.08734427392482758,0.08152148127555847,-0.36245460622012615,0.13065741956233978,-0.16630098223686218,-0.0487761665135622,-0.08339415490627289,-0.13235250115394592,-0.23968611471354961,0.0696825236082077,-0.3620000183582306,-0.17773824743926525,-0.07063360512256622,-0.3634684979915619,-0.3071273099631071,0.22624929745991776,-0.9412368138631082,-0.0008806078271432259,-0.0033514066175980633,-0.012780680800929074,0.07993155017946618,0.4487275763880386,0.29002059011971904,0.2622039049320068,0.24037421162599298,1.2053588941331113
swipe_right,anu,swipe_right,0.25481773912906647,-0.15631869435310364,-0.17799852788448334,-0.08741898834705353,0.08193400502204895,-0.34674325585365295,0.13413573801517487,-0.16581228375434875,-0.04881108179688454,-0.08365081250667572,-0.13195642828941345,-0.22328826785087585,0.06974507868289948,-0.3609456717967987,-0.1533610224723816,-0.07072760164737701,-0.3635404407978058,-0.2907763123512268,0.08371111118432155,-0.6006883852409528,-0.001058038888555573,-0.0022640734007864038,0.012500719590620425,0.47610152625675833,0.44928652665472685,0.2770037837562802,0.1811009585021451,0.13935839926777255,12.029615332010586
swipe_right,anu,swipe_right,0.25591008365154266,-0.1666417419910431,-0.19108225591480732,-0.0874127596616745,0.08187499642372131,-0.3420294690877199,0.13800464570522308,-0.1646052896976471,-0.04884185455739498,-0.08364458382129669,-0.13201472163200378,-0.21720980294048786,0.07007013261318207,-0.36013108491897583,-0.15050220675766468,-0.07074470818042755,-0.36359432339668274,-0.27963163144886494,0.03310134916594587,-0.3128196253921096,-0.3964766069795209,0.00018874804178873998,-0.0017881393432617472,0.1428420232100943,0.4501269031989088,0.27133255171139997,0.10549655760441604,0.10581575023850968,10.108324411096858
swipe_right,anu,swipe_right,0.25776055455207825,-0.166648268699646,-0.19898502714931965,-0.08740532398223877,0.08198010921478271,-0.3356331754475832,0.14126816391944885,-0.16348010301589966,-0.04884185455739498,-0.08363714814186096,-0.13156002759933472,-0.21226236410439014,0.07042589783668518,-0.3591770827770233,-0.15050220675766468,-0.07073727250099182,-0.3635483682155609,-0.2751461733132601,0.05607487577380495,-0.0001977790485728849,-0.23947791619734068,0.00022532361926454238,0.0031852360927697035,0.19382708000414087,0.4499245776447196,0.27296923220364044,0.07071780392415146,282.0965095486126,1.5523351932334803
swipe_right,anu,swipe_right,0.2585823982954025,-0.166673481464386,-0.20502731390297413,-0.08739547431468964,0.08195489645004272,-0.3356331754475832,0.1415942758321762,-0.1634511947631836,-0.05425872467458248,-0.08362729847431183,-0.13115882873535156,-0.20987867005169392,0.07094733417034149,-0.3584105968475342,-0.15050220675766468,-0.07072742283344269,-0.3632253408432007,-0.2751461733132601,0.024904355858311904,-0.0007640231739391101,-0.18309959859559322,0.00029847477421616537,-0.0007640231739391101,0.0,0.4495797426973858,0.27375723919902817,0.3901512848026766,32.55372739897432,5.874767364855071
swipe_right,anu,swipe_right,0.25900910794734955,-0.16727018356323242,-0.20934349484741688,-0.08733238279819489,0.08135819435119629,-0.3356331754475832,0.1415942758321762,-0.16352957487106323,-0.060992708429694176,-0.08356104791164398,-0.1314781904220581,-0.20987867005169392,0.07150392234325409,-0.3586038649082184,-0.15050220675766468,-0.07072742283344269,-0.36334505677223206,-0.2751461733132601,0.012930595513545964,-0.01808188178322512,-0.13079336195280913,0.001911864136204554,-0.01808188178322512,0.0,0.4491050920245456,0.2742791815459426,0.10572784576726735,0.7150738288595815,0.5270560788320209
swipe_right,anu,swipe_right,0.25900910794734955,-0.16423577070236206,-0.21097899414598942,-0.08732055127620697,0.08079111576080322,-0.3363789264112711,0.1415942758321762,-0.16208016872406006,-0.0668329019099474,-0.0835476964712143,-0.13147276639938354,-0.21223626472055912,0.07204912602901459,-0.358203649520874,-0.1606621090322733,-0.07071562111377716,-0.36332273483276367,-0.27801387943327427,0.0,0.09195190487485842,-0.04956058480522795,0.00035853096933075485,-0.01718419970888061,-0.022598514051148138,0.4482402421731989,0.2740608723984582,0.02086277584225458,0.0,0.686958077158975
swipe_right,anu,swipe_right,0.25856830179691315,-0.15539488196372986,-0.2246387219056487,-0.08711247146129608,0.07995793223381042,-0.3419891810044646,0.1412639170885086,-0.15530738234519958,-0.06910648848861456,-0.0835224837064743,-0.13077828288078308,-0.21716951485723257,0.07237507402896881,-0.3590368330478668,-0.17261312063783407,-0.07072548568248749,-0.3619341552257538,-0.27959134336560965,-0.013357762134436619,0.26790571935249524,-0.4139311442321063,0.0063054489366936965,-0.02524798566644882,-0.17000771494526123,0.44657657843228965,0.2807928515743897,0.24973078205959215,0.0498597503142924,4.477252267350238
swipe_right,anu,swipe_right,0.2584829330444336,-0.1548849642276764,-0.22522884514182806,-0.08680883049964905,0.07995793223381042,-0.35830804612487555,0.14083582162857056,-0.15048566460609436,-0.07090355362743139,-0.08346036076545715,-0.12987050414085388,-0.2338495096191764,0.07228970527648926,-0.3590368330478668,-0.18958245124667883,-0.07080918550491333,-0.3606307804584503,-0.29917025472968817,-0.002586931893319766,0.015452052607680643,-0.01788252230846501,0.009201241262031224,0.0,-0.4945110642548709,0.444827697836906,0.2785975035910228,9201.241262031224,0.16740588147832886,9.863544202267246
swipe_right,anu,swipe_right,0.2563317120075226,-0.12388089299201965,-0.23077581822872162,-0.08733254671096802,0.07978573441505432,-0.37533389031887054,0.13944533467292786,-0.14609000086784363,-0.10565809905529022,-0.08296683430671692,-0.12922760844230652,-0.24086979031562805,0.07154187560081482,-0.3590368330478668,-0.21001729369163513,-0.07154107093811035,-0.35943612456321716,-0.29917462170124054,-0.06518851627003167,0.9395173101714313,-0.16809009354223173,-0.015870188221787214,-0.005218115719882008,-0.5159346725453112,0.4460554296360327,0.2997941228972373,3.0407810582414143,0.06938504078556691,1.0117656335154497
swipe_right,anu,swipe_right,0.24428409337997437,-0.10386854410171509,-0.23950638342648745,-0.08746647834777832,0.07933557033538818,-0.37535921204835176,0.1278325915336609,-0.14563381671905518,-0.10756595898419619,-0.08249938488006592,-0.12898749113082886,-0.24226296413689852,0.0709804892539978,-0.36009180545806885,-0.2214262979105115,-0.07194435596466064,-0.3591960072517395,-0.2991676973178983,-0.365079352349942,0.6064348148577074,-0.2645625817504767,-0.004058534448797008,-0.013641335747458568,-0.0007673251357945445,0.44537178597353067,0.30985704503109907,0.2974955699615495,0.6020082313832392,15.617320493336445
swipe_right,anu,swipe_right,0.21099765598773956,-0.08335360884666443,-0.2486442942172289,-0.08711256086826324,0.08058300614356995,-0.37536187656223774,0.1083737164735794,-0.1443863809108734,-0.11329233832657337,-0.08142776787281036,-0.1277400553226471,-0.2422656286507845,0.06923843920230865,-0.3617892861366272,-0.23128828592598438,-0.07119400799274445,-0.35794857144355774,-0.29917036183178425,-1.0086799209768282,0.6216647046985148,-0.27690638759823,0.010724772106517616,0.03780108509641766,-8.074284502954323e-05,0.44538577860504996,0.31292704094620016,0.2837084800788927,1.6225439385722609,1.6220870508630416
swipe_right,anu,swipe_right,0.18478675186634064,-0.06549295783042908,-0.25948199536651373,-0.08712886273860931,0.08028736710548401,-0.3753513088449836,0.09804178774356842,-0.14293459057807922,-0.12817983236163855,-0.08014421164989471,-0.1262882649898529,-0.24225506093353033,0.06863416731357574,-0.3616662323474884,-0.23127771820873022,-0.0701255053281784,-0.35649678111076355,-0.29428964760154486,-0.7942698218605648,0.5412318489768229,-0.3284151863419612,-0.0004939960710930048,-0.008958758729876795,0.00032023385618671875,0.44456776673502296,0.3193830187822102,0.05513497472267288,1.4675196144544762,1.4572274945869153
swipe_right,anu,swipe_right,0.14925365149974823,-0.05481049418449402,-0.35559428855776787,-0.0871768444776535,0.07664880156517029,-0.37529728934168816,0.08743451535701752,-0.1420813500881195,-0.1494089476764202,-0.07839293777942657,-0.12619498372077942,-0.24083318933844566,0.06822215020656586,-0.36129680275917053,-0.22139662131667137,-0.06920935213565826,-0.35602790117263794,-0.2925672046840191,-1.076760617169455,0.3237110195737861,-2.9124937330682754,-0.0014539920922481493,-0.1102595618276873,0.0016369546453157881,0.4408811934984145,0.34425132597930674,0.013186873603278162,3.326291740996108,3.0701184392013094
swipe_right,anu,swipe_right,0.10532720386981964,-0.051805078983306885,-0.35637872596271336,-0.08582933247089386,0.07301539182662964,-0.35532443900592625,0.0792546421289444,-0.14528989791870117,-0.16433302243240178,-0.07744474709033966,-0.12619590759277344,-0.20310076256282628,0.06791706383228302,-0.3597016930580139,-0.20997378905303776,-0.06899000704288483,-0.3530292212963104,-0.25816514273174107,-1.3311044736342208,0.09107318791476308,-0.023770830452894097,0.040833697174535305,-0.11010332541032447,0.6052378889624916,0.43730710502396475,0.3429784965385196,0.37086369697430915,14.615606288798425,18.33577146276955
swipe_right,anu,swipe_right,0.06442283093929291,-0.05171176791191101,-0.3801452061161399,-0.08603285253047943,0.06804898381233215,-0.2573281368240714,0.07068769633769989,-0.16322806477546692,-0.1858264496549964,-0.07579521834850311,-0.13060221076011658,-0.1097601568326354,0.06771354377269745,-0.3604751527309418,-0.19116841163486242,-0.0680312067270279,-0.3534156084060669,-0.1750467112287879,-1.2395264524401903,0.0028276082241173637,-0.7201963682856445,-0.006167274532896032,-0.1504972125544676,2.9695849146016293,0.42979843501744686,0.36201917828794067,0.04097905502142759,438.210722104144,71.67148817856757
swipe_right,anu,swipe_right,0.022917598485946655,-0.05171176791191101,-0.3801012902986258,-0.0849875807762146,0.06714919209480286,-0.2346856116782874,0.06795674562454224,-0.16322806477546692,-0.20136490161530674,-0.07536998391151428,-0.13221445679664612,-0.09100255812518299,0.06763958930969238,-0.3655409514904022,-0.18651100690476596,-0.06615927815437317,-0.35513442754745483,-0.1672659635078162,-1.2577343167680883,0.0,0.0013307823489109886,0.03167490164438934,-0.0272664156827064,0.6861371256298298,0.42804598976887603,0.3714377616146432,1.1616392991902882,1257734.3167680884,69.3055654327952
swipe_right,anu,swipe_right,-0.01569753885269165,-0.06965568661689758,-0.37974202260375023,-0.08650323748588562,0.06536230444908142,-0.16573868319392204,0.06403034925460815,-0.16322806477546692,-0.20153888687491417,-0.07298585772514343,-0.13424912095069885,-0.0007533058524131775,0.06616491079330444,-0.3661346435546875,-0.179274033755064,-0.06520724296569824,-0.3559233546257019,-0.1003955565392971,-1.1701556769284207,-0.5437551122723144,0.01088689984471497,-0.04592899120215163,-0.054148110476406545,2.0893008631625634,0.42685460068468367,0.3671357339213933,0.848194749610217,2.1519862499355296,42.59288412167344
swipe_right,anu,swipe_right,-0.056461334228515625,-0.10021278262138367,-0.37974202260375023,-0.0873771607875824,0.020071953535079956,-0.16486958786845207,0.05361580848693848,-0.16925272345542908,-0.20153888687491417,-0.0689970850944519,-0.142324298620224,0.014705265872180462,0.0662645697593689,-0.37215930223464966,-0.17868786677718163,-0.06442892551422119,-0.3619714379310608,-0.056966632604599,-1.2352665265401068,-0.9259726061965379,0.0,-0.026482524293841448,-1.3724348761818475,0.026336221983938216,0.39765163424759803,0.35977677887065757,0.01929600118551005,1.3340191537575223,74.19034210573055
swipe_right,anu,swipe_right,-0.08261305093765259,-0.13396725058555603,-0.37974202260375023,-0.0875217616558075,-0.007016509771347046,-0.13348090276122093,0.041819483041763306,-0.17710945010185242,-0.20153888687491417,-0.06903219223022461,-0.15061965584754944,0.057931553572416306,0.06705406308174133,-0.38003426790237427,-0.10162922367453575,-0.0637931227684021,-0.3698996305465698,0.007950271479785442,-0.7924762639132539,-1.022862665580997,0.0,-0.004381844491669696,-0.820862524437195,0.9511722759767164,0.39019224068938596,0.4003697677876431,0.005338091365034157,0.7747623564897277,32.63795649051547
swipe_right,anu,swipe_right,-0.08996731042861938,-0.15295469760894775,-0.3708668015897274,-0.08906778693199158,-0.011922657489776611,-0.13119083270430565,0.03888419270515442,-0.17704564332962036,-0.17207973822951317,-0.06822580099105835,-0.15190905332565308,0.05843639373779297,0.06769225001335144,-0.38013389706611633,-0.05827174708247185,-0.06375861167907715,-0.37086567282676697,0.02778543531894684,-0.2228563482111126,-0.5753771825270156,0.2689460913340221,-0.04684925079345652,-0.14867114298271247,0.0693960623307654,0.3933879718621232,0.41735188242914334,0.31511788189468776,0.387321513013137,33.62372168726034
swipe_right,anu,swipe_right,-0.09918846189975739,-0.16463851928710938,-0.3253410642937524,-0.09721066057682037,-0.033775508403778076,-0.11104544605768751,0.03468330204486847,-0.17704564332962036,-0.1386369949177606,-0.06757210195064545,-0.15967249870300293,0.05922582391940523,0.0688668042421341,-0.380056232213974,-0.05827203746594023,-0.06294439733028412,-0.37265369296073914,0.027785144935478456,-0.27942883245873174,-0.3540552023685396,1.3795677968477487,-0.24675374681299775,-0.6622076034546004,0.6104662620187411,0.3678131777968462,0.3820644299217315,0.3726223814153672,0.7892216845501616,23.402857162599336
swipe_right,anu,swipe_right,-0.10132354497909546,-0.1737174391746521,-0.3253410642937524,-0.0968179702758789,-0.033775508403778076,-0.10319691504992079,0.0325751006603241,-0.17704564332962036,-0.1386369949177606,-0.06543827056884766,-0.16148287057876587,0.0633498767419951,0.07020255923271179,-0.3799496293067932,-0.05677808429754805,-0.06109467148780823,-0.3735082447528839,0.03725025449239183,-0.06469948725266819,-0.27511878447098864,0.0,0.011899706089135242,0.0,0.23783427296262538,0.3693506378172372,0.3795773898656518,11899.706089135243,0.2351684280978737,24.323257622626567
swipe_right,anu,swipe_right,-0.10112498700618744,-0.17835313081741333,-0.3253548977227183,-0.09819476306438446,-0.03304183483123779,-0.1110592794866534,0.03277365863323212,-0.17631196975708008,-0.13865082834672648,-0.0650588721036911,-0.16397428512573242,0.06511536861944478,0.07083164155483246,-0.3791925013065338,-0.05446121592831332,-0.06032650172710419,-0.3728533089160919,0.03723642106342595,0.006016908269939935,-0.14047550432609635,-0.0004191948171479186,-0.04172099359107694,0.02223253250122046,-0.2382534677797733,0.37268949265852513,0.3785352317561301,1.876489648632612,0.042832132667342954,14.533739026258457
swipe_right,anu,swipe_right,-0.1007198691368103,-0.1830727756023407,-0.3253563631733414,-0.09778964519500732,-0.03179004788398743,-0.11229481440386735,0.03317877650260925,-0.1750601828098297,-0.13865229379734956,-0.06424790620803833,-0.16272249817848206,0.06333457786240615,0.07183805108070374,-0.37788864970207214,-0.054462681378936395,-0.05943608283996582,-0.3721822202205658,0.03723495561280288,0.012276299072034627,-0.14301953893719524,-4.4407594638566885e-05,0.012276299072034627,0.03793293779546625,-0.03744045203678708,0.37376059029086417,0.3756499001293155,0.32362311390466436,0.08583591673798356,6.319331893957649
swipe_right,anu,swipe_right,-0.10024397075176239,-0.18766826391220093,-0.3351750604342669,-0.09731374680995941,-0.024728894233703613,-0.11229704390279949,0.033654674887657166,-0.17508280277252197,-0.13981137494556606,-0.06367643177509308,-0.16292917728424072,0.06333234836347401,0.07266901433467865,-0.3778679668903351,-0.05627584899775684,-0.05877320468425751,-0.37221425771713257,0.03434399818070233,0.01442116318326992,-0.13925722151091452,-0.2975362806341042,0.01442116318326992,0.21397435303890108,-6.756057370115337e-05,0.3791240515265275,0.3792882776522119,0.06739637522947856,0.10355699668431889,5.453864716719786
swipe_right,anu,swipe_right,-0.0947984904050827,-0.18791505694389343,-0.33604756568092853,-0.09715689718723297,-0.02428552508354187,-0.11229374830145389,0.035517290234565735,-0.17248031497001648,-0.14180598233360797,-0.06351958215236664,-0.16301748156547546,0.06333564396481961,0.07333292067050934,-0.3779562711715698,-0.05679231707472354,-0.058588579297065735,-0.37269479036331177,0.024493392440490425,0.16501455595999315,-0.007478576717954813,-0.02643955292913992,0.00475301887049827,0.01343542879278031,9.986670744238636e-05,0.3762808168775317,0.37731595297510634,0.3537412316769894,22.062017970064236,6.083997373783573
swipe_right,anu,swipe_right,-0.08948411047458649,-0.1900973618030548,-0.35010604828130454,-0.08755095303058624,-0.007907301187515259,-0.12309014319907874,0.03734113276004791,-0.16573765873908997,-0.16001235216390342,-0.0629296749830246,-0.16428282856941223,0.05070618272293359,0.07366032898426056,-0.3792216181755066,-0.06709639250766486,-0.05856339633464813,-0.3741036355495453,0.01253291789907962,0.16104181607564114,-0.06613045027761676,-0.4260146242538138,0.2910892168680795,0.496309815031104,-0.32716348174620397,0.3915784065101429,0.3774633197224444,0.5865058911719198,2.4351774443112175,19.69131364969168
swipe_right,anu,swipe_right,-0.08296884596347809,-0.19081389904022217,-0.3583434862084687,-0.08573369681835175,-0.008546113967895508,-0.12369397701695561,0.03845678269863129,-0.15936899185180664,-0.17536007286980748,-0.06301750242710114,-0.16492164134979248,0.046626690309494734,0.07410065829753876,-0.37986043095588684,-0.09508467139676213,-0.05869270861148834,-0.37522122263908386,-0.013846838381141424,0.19743225791237354,-0.021713249611131833,-0.24961933112618323,0.055068370067711425,-0.019357963041825514,-0.018297994481117234,0.3837293893210518,0.3601591647788605,2.8445929644441628,9.09229015269124,19.568743153893962
swipe_right,anu,swipe_right,-0.07998116314411163,-0.19081464409828186,-0.40104761836118996,-0.08548273146152496,-0.0085468590259552,-0.12471615639515221,0.04893191158771515,-0.15594223141670227,-0.1928498160559684,-0.06304027140140533,-0.16492238640785217,0.04103110986761749,0.07402266561985016,-0.379805326461792,-0.11214382317848504,-0.05873687565326691,-0.3752228617668152,-0.03511240077205002,0.09053584301110615,-2.2577516960375597e-05,-1.2940646106885445,0.007605010812932916,-2.2577516960375597e-05,-0.03097513267262465,0.3784117662159779,0.3780212430077907,322.55350831531183,3839.922718039427,1.599855778012746
swipe_right,anu,swipe_right,-0.07211275398731232,-0.19037148356437683,-0.4347675561439246,-0.08558700978755951,0.00713840126991272,-0.12584259803406894,0.05430607497692108,-0.15084543824195862,-0.21024772222153842,-0.06324748694896698,-0.16444721817970276,0.02378491614945233,0.07383422553539276,-0.37906011939048767,-0.12748318607918918,-0.058064624667167664,-0.3756280243396759,-0.04972450505010784,0.2384366411151282,0.013429107088031043,-1.0218162964464927,-0.0031599492737740833,0.4753109180565984,-0.03413459511868844,0.3912308555522824,0.38900849117699327,0.0066481591429352884,17.753889790471124,14.408056827527496
swipe_right,anu,swipe_right,-0.05620872974395752,-0.19204437732696533,-0.48243656009435654,-0.08673292398452759,0.014729082584381104,-0.21172020584344864,0.06343093514442444,-0.1456889510154724,-0.2196229174733162,-0.06483939290046692,-0.16612011194229126,-0.035551924258470535,0.07231548428535461,-0.38070014119148254,-0.13198546320199966,-0.05959409475326538,-0.3782961368560791,-0.07585013657808304,0.4819401285865167,-0.05069375038147053,-1.4445152712252334,-0.03472467263539687,0.230020645892985,-2.6023517517994263,0.41673254599375936,0.4182408900911208,0.15096263006287738,9.506706808101198,78.18477216200311
swipe_right,anu,swipe_right,-0.03987516462802887,-0.18619930744171143,-0.4934922978281975,-0.08905945718288422,0.028552711009979248,-0.22890452295541763,0.0721815973520279,-0.1402156949043274,-0.23040234297513962,-0.06729178130626678,-0.16670405864715576,-0.03850401192903519,0.0701000839471817,-0.3812326490879059,-0.16928356140851974,-0.06204648315906525,-0.37902361154556274,-0.11593198031187057,0.49495651866449913,0.17712332985617704,-0.33502235557093396,-0.07050100601080615,0.4188978310787271,-0.5207368821808729,0.4238053266121826,0.39400998010672855,0.16830079432128167,2.7944016446887803,63.34764955296059
swipe_right,anu,swipe_right,-0.0226181298494339,-0.17508572340011597,-0.5032406076788902,-0.08984823524951935,0.050073981285095215,-0.22890452295541763,0.08081547915935516,-0.14055943489074707,-0.24898111075162888,-0.0690046101808548,-0.16611850261688232,-0.062343936413526535,0.06946109235286713,-0.3813278377056122,-0.20239072293043137,-0.06327931582927704,-0.3793673515319824,-0.16524440795183182,0.5229404478362195,0.33677527398774654,-0.2954033288088759,-0.023902365655610436,0.6521597053065549,0.0,0.4349464059549603,0.3761981472944053,0.03665103625704477,1.5527829251274587,17.348304503884602
swipe_right,anu,swipe_right,-0.011951863765716553,-0.1620638370513916,-0.5032406076788902,-0.09017077088356018,0.0495031476020813,-0.23392430692911148,0.08542963862419128,-0.14311903715133667,-0.24898111075162888,-0.07028400897979736,-0.16186976432800293,-0.06495001912117004,0.06968560814857483,-0.3838553726673126,-0.20545225590467453,-0.06387984752655029,-0.381926953792572,-0.16779892891645432,0.32322018435506755,0.3946026166280067,0.0,-0.009773807092146333,-0.0172979903943609,-0.15211466586950886,0.4372593174052233,0.38017635979085956,0.5649929197794331,0.8191009173131011,20.80810249742811
swipe_right,anu,swipe_right,0.0018191486597061157,-0.12826141715049744,-0.5032066239509732,-0.0906655341386795,0.051528722047805786,-0.24201133684255183,0.09100572764873505,-0.14480426907539368,-0.2489471270237118,-0.07246701419353485,-0.15791144967079163,-0.08649941370822489,0.06946967542171478,-0.38550424575805664,-0.20722131268121302,-0.06466950476169586,-0.3824576735496521,-0.18070193962194026,0.4173034068309854,1.0243157545725392,0.001029809936881054,-0.014992825912706615,0.061381043809832274,-0.24506151252849268,0.43906585758243255,0.39794191929055694,0.24425426365983988,0.4073968379099018,3.693583258319239
swipe_right,anu,swipe_right,0.023845911026000977,-0.09972551465034485,-0.5031505493680015,-0.09067124128341675,0.05235680937767029,-0.24198341055307537,0.09362441301345825,-0.14731130003929138,-0.24889105244074017,-0.07441309094429016,-0.15709993243217468,-0.08689885272178799,0.06967973709106445,-0.38548192381858826,-0.2199617443839088,-0.06478151679039001,-0.3822234869003296,-0.18128329201135784,0.6674776474634913,0.8647243181864558,0.001699229787019193,-0.00017294377991647708,0.025093555450439852,0.0008462511962562031,0.4395620731345887,0.40491155115754546,0.006891685340193813,0.7718955758845572,7.545822005046112
idle,anu,swipe_right,0.029719218611717224,-0.06209579110145569,-0.41779560688883066,-0.091122105717659,0.05240723490715027,-0.2683565402403474,0.09327469766139984,-0.14766833186149597,-0.21005103830248117,-0.07548792660236359,-0.15654805302619934,-0.09594050142914057,0.06981794536113739,-0.38544896245002747,-0.21981328073889017,-0.06524406373500824,-0.38207149505615234,-0.18390553537756205,0.17797901774897523,1.1402946529966287,2.5865134084596946,-0.013662558613401321,0.0015280463478781793,-0.7991857480991431,0.4433660023837128,0.38126392797620506,8.935346291079092,0.1560814664874474,24.257353411132446
idle,anu,swipe_right,0.045909345149993896,-0.026313215494155884,-0.40079519990831614,-0.09103184938430786,0.053528398275375366,-0.31746108178049326,0.09310156106948853,-0.1491752564907074,-0.2070316905155778,-0.07614651322364807,-0.15593770146369934,-0.14745273534208536,0.07017946243286133,-0.3847862482070923,-0.2501982832327485,-0.06543290615081787,-0.3812359869480133,-0.22522745374590158,0.4906098950993009,1.0843204729484963,0.5151638478943878,0.0027350404045798997,0.0339746475219732,-1.4880164103074744,0.4451768397993835,0.3895784710267265,0.0805000229299841,0.45245797241774643,20.902707509998944
idle,anu,swipe_right,0.055249422788619995,0.01294177770614624,-0.34951252583414316,-0.09068572521209717,0.06008577346801758,-0.32966933492571115,0.09296998381614685,-0.14261788129806519,-0.2029897654429078,-0.07680606842041016,-0.14920568466186523,-0.17552004102617502,0.0708475410938263,-0.3775580823421478,-0.25307748559862375,-0.0656907856464386,-0.374279648065567,-0.24380960408598185,0.28303265571593167,1.1895452484939586,1.5540204264900312,0.010488611279111522,0.19870833917096858,-0.36994706500658886,0.4434748694208166,0.40253342591345964,0.05278368557245903,0.23793329269397392,34.24747037003782
idle,anu,swipe_right,0.06824879348278046,0.026240497827529907,-0.34951252583414316,-0.09012804925441742,0.06673082709312439,-0.38272366765886545,0.09254162013530731,-0.13682213425636292,-0.2029897654429078,-0.07773928344249725,-0.14303573966026306,-0.22148691955953836,0.07096301019191742,-0.3711753487586975,-0.26069886330515146,-0.06629706919193268,-0.3679337501525879,-0.2818348193541169,0.3939203240654748,0.4029915188298145,0.0,0.016899271444841133,0.2013652613668763,-1.6077070525198527,0.4468554240861253,0.4072279321731328,0.08392305309801504,0.9774879325534802,37.50846788370242
idle,anu,swipe_right,0.07591734826564789,0.05424308776855469,-0.34945993055589497,-0.08977945148944855,0.07458031177520752,-0.3898489319253713,0.09059958159923553,-0.13635128736495972,-0.20293717016465962,-0.07837752997875214,-0.14168035984039307,-0.2215325676370412,0.07085995376110077,-0.3697601854801178,-0.2646902345586568,-0.06674216687679291,-0.3673103451728821,-0.2831633531022817,0.23238044796568344,0.848563331546219,0.0015937963105512641,0.010563568635420535,0.23786317218434105,-0.2159170989850288,0.45517016807910027,0.432423697690387,0.04441008722925255,0.27385130310892203,42.19038916519512
idle,anu,swipe_right,0.080683633685112,0.07065001130104065,-0.3494641869328916,-0.08934079110622406,0.07783308625221252,-0.4234578995965421,0.0897936075925827,-0.13505467772483826,-0.20294142654165626,-0.07845298945903778,-0.14060094952583313,-0.26111883809790015,0.07087896764278412,-0.3685951232910156,-0.28808204224333167,-0.06695745885372162,-0.36686041951179504,-0.3208224563859403,0.14443289149891478,0.49717950098443103,-0.0001289811211101957,0.013292738885590736,0.09856892354560778,-1.0184535657930718,0.45693255720559683,0.44362167150138787,0.13485593178369726,0.29050393411031544,24.683024816215458
idle,anu,swipe_right,0.08588540554046631,0.08382344245910645,-0.3522594659589231,-0.08872514963150024,0.0804896354675293,-0.4234578995965421,0.08942872285842896,-0.12697643041610718,-0.22298423340544105,-0.07845708727836609,-0.13816428184509277,-0.26352391531690955,0.07115978002548218,-0.36441153287887573,-0.30071950843557715,-0.06717899441719055,-0.3651345670223236,-0.32699150731787086,0.1576294501622458,0.39919488357773625,-0.0847054250312542,0.01865580226435735,0.08050149137323248,0.0,0.4564547419936604,0.4514286260136339,0.2317419243320525,0.39486742385596346,30.867513037064462
idle,anu,swipe_right,0.08658526837825775,0.089362233877182,-0.35252339532598853,-0.08750249445438385,0.08057144284248352,-0.42399943759664893,0.08910815417766571,-0.12346062064170837,-0.22298423340544105,-0.07849930226802826,-0.1370239555835724,-0.26924888184294105,0.07136552035808563,-0.36288729310035706,-0.3086844771169126,-0.0674191266298294,-0.3644462823867798,-0.32737926533445716,0.021207964781559212,0.1678421641841106,-0.007997859608043452,0.03705015688231556,0.0024790113622492403,-0.016410242427479398,0.4558284492211736,0.454624159202904,14.939510941882544,0.126355844663985,2.4795130682187807
idle,anu,swipe_right,0.08656765520572662,0.09020692110061646,-0.3576666135340929,-0.08675934374332428,0.08070629835128784,-0.42737078852951527,0.08777137100696564,-0.12108367681503296,-0.22347419150173664,-0.07851691544055939,-0.13688910007476807,-0.2738313991576433,0.07147713005542755,-0.36197295784950256,-0.3109247703105211,-0.067527636885643,-0.36431142687797546,-0.33184087462723255,-0.0005337325009432791,0.025596582528317022,-0.15585509721528648,0.022519718516957034,0.004086530569827983,-0.10216214948079966,0.4555618495518094,0.45483971548732754,5.5093700541803505,0.020850894819963717,2.6360339954788587
idle,anu,swipe_right,0.08656291663646698,0.09171399474143982,-0.3579289144836366,-0.08662666380405426,0.0822133719921112,-0.42828787630423903,0.08639119565486908,-0.1193532645702362,-0.22519838577136397,-0.07849107682704926,-0.1353820264339447,-0.2740935808978975,0.07147239148616791,-0.3596544861793518,-0.31286261742934585,-0.06756792962551117,-0.3628043532371521,-0.3334192759357393,-0.00014359300786798105,0.04566889820676688,-0.007948513622536502,0.00402060422030347,0.04566889820676688,-0.027790538627991922,0.45541636164349053,0.45386363662254375,0.0880361984189345,0.0031441499435333744,2.642182194379616
idle,anu,swipe_right,0.08648477494716644,0.0918203592300415,-0.36057905410416424,-0.0866193026304245,0.0820360779762268,-0.42828402970917523,0.0849035233259201,-0.11924690008163452,-0.22519453917630017,-0.0785558670759201,-0.13527566194534302,-0.2740897343028337,0.07139424979686737,-0.3595479130744934,-0.31285877083428204,-0.067655548453331,-0.3626979887485504,-0.3334154293406755,-0.0023679299788041926,0.00322316632126322,-0.08030726122811113,0.0002230658675685109,-0.005372545935890977,0.00011656348678198914,0.45513521662680195,0.4541346349133155,0.041511856459365094,0.7344317081869535,1.7665540444774859
idle,anu,swipe_right,0.08510926365852356,0.09195536375045776,-0.3605860359966755,-0.08599403500556946,0.08189636468887329,-0.4282910116016865,0.08379778265953064,-0.11911189556121826,-0.22385971620678902,-0.07840454578399658,-0.13515031337738037,-0.2740967161953449,0.07140341401100159,-0.35941290855407715,-0.3128657527267933,-0.06765496730804443,-0.362623393535614,-0.3334224112331867,-0.04168216026190622,0.004091046073220058,-0.0002115725003408697,0.01894750378348641,-0.004233735980409632,-0.0002115725003408697,0.4549001958582225,0.454090732115399,4.474305805873072,10.186141484254174,0.5685426220948586
swipe_right,anu,swipe_right,0.08315449953079224,0.08960503339767456,-0.3605860359966755,-0.08574661612510681,0.08189636468887329,-0.4282910116016865,0.08306193351745605,-0.11911189556121826,-0.22385971620678902,-0.07817745208740234,-0.135173499584198,-0.2740967161953449,0.07155352830886841,-0.35941290855407715,-0.3128657527267933,-0.06757351756095886,-0.3628799319267273,-0.3334224112331867,-0.05923527659791983,-0.07122213190252244,0.0,0.007497541832201528,0.0,0.0,0.45514422645837116,0.4516956056496857,7497.541832201528,0.8316859286529346,0.3699836344637085
swipe_right,anu,swipe_right,0.08316080272197723,0.0893619954586029,-0.3605860359966755,-0.08570705354213715,0.08182212710380554,-0.4282910116016865,0.08306823670864105,-0.11934944987297058,-0.22385971620678902,-0.07814358174800873,-0.13528862595558167,-0.2740967161953449,0.0715552419424057,-0.3594873547554016,-0.3128657527267933,-0.06762315332889557,-0.36295416951179504,-0.3334224112331867,0.00019100579348476726,-0.007364786032474123,0.0,0.0011988661505958796,-0.0022496237899317035,0.0,0.4551406736536401,0.4515281316417618,0.5326817196010621,0.02593148818641553,0.20267749204965688
swipe_right,anu,swipe_right,0.08315354585647583,0.08738535642623901,-0.3605860359966755,-0.08563512563705444,0.0818026065826416,-0.42737646773457527,0.08306097984313965,-0.11952066421508789,-0.22385971620678902,-0.07815083861351013,-0.1353081464767456,-0.2738370783627033,0.07151657342910767,-0.3595075309276581,-0.3128657527267933,-0.06764182448387146,-0.362973690032959,-0.3326968736946583,-0.0002199050151940583,-0.059898152495876454,0.0,0.00217963348735466,-0.0005915309443618406,0.027713450518521837,0.45509772406049376,0.4495841382101198,3.678514190853168,0.003671254200286004,0.8418280624766289
swipe_right,anu,swipe_right,0.08310486376285553,0.08612772822380066,-0.35391700675245374,-0.08568067848682404,0.08198752999305725,-0.42535132577177137,0.08301229774951935,-0.11951294541358948,-0.20868073811288923,-0.07819952070713043,-0.1351761519908905,-0.2737654190277681,0.07137085497379303,-0.3594055771827698,-0.30928525736089796,-0.06769822537899017,-0.3628416955471039,-0.33367199113126844,-0.0014752149581909414,-0.03810994552843559,0.2020917952794501,-0.001380389386957364,0.005603739709565223,0.06136793826678583,0.4545343869440026,0.44791696355743976,0.24628965098977718,0.03870843238696988,1.0425650393547534
swipe_right,anu,swipe_right,0.08453966677188873,0.08335873484611511,-0.3522881465032697,-0.08558620512485504,0.08250942826271057,-0.4252927200868726,0.08446617424488068,-0.12079575657844543,-0.2084839241579175,-0.07810504734516144,-0.13598307967185974,-0.27303819824010134,0.07113607227802277,-0.3603222668170929,-0.3064904110506177,-0.06778793036937714,-0.3624890148639679,-0.3327151434496045,0.04347887906161057,-0.08390889023289218,0.04935940149042455,0.0028628291505754717,0.015815099080403048,0.0017759298454179235,0.4548747087555742,0.44623975635841173,0.18100728479392636,0.5181615533155245,1.8366447008255276
swipe_right,anu,swipe_right,0.09380920231342316,0.07748433947563171,-0.3326978627592325,-0.08558620512485504,0.08503970503807068,-0.4219470862299204,0.0871967226266861,-0.12938281893730164,-0.18934043683111668,-0.0789630264043808,-0.13470152020454407,-0.2686651889234781,0.07069893181324005,-0.3615272641181946,-0.28164454735815525,-0.06825779378414154,-0.36201488971710205,-0.32983806170523167,0.28089501641013853,-0.17801198092374218,0.5936449619405292,0.0,0.07667505379879236,0.10138284415006799,0.4567736386112867,0.4425739641077595,0.0,1.5779468157463714,3.5382816922438063
swipe_right,anu,swipe_right,0.10562317073345184,0.06312647461891174,-0.33074631821364164,-0.08550725877285004,0.08470621705055237,-0.4210139764472842,0.0894458144903183,-0.14064565300941467,-0.18417398165911436,-0.07942856848239899,-0.13484790921211243,-0.266925479285419,0.07030032575130463,-0.3620457947254181,-0.27199270855635405,-0.06870593130588531,-0.3621465861797333,-0.327819581143558,0.357999043031178,-0.435086813840006,0.059137713502754805,0.002392313697121398,-0.010105696591464116,0.028276054019278195,0.45677664966090786,0.4306636142568827,0.2367057995133535,0.8228202023668361,3.439257047916448
swipe_right,anu,swipe_right,0.12301327288150787,0.023070037364959717,-0.2949396790936589,-0.08568663895130157,0.08470314741134644,-0.414785367436707,0.0919283777475357,-0.1561848521232605,-0.13956109900027514,-0.07985647022724152,-0.13477492332458496,-0.26578537840396166,0.06941188871860504,-0.3633866012096405,-0.23694361466914415,-0.06907738745212555,-0.36187800765037537,-0.3205071212723851,0.5269727923653142,-1.2138314319378942,1.0850496703024655,-0.005435762983379736,-9.301936987674245e-05,0.18874572759324137,0.45672637650068443,0.39444313325407343,57.81535220355035,0.4341396542881933,4.877945403129822
swipe_right,anu,swipe_right,0.14713874459266663,-0.02213454246520996,-0.2874511140398681,-0.08523693680763245,0.08462971448898315,-0.39222225127741694,0.09567996859550476,-0.16105234622955322,-0.11794410971924663,-0.07952079176902771,-0.13450652360916138,-0.2446376788429916,0.06937345862388611,-0.3645026683807373,-0.2110010045580566,-0.06862840056419373,-0.36195144057273865,-0.29803844867274165,0.7310749003381557,-1.369835752429406,0.22692621375124022,0.013627337686943502,-0.0022252400716146186,0.6837307927057708,0.45670686463582705,0.3593160065798594,6.121234569756011,0.5336949085659982,15.010806112395827
swipe_right,anu,swipe_right,0.16594195365905762,-0.06378984451293945,-0.2763081840239465,-0.0858471691608429,0.08341825008392334,-0.36523542320355773,0.09900158643722534,-0.16214603185653687,-0.10934047913178802,-0.07984369993209839,-0.1346641182899475,-0.2133449367247522,0.06937682628631592,-0.36559635400772095,-0.18621902680024505,-0.06847423315048218,-0.3630335330963135,-0.26781768118962646,0.5697942141330694,-1.2622818802342473,0.33766454593702333,-0.01849188949122603,-0.03671104257757072,0.8177826689048378,0.45728681379362573,0.3294359562148829,0.5037009164541468,0.45139977976040546,4.30589115755284
swipe_right,anu,swipe_right,0.19158457219600677,-0.11203178763389587,-0.23836492002010345,-0.08659456670284271,0.08303490281105042,-0.36520662903785706,0.10758750140666962,-0.1625293791294098,-0.06446326524019241,-0.08096925914287567,-0.13444408774375916,-0.21133539080619812,0.06938044726848602,-0.36597970128059387,-0.1640993356704712,-0.06887222826480865,-0.3634116053581238,-0.2644747793674469,0.7770490465742292,-1.46187706427143,1.1497958789043536,-0.022648410363631175,-0.011616584026452452,0.0008725504757780157,0.4580125232722167,0.29144256383308914,1.949494000823431,0.5315416282420891,24.766849457584875
swipe_right,anu,swipe_right,0.22708933055400848,-0.1449442207813263,-0.2222210243344307,-0.08752219378948212,0.08285447955131531,-0.3520364686846733,0.11638133227825165,-0.1627098023891449,-0.06449753046035767,-0.08164761960506439,-0.13458016514778137,-0.21059993654489517,0.06948302686214447,-0.366160124540329,-0.15224795788526535,-0.06925629079341888,-0.36357855796813965,-0.26450904458761215,1.0759017684242533,-0.9973464590130052,0.48920896017188326,-0.02810991171634452,-0.0054673715071242605,0.3990957682782802,0.4552989678993084,0.280486101380485,5.140453913879587,1.0787632321126952,12.069943545766087
swipe_right,anu,swipe_right,0.24975566565990448,-0.18296805024147034,-0.22232371289283037,-0.08748133480548859,0.08086946606636047,-0.34037689585238695,0.13149653375148773,-0.16457191109657288,-0.06460021901875734,-0.08204670250415802,-0.13326558470726013,-0.21067981142550707,0.06988547742366791,-0.3659282922744751,-0.15235064644366503,-0.0693480521440506,-0.3655635714530945,-0.26461173314601183,0.6868586395726168,-1.1522372563680197,-0.003111774496959967,0.0012381510301069977,-0.06015192378651108,0.353320388857168,0.4531794708598903,0.26593977665857765,0.020583389005351147,0.5961081710111501,2.33689111015263
swipe_right,anu,swipe_right,0.2538512051105499,-0.20740339159965515,-0.22229666355997324,-0.08747509121894836,0.08146676421165466,-0.3370683128014207,0.1399156153202057,-0.16457191109657288,-0.06457316968590021,-0.08173471689224243,-0.13138166069984436,-0.20957594458013773,0.07085570693016052,-0.3658067584037781,-0.1523235971108079,-0.06888407468795776,-0.3655635714530945,-0.2680268818512559,0.12410725608016702,-0.7404648896419759,0.000819676753246436,0.0001891995921279475,0.01809994379679391,0.10026009245352471,0.4527123436442177,0.25194286851877695,0.010452471111559336,0.16760698611002103,8.026812774684068
swipe_right,anu,swipe_right,0.2636847645044327,-0.21722069382667542,-0.22229666355997324,-0.08774925768375397,0.08155646920204163,-0.3353922003880143,0.14833207428455353,-0.1644822061061859,-0.06559670064598322,-0.08201028406620026,-0.13111481070518494,-0.20922160986810923,0.07206560671329498,-0.3642057478427887,-0.1523235971108079,-0.06878511607646942,-0.36555710434913635,-0.27226048056036234,0.29798664829946603,-0.29749400687939065,0.0,-0.008308074691078565,0.0027183330420290754,0.050791285254736626,0.45194667867902616,0.25143336645124087,3.05518837254276,1.0016526039385754,1.5908255404686416
swipe_right,anu,swipe_right,0.2702396363019943,-0.23230472207069397,-0.2729683453217149,-0.08815045654773712,0.08155646920204163,-0.32663401309400797,0.15738849341869354,-0.1644822061061859,-0.13360864762216806,-0.08244957029819489,-0.1310950219631195,-0.20805674884468317,0.07252775132656097,-0.36414390802383423,-0.18454737309366465,-0.06897865235805511,-0.36558860540390015,-0.28640507999807596,0.19863247871399242,-0.4570917649702665,-1.5355055079315894,-0.012157541332823051,0.0,0.26539961496989356,0.4493602595671737,0.25355439010807784,12157.541332823052,0.43455616438582945,6.504850412567882
swipe_right,anu,swipe_right,0.27329908311367035,-0.24646973609924316,-0.30734770838171244,-0.08812062442302704,0.08244705200195312,-0.2968237930908799,0.1648281067609787,-0.16977310180664062,-0.16342117730528116,-0.08243916928768158,-0.13018512725830078,-0.20922160986810923,0.07362513244152069,-0.3627573847770691,-0.20368958357721567,-0.06918422877788544,-0.3647606074810028,-0.2871702844277024,0.09271050944472951,-0.4292428493499824,-1.0417988806060032,0.0009040037790934389,0.02698735757307616,0.9033400000948039,0.4477124836429769,0.25325384626896813,0.033496064984528055,0.21598564448884705,19.352865036643955
swipe_right,anu,swipe_right,0.27605684101581573,-0.25187256932258606,-0.3138814512640238,-0.08786335587501526,0.0827341377735138,-0.29557868279516697,0.16735737025737762,-0.17280182242393494,-0.16910162009298801,-0.08233122527599335,-0.12988263368606567,-0.2094039712101221,0.07408653199672699,-0.3624259978532791,-0.20631195791065693,-0.06916593015193939,-0.3644585907459259,-0.2876491043716669,0.08356842127712974,-0.16372221888917246,-0.19799220855488173,0.007796016606417273,0.008699568835171456,0.03773061502160305,0.44765367013273294,0.25413630631111583,0.896035277015729,0.5104249833598672,26.237272056773723
swipe_right,anu,swipe_right,0.2788112908601761,-0.25746722519397736,-0.31616498064249754,-0.08760939538478851,0.08282940089702606,-0.2955068303272128,0.16778530180454254,-0.17602236568927765,-0.16902976762503386,-0.08222658932209015,-0.12977243959903717,-0.20933211874216795,0.07454462349414825,-0.36230258643627167,-0.20778449904173613,-0.06915093958377838,-0.3643483966588974,-0.2885703993961215,0.08346817710183016,-0.16953502640579957,-0.06919785995375137,0.007695772431113626,0.002886761318553624,0.002177347513762422,0.44761234488292,0.25389299548360683,2.6649613947208635,0.4923329800242082,1.0916805397743385
swipe_right,anu,swipe_right,0.2800041288137436,-0.26743800938129425,-0.3173940731212497,-0.08770985901355743,0.08316616714000702,-0.2955068303272128,0.16791348159313202,-0.18165172636508942,-0.16937080305069685,-0.08226077258586884,-0.12923981249332428,-0.20933211874216795,0.07467280328273773,-0.36195753514766693,-0.2089343322440982,-0.06923674046993256,-0.36400334537029266,-0.28889312874525785,0.03614660465356133,-0.30214497537324403,-0.037245226628853205,-0.0030443523869370455,0.01020503766608977,0.0,0.44759978784181864,0.25071579405087097,0.29828935445262034,0.11963291786001472,0.3993202350739229
swipe_right,anu,swipe_right,0.2800570875406265,-0.2708204537630081,-0.3212491627782583,-0.08811558783054352,0.08277945220470428,-0.29669330082833767,0.16796644032001495,-0.18905653059482574,-0.16956246457993984,-0.0822078138589859,-0.12852521240711212,-0.21067904494702816,0.07472576200962067,-0.3612641543149948,-0.21966113708913326,-0.06938134133815765,-0.36316798627376556,-0.2924778815358877,0.0016048099055434974,-0.10249831459739155,-0.11682089869723361,-0.012294812635942134,-0.01171863440311335,-0.03595365154923872,0.44636068334583107,0.24629482978185244,1.0490781719842717,0.015656786699960405,1.3065082097168033
swipe_right,anu,swipe_right,0.2800570875406265,-0.27339687943458557,-0.3212491627782583,-0.08811558783054352,0.0810304582118988,-0.3052838798612356,0.16796644032001495,-0.19168910384178162,-0.16956246457993984,-0.0822078138589859,-0.1285656988620758,-0.21082416735589504,0.07472576200962067,-0.3619025945663452,-0.21966113708913326,-0.06971834599971771,-0.36365506052970886,-0.2924778815358877,0.0,-0.07807350519931382,0.0,0.0,-0.05299981796380045,-0.26032057675447345,0.4452501124969913,0.24558978362040718,0.0,0.0,6.923152600394454
swipe_right,anu,swipe_right,0.2800570875406265,-0.28087979555130005,-0.31740728579461575,-0.08811558783054352,0.08150342106819153,-0.31095186434686184,0.16449107229709625,-0.191695898771286,-0.16904298029839993,-0.0822078138589859,-0.1280820071697235,-0.21082416735589504,0.07460291683673859,-0.36287105083465576,-0.21966113708913326,-0.0698680430650711,-0.36317113041877747,-0.2924778815358877,0.0,-0.22675503383983628,0.11642051465583755,0.0,0.014332207766446428,-0.17175710562503974,0.44543205730055524,0.24184352749105573,0.0,0.0,3.371283977093669
swipe_right,anu,swipe_right,0.27398258447647095,-0.29073795676231384,-0.32131826039403677,-0.08816590905189514,0.08134475350379944,-0.3110209619626403,0.16307097673416138,-0.19291791319847107,-0.1688085412606597,-0.08219778537750244,-0.12808063626289368,-0.2108932649716735,0.07450729608535767,-0.3633929491043091,-0.2197302347049117,-0.06991836428642273,-0.36316975951194763,-0.29254697915166616,-0.18407585042895985,-0.2987321579095137,-0.11851438180063899,-0.0015248854955037677,-0.004808108011881587,-0.002093867144801433,0.4452722910899519,0.23534924166937002,0.31708281280776407,0.6161882119718243,5.174129636773457
swipe_right,anu,swipe_right,0.2644292712211609,-0.29631632566452026,-0.32620163913816214,-0.08824914693832397,0.0795184075832367,-0.3110209619626403,0.15511548519134521,-0.19949987530708313,-0.1688085412606597,-0.08145195245742798,-0.12807956337928772,-0.2108932649716735,0.07322889566421509,-0.3646485209465027,-0.18742043431848288,-0.07022002339363098,-0.3631686866283417,-0.2924354588612914,-0.2894943410699908,-0.16904148188503665,-0.14798117406439942,-0.002522360194813026,-0.05534381577462651,0.0,0.4434437208968134,0.2459412436668032,0.04557536527150989,1.7125537784453004,1.5329970269820246
swipe_right,anu,swipe_right,0.2401120960712433,-0.2987039387226105,-0.3302216148003936,-0.08836370706558228,0.07644420862197876,-0.3110209619626403,0.13869759440422058,-0.1977829933166504,-0.1696315621957183,-0.0808756947517395,-0.1275811791419983,-0.20616602059453726,0.07088407874107361,-0.365761935710907,-0.14140701945871115,-0.07070833444595337,-0.36145180463790894,-0.276399246416986,-0.7368840954520604,-0.07235191085121964,-0.12181744431004574,-0.0034715190078273518,-0.09315754428054496,0.0,0.4396172128096964,0.2622705630138958,0.037264633476591764,10.184581197670484,1.1462314849339474
swipe_right,anu,swipe_right,0.20210185647010803,-0.30327609181404114,-0.3667836654931307,-0.0884823203086853,0.07760605216026306,-0.20952204056084156,0.11883273720741272,-0.1947854459285736,-0.16960646398365498,-0.08024328947067261,-0.12846121191978455,-0.11463730223476887,0.06880256533622742,-0.3666684925556183,-0.14046441204845905,-0.07166716456413269,-0.3588213324546814,-0.21015632338821888,-1.1518254424586625,-0.1385500936797193,-1.1079409300829601,-0.003594340700091795,0.0352073799480097,3.0757248909636465,0.4367516614957055,0.2701993744780496,0.10208764803718212,8.313362326256854,93.28492041194843
swipe_right,anu,swipe_right,0.16591638326644897,-0.301830530166626,-0.5321448198519647,-0.08721321821212769,0.07842409610748291,-0.13602781808003783,0.10477381944656372,-0.19333988428115845,-0.19457746064290404,-0.0793742835521698,-0.12906211614608765,-0.042821680661290884,0.06772303581237793,-0.3685445785522461,-0.11926097190007567,-0.07160037755966187,-0.358096182346344,-0.12793173408135772,-1.096529491019989,0.043804898406520736,-5.010944071479899,0.038457639289625374,0.02478921052181399,2.227097650933482,0.43687442231236145,0.42961118425361483,1.5513236265494725,25.031548967313608,25.749465742788026
swipe_right,anu,swipe_right,0.12625707685947418,-0.30392199754714966,-0.6282653077505529,-0.0860104113817215,0.07410004734992981,-0.12505135824903846,0.08959092199802399,-0.191299706697464,-0.2409153296612203,-0.07808844745159149,-0.13103029131889343,-0.02511933771893382,0.06494535505771637,-0.3720252215862274,-0.11919869622215629,-0.07078363001346588,-0.3564335107803345,-0.12744267424568534,-1.2017971638476754,-0.06337779940980613,-2.912742057532865,0.0364486918304892,-0.13103178053190717,0.3326199948787563,0.4308093754078921,0.5172484812233057,0.27816468278038065,18.96213205423595,57.60230493562224
swipe_right,anu,swipe_right,0.08471344411373138,-0.3050486445426941,-0.6432175247464329,-0.08492572605609894,0.06927591562271118,-0.11134736076928675,0.07759396731853485,-0.1895105242729187,-0.29975517676211894,-0.07640798389911652,-0.13443303108215332,-0.022846335778012872,0.06440393626689911,-0.37115851044654846,-0.1191529540810734,-0.0704568475484848,-0.35581621527671814,-0.09849712089635432,-1.258897961992226,-0.03414081804680156,-0.4530974847236438,0.03286925229159321,-0.14618580991571833,0.41527265090157345,0.4255323687602126,0.5286082336716613,0.22484417240203444,36.87261059931051,2.548684556295097
swipe_right,anu,swipe_right,0.06900997459888458,-0.303793728351593,-0.6432407866232097,-0.08480988442897797,0.07079416513442993,-0.1001463602297008,0.07619835436344147,-0.1849651336669922,-0.30944863660261035,-0.07581482827663422,-0.13302826881408691,-0.0007981751696206629,0.0633791834115982,-0.36938968300819397,-0.1139681632630527,-0.07002712786197662,-0.3537681996822357,-0.08016335172578692,-0.4758627125711228,0.03802776336669982,-0.0007049053568731768,0.0035103523369991976,0.046007560961174976,0.33942425877533716,0.42528937459017974,0.5333517084581696,0.07629780770499346,12.513231313427761,6.324062767242697
swipe_right,anu,swipe_right,0.027416199445724487,-0.30663955211639404,-0.6431717538507655,-0.08473974466323853,0.055006444454193115,-0.08126070734579116,0.0691690742969513,-0.1849651336669922,-0.30937960383016616,-0.07513406872749329,-0.13582313060760498,0.024707745644263923,0.06329271197319031,-0.37067103385925293,-0.10817406710702926,-0.06875929236412048,-0.3537681996822357,-0.07017879572231323,-1.2604174288835914,-0.08623708378184598,0.002091902195278363,0.0021254474466496443,-0.4784157781889763,0.5722925116336038,0.40923696474020893,0.5400089625427233,0.0044426691193720745,14.615554678511101,17.387956414694813
swipe_right,anu,swipe_right,0.003448307514190674,-0.3086917996406555,-0.6432090214220807,-0.08484551310539246,0.055006444454193115,-0.07997795555274934,0.06255406141281128,-0.1849651336669922,-0.30941687140148133,-0.07453674077987671,-0.1401645541191101,0.03293867048341781,0.06318694353103638,-0.3712543547153473,-0.10821133467834443,-0.06657674908638,-0.3537681996822357,-0.06734484049957246,-0.7262997555010362,-0.062189318917015374,-0.0011293203428839372,-0.0032051043076949197,0.0,0.03887126645581351,0.4093776410889989,0.5419458485418778,3205.10430769492,11.678662662434416,21.71372927304888
swipe_right,anu,swipe_right,-0.0284651517868042,-0.3091070055961609,-0.6141214080853388,-0.08483687043190002,0.055006444454193115,-0.06422505609225482,0.05240577459335327,-0.1849651336669922,-0.3093926616711542,-0.07448422908782959,-0.14053606986999512,0.04110909171868116,0.06319558620452881,-0.37162113189697266,-0.1081871249480173,-0.06600335240364075,-0.35430195927619934,-0.01804635941516608,-0.9670745242725873,-0.012581998651678113,0.881442828386133,0.0002618991967403569,0.0,0.4773605897119627,0.41233547360424533,0.5179567604829046,261.89919674035696,76.85564872436944,13.28797058545886
swipe_right,anu,swipe_right,-0.05533304810523987,-0.3141968846321106,-0.5000184853561223,-0.08483213186264038,0.0495905876159668,-0.05976644577458501,0.03779694437980652,-0.20459091663360596,-0.2290280987508595,-0.07438582181930542,-0.14551854133605957,0.06791247380897403,0.06320032477378845,-0.37606385350227356,-0.032735076267272234,-0.06310701370239258,-0.35917073488235474,0.047271772753447294,-0.8141786763162016,-0.15423875866513678,3.457664325127642,0.00014359300786798105,-0.16411687388563978,0.13510940356574666,0.42310161871033813,0.4860364870387387,0.000874938265213204,5.278656316390052,11.501995543267542
swipe_right,anu,swipe_right,-0.07813268899917603,-0.3143242299556732,-0.4661373575218022,-0.08483213186264038,0.04857000708580017,-0.05976644577458501,0.024377912282943726,-0.2174256145954132,-0.2290280987508595,-0.07414859533309937,-0.14585831761360168,0.06791247380897403,0.06331434845924377,-0.3763875663280487,-0.032735076267272234,-0.06254217028617859,-0.3604641258716583,0.047271772753447294,-0.6908982089071672,-0.003858949198867397,1.0267008434642608,0.0,-0.03092668273232249,0.0,0.42339454948900174,0.46010505270434154,0.0,178.99152898434352,5.749132451046097
swipe_right,anu,swipe_right,-0.0949704647064209,-0.31432709097862244,-0.4661373575218022,-0.08423176407814026,0.04856714606285095,-0.05976644577458501,0.014974772930145264,-0.22817817330360413,-0.2290280987508595,-0.0720369815826416,-0.1458611786365509,0.06791247380897403,0.0639147162437439,-0.3766098916530609,-0.032735076267272234,-0.0607454776763916,-0.36296626925468445,0.047271772753447294,-0.510235627492277,-8.669766512784229e-05,0.0,0.018192963166670656,-8.669766512784229e-05,0.0,0.4258738519767501,0.4657909245380905,207.45094114135938,5818.1210041165305,1.0850383225338183
swipe_right,anu,swipe_right,-0.10600464046001434,-0.31432870030403137,-0.46605659183114767,-0.08399854600429535,0.04063859581947327,-0.05968568008393049,0.008809313178062439,-0.23460063338279724,-0.22894733306020498,-0.07120229303836823,-0.15128907561302185,0.06799323949962854,0.0641479343175888,-0.3770836889743805,-0.03265431057661772,-0.05925057828426361,-0.36854732036590576,0.05073158536106348,-0.3343689622301097,-4.876743663441129e-05,0.002447445171349015,0.007067214358936769,-0.2402590982841761,0.002447445171349015,0.4245439299048922,0.46981658623668676,0.02941484836395002,6718.629385844499,7.286133747705733
swipe_right,anu,swipe_right,-0.11732432246208191,-0.3137481212615967,-0.46605659183114767,-0.08368992805480957,0.03440985083580017,-0.15602753218263388,0.002455770969390869,-0.23478737473487854,-0.23052879329770803,-0.07107400894165039,-0.15270742774009705,0.06360726151615381,0.06425312161445618,-0.37710219621658325,-0.049570816569030285,-0.05850720405578613,-0.37035071849823,0.05073158536106348,-0.3430206667293072,0.017593304316202135,0.0,0.009352059075326276,-0.18874984799008665,-2.919450063596962,0.4552083267725533,0.4587423111142652,0.04954711025095608,19.49611991270541,88.55613294625047
swipe_right,anu,swipe_right,-0.12347802519798279,-0.3093299865722656,-0.4716967111453414,-0.08275365829467773,0.024749815464019775,-0.16359230037778616,-0.0029165148735046387,-0.23473668098449707,-0.2510833805426955,-0.07055875658988953,-0.16754072904586792,0.05014507193118334,0.06460225582122803,-0.3768692910671234,-0.055360875092446804,-0.05718034505844116,-0.37238383293151855,0.04735253844410181,-0.1864758404818478,0.13388286937367044,-0.17091270649072168,0.02837181091308639,-0.2927283445994106,-0.22923539985310312,0.45040743118139387,0.4618130337504315,0.09692164942299233,1.392817830513943,81.58456105261948
swipe_right,anu,swipe_right,-0.12427963316440582,-0.304789662361145,-0.47909728344529867,-0.08220963180065155,0.01873481273651123,-0.16359230037778616,-0.0023724883794784546,-0.23458170890808105,-0.25134251173585653,-0.07001473009586334,-0.1678459644317627,0.05014507193118334,0.06484158337116241,-0.3767566382884979,-0.05743330251425505,-0.05573470890522003,-0.37374433875083923,0.04735253844410181,-0.024291150497668106,0.13758558215517205,-0.22425976666537556,0.016485651334127053,-0.18227280992450426,0.0,0.44636143529671324,0.46770353107779394,0.09044443269691473,0.17655174012733457,7.7192813386591865
swipe_right,anu,swipe_right,-0.12399901449680328,-0.30177873373031616,-0.48165636509656906,-0.08192901313304901,0.01678529381752014,-0.16719309240579605,-0.0020918697118759155,-0.23453274369239807,-0.2519751414656639,-0.0697341114282608,-0.17093107104301453,0.04419549182057381,0.06493522226810455,-0.37674158811569214,-0.061638571321964264,-0.05543874204158783,-0.37459370493888855,0.05072614550590515,0.008503595987955408,0.09124026154026495,-0.0775479288263725,0.008503595987955408,-0.059076330878515604,-0.10911490993968954,0.4487405145315995,0.4666160332080626,0.14394008431832986,0.09319901812408363,4.992846050881971
swipe_right,anu,swipe_right,-0.1237780898809433,-0.29983264207839966,-0.492487533017993,-0.08170808851718903,0.012943834066390991,-0.17205324582755566,-0.0018709450960159302,-0.2343907654285431,-0.2601811718195677,-0.06954286992549896,-0.17318865656852722,0.03429866023361683,0.064975306391716,-0.3768019378185272,-0.061626045033335686,-0.05498678982257843,-0.3758006691932678,0.05073867179453373,0.006694685329090572,0.05897247430050106,-0.32821720974012375,0.006694685329090572,-0.11640787124633975,-0.1472773764169601,0.4488569428852063,0.4766484437397732,0.05751009572907506,0.11352028023612121,2.0877339806290984
swipe_right,anu,swipe_right,-0.12339502573013306,-0.29985907673835754,-0.5014641741290689,-0.08450141549110413,0.012917399406433105,-0.16722938511520624,-0.0012532472610473633,-0.23433911800384521,-0.26022999081760645,-0.06939446926116943,-0.1732150912284851,0.03424984123557806,0.06517860293388367,-0.3768283724784851,-0.06233300734311342,-0.05460372567176819,-0.3758271038532257,0.05068985279649496,0.01160800457000751,-0.0008010503017541261,-0.2720194276083643,-0.08464627193682256,-0.0008010503017541261,0.146177597343924,0.4466597753583243,0.4840665941345677,105.53736062650525,14.472913412812382,9.950470968553459
swipe_right,anu,swipe_right,-0.11742377281188965,-0.2999730408191681,-0.5065437415614724,-0.08491471409797668,0.012803435325622559,-0.15888109896332026,3.865361213684082e-05,-0.23390746116638184,-0.26022999081760645,-0.06929895281791687,-0.17332905530929565,0.017437617294490337,0.06516051292419434,-0.37694233655929565,-0.06342790368944407,-0.054508209228515625,-0.37594106793403625,0.04984813090413809,0.18094705812858128,-0.0034534569942588655,-0.1539262858304052,-0.012524200208258876,-0.0034534569942588655,0.2529783682389597,0.44228354678196846,0.48539977302993964,3.6255192144737856,52.38075287355038,3.9060398188617684
swipe_right,anu,swipe_right,-0.10958775877952576,-0.2998705208301544,-0.5076955653930781,-0.08509787917137146,0.012351691722869873,-0.15891909079800826,0.003160029649734497,-0.23397350311279297,-0.26116053240548354,-0.06905433535575867,-0.17378079891204834,0.017399625459802337,0.06539565324783325,-0.37739408016204834,-0.06983795242558699,-0.05426359176635742,-0.37639281153678894,0.04536518228997011,0.23745497067769747,0.003106666333747682,-0.03490375247290131,-0.005550456769538737,-0.013689200083414932,-0.0011512677178182116,0.44023301367055334,0.47785812326443866,0.4054328450803921,76.409416319589,7.710038738048366
swipe_right,anu,swipe_right,-0.10586823523044586,-0.3017180860042572,-0.5187240936065791,-0.08511687815189362,0.02948954701423645,-0.1387621559406398,0.007678672671318054,-0.22687485814094543,-0.26116053240548354,-0.06905187666416168,-0.16161903738975525,0.017399625459802337,0.0653395801782608,-0.3790268301963806,-0.06983795242558699,-0.05498804152011871,-0.3777376115322113,0.010640883425367065,0.11271283482060468,-0.05598682345766099,-0.33419782465155007,-0.0005757266824895777,0.5193289482232379,0.6108162077990542,0.4348137229048762,0.48660818502152897,0.0011085951897426435,2.013166932732082,24.592870129507084
swipe_right,anu,swipe_right,-0.09696623682975769,-0.3046805262565613,-0.5230143167282222,-0.08513098955154419,0.04504731297492981,-0.1387621559406398,0.02134379744529724,-0.2123652994632721,-0.26116053240548354,-0.06871110200881958,-0.16109535098075867,0.014810128675890155,0.06533512473106384,-0.3820355534553528,-0.06983795242558699,-0.05548614263534546,-0.3797203004360199,-0.0005601047159871086,0.26975752729358526,-0.08977091673648861,-0.13000676126191318,-0.0004276181712295138,0.47144745335435173,0.0,0.44766745393675916,0.4875390747006613,0.0009070305951520558,3.0049211056216634,18.566365196721588
swipe_right,anu,swipe_right,-0.07921776175498962,-0.30351006984710693,-0.5319567419792293,-0.08546516299247742,0.047954410314559937,-0.1387621559406398,0.0336376428604126,-0.19258210062980652,-0.26451406853448134,-0.06861671805381775,-0.16003844141960144,0.01250717656512279,0.06514203548431396,-0.3815080523490906,-0.08047877477656584,-0.05609625577926636,-0.3750438690185547,-0.002392635607975535,0.5378325780232543,0.03546837604406974,-0.2709825833638406,-0.010126467907067118,0.08809385877666717,0.0,0.44540624502293946,0.4803704728673504,0.11494959010876145,15.163294030180062,11.620492892358659
swipe_right,anu,swipe_right,-0.06388631463050842,-0.2907468378543854,-0.5868183363927528,-0.08673062920570374,0.06255057454109192,-0.1387275744928047,0.04469791054725647,-0.1762392222881317,-0.30270692601334304,-0.06861662864685059,-0.15263709425926208,0.012541758012957871,0.06514212489128113,-0.3812122642993927,-0.11730728193651885,-0.05869525671005249,-0.36959633231163025,-0.022299476782791317,0.46458930680246807,0.38676460584005334,-1.662472557985589,-0.03834746100685874,0.4423080068646126,0.0010479226616691175,0.4484333095898627,0.49525040317389935,0.08669834982265376,1.2012167053825327,10.76782206438274
swipe_right,anu,swipe_right,-0.04996718466281891,-0.2731432318687439,-0.6297216831007972,-0.08693654835224152,0.06839406490325928,-0.14384409470949322,0.056046828627586365,-0.16555720567703247,-0.33713023050222546,-0.0683126300573349,-0.1410996913909912,-0.007093873922713101,0.06544612348079681,-0.3800782263278961,-0.18646911962423474,-0.059515491127967834,-0.36819013953208923,-0.0941724373260513,0.42179181720271924,0.5334426056255078,-1.3001014153953059,-0.0062399741375086075,0.1770754655202258,-0.15504606717238167,0.44025555702223806,0.47034897657502794,0.035238867678866526,0.7906961724813114,9.376549170485964
swipe_right,anu,swipe_right,-0.03059588372707367,-0.24364539980888367,-0.6297519674990326,-0.08774770796298981,0.06897327303886414,-0.19081434817053378,0.06440703570842743,-0.14971241354942322,-0.33716051490046084,-0.0700991302728653,-0.1392987072467804,-0.04931377456523478,0.06546013057231903,-0.3771059513092041,-0.2256166806910187,-0.06146444380283356,-0.3678375780582428,-0.14821672649122775,0.587009119264985,0.8938736987836094,-0.0009177090374357425,-0.024580594265098798,0.017551761684995042,-1.423341013970872,0.4396692927460647,0.43630700972279884,1.400383296157407,0.6567017950768612,38.7399830058472
swipe_right,anu,swipe_right,-0.015324652194976807,-0.21183505654335022,-0.6297782126348466,-0.0885557234287262,0.06839063763618469,-0.19791599246673286,0.07423606514930725,-0.14210447669029236,-0.3371867600362748,-0.07062163949012756,-0.1395605504512787,-0.04997018235735595,0.06557825207710266,-0.3745599687099457,-0.22564292582683265,-0.06310397386550903,-0.3682297468185425,-0.15085203084163368,0.46276459188173047,0.9639497959252713,-0.0007953071458773306,-0.024485317143527335,-0.017655618263013716,-0.21520134230906657,0.4398865400999118,0.44311398872375846,1.3867501000923868,0.48007076070468385,36.625835453994746
swipe_right,anu,swipe_right,-0.0026767104864120483,-0.1781996488571167,-0.629731897264719,-0.08853663504123688,0.0669293999671936,-0.20081444457173347,0.08228395879268646,-0.14083659648895264,-0.33714044466614723,-0.07090379297733307,-0.14093834161758423,-0.06015937030315399,0.06571738421916962,-0.37553638219833374,-0.22655554488301277,-0.06451906263828278,-0.3697529137134552,-0.1562722511589527,0.38327096086560486,1.019254778370729,0.0014034960644714984,0.0005784359845248228,-0.044279929363367034,-0.08783188196971702,0.43960470181702704,0.4540602489055791,0.013062869114110202,0.37603020654762437,4.0155831774332915
swipe_right,anu,swipe_right,0.006275460124015808,-0.1284850835800171,-0.5834537588525563,-0.08856405317783356,0.07215303182601929,-0.22816222836263478,0.08618439733982086,-0.14083659648895264,-0.3043457113672048,-0.07163111865520477,-0.13739687204360962,-0.06100065563805401,0.06574781239032745,-0.374483585357666,-0.2327318482566625,-0.06668104231357574,-0.3695065379142761,-0.16219907929189503,0.27127789728569696,1.5065019780939515,1.402367830671618,-0.000830852624141822,0.15829187450987173,-0.8287207209364164,0.447094149752596,0.43250211806761174,0.005248831488558299,0.18007126519518835,23.27528382273192
swipe_right,anu,swipe_right,0.010216549038887024,-0.09115523099899292,-0.5078155065421015,-0.08857093751430511,0.07239103317260742,-0.24704965599812567,0.0861881822347641,-0.14083659648895264,-0.2638505364302546,-0.07464580237865448,-0.1366434097290039,-0.07803437509573996,0.06584350764751434,-0.37346455454826355,-0.2328058595303446,-0.06833373010158539,-0.3667759299278259,-0.17503721662797034,0.11942693681427474,1.1312076539703866,2.292068251831878,-0.00020861625671385927,0.007212162017821992,-0.5723462919845509,0.4454918152634941,0.39802414328332375,0.0289216097182371,0.10557463151921853,9.017548167558548
swipe_right,anu,swipe_right,0.019135549664497375,-0.04341322183609009,-0.4221287036780268,-0.0889950841665268,0.07368582487106323,-0.28216015943326056,0.08625711500644684,-0.14083659648895264,-0.25607612379826605,-0.07553844153881073,-0.13568902015686035,-0.11096460022963583,0.0660257488489151,-0.3731669783592224,-0.23666727193631232,-0.06925635039806366,-0.36675214767456055,-0.1905496681574732,0.27027274623062103,1.446727550391018,2.596569783759881,-0.01285292885520262,0.03923611207441913,-1.063954649549559,0.4502973544033687,0.3812245708035596,0.3275707149604969,0.1868164875557149,14.933713015578872
swipe_right,anu,swipe_right,0.030054479837417603,0.004963785409927368,-0.4179097379092127,-0.08894696831703186,0.08803030848503113,-0.3488831187132746,0.08630523085594177,-0.13684669137001038,-0.2518837715033442,-0.07744336128234863,-0.13117340207099915,-0.20837928005494177,0.06657043099403381,-0.36717280745506287,-0.3128953839186579,-0.06994229555130005,-0.36154648661613464,-0.2824063564185053,0.3308766719066788,1.465969916546007,0.12784744753982286,0.001458056045301056,0.4346813216353977,-2.0219078569701545,0.4548622123298037,0.38839036159782525,0.0033543026084323774,0.2257047995783311,31.407977229755186
swipe_right,anu,swipe_right,0.04258432984352112,0.030963361263275146,-0.4045409227255732,-0.08893653750419617,0.09421223402023315,-0.37291314848698676,0.0849408209323883,-0.1314936876296997,-0.2518837715033442,-0.07855498790740967,-0.12191033363342285,-0.22182155796326697,0.06665852665901184,-0.36135023832321167,-0.3146810794714838,-0.07144242525100708,-0.3548819124698639,-0.2912565136794001,0.3796924244273649,0.7878659349499029,0.40511561162542487,0.00031608523744524133,0.18733107682429673,-0.7281827204154924,0.4567925156822247,0.40319265717826114,0.001687299061664198,0.48192455804927,39.91391306385007
swipe_right,anu,swipe_right,0.053854554891586304,0.04961636662483215,-0.40377267298754305,-0.0888795554637909,0.09486642479896545,-0.4057220726972446,0.08403661847114563,-0.13110890984535217,-0.2517395823961124,-0.0784980058670044,-0.12152555584907532,-0.2467102169757709,0.06678357720375061,-0.36070266366004944,-0.3200524061685428,-0.0714786946773529,-0.35428470373153687,-0.3028971463209018,0.3415219711534959,0.5652425867138577,0.023280295091822664,0.0017267284971295256,0.01982396299188819,-0.9942098245532833,0.46109922110174195,0.41897249230482736,0.08709869964630217,0.6042031774990911,9.526486359848619
swipe_right,anu,swipe_right,0.06099148094654083,0.06886526942253113,-0.38963977577805053,-0.08815725147724152,0.09493902325630188,-0.40665544154762756,0.08344610035419464,-0.12469109892845154,-0.2560883867990924,-0.07846321165561676,-0.12145295739173889,-0.24728446784138214,0.06712116301059723,-0.3582286834716797,-0.32763091805099975,-0.07144390046596527,-0.35358521342277527,-0.3096781778585864,0.21627048651377703,0.583300084778766,0.42826961240887085,0.021887999592405727,0.002199953252618998,-0.028283904557060337,0.45919267923518636,0.4316154724261196,9.94478168328217,0.37076990281237676,29.281728421803766
idle,anu,swipe_right,0.07041014730930328,0.08413514494895935,-0.3882343264122028,-0.08800758421421051,0.0951245129108429,-0.4319180937309284,0.08313710987567902,-0.12041041254997253,-0.2560624273319263,-0.07846321165561676,-0.12145295739173889,-0.27638197856140323,0.06750871241092682,-0.35550281405448914,-0.3313437195320148,-0.07144390046596527,-0.35336294770240784,-0.33312521295738406,0.28541413220491196,0.4627235008008377,0.042589374722657294,0.004535371607000006,0.005620898622454806,-0.7655349146454502,0.4595382369707332,0.4433130885417026,0.8067330828209834,0.616812232140173,22.34736758258147
idle,anu,swipe_right,0.07654999196529388,0.0848141610622406,-0.3862707668231451,-0.08720727264881134,0.09499439597129822,-0.4389304870055639,0.08315037190914154,-0.12050274014472961,-0.2507599049495184,-0.07821623980998993,-0.12169751524925232,-0.28203878339991206,0.06775568425655365,-0.35554924607276917,-0.33133757647738094,-0.07119692862033844,-0.3535778224468231,-0.34044865307078,0.1860558986663848,0.020576245857007902,0.059501805729022014,0.02425186561815705,-0.003942937561959994,-0.2124967658980501,0.4595345883256484,0.44386363400620504,6.149150496719515,9.041827072451513,16.77188279247758
idle,anu,swipe_right,0.08063481748104095,0.09085440635681152,-0.38020047642930876,-0.08675931394100189,0.0932769775390625,-0.440751136324252,0.08333204686641693,-0.12252950668334961,-0.2505336711619748,-0.07777480781078339,-0.12398380041122437,-0.2865344891761197,0.06819711625576019,-0.35757210850715637,-0.33136364915117156,-0.0707024484872818,-0.3556045889854431,-0.3446261594508542,0.12378259138627683,0.18303773619912178,0.183948193752619,0.013574506297256223,-0.05204298279502258,-0.05517119147539735,0.4593391937039602,0.4512494557818418,0.2608275840594289,0.6762644561292088,4.995770177886091
idle,anu,swipe_right,0.08320307731628418,0.09150242805480957,-0.38019569747848436,-0.08640453219413757,0.09278851747512817,-0.4428617560188286,0.08352524042129517,-0.12298870086669922,-0.2505288922111504,-0.07744309306144714,-0.1247025728225708,-0.28741209738655016,0.06852883100509644,-0.35792800784111023,-0.33178587787551805,-0.07036888599395752,-0.35609304904937744,-0.346067329577636,0.07782605561343231,0.01963702115145628,0.00014481669164855603,0.010750962026191652,-0.014801820119222242,-0.06395817256292825,0.4594790133451483,0.452268239928905,0.7262779618750459,3.963029422017963,1.1626604321018892
idle,anu,swipe_right,0.08425846695899963,0.09205231070518494,-0.38021545589435846,-0.08606857061386108,0.09278050065040588,-0.4465104240225628,0.08352282643318176,-0.1232118308544159,-0.25054865062702447,-0.07752418518066406,-0.1250724494457245,-0.29574762762058526,0.06870755553245544,-0.358104944229126,-0.33352135599125177,-0.07009121775627136,-0.3563227653503418,-0.3523269492434338,0.03198150432470952,0.01666311061743471,-0.0005987398749725158,0.010180653947772017,-0.00024293408249362834,-0.1105656970828504,0.45915089704621626,0.4528396228047538,41.73526652651312,1.9191845913006056,1.4797524660249155
idle,anu,swipe_right,0.0847773402929306,0.09224823117256165,-0.3802189554553479,-0.08533518016338348,0.0931864082813263,-0.4552003766875714,0.08398912847042084,-0.12322506308555603,-0.2489095355849713,-0.07717178761959076,-0.12521305680274963,-0.3037975754123181,0.0692056268453598,-0.35798898339271545,-0.3335248555522412,-0.06954951584339142,-0.35633599758148193,-0.35956469434313476,0.01572343436154477,0.005936983859900367,-0.00010604730271028919,0.022223953044776115,0.012300231240012624,-0.26333189893965886,0.45985406849151256,0.4529198235945893,1.8066446041992548,2.647941579586677,4.659171911511029
idle,anu,swipe_right,0.08492712676525116,0.0922645628452301,-0.3802026131306775,-0.08525624871253967,0.09338054060935974,-0.4563396343146451,0.08395390212535858,-0.12334445118904114,-0.2487578162108548,-0.07709939777851105,-0.1253756582736969,-0.3050756373559125,0.06927795708179474,-0.35794997215270996,-0.3324519761954434,-0.06947383284568787,-0.35645775496959686,-0.35967601026641205,0.00453898400971391,0.000494899171771433,0.0004952219597092259,0.002391862146782191,0.005882797819195465,-0.03452295839617253,0.46037748971264125,0.45301009631454525,0.40651671255237787,9.15303809340902,6.962316682304356
idle,anu,swipe_right,0.08507691323757172,0.09228089451789856,-0.38021592411678284,-0.08517731726169586,0.09357467293739319,-0.45747889194171876,0.08391867578029633,-0.12346383929252625,-0.2486060968367383,-0.07702700793743134,-0.12553825974464417,-0.30635369929950684,0.06935028731822968,-0.35791096091270447,-0.33352182421367615,-0.06939814984798431,-0.3565795123577118,-0.35978732618968934,0.004538984009713666,0.0004948991717714065,-0.00040336321531370107,0.002391862146782062,0.005882797819195149,-0.03452295839617067,0.46090282563904156,0.4528800861426976,0.40651671255237787,9.153038093409018,5.729611056612908e-14
idle,anu,swipe_right,0.08505179733037949,0.09260284900665283,-0.3802529298700392,-0.08502420037984848,0.09392166137695312,-0.4577811532653868,0.08382534235715866,-0.12325906753540039,-0.24875483149662614,-0.0769878402352333,-0.12555456161499023,-0.3068295889534056,0.06939955800771713,-0.357614129781723,-0.3345393114723265,-0.06934688240289688,-0.3563741445541382,-0.3607571595348418,-0.0007610880967342614,0.009756196628917503,-0.0011213864623145803,0.004639905510526789,0.010514801198786122,-0.0091594340505475,0.4608966765962913,0.45280244642907846,0.4412317637825248,0.07800274255810495,0.784267669436337
