ground_truth,person_id,video_label,left_wrist_x,left_wrist_y,left_wrist_z,right_wrist_x,right_wrist_y,right_wrist_z,left_elbow_x,left_elbow_y,left_elbow_z,right_elbow_x,right_elbow_y,right_elbow_z,left_shoulder_x,left_shoulder_y,left_shoulder_z,right_shoulder_x,right_shoulder_y,right_shoulder_z,left_wrist_x_vel,left_wrist_y_vel,left_wrist_z_vel,right_wrist_x_vel,right_wrist_y_vel,right_wrist_z_vel,right_arm_len,left_arm_len,right_horiz_ratio,left_horiz_ratio,right_wrist_acc
idle,anu,swipe_left,0.0781082846224308,0.08405865728855133,-0.38252081046812236,-0.26860281452536583,-0.27743667364120483,-0.37650819192640483,0.08349401131272316,-0.1338699907064438,-0.23555576126091182,-0.16338775679469109,-0.22100131213665009,-0.1714478589128703,0.06765434518456459,-0.36851076781749725,-0.27585417102091014,-0.0687057189643383,-0.3808668255805969,-0.19655350665561855,0.0,0.0,0.0,0.0,0.0,0.0,0.2881671978120481,0.46508724059207585,0.0,0.0,0.0
idle,anu,swipe_left,0.07796748727560043,0.08401978015899658,-0.38243481051176786,-0.26862799376249313,-0.277514785528183,-0.37325122486799955,0.08319022506475449,-0.13398802280426025,-0.2327157063409686,-0.16390810161828995,-0.22235429286956787,-0.17095843981951475,0.06762727349996567,-0.36849430203437805,-0.2766501856967807,-0.06874159723520279,-0.38086485862731934,-0.19683610927313566,-0.004266586267586911,-0.0011780948349923801,0.002606059283469663,-0.0007630071856758813,-0.00236702687812574,0.09869597146682668,0.2859337373179513,0.46482932507694225,0.32221221504030845,3.618526806297548,2.9917363658920157
idle,anu,swipe_left,0.07782034575939178,0.08393490314483643,-0.3825171049684286,-0.2687114477157593,-0.2774229198694229,-0.3614669647067785,0.0829654186964035,-0.13412848114967346,-0.23568068258464336,-0.16416528820991516,-0.22324155271053314,-0.16863981448113918,0.0676174908876419,-0.36849677562713623,-0.2769309636205435,-0.06881240010261536,-0.3808679059147835,-0.19685584865510464,-0.004458833824504505,-0.002572030732125947,-0.002493771413962046,-0.0025289076747316303,0.0027838078412142668,0.35709879276427353,0.27884998458372645,0.4647009311898299,0.9081085011700284,1.7329112197662822,7.832126837356522
idle,anu,swipe_left,0.07767320424318314,0.08388149738311768,-0.3825990678742528,-0.2687949016690254,-0.27729958295822144,-0.34968237299472094,0.08274061232805252,-0.13423746824264526,-0.23864532727748156,-0.16442247480154037,-0.224097341299057,-0.16632085759192705,0.06760770827531815,-0.3684653341770172,-0.2772114099934697,-0.06888320297002792,-0.3808394819498062,-0.19687525648623705,-0.004458833824504505,-0.001618356415719697,-0.002483724418914679,-0.0025289076747316303,0.0037374821576205163,0.3571088397593209,0.2720941249191972,0.4645702623556195,0.6764530545041412,2.7534604372582474,0.02890082538407857
idle,anu,swipe_left,0.07752819359302521,0.08404874801635742,-0.38535688910633326,-0.26932744681835175,-0.27729958295822144,-0.33876474294811487,0.0823822170495987,-0.13484495878219604,-0.23864565882831812,-0.16475583612918854,-0.22523444890975952,-0.16097645554691553,0.06757725775241852,-0.36843180656433105,-0.2772117415443063,-0.06890071928501129,-0.38096940517425537,-0.1968755880370736,-0.004394262125997832,0.005068201007265033,-0.08357034036607452,-0.016137731797767407,0.0,0.3308372741395777,0.26655362955585027,0.4653311147333304,16137.731797767407,0.8668549776779619,0.9037032407231894
idle,anu,swipe_left,0.07744380831718445,0.0840531587600708,-0.39016927871853113,-0.27003908157348633,-0.27669447660446167,-0.3272831002250314,0.08209505677223206,-0.13484054803848267,-0.23892410192638636,-0.1649704873561859,-0.22523003816604614,-0.16097645554691553,0.06761285662651062,-0.36839261651039124,-0.2865640977397561,-0.06910085678100586,-0.3809936046600342,-0.2081288555637002,-0.0025571295709320993,0.0001336589004054214,-0.14582998824842047,-0.021564689549532803,0.018336556174538353,0.3479285673661665,0.2558362998417513,0.4642605525961457,1.1759849210155557,18.989681062546005,0.7771965034033389
idle,anu,swipe_left,0.07727281749248505,0.08423146605491638,-0.3953884104266763,-0.27210456132888794,-0.2760438621044159,-0.3272831002250314,0.08190636336803436,-0.13466224074363708,-0.24467043671756983,-0.16570372879505157,-0.22505173087120056,-0.16097645554691553,0.06767766177654266,-0.36821430921554565,-0.2919024983420968,-0.06912048161029816,-0.380817174911499,-0.21242912206798792,-0.0051815401424061165,0.005403251358957002,-0.15815550630742853,-0.06259029561823064,0.01971559091047807,0.0,0.2556783526117773,0.46422901737534666,3.174498872671138,0.9587896265813463,10.61641443017131
idle,anu,swipe_left,0.07714530825614929,0.08540976047515869,-0.4002874824218452,-0.2733186334371567,-0.27157458662986755,-0.32727933255955577,0.08194497227668762,-0.13422250747680664,-0.25266853300854564,-0.1655949056148529,-0.22461199760437012,-0.16097268788143992,0.06778451800346375,-0.3675016462802887,-0.30121159879490733,-0.06901165843009949,-0.3803832530975342,-0.2188367578200996,-0.003863916252598618,0.035705891522494225,-0.14845672712633104,-0.03679006388693145,0.13543259013782846,0.00011417168107899752,0.25561779662443057,0.463715858559756,0.27164652321105,0.10821205901287911,3.592678109550972
idle,anu,swipe_left,0.07686437666416168,0.08678418397903442,-0.41845677932724357,-0.275181382894516,-0.26924052834510803,-0.327260450925678,0.08189965784549713,-0.13295042514801025,-0.27636121353134513,-0.16562364995479584,-0.2229955792427063,-0.17753222724422812,0.06774301826953888,-0.3664226233959198,-0.32190813263878226,-0.06904040277004242,-0.3796178698539734,-0.23725985130295157,-0.008513078545079093,0.04164919708714344,-0.5505847547090419,-0.05644695325331259,0.07072903893210677,0.0005721707235683099,0.25055412416819967,0.4634665582405438,0.7980619564976571,0.20439467614684845,2.0492451075580984
idle,anu,swipe_left,0.07668991386890411,0.0881563127040863,-0.4184495103545487,-0.27786973118782043,-0.2675459682941437,-0.3510291767306626,0.08192379772663116,-0.13130173087120056,-0.2846696567721665,-0.16559897363185883,-0.21953290700912476,-0.19952737214043736,0.06776578724384308,-0.36532142758369446,-0.3338268590159714,-0.06901572644710541,-0.37872031331062317,-0.2527882349677384,-0.005286751371441461,0.041579658334905414,0.00022027189984466072,-0.08146509979710427,0.051350304574677395,-0.7202644183328651,0.25618550490717484,0.4613921261704652,1.5864270727267313,0.12714448455481595,21.864572548139403
idle,anu,swipe_left,0.07641655206680298,0.08902928233146667,-0.4184519639238715,-0.2780439108610153,-0.2669154703617096,-0.3510316302999854,0.08174699544906616,-0.13051369786262512,-0.2846721103414893,-0.1653236746788025,-0.2178173065185547,-0.20886999275535345,0.06757014989852905,-0.3646484315395355,-0.3350232532247901,-0.06917369365692139,-0.3780898153781891,-0.25895222928375006,-0.008283690972761682,0.02645362507213248,-7.435058554013576e-05,-0.005278171914996527,0.019105997952547957,-7.435058554013576e-05,0.25389982023671714,0.46136978299781706,0.2762428680897342,0.31312826963810536,21.9674581298442
idle,anu,swipe_left,0.07633611559867859,0.08979937434196472,-0.41843653889372945,-0.27807606756687164,-0.266148179769516,-0.3515535113401711,0.08165720105171204,-0.129728764295578,-0.28465668531134725,-0.16241857409477234,-0.21523654460906982,-0.20885456772521138,0.06752410531044006,-0.36387473344802856,-0.335007828194648,-0.06904777884483337,-0.37732642889022827,-0.258936804253608,-0.0024374687310421083,0.023336121530243822,0.00046742515582026814,-0.0009744456320097943,0.023251230066472815,-0.015814576975323923,0.25422683374335053,0.4613655788778325,0.04190762044002131,0.10444598867444994,0.5101897736541358
idle,anu,swipe_left,0.0762828141450882,0.090599924325943,-0.41703504463657737,-0.2780720889568329,-0.2653476297855377,-0.35154047748073936,0.08137418329715729,-0.12892821431159973,-0.2846436514519155,-0.15835069119930267,-0.212725430727005,-0.20884153386577964,0.06750805675983429,-0.3630724549293518,-0.3349947943352163,-0.06880460679531097,-0.37657272815704346,-0.25892377039417624,-0.0016151955633452457,0.024259090423584005,0.042469522944002476,0.00012056394056840386,0.024259090423584005,0.0003949654373255646,0.2544440135462657,0.4611141146569253,0.004969641022079614,0.06657829938568831,0.49326417288557045
idle,anu,swipe_left,0.07632458209991455,0.09071788191795349,-0.3991242814809084,-0.2731221914291382,-0.26529625058174133,-0.3599029053002596,0.08118152618408203,-0.12881025671958923,-0.27851791866123676,-0.15183362364768982,-0.20850852131843567,-0.20883800275623798,0.06751739978790283,-0.3629544973373413,-0.33499126322567463,-0.06847169995307922,-0.3764587938785553,-0.2589202392846346,0.0012656956007986346,0.0035744724851666044,0.5427503986566351,0.1499968947786272,0.001556945569587475,-0.25340690362182505,0.25384332476792015,0.45826764907634837,96.27864907908469,0.35399394235295245,8.958310271704274
swipe_left,anu,swipe_left,0.0764753669500351,0.09071597456932068,-0.3817326119169593,-0.26024486124515533,-0.2653489112854004,-0.3632575264200568,0.08084224164485931,-0.12882700562477112,-0.26316952612251043,-0.14336271584033966,-0.20634743571281433,-0.20698027219623327,0.06761746108531952,-0.3629536032676697,-0.333531497977674,-0.06815670430660248,-0.3765106499195099,-0.25539627578109503,0.004569237882440744,-5.779844341856065e-05,0.5270202898166401,0.39022212678735935,-0.001595778898759323,-0.10165518544840098,0.24675664441228146,0.45630899151352383,244.38081383124302,77.71018443318846,8.610897367555372
swipe_left,anu,swipe_left,0.07713200151920319,0.09019878506660461,-0.35910370852798223,-0.24150653183460236,-0.265379399061203,-0.3632575264200568,0.08119650185108185,-0.1293914020061493,-0.22363731171935797,-0.13205577433109283,-0.20520737767219543,-0.20698027219623327,0.06806577742099762,-0.36294662952423096,-0.29385706689208746,-0.06749095022678375,-0.376994252204895,-0.2168967267498374,0.01989801724751792,-0.015672409173214087,0.6857243451205173,0.5678281639561513,-0.0009238719940185554,0.0,0.2532997863494982,0.4579083832262323,613.9532471828303,1.2695398319290803,6.2012567690244635
swipe_left,anu,swipe_left,0.07837048172950745,0.0889025330543518,-0.3380297413095832,-0.2176612764596939,-0.2707592248916626,-0.3645068695768714,0.0820479691028595,-0.13008272647857666,-0.1869749715551734,-0.11840870976448059,-0.20431357622146606,-0.20698027219623327,0.06894466280937195,-0.36322933435440063,-0.25160261895507574,-0.06622594594955444,-0.37787774205207825,-0.17276775743812323,0.03752970334255331,-0.0392803640076608,0.638605067224213,0.7225834962093463,-0.16302502516544212,-0.037858883539835575,0.26677879070330324,0.46041472507655734,4.43231990399112,0.9554073360394034,6.887478943132161
swipe_left,anu,swipe_left,0.07904480397701263,0.08690392971038818,-0.3216516366228461,-0.18988563120365143,-0.27668496966362,-0.46958914306014776,0.08212064206600189,-0.13039934635162354,-0.1689538499340415,-0.10588867962360382,-0.2039870023727417,-0.20698027219623327,0.06912021338939667,-0.3633490204811096,-0.2258163383230567,-0.06554780900478363,-0.38016656041145325,-0.142535044811666,0.020434007500157194,-0.060563737695867315,0.4963062026283953,0.8416862198800744,-0.17956802339264824,-3.1843113176750384,0.3648735628049624,0.4604461109127634,4.687257322994017,0.337391166503005,95.41664495218615
swipe_left,anu,swipe_left,0.0793381929397583,0.08523443341255188,-0.2536936979740858,-0.1601986587047577,-0.28554239869117737,-0.6188555043190718,0.08178627490997314,-0.13038370013237,-0.109337342903018,-0.09723541140556335,-0.20335432887077332,-0.2318644504994154,0.06882846355438232,-0.36365318298339844,-0.16901659779250622,-0.06521245837211609,-0.3826889991760254,-0.13584269396960735,0.008890574628656552,-0.05059079690413037,2.0593314742048565,0.8996052272392033,-0.26840694022901107,-4.523223068452238,0.5017581242003791,0.4569253307276288,3.351634182176735,0.17573154488866782,40.70015828262641
swipe_left,anu,swipe_left,0.07952573895454407,0.08379212021827698,-0.16623664845246822,-0.12232241034507751,-0.30176812410354614,-0.6727656369330361,0.08056870102882385,-0.13130220770835876,-0.06153484631795436,-0.08849161863327026,-0.20190337300300598,-0.299459004891105,0.06761834025382996,-0.36367368698120117,-0.13450110901612788,-0.06494826078414917,-0.3828522264957428,-0.13414158870000392,0.0056832125692656684,-0.043706460432572904,2.650213621867206,1.1477651018084931,-0.49168864885966107,-1.6336403822413488,0.5477063903530137,0.4487477902116219,2.334328380657227,0.13002843251515625,88.14549988958694
swipe_left,anu,swipe_left,0.07923883199691772,0.08330461382865906,-0.13179127918556333,-0.09679535031318665,-0.30718445777893066,-0.6728056673891842,0.08007407188415527,-0.1321876347064972,-0.05912528606131673,-0.07932350039482117,-0.20184579491615295,-0.3089996580965817,0.06647384166717529,-0.36368781328201294,-0.11913476185873151,-0.06482532620429993,-0.382927268743515,-0.134181619156152,-0.008694150231101289,-0.014772920897512712,1.0437990686940866,0.773547273693662,-0.1641313234965005,-0.0012130441256996347,0.5448622956209022,0.4473537328594143,4.712949023171265,0.5884795438809346,51.712205990442605
swipe_left,anu,swipe_left,0.07848052680492401,0.08455753326416016,-0.1108775781467557,-0.06510846316814423,-0.3192148208618164,-0.6729352446272969,0.07890193164348602,-0.1301630735397339,-0.04976803157478571,-0.0778069943189621,-0.19908815622329712,-0.3484954806044698,0.06490133702754974,-0.36203664541244507,-0.10114310402423143,-0.06504471600055695,-0.3835020065307617,-0.1343111963942647,-0.02297894521193069,0.03796725562124538,0.6337485163275034,0.960208701364921,-0.3645564570571434,-0.003926582973111756,0.5424469666611426,0.44690660636119894,2.633902236196504,0.6052146677782234,8.299937824683894
swipe_left,anu,swipe_left,0.0789228230714798,0.08538368344306946,-0.09808305697515607,-0.03523208200931549,-0.31738707423210144,-0.6729821194894612,0.07969571650028229,-0.12754759192466736,-0.04981490643694997,-0.070807084441185,-0.1961742341518402,-0.3567801942117512,0.0647488385438919,-0.3591228425502777,-0.09495763527229428,-0.06392751634120941,-0.3810751736164093,-0.13607222633436322,0.013402917168357145,0.025034853906342455,0.3877127627757459,0.90534488360087,0.055386261506514066,-0.0014204503686139065,0.541434977926713,0.4447434336208723,16.34572388985855,0.5353489127431647,12.833904179458548
swipe_left,anu,swipe_left,0.07855735719203949,0.0847148597240448,-0.09810715494677424,-0.0044215768575668335,-0.34046560525894165,-0.6542490529827774,0.0796699970960617,-0.12814924120903015,-0.049839004408568144,-0.06627397239208221,-0.1973673403263092,-0.3662931132130325,0.06328217685222626,-0.36003756523132324,-0.09498173324391246,-0.06452737748622894,-0.3809976577758789,-0.13880204735323787,-0.011074723619403289,-0.02026738542498969,-0.0007302415641871384,0.9336516712651132,-0.6993494250557657,0.5676686820207234,0.520520095830033,0.4450256384736893,1.3350269590394035,0.5464038396343512,28.656633380997967
swipe_left,anu,swipe_left,0.0782577246427536,0.0847991406917572,-0.1108531984500587,0.022883638739585876,-0.3549242615699768,-0.6308789807371795,0.07869510352611542,-0.12832924723625183,-0.05287267593666911,-0.05910097062587738,-0.21157750487327576,-0.370940204244107,0.06004355847835541,-0.3631366193294525,-0.10111872432753444,-0.06581838428974152,-0.3797850012779236,-0.14004188356921077,-0.009079774220784497,0.0025539687185576446,-0.386243742523771,0.8274307756712935,-0.4381411003343983,0.7081840074423581,0.4994068093494517,0.44841159768820116,1.888498674379346,3.5537711889914245,9.547004407262538
swipe_left,anu,swipe_left,0.07798606157302856,0.08437785506248474,-0.1108531984500587,0.03866007924079895,-0.3693379759788513,-0.6193447667174041,0.0777314305305481,-0.12842336297035217,-0.05923048360273242,-0.05086597800254822,-0.21889525651931763,-0.39719876227900386,0.05793881416320801,-0.3631366193294525,-0.1027367222122848,-0.06737259030342102,-0.3797850012779236,-0.16269971011206508,-0.008232214234092011,-0.012766231190074563,0.0,0.4780739545822139,-0.43677922451134843,0.3495216369628903,0.46891019936696465,0.44803679994563034,1.0945412080344599,0.6447924465009969,15.172432202503156
swipe_left,anu,swipe_left,0.0778999775648117,0.08381929993629456,-0.11068214848637581,0.05172066390514374,-0.38162678480148315,-0.6138624809682369,0.07739971578121185,-0.12857654690742493,-0.06439870968461037,-0.044994160532951355,-0.22981354594230652,-0.4231978617608547,0.05774681270122528,-0.3632747232913971,-0.10283474251627922,-0.06933306157588959,-0.37992310523986816,-0.1904899738729,-0.002608606309601761,-0.01692591291485415,0.005183332232814859,0.3957752928589339,-0.3723881461403596,0.16612987118688538,0.44034212464977407,0.44761679754048783,1.0628002909347947,0.15410998583874017,6.3961521698627095
swipe_left,anu,swipe_left,0.07777318358421326,0.0829916000366211,-0.10256333276629448,0.05739310383796692,-0.39346906542778015,-0.613856952637434,0.07742288708686829,-0.12984615564346313,-0.07018882408738136,-0.04177507758140564,-0.23910921812057495,-0.4232817105948925,0.05777093768119812,-0.36388951539993286,-0.10409246012568474,-0.07063433527946472,-0.3804645538330078,-0.19750523194670677,-0.0038422418363166545,-0.025081815141620036,0.2460247187903431,0.17189211917645988,-0.35885698867566623,0.00016752517584598412,0.43578538044651705,0.4473311518388414,0.4789976107563123,0.15318224109307427,8.455048750847588
swipe_left,anu,swipe_left,0.07772630453109741,0.08243760466575623,-0.10255852062255144,0.057430922985076904,-0.4019280970096588,-0.613852140493691,0.07739090919494629,-0.1314661204814911,-0.07018401194363832,-0.04083719849586487,-0.24126923084259033,-0.42327689845114946,0.05779218673706055,-0.3632409870624542,-0.1040876479819417,-0.07111325860023499,-0.3806340992450714,-0.19750041980296373,-0.0014205773671468087,-0.016787738511056596,0.00014582253766782342,0.001146034760908646,-0.25633429035995925,0.00014582253766782342,0.4362634482538793,0.4461267918513174,0.004470842697075868,0.08461489624198125,6.0351837629443645
swipe_left,anu,swipe_left,0.07767029106616974,0.08025315403938293,-0.10258212499320507,0.05743159353733063,-0.40407314896583557,-0.609699783846736,0.07729573547840118,-0.13388904929161072,-0.07020761631429195,-0.040836527943611145,-0.2434142827987671,-0.4233005028218031,0.05779285728931427,-0.365386039018631,-0.10411125235259533,-0.07179240882396698,-0.381422221660614,-0.19785345904529095,-0.0016973777250810088,-0.06619547352646331,-0.0007152839592008874,2.0319765264337694e-05,-0.06500157442959867,0.12582898930166694,0.43223755337373965,0.446084903346249,0.00031259939229553297,0.02564151282775584,6.9370602022174195
swipe_left,anu,swipe_left,0.07769304513931274,0.07845357060432434,-0.10258867219090462,0.05745434761047363,-0.4054162800312042,-0.6080890782177448,0.07725071907043457,-0.1358329951763153,-0.0702141635119915,-0.04081377387046814,-0.24475741386413574,-0.42321767285466194,0.057832181453704834,-0.36672917008399963,-0.10411779955029488,-0.07219085097312927,-0.38218551874160767,-0.1978600062429905,0.0006895173679698591,-0.054532831365411885,-0.0001983999302892972,0.0006895173679698591,-0.04070094137480761,0.048809261484579564,0.4308543109673434,0.44562816870524136,0.016940650609767585,0.012643846043929088,2.447428339663896
swipe_left,anu,swipe_left,0.07769563794136047,0.07722717523574829,-0.10258867219090462,0.05680873990058899,-0.40660804510116577,-0.6057757623493671,0.07710257172584534,-0.13705599308013916,-0.067307498306036,-0.04081118106842041,-0.2459491789340973,-0.42053525522351265,0.05783835053443909,-0.3679209351539612,-0.10411779955029488,-0.07233649492263794,-0.3823802173137665,-0.1975305713713169,7.856975902210602e-05,-0.037163496017456145,0.0,-0.019563869996504397,-0.0361140930291379,0.07010048085993004,0.42887016132338585,0.44559341363755733,0.5417089741599207,0.0021141080181795507,0.9012565964708419
swipe_left,anu,swipe_left,0.07770039141178131,0.07715913653373718,-0.10258867219090462,0.05264259874820709,-0.4006774425506592,-0.6057757623493671,0.0770878940820694,-0.13899239897727966,-0.067307498306036,-0.04228322207927704,-0.24162426590919495,-0.41908087208867073,0.05789448320865631,-0.36923128366470337,-0.10411779955029488,-0.0723317414522171,-0.3822809159755707,-0.19809724763035774,0.00014404455820719435,-0.0020617788488214717,0.0,-0.12624670158733053,0.1797152288032305,0.0,0.42680064346490487,0.4468322050559608,0.7024780256520784,0.06983034477471561,7.598607971185956
swipe_left,anu,swipe_left,0.07770134508609772,0.07708379626274109,-0.10720256343483925,0.04851152002811432,-0.39494913816452026,-0.6057757623493671,0.07707329094409943,-0.13906773924827576,-0.067307498306036,-0.043998077511787415,-0.2274598777294159,-0.41159312799572945,0.058161988854408264,-0.37070703506469727,-0.10411779955029488,-0.0723317414522171,-0.38168901205062866,-0.19809724763035774,2.889922170928018e-05,-0.002283038515033134,-0.13981488617983673,-0.12518420363917443,0.17358498139814824,0.0,0.4254182602489668,0.4482275435881764,0.7211653995955105,0.0126526858102745,0.1885346205778422
swipe_left,anu,swipe_left,0.07774767279624939,0.07702839374542236,-0.11008806899189949,0.04441559314727783,-0.37716326117515564,-0.6057642288506031,0.07707145810127258,-0.13912314176559448,-0.06729596480727196,-0.04500201344490051,-0.2181767225265503,-0.40801234915852547,0.05932781100273132,-0.370762437582016,-0.11243287101387978,-0.07233315706253052,-0.3817155361175537,-0.1980857141315937,0.0014038700045961357,-0.0016788641611735068,-0.08743956233515905,-0.12411899638898476,0.5389659693746869,0.00034949996254660955,0.42409051539288284,0.44817565532493275,0.23029054365425852,0.8357044795904396,11.07220326800033
swipe_left,anu,swipe_left,0.07793945074081421,0.07721787691116333,-0.11489852517843246,0.04131624102592468,-0.3540296256542206,-0.6205854117870331,0.07712715864181519,-0.1391456127166748,-0.06887530535459518,-0.051369696855545044,-0.2050963044166565,-0.40727394819259644,0.061586976051330566,-0.3707849085330963,-0.12727995216846466,-0.07212129235267639,-0.38169676065444946,-0.19945600628852844,0.005811452865600562,0.005741914113362606,-0.14577139959190769,-0.09391976125312534,0.7010192582101503,-0.44912675564939136,0.4370166135442291,0.4484720715145984,0.13397581618100726,1.0119344902056746,14.507594875661344
swipe_left,anu,swipe_left,0.0782395601272583,0.0773305892944336,-0.1520392308011651,0.0359322726726532,-0.3183215856552124,-0.6456422517076135,0.07717609405517578,-0.13856762647628784,-0.0963286841288209,-0.06412628293037415,-0.1945863962173462,-0.40551158878952265,0.06177401542663574,-0.3708550035953522,-0.15734391007572412,-0.07143831253051758,-0.38167309761047363,-0.20481184218078852,0.009094223831639167,0.003415526765765574,-1.125475927961598,-0.16315055615974236,1.0820618181517656,-0.7592981794115288,0.4581193148050813,0.4485193189356094,0.1507773425191841,2.6618330413112794,15.035698187640035
idle,anu,swipe_left,0.07839566469192505,0.07625183463096619,-0.18788829911500216,0.021594196557998657,-0.2797980010509491,-0.6571299629285932,0.07717996835708618,-0.1384483277797699,-0.11917344201356173,-0.07531309127807617,-0.1844319999217987,-0.40544422436505556,0.06182658672332764,-0.3720371723175049,-0.18046375084668398,-0.07063087821006775,-0.3833213746547699,-0.20567392278462648,0.004730441353537831,-0.03268953525658818,-1.0863354034496102,-0.4344871549895326,1.1673813516443454,-0.34811246124180967,0.4722659308914444,0.4486565412568554,0.3721892440617463,0.14470369837656594,15.150808089158403
idle,anu,swipe_left,0.07855889201164246,0.07641184329986572,-0.1918734796345234,0.012445926666259766,-0.2510952949523926,-0.6571187563240528,0.07725962996482849,-0.13647913932800293,-0.12172183766961098,-0.08119699358940125,-0.17867350578308105,-0.40390999987721443,0.06191948056221008,-0.3699294328689575,-0.1816384680569172,-0.06961074471473694,-0.38439813256263733,-0.20771031454205513,0.004946282415678986,0.004848747542410165,-0.12076304604609756,-0.2772202997496622,0.8697789726835272,0.0003395940769802426,0.4758895789760429,0.4467685757608641,0.3187246297409631,1.0199051337053404,14.681149704144563
idle,anu,swipe_left,0.07921664416790009,0.07788044214248657,-0.2158179555553943,0.00665535032749176,-0.22826078534126282,-0.6571127150673419,0.07829771935939789,-0.13317006826400757,-0.13193396967835724,-0.08576460182666779,-0.1701335906982422,-0.4000721250195056,0.06343339383602142,-0.3666774034500122,-0.21156234783120453,-0.068691685795784,-0.38442543148994446,-0.23972229403443635,0.019931883522958514,0.04450299523093495,-0.7255901794203321,-0.17547201026569756,0.6919548367009035,0.00018306838517839305,0.4519727161337633,0.44485829121865866,0.253588453133527,0.44786728516238383,6.208362665722614
idle,anu,swipe_left,0.07997679710388184,0.07916480302810669,-0.2158244748134166,-0.0016086101531982422,-0.20416474342346191,-0.6571192343253642,0.08059340715408325,-0.12957113981246948,-0.13194048893637955,-0.0888109803199768,-0.16382157802581787,-0.3924054701346904,0.06541776657104492,-0.3652225732803345,-0.21156886708922684,-0.06784212589263916,-0.383662611246109,-0.23972881329245865,0.023034937453992495,0.03892002683697334,-0.00019755327340328382,-0.25042304486939465,0.730183088418211,-0.00019755327340328382,0.4591526181239844,0.4446461692058736,0.34295878099984767,0.5918378656986066,2.5496361198761797
idle,anu,swipe_left,0.08180369436740875,0.07945024967193604,-0.21580205974169075,-0.008316025137901306,-0.1710500717163086,-0.5801198047120124,0.0833212286233902,-0.1292353868484497,-0.1319180738646537,-0.08698408305644989,-0.16361010074615479,-0.34174154815264046,0.06793977320194244,-0.36482948064804077,-0.211546452017501,-0.0657421201467514,-0.38338345289230347,-0.2397063982207328,0.055360523137179055,0.008649898297858925,0.0006792445977528861,-0.20325499953645562,1.003474900216763,2.333316048889439,0.40529558160507123,0.44451636334377587,0.20255095263628162,6.399395904455454,71.21018031123955
idle,anu,swipe_left,0.0823899358510971,0.08087792992591858,-0.21580801298841834,-0.02345748245716095,-0.12996605038642883,-0.49947346141561866,0.08467702567577362,-0.12782499194145203,-0.1319240271113813,-0.08610542118549347,-0.16221138834953308,-0.2841062038205564,0.06955789029598236,-0.36333873867988586,-0.21155240526422858,-0.06364984810352325,-0.3819289803504944,-0.2397123514674604,0.017764893445101695,0.043263037999471135,-0.0001804014159874487,-0.4588320399775661,1.2449703433296928,2.4438285847392107,0.36411066803078795,0.4444223444624154,0.3685482741718485,0.4106157045562611,11.169151617957265
idle,anu,swipe_left,0.08243490755558014,0.08286470174789429,-0.21363791008479893,-0.04066316783428192,-0.09565389156341553,-0.4168750860262662,0.0847637802362442,-0.1259143352508545,-0.11129578878171742,-0.08606044948101044,-0.16030073165893555,-0.22549474914558232,0.07009251415729523,-0.3613789975643158,-0.21089468081481755,-0.06167440116405487,-0.3798213303089142,-0.23922102828510106,0.0013627789237282526,0.06020520672653676,0.06576069404907316,-0.5213844053673035,1.0397623885761633,2.5029810724046255,0.3357879828122444,0.44442358663804404,0.5014452433079796,0.02263518992183223,6.74350484408307
idle,anu,swipe_left,0.08243490755558014,0.08332604169845581,-0.21374306472716853,-0.05613119900226593,-0.07547050714492798,-0.37609246763167903,0.08476521074771881,-0.125768780708313,-0.10672396811423823,-0.08456428349018097,-0.1604917049407959,-0.18104631098685786,0.0704236775636673,-0.3612111508846283,-0.21099983545718715,-0.06008760631084442,-0.37964579463005066,-0.21102816256461665,0.0,0.013979998501864287,-0.0031865043142302336,-0.46872821721163466,0.6116177096511353,1.2358369210480913,0.346098950421293,0.4447078935013368,0.7663732482595165,0.0,40.56233331421456
idle,anu,swipe_left,0.08243490755558014,0.08394679427146912,-0.21366592252161354,-0.06452284753322601,-0.0350857675075531,-0.3203865190735087,0.08484221994876862,-0.1251639425754547,-0.10664682590868324,-0.0835389643907547,-0.15998223423957825,-0.15963735186960548,0.07066984474658966,-0.36070168018341064,-0.21092269325163215,-0.060054078698158264,-0.379136323928833,-0.21095102035906166,0.0,0.01881068403070628,0.00233764259257552,-0.2542923797260638,1.223779989011363,1.6880590472172874,0.36106354516563055,0.4448125536052001,0.2077923926008158,0.0,23.961061082070884
idle,anu,swipe_left,0.08217859268188477,0.08443015813827515,-0.2136795081605669,-0.0735383927822113,-0.0049468278884887695,-0.31685035009286366,0.08475387096405029,-0.12493705749511719,-0.10666041154763661,-0.0837317705154419,-0.15975534915924072,-0.15965093750855885,0.07063686847686768,-0.3604554533958435,-0.21093627889058553,-0.06050261855125427,-0.378161758184433,-0.21096460599801503,-0.007767117384708256,0.014647389903212977,-0.0004116860288900842,-0.273198340878341,0.9133012005777031,0.10715663577712124,0.38816376235826905,0.44504375521350603,0.2991324675507529,0.5302369363478383,48.82463275787024
idle,anu,swipe_left,0.08143599331378937,0.08675268292427063,-0.22707624325994402,-0.07941968739032745,0.022734254598617554,-0.31690537522081286,0.0842670351266861,-0.12390729784965515,-0.1067154366755858,-0.08380775153636932,-0.15915754437446594,-0.15970596263650805,0.07014776766300201,-0.35984715819358826,-0.21260325203184038,-0.06128360331058502,-0.3742564022541046,-0.21101963112596422,-0.022503011154406054,0.07037953896956027,-0.40596166967809527,-0.17822104873079286,0.8388206814274665,-0.0016674281196725229,0.41126912110760644,0.44697685577659235,0.2124659539408958,0.31973343034696927,4.924658317130267
idle,anu,swipe_left,0.08080987632274628,0.08842074871063232,-0.26943104388192296,-0.08786444365978241,0.04021787643432617,-0.31684183003380895,0.08382008969783783,-0.12381625175476074,-0.15636201621964574,-0.0835246592760086,-0.15267634391784668,-0.15964241744950414,0.06952165067195892,-0.35997438430786133,-0.24670881452038884,-0.06190972030162811,-0.3701363801956177,-0.22779195429757237,-0.01897324215282098,0.05054744807156662,-1.2834788067266376,-0.2559017051349993,0.5298067222942019,0.0019256117273912332,0.4207067196605627,0.44911236796616266,0.48300863571199,0.37534766895234084,9.656012997611995
idle,anu,swipe_left,0.08018942177295685,0.0896047055721283,-0.3102741879411042,-0.0973205715417862,0.05089065432548523,-0.3168169599957764,0.08356083929538727,-0.12391600012779236,-0.20433846535161138,-0.08407707512378693,-0.14565536379814148,-0.17563505889847875,0.0689011961221695,-0.35985004901885986,-0.28989553870633245,-0.06294851005077362,-0.36517345905303955,-0.25052568735554814,-0.018801653023922,0.03587748065139293,-1.237671032096395,-0.2865493297576892,0.3234175118533034,0.0007536375161373222,0.4227118615331973,0.45005809603585883,0.8860016333501115,0.524037046234065,6.322896765911998
idle,anu,swipe_left,0.07971197366714478,0.09059953689575195,-0.32859539333730936,-0.10134658217430115,0.051296234130859375,-0.32670497242361307,0.08346980810165405,-0.12400990724563599,-0.22863685432821512,-0.084554523229599,-0.14394211769104004,-0.19019164983183146,0.06842374801635742,-0.3599439561367035,-0.313960843719542,-0.06420275568962097,-0.3631155788898468,-0.27325060311704874,-0.014468124418547695,0.030146403746171505,-0.5551880423092495,-0.12200032219742314,0.012290297132549895,-0.29963674023747516,0.419492770158194,0.45092242480801975,9.925748347124493,0.47991278255213066,14.021854209709513
idle,anu,swipe_left,0.07960832118988037,0.09074336290359497,-0.3387684551998973,-0.10793137550354004,0.06344026327133179,-0.3270922927185893,0.08346980810165405,-0.12400990724563599,-0.23310119193047285,-0.084554523229599,-0.13824641704559326,-0.19079898577183485,0.06778854131698608,-0.3599439561367035,-0.3215206293389201,-0.06519493460655212,-0.36110904812812805,-0.2765832869336009,-0.0031409841595274107,0.0043583638740308465,-0.30827460189660466,-0.19953919179511842,0.3680008830446195,-0.011736978635643497,0.4296739238721443,0.4511720893815419,0.5422232901208408,0.7205143342675655,14.064934350749695
idle,anu,swipe_left,0.07908797264099121,0.08959490060806274,-0.34237152617424726,-0.1112571656703949,0.06528383493423462,-0.33217141311615705,0.08346980810165405,-0.12616002559661865,-0.23907830100506544,-0.084554523229599,-0.13758385181427002,-0.19480845611542463,0.06705868244171143,-0.3612494170665741,-0.3226462034508586,-0.06610676646232605,-0.361693799495697,-0.27800512593239546,-0.015768137845126,-0.03480188774340066,-0.10918396891969577,-0.10078152020772255,0.05586580796675225,-0.15391273932023417,0.432761418704697,0.45143592121003084,1.8039605962041034,0.4530698130966434,10.8159037461159
idle,anu,swipe_left,0.078197181224823,0.08658885955810547,-0.3435722617432475,-0.11580294370651245,0.062213003635406494,-0.33217141311615705,0.08346980810165405,-0.12959861755371094,-0.24247935693711042,-0.0846165120601654,-0.1395343542098999,-0.19480845611542463,0.0658906102180481,-0.36480146646499634,-0.3281444637104869,-0.06775295734405518,-0.3647620975971222,-0.28011423628777266,-0.0269936792778247,-0.09109215302900857,-0.03638592633334082,-0.13775084957932016,-0.0930554939038828,0.0,0.4328123010281733,0.45182153010821274,1.480292710378727,0.29633049664258054,6.585833419351445
idle,anu,swipe_left,0.0787922590970993,0.08677437901496887,-0.3449006569571793,-0.1185988336801529,0.06363925337791443,-0.3323112619109452,0.08415721356868744,-0.13202080130577087,-0.24257493438199162,-0.08546091616153717,-0.13832959532737732,-0.1947968197055161,0.06542317569255829,-0.3654685318470001,-0.33100362541154027,-0.06835584342479706,-0.364821195602417,-0.2801025998778641,0.018032662796251625,0.00562180172313341,-0.040254400422175554,-0.08472393859516454,0.043219689166906924,-0.004237842266306715,0.43454396647693944,0.452653852631086,1.9602634809450399,3.2070600537204417,4.433027611879771
idle,anu,swipe_left,0.079549640417099,0.08555465936660767,-0.35228150011971593,-0.11913880705833435,0.062394678592681885,-0.3337320280261338,0.08463868498802185,-0.13327783346176147,-0.24429932655766606,-0.08511561155319214,-0.13957417011260986,-0.1947968197055161,0.06629344820976257,-0.36681467294692993,-0.3366088760085404,-0.06858301162719727,-0.36606577038764954,-0.2810215544886887,0.0229509490908999,-0.036961201465491186,-0.2236619140162618,-0.01636282964186239,-0.037714387431289305,-0.043053518642078854,0.4346408158613775,0.45283481601591086,0.4338502334537207,0.6209302525534759,3.419039047978822
idle,anu,swipe_left,0.0816531777381897,0.08505019545555115,-0.3570917141623795,-0.11878648400306702,0.061291903257369995,-0.3323112619109452,0.0867874026298523,-0.13490089774131775,-0.24533716263249516,-0.08383321762084961,-0.1401267945766449,-0.1910155159421265,0.06735551357269287,-0.36750727891921997,-0.3373352480120957,-0.06845679879188538,-0.3666209280490875,-0.2810215544886887,0.06374355518456677,-0.015286785183530903,-0.14576406189889654,0.010676456220222268,-0.03341743440339068,0.043053518642078854,0.43390448545460564,0.4532140871241849,0.31947804889205167,4.169574233240528,2.7380273902941137
idle,anu,swipe_left,0.0823037326335907,0.08499917387962341,-0.36170061584562063,-0.1198224127292633,0.06109914183616638,-0.33235698100179434,0.08769586682319641,-0.13513323664665222,-0.24971560295671225,-0.08392709493637085,-0.14025458693504333,-0.1904871677979827,0.06813135743141174,-0.3683313727378845,-0.33738096710294485,-0.06814998388290405,-0.3668617308139801,-0.28106727357953787,0.01971378470912116,-0.0015461083614464897,-0.1396636873709427,-0.031391779581705595,-0.005841255187988256,-0.0013854269954291197,0.434109643419514,0.45420357333509276,5.373229783979217,12.742342553620157,2.033918538598054
idle,anu,swipe_left,0.08311042189598083,0.08500343561172485,-0.36169168446213007,-0.1188831627368927,0.06018871068954468,-0.32946056220680475,0.08954790234565735,-0.13542217016220093,-0.24970667157322168,-0.08247172832489014,-0.14032328128814697,-0.18884141836315393,0.07048812508583069,-0.36877378821372986,-0.336645663715899,-0.0662175714969635,-0.36735999584198,-0.27879363391548395,0.024445129163337537,0.00012914339701334667,0.0002706479845624988,0.02846212098092751,-0.027588822624900193,0.08777026651483616,0.43374958049536944,0.4546431506079477,1.0316166714040436,187.83226597989142,3.32010927653823
idle,anu,swipe_left,0.084103524684906,0.08483937382698059,-0.36161484103649855,-0.11948913335800171,0.060024648904800415,-0.320281314663589,0.08930909633636475,-0.13562116026878357,-0.24962982814759016,-0.08230999112129211,-0.14048734307289124,-0.1775670973584056,0.07079339027404785,-0.36901164054870605,-0.33096356969326735,-0.06576868891716003,-0.36760228872299194,-0.2755517540499568,0.030094023906823437,-0.004971569234674639,0.0023285886555007066,-0.018362746094212432,-0.004971569234674639,0.2781590164610841,0.4333029165936158,0.45507955717965537,3.6928085316873274,6.052007018217519,5.980683969841855
idle,anu,swipe_left,0.08620879054069519,0.08298343420028687,-0.36161484103649855,-0.11792472004890442,0.058997392654418945,-0.31902857404202223,0.09127065539360046,-0.13795465230941772,-0.24962982814759016,-0.08092710375785828,-0.14230817556381226,-0.17468756716698408,0.07192647457122803,-0.3714270293712616,-0.32859941106289625,-0.06475353240966797,-0.3695044219493866,-0.2674492774531245,0.06379593502391484,-0.056240594748294855,0.0,0.04740646391203921,-0.031128977284287037,0.03796183701717502,0.43485791259942197,0.455832066192258,1.5228557181109086,1.1343194535899788,7.588140424955451
idle,anu,swipe_left,0.08797428011894226,0.08113384246826172,-0.3611542759463191,-0.11680158972740173,0.0571478009223938,-0.314088243059814,0.09255334734916687,-0.14126378297805786,-0.23626464884728193,-0.07982602715492249,-0.14394408464431763,-0.16920497547835112,0.07184240221977234,-0.3732803612947464,-0.319571721367538,-0.0644795298576355,-0.3714100122451782,-0.2597406981512904,0.05349968418930457,-0.0560482343037917,0.013956517884225403,0.03403425216674767,-0.0560482343037917,0.14970699946085447,0.4351471622492452,0.4565978700250579,0.607220644304953,0.9545123114319751,3.4929769163604374
idle,anu,swipe_left,0.0885595977306366,0.07916945219039917,-0.35610808711498976,-0.11315649747848511,0.055790603160858154,-0.314088243059814,0.09133026003837585,-0.14293360710144043,-0.2250957516953349,-0.07832986116409302,-0.14482766389846802,-0.16920497547835112,0.0710453987121582,-0.37463755905628204,-0.30849339347332716,-0.06376022100448608,-0.37280935049057007,-0.2597406981512904,0.01773689732407083,-0.05952697811704708,0.1529148130705866,0.11045734087626166,-0.041127204895019635,0.0,0.4348466028809311,0.45663410918863007,2.6856834903980293,0.2979590082699533,5.113524020682192
idle,anu,swipe_left,0.08882687985897064,0.07747945189476013,-0.3450487283989787,-0.11157597601413727,0.054598599672317505,-0.3141412166878581,0.09146587550640106,-0.14423927664756775,-0.21838297229260206,-0.07816900312900543,-0.14401260018348694,-0.16925794910639524,0.07024197280406952,-0.3758295625448227,-0.3045923439785838,-0.06406907737255096,-0.3740130662918091,-0.25979367177933455,0.008099458434365032,-0.05121213017088007,0.3351320823033659,0.04789458982872252,-0.03612131783456522,-0.0016052614558826834,0.4346475828262133,0.455490044219186,1.3259002384086351,0.15815198968194308,1.9025220292669058
idle,anu,swipe_left,0.08827146142721176,0.07741555571556091,-0.34449891396798193,-0.11049944907426834,0.055267661809921265,-0.31416487344540656,0.09097086638212204,-0.14427721500396729,-0.21831304975785315,-0.07799225300550461,-0.14328032732009888,-0.1692816058639437,0.07007645815610886,-0.3758295625448227,-0.3041760290507227,-0.06428783386945724,-0.37402477860450745,-0.25896417745389044,-0.01683086156845097,-0.001936247854521785,0.016661043363538696,0.032622028480876655,0.020274610230417014,-0.0007168714408621661,0.4352868360228243,0.4553988695846259,1.6089295518187572,8.688026949760497,1.7707295320095953
idle,anu,swipe_left,0.08771604299545288,0.0773516595363617,-0.34395356476306915,-0.10942292213439941,0.0553230345249176,-0.31454624235630035,0.09047585725784302,-0.14431515336036682,-0.2183411717414856,-0.07781550288200378,-0.14254805445671082,-0.1695166379213333,0.0699109435081482,-0.37577855587005615,-0.3037641793489456,-0.06450659036636353,-0.3740268647670746,-0.2589922994375229,-0.01683086156845097,-0.001936247854521785,0.016525733482205547,0.032622028480876655,0.0016779610604950917,-0.01155663366344845,0.4352528615131242,0.4552572903117362,19.42988985775351,8.688026949760497,0.6522798932428449
idle,anu,swipe_left,0.08546057343482971,0.07677873969078064,-0.3398901424370706,-0.10641703009605408,0.0553230345249176,-0.3166171512566507,0.0885741114616394,-0.14453211426734924,-0.2183367065154016,-0.07679489254951477,-0.14216676354408264,-0.1717058322392404,0.0684519112110138,-0.37577855587005615,-0.30248658871278167,-0.06510749459266663,-0.37403538823127747,-0.2599083981476724,-0.0683475624431265,-0.017361207441850185,0.12313400987874408,0.0910876375256165,0.0,-0.06275481516213144,0.4350528882726423,0.4544187784271115,91087.6375256165,3.936571007577082,2.3555215758846773
idle,anu,swipe_left,0.08221761882305145,0.07805240154266357,-0.33386633824557066,-0.10650713741779327,0.05712246894836426,-0.31799910496920347,0.08591090142726898,-0.14288508892059326,-0.21839326154440641,-0.07746021449565887,-0.140367329120636,-0.17279874812811613,0.06746701896190643,-0.3739791214466095,-0.3024495644494891,-0.0667002946138382,-0.37225353717803955,-0.26036722492426634,-0.09827135187206738,0.038595813693421833,0.1825395209545419,-0.002730524901187751,0.054528315862019255,-0.04187738522887184,0.4350514601384466,0.4533619874316984,0.050074439006296344,2.5461001172958495,3.348594803145786
idle,anu,swipe_left,0.07818225026130676,0.08111444115638733,-0.33326471550390124,-0.10541659593582153,0.061914294958114624,-0.32445622188970447,0.08327159285545349,-0.13809707760810852,-0.21840479178354144,-0.0771128237247467,-0.13557550311088562,-0.18464004201814532,0.06756925582885742,-0.36918729543685913,-0.30246109468862414,-0.067281574010849,-0.3674788475036621,-0.2650294075720012,-0.12228389581044545,0.09278907920375037,0.018230992171800544,0.033046711574901314,0.14520684878031448,-0.19567020971215182,0.435160081981756,0.4514788507616366,0.22758213039088412,1.3178552800017762,5.517718337467977
idle,anu,swipe_left,0.07593503594398499,0.08148017525672913,-0.3331263358704746,-0.10586822032928467,0.06479683518409729,-0.3251878614537418,0.0813012421131134,-0.13500675559043884,-0.21790105057880282,-0.0767785906791687,-0.13241049647331238,-0.18473403109237552,0.06733238697052002,-0.36609944701194763,-0.30246934248134494,-0.06720432639122009,-0.3643377125263214,-0.26511773420497775,-0.06809740355520555,0.011082851525509023,0.004193322225050503,-0.013685587680701087,0.08734970381765676,-0.022170895879918932,0.4350399716356673,0.44871079225175003,0.15667404019170283,6.143839386379565,5.7202433146411655
idle,anu,swipe_left,0.07673488557338715,0.08342674374580383,-0.33308091200888157,-0.10472477972507477,0.06904515624046326,-0.3333416227251291,0.08278672397136688,-0.1311187446117401,-0.2218561563640833,-0.07514317333698273,-0.12828132510185242,-0.19763717986643314,0.06913016736507416,-0.3617832660675049,-0.3075848463922739,-0.06501488387584686,-0.36032018065452576,-0.2790361884981394,0.02423786755764129,0.058986923911354905,0.0013764806543335804,0.03464971527908796,0.1287370017080599,-0.24708367489052602,0.43460389844303726,0.44600429811709286,0.2691490843369106,0.41089541639175425,7.083067932228248
idle,anu,swipe_left,0.07873064279556274,0.08329132199287415,-0.3332499065436423,-0.10417261719703674,0.0689566433429718,-0.3382663228549063,0.08441245555877686,-0.1311187446117401,-0.22205005073919892,-0.0738179087638855,-0.12854239344596863,-0.19860478723421693,0.06919187307357788,-0.3617832660675049,-0.3076289095915854,-0.06349283456802368,-0.36054250597953796,-0.2794633009470999,0.06047749158107888,-0.004103689482717813,-0.005121046507900424,0.01673219781933413,-0.0026822090148925846,-0.14923333726597593,0.4354103344765639,0.4459134585878099,6.235890579699755,14.73375558265988,4.994646808549276
idle,anu,swipe_left,0.07854905724525452,0.08181914687156677,-0.3332555601373315,-0.10508140921592712,0.06783375144004822,-0.3472200343385339,0.08471733331680298,-0.1311187446117401,-0.22580494079738855,-0.07518482208251953,-0.1289290487766266,-0.20290725026279688,0.06891947984695435,-0.3617832660675049,-0.3122361907735467,-0.06423935294151306,-0.36054250597953796,-0.28258481714874506,-0.005502592433582592,-0.04461136731234415,-0.00017132102088494546,-0.027539152087586997,-0.03402702736132035,-0.2713245904129533,0.4351459557237148,0.44420450629714203,0.8093079212370313,0.12334230988141345,4.048458101294166
idle,anu,swipe_left,0.07919859886169434,0.07858291268348694,-0.33432170702144504,-0.10570317506790161,0.06720218062400818,-0.36044299555942416,0.08597457408905029,-0.1311187446117401,-0.2263190890662372,-0.07618993520736694,-0.12933066487312317,-0.21695715142413974,0.0685010552406311,-0.3617832660675049,-0.3204433019272983,-0.06498154997825623,-0.3605705499649048,-0.30094319535419345,0.01968307928605518,-0.09806770266908613,-0.03230748133677433,-0.018841389453772388,-0.019138509576970927,-0.4006957945724338,0.43380639231101553,0.4407146684139663,0.9844238368804786,0.2007070426175813,3.9550072297815784
idle,anu,swipe_left,0.07889789342880249,0.07731649279594421,-0.35164025891572237,-0.10697820782661438,0.06720218062400818,-0.38541701901704073,0.08547091484069824,-0.13104656338691711,-0.24273877311497927,-0.07705342769622803,-0.1297004520893097,-0.24233329761773348,0.06852969527244568,-0.3613916039466858,-0.3365157591179013,-0.06488651037216187,-0.3606448471546173,-0.32603654731065035,-0.009112285845207468,-0.03837636022856751,-0.5248046028568902,-0.038637356324629446,0.0,-0.7567885896247464,0.4339940444218959,0.43909115702173346,38637.35632462945,0.23743909927458803,10.822902015030452
idle,anu,swipe_left,0.07869473099708557,0.0773080587387085,-0.3516218413133174,-0.10751429200172424,0.06712037324905396,-0.3853986014146358,0.08473822474479675,-0.13057613372802734,-0.24272035551257432,-0.07728025317192078,-0.12971973419189453,-0.24231488001532853,0.0689048171043396,-0.36085641384124756,-0.3364973415154964,-0.06489822268486023,-0.360683798789978,-0.3260181297082454,-0.006156437324755135,-0.00025557749199144834,0.0005581091637864271,-0.01624497500332923,-0.0024790113622492073,0.0005581091637864271,0.4340029716466177,0.4385347169146734,6.550363135673743,23.994455932090595,22.960052072864997
idle,anu,swipe_left,0.07801990211009979,0.07706356048583984,-0.35163599537918344,-0.10718466341495514,0.06673294305801392,-0.3854127554805018,0.08429454267024994,-0.1307620406150818,-0.24273450957844034,-0.07660849392414093,-0.12997692823410034,-0.24232903408119455,0.068595752120018,-0.361042320728302,-0.3365114955813624,-0.0645369440317154,-0.36087659001350403,-0.3260322837741114,-0.020449360211690318,-0.007409037965716756,-0.00042891108684919204,0.009988745053609237,-0.011740308819395152,-0.00042891108684919204,0.43381422425078064,0.4384681610466028,0.8507352295434985,2.759683594915603,0.8435755744767267
idle,anu,swipe_left,0.07736825942993164,0.07695576548576355,-0.35163599537918344,-0.10568362474441528,0.06644919514656067,-0.3854127554805018,0.08452042937278748,-0.13086983561515808,-0.24273450957844034,-0.07490184903144836,-0.1302298605442047,-0.24232903408119455,0.06933045387268066,-0.3611501157283783,-0.3365114955813624,-0.06294798851013184,-0.3609843850135803,-0.3260322837741114,-0.019746747883883437,-0.0032665151538270975,0.0,0.04548602031938969,-0.008598421559189327,0.0,0.43364944422071855,0.43844055465562287,5.289427900040953,6.043353115212009,1.07995849475175
idle,anu,swipe_left,0.07844097912311554,0.07691565155982971,-0.3361976175219752,-0.10468627512454987,0.06607475876808167,-0.3546376554877497,0.08411623537540436,-0.13096854090690613,-0.23077686416218057,-0.07422249019145966,-0.13032856583595276,-0.2191106109530665,0.06923966109752655,-0.36124882102012634,-0.3226795821101405,-0.062259331345558167,-0.3610762059688568,-0.30351972865173593,0.0325066573692087,-0.0012155735131465894,0.46782963203660854,0.030222715753497168,-0.011346556923606055,0.9325787876591436,0.4322858252107453,0.43846950471620566,2.663367626790712,26.719846370099177,28.263870708471433
idle,anu,swipe_left,0.07879875600337982,0.07673153281211853,-0.3214447526843287,-0.10434781014919281,0.06520989537239075,-0.3386918334872462,0.08301471173763275,-0.13133373856544495,-0.2093302338034846,-0.07439161837100983,-0.13062337040901184,-0.19566205429146066,0.06857727468013763,-0.36187899112701416,-0.30137935566017404,-0.06277398765087128,-0.3613710105419159,-0.2773641078383662,0.010841723644372216,-0.0055793559912479425,0.4470565102317128,0.010256514404759288,-0.02620798168760364,0.48320672728798725,0.4329673682173482,0.4391882176793212,0.3913358606225601,1.942837278011661,13.638207275522445
idle,anu,swipe_left,0.07901640236377716,0.07605478167533875,-0.3186303738038987,-0.1046050637960434,0.06451508402824402,-0.33667293819598854,0.0829664021730423,-0.13201627135276794,-0.20475799473933876,-0.07438300549983978,-0.13131442666053772,-0.19552064570598304,0.06752230226993561,-0.36272940039634705,-0.2969103816431016,-0.0634712427854538,-0.3620477616786957,-0.27654067310504615,0.006595344254464831,-0.020507610205448085,0.08528420849787939,-0.007795565056078381,-0.021054889216567584,0.0611786451896259,0.43273980851488697,0.4394717634077878,0.37023205127544695,0.32158903935444566,12.8013764043632
idle,anu,swipe_left,0.07928572595119476,0.07532286643981934,-0.3167868622113019,-0.1062050610780716,0.06372874975204468,-0.33382794936187565,0.08320669829845428,-0.1328577995300293,-0.20310781081207097,-0.07446391880512238,-0.1320781707763672,-0.1903838433790952,0.0670219212770462,-0.3634721636772156,-0.29680723627097905,-0.06415198743343353,-0.36242198944091797,-0.27238998492248356,0.00816132083083646,-0.022179249561194273,0.055863987654447694,-0.04848476612206673,-0.023828311399980085,0.08621178285190574,0.4326055212224248,0.439420828834058,2.034669206685815,0.36795441856142136,1.4501071602258344
idle,anu,swipe_left,0.07948388159275055,0.07393506169319153,-0.31256256345659494,-0.1078185886144638,0.061435967683792114,-0.32338176015764475,0.08313773572444916,-0.13408097624778748,-0.2000300968065858,-0.0748794823884964,-0.13328340649604797,-0.1851943964138627,0.06621460616588593,-0.36465439200401306,-0.29527268651872873,-0.06420718133449554,-0.3631225526332855,-0.2696794355288148,0.006004716410781413,-0.04205468929175185,0.12800905317293906,-0.04889477383006715,-0.06947824449250209,0.3165511880069979,0.43015791482815463,0.4391306438968851,0.7037320884418032,0.14278012111809768,7.115750714591386
idle,anu,swipe_left,0.07955020666122437,0.07269835472106934,-0.30578169180080295,-0.11339262127876282,0.04833179712295532,-0.31324395490810275,0.082440584897995,-0.13465023040771484,-0.1957664336077869,-0.0753186047077179,-0.1338542103767395,-0.17414726270362735,0.06526720523834229,-0.36522892117500305,-0.2908168132416904,-0.06423187255859375,-0.3635522723197937,-0.26645639492198825,0.0020098505598125814,-0.037475968852187236,0.20548095926642193,-0.16891008073633182,-0.39709607760111054,0.3072062196830875,0.41743782967634974,0.4384156141079943,0.4253621853797784,0.053628951896820286,10.576775452256408
idle,anu,swipe_left,0.07943154871463776,0.07025235891342163,-0.29378715017810464,-0.12349899113178253,0.02372121810913086,-0.2957715676166117,0.08185218274593353,-0.13672417402267456,-0.1699769482947886,-0.07525952160358429,-0.1377086043357849,-0.14943198719993234,0.06519155204296112,-0.36730286478996277,-0.26675975183025,-0.06423895061016083,-0.3655688762664795,-0.23821562388911843,-0.003595695351109369,-0.07412108508023367,0.36347095826358594,-0.3062536319096891,-0.7457751216310462,0.5294662815603356,0.397958812743176,0.43862037293858314,0.4106508951237249,0.048510445263610674,13.203217110126332
idle,anu,swipe_left,0.07928474247455597,0.06878113746643066,-0.29378715017810464,-0.13845087587833405,-0.0027594566345214844,-0.27542042592540383,0.0816287249326706,-0.1381022334098816,-0.1671516434289515,-0.07514174282550812,-0.14053690433502197,-0.12269475916400552,0.06533624231815338,-0.3689795434474945,-0.2576282904483378,-0.06409259140491486,-0.3669096827507019,-0.2143122092820704,-0.004448673941872348,-0.044582468090635465,0.0,-0.4530874165621682,-0.8024446892015882,0.6167012633699375,0.3766546903884562,0.43947290877572137,0.5646331242840597,0.09978303914869219,5.452991550993896
idle,anu,swipe_left,0.07886636257171631,0.06676238775253296,-0.29378600255586207,-0.1470641940832138,-0.03469991683959961,-0.2624601556453854,0.08147156238555908,-0.1383528709411621,-0.16533081070519984,-0.07534405589103699,-0.14331817626953125,-0.10855401144362986,0.0649179220199585,-0.3692631125450134,-0.2543741299305111,-0.06408044695854187,-0.3669096827507019,-0.2056521310005337,-0.012678178873929143,-0.06117423375447606,3.477643159302807e-05,-0.2610096425721146,-0.9678927334872183,0.39273546303086304,0.3470976555922136,0.43802521800392774,0.26966766447771556,0.20724365230564415,10.250651453706638
idle,anu,swipe_left,0.07886146008968353,0.0654531717300415,-0.2937484416179359,-0.16062642633914948,-0.06784236431121826,-0.2618794175796211,0.08168758451938629,-0.13915401697158813,-0.16529324976727366,-0.07512994110584259,-0.1436147689819336,-0.10283422050997615,0.06483905017375946,-0.3696567416191101,-0.25043031899258494,-0.06386442482471466,-0.3671395778656006,-0.19942285446450114,-0.00014856006159926941,-0.03967321280277147,0.0011382102401870698,-0.41097673502835463,-1.0043165900490525,0.017598123204979072,0.3206907065299055,0.43748568481990513,0.40920993428809893,0.0037444992881847843,12.292160068661154
idle,anu,swipe_left,0.07911042869091034,0.06393477320671082,-0.3026067321188748,-0.17233216762542725,-0.10352423787117004,-0.2618544106371701,0.0819365531206131,-0.14067181944847107,-0.16526824282482266,-0.07507266104221344,-0.14551123976707458,-0.10026675509288907,0.06508801877498627,-0.37003302574157715,-0.2501573865301907,-0.06358562409877777,-0.3674720823764801,-0.1970989708788693,0.007544503067478906,-0.046012076464565815,-0.2684330454829938,-0.3547194329175043,-1.0812688957561027,0.0007577861348787861,0.29272434529140845,0.43735067435246183,0.32805817891513445,0.16396432595175087,2.9333174221734124
idle,anu,swipe_left,0.07905744016170502,0.06381973624229431,-0.30330714536830783,-0.18256643414497375,-0.1357308328151703,-0.26185789657756686,0.08188356459140778,-0.14082840085029602,-0.16709141386672854,-0.07754375040531158,-0.14620015025138855,-0.10027024103328586,0.06503503024578094,-0.3702896535396576,-0.2501608724705875,-0.0636386126279831,-0.36796247959136963,-0.1921086902730167,-0.0016057130062218908,-0.0034859686186819454,-0.021224643922213404,-0.3101292884711071,-0.9759574225454644,-0.0001056345574783559,0.2700746494495129,0.437575269638982,0.317768955425619,0.46048966360610416,3.465629860166055
idle,anu,swipe_left,0.0790320634841919,0.06381973624229431,-0.30845705326646566,-0.19694741070270538,-0.1579674780368805,-0.2624011402949691,0.0819772481918335,-0.14082840085029602,-0.16836494859308004,-0.08887538313865662,-0.15101024508476257,-0.10027030762284994,0.06500965356826782,-0.3702896535396576,-0.2532443469390273,-0.06365767121315002,-0.3682926595211029,-0.1907285964116454,-0.0007689902276703824,0.0,-0.15605781509569236,-0.43578716841611104,-0.67383773399122,-0.016461930830370338,0.2591134696735613,0.4378310555644823,0.6467232387115776,768.9902276703825,9.927826668608844
idle,anu,swipe_left,0.07906758785247803,0.06287527084350586,-0.32718393998220563,-0.20948481559753418,-0.18255233764648438,-0.2656937916763127,0.08208343386650085,-0.14177286624908447,-0.1766286720521748,-0.10149487853050232,-0.15401482582092285,-0.10280537651851773,0.06518042087554932,-0.37123411893844604,-0.25430772500112653,-0.06366872787475586,-0.36943385004997253,-0.1900275726802647,0.0010764960086706939,-0.028620163599650136,-0.5674814156284852,-0.3799213604493584,-0.744995745745574,-0.09977731458617004,0.2488220404509013,0.44040295005082813,0.5099637852365955,0.037611888312040986,3.7268913708562303
idle,anu,swipe_left,0.07901175320148468,0.062290698289871216,-0.3397435825318098,-0.23143531382083893,-0.20861729979515076,-0.30269315652549267,0.0822652131319046,-0.14323607087135315,-0.19250544719398022,-0.11584435403347015,-0.16071030497550964,-0.11885629408061504,0.06543998420238495,-0.3726973235607147,-0.2543381731957197,-0.06393565237522125,-0.37102168798446655,-0.18576016835868359,-0.0016919591210105243,-0.017714319807110454,-0.3805952287758851,-0.6651666128274183,-0.7898473378383771,-1.121192874217578,0.2609686678686957,0.44350068321380953,0.8421447269836859,0.0955082459381522,32.165011087651045
idle,anu,swipe_left,0.07945957779884338,0.06336170434951782,-0.3629176551476121,-0.24750981479883194,-0.2330566942691803,-0.30269762221723795,0.08267095685005188,-0.14342540502548218,-0.21677214745432138,-0.12931694090366364,-0.17635613679885864,-0.12038777861744165,0.06539380550384521,-0.3726325035095215,-0.27194684091955423,-0.06436169147491455,-0.3718239963054657,-0.18576463405042887,0.013570442344203173,0.03245472908020028,-0.7022446247212832,-0.4871060902422137,-0.7405877113342304,-0.0001353239922812494,0.2578234335996665,0.4456057498262357,0.657728213767467,0.41812162994920565,34.42965828374085
idle,anu,swipe_left,0.08034791052341461,0.06378483772277832,-0.3650964433327317,-0.25582781434059143,-0.2536866366863251,-0.3040956789627671,0.08344824612140656,-0.14334261417388916,-0.21998197678476572,-0.1396484076976776,-0.18927043676376343,-0.12269914988428354,0.06537415087223053,-0.3722076117992401,-0.272038453258574,-0.06494741141796112,-0.3720308244228363,-0.18721475545316935,0.026919173471855098,0.012822223432136164,-0.06602388439756379,-0.25206059217452725,-0.6251497702165015,-0.042365355925126046,0.2531833826920257,0.4460643664707407,0.40319968267372347,2.099251690834085,8.037771256152995
idle,anu,swipe_left,0.07997509837150574,0.06429135799407959,-0.367957198061049,-0.2651912271976471,-0.2726353108882904,-0.3107865983620286,0.08311411738395691,-0.14248132705688477,-0.2211879873648286,-0.15169602632522583,-0.20251739025115967,-0.12764702085405588,0.06453612446784973,-0.37121060490608215,-0.27298756781965494,-0.06606060266494751,-0.37203240394592285,-0.18721475545316935,-0.011297337936632589,0.01534909913034154,-0.08668953722173539,-0.283739783547142,-0.5742022485444054,-0.20275513331095427,0.2545639175039982,0.4460039823513673,0.4941452077577358,0.7359781745188784,5.189176223738857
idle,anu,swipe_left,0.07909232378005981,0.06485462188720703,-0.367957198061049,-0.2702574208378792,-0.28468963503837585,-0.31631737295538187,0.0821789801120758,-0.14168214797973633,-0.2211879873648286,-0.16113048791885376,-0.21428894996643066,-0.12779780570417643,0.06352207064628601,-0.3700625002384186,-0.27298756781965494,-0.06726211309432983,-0.37169018387794495,-0.18721475545316935,-0.026750745195331063,0.01706860282204372,0.0,-0.15352101940097268,-0.3652825500025903,-0.1675992301016147,0.2558196167423584,0.4454375001825433,0.420279039118745,1.5671568620674112,7.535669967529467
idle,anu,swipe_left,0.0789453536272049,0.06587976217269897,-0.36790443072095513,-0.27176612615585327,-0.3015553057193756,-0.3188381255604327,0.0816350132226944,-0.14065992832183838,-0.22049862751737237,-0.1670903116464615,-0.2271876037120819,-0.14586261520162225,0.06303535401821136,-0.36835432052612305,-0.27198568591848016,-0.06812931597232819,-0.371542751789093,-0.1848210752941668,-0.00445364099560363,0.031064857136119572,0.0015990103058742793,-0.045718342968911946,-0.5110809297272666,-0.07638644257729722,0.25362721232382274,0.4449862607646756,0.08945403918567234,0.14336127846366362,6.15072074167482
idle,anu,swipe_left,0.07896731793880463,0.0672646164894104,-0.3678923980332911,-0.27259526401758194,-0.3088686764240265,-0.328391267452389,0.08121691644191742,-0.13957607746124268,-0.2222690270282328,-0.16941097378730774,-0.23940223455429077,-0.15074597159400582,0.06284670531749725,-0.36692824959754944,-0.2719736532308161,-0.06877322494983673,-0.37184247374534607,-0.18352639535441995,0.0006655851999918637,0.041965282324588765,0.00036462689891006097,-0.025125389749353643,-0.2216172940803302,-0.2894891482411016,0.2578661550625848,0.4449536208601715,0.11337236329527209,0.01585999910222893,10.910186361054867
idle,anu,swipe_left,0.07897520065307617,0.06843847036361694,-0.367890162859112,-0.2728852853178978,-0.31653261184692383,-0.34962336579337716,0.0810580849647522,-0.13875895738601685,-0.22228176752105355,-0.1740448921918869,-0.24535325169563293,-0.15909245470538735,0.0627693235874176,-0.3659212589263916,-0.26939563313499093,-0.06943956017494202,-0.3720035254955292,-0.18192642787471414,0.00023887012944076737,0.035571329521410004,6.773255088112497e-05,-0.008788524251995567,-0.23224046736052287,-0.6433969194238766,0.269424290529362,0.44568169949632497,0.03784218361982959,0.006715054444129053,10.740723269545805
idle,anu,swipe_left,0.07917101681232452,0.06915798783302307,-0.3679151232354343,-0.2729095071554184,-0.31628695130348206,-0.3608773942105472,0.08104915916919708,-0.13804873824119568,-0.22230672789737582,-0.17418721318244934,-0.24978795647621155,-0.164722531568259,0.06299369037151337,-0.3651191294193268,-0.26465782476589084,-0.0698745995759964,-0.3725813925266266,-0.1795083279721439,0.0059338230075258345,0.021803559678973627,-0.0007563750400687727,-0.0007339950763818007,0.007444258892174941,-0.34103116415666895,0.27800535246034536,0.44667705352638404,0.09858556794488887,0.27213679592199624,11.694720045769657
idle,anu,swipe_left,0.07925860583782196,0.06961485743522644,-0.3678823718801141,-0.2729540914297104,-0.31626495718955994,-0.36162972543388605,0.08118022978305817,-0.13739201426506042,-0.22232887241989374,-0.17423179745674133,-0.24976596236228943,-0.16552838776260614,0.06341321766376495,-0.3647119998931885,-0.26465553138405085,-0.06996794044971466,-0.3730783462524414,-0.1791059086099267,0.0026542128938617194,0.01384453340010213,0.000992465312733797,-0.0013510386149088575,0.0006664883006702786,-0.022797915858752855,0.27882984484174256,0.44670647624806553,2.0240633634359897,0.19170174359928532,9.645636820751431
idle,anu,swipe_left,0.07924780249595642,0.07170999050140381,-0.3648806679993868,-0.27273668348789215,-0.3161858320236206,-0.3616315294057131,0.08122333884239197,-0.13695311546325684,-0.22303871996700764,-0.17424260079860687,-0.2496868371963501,-0.16553019173443317,0.06379497051239014,-0.36463287472724915,-0.26463557966053486,-0.0699787437915802,-0.3733721971511841,-0.17910771258175373,-0.0003273739959254417,0.06348888079325374,0.09096072365840299,0.00658811944903751,0.0023977323011918563,-5.466581294030868e-05,0.2787400333184714,0.4479765214699616,2.7465004935165447,0.005156317697169587,0.7318560497135457
idle,anu,swipe_left,0.07918444275856018,0.07214447855949402,-0.3678841758519411,-0.27225350588560104,-0.31421956419944763,-0.3616315294057131,0.0812581479549408,-0.1367691457271576,-0.22373449988663197,-0.17337356507778168,-0.24951496720314026,-0.16553019173443317,0.0639638900756836,-0.3644610047340393,-0.26463557966053486,-0.07004210352897644,-0.3738260269165039,-0.17910771258175373,-0.001919992042310315,0.013166304790612456,-0.0910153894713433,0.01464174552397298,0.059583873459787225,0.0,0.27885000510786945,0.4489056536528005,0.24572923753634277,0.14581511348314508,1.7500147243029505
idle,anu,swipe_left,0.07915802299976349,0.07269322872161865,-0.36819888837635517,-0.27227992564439774,-0.31048136949539185,-0.36090134270489216,0.08127258718013763,-0.1361798644065857,-0.22420437820255756,-0.17297284305095673,-0.24879387021064758,-0.16553019173443317,0.06410594284534454,-0.36396217346191406,-0.2646573353558779,-0.07006852328777313,-0.37420859932899475,-0.17910771258175373,-0.0008005987514149079,0.01662879279165561,-0.009536743164062524,-0.0008005987514149079,0.11327862739563016,0.0221268697218462,0.2792839684239789,0.44901598921968255,0.007067455727222771,0.0481424369771238,1.8210056255237297
idle,anu,swipe_left,0.07912728190422058,0.07302612066268921,-0.36841817386448383,-0.27229388803243637,-0.3061879873275757,-0.3358431626111269,0.08127012848854065,-0.13591814041137695,-0.22577801533043385,-0.17126601934432983,-0.2478647530078888,-0.16626067645847797,0.06417307257652283,-0.3636634051799774,-0.2646817732602358,-0.06993398070335388,-0.37471094727516174,-0.17927317507565022,-0.000931548349785072,0.010087634577895545,-0.0066450147917775666,-0.0004231026678374273,0.13010248993382167,0.759338790720151,0.2648756106761675,0.4490908718373539,0.003252047028505095,0.09233641506117371,22.34557456789844
idle,anu,swipe_left,0.07880127429962158,0.07331067323684692,-0.3780774213373661,-0.27231069654226303,-0.30520838499069214,-0.3181297220289707,0.08126309514045715,-0.13579845428466797,-0.2309187836945057,-0.17116804420948029,-0.24587467312812805,-0.16625860705971718,0.06446084380149841,-0.36354371905326843,-0.2790975905954838,-0.06991806626319885,-0.3746591806411743,-0.20145239308476448,-0.009879018321181814,0.008622805277506532,-0.29270446887522106,-0.0005093487826260666,0.029684919299501435,0.5367709267320068,0.24372071905629505,0.4481566856622014,0.01715792519299279,1.1455521087598364,7.399162959306985
swipe_left,anu,swipe_left,0.07865875959396362,0.07374745607376099,-0.4036846230737865,-0.2760518789291382,-0.3030449450016022,-0.3112332592718303,0.0813160240650177,-0.13566964864730835,-0.2578168581239879,-0.1709192544221878,-0.2453981339931488,-0.1680433521978557,0.06492465734481812,-0.36326074600219727,-0.302721596788615,-0.06983551383018494,-0.37460315227508545,-0.22225429816171527,-0.004318627444180586,0.013235843542850411,-0.7759758101945593,-0.11336916323864127,0.06555878754818094,0.2089837199133459,0.23571809812370145,0.4487296813482609,1.7292484841462374,0.3262581015028464,10.56132231370257
swipe_left,anu,swipe_left,0.07845993340015411,0.0738305151462555,-0.4242366151884198,-0.281670980155468,-0.2945171296596527,-0.3108733193948865,0.08129073679447174,-0.13553938269615173,-0.28060050774365664,-0.17055848240852356,-0.24481862783432007,-0.16803057957440615,0.0650164932012558,-0.3631187379360199,-0.31804334092885256,-0.06950969994068146,-0.37455418705940247,-0.22410564590245485,-0.006025036176045751,0.0025169415907426375,-0.622787639837375,-0.1702757947372672,0.25841864672574194,0.010907268998297805,0.24278996796176985,0.449869300298995,0.6589119553977997,2.3928419142831414,8.553164928892489
swipe_left,anu,swipe_left,0.07820454239845276,0.07399827241897583,-0.4304202329367399,-0.28683293610811234,-0.28236493468284607,-0.31087316386401653,0.08118349313735962,-0.1352863311767578,-0.2942596208304167,-0.17027747631072998,-0.2402748167514801,-0.1781070362776518,0.06492120027542114,-0.3629279136657715,-0.3265965711325407,-0.06923660635948181,-0.3744140863418579,-0.23282192461192608,-0.007739121263677443,0.005083553718798101,-0.18738235600970055,-0.15642290765588973,0.36824833263050516,4.713056665478342e-06,0.24882364234534785,0.4492886511085646,0.4247744497960617,1.5220846689189538,3.3707715902144026
swipe_left,anu,swipe_left,0.0779900997877121,0.07431644201278687,-0.4304202329367399,-0.28686829656362534,-0.2689414918422699,-0.3112203311175108,0.08112697303295135,-0.13500624895095825,-0.2942596208304167,-0.16989342868328094,-0.23525556921958923,-0.17814533226191998,0.06489674746990204,-0.3626198172569275,-0.32708547823131084,-0.06900732219219208,-0.37422215938568115,-0.23291712813079357,-0.006498260931535129,0.009641502842758535,0.0,-0.001071528954939397,0.4067709951689704,-0.010520219802856329,0.25432029944626056,0.4491801443402864,0.002634224990081461,0.6739184875029917,4.8606684614973
swipe_left,anu,swipe_left,0.07790818810462952,0.0745745301246643,-0.4304202329367399,-0.2868647947907448,-0.25501060485839844,-0.31087316386401653,0.08108651638031006,-0.134610116481781,-0.2942596208304167,-0.1656094193458557,-0.22777700424194336,-0.17814533226191998,0.0649091899394989,-0.36198872327804565,-0.32708547823131084,-0.0682549774646759,-0.3739725947380066,-0.23291712813079357,-0.0024821722146236595,0.007820851875074001,0.0,0.00010611432971376388,0.42214809042034834,0.010520219802856471,0.2608051969855906,0.4488145716271777,0.0002513669509700997,0.3173381769774535,0.790521210400578
swipe_left,anu,swipe_left,0.07790529727935791,0.07526403665542603,-0.4304202329367399,-0.2867882326245308,-0.24417081475257874,-0.31087316386401653,0.08089566230773926,-0.13391387462615967,-0.2942596208304167,-0.1577395498752594,-0.21913209557533264,-0.17814533226191998,0.06502655148506165,-0.36058974266052246,-0.32708547823131084,-0.06715813279151917,-0.37332069873809814,-0.23291712813079357,-8.760076580625614e-05,0.02089413729580971,0.0,0.002320065642848165,0.3284784880551433,0.0,0.26644739967462866,0.4481210222331249,0.0070630457219255215,0.004192399627056937,2.8571067149959815
swipe_left,anu,swipe_left,0.07791981101036072,0.07541155815124512,-0.41979839745908976,-0.2778003588318825,-0.23961752653121948,-0.3108515376225114,0.08080080151557922,-0.13376635313034058,-0.28902231995016336,-0.14827917516231537,-0.21271902322769165,-0.17812370602041483,0.06504547595977783,-0.36020946502685547,-0.3270638519898057,-0.06630980968475342,-0.3731765151023865,-0.23289550188928843,0.0004398100303881107,0.004470348358154308,0.32187380235303614,0.2723598118984345,0.13797843095028073,0.0006553406516710933,0.2619988536500625,0.44556831155404736,1.973916039678234,0.09836183521376454,10.014322424129547
swipe_left,anu,swipe_left,0.07795561850070953,0.0750146210193634,-0.36494391737505794,-0.2578193172812462,-0.23961535096168518,-0.31129642901942134,0.08033774793148041,-0.13376417756080627,-0.22537846444174647,-0.13599833846092224,-0.20758798718452454,-0.18037022231146693,0.06509275734424591,-0.36020728945732117,-0.2871030527167022,-0.06581799685955048,-0.3737209141254425,-0.22365861712023616,0.0010850754651156366,-0.01202839793580954,1.6622569722433926,0.6054861075950406,6.592634952429585e-05,-0.013481557482119795,0.25005838356195964,0.442315232347775,9047.05115247971,0.09020197610102708,10.934013605904589
swipe_left,anu,swipe_left,0.07797420024871826,0.07441690564155579,-0.3077895240858197,-0.23105400800704956,-0.23952516913414001,-0.3123482661321759,0.08001551032066345,-0.1336739957332611,-0.17382115591317415,-0.12149608135223389,-0.20749780535697937,-0.1840485529974103,0.06528380513191223,-0.360117107629776,-0.24545239377766848,-0.0654447078704834,-0.374311238527298,-0.19350773561745882,0.0005630832729917598,-0.018112587206291476,1.7319513117951018,0.8110699780059604,0.0027327826528838256,-0.03187385190165412,0.2443702037630608,0.4391659966720625,296.68414829919817,0.031086237451418867,6.255217575298033
swipe_left,anu,swipe_left,0.07867330312728882,0.0730990469455719,-0.28609581920318305,-0.2031809389591217,-0.2392827570438385,-0.399145147530362,0.08025610446929932,-0.13413086533546448,-0.14459387096576393,-0.10686695575714111,-0.20725539326667786,-0.18403094145469368,0.06590187549591064,-0.3598344922065735,-0.21508706244640052,-0.06452971696853638,-0.37748581171035767,-0.16799952718429267,0.02118493571425906,-0.03993511199951128,0.6573849964435281,0.8446384559978045,0.007345820918227606,-2.6302085272177314,0.3029068231054043,0.4389040922829151,114.96652298986082,0.5304706606020714,78.74410909962677
swipe_left,anu,swipe_left,0.07893845438957214,0.0739089846611023,-0.25009814408258535,-0.16788652539253235,-0.24938952922821045,-0.5630383243842516,0.08006981015205383,-0.13232707977294922,-0.11690996345714666,-0.09626504778862,-0.20365363359451294,-0.20884855595068075,0.06607422232627869,-0.35624754428863525,-0.18020606544450857,-0.0635479986667633,-0.37590357661247253,-0.14652786162332632,0.008034886735858358,0.024543567137284773,1.090838640018115,1.0695276838360437,-0.3062658237688477,-4.966459904663333,0.4476307607104001,0.4359874201407832,3.4921434541119636,0.32735907261745306,71.75484950222379
swipe_left,anu,swipe_left,0.07869555056095123,0.07324379682540894,-0.12163089029490948,-0.13070155680179596,-0.27012261748313904,-0.631386598572135,0.07879100739955902,-0.1330849528312683,-0.0238682571798563,-0.08527283370494843,-0.2044239640235901,-0.24817459844052792,0.06500642001628876,-0.35596680641174316,-0.09195281378924847,-0.06335242092609406,-0.37605661153793335,-0.09651612304151058,-0.007360722079421553,-0.02015720714222306,3.8929470844750362,1.1268172300223176,-0.6282754016645042,-2.0711598238752584,0.549403624664018,0.4304531594161491,1.7935055765854326,0.36514765561684803,88.29439246749003
swipe_left,anu,swipe_left,0.07841947674751282,0.07341578602790833,-0.0944956336170435,-0.09538203477859497,-0.29386815428733826,-0.6314961481839418,0.07701590657234192,-0.13292041420936584,-0.02397780679166317,-0.08055314421653748,-0.20824798941612244,-0.26279096491634846,0.06304481625556946,-0.35555121302604675,-0.08231896348297596,-0.06301340460777283,-0.37630996108055115,-0.09662567265331745,-0.008365873134497461,0.0052117940151330325,0.8222805053898803,1.0702885461576084,-0.719561721339372,-0.0033196852062687813,0.5421538576094623,0.42941511123637965,1.4874152237422833,1.6048731467636863,62.74623870317369
swipe_left,anu,swipe_left,0.0773540586233139,0.0727812647819519,-0.0944956336170435,-0.06842871010303497,-0.3129202127456665,-0.6314961481839418,0.07584799826145172,-0.13246530294418335,-0.02397780679166317,-0.0724024623632431,-0.20973727107048035,-0.3081092704087496,0.06111903488636017,-0.35504159331321716,-0.08231896348297596,-0.06299538910388947,-0.3760620653629303,-0.09662567265331745,-0.03228539770299746,-0.019227916544134013,0.0,0.816767414410911,-0.5773351047978271,0.0,0.5386119569071748,0.42830391686279556,1.4147173676188647,1.6790024351552175,8.809398677262804
swipe_left,anu,swipe_left,0.07648932933807373,0.07352575659751892,-0.09463659301400185,-0.0488886833190918,-0.31132858991622925,-0.6435243003070354,0.07599934935569763,-0.12860414385795593,-0.02411876618862152,-0.06619253754615784,-0.22168615460395813,-0.3137320689857006,0.06026268005371094,-0.351636677980423,-0.08245992287993431,-0.06243404746055603,-0.37202906608581543,-0.0967666320502758,-0.02620391773455042,0.022560358047485105,-0.004271496877525745,0.5921220237558473,0.048230994831431465,-0.3644894582755598,0.5502835382732325,0.42564618078727584,12.276540205838172,1.1614512601324258,22.971437164070817
swipe_left,anu,swipe_left,0.07562713325023651,0.07368984818458557,-0.09457158949226141,-0.013533428311347961,-0.332765132188797,-0.6315721040591598,0.07593531906604767,-0.12886705994606018,-0.02511997800320387,-0.06035469472408295,-0.2268359661102295,-0.34461168106645346,0.0592011958360672,-0.35310348868370056,-0.08222321327775717,-0.06337808072566986,-0.37250110507011414,-0.11085101868957281,-0.02612715417688585,0.0049724723353531215,0.0019698036891041696,1.0713713638710425,-0.6495921900778209,0.3621877650871479,0.5246083164262744,0.4272877791491766,1.649295867376154,5.253302404270998,33.80787442508411
swipe_left,anu,swipe_left,0.07532195746898651,0.07532736659049988,-0.10678762849420309,0.020908638834953308,-0.3486859202384949,-0.6293907528743148,0.07525046169757843,-0.12728992104530334,-0.03979213070124388,-0.05640484392642975,-0.23275479674339294,-0.36240873392671347,0.05836038291454315,-0.3575173616409302,-0.08239491935819387,-0.06433357298374176,-0.3744701147079468,-0.15418536122888327,-0.009247750946969596,0.04962176987619057,-0.37018300005883475,1.0436990044333603,-0.48244812271811216,0.06610155105590748,0.4834782555700615,0.4338631789263759,2.1633348580948257,0.1863610388949035,10.337284629319836
swipe_left,anu,swipe_left,0.07528224587440491,0.07532736659049988,-0.1084903609007597,0.03687936067581177,-0.3643047511577606,-0.6209961008280516,0.07507571578025818,-0.12738433480262756,-0.05094643495976925,-0.04938438534736633,-0.2375010848045349,-0.4054724406450987,0.05631449818611145,-0.3575173616409302,-0.08693498186767101,-0.06581169366836548,-0.3751664459705353,-0.1705975066870451,-0.001203381653987987,0.0,-0.051597951713835986,0.4839612679047965,-0.4732979066444114,0.25438339534130683,0.4620847570097067,0.43379599880055075,1.0225277538373774,1203.381653987987,17.897784284939025
swipe_left,anu,swipe_left,0.07523904740810394,0.0750952661037445,-0.10851294919848442,0.049601420760154724,-0.37928706407546997,-0.6095942668616772,0.0750976949930191,-0.12829259037971497,-0.05096902325749397,-0.043568745255470276,-0.25627487897872925,-0.4129614047706127,0.0562063604593277,-0.3576546907424927,-0.08695757016539574,-0.06676258146762848,-0.37585192918777466,-0.178037878125906,-0.001309044433362577,-0.007033348083496206,-0.0006844938704461871,0.385516972252823,-0.454009482354836,0.34551012019316907,0.4469824357005812,0.4337042802280955,0.8491367209260132,0.18609321259404565,4.106860331402653
swipe_left,anu,swipe_left,0.0752527117729187,0.07498985528945923,-0.1084972657263279,0.050579726696014404,-0.38203099370002747,-0.6071429587900639,0.0750938355922699,-0.12991976737976074,-0.05095333978533745,-0.042914777994155884,-0.2563802897930145,-0.4129457212984562,0.05613258481025696,-0.3580649793148041,-0.08694188669323921,-0.06722107529640198,-0.3772096037864685,-0.17802219465374947,0.0004140716610532773,-0.003194267099553853,0.0004752567320158935,0.029645634419989984,-0.08314938256234743,0.07428206277616015,0.4450223645657479,0.4340123309244269,0.35653034305357806,0.12958906036715773,17.61089178588736
swipe_left,anu,swipe_left,0.07529464364051819,0.07446706295013428,-0.10680740606039762,0.05062165856361389,-0.3825537860393524,-0.6071317447349429,0.07510596513748169,-0.13153666257858276,-0.0509421257302165,-0.042872846126556396,-0.2569030821323395,-0.4145524753257632,0.05617004632949829,-0.35858777165412903,-0.0822429908439517,-0.06821507215499878,-0.37773239612579346,-0.1793511463329196,0.0012706626545299386,-0.01584219210075635,0.051207868664554484,0.0012706626545299386,-0.01584219210075635,0.00033981985214985317,0.4440063679022856,0.4341723741687862,0.08020243941050727,0.08020243941050727,3.149599096904045
swipe_left,anu,swipe_left,0.07528498768806458,0.07278698682785034,-0.10687205754220486,0.050625354051589966,-0.38423386216163635,-0.6071963962167501,0.0749555230140686,-0.1349802017211914,-0.05149618722498417,-0.04286915063858032,-0.2585831582546234,-0.4148168619722128,0.05560886859893799,-0.36026784777641296,-0.08230764232575893,-0.06941461563110352,-0.3794124722480774,-0.18045056425035,-0.00029260461980645986,-0.05091139764496719,-0.0019591358123403394,0.00011198448412345994,-0.05091139764496719,-0.0019591358123403394,0.44333378533878465,0.43419701741428546,0.0021995523547009748,0.0057472174429283535,1.0655628369795165
swipe_left,anu,swipe_left,0.07528811693191528,0.07147881388664246,-0.10855070315301418,0.050628483295440674,-0.38554203510284424,-0.6071963962167501,0.07481718063354492,-0.13909855484962463,-0.05478694103658199,-0.042866021394729614,-0.2594375014305115,-0.41461712680757046,0.055611997842788696,-0.36157602071762085,-0.0869953241199255,-0.07052183151245117,-0.3807206451892853,-0.18053088150918484,9.482557123357496e-05,-0.0396416042790264,-0.05086804881240326,9.482557123357496e-05,-0.0396416042790264,0.0,0.44355845840139435,0.43403718020671395,0.00239201164903649,0.00239201164903649,0.3466311039060406
swipe_left,anu,swipe_left,0.07532018423080444,0.07105064392089844,-0.11529183201491833,0.04642212390899658,-0.37962475419044495,-0.6321263965219259,0.07415097951889038,-0.13952672481536865,-0.05478694103658199,-0.045263200998306274,-0.23426303267478943,-0.4129991587251425,0.05561429262161255,-0.36200419068336487,-0.08989742957055569,-0.07139661908149719,-0.38045957684516907,-0.18288560770452023,0.0009717363299745656,-0.012974847446788647,-0.20427663217891673,-0.12746543595285328,0.1793115427999814,-0.7554545547023085,0.4644343220155136,0.43424611410321834,0.7108562176547669,0.07488808218187382,24.146090511970776
swipe_left,anu,swipe_left,0.07533887028694153,0.07098221778869629,-0.11900085024535656,0.04158022999763489,-0.37287774682044983,-0.6418144162744284,0.07409176230430603,-0.1395951509475708,-0.05478694103658199,-0.04670807719230652,-0.21485033631324768,-0.4046167489141226,0.05562680959701538,-0.362072616815567,-0.0903953518718481,-0.07138410210609436,-0.37868064641952515,-0.18780835531651974,0.0005662441253662048,-0.002073519157640839,-0.11239449183146036,-0.14672405792004972,0.20445476878772859,-0.2935763561364344,0.46788472657046076,0.43444600314419507,0.717632272202515,0.27295198662332065,14.029175510804134
swipe_left,anu,swipe_left,0.0755344033241272,0.07101547718048096,-0.14959717635065317,0.03406524658203125,-0.34390008449554443,-0.6422563130035996,0.07400235533714294,-0.139654278755188,-0.08854751382023096,-0.05392301082611084,-0.20146280527114868,-0.40155326668173075,0.05571898818016052,-0.3621317446231842,-0.13726299349218607,-0.07137292623519897,-0.3765515685081482,-0.1918389881029725,0.005925243551080972,0.0010078603571111666,-0.9271613971302152,-0.22772677016981083,0.8781109795426018,-0.013390809974887367,0.4637446433824315,0.4337756315197378,0.25933682203997604,5.873204858646328,22.24494391554169
swipe_left,anu,swipe_left,0.07625347375869751,0.0736950933933258,-0.18739070277661085,0.03222811222076416,-0.296152263879776,-0.6421305416151881,0.0740751326084137,-0.13522443175315857,-0.12454547267407179,-0.06795820593833923,-0.18561646342277527,-0.3942099688574672,0.05599316954612732,-0.3615420460700989,-0.17923501413315535,-0.07130014896392822,-0.3750748932361603,-0.2032899735495448,0.02179001316879711,0.08120049129832785,-1.1452583765441595,-0.05567073822021423,1.44690365502327,0.003811254194288501,0.45774220525163245,0.4357847665446091,0.03847574753936977,0.2683449875168219,18.014999790944795
swipe_left,anu,swipe_left,0.07706671953201294,0.07700350880622864,-0.20744750183075666,0.01575908064842224,-0.2473735511302948,-0.6415887353941798,0.07441738247871399,-0.12827035784721375,-0.12499917577952147,-0.07773959636688232,-0.1753053367137909,-0.3925793645903468,0.05637168884277344,-0.35493671894073486,-0.2009263364598155,-0.07095476984977722,-0.37334099411964417,-0.2214976428076625,0.02464381131258917,0.10025501251220863,-0.6077817895195797,-0.4990615627982479,1.478142810590363,0.016418370333585133,0.44706108601849137,0.4324848786248167,0.337627204621535,0.2458088118115428,13.474808912982947
idle,anu,swipe_left,0.07829275727272034,0.07710233330726624,-0.21615940611809492,0.006108641624450684,-0.211062490940094,-0.6319007156416774,0.07514488697052002,-0.1259637176990509,-0.12499917577952147,-0.08317670226097107,-0.16378584504127502,-0.3922817585989833,0.05704185366630554,-0.353500634431839,-0.21027882676571608,-0.07027217745780945,-0.373076856136322,-0.25615357141941786,0.03715265880931467,0.0029946818496241383,-0.2639970996163079,-0.2924375461809531,1.1003351572788003,0.2935763561364344,0.41625545094905025,0.43116713458163025,0.26577109572057445,12.402070938866933,15.518248277541991
idle,anu,swipe_left,0.07970395684242249,0.07711619138717651,-0.21611597412265837,-0.0053009092807769775,-0.1713973879814148,-0.6046006160322577,0.077024906873703,-0.1259416937828064,-0.12495574378408492,-0.08454945683479309,-0.16377198696136475,-0.3728997784201056,0.05778360366821289,-0.35319703817367554,-0.21023539477027953,-0.06951907277107239,-0.37306299805641174,-0.2561101394239813,0.04276362332430706,0.00041994181546297477,0.0013161210738348093,-0.34574396682507685,1.2019728169296595,0.827275745739982,0.4077236847371644,0.43091131179384495,0.2876468371900568,101.590342782347,16.542424708831806
idle,anu,swipe_left,0.08045387268066406,0.07734036445617676,-0.2161066960543394,-0.020407140254974365,-0.12630802392959595,-0.5105164330452681,0.07774496078491211,-0.12571752071380615,-0.12494646571576595,-0.08454945683479309,-0.1635478138923645,-0.31334963254630566,0.058549463748931885,-0.35244038701057434,-0.21022611670196056,-0.06941375136375427,-0.3728388249874115,-0.25610086135566235,0.022724722370957247,0.006793123303037809,0.0002811535854231272,-0.45776457497568573,1.3663443652066536,2.85103584809064,0.35763999625422815,0.4303787618778295,0.3350284537368419,3.3447615472030807,61.621579633955484
idle,anu,swipe_left,0.08290210366249084,0.07628923654556274,-0.21608713956084102,-0.039426445960998535,-0.08863049745559692,-0.4342161932727322,0.07896971702575684,-0.12526601552963257,-0.12440533132757992,-0.08454945683479309,-0.16309630870819092,-0.2579865971347317,0.05858844518661499,-0.35198888182640076,-0.21020656020846218,-0.06895703077316284,-0.3723873198032379,-0.25608130486216396,0.0741888176311138,-0.031852360927697033,0.0005926210151025678,-0.5763425971522412,1.1417432264848064,2.3121284779556066,0.3363361832114183,0.429008020762119,0.5047913392360043,2.329073462593562,18.05327216471727
idle,anu,swipe_left,0.0845564603805542,0.07486024498939514,-0.2161090299487114,-0.058573007583618164,-0.06885424256324768,-0.3419001176953316,0.07943686842918396,-0.12524709105491638,-0.11452943086624146,-0.08454945683479309,-0.15969058871269226,-0.20252368599176407,0.058841854333877563,-0.35196179151535034,-0.21022845059633255,-0.0680873692035675,-0.3719048798084259,-0.2569105997681618,0.05013202175949639,-0.043302774429321976,-0.0006633450869809603,-0.5801988370490889,0.59928045128332,2.7974568356788514,0.3148863762839486,0.4276363794436971,0.9681575089745111,1.157682498123093,22.05728304717378
idle,anu,swipe_left,0.08575451374053955,0.07444131374359131,-0.21816156059503555,-0.06425529718399048,-0.038886070251464844,-0.3419001176953316,0.07896333932876587,-0.12490004301071167,-0.11452943086624146,-0.08402073383331299,-0.1592310667037964,-0.20252368599176407,0.0586395263671875,-0.35150226950645447,-0.21022845059633255,-0.06721881031990051,-0.37128835916519165,-0.2569105997681618,0.03630464727228298,-0.012694886236479649,-0.06219789837345864,-0.1721905939506743,0.908126433690379,0.0,0.3431082660658063,0.4268794828595036,0.18961060701683605,2.8595599075208504,86.178010585727
idle,anu,swipe_left,0.08638358116149902,0.07558402419090271,-0.21816156059503555,-0.06931373476982117,-0.00691714882850647,-0.3342323675751686,0.0786471962928772,-0.12382885813713074,-0.11452943086624146,-0.08546271920204163,-0.15808835625648499,-0.20252368599176407,0.05862605571746826,-0.35038328170776367,-0.21022845059633255,-0.06761065125465393,-0.37014564871788025,-0.2569105997681618,0.019062649119983812,0.03462758931246633,0.0,-0.15328598744941313,0.9687551946350916,0.23235606424736,0.3713711073874018,0.4269444462076952,0.15822968492826253,0.5504887579443277,7.2993560097580295
idle,anu,swipe_left,0.08733931183815002,0.07557958364486694,-0.22841805964708328,-0.07602092623710632,0.023514986038208008,-0.3161877170205116,0.07843548059463501,-0.12458020448684692,-0.11452943086624146,-0.08673462271690369,-0.15807479619979858,-0.19731280952692032,0.05954363942146301,-0.35082611441612244,-0.2400117740035057,-0.06873828172683716,-0.3691276013851166,-0.2716173604130745,0.0289615356560914,-0.00013456200108383855,-0.31080300157720886,-0.2032482262813716,0.9221859050519685,0.5468075925653718,0.3952312678137449,0.4274679320797687,0.22039808326048377,213.64051448443942,9.75101829830693
idle,anu,swipe_left,0.08874841034412384,0.0755765438079834,-0.22842214163392782,-0.07844190299510956,0.03364485502243042,-0.3161054318770766,0.07864557206630707,-0.12465345859527588,-0.12692836578935385,-0.08544106781482697,-0.14744818210601807,-0.20244140084832907,0.05994890630245209,-0.35150399804115295,-0.24216560181230307,-0.06974805891513824,-0.3663298487663269,-0.2771480744704604,0.0426999547264788,-9.211626919832995e-05,-0.00012369657104665448,-0.07336293206070328,0.3069657267946152,0.002493489195000014,0.4019614686657141,0.4282710395962734,0.23899310790706263,458.56599597575615,25.201554831959854
idle,anu,swipe_left,0.08967381715774536,0.07655507326126099,-0.2327337022870779,-0.086087167263031,0.04690229892730713,-0.324598615989089,0.07808312773704529,-0.12522351741790771,-0.13441320322453976,-0.08440136909484863,-0.1394113302230835,-0.2024922426789999,0.059952765703201294,-0.35435950756073,-0.2554683443158865,-0.07059812545776367,-0.36355340480804443,-0.2870385702699423,0.028042630715804113,0.029652407675078894,-0.13065335312576212,-0.2316746747855021,0.4017407243902097,-0.25736921551553094,0.4124615766096915,0.4325362190761993,0.5766756618002608,0.9456798700195087,9.657758475098966
idle,anu,swipe_left,0.09046879410743713,0.0766105055809021,-0.24761453131213784,-0.08898457884788513,0.04543524980545044,-0.33074775198474526,0.07888814806938171,-0.1294558048248291,-0.15075614908710122,-0.08299994468688965,-0.14068806171417236,-0.20381040731444955,0.061450064182281494,-0.35934504866600037,-0.27117776731029153,-0.0692523717880249,-0.3650999367237091,-0.28761726478114724,0.02409021059672011,0.001679767261851899,-0.45093421288059926,-0.08780035105618467,-0.04445603399565677,-0.18633745441382377,0.4132659413748062,0.4375552057236866,1.974948465180163,14.332865200014124,14.368777986150032
idle,anu,swipe_left,0.09078457951545715,0.07617583870887756,-0.25654768804088235,-0.09082138538360596,0.05008324980735779,-0.32459875801578164,0.07974398136138916,-0.12999370694160461,-0.15893180528655648,-0.08225202560424805,-0.14090654253959656,-0.20381040731444955,0.06285509467124939,-0.3599523603916168,-0.2731646881438792,-0.067097008228302,-0.36463770270347595,-0.28761726478114724,0.009569254788485335,-0.013171723394682769,-0.2707017190528609,-0.05566080411275167,0.14084848490628174,0.1863331505746532,0.41704189881205417,0.4373373833400551,0.3951793231603736,0.7264446767589464,12.64962225090602
idle,anu,swipe_left,0.09053435921669006,0.08203816413879395,-0.26916551450267434,-0.09425029158592224,0.057053983211517334,-0.32459875801578164,0.08089175820350647,-0.13045501708984375,-0.1659556166268885,-0.081458181142807,-0.13890671730041504,-0.20381040731444955,0.06388622522354126,-0.36050403118133545,-0.2731646881438792,-0.06647452712059021,-0.3645174503326416,-0.28761726478114724,-0.00758243329597254,0.1776462251489841,-0.38235837763006647,-0.10390624855504058,0.21123434558059567,0.0,0.4241009284521482,0.44336182861618667,0.49189802146722517,0.04268253157128417,6.210408876742569
idle,anu,swipe_left,0.09242387115955353,0.08595219254493713,-0.271584986243397,-0.09862430393695831,0.057363301515579224,-0.3305817828513682,0.08140306174755096,-0.12951436638832092,-0.17353698471561074,-0.08193306624889374,-0.13935574889183044,-0.20420656958594918,0.06464479863643646,-0.3621881604194641,-0.280180333647877,-0.06776629388332367,-0.3653631806373596,-0.28868049243465066,0.057257937662528596,0.11860692139827714,-0.07331732547644332,-0.13254582881927346,0.00937328194126928,-0.18130378289656007,0.4259173788852191,0.4490827683426591,14.139304711516575,0.4827496931698215,8.26774054741272
idle,anu,swipe_left,0.09329092502593994,0.08685570955276489,-0.2744932360947132,-0.10165160894393921,0.05941152572631836,-0.3307431824505329,0.08110815286636353,-0.13046181201934814,-0.1777222938835621,-0.0815553069114685,-0.1371350884437561,-0.20609592273831367,0.06387016177177429,-0.3631906807422638,-0.2813822515308857,-0.06842562556266785,-0.3645317256450653,-0.2921314425766468,0.026274359587467495,0.027379303267508277,-0.08812878337322,-0.09173651536305892,0.062067400325429345,-0.004890896944385664,0.4269926378886191,0.4510596338198784,1.4779906503482834,0.9596080558628003,5.714638662923095
idle,anu,swipe_left,0.09301367402076721,0.08842524886131287,-0.28382607782259583,-0.10520139336585999,0.06947770714759827,-0.33336963737383485,0.080853670835495,-0.13277170062065125,-0.18072321498766541,-0.08063346147537231,-0.135197252035141,-0.2102642902173102,0.0650273859500885,-0.3671410381793976,-0.2841393002308905,-0.06895968317985535,-0.3661678731441498,-0.29545831168070436,-0.00840154561129474,0.04756179722872595,-0.28281338569340975,-0.107569224906689,0.3050358006448423,-0.0795895431303608,0.43879129640496617,0.4564252099920764,0.3526434341013596,0.17664111660406207,7.71771280221114
idle,anu,swipe_left,0.09117183089256287,0.08816203474998474,-0.28730861004441977,-0.11157524585723877,0.07031604647636414,-0.3340408569201827,0.08002683520317078,-0.1344606578350067,-0.18072361405938864,-0.08261531591415405,-0.13497278094291687,-0.2102646892890334,0.06463894248008728,-0.3695870041847229,-0.28413969930261374,-0.07119649648666382,-0.3655073642730713,-0.2954587107524276,-0.0558134281274038,-0.007976185191761275,-0.10553127944920887,-0.19314704519329437,0.02540422208381394,-0.020339986252965125,0.4393871536138862,0.4585283184367645,7.602651319326641,6.996631867722857,9.04167948450704
idle,anu,swipe_left,0.09106209874153137,0.08661162853240967,-0.29820842342451215,-0.11459881067276001,0.06900501251220703,-0.3340468783862889,0.08000287413597107,-0.13571977615356445,-0.19175820844247937,-0.08360064029693604,-0.136932373046875,-0.2102707107551396,0.06497785449028015,-0.371563583612442,-0.2978370268829167,-0.0710771381855011,-0.3670002520084381,-0.3016521711833775,-0.003325216697924118,-0.046982006593184786,-0.3302973751543199,-0.09162317622791782,-0.03972830194415532,-0.00018246866988413552,0.439367891089652,0.4589172591628363,2.3061864101389467,0.07077488094187791,3.7058595514067516
idle,anu,swipe_left,0.09086056053638458,0.08665922284126282,-0.31151387304998934,-0.11587904393672943,0.06940993666648865,-0.3595078906510025,0.08136029541492462,-0.1354510486125946,-0.20180092961527407,-0.0857793539762497,-0.1370762288570404,-0.22300784499384463,0.06461618840694427,-0.371716171503067,-0.30645376653410494,-0.07147718966007233,-0.3666188716888428,-0.3109310588333756,-0.006107218337781434,0.0014422517834287542,-0.4031954431962742,-0.03879494739301234,0.0122704289176246,-0.7715458262034354,0.44096752144394247,0.45915397622882514,3.1614042385311674,4.2315681905983356,23.482328684340143
idle,anu,swipe_left,0.09055498242378235,0.08413168787956238,-0.31151387304998934,-0.11537015438079834,0.06679156422615051,-0.3595078906510025,0.08277538418769836,-0.1381596028804779,-0.20180092961527407,-0.08649301528930664,-0.13983741402626038,-0.22300784499384463,0.0654175877571106,-0.37452319264411926,-0.30645376653410494,-0.07050350308418274,-0.36856648325920105,-0.3109310588333756,-0.009259942806128447,-0.07659196853637817,0.0,0.01542089563427574,-0.07934461940418716,0.0,0.4403513988830599,0.4593710838927204,0.19435093896893774,0.12089807958977847,23.60167689187517
idle,anu,swipe_left,0.09147846698760986,0.08411800861358643,-0.31151387304998934,-0.1172683835029602,0.06523197889328003,-0.3595078906510025,0.08474570512771606,-0.1393691897392273,-0.20180092961527407,-0.08889073133468628,-0.14144670963287354,-0.22300784499384463,0.06644478440284729,-0.37594303488731384,-0.30645376653410494,-0.07023721933364868,-0.36969107389450073,-0.3109310588333756,0.02798438072204559,-0.0004145232113924848,0.0,-0.05752209461096498,-0.047260161602135344,0.0,0.44014736263983395,0.4607694148799853,1.2171113163745435,67.34733452859456,2.4147717009374006
idle,anu,swipe_left,0.09062439203262329,0.08314034342765808,-0.31151387304998934,-0.11832466721534729,0.0629524290561676,-0.3595078906510025,0.0866345763206482,-0.14094141125679016,-0.20180092961527407,-0.09009259939193726,-0.14348450303077698,-0.22300784499384463,0.0674925446510315,-0.37767577171325684,-0.30645376653410494,-0.06894513964653015,-0.3710360676050186,-0.3109310588333756,-0.025881059242017057,-0.029626217755404062,0.0,-0.03200859734506283,-0.0690772677912849,0.0,0.4394815827387924,0.46142407719450695,0.4633671105039076,0.8735568576059188,1.017263594440819
idle,anu,swipe_left,0.0903637558221817,0.08102187514305115,-0.29482143954373896,-0.11982439458370209,0.060716599225997925,-0.3411152346525341,0.08726860582828522,-0.1431567370891571,-0.17468149797059596,-0.09125633537769318,-0.14659073948860168,-0.20755940512754023,0.06780393421649933,-0.38000521063804626,-0.2752612812910229,-0.06854887306690216,-0.3732718974351883,-0.2878044827375561,-0.007898066983078591,-0.06419600862445356,0.5058313183712317,-0.045446283889540036,-0.06775241909605192,0.5573532120748088,0.44024678375974147,0.4619929860566747,0.6707600073305857,0.12302858267558131,16.894447054577885
idle,anu,swipe_left,0.09062762558460236,0.08007469773292542,-0.29471414303407073,-0.1226421445608139,0.0595037043094635,-0.3404402635060251,0.0874343067407608,-0.14410391449928284,-0.17443605279549956,-0.09333755075931549,-0.14813551306724548,-0.20666070049628615,0.0690312534570694,-0.3809630870819092,-0.2740843496285379,-0.06748147308826447,-0.374219074845314,-0.28670304035767913,0.007996053406686406,-0.028702345761385514,0.0032514093838857524,-0.08538636294278137,-0.036754391410133654,0.020453671106334663,0.4405063427315679,0.46200414575195703,2.3230976372962773,0.2785756571083592,16.34165765069712
idle,anu,swipe_left,0.08962675929069519,0.08007469773292542,-0.2946027488214895,-0.12403759360313416,0.051660239696502686,-0.33976119465660304,0.08725714683532715,-0.14410391449928284,-0.17418650991749018,-0.09405361115932465,-0.150705486536026,-0.20630883879493922,0.06886658072471619,-0.3813791871070862,-0.27364024228882045,-0.06693021953105927,-0.374219074845314,-0.2851346106035635,-0.030329281633550954,0.0,0.003375582199430881,-0.04228633461576587,-0.23768074584730123,0.020577843921880255,0.43314951969651233,0.46239604186039723,0.17791157863226378,30329.281633550956,6.22718261146101
idle,anu,swipe_left,0.08862589299678802,0.07995733618736267,-0.2944271902088076,-0.1254330426454544,0.04381677508354187,-0.3375518361572176,0.0870799869298935,-0.14410391449928284,-0.1731292048934847,-0.0947696715593338,-0.15327546000480652,-0.2057610044721514,0.06870190799236298,-0.3817952871322632,-0.2729064265731722,-0.06637896597385406,-0.37423521280288696,-0.28356618084944785,-0.03032928163355014,-0.003556410471598268,0.005319957960058284,-0.04228633461576473,-0.23768074584729482,0.0669502575571331,0.42563987069627235,0.4626830379303673,0.1779115786322638,8.525662662685042,1.4052246556137074
idle,anu,swipe_left,0.08553114533424377,0.07955458760261536,-0.2931351074948907,-0.12763813138008118,0.02824607491493225,-0.3345714220777154,0.08673861622810364,-0.1450265347957611,-0.17004427406936884,-0.09482237696647644,-0.1599530279636383,-0.20004551205784082,0.068474680185318,-0.3830847144126892,-0.2706923196092248,-0.06640180945396423,-0.374925434589386,-0.27966410014778376,-0.09378023219831212,-0.012204502568100633,0.03915402163384601,-0.06682087074626682,-0.47183939904878386,0.09031557816673552,0.4114753543051476,0.4634972766917468,0.14161752762369584,7.683438815818118,7.169607093590307
idle,anu,swipe_left,0.08675646781921387,0.07980358600616455,-0.28878990607336164,-0.13146334886550903,0.02170717716217041,-0.32381314830854535,0.08697986602783203,-0.14580684900283813,-0.16303014056757092,-0.09667864441871643,-0.16293007135391235,-0.18484189407899976,0.06922179460525513,-0.38384416699409485,-0.2544553061015904,-0.06694993376731873,-0.37563183903694153,-0.26281125145033,0.03713098439303271,0.0075454061681573216,0.13167277034936384,-0.11591568137660044,-0.19814841675035663,0.32600829603545234,0.40713819022785114,0.46524785693448545,0.5849912822233518,4.920353286801595,11.045781326115328
idle,anu,swipe_left,0.08656330406665802,0.0832991898059845,-0.28741730051115155,-0.13469140231609344,0.014222294092178345,-0.3236902137286961,0.08646489679813385,-0.14322033524513245,-0.16158115165308118,-0.09850089251995087,-0.16181007027626038,-0.1844268967397511,0.06946869194507599,-0.3814626634120941,-0.25143156247213483,-0.06684722006320953,-0.3732888996601105,-0.2603320856578648,-0.00585344704714682,0.10592738787333054,0.041594107945759635,-0.09781980153285988,-0.22681463848460556,0.0037252902984618733,0.39847460488910247,0.46646626814004777,0.4312745019982346,0.055258530453105616,9.82003110729818
idle,anu,swipe_left,0.08669230341911316,0.08413776755332947,-0.2857016404159367,-0.13675948977470398,0.009292274713516235,-0.3215961535461247,0.08769825100898743,-0.14176800847053528,-0.16158115165308118,-0.0985194742679596,-0.1615484058856964,-0.1829395522363484,0.0708223283290863,-0.3808480203151703,-0.25143156247213483,-0.06603369116783142,-0.3725772202014923,-0.2559170504100621,0.003909071286519431,0.02541144688924194,0.051989699854996095,-0.06266931692759296,-0.1493945266261269,0.06345636916883166,0.39387840042833167,0.4665169635407932,0.41948589989864593,0.15382506468412097,3.1487797090008613
idle,anu,swipe_left,0.08803682029247284,0.08505982160568237,-0.28572157211601734,-0.13926775753498077,0.004738569259643555,-0.30264768190681934,0.08830229938030243,-0.14084595441818237,-0.1616010833531618,-0.09816311299800873,-0.1621723771095276,-0.1666416097432375,0.07145790755748749,-0.3809414207935333,-0.25145149417221546,-0.06435559689998627,-0.3735637068748474,-0.2453870940953493,0.0407429355563535,0.02794103188948167,-0.0006039909115343316,-0.07600811394778081,-0.1379910743597767,0.5741961102819741,0.3898759018662925,0.46755369371587807,0.5508150689119318,1.4581235794699139,15.486095110284738
idle,anu,swipe_left,0.08841046690940857,0.0854085385799408,-0.2874492364935577,-0.14121508598327637,0.0027876198291778564,-0.2946754056029022,0.08843454718589783,-0.14049723744392395,-0.1625504749827087,-0.09688669443130493,-0.16206136345863342,-0.1586281913332641,0.07262274622917175,-0.3806505799293518,-0.252044643741101,-0.06274271011352539,-0.37417927384376526,-0.24117765901610255,0.011322624755628362,0.010567181038134194,-0.052353465986072045,-0.05900995297865528,-0.05911967971108271,0.24158413042173627,0.3887466547636608,0.46766851428966577,0.9981271065730546,1.0713882279998646,10.371446796234348
idle,anu,swipe_left,0.08622649312019348,0.08623272180557251,-0.2883928078226745,-0.14397910237312317,0.0036118030548095703,-0.2946754056029022,0.08869865536689758,-0.13962894678115845,-0.16264798818156123,-0.09700882434844971,-0.1612371802330017,-0.1586281913332641,0.07159408926963806,-0.37989160418510437,-0.25291168270632625,-0.06289061903953552,-0.3742283582687378,-0.24117765901610255,-0.066181023915608,0.02497524926156681,-0.0285930705792973,-0.08375807241959914,0.02497524926156681,0.0,0.3901288742559454,0.46770172627672707,3.3535088292254183,2.6497583052811158,7.7877796578057925
idle,anu,swipe_left,0.08677177131175995,0.08686456084251404,-0.2883928078226745,-0.14495231211185455,0.0036305487155914307,-0.2946754056029022,0.08965139091014862,-0.1379787027835846,-0.16306207654997706,-0.0954500287771225,-0.16121843457221985,-0.1586281913332641,0.0721510499715805,-0.3798728585243225,-0.2539437967352569,-0.06244398653507233,-0.37477609515190125,-0.24117765901610255,0.01652358156262004,0.019146637483076406,0.0,-0.02949120420398102,0.0005680503267230348,0.0,0.3909747060903162,0.4682353238432812,51.82530053854942,0.8629566742750571,1.8031205339724976
idle,anu,swipe_left,0.08532652258872986,0.08686456084251404,-0.28945257840678096,-0.14693650603294373,0.0036305487155914307,-0.2946754056029022,0.08818665146827698,-0.13751032948493958,-0.16807978926226497,-0.09453520178794861,-0.16121843457221985,-0.1586281913332641,0.07054904103279114,-0.3798728585243225,-0.2539437967352569,-0.0635211169719696,-0.3753041923046112,-0.24117765901610255,-0.043795415849397376,0.0,-0.03211426012443825,-0.060127088517854664,0.0,0.0,0.39167802334839663,0.4683194061472857,60127.08851785467,43795.41584939738,0.9285197046560675
idle,anu,swipe_left,0.08353438973426819,0.08686456084251404,-0.2941368776373565,-0.14887559413909912,0.004305154085159302,-0.2959715682081878,0.0864855945110321,-0.13687178492546082,-0.17572742281481624,-0.09497717022895813,-0.1606389582157135,-0.1599368709139526,0.06960484385490417,-0.37987759709358215,-0.26267849979922175,-0.06457698345184326,-0.37533608078956604,-0.2488318788819015,-0.054307056195807585,0.0,-0.14194846153259122,-0.05876024564107195,0.02044258695660193,-0.03927765470562516,0.39173444230854493,0.4680084441326416,2.874263003151522,54307.056195807585,1.342428271456543
idle,anu,swipe_left,0.08254635334014893,0.08683666586875916,-0.30409663496538997,-0.15068885684013367,0.004277259111404419,-0.31413310347124934,0.08480900526046753,-0.1368996798992157,-0.18873101053759456,-0.09640198945999146,-0.15927395224571228,-0.17525679944083095,0.06860798597335815,-0.37990549206733704,-0.2753231185488403,-0.0657370388507843,-0.3753910958766937,-0.2528515118174255,-0.029940496791493285,-0.0008453022349964623,-0.3018108281222305,-0.054947354576805295,-0.0008453022349964623,-0.5503495534261156,0.3938531511041775,0.4678359064102165,64.92639662830972,35.378019286004175,15.500887086978814
idle,anu,swipe_left,0.08208507299423218,0.08594527840614319,-0.3055128017440438,-0.15206649899482727,0.0038676559925079346,-0.32218940649181604,0.08353042602539062,-0.13730928301811218,-0.18993927631527185,-0.09775221347808838,-0.15778812766075134,-0.1752587268128991,0.06785523891448975,-0.3803150951862335,-0.27662639413028955,-0.0665651261806488,-0.37581220269203186,-0.25285343918949366,-0.013978192300507362,-0.027011741291392638,-0.04291414480769226,-0.041746731960411766,-0.012412215724135754,-0.24413039456262464,0.39531602067911437,0.46737099685931266,3.3630876066417756,0.5174666336052826,9.294598052965823
idle,anu,swipe_left,0.08229997754096985,0.08404651284217834,-0.310287828091532,-0.1566070020198822,0.002952367067337036,-0.32302149618044496,0.08272907137870789,-0.13822457194328308,-0.19092344725504518,-0.09882423281669617,-0.15757974982261658,-0.17528379941359162,0.06814029812812805,-0.38157665729522705,-0.2774966605938971,-0.06697475910186768,-0.37672749161720276,-0.25287851179018617,0.006512258992050561,-0.057538350423176454,-0.14469776810570037,-0.13759100075923883,-0.027736028035481468,-0.025214839049360692,0.3963720125341825,0.4669911067201811,4.960553112728268,0.11317922333421873,7.2566086235478355
idle,anu,swipe_left,0.08309906721115112,0.08344671130180359,-0.3222961404826492,-0.16596990823745728,0.0019363462924957275,-0.32467621355317533,0.08248275518417358,-0.13878849148750305,-0.20197753398679197,-0.09969645738601685,-0.15811988711357117,-0.17532481043599546,0.06846797466278076,-0.38231098651885986,-0.28339966922067106,-0.06752273440361023,-0.37726762890815735,-0.25291952281259,0.024214838490342033,-0.01817580425378077,-0.3638882542762851,-0.2837244308356128,-0.030788508328524995,-0.05014295068880002,0.39829200784084184,0.4676079954673544,9.214971145633909,1.3321834879365746,4.493205540086973
idle,anu,swipe_left,0.08476090431213379,0.08269375562667847,-0.3347547453668085,-0.18222424387931824,-0.01677548885345459,-0.3247923952367273,0.08317679166793823,-0.14103496074676514,-0.20808125555777224,-0.10012495517730713,-0.158696711063385,-0.17535128712916048,0.06869751214981079,-0.3828878104686737,-0.2877273958947626,-0.06759709119796753,-0.3779293894767761,-0.25108508289122256,0.05035870002977721,-0.022816838640154963,-0.377533481338156,-0.49255562551093285,-0.5670253074530337,-0.0035206570773328636,0.3860107407320054,0.4682262261492059,0.8686645029282539,2.2069881737683814,17.495480483338817
idle,anu,swipe_left,0.08472485840320587,0.08256256580352783,-0.3473009668523446,-0.19591788947582245,-0.03779095411300659,-0.3269740544492379,0.08357830345630646,-0.14103537797927856,-0.21592592226807028,-0.10321669280529022,-0.158696711063385,-0.17532945203129202,0.06830616295337677,-0.3828878104686737,-0.291625251644291,-0.0686756819486618,-0.3781012296676636,-0.25060143100563437,-0.0010923002705429713,-0.003975449186382935,-0.3801885298647357,-0.4149589574698312,-0.6368322805924951,-0.066110885227594,0.37126061013273415,0.4690558725739787,0.6515974747484348,0.27469237486636955,3.6879912148741125
idle,anu,swipe_left,0.0859794169664383,0.08231627941131592,-0.35295706579927355,-0.21355964243412018,-0.06384783983230591,-0.3309353847289458,0.0844399482011795,-0.14116352796554565,-0.21932842920068651,-0.1089906245470047,-0.15921276807785034,-0.17533750424627215,0.06802965700626373,-0.3828878104686737,-0.29345482180360705,-0.06902997195720673,-0.3781353831291199,-0.2506094832206145,0.03801692615855782,-0.007463224006421556,-0.17139693778572473,-0.5345985744938647,-0.7896025975545161,-0.12004031150629894,0.35513059002687736,0.46933735858571624,0.6770467816377378,5.093218816296433,6.10294233672297
idle,anu,swipe_left,0.08761720359325409,0.08209502696990967,-0.3649263128172606,-0.2308453917503357,-0.09024626016616821,-0.33187130535952747,0.08411698043346405,-0.14118778705596924,-0.23606439377181232,-0.11792807281017303,-0.16000503301620483,-0.18109010602347553,0.06708864867687225,-0.38278695940971375,-0.3018346473108977,-0.06983239948749542,-0.37808892130851746,-0.25054201926104724,0.0496298977822963,-0.006704619436552956,-0.36270445509051336,-0.5238105853398584,-0.799952131329152,-0.028361231229747475,0.33969550192522596,0.4695926331232061,0.6548015937752847,7.401239848441011,2.8148477051208833
idle,anu,swipe_left,0.08938471972942352,0.08417153358459473,-0.3826638446189463,-0.24141232669353485,-0.12032908201217651,-0.3359583602286875,0.0837317556142807,-0.13987457752227783,-0.2528617666102946,-0.12532995641231537,-0.1636199951171875,-0.18678141990676522,0.06628237664699554,-0.3804337680339813,-0.30988490441814065,-0.07063867151737213,-0.37601473927497864,-0.24947903910651803,0.05356109503543823,0.0629244428692452,-0.5375009636874537,-0.320210149793919,-0.911600662000266,-0.12385014755030671,0.3194017370239075,0.470838166130082,0.3512610421215155,0.8511834417555797,7.608213198692583
idle,anu,swipe_left,0.09013581275939941,0.08520719408988953,-0.39221186703071,-0.2560015469789505,-0.14384642243385315,-0.34482617443427444,0.08266270160675049,-0.1417669951915741,-0.2637193030677736,-0.13399380445480347,-0.16898944973945618,-0.19918372994288802,0.06519418954849243,-0.3793562352657318,-0.3138821250759065,-0.07181400060653687,-0.37545356154441833,-0.24912635749205947,0.022760394847754026,0.03138365167559965,-0.28933401247768376,-0.44209758440652996,-0.7126466794447387,-0.2687216425935398,0.3110070322170291,0.4717804711279986,0.6203592562751225,0.7252078207848759,8.322416208057387
idle,anu,swipe_left,0.09109508991241455,0.08521470427513123,-0.40178648894652724,-0.26613181829452515,-0.16483643651008606,-0.3449039584957063,0.08258146047592163,-0.1426328718662262,-0.2691886848770082,-0.14161938428878784,-0.174981027841568,-0.20088723069056869,0.06451433897018433,-0.3792501389980316,-0.3171376115642488,-0.07249385118484497,-0.37581297755241394,-0.24947899347171187,0.029069004636822788,0.000227581370960586,-0.29014005805507315,-0.30697791865378204,-0.6360610326131286,-0.0023570927706632124,0.30184878188653536,0.4728631508158535,0.4826226105536076,127.1713635921587,9.343597208435177
idle,anu,swipe_left,0.09169284999370575,0.08521470427513123,-0.4045196669176221,-0.2751114219427109,-0.19589760899543762,-0.34495942760258913,0.08246277272701263,-0.1426328718662262,-0.27346446085721254,-0.15442515909671783,-0.18084314465522766,-0.20087373722344637,0.0641251653432846,-0.37896963953971863,-0.3174176411703229,-0.07288302481174469,-0.37584951519966125,-0.2501946883276105,0.018113941857308854,0.0,-0.08282357488166112,-0.27210920146017065,-0.9412476510712491,-0.0016808820267518176,0.2868089415665909,0.4730896798378622,0.2890938554339272,18113.941857308855,9.308268034259175
idle,anu,swipe_left,0.09268753230571747,0.08521470427513123,-0.4066249649040401,-0.2854843884706497,-0.21181312203407288,-0.346525005530566,0.08242498338222504,-0.1426328718662262,-0.2734954277984798,-0.16155241429805756,-0.18841609358787537,-0.20090470416471362,0.06393389403820038,-0.3787136673927307,-0.32600321574136615,-0.07383699715137482,-0.37647852301597595,-0.25022565526887774,0.030141888242779025,0.0,-0.0637969086793329,-0.3143323190284463,-0.4822882738980327,-0.04744175539323726,0.28492609110716505,0.4717585952476777,0.6517505904452348,30141.888242779027,14.03526187266941
idle,anu,swipe_left,0.09356634318828583,0.08491212129592896,-0.40692681772634387,-0.2933080643415451,-0.2288089394569397,-0.3482971261255443,0.0824347585439682,-0.14304453134536743,-0.27348879678174853,-0.1696970909833908,-0.19489973783493042,-0.19918676419183612,0.06399558484554291,-0.37875789403915405,-0.3259965847246349,-0.0747067779302597,-0.3770502805709839,-0.24821592075750232,0.026630632805102222,-0.009169181187947737,-0.00914705522132657,-0.23708108699683364,-0.5150247703899119,-0.053700624090253356,0.28245046522156664,0.4716079043904077,0.460328590581683,2.9040465241954605,2.5495285742108713
idle,anu,swipe_left,0.09390474855899811,0.08572125434875488,-0.40662791347131133,-0.29610711336135864,-0.24109625816345215,-0.34846868133172393,0.0824241191148758,-0.14316904544830322,-0.26998682832345366,-0.17456190288066864,-0.20363110303878784,-0.1991963437758386,0.06403674185276031,-0.37844130396842957,-0.3260061643086374,-0.07553400099277496,-0.37875300645828247,-0.24758206820115447,0.01025470820340232,0.02451918341896724,0.00905770469795564,-0.08481966726707596,-0.3723429911064338,-0.005198642611503544,0.2788906361999759,0.4720580947364494,0.22779921065741177,0.418214987554699,6.491788433559857
idle,anu,swipe_left,0.09408362209796906,0.08616048097610474,-0.40659349411726,-0.29644060134887695,-0.24983671307563782,-0.34876494854688644,0.08237744867801666,-0.14240622520446777,-0.2699524089694023,-0.17883877456188202,-0.2130814790725708,-0.19916192442178726,0.06399007141590118,-0.37811383605003357,-0.32597174495458603,-0.07653649151325226,-0.37996336817741394,-0.24761060625314713,0.005420410271846973,0.013309897798480621,0.0010430107288288515,-0.010105696591464116,-0.26486227006623664,-0.008977794398864253,0.2748144189365872,0.4721823055566467,0.0381543903348203,0.4072159785094052,3.968258448317601
idle,anu,swipe_left,0.09436768293380737,0.08608222007751465,-0.40589218586683273,-0.2965012937784195,-0.2532321512699127,-0.3530896231532097,0.08230030536651611,-0.14148008823394775,-0.2648039683699608,-0.17958980798721313,-0.22221839427947998,-0.2008732333779335,0.06392937898635864,-0.37778061628341675,-0.3253099247813225,-0.07744395732879639,-0.3808898627758026,-0.24754764884710312,0.008607904116312569,-0.0023715423815177886,0.02125176516446177,-0.0018391645315921465,-0.10289206649317773,-0.1310507456461574,0.2746301445576491,0.47179309247344736,0.017874523466691425,3.6281350265304115,6.1511783624791985
idle,anu,swipe_left,0.09452715516090393,0.08538442850112915,-0.4058989929035306,-0.296556755900383,-0.25418350100517273,-0.361609791405499,0.08222582936286926,-0.141626238822937,-0.2612517522647977,-0.18281760811805725,-0.22568902373313904,-0.19849195051938295,0.06387391686439514,-0.37816712260246277,-0.3245967673137784,-0.07861858606338501,-0.38215479254722595,-0.2474636184051633,0.0048324917301987924,-0.021145199284409368,-0.00020627383932923153,-0.0016806703625303595,-0.02882877985636439,-0.2581869167360434,0.2773139847563839,0.4716245471076071,0.058296330076184705,0.22852767370643684,4.4586665689675105
idle,anu,swipe_left,0.09453701972961426,0.08498015999794006,-0.4059192268177867,-0.29660560190677643,-0.2549343705177307,-0.3616300253197551,0.08214640617370605,-0.14129486680030823,-0.2612719861790538,-0.18286645412445068,-0.2297309935092926,-0.19468097668141127,0.06381106376647949,-0.3782060742378235,-0.3243723539635539,-0.07926970720291138,-0.3834729492664337,-0.24746480863541365,0.0002989263245553649,-0.012250560702699469,-0.0006131489168513838,-0.0014801820119221842,-0.022753621592665915,-0.0006131489168513838,0.2771114469920878,0.47131249127055874,0.06504973092583813,0.02439904040058345,7.807438802442545
idle,anu,swipe_left,0.09475693106651306,0.0849352777004242,-0.4059169627726078,-0.2966122478246689,-0.25538545846939087,-0.3619644083082676,0.08204779028892517,-0.14161929488182068,-0.2612697221338749,-0.18287310004234314,-0.23018208146095276,-0.2008798010647297,0.06378313899040222,-0.37835976481437683,-0.324370089918375,-0.07956627011299133,-0.38430872559547424,-0.24349481239914894,0.006663979906024282,-0.0013600696216929894,6.86074296633395e-05,-0.0002013914512865449,-0.013669331868489433,-0.010132817833712495,0.27886414327078934,0.4714356421471226,0.014732008939063058,4.896134481155475,0.4006236201366362
idle,anu,swipe_left,0.09460122883319855,0.08405724167823792,-0.4059348916634917,-0.2968637943267822,-0.250322163105011,-0.3630327498540282,0.0814061313867569,-0.14240726828575134,-0.2612876510247588,-0.18302880227565765,-0.23107019066810608,-0.2050270503386855,0.06354667246341705,-0.3790838420391083,-0.32438801880925894,-0.07978107035160065,-0.3860708773136139,-0.24351274129003286,-0.004718249494379292,-0.026607152187463432,-0.0005432997237552383,-0.007622621276162009,0.1534331928599989,-0.03237398623517117,0.28255557843530776,0.47128965761037683,0.04968006892125586,0.1773234556513969,5.113316308243269
idle,anu,swipe_left,0.09435953199863434,0.0838402807712555,-0.4144152160733938,-0.2995971590280533,-0.24501681327819824,-0.36303929053246975,0.08076263964176178,-0.14262422919273376,-0.2727086003869772,-0.18228597939014435,-0.2312871515750885,-0.20503359101712704,0.06327815353870392,-0.3793008029460907,-0.32439455948770046,-0.08007918298244476,-0.3862878382205963,-0.2435192819684744,-0.007324146501945647,-0.006574572938861197,-0.25697952757278797,-0.0828292333718493,0.16076817657008138,-0.00019820237701589195,0.28710743066415667,0.4728312956287545,0.5152059315035613,1.1138415724446504,2.48874741338413
idle,anu,swipe_left,0.09431140124797821,0.08382153511047363,-0.4157318528741598,-0.3002861440181732,-0.23991531133651733,-0.36303929053246975,0.0805385559797287,-0.14264297485351562,-0.2761732991784811,-0.18226994574069977,-0.23031413555145264,-0.20503359101712704,0.0632157176733017,-0.37931954860687256,-0.324761426076293,-0.08012731373310089,-0.3863065838813782,-0.2435192819684744,-0.0014585075956402636,-0.00056805032672305,-0.03989808487169734,-0.02087833303393773,0.15459096792972696,0.0,0.2901471138524947,0.47301397813980117,0.1350544489053171,2.563055545612755,1.8866188809781073
idle,anu,swipe_left,0.09413096308708191,0.08381304144859314,-0.41787067614495754,-0.3024797737598419,-0.22286269068717957,-0.36303929053246975,0.08039984107017517,-0.14265146851539612,-0.28328958712518215,-0.18194246292114258,-0.22837042808532715,-0.20503359101712704,0.0631738007068634,-0.37932804226875305,-0.326955771073699,-0.08015695214271545,-0.38631507754325867,-0.24722163937985897,-0.005467823057463615,-0.00025738369334827487,-0.06481282638780927,-0.06647362853541446,0.516746080282957,0.0,0.29926217285059237,0.4729942169769405,0.12863861465654583,21.161641381499823,11.061031804817544
idle,anu,swipe_left,0.09360581636428833,0.08188700675964355,-0.4207746144384146,-0.3028697371482849,-0.19901758432388306,-0.3705648835748434,0.07992440462112427,-0.1426023244857788,-0.2846000548452139,-0.18197029829025269,-0.21600186824798584,-0.21737821958959103,0.06278383731842041,-0.3792266845703125,-0.33482820354402065,-0.08054691553115845,-0.38554853200912476,-0.261047488078475,-0.015913537054350706,-0.05836468754392617,-0.08799813010475756,-0.01181707237706027,0.7225789807059468,-0.22804827401132044,0.3101858980876838,0.47006660833319136,0.016353999131715792,0.27265226752232014,9.45534851422254
idle,anu,swipe_left,0.09288480877876282,0.08201608061790466,-0.4221847136504948,-0.30348441004753113,-0.17838647961616516,-0.3766251583583653,0.0793057382106781,-0.1422172486782074,-0.2863396485336125,-0.18208152055740356,-0.20397445559501648,-0.22816378669813275,0.062169164419174194,-0.37890002131462097,-0.33489898638799787,-0.08090463280677795,-0.38462814688682556,-0.2680707653053105,-0.021848714712894672,0.003911329038215468,-0.04273027915394736,-0.01862645149230987,0.6251849911429765,-0.1836446904097572,0.32227540831754786,0.4701126482161931,0.029793456277317804,5.584580054355687,3.2501515234281015
idle,anu,swipe_left,0.09177157282829285,0.08123940229415894,-0.42784522380679846,-0.3044627606868744,-0.15111249685287476,-0.39368294086307287,0.07832565903663635,-0.1419898271560669,-0.29887770023196936,-0.1778680980205536,-0.1979164481163025,-0.2435993840917945,0.06119081377983093,-0.378711462020874,-0.34440876450389624,-0.08079427480697632,-0.3842421770095825,-0.2800543149933219,-0.03373442274151389,-0.023535706780173304,-0.17153061079707824,-0.029646989071007605,0.8264843261603062,-0.5169025001426482,0.342474092396524,0.46845663956136946,0.035871162055280376,1.4332685985590334,11.802773260316327
idle,anu,swipe_left,0.09102730453014374,0.08130931854248047,-0.43472982943058014,-0.3029139041900635,-0.12604039907455444,-0.41487403213977814,0.0777662843465805,-0.1418917179107666,-0.2988334149122238,-0.1743842512369156,-0.1878054141998291,-0.2624986916780472,0.06062905490398407,-0.37861838936805725,-0.3491101711988449,-0.08105941116809845,-0.38218954205513,-0.2984991818666458,-0.022553584792397597,0.002118674191561646,-0.20862441284187244,0.046935045357907205,0.7597605387369912,-0.642154281112291,0.3582944393928134,0.46881582306903247,0.061776021771161066,10.64011860038806,4.886675389768506
idle,anu,swipe_left,0.09089390933513641,0.08134016394615173,-0.43473743041977286,-0.28884659707546234,-0.10128578543663025,-0.4181769951246679,0.07765446603298187,-0.14154461026191711,-0.29884101590141654,-0.1644866019487381,-0.18355950713157654,-0.2625062926672399,0.060526952147483826,-0.3785700798034668,-0.34911777218803763,-0.08072255551815033,-0.3816084861755371,-0.3007169826887548,-0.004042278636585538,0.0009347092021595245,-0.0002303330058401256,0.4262820337757873,0.7501398072098159,-0.10008978742090029,0.36836569838293753,0.46879666196592035,0.5682693564710383,4.320015905856603,20.051142403323404
idle,anu,swipe_left,0.09087775647640228,0.08147594332695007,-0.43473065411671996,-0.2741911709308624,-0.07634052634239197,-0.418170218821615,0.07765428721904755,-0.14095750451087952,-0.29883423959836364,-0.15153665840625763,-0.17640075087547302,-0.262499516364187,0.060526952147483826,-0.37834590673446655,-0.34911099588498473,-0.08033894002437592,-0.3812549114227295,-0.3007102063857019,-0.0004894805677009297,0.004114526690858738,0.00020534251675461052,0.4441038225636289,0.7559169422496366,0.00020534251675461052,0.3799319994127725,0.46870889792389836,0.5875026874503883,0.11893509736873936,3.0918157514681037
swipe_left,anu,swipe_left,0.09084741771221161,0.08185902237892151,-0.4347297241911292,-0.2535537928342819,-0.05365702509880066,-0.4181692888960242,0.07765386998653412,-0.1402340829372406,-0.29634210374206305,-0.14183519780635834,-0.17003044486045837,-0.26249858643859625,0.06043039262294769,-0.37761881947517395,-0.349110065959394,-0.08023546636104584,-0.3805328607559204,-0.30070927646011114,-0.0009193564906264943,0.011608456120346717,2.817956335616879e-05,0.6253750938357828,0.6873788255633839,2.817956335616879e-05,0.3881802529102536,0.4683757129120779,0.9097955316381574,0.07919031529954547,5.872597382170102
swipe_left,anu,swipe_left,0.09145486354827881,0.08166736364364624,-0.4083506562747061,-0.22594279050827026,-0.033373236656188965,-0.4181816973723471,0.0782589316368103,-0.1400054693222046,-0.26534158969298005,-0.12836921215057373,-0.16798746585845947,-0.2452044882811606,0.0607452392578125,-0.3774176239967346,-0.33787585282698274,-0.07936039566993713,-0.3804069459438324,-0.30072168493643403,0.01840744957779373,-0.005807840462886862,0.7993656944370543,0.8366970401821623,0.6146602558367112,-0.0003760144340269452,0.39460822137903623,0.46547696486703344,1.3612327639607014,3.1688681580085336,6.772243814586642
swipe_left,anu,swipe_left,0.09185522794723511,0.07954707741737366,-0.3689751997590065,-0.1919454038143158,-0.019301801919937134,-0.3998289778828621,0.07901471853256226,-0.14078786969184875,-0.22691280394792557,-0.11501026153564453,-0.16876986622810364,-0.22093699127435684,0.06134593486785889,-0.3782000243663788,-0.30655307322740555,-0.07818597555160522,-0.38118934631347656,-0.2896493747830391,0.01213225451382743,-0.06425109776583687,1.1931956519909168,1.0302238392107579,0.42640711321975927,0.5561430148328884,0.39502322367815196,0.46299000857076333,2.4160512130776657,0.18882269895751488,18.743968667746454
swipe_left,anu,swipe_left,0.0926230251789093,0.07362470030784607,-0.30055165116209537,-0.15336424112319946,-0.019290179014205933,-0.3998512310208753,0.08025208115577698,-0.14077624678611755,-0.15587529365438968,-0.1011229157447815,-0.16875824332237244,-0.22095924441237003,0.062303632497787476,-0.37808072566986084,-0.25104924861807376,-0.07659497857093811,-0.38136306405067444,-0.2607741040410474,0.023266582778005633,-0.17946597301598555,2.073440866573042,1.1691261421550276,0.00035220926458184984,-0.000674337515551025,0.3953893536761112,0.4554201854198868,3310.0098422930914,0.1296426990827623,21.658977122954465
swipe_left,anu,swipe_left,0.09206676483154297,0.07062304019927979,-0.27725340402685106,-0.12240481376647949,-0.01900184154510498,-0.3695842770393938,0.08080416917800903,-0.1404879093170166,-0.14167371368966997,-0.09083980321884155,-0.16846990585327148,-0.22094868100248277,0.06224668025970459,-0.37775859236717224,-0.24331229901872575,-0.07587099075317383,-0.38310736417770386,-0.24550858116708696,-0.016856374162615966,-0.09095939722928034,0.7060074889467896,0.9381644653551403,0.008737499063665121,0.9171804236812473,0.3874700073579745,0.4506521102535757,107.35990912398786,0.18531552935204051,28.681957800919076
swipe_left,anu,swipe_left,0.09097519516944885,0.07062304019927979,-0.21963217854499817,-0.08225256204605103,-0.01900184154510498,-0.35212206840515137,0.08085915446281433,-0.1404879093170166,-0.10992306470870972,-0.07669785618782043,-0.16986948251724243,-0.22102570533752441,0.061761289834976196,-0.37770119309425354,-0.1928045004606247,-0.07547348737716675,-0.3839724063873291,-0.2455856055021286,-0.03307786854830708,0.0,1.7460977418743577,1.2167349006190638,0.0,0.5291578374012937,0.38026239227999603,0.4500753211791608,1216734.9006190638,33077.86854830708,14.477091835807894
swipe_left,anu,swipe_left,0.09103637933731079,0.07073366641998291,-0.21431810269132257,-0.045505791902542114,-0.02911376953125,-0.3521429360844195,0.0812990665435791,-0.14037728309631348,-0.09661249676719308,-0.06775185465812683,-0.17894363403320312,-0.2306289584375918,0.06227874755859375,-0.3776479661464691,-0.18526510009542108,-0.07374727725982666,-0.3843620717525482,-0.24560647318139672,0.0018540656927859942,0.003352309718276478,0.16103260162653169,1.1135384891972275,-0.3064220601862093,-0.0006323539172158028,0.37195289440221824,0.4502412317506189,3.6339904983670115,0.5529061877824217,18.807946885264617
swipe_left,anu,swipe_left,0.09041738510131836,0.06971028447151184,-0.20610778592526913,-0.008839607238769531,-0.04855826497077942,-0.36964324675500393,0.08074033260345459,-0.14103493094444275,-0.08490839414298534,-0.0568576455116272,-0.1882382333278656,-0.24021360836923122,0.061351776123046875,-0.3774053454399109,-0.18295920453965664,-0.07343149185180664,-0.38413283228874207,-0.24075173400342464,-0.018757401090680047,-0.031011574196093503,0.24879747775919905,1.1110965049628232,-0.5892271345312039,-0.5303124445631733,0.3652333827128789,0.4486569435064306,1.8856813513272295,0.6048321229987681,18.19559255478236
swipe_left,anu,swipe_left,0.08731301128864288,0.06818148493766785,-0.2048184834420681,0.03399397432804108,-0.0812743604183197,-0.4001656584441662,0.07944090664386749,-0.14156946539878845,-0.08192309364676476,-0.04672183096408844,-0.19247546792030334,-0.2618960253894329,0.060973361134529114,-0.3780442476272583,-0.16739733144640923,-0.07307465374469757,-0.38485515117645264,-0.24071129783988,-0.09407193371743763,-0.046327258601332647,0.039069772218212506,1.2979873202063679,-0.991396831743634,-0.92492156633824,0.35923624643183416,0.4485660756120867,1.3092497064710293,2.0305519041186586,17.9884924231284
swipe_left,anu,swipe_left,0.08552873134613037,0.0684710443019867,-0.20416217390447855,0.07371222972869873,-0.11823108792304993,-0.40190155152231455,0.07602030038833618,-0.14158537983894348,-0.08193536940962076,-0.03284367918968201,-0.1935403048992157,-0.31658158544451,0.05992704629898071,-0.3783404529094696,-0.15628752950578928,-0.07298681139945984,-0.38564011454582214,-0.2437893832102418,-0.05406908916704668,0.008774526191480371,0.019888167805744258,1.203583496989645,-1.1199008334766913,-0.052602820549951294,0.3435515302769075,0.45009770260899756,1.0747223203065641,6.161350098816764,26.871892022274306
swipe_left,anu,swipe_left,0.083132803440094,0.06901028752326965,-0.19990451075136662,0.090961754322052,-0.1604733169078827,-0.43220863677561283,0.07319128513336182,-0.1471831500530243,-0.08199619688093662,-0.027000129222869873,-0.19653818011283875,-0.330622473731637,0.059470951557159424,-0.3794480562210083,-0.14895869232714176,-0.07298681139945984,-0.3856399357318878,-0.2574118170887232,-0.07260387594049547,0.016340703675241004,0.12902009554884508,0.522712866465245,-1.2800675449949181,-0.9183965228272106,0.3288359265765022,0.45196265965597754,0.40834755959675595,4.442858430390962,33.72819740479005
swipe_left,anu,swipe_left,0.08250004053115845,0.06978517770767212,-0.19990451075136662,0.09246605634689331,-0.1965261697769165,-0.4373084995895624,0.07323843240737915,-0.1518263816833496,-0.09148615039885044,-0.02695298194885254,-0.2018488645553589,-0.3420077357441187,0.0590662956237793,-0.37990885972976685,-0.14895869232714176,-0.0729396641254425,-0.3872584104537964,-0.2574118170887232,-0.01917463360410727,0.023481520739468402,0.0,0.04558490984367552,-1.0925106930010127,-0.15454129739240996,0.31000105866497213,0.45317694570893935,0.041724871354427935,0.8165492034200306,27.87719799721803
swipe_left,anu,swipe_left,0.08257092535495758,0.07046809792518616,-0.19990451075136662,0.09253694117069244,-0.22525325417518616,-0.49092636443674564,0.07330931723117828,-0.15114346146583557,-0.09148615039885044,-0.026882097125053406,-0.20482918620109558,-0.3734480831772089,0.0587969571352005,-0.3796280026435852,-0.14895869232714176,-0.07335515320301056,-0.38762912154197693,-0.24675665237009525,0.002148024963610134,0.020694552045880273,0.0,0.002148024963610134,-0.8705177090384882,-1.6247837832480025,0.3369049681579691,0.45359362619754884,0.00246752303116229,0.1037916243474997,45.07702432762004
swipe_left,anu,swipe_left,0.08257092535495758,0.07046982645988464,-0.19990451075136662,0.09253694117069244,-0.250598281621933,-0.5231794510036707,0.07330931723117828,-0.15114173293113708,-0.09148615039885044,-0.026882097125053406,-0.2048274576663971,-0.3792582843452692,0.05829121172428131,-0.37974780797958374,-0.14895869232714176,-0.07407794892787933,-0.3878152370452881,-0.24385021068155766,0.0,5.237983934806997e-05,0.0,0.0,-0.7680311347498954,-0.9773662596037787,0.353006853980405,0.45374100461515765,0.0,0.0,19.86311193266209
swipe_left,anu,swipe_left,0.08257092535495758,0.07210850715637207,-0.20136799570173025,0.09253694117069244,-0.2740355134010315,-0.5526327705010772,0.07346899807453156,-0.1508636474609375,-0.09266903158277273,-0.028769508004188538,-0.2045493721961975,-0.38060086127370596,0.058100417256355286,-0.37970176339149475,-0.15131864603608847,-0.07484869658946991,-0.3876952826976776,-0.2438294505700469,0.0,0.04965699080265009,-0.04434802879889877,0.0,-0.7102191448211783,-0.8925248332547561,0.3691828615813163,0.45523209875962617,0.0,0.0,3.111088879628285
swipe_left,anu,swipe_left,0.08229337632656097,0.07223722338676453,-0.20138071104884148,0.08223818242549896,-0.27393725514411926,-0.5585360936820507,0.07323728501796722,-0.14656493067741394,-0.09601730480790138,-0.03291498124599457,-0.20445111393928528,-0.38172535225749016,0.0573757141828537,-0.3806115686893463,-0.1531406305730343,-0.0756060928106308,-0.3876200318336487,-0.23999249562621117,-0.008410576618078891,0.003900491830074383,-0.00038531354882499964,-0.31208359833919297,0.0029775229367342533,-0.17888858124162016,0.3732406901759517,0.4560921219839397,104.77797383738508,2.155733494876636,32.002673778341666
swipe_left,anu,swipe_left,0.08289545774459839,0.07293745875358582,-0.20137442275881767,0.07388591766357422,-0.2734518349170685,-0.5828283540904522,0.07338237762451172,-0.14607951045036316,-0.10387520864605904,-0.03510594367980957,-0.20123884081840515,-0.38887475058436394,0.05697619915008545,-0.3821971118450165,-0.15641361102461815,-0.07600238919258118,-0.38721519708633423,-0.2398643158376217,0.01824489145567903,0.02121925354003883,0.0001905542431455649,-0.2530989321795349,0.014709703850023513,-0.7361291032848856,0.39119424668436714,0.458083791365577,17.20508649755262,0.8597866854537894,16.98413439739109
swipe_left,anu,swipe_left,0.08382922410964966,0.07354030013084412,-0.20133898220956326,0.06514602899551392,-0.272898405790329,-0.6238598581403494,0.07335615158081055,-0.14552608132362366,-0.10519320331513882,-0.04363971948623657,-0.19537314772605896,-0.39615980349481106,0.056586265563964844,-0.3821462392807007,-0.15784143470227718,-0.07607075572013855,-0.3873775899410248,-0.23257414065301418,0.028295950456099526,0.0182679205229791,0.0010739560380126662,-0.26484511115334675,0.016770579598166992,-1.2433789106029651,0.43145356250564737,0.4585678113761801,15.791303949825473,1.5488572748733664,15.375453794540048
swipe_left,anu,swipe_left,0.08404487371444702,0.0738193690776825,-0.20133114093914628,0.06203877925872803,-0.2713932693004608,-0.6424695276655257,0.07347118854522705,-0.14528891444206238,-0.1070480071939528,-0.054786741733551025,-0.18571504950523376,-0.39711940521374345,0.056264519691467285,-0.38200345635414124,-0.16281421715393662,-0.07607090473175049,-0.3875327706336975,-0.2325662993825972,0.006534836509010937,0.008456634752678056,0.0002376142550598465,-0.09415908293290469,0.04561019666267114,-0.5639293795507904,0.4478652979843932,0.4582900278995481,2.064385278669214,0.772655322688382,21.247094739855495
swipe_left,anu,swipe_left,0.08404487371444702,0.07433611154556274,-0.20353554794564843,0.050456464290618896,-0.2586668133735657,-0.6424674005247653,0.07355362176895142,-0.145424485206604,-0.10820713499560952,-0.06378477811813354,-0.17594373226165771,-0.3978749723173678,0.055840373039245605,-0.3820447027683258,-0.16864403197541833,-0.07609343528747559,-0.3877796530723572,-0.2325641722418368,0.0,0.0156588626630381,-0.06680021231824808,-0.350979241457858,0.3856501796028892,6.445881092187233e-05,0.4480018515755021,0.4585808101293013,0.9100950807910574,0.0,21.42046671827233
swipe_left,anu,swipe_left,0.08416152000427246,0.07435786724090576,-0.20352591993287206,0.03315126895904541,-0.2458314597606659,-0.6424577725119889,0.07378029823303223,-0.14558303356170654,-0.11330989422276616,-0.07513725757598877,-0.16756480932235718,-0.3978653443045914,0.055957019329071045,-0.3820447027683258,-0.18361972691491246,-0.07601040601730347,-0.3877796530723572,-0.2325545442290604,0.003534736055316308,0.0006592634952429497,0.0002917579629204458,-0.5243998585325241,0.38895010948180725,0.0002917579629204458,0.4473099791250603,0.45770629915901007,1.3482410661616904,5.3535233748091295,5.256126044882747
swipe_left,anu,swipe_left,0.08523896336555481,0.07446983456611633,-0.21944280387833714,0.02161562442779541,-0.20485159754753113,-0.6424577725119889,0.074883371591568,-0.14561882615089417,-0.11330989422276616,-0.08452370762825012,-0.15942826867103577,-0.3978653443045914,0.057034462690353394,-0.3820804953575134,-0.21640164079144597,-0.07503825426101685,-0.3878154456615448,-0.2667478513903916,0.03264979882673748,0.0033929492488051533,-0.4823298165292398,-0.3495649857954507,1.2418140064586156,0.0,0.4289238706477833,0.45743081037970507,0.28149521786850806,9.620002078178365,26.381814433343315
swipe_left,anu,swipe_left,0.08495309948921204,0.07620647549629211,-0.23792483331635594,0.015417426824569702,-0.16256436705589294,-0.6220214259810746,0.075177401304245,-0.145847350358963,-0.12189265759661794,-0.08988714218139648,-0.15356728434562683,-0.39710765006020665,0.05724361538887024,-0.3823090195655823,-0.21793558122590184,-0.07531628012657166,-0.38804396986961365,-0.2814245712943375,-0.008662541707356908,0.05262548273260027,-0.5600614981217907,-0.1878241697947214,1.2814312270193593,0.6192832282095343,0.41842547040617295,0.4597867385213264,0.14657362741032723,0.1646042307515027,19.43275784761343
swipe_left,anu,swipe_left,0.08495444059371948,0.08149582147598267,-0.23792483331635594,0.005055487155914307,-0.12364959716796875,-0.5577010405249894,0.07582962512969971,-0.14608222246170044,-0.1221039635129273,-0.09533914923667908,-0.1530323624610901,-0.37847839714959264,0.057676613330841064,-0.3794970214366913,-0.22487953724339604,-0.07527351379394531,-0.38573718070983887,-0.2880984437651932,4.063953052867498e-05,0.16028321150577254,0.0,-0.3139981717774328,1.1792354511492051,1.949102589578318,0.38448434301027723,0.46198339886463874,0.26627244389488736,0.0002535466852716892,40.59682605593301
swipe_left,anu,swipe_left,0.08521461486816406,0.08239090442657471,-0.23789666593074799,-0.016891300678253174,-0.08820092678070068,-0.45822425186634064,0.07683771848678589,-0.1413678526878357,-0.12207579612731934,-0.09806603193283081,-0.1530371904373169,-0.3109654039144516,0.05824315547943115,-0.3769940137863159,-0.2280959188938141,-0.07499325275421143,-0.3853243589401245,-0.29714371263980865,0.007884068922563159,0.027123725775516826,0.0008535571396350996,-0.6650541767929645,1.0742021329475342,3.0144481411712216,0.34293601573871324,0.4602803681947604,0.6191139798374121,0.2906598572760295,34.13947329968272
swipe_left,anu,swipe_left,0.08530612289905548,0.0822979211807251,-0.23789666593074799,-0.030645981431007385,-0.05183476209640503,-0.4167719930410385,0.0775984674692154,-0.13597434759140015,-0.12207579612731934,-0.09795109927654266,-0.15215414762496948,-0.2930094450712204,0.05880965292453766,-0.3738054037094116,-0.2362372726202011,-0.07487832009792328,-0.384585440158844,-0.29714371263980865,0.002772970633073256,-0.0028176741166547987,0.0,-0.41680850765921396,1.1020049904331894,1.2561290553121718,0.35635717897456887,0.4568753215956266,0.3782270797778241,0.9837854673190161,53.81740477551387
swipe_left,anu,swipe_left,0.0855640321969986,0.08148682117462158,-0.23789666593074799,-0.048034533858299255,-0.015187859535217285,-0.4039546102285385,0.07816548645496368,-0.13529449701309204,-0.12207579612731934,-0.09750638902187347,-0.15205365419387817,-0.26911504566669464,0.05963893234729767,-0.37303614616394043,-0.23644156754016876,-0.07443360984325409,-0.3824399709701538,-0.29846255481243134,0.007815433271003406,-0.024578788063742626,0.0,-0.5269258311300509,1.1105121988238589,0.388405539772723,0.3830138356798531,0.455264050801065,0.4744885803141434,0.31796178432196753,26.50679170280084
swipe_left,anu,swipe_left,0.08577132225036621,0.08198115229606628,-0.23789666593074799,-0.06474369764328003,0.014847785234451294,-0.398789718747139,0.07887017726898193,-0.1350860297679901,-0.12207579612731934,-0.09711146354675293,-0.15218976140022278,-0.2564185708761215,0.060205817222595215,-0.373042494058609,-0.2454405426979065,-0.07402920722961426,-0.37964746356010437,-0.2990313619375229,0.006281516768715699,0.01497973095287,0.0,-0.506338296514577,0.9101710536263351,0.15651186307271572,0.40701898206731213,0.45580371199224307,0.5563105288689194,0.4193064269345475,9.307278584537096
idle,anu,swipe_left,0.08613874018192291,0.08326143026351929,-0.27030179370194674,-0.07976250350475311,0.04165548086166382,-0.39877084363251925,0.07981862127780914,-0.13459128141403198,-0.13823886681348085,-0.0953746885061264,-0.15133023262023926,-0.2563996957615018,0.061377063393592834,-0.3725908398628235,-0.24607241619378328,-0.07308049499988556,-0.37560465931892395,-0.3057131515815854,0.011133876713839322,0.038796302044029965,-0.9819735688241937,-0.455115329135543,0.8123544129458251,0.0005719731702948999,0.4275633378471888,0.4571668137027698,0.560241640398713,0.2869755402374062,5.790110377653468
idle,anu,swipe_left,0.0865376740694046,0.0833786129951477,-0.299956563860178,-0.09248889982700348,0.05179929733276367,-0.3987404443323612,0.08105422556400299,-0.13385063409805298,-0.17941633239388466,-0.09304215013980865,-0.1492040753364563,-0.25636929646134377,0.06308694183826447,-0.3716854453086853,-0.28217247501015663,-0.07173983752727509,-0.3737291693687439,-0.30584004893898964,0.01208890568126351,0.0035509918675278736,-0.8986293987342949,-0.3856483734015324,0.30738837791212165,0.0009211909138795248,0.43604527634627444,0.45601481096380675,1.2545923870921263,3.403415923268198,15.446119997723345
idle,anu,swipe_left,0.08555491268634796,0.08454737067222595,-0.3225106301251799,-0.10277314484119415,0.06130608916282654,-0.3987374904099852,0.08140470087528229,-0.1321217119693756,-0.2064556481782347,-0.09162567555904388,-0.14465895295143127,-0.25636634253896773,0.06376631557941437,-0.370943158864975,-0.30382907413877547,-0.07091502845287323,-0.3708750009536743,-0.3148202302400023,-0.029780647971413027,0.03541689930540104,-0.6834565534848983,-0.3116437883088049,0.2880846009109928,8.951279927383671e-05,0.44140405615324313,0.4563938715583735,1.0817749562050853,0.8408360900972927,2.3177373528641163
idle,anu,swipe_left,0.08443276584148407,0.08528313040733337,-0.35261639041709714,-0.11061207950115204,0.06127253174781799,-0.4027740268211346,0.08165113627910614,-0.1318308413028717,-0.24384610934066586,-0.09076903760433197,-0.14455291628837585,-0.2603453902702313,0.06449483335018158,-0.36991533637046814,-0.33571033758926205,-0.0703987330198288,-0.368375688791275,-0.3342265097599011,-0.03400444984435998,0.02229574954870951,-0.9122957664217248,-0.23754347454417574,-0.0010168913638952896,-0.12231928518634494,0.436936458472964,0.45594843999196505,233.36819917121514,1.5250855184103769,9.774991194661377
idle,anu,swipe_left,0.08398117125034332,0.0853894054889679,-0.3570384841586929,-0.11442382633686066,0.06058165431022644,-0.4031410675670486,0.08213694393634796,-0.13159355521202087,-0.2438405018474441,-0.08986122906208038,-0.14313146471977234,-0.26033978277700953,0.06551606953144073,-0.3698022961616516,-0.3357047300960403,-0.06940238177776337,-0.36755940318107605,-0.33422090226667933,-0.013684684580022857,0.003220457019227975,-0.13400284065441864,-0.11550747986995996,-0.020935679927017083,-0.011122446845878431,0.4359835831370132,0.4560653180142969,5.516991245632358,4.247979873188686,5.039265381372312
idle,anu,swipe_left,0.0839015543460846,0.08699795603752136,-0.3570279341947753,-0.11606669425964355,0.060382336378097534,-0.403130517603131,0.08220180869102478,-0.13133540749549866,-0.24382995188352652,-0.08975771069526672,-0.14333078265190125,-0.26032923281309195,0.06615439057350159,-0.36938339471817017,-0.3356941801321227,-0.06839820742607117,-0.3666462004184723,-0.33421035230276175,-0.0024126334623856714,0.04874395601677119,0.00031969587629039734,-0.04978387644796606,-0.006039937337239517,0.00031969587629039734,0.43517312079292314,0.45722426466884514,8.241084730522205,0.049495038246738406,2.0713618185682194
idle,anu,swipe_left,0.08346346020698547,0.08718007802963257,-0.3629188605118543,-0.11615893244743347,0.059271812438964844,-0.4031536348629743,0.08221766352653503,-0.13176864385604858,-0.24590346892364323,-0.08965989947319031,-0.14437174797058105,-0.2603523500729352,0.06695225834846497,-0.37000176310539246,-0.3358790643978864,-0.06728366017341614,-0.3674766421318054,-0.334233469562605,-0.013275579972700851,0.005518848245794211,-0.17851291869936625,-0.002795096599694499,-0.03365224057977904,-0.0007005230255537976,0.43503221134006886,0.4582783065172396,0.08305579348498067,2.405062491132077,1.6518419383656213
idle,anu,swipe_left,0.08346346020698547,0.08683767914772034,-0.36538972589187324,-0.11615893244743347,0.06032100319862366,-0.402792802779004,0.08261379599571228,-0.13036873936653137,-0.24591528507880867,-0.088931143283844,-0.14441391825675964,-0.25587832066230476,0.06804683804512024,-0.3695775866508484,-0.33589088055305183,-0.06654477119445801,-0.3673887252807617,-0.3339831742923707,0.0,-0.01037572369430993,-0.0748747084854219,0.0,0.031793659383600056,0.010934305574857707,0.43604121571843907,0.4576273035661045,0.0,0.0,2.0160849110986145
idle,anu,swipe_left,0.08344432711601257,0.08687242865562439,-0.3633530449587852,-0.11617806553840637,0.06032100319862366,-0.4023683082778007,0.08356353640556335,-0.12935909628868103,-0.24821238336153328,-0.08801546692848206,-0.1437866985797882,-0.2551088046748191,0.06881996989250183,-0.3688352704048157,-0.33573469636030495,-0.06539377570152283,-0.36667150259017944,-0.3308462512213737,-0.0005797906355424453,0.0010530153910319178,0.06171760403297263,-0.0005797906355424453,0.0,0.012863469733433495,0.4359094501609485,0.45677801171517507,579.7906355424453,0.5500779594639601,0.9653760780246369
idle,anu,swipe_left,0.0830584168434143,0.08696576952934265,-0.35847170231863856,-0.11647173762321472,0.061345070600509644,-0.39599306462332606,0.08355718851089478,-0.1284429132938385,-0.24386147735640407,-0.08760634064674377,-0.14160004258155823,-0.2502706157974899,0.06906253099441528,-0.36822691559791565,-0.3347436892800033,-0.06456989049911499,-0.3651096820831299,-0.33000225899741054,-0.01169425068479583,0.0028285113247957785,0.14791947394383514,-0.008899154085101406,0.031032345511696216,0.19318920165074382,0.43464036196436584,0.4560255300055285,0.2867610287697595,4.132957723941914,5.550468661097843
idle,anu,swipe_left,0.08182664215564728,0.08723852038383484,-0.358455085195601,-0.11643831431865692,0.06171116232872009,-0.3926328057423234,0.08248074352741241,-0.12806716561317444,-0.2438068175688386,-0.08702702820301056,-0.13969823718070984,-0.2452718699350953,0.06819958984851837,-0.3678608238697052,-0.3327873582020402,-0.06449823081493378,-0.36353638768196106,-0.31889029685407877,-0.037326505689909556,0.008265177408854076,0.0005035491829568635,0.001012827410842422,0.011093688733649855,0.10182602669704932,0.4347081879624461,0.4560262513316523,0.09128939397556482,4.5155703590305665,2.8496173037257426
idle,anu,swipe_left,0.08062422275543213,0.08762148022651672,-0.358455085195601,-0.11563354730606079,0.062459737062454224,-0.37955974880605936,0.08147275447845459,-0.1276494562625885,-0.2438068175688386,-0.08581548929214478,-0.13739535212516785,-0.23369502369314432,0.06793034076690674,-0.36744311451911926,-0.3327873582020402,-0.06407725811004639,-0.36140352487564087,-0.30342637840658426,-0.036436951521671763,0.011604843717633057,0.0,0.024386879169580097,0.022684082840428568,0.39615324049285594,0.43372157643452436,0.455964639242962,1.0750182990788397,3.1395349108753003,8.953978462897227
idle,anu,swipe_left,0.07941880822181702,0.08830824494361877,-0.358455085195601,-0.11473459005355835,0.06314650177955627,-0.35682349745184183,0.08176478743553162,-0.12696269154548645,-0.2438068175688386,-0.0825313925743103,-0.1367085874080658,-0.21169371251016855,0.06769779324531555,-0.3667563498020172,-0.32816522661596537,-0.06319761276245117,-0.36053651571273804,-0.28506883326917887,-0.03652771313985149,0.02081105203339525,0.0,0.027241128863710048,0.02081105203339525,0.6889773137641599,0.43279566907681344,0.4562221422902045,1.3089112414286987,1.7551230931596131,8.874059806012962
idle,anu,swipe_left,0.07827518880367279,0.08807861804962158,-0.33856444898992777,-0.11524586379528046,0.06578207015991211,-0.33573531452566385,0.08188311755657196,-0.12694871425628662,-0.2214192533865571,-0.08084030449390411,-0.13667505979537964,-0.19564881268888712,0.0676901787519455,-0.3671530783176422,-0.3021148080006242,-0.06287486851215363,-0.36024239659309387,-0.2672246629372239,-0.03465513388315798,-0.0069583907271875715,0.6027465516870606,-0.015493143688548525,0.07986570849563049,0.6390358462478105,0.4346645566413266,0.45681124782940813,0.19398750719013486,4.979621814848556,2.677632528536835
idle,anu,swipe_left,0.0770217627286911,0.08547848463058472,-0.3013944784470368,-0.11335627734661102,0.06572628021240234,-0.33471189535339363,0.08127842843532562,-0.12912875413894653,-0.1897795955010224,-0.08011458814144135,-0.13649249076843262,-0.1891041556664277,0.06771276891231537,-0.36737266182899475,-0.275949136383133,-0.0634414404630661,-0.3600319027900696,-0.2609105864830781,-0.037982608332779076,-0.07879192178899717,1.1263627437239863,0.057260195414226174,-0.0016906044699929246,0.031012702190007266,0.4349806369548523,0.45366097875878403,33.84963591073135,0.4820560967962868,18.72022580578444
idle,anu,swipe_left,0.0752539187669754,0.08757567405700684,-0.29733198130270466,-0.10795454680919647,0.06740248203277588,-0.3321737273945473,0.08053995668888092,-0.12740153074264526,-0.17886885249754414,-0.07730676233768463,-0.13353514671325684,-0.18665645265718922,0.06706537306308746,-0.3644416928291321,-0.2665136977448128,-0.06386585533618927,-0.3570331037044525,-0.2604618295445107,-0.0535710291429008,0.06355119474006522,0.12310597407067335,0.1636888041640799,0.0507939945567746,0.0769141805711017,0.43270310311940247,0.45314072742237327,3.2225380786510684,0.8429453831140156,3.8555920550004696
idle,anu,swipe_left,0.07418115437030792,0.08688116073608398,-0.28904403548222035,-0.10495175421237946,0.06729614734649658,-0.32015962700825185,0.08014126121997833,-0.12805497646331787,-0.17782410781364888,-0.07585804164409637,-0.13189947605133057,-0.18233510653954,0.06672336161136627,-0.3644867241382599,-0.26526115636806935,-0.06366230547428131,-0.3558683395385742,-0.2566208670614287,-0.03250801202022545,-0.021045858209782584,0.2511498733479999,0.09099371505505766,-0.0032222632205846317,0.36406364806954583,0.42989554028087024,0.4520555402909388,28.230308487978007,1.5445541418203557,9.12403805863297
idle,anu,swipe_left,0.07412651181221008,0.08576333522796631,-0.28107950696721673,-0.1017346978187561,0.06729614734649658,-0.3057625056244433,0.0805031955242157,-0.1291942000389099,-0.1687613339163363,-0.07466879487037659,-0.13189947605133057,-0.16909233340993524,0.06691494584083557,-0.36473187804222107,-0.25725708017125726,-0.06286996603012085,-0.3555414080619812,-0.24582829186692834,-0.0016558350938739462,-0.033873500245990715,0.24134934893950752,0.09748655738252737,0.0,0.4362764055699631,0.4288288418699838,0.45118228232230034,97486.55738252738,0.04888146192119619,2.1992615689448147
idle,anu,swipe_left,0.07416759431362152,0.08534359931945801,-0.2765640376601368,-0.09843285381793976,0.06729614734649658,-0.3053907810244709,0.08053265511989594,-0.1292792558670044,-0.15888356254436076,-0.07391886413097382,-0.13189947605133057,-0.16725513921119273,0.06681953370571136,-0.36474528908729553,-0.2478557436261326,-0.0627579540014267,-0.35498690605163574,-0.24481134698726237,0.0012449242851951105,-0.012719269954797196,0.13683240324484797,0.10005587881261811,0.0,0.011264381817344642,0.42809525049039804,0.4510633742704759,100055.87881261812,0.09786932900159184,12.87938757059807
idle,anu,swipe_left,0.07420767843723297,0.08403557538986206,-0.26088809920474887,-0.09670849144458771,0.06617730855941772,-0.29212307883426547,0.08042855560779572,-0.13039934635162354,-0.14203427685424685,-0.073341503739357,-0.13301831483840942,-0.15731729520484805,0.06693907082080841,-0.3658641278743744,-0.23308391822502017,-0.06283731758594513,-0.3556411564350128,-0.23559388471767306,0.001214670412468207,-0.0396370887756354,0.4750284380420667,0.05225340525309328,-0.033904205669056824,0.4020515815213838,0.4269351515350913,0.45081664580390446,1.5411617249318654,0.03064402068787021,11.974460390616937
idle,anu,swipe_left,0.07431091368198395,0.08292248845100403,-0.25593241211026907,-0.09539283812046051,0.06274756789207458,-0.2887934958562255,0.08042855560779572,-0.1311098039150238,-0.14076294656842947,-0.07306312024593353,-0.13367792963981628,-0.1525421654805541,0.06693907082080841,-0.366563081741333,-0.231717131100595,-0.0627719908952713,-0.35602888464927673,-0.22725590225309134,0.003128340750029474,-0.03372990723812091,0.15017233619635187,0.0398682825493075,-0.10393153537403059,0.10089645387999557,0.424528812100277,0.45019773623673154,0.38359770985890246,0.09274404414755814,9.376897007934987
idle,anu,swipe_left,0.07445777952671051,0.08272713422775269,-0.25593241211026907,-0.09535552561283112,0.05777007341384888,-0.2887934958562255,0.08046586811542511,-0.1311894655227661,-0.14076294656842947,-0.07302580773830414,-0.1337575912475586,-0.1525421654805541,0.0669763833284378,-0.3666427433490753,-0.231717131100595,-0.062471792101860046,-0.35608768463134766,-0.22725590225309134,0.004450480143229237,-0.005919824947010481,0.0,0.00113068204937561,-0.15083316600684205,0.0,0.4196980572391079,0.45008403437232297,0.007496193198856025,0.7516655505034574,3.5701624245173686
idle,anu,swipe_left,0.07461453974246979,0.08260822296142578,-0.25593241211026907,-0.09532667696475983,0.05765116214752197,-0.2887934958562255,0.08044512569904327,-0.13129687309265137,-0.14076294656842947,-0.07299695909023285,-0.1338765025138855,-0.1525421654805541,0.0670052319765091,-0.3666970431804657,-0.231717131100595,-0.06228788197040558,-0.3562019467353821,-0.22725590225309134,0.004750309568463025,-0.003603371706875945,0.0,0.0008742014567057431,-0.003603371706875945,0.0,0.4197056505852504,0.45002167012477357,0.24253920732927095,1.3179299902396333,4.461515687874993
idle,anu,swipe_left,0.07476523518562317,0.08245402574539185,-0.25593241211026907,-0.09517598152160645,0.05537986755371094,-0.2887934958562255,0.08038225769996643,-0.13144981861114502,-0.14076294656842947,-0.07284626364707947,-0.13367503881454468,-0.1525421654805541,0.06711122393608093,-0.3658410906791687,-0.231717131100595,-0.06213459372520447,-0.3557139039039612,-0.22725590225309134,0.004566528580405322,-0.004672642910119082,0.0,0.004566528580405322,-0.06882710890336209,0.0,0.41698524873821313,0.4490138919150452,0.06634685527706338,0.977081190888195,1.9796413708718965
idle,anu,swipe_left,0.0754050463438034,0.08245402574539185,-0.2584522671531886,-0.09478823840618134,0.055202484130859375,-0.2914781279396266,0.08089445531368256,-0.1309559941291809,-0.144373134477064,-0.07256238162517548,-0.13367503881454468,-0.1567686058115214,0.06764499843120575,-0.3653121888637543,-0.2353056080173701,-0.06146998703479767,-0.35566383600234985,-0.22860175441019237,0.01938821691455294,0.0,-0.07635924372483505,0.011749791376518668,-0.005375255237926222,-0.08135248737579172,0.416982826076164,0.44843123120291195,2.1854973130053446,19388.21691455294,3.1339786276803507
idle,anu,swipe_left,0.07586933672428131,0.08285325765609741,-0.3189039435237646,-0.10362683236598969,0.054974138736724854,-0.3473182525485754,0.08122874796390533,-0.12927931547164917,-0.1969029512256384,-0.07416446506977081,-0.13367706537246704,-0.20240372978150845,0.06784917414188385,-0.36457374691963196,-0.27988787554204464,-0.06100569665431976,-0.3556658625602722,-0.26876132749021053,0.014069405469027657,0.012097936688047659,-1.8318689809265754,-0.26783618060025727,-0.0069195573980159126,-1.6921249881499913,0.4202534501335782,0.4491965059884282,38.70153301192827,1.1628629714978667,49.54113362537116
idle,anu,swipe_left,0.07712103426456451,0.08285048604011536,-0.32227874465752393,-0.11477859318256378,0.054534345865249634,-0.3473349279956892,0.08248437941074371,-0.12804868817329407,-0.20048742659855634,-0.07833172380924225,-0.13411685824394226,-0.20242040522862226,0.06912834942340851,-0.364115446805954,-0.28194943733979017,-0.059647396206855774,-0.35610565543174744,-0.268843240221031,0.03793022849342896,-8.39883630925927e-05,-0.10226670102300582,-0.337932145956778,-0.01332705671136979,-0.0005053165792064042,0.4216937331700419,0.44885285023563704,25.35494508126587,446.29908275918814,51.30555949350826
idle,anu,swipe_left,0.07706957310438156,0.08327162265777588,-0.3295260203303769,-0.13264308124780655,0.04611799120903015,-0.3474101257743314,0.0823734924197197,-0.1272243857383728,-0.2069318575086072,-0.0856601670384407,-0.13647404313087463,-0.20249560300726444,0.06915818899869919,-0.3630448877811432,-0.29211552266497165,-0.059571750462055206,-0.35605329275131226,-0.2689184379996732,-0.0015594290964531425,0.012761715686682702,-0.21961441432888207,-0.5413481231891834,-0.25504105018847323,-0.0022787205649145085,0.416223625080107,0.4479515183861025,2.122583796629353,0.12218630695349064,9.573401100430212
idle,anu,swipe_left,0.0770682692527771,0.08327348530292511,-0.3361990267294459,-0.15126320719718933,0.0251762717962265,-0.3474064880865626,0.08194416761398315,-0.12722252309322357,-0.21547672542510554,-0.0908343493938446,-0.1425950676202774,-0.20249196531949565,0.06903499364852905,-0.36265696585178375,-0.29680120589910075,-0.059546977281570435,-0.3560993820428848,-0.2689148003119044,-3.9510654680657294e-05,5.644379240093899e-05,-0.2022123151233057,-0.5642462408903963,-0.634597557963757,0.00011023296269052132,0.3999299139725496,0.44773953261930755,0.8891388639471527,0.6878141750267075,11.522851233082527
idle,anu,swipe_left,0.07700391113758087,0.08327531814575195,-0.3417476958129555,-0.16999273002147675,-0.02554437518119812,-0.34550918103195727,0.08149506151676178,-0.12720254063606262,-0.21635731519199908,-0.09630976617336273,-0.15044966340065002,-0.19039439619518816,0.06882394850254059,-0.3624724745750427,-0.29679756821133196,-0.05954752862453461,-0.3563150465488434,-0.2689111626241356,-0.001950245915037244,5.5540691722523966e-05,-0.1681414873790813,-0.5675612977056883,-1.536989302346225,0.05749415316985955,0.35703590291820636,0.4480831624548879,0.3692679757571031,34.49278485321979,27.400622076911617
idle,anu,swipe_left,0.0770026445388794,0.08346246182918549,-0.35396395344287157,-0.18301880359649658,-0.040715113282203674,-0.34456287045031786,0.08123460412025452,-0.12688644230365753,-0.2229628087952733,-0.1009921282529831,-0.152594193816185,-0.19037142116576433,0.06873717904090881,-0.36218656599521637,-0.30045096296817064,-0.05954952538013458,-0.3563445806503296,-0.2685148837044835,-3.838177883263645e-05,0.005671020710106837,-0.37018962514895787,-0.39472950227331344,-0.4597193363940903,0.028676078231496156,0.34734697295708633,0.44892651299547687,0.8586296298516058,0.006766861546228998,33.073531491295924
idle,anu,swipe_left,0.07699799537658691,0.08365783095359802,-0.35396395344287157,-0.19606798887252808,-0.055885881185531616,-0.34362925309687853,0.0809510350227356,-0.12671050429344177,-0.2229628087952733,-0.10569760203361511,-0.15473875403404236,-0.19036113936454058,0.06862729787826538,-0.3619006872177124,-0.30045096296817064,-0.059574633836746216,-0.3563741445541382,-0.2681312980130315,-0.00014088370583274372,0.005920276497349689,0.0,-0.39542985684944554,-0.45972023949479346,0.028291434952707452,0.33856103380786107,0.4488386144720258,0.8601513762644503,0.023792792972225165,0.0242130086653721
idle,anu,swipe_left,0.0770280584692955,0.08374550938606262,-0.35509072826243937,-0.21396837383508682,-0.10160097479820251,-0.3304195909295231,0.08086534589529037,-0.12662282586097717,-0.2239677815232426,-0.11364457756280899,-0.161045640707016,-0.17692326591350138,0.06863190978765488,-0.3611733913421631,-0.30143307731486857,-0.05957049876451492,-0.3562953472137451,-0.2435990481171757,0.0009110028093511553,0.0026569221958970004,-0.034144691502055076,-0.5424359079563343,-1.3853058670506553,0.40029279295017056,0.3102349655030614,0.448221448664729,0.3915637183775684,0.34274999123656,30.55508120538071
idle,anu,swipe_left,0.07707955688238144,0.08381986618041992,-0.377321885433048,-0.2315848544239998,-0.14840859174728394,-0.3303957744501531,0.08090557903051376,-0.12633270025253296,-0.24599197646602988,-0.12295449525117874,-0.17406541109085083,-0.17689944943413138,0.06866177171468735,-0.3598613440990448,-0.30540488800033927,-0.0596928671002388,-0.35730111598968506,-0.2435752316378057,0.0015605579723010773,0.0022532361926453632,-0.6736714294123575,-0.5338327451185544,-1.4184126348205954,0.0007217114960605174,0.2841139712240579,0.44955080912163453,0.37635900559153534,0.6922779331609216,12.15250209916963
idle,anu,swipe_left,0.07697172462940216,0.08397668600082397,-0.3790270402096212,-0.24262689054012299,-0.19546735286712646,-0.3303813352249563,0.08077742159366608,-0.12627136707305908,-0.2460023774765432,-0.13313840329647064,-0.1820400357246399,-0.17688501020893455,0.06853784620761871,-0.3591577708721161,-0.30682590743526816,-0.059993937611579895,-0.3597671091556549,-0.24356079241260886,-0.00326764402967516,0.004752115769819856,-0.0516713568658548,-0.3346071550340417,-1.4260230642376752,0.0004375522786920791,0.2605513616661788,0.4490571018781562,0.23464341410880482,0.6874741091776531,6.041548455338015
idle,anu,swipe_left,0.07681702077388763,0.08443427085876465,-0.3851443105377257,-0.25518374145030975,-0.2327401340007782,-0.3303802185691893,0.08055911958217621,-0.12586557865142822,-0.25563816959038377,-0.14380736649036407,-0.19184225797653198,-0.17688389355316758,0.06831268966197968,-0.3580673336982727,-0.31307815248146653,-0.061119332909584045,-0.36114734411239624,-0.2435596757568419,-0.004687995621652389,0.013866207816384276,-0.18537182812438163,-0.3805106336420293,-1.1294782161712826,3.3838053544362924e-05,0.248369106221248,0.44841222643924794,0.3368903368863105,0.33806341433157616,9.09323905738941
idle,anu,swipe_left,0.07671412825584412,0.08471342921257019,-0.40980562334880233,-0.2668745815753937,-0.27141985297203064,-0.3593543744646013,0.08043435215950012,-0.12561962008476257,-0.27638712292537093,-0.15609070658683777,-0.2000059187412262,-0.20625987416133285,0.06817701458930969,-0.3569793999195099,-0.3331295824609697,-0.062162965536117554,-0.36146777868270874,-0.2520928061567247,-0.003117955092227702,0.008459344054713073,-0.7473125094265366,-0.3542678825782873,-1.1721126960985144,-0.8780047241033597,0.24803330159894477,0.4483800317394708,0.302247029240849,0.3685376235368061,26.650444402777445
idle,anu,swipe_left,0.07636876404285431,0.08470195531845093,-0.4130060072056949,-0.276096448302269,-0.30203065276145935,-0.3593880827538669,0.07998646795749664,-0.12638121843338013,-0.281203746329993,-0.16565679013729095,-0.21435683965682983,-0.20629358245059848,0.06777419149875641,-0.3568072021007538,-0.3331632907502353,-0.063948854804039,-0.36237072944641113,-0.2521265144459903,-0.010465582211812504,-0.0003476937611897842,-0.09698132899674657,-0.2794505068750137,-0.9275999936190666,-0.001021463311079793,0.24526020940483062,0.4487527850980078,0.30126154326843496,30.01367783611242,27.681842913372616
idle,anu,swipe_left,0.07624578475952148,0.0847620964050293,-0.4130060072056949,-0.27796801924705505,-0.3171349763870239,-0.3593880827538669,0.0797051191329956,-0.12643885612487793,-0.281203746329993,-0.16859084367752075,-0.22710299491882324,-0.20629358245059848,0.06759202480316162,-0.35633960366249084,-0.3331632907502353,-0.06518590450286865,-0.36337384581565857,-0.2521265144459903,-0.003726644949479596,0.0018224571690415182,0.0,-0.05671427105412429,-0.45770677653226716,0.0,0.24273299206517376,0.44835304920879676,0.12390934557373878,2.0437249707589618,15.757928597423348
swipe_left,anu,swipe_left,0.07613508403301239,0.08505982160568237,-0.4130060072056949,-0.28093524277210236,-0.33412086963653564,-0.3593880827538669,0.07937787473201752,-0.12643980979919434,-0.281203746329993,-0.1693950742483139,-0.23781535029411316,-0.20629358245059848,0.06740646064281464,-0.3560602366924286,-0.3331632907502353,-0.06619621813297272,-0.3642483949661255,-0.2521265144459903,-0.003354567469972606,0.009021975777366088,0.0,-0.08991586439537423,-0.5147240378639997,0.0,0.24192056655298053,0.44837256168303125,0.17468717816507645,0.3717806134853488,1.9993832589408926
swipe_left,anu,swipe_left,0.07614226639270782,0.08505812287330627,-0.4130060072056949,-0.2809956520795822,-0.34739354252815247,-0.34894323302432895,0.0791453868150711,-0.12669315934181213,-0.281203746329993,-0.16945548355579376,-0.24862170219421387,-0.1978546674363315,0.06733502447605133,-0.3560265302658081,-0.3136828835122287,-0.06672178208827972,-0.3654176592826843,-0.2359706456772983,0.00021764726349800904,-5.147673866965359e-05,0.0,-0.0018305850751471548,-0.40220220883685814,0.3165105978647748,0.24290114375546498,0.4522149064828126,0.004551393511854546,4.147499806878638,10.523450440985531
swipe_left,anu,swipe_left,0.0761420875787735,0.08490636944770813,-0.408177207224071,-0.2810186594724655,-0.35976892709732056,-0.34614873956888914,0.0789656788110733,-0.12714120745658875,-0.2803994519636035,-0.16947849094867706,-0.2578515410423279,-0.1976859075948596,0.06730349361896515,-0.3560309112071991,-0.306827942840755,-0.06674478948116302,-0.36614352464675903,-0.23591069411486387,-5.418604070490143e-06,-0.004598588654489301,0.14632727217042318,-0.0006971937237363984,-0.37501165361116023,0.08468161986181365,0.24105259492585981,0.452521247684095,0.0018591205310615959,0.0011780627524597149,7.073358616841031
swipe_left,anu,swipe_left,0.07609973847866058,0.0847274661064148,-0.40048896335065365,-0.28109772503376007,-0.3637908697128296,-0.3398975934833288,0.07869015634059906,-0.12743449211120605,-0.26554047130048275,-0.16955755650997162,-0.26323825120925903,-0.19578655622899532,0.06721268594264984,-0.3558637797832489,-0.2996360268443823,-0.06682385504245758,-0.36680328845977783,-0.23313826881349087,-0.001283306064027749,-0.005421313372525388,0.23297708707325757,-0.0023959260998350582,-0.12187704895482113,0.1894286692594067,0.2394157877662132,0.45207404311608285,0.019658389023959534,0.23667132012882208,8.301700740911691
swipe_left,anu,swipe_left,0.07608240842819214,0.08407709002494812,-0.3806792641989887,-0.27608630061149597,-0.3699798583984375,-0.33989520324394107,0.07835924625396729,-0.12834367156028748,-0.24277600599452853,-0.1675797700881958,-0.2638902962207794,-0.18367724074050784,0.06711691617965698,-0.35631027817726135,-0.28857360733672976,-0.0668591856956482,-0.3685096204280853,-0.22075627697631717,-0.0005251530444983081,-0.019708366105050005,0.6002939136867946,0.15186134612920937,-0.1875451116850811,7.243149659850106e-05,0.24077423235865827,0.4500054068001352,0.8097280437581561,0.02664484700823288,7.663934432175799
swipe_left,anu,swipe_left,0.0759635716676712,0.08395177125930786,-0.37595089757815003,-0.27385953068733215,-0.3789029121398926,-0.33988075936213136,0.07791121304035187,-0.12867110967636108,-0.23635698342695832,-0.16564689576625824,-0.26402705907821655,-0.17796475673094392,0.0669841319322586,-0.356184720993042,-0.28599449479952455,-0.06671802699565887,-0.3692777752876282,-0.22072991216555238,-0.003601113955179908,-0.0037975383527351753,0.14328383699511266,0.06747787648981375,-0.27039556792288544,0.0004376933881730814,0.23915929879211226,0.44932495651926013,0.24955152725554494,0.9480262197660555,3.5835689541914024
swipe_left,anu,swipe_left,0.07588768005371094,0.08361729979515076,-0.3690604870207608,-0.2730026990175247,-0.380100816488266,-0.339860409963876,0.07761555910110474,-0.12906065583229065,-0.22958047734573483,-0.16339170932769775,-0.2644079625606537,-0.1760606919415295,0.06687170267105103,-0.3563791513442993,-0.2842659060843289,-0.0666014552116394,-0.3698521554470062,-0.22023557173088193,-0.002299745877583858,-0.010135498913851813,0.20880031992089,0.025964596054771142,-0.03630013176889189,0.0006166484319802584,0.2387815118890597,0.4481833172036418,0.7152558278367894,0.22687773136750308,7.204481419943989
swipe_left,anu,swipe_left,0.0759914219379425,0.08365994691848755,-0.3486768244765699,-0.26112374663352966,-0.3803181052207947,-0.35352703323587775,0.07741454243659973,-0.12928545475006104,-0.2080680369399488,-0.1566273272037506,-0.26449939608573914,-0.17533279350027442,0.06682327389717102,-0.356494277715683,-0.2668196796439588,-0.0663592517375946,-0.37020307779312134,-0.21239978959783912,0.003143693461562698,0.001292337070811899,0.61768674376337,0.35996825406046196,-0.006584507046323939,-0.41414009915157457,0.240733091096346,0.4477950296306921,54.66067404200834,2.4306837965985375,16.16218936552762
swipe_left,anu,swipe_left,0.07623577117919922,0.08384335041046143,-0.32506654504686594,-0.24077728390693665,-0.3803181052207947,-0.39009852055460215,0.07722723484039307,-0.12946856021881104,-0.18586599174886942,-0.14604595303535461,-0.2620910704135895,-0.17533131781965494,0.06680512428283691,-0.35645079612731934,-0.24124444369226694,-0.06530144810676575,-0.3713374733924866,-0.1853387588635087,0.007404522462324382,0.005557681574965757,0.7154630130213048,0.6165594765634014,0.0,-1.1082268884461517,0.2698128623798308,0.4483012572498735,616559.4765634014,1.3320645125044774,22.425038525422316
swipe_left,anu,swipe_left,0.0764942467212677,0.08384335041046143,-0.2939186040312052,-0.21794956922531128,-0.37956440448760986,-0.4274479392915964,0.0771273672580719,-0.12946903705596924,-0.1604138556867838,-0.1297861933708191,-0.2606963515281677,-0.17602942325174809,0.06702235341072083,-0.35641857981681824,-0.20898898877203465,-0.06341072916984558,-0.3727411925792694,-0.13210231997072697,0.007832592183893502,0.0,0.9438770004745836,0.6917489297462343,0.022839416157115953,-1.131800567787723,0.33340342553498586,0.44847889974714217,30.286178893930494,7832.592183893503,2.486106695129783
swipe_left,anu,swipe_left,0.07680191099643707,0.08384335041046143,-0.2698666681535542,-0.1933159977197647,-0.37956440448760986,-0.5045700897462666,0.07688243687152863,-0.13008743524551392,-0.1337052066810429,-0.11659260094165802,-0.26058292388916016,-0.177902199793607,0.06728710234165192,-0.3564053773880005,-0.18342015938833356,-0.06110166013240814,-0.374805748462677,-0.13209138112142682,0.009323159853617499,0.0,0.7288465417470109,0.7464718638044534,0.0,-2.33703486226277,0.3952766932790946,0.4487565852325699,746471.8638044534,9323.159853617499,36.5664287646438
swipe_left,anu,swipe_left,0.07746309041976929,0.08486047387123108,-0.23453342863649596,-0.1669238805770874,-0.3791075646877289,-0.5550433839234756,0.07644766569137573,-0.12952449917793274,-0.09936663457483519,-0.09994733333587646,-0.259011447429657,-0.2072273338708328,0.06793642044067383,-0.3553624451160431,-0.15093518742651213,-0.059031665325164795,-0.374318927526474,-0.12907744893163908,0.020035740100975433,0.03082192305362469,1.0707042277896033,0.7997611255356457,0.013843630299423156,-1.5294937629456702,0.4394435560243191,0.44819152354319397,57.76688205021757,0.650027256211811,24.52775303724258
swipe_left,anu,swipe_left,0.0775236189365387,0.08344238996505737,-0.1450099772773683,-0.1344333291053772,-0.3789280652999878,-0.6889613098464906,0.07507070899009705,-0.12934499979019165,-0.040880618151277304,-0.08847835659980774,-0.25503289699554443,-0.29795886343345046,0.06745991110801697,-0.35497912764549255,-0.10260128742083907,-0.05895307660102844,-0.3741394281387329,-0.12912572687491775,0.0018341974778609135,-0.04297223958102208,2.712831859367548,0.9845621658094158,0.005439375386093689,-4.058118967364155,0.564921303833643,0.4405827984551177,180.97320422522415,0.042682318013346494,76.82979100854355
swipe_left,anu,swipe_left,0.07756148278713226,0.08053708076477051,-0.11273120995610952,-0.09985463321208954,-0.37844401597976685,-0.7105329697951674,0.07444582879543304,-0.1295628547668457,-0.041035852394998074,-0.07507564127445221,-0.245700865983963,-0.35733873303979635,0.06552653014659882,-0.353312611579895,-0.10275652166455984,-0.058915212750434875,-0.37365537881851196,-0.12928096111863852,0.0011473894119262877,-0.08803967273596702,0.9781444642805848,1.047839269493582,0.014668161218816818,-0.6536866651114294,0.5827116480593965,0.43413118989440785,71.43143727600933,0.013032492554518472,103.18281253897575
swipe_left,anu,swipe_left,0.07737493515014648,0.07816988229751587,-0.11273120995610952,-0.06760099530220032,-0.3801438510417938,-0.7105329697951674,0.07362866401672363,-0.1295798420906067,-0.041035852394998074,-0.06013396382331848,-0.23962506651878357,-0.3952872818335891,0.06447720527648926,-0.3528940677642822,-0.09325303044170141,-0.05887925624847412,-0.37327995896339417,-0.1379617964848876,-0.005652958696538537,-0.07173328688650149,0.0,0.977382966966303,-0.05151015339475494,0.0,0.5726787321461272,0.431696513717646,18.97420078087057,0.07880413874445688,20.02408824953894
swipe_left,anu,swipe_left,0.07622519135475159,0.07656371593475342,-0.0930416015908122,-0.04299050569534302,-0.3812510669231415,-0.7105956701561809,0.07296666502952576,-0.12946802377700806,-0.040718029253184795,-0.05415201187133789,-0.23946252465248108,-0.3953499821946025,0.06184163689613342,-0.35273152589797974,-0.09167821984738111,-0.05888202786445618,-0.3731174170970917,-0.1449745623394847,-0.0348407210725732,-0.0486717079624993,0.5966547989484131,0.7457724123290209,-0.03355199640447497,-0.0019000109398004082,0.5659027605023065,0.42953829876841854,22.226700809038835,0.7158163687834427,7.039802520359913
swipe_left,anu,swipe_left,0.07598187029361725,0.0742967426776886,-0.0768015580251813,-0.018867984414100647,-0.38823550939559937,-0.7104879887774587,0.07291944324970245,-0.12903395295143127,-0.030281915329396725,-0.049217745661735535,-0.23832708597183228,-0.398636725731194,0.061869457364082336,-0.35159608721733093,-0.07863580901175737,-0.0610537976026535,-0.37198197841644287,-0.16641895193606615,-0.007373365488919462,-0.06869615930499562,0.4921225322918537,0.7309854933709926,-0.21164977189266657,0.003263072082490684,0.5459440785952261,0.42613052839636295,3.453734124540277,0.10733144664954544,5.417731663254638
swipe_left,anu,swipe_left,0.07618804275989532,0.07595375180244446,-0.0768015580251813,0.019236013293266296,-0.39214399456977844,-0.6646087439730763,0.07274313271045685,-0.1301994025707245,-0.030281915329396725,-0.04004038870334625,-0.23620492219924927,-0.398636725731194,0.06085200607776642,-0.35456740856170654,-0.07863580901175737,-0.06159667670726776,-0.37599992752075195,-0.16728166956454515,0.006247650493275135,0.050212397719875325,0.0,1.1546665971929562,-0.11843894467209513,1.3902801455873652,0.504111866169955,0.43079812908030646,9.748962652673374,0.12442198251806823,44.0386579722552
swipe_left,anu,swipe_left,0.07599909603595734,0.07573291659355164,-0.0768015580251813,0.04359640181064606,-0.4160725176334381,-0.5724472673609853,0.07193197309970856,-0.13053521513938904,-0.030281915329396725,-0.029247090220451355,-0.2607700824737549,-0.40503978449851274,0.058321431279182434,-0.35372593998908997,-0.07498372811824083,-0.06182600557804108,-0.37897223234176636,-0.16733079869300127,-0.005725658301150943,-0.006691976027054966,0.0,0.7381935914357224,-0.725106759504811,2.792772018548108,0.42024953103408386,0.42982637638248006,1.018046740997294,0.855472704220986,47.99448100923034
swipe_left,anu,swipe_left,0.07633912563323975,0.07506385445594788,-0.07524757925421,0.06110882759094238,-0.4316365122795105,-0.5660834321752191,0.07214134931564331,-0.1310088336467743,-0.030410456471145153,-0.022135943174362183,-0.2859906852245331,-0.4300815174356103,0.0581013560295105,-0.35382601618766785,-0.07003013137727976,-0.06208515167236328,-0.3805985450744629,-0.1777331093326211,0.010303927190376214,-0.020274610230417284,0.04709026578700979,0.5306795690998971,-0.4716362013961405,0.1928434904777673,0.4106063855751654,0.4293091649885483,1.1251859851788184,0.5081931973084763,79.40861386689053
swipe_left,anu,swipe_left,0.07675610482692719,0.0747847855091095,-0.06403871532529593,0.0765979140996933,-0.44017696380615234,-0.5636079674586654,0.07248906791210175,-0.1313171088695526,-0.02997205499559641,-0.014235928654670715,-0.2951120138168335,-0.43074465449899435,0.05849920213222504,-0.3544948399066925,-0.06772517319768667,-0.062305763363838196,-0.3805985450744629,-0.2017462020739913,0.012635733142043807,-0.008456634752678284,0.3396625433004318,0.4693662578409443,-0.2588015614133934,0.07501408231980992,0.39215782134081456,0.4296834896348474,1.8136074669338802,1.4940031712817161,7.602478665265168
swipe_left,anu,swipe_left,0.07687900960445404,0.07435727119445801,-0.061668263748288155,0.08004896342754364,-0.4464379847049713,-0.5617172177881002,0.07249723374843597,-0.13139402866363525,-0.02460082806646824,-0.009958550333976746,-0.30105826258659363,-0.4307199474424124,0.058553144335746765,-0.35457175970077515,-0.06703917495906353,-0.06220604479312897,-0.38067546486854553,-0.20415899716317654,0.003724387197783358,-0.01295497923186282,0.07183186596992971,0.1045772523590973,-0.18972790602481007,0.05729544456257747,0.39039605212599365,0.4293539304231472,0.5511930393222325,0.2874647397260348,11.263442678287499
swipe_left,anu,swipe_left,0.0769462138414383,0.07392770051956177,-0.061621894128620625,0.080132856965065,-0.4489845931529999,-0.5616708481684327,0.07223410904407501,-0.1316969394683838,-0.017155743204057217,-0.009874656796455383,-0.304709792137146,-0.43067357782274485,0.05850495398044586,-0.3548746705055237,-0.06231383699923754,-0.06212230026721954,-0.38097837567329407,-0.204112627543509,0.0020364920298258787,-0.013017293178674155,0.0014051399899251758,0.002542228409738292,-0.07716995297056378,0.0014051399899251758,0.39078031745667624,0.42919929199257995,0.032942814775243266,0.15643310546746228,4.905363816479143
swipe_left,anu,swipe_left,0.0768790990114212,0.07326751947402954,-0.061621894128620625,0.080132856965065,-0.4496447741985321,-0.5576646411791444,0.07204391062259674,-0.1323748230934143,-0.017155743204057217,-0.009874656796455383,-0.3053699731826782,-0.43067357782274485,0.058036401867866516,-0.3555348515510559,-0.0556439058855176,-0.06217162311077118,-0.38140761852264404,-0.204112627543509,-0.002033782727790634,-0.02000548622824961,0.0,0.0,-0.02000548622824961,0.121400211796618,0.387176834030914,0.4292577978043188,0.0,0.10165616813405677,4.0284863120195515
swipe_left,anu,swipe_left,0.07677525281906128,0.07326751947402954,-0.062219408340752125,0.0800812840461731,-0.4496447741985321,-0.5538917267695069,0.07172071933746338,-0.132493257522583,-0.017155743204057217,-0.00992622971534729,-0.3053699731826782,-0.429559119977057,0.0576513409614563,-0.3555348515510559,-0.0556439058855176,-0.0624043345451355,-0.3812319040298462,-0.204112627543509,-0.003146854313936981,0.0,-0.01810649127671144,-0.0015628157239971146,0.0,0.11433073968597904,0.3838331545937842,0.42927897064031834,1562.8157239971147,3146.8543139369813,0.644706714407659
swipe_left,anu,swipe_left,0.07677124440670013,0.0734180212020874,-0.062219408340752125,0.072848841547966,-0.44949427247047424,-0.5523276412859559,0.07153742015361786,-0.13234275579452515,-0.017155743204057217,-0.01354004442691803,-0.30521947145462036,-0.42325026635080576,0.057647332549095154,-0.35538434982299805,-0.0556439058855176,-0.062417611479759216,-0.3809511363506317,-0.20122257713228464,-0.0001214670412468207,0.00456065842599587,0.0,-0.2191649241880972,0.00456065842599587,0.04739652980457728,0.38245253417672453,0.42927897064031834,48.045009889194105,0.026627824774123208,6.900291157519351
swipe_left,anu,swipe_left,0.07675841450691223,0.07348781824111938,-0.10240938048809767,0.0632658302783966,-0.4466058909893036,-0.5524254916235805,0.07144615054130554,-0.1323341727256775,-0.040218899957835674,-0.016371101140975952,-0.3010615110397339,-0.4063418982550502,0.05763450264930725,-0.3553757667541504,-0.05574175622314215,-0.06249260902404785,-0.3808826506137848,-0.19703613501042128,-0.00038878484205766777,0.0021150617888479857,-1.2178779438589753,-0.29039428089604696,0.08752671155062729,-0.002965161746198528,0.38266999382648237,0.43181890381763915,3.3177410416823103,0.18373038259403937,3.648123308871854
swipe_left,anu,swipe_left,0.07659474015235901,0.07363265752792358,-0.12675189599394798,0.057291120290756226,-0.44045591354370117,-0.5524882934987545,0.07128247618675232,-0.13227921724319458,-0.06372087821364403,-0.0172574520111084,-0.2721889913082123,-0.3953182063996792,0.05747082829475403,-0.35625484585762024,-0.08088890090584755,-0.06265628337860107,-0.3805730640888214,-0.19541674479842186,-0.004959828925855311,0.004389069297097016,-0.7376519850257789,-0.18105181780728716,0.1863629528970459,-0.0019030871264862595,0.3814097877573537,0.43274981674201146,0.9714959089073767,1.1297837437634652,4.4665376446460465
swipe_left,anu,swipe_left,0.07642753422260284,0.07419252395629883,-0.1442225994542241,0.0559057742357254,-0.4239620268344879,-0.5525347115471959,0.07100279629230499,-0.1318475604057312,-0.07665606308728456,-0.023620441555976868,-0.24755439162254333,-0.3953646244481206,0.05747218430042267,-0.3602953851222992,-0.0987390922382474,-0.0629359632730484,-0.37910929322242737,-0.19546316284686327,-0.005066846356247218,0.016965649344703727,-0.5294152563719838,-0.04198018348578092,0.49981474876401916,-0.0014066075285275245,0.3789923708702232,0.4372731387300507,0.08399131797986074,0.2986356500512503,10.391473967566453
swipe_left,anu,swipe_left,0.07628534734249115,0.0765644907951355,-0.15257498668506742,0.04534558951854706,-0.397612988948822,-0.5996024464257061,0.07055042684078217,-0.13147896528244019,-0.08678284334018826,-0.0350947231054306,-0.21796399354934692,-0.3953796778805554,0.057555899024009705,-0.3655284643173218,-0.12337814318016171,-0.06338833272457123,-0.3749348223209381,-0.19547821627929807,-0.0043086933367180785,0.07187778299505175,-0.2531026433588921,-0.320005597490258,0.7984556935050398,-1.4262949963185148,0.41911067569247334,0.443451721008082,0.40078015513340814,0.05994388270339379,44.913869876350645
swipe_left,anu,swipe_left,0.07680544257164001,0.0778912901878357,-0.16081214556470513,0.02994057536125183,-0.36884963512420654,-0.6605586023069918,0.070707768201828,-0.13018661737442017,-0.09876711526885629,-0.046815723180770874,-0.20175021886825562,-0.39438246795907617,0.057581573724746704,-0.36423611640930176,-0.15008852491155267,-0.06316497921943665,-0.3732280731201172,-0.19546358892694116,0.01576046148935979,0.04020604220303686,-0.2496108751405409,-0.46681861082713555,0.8716167825641193,-1.8471562388268679,0.4743428996876111,0.442675046549572,0.5355771992786238,0.39198261363700587,13.687808389774961
swipe_left,anu,swipe_left,0.07721158862113953,0.07956168055534363,-0.18347120331600308,0.016654223203659058,-0.32914069294929504,-0.6674590264447033,0.07295110821723938,-0.12852784991264343,-0.11887243436649442,-0.05849713087081909,-0.18650534749031067,-0.3890392337925732,0.059333354234695435,-0.362577348947525,-0.18214443372562528,-0.06151813268661499,-0.3706572353839874,-0.21012938069179654,0.012307456045439282,0.05061788992448095,-0.6866381136756694,-0.4026167320482506,1.2033012780275756,-0.20910376174882617,0.4658164288704795,0.4425023310583359,0.33459317695983287,0.24313958808264963,50.68268924767493
swipe_left,anu,swipe_left,0.0775584876537323,0.0798197090625763,-0.2034504220355302,0.007814586162567139,-0.2934035360813141,-0.6673822656739503,0.07473668456077576,-0.12852784991264343,-0.13162591611035168,-0.06915968656539917,-0.17461207509040833,-0.3889624730218202,0.061974912881851196,-0.362577348947525,-0.19549048994667828,-0.06012663245201111,-0.3697618544101715,-0.2114520922768861,0.010512091896750878,0.007819045673717277,-0.6054308702887105,-0.26786778912400183,1.0829441475145918,0.0023260839622129465,0.46724610750515844,0.4427430013648131,0.2473512067889778,1.3442494245374315,8.427604307486273
swipe_left,anu,swipe_left,0.07757870852947235,0.08134767413139343,-0.20810603653080761,-0.0024401694536209106,-0.2463621199131012,-0.6673822656739503,0.07651470601558685,-0.12752476334571838,-0.13561345194466412,-0.0784728080034256,-0.16380056738853455,-0.3889624730218202,0.0644134134054184,-0.35995376110076904,-0.20308579062111676,-0.059901848435401917,-0.3672906458377838,-0.21341678057797253,0.0006127538103045937,0.046301971782338275,-0.14107922712962057,-0.3107501701875216,1.4254974596428376,0.0,0.47329717365746893,0.4415263124692159,0.21799404137229367,0.013233574146925952,10.461661211325925
swipe_left,anu,swipe_left,0.07779435813426971,0.08134773373603821,-0.2080061323940754,-0.012702777981758118,-0.21281671524047852,-0.6672823615372181,0.07972262799739838,-0.1246894896030426,-0.1355135478079319,-0.08421583473682404,-0.16244378685951233,-0.3865523524582386,0.06688068807125092,-0.3543539345264435,-0.20298588648438454,-0.05987925827503204,-0.36575430631637573,-0.2133168764412403,0.006534836509011112,1.8062013568300476e-06,0.0030273980827946133,-0.31098813721628393,1.0165274143219156,0.0030273980827946133,0.4813524578885896,0.4358672444563228,0.30593157341669724,2328.7126182538163,12.393373319563658
swipe_left,anu,swipe_left,0.07854105532169342,0.0791005790233612,-0.20798064023256302,-0.022896334528923035,-0.17142269015312195,-0.6139155998826027,0.08167935907840729,-0.1269366443157196,-0.13548805564641953,-0.08387206494808197,-0.16469094157218933,-0.3588303104043007,0.06722445785999298,-0.35434114933013916,-0.20296039432287216,-0.05943743884563446,-0.36800146102905273,-0.21329138427972794,0.022627187497687204,-0.06809559735384596,0.0007724897427992094,-0.3088956529443797,1.2543643965865152,1.6171745955943448,0.44774795096258696,0.4336184960598124,0.24625651647037824,0.3322807361447299,49.44171312883674
swipe_left,anu,swipe_left,0.07922136783599854,0.07823193073272705,-0.21493000956252217,-0.04357647895812988,-0.12835317850112915,-0.5188084510155022,0.08187973499298096,-0.12780529260635376,-0.13552553625777364,-0.0836716890335083,-0.1655595898628235,-0.27978720935061574,0.06742483377456665,-0.3544134795665741,-0.20299787493422627,-0.05923706293106079,-0.3688071370124817,-0.21136417658999562,0.020615530736518957,-0.0263226754737627,-0.210586949392705,-0.6266710433093085,1.3051367167270753,2.882034814154606,0.39062173765828584,0.4329706515523898,0.4801570250232491,0.7831554813485997,39.55016110051371
idle,anu,swipe_left,0.07942141592502594,0.07776898145675659,-0.21516700368374586,-0.06322760879993439,-0.09081375598907471,-0.38539338391274214,0.081977978348732,-0.12827807664871216,-0.13245591800659895,-0.08357344567775726,-0.1588994264602661,-0.16779330652207136,0.06752307713031769,-0.35441315174102783,-0.21190862637013197,-0.05923686921596527,-0.36922314763069153,-0.20533982198685408,0.006062063303860847,-0.01402876593849898,-0.007181640037081573,-0.5954887830849944,1.137558257941062,4.0428808212958245,0.33158256968496075,0.43235816604313027,0.5234793518913521,0.43208584736442274,35.554357374034694
idle,anu,swipe_left,0.07971321046352386,0.07758152484893799,-0.23064814507961273,-0.0759974867105484,-0.06150257587432861,-0.2986917346715927,0.08226977288722992,-0.12942850589752197,-0.1324811428785324,-0.08475880324840546,-0.15908688306808472,-0.15556935966014862,0.06663654744625092,-0.35452234745025635,-0.21193385124206543,-0.05896161496639252,-0.36924976110458374,-0.20536504685878754,0.008842258742361022,-0.0056805032672301945,-0.46912549684443283,-0.3869659972913191,0.8882175792346965,2.6273227042771556,0.32203791950845956,0.4327065753665685,0.43566528142738836,1.556323797851433,44.01203304980806
idle,anu,swipe_left,0.08076438307762146,0.0762408971786499,-0.23067028960213065,-0.08853581547737122,-0.026402592658996582,-0.29871387919411063,0.08313468098640442,-0.13225430250167847,-0.13250328740105033,-0.08370763063430786,-0.1604275107383728,-0.15559150418266654,0.06691733002662659,-0.35585904121398926,-0.21195599576458335,-0.05873537063598633,-0.3705029785633087,-0.20538719138130546,0.03185371557871551,-0.04062508091782143,-0.0006710461369066634,-0.37994935657039436,1.0636358550100784,-0.0006710461369066634,0.35777508682180453,0.4327266139619306,0.35721717875862263,0.7840705984697197,79.81367165266911
idle,anu,swipe_left,0.08160912990570068,0.07690277695655823,-0.2545787119306624,-0.10202309489250183,0.00891605019569397,-0.2987019740976393,0.08380836248397827,-0.13371393084526062,-0.13249138230457902,-0.08286288380622864,-0.16188713908195496,-0.15557959908619523,0.0664820671081543,-0.356611043214798,-0.23426476353779435,-0.061041444540023804,-0.3655768036842346,-0.20537528628483415,0.025598388729673852,0.020056962966919265,-0.7244976463191553,-0.4087054368221464,1.0702619046876096,0.00036076049913060155,0.3881163020678919,0.43425305618700255,0.38187386952502117,1.2762207594007513,0.8947768602663212
idle,anu,swipe_left,0.08254989981651306,0.08052286505699158,-0.3008505392353982,-0.10861536860466003,0.029957860708236694,-0.29868623497895896,0.08497974276542664,-0.1347479522228241,-0.18181627872399986,-0.08054232597351074,-0.1518888771533966,-0.15556385996751487,0.06675830483436584,-0.35753074288368225,-0.27301037195138633,-0.06195443868637085,-0.36255285143852234,-0.23570869746617973,0.028508179115525525,0.10969963940706705,-1.40217658499194,-0.19976587006539254,0.6376306215921796,0.0004769429903138587,0.4002600051990817,0.4392213710833337,0.3132935433261182,0.2598724972763376,14.55888215972391
idle,anu,swipe_left,0.0852493941783905,0.08134031295776367,-0.3097776162903756,-0.11284327507019043,0.03763878345489502,-0.29928964260034263,0.08628085255622864,-0.13546907901763916,-0.19660211983136833,-0.08045446872711182,-0.1471651792526245,-0.16227027657441795,0.06779447197914124,-0.3574112057685852,-0.285836337832734,-0.06081134080886841,-0.36097729206085205,-0.24713159981183708,0.08180285945083286,0.02477114850824569,-0.2705174865144715,-0.12811837774334736,0.23275523474722568,-0.01828507943586899,0.40536719066801385,0.43975078659150324,0.5504401541917212,3.302210925451374,12.472539368759177
idle,anu,swipe_left,0.08584184944629669,0.0830601155757904,-0.3170298426412046,-0.11690567433834076,0.04654708504676819,-0.3027832000516355,0.0868874341249466,-0.13507524132728577,-0.21089512994512916,-0.08154664933681488,-0.14457586407661438,-0.16575601091608405,0.06834788620471954,-0.35797181725502014,-0.3004268794320524,-0.061113759875297546,-0.36071425676345825,-0.25721479346975684,0.017953189936551466,0.052115230849295785,-0.21976443487360972,-0.12310300812576952,0.26994853308707,-0.10586537731190691,0.41358314512432565,0.4416909133248076,0.45602230430998253,0.3444836597732212,2.887356299494869
idle,anu,swipe_left,0.08550669252872467,0.08256670832633972,-0.3232107935473323,-0.11891750991344452,0.051890820264816284,-0.30317949037998915,0.08776296675205231,-0.13555094599723816,-0.2189200995489955,-0.08240200579166412,-0.1422717273235321,-0.1669769762083888,0.06809832155704498,-0.35857775807380676,-0.30886636953800917,-0.06293927133083344,-0.36072611808776855,-0.2610425530001521,-0.010156270229455358,-0.014951734831839135,-0.18730154260993304,-0.0609647143970846,0.16193137024388427,-0.012008797828898478,0.41852338345906653,0.44172078750667465,0.3764825667978948,0.6792249273242928,4.727460420560466
idle,anu,swipe_left,0.08600133657455444,0.08221590518951416,-0.32414247980341315,-0.12173521518707275,0.05383491516113281,-0.30408006301149726,0.08630096912384033,-0.13592642545700073,-0.21890642633661628,-0.08402332663536072,-0.13939619064331055,-0.16844185581430793,0.0662461519241333,-0.35897988080978394,-0.30946161737665534,-0.06493163108825684,-0.36040592193603516,-0.2610288797877729,0.014989213509992551,-0.010630398085622673,-0.02823291685093426,-0.08538500829176146,0.05891196655504408,-0.027290079742669025,0.4203278751907805,0.4418817903305182,1.4493415165570347,1.4099005031392016,3.2415555147803667
idle,anu,swipe_left,0.08585551381111145,0.08091863989830017,-0.32417705841362476,-0.12139210104942322,0.052373796701431274,-0.30566507764160633,0.08541765809059143,-0.1373831331729889,-0.2189410049468279,-0.08300390839576721,-0.14086034893989563,-0.16847643442451954,0.0662868320941925,-0.36044278740882874,-0.30949619598686695,-0.06407788395881653,-0.3618607521057129,-0.2610634583979845,-0.004418871619484711,-0.039311069430727576,-0.0010478366730791316,0.01039739811059217,-0.04427631696065337,-0.04803074636694233,0.4205525952188626,0.442038878991789,0.2348244840542556,0.11240496070224121,4.312438124085876
idle,anu,swipe_left,0.0874355137348175,0.07927238941192627,-0.3257536580786109,-0.12068930268287659,0.05423009395599365,-0.3056403687223792,0.08696439862251282,-0.14013850688934326,-0.21829162444919348,-0.08234739303588867,-0.142137348651886,-0.16845172550529242,0.06737861037254333,-0.3635994791984558,-0.3094714870676398,-0.06330904364585876,-0.36493393778800964,-0.2602334311231971,0.04787878556685091,-0.049886378374967504,-0.04777574742382299,0.02129692019838309,0.056251431956436594,0.0007487551280946562,0.4255029607619424,0.44362470678690297,0.37859554614236063,0.9597374551731411,3.4020557240950615
idle,anu,swipe_left,0.08793215453624725,0.07788750529289246,-0.325778366997838,-0.11837567389011383,0.05486449599266052,-0.30566507764160633,0.08678697049617767,-0.14152339100837708,-0.21357503719627857,-0.08169673383235931,-0.1413760483264923,-0.16847643442451954,0.0671267956495285,-0.36500781774520874,-0.30051022954285145,-0.06372679769992828,-0.3658769130706787,-0.25921294279396534,0.015049721255446355,-0.041966185425265486,-0.0007487551280946159,0.07010996341705057,0.01922430414141958,-0.0007487551280946159,0.4268110047800523,0.44410315119110927,3.646754449309519,0.3586068758946598,1.8571490734098453
idle,anu,swipe_left,0.08772504329681396,0.07779857516288757,-0.326186241582036,-0.11534583568572998,0.056680113077163696,-0.30667022056877613,0.08659666776657104,-0.14161232113838196,-0.2128592301160097,-0.07979431748390198,-0.13988515734672546,-0.16847643442451954,0.06717360019683838,-0.3651224970817566,-0.30007717199623585,-0.06353095173835754,-0.36526668071746826,-0.2587230820208788,-0.006276098164645208,-0.0026948524243904314,-0.012359835884788017,0.09181327892072419,0.05501869953040008,-0.03045887658090351,0.4278116490781669,0.44416564654019897,1.6687346478508942,2.3280570211718166,1.5555121224652282
idle,anu,swipe_left,0.08700871467590332,0.07779857516288757,-0.3262064177542925,-0.11224332451820374,0.056680113077163696,-0.3110079187899828,0.08515936136245728,-0.14161232113838196,-0.2128592301160097,-0.0790945291519165,-0.13987109065055847,-0.16847643442451954,0.0658387839794159,-0.3651224970817566,-0.2997575718909502,-0.06391724944114685,-0.3652600646018982,-0.2587230820208788,-0.021706927906383514,0.0,-0.0006113991592869712,0.09401548992503923,0.0,-0.1314454006426283,0.4279049277914003,0.4442147944987224,94015.48992503923,21706.927906383517,3.485531563276748
idle,anu,swipe_left,0.08587460219860077,0.07711759209632874,-0.3261641776189208,-0.10820995271205902,0.056680113077163696,-0.31159769650548697,0.08445499837398529,-0.1420411765575409,-0.21059176977723837,-0.07779447734355927,-0.13972017168998718,-0.16845437046140432,0.06523384153842926,-0.36550307273864746,-0.29749791976064444,-0.06408663094043732,-0.3652525246143341,-0.25751983281224966,-0.034367044766742676,-0.020635850501782186,0.001280004102172225,0.12222338806498671,0.0,-0.017872051984974154,0.42766626429388976,0.44402798141466715,122223.38806498672,1.6653241134723904,3.5461785123038454
idle,anu,swipe_left,0.08439433574676514,0.07692110538482666,-0.32616084534674883,-0.10461527109146118,0.05671834945678711,-0.3120758207514882,0.08466917276382446,-0.1422574520111084,-0.20913745183497667,-0.07529866695404053,-0.13836175203323364,-0.16921402234584093,0.0660393238067627,-0.36555683612823486,-0.2919495077803731,-0.06397891044616699,-0.36492523550987244,-0.2552063437178731,-0.044856559146535024,-0.005954142772790252,0.00010097794460527985,0.10892974607872415,0.0011586781704064756,-0.01448861351518943,0.42739766490717745,0.444177949483126,93.9310136712701,7.532407006510393,0.41716070792366844
idle,anu,swipe_left,0.08468501269817352,0.07481575012207031,-0.3261810215190053,-0.10094912350177765,0.05685687065124512,-0.31242599803954363,0.08527405560016632,-0.1422986388206482,-0.2105884375050664,-0.07359616458415985,-0.1381697654724121,-0.16930100042372942,0.06644894182682037,-0.36563220620155334,-0.2919495077803731,-0.0632849782705307,-0.3645837604999542,-0.2552063437178731,0.008808392466920936,-0.06379864432595095,-0.0006113991592869712,0.11109538150556336,0.004197611953273031,-0.01061143297137653,0.42697175815481425,0.442152409292678,26.460026013825562,0.13806334753088995,0.16306754195616108
idle,anu,swipe_left,0.08406735956668854,0.07503974437713623,-0.32648998219519854,-0.09908683598041534,0.05925184488296509,-0.31384983379393816,0.08493064343929291,-0.14034730195999146,-0.2105884375050664,-0.07261346280574799,-0.13541579246520996,-0.17065478581935167,0.0658404678106308,-0.3634558916091919,-0.2919495077803731,-0.06362326443195343,-0.3618437647819519,-0.2552063437178731,-0.018716761560151368,0.006787704698967319,-0.009362444733128552,0.056432955192798014,0.07257497671878815,-0.04314653801195618,0.4266359529087329,0.44023140135040645,0.7775707299325797,2.7570445895221387,2.8300463712510537
idle,anu,swipe_left,0.08116835355758667,0.07300674915313721,-0.32668658811599016,-0.09962087869644165,0.060473084449768066,-0.32444959599524736,0.08275550603866577,-0.1399141550064087,-0.2105884375050664,-0.07379657030105591,-0.1335734724998474,-0.17667424399405718,0.06490382552146912,-0.36290934681892395,-0.2919495077803731,-0.06533071398735046,-0.3609112799167633,-0.2552063437178731,-0.0878486669424775,-0.061605915878755954,-0.005957755175503592,-0.016183112606857147,0.037007259600088854,-0.32120491519117583,0.4284101141596804,0.43760032261186005,0.4372838058782503,1.4259546300835122,8.775048990063343
idle,anu,swipe_left,0.08017666637897491,0.07059654593467712,-0.338137180544436,-0.10018675029277802,0.0615057647228241,-0.33682400081306696,0.08094899356365204,-0.13829097151756287,-0.2186816344037652,-0.07405932247638702,-0.1300906240940094,-0.19337932858616114,0.064740851521492,-0.36114805936813354,-0.29305717442184687,-0.06675894558429718,-0.35823196172714233,-0.2661356935277581,-0.030051126624599127,-0.07303646116545823,-0.34698764934684845,-0.017147624131405265,0.03129334160775899,-0.3749819641763574,0.42695903072763014,0.4343660616811665,0.5479464737214268,0.4114481273729059,1.6390410584358572
idle,anu,swipe_left,0.07932567596435547,0.07363688945770264,-0.3398226066492498,-0.09794992208480835,0.0676526427268982,-0.3378725810907781,0.0793047547340393,-0.13273435831069946,-0.22700558742508292,-0.07306700944900513,-0.1239437460899353,-0.19487163564190269,0.06428366899490356,-0.3556599020957947,-0.30077420314773917,-0.0663464367389679,-0.3520203232765198,-0.2664748593233526,-0.025787588321801797,0.09213162190986549,-0.05107351832769215,0.06778267296877882,0.18626903042649073,-0.031775159930641506,0.4268744702528947,0.4313313981474253,0.36389467921157853,0.27989639052093973,11.69797177254681
idle,anu,swipe_left,0.07909798622131348,0.07285052537918091,-0.34529496915638447,-0.09794673323631287,0.06844902038574219,-0.3379334080964327,0.08043137192726135,-0.13264626264572144,-0.23464329726994038,-0.07367968559265137,-0.12314736843109131,-0.1948604304343462,0.06389540433883667,-0.35622212290763855,-0.3082283306866884,-0.06707701086997986,-0.3512078523635864,-0.26896228082478046,-0.0068996891830904105,-0.023829214500657538,-0.16582916688286267,9.663177259040236e-05,0.02413265632860497,-0.0018432425955930648,0.4264057304983636,0.43093896515771374,0.004004025385737649,0.28953533686824473,5.40087430035529
idle,anu,swipe_left,0.07948118448257446,0.07083752751350403,-0.3483887007459998,-0.09961563348770142,0.06848272681236267,-0.3388585140928626,0.08003884553909302,-0.13318350911140442,-0.23531570937484503,-0.07520821690559387,-0.12311366200447083,-0.19494816567748785,0.06210368871688843,-0.35664650797843933,-0.31084209587424994,-0.06874781847000122,-0.35116255283355713,-0.26908960845321417,0.011612068523060376,-0.06099993532354279,-0.09374944210955741,-0.05057273489056292,0.001021406867287392,-0.02803351504333136,0.42652395352104594,0.4294814611795937,49.46439280551825,0.19035886026125895,1.864915781719519
idle,anu,swipe_left,0.07976183295249939,0.07066991925239563,-0.35099321510642767,-0.10043755173683167,0.06848916411399841,-0.3388585140928626,0.08065852522850037,-0.13386818766593933,-0.23960430826991796,-0.07629001140594482,-0.12338957190513611,-0.19543404784053564,0.06121063232421875,-0.3569767475128174,-0.31288719084113836,-0.07069283723831177,-0.35096731781959534,-0.2693159272894263,0.00850449908863428,-0.005079038215406094,-0.07892467758872418,-0.024906613610007945,0.00019506974653764515,0.0,0.4262213740018433,0.42974165230456157,127.02935587885766,1.6741014000333532,1.1520375929317688
idle,anu,swipe_left,0.08087611198425293,0.07072499394416809,-0.354252009652555,-0.09985589981079102,0.06854423880577087,-0.33974000718444586,0.0808970034122467,-0.1358231008052826,-0.24315521027892828,-0.07650047540664673,-0.12353852391242981,-0.19785605277866125,0.0605834424495697,-0.35762202739715576,-0.31485459115356207,-0.07113978266716003,-0.3508930802345276,-0.2722628703340888,0.03376603126525933,0.0016689300537109642,-0.09875134988264761,0.01762581594062602,0.0016689300537109642,-0.026711911866159576,0.42579976982737044,0.43063339363455455,10.55482288102873,20.220027294091473,1.5226197951607885
idle,anu,swipe_left,0.08177369832992554,0.07070323824882507,-0.35669013764709234,-0.09963533282279968,0.06852248311042786,-0.35744237806648016,0.08038419485092163,-0.1358448565006256,-0.24719062354415655,-0.07531481981277466,-0.1238185465335846,-0.2134509077295661,0.06089448928833008,-0.35770416259765625,-0.33019065763801336,-0.07070586085319519,-0.3509129285812378,-0.2931567123159766,0.027199586232502224,-0.0006592634952429319,-0.07388266650112912,0.006683848120949232,-0.0006592634952429319,-0.5364354812737464,0.425318264068665,0.4297337139566687,10.123001148942864,41.1950477778491,15.449888316557043
idle,anu,swipe_left,0.08178634941577911,0.07064497470855713,-0.3622186165302992,-0.09952707588672638,0.06861263513565063,-0.3582232277840376,0.0793265849351883,-0.13590312004089355,-0.25404575280845165,-0.07516457140445709,-0.12387681007385254,-0.21913395635783672,0.0611313134431839,-0.3578997850418091,-0.3301872294396162,-0.07042841613292694,-0.3507310748100281,-0.29552081041038036,0.0003833662379871776,-0.0017655618263013716,-0.1675296631274828,0.003280513214342574,0.002731879552205447,-0.02366211265325584,0.42500290847825173,0.430236273900146,1.2003870465843194,0.21701263566292878,15.539268959753304
idle,anu,swipe_left,0.08197891712188721,0.07147151231765747,-0.36222685407847166,-0.09825554490089417,0.06838005781173706,-0.35823146533221006,0.07951819896697998,-0.1363288164138794,-0.2540539903566241,-0.07396331429481506,-0.12430250644683838,-0.2191421939060092,0.06172102689743042,-0.35840120911598206,-0.3301954669877887,-0.06887736916542053,-0.3503793179988861,-0.29552904795855284,0.0058353850335786765,0.025046594215162272,-0.0002496226718931527,0.0385312419949162,-0.0070477976943508465,-0.0002496226718931527,0.4244456209967861,0.43154020497291184,5.466356627853923,0.23297187679790393,1.3161428513907871
idle,anu,swipe_left,0.08257846534252167,0.07217791676521301,-0.3622284410521388,-0.09719674289226532,0.06842270493507385,-0.3582330523058772,0.08027155697345734,-0.13624271750450134,-0.25405557733029127,-0.07240854203701019,-0.12431773543357849,-0.21914378087967634,0.06211237609386444,-0.3584340512752533,-0.3301970539614558,-0.06752033531665802,-0.35025790333747864,-0.29553063493222,0.018168127898013264,0.021406195380470158,-4.8090111125597435e-05,0.03208490935238803,0.0012923370708118297,-4.8090111125597435e-05,0.42438865919645924,0.43228640689682896,24.807847912569525,0.8486925809341701,0.31948315097638014
idle,anu,swipe_left,0.08301010727882385,0.07145509123802185,-0.3622486349195242,-0.10002905130386353,0.06766918301582336,-0.3582532461732626,0.08084496855735779,-0.13698169589042664,-0.25407577119767666,-0.07252973318099976,-0.12483754754066467,-0.21916397474706173,0.06256896257400513,-0.3591896593570709,-0.32819453440606594,-0.0667387843132019,-0.35068008303642273,-0.29555082879960537,0.013080058675823998,-0.021903803854277988,-0.0006119353753147801,-0.08582752762418941,-0.022833997553045462,-0.0006119353753147801,0.4243299935513195,0.43247245389011046,3.758595875686562,0.597131969902094,3.647173420002674
idle,anu,swipe_left,0.0836450457572937,0.06914719939231873,-0.34612469794228673,-0.10485777258872986,0.06530341506004333,-0.34397824527695775,0.08141303062438965,-0.13922765851020813,-0.2341174823231995,-0.07320865988731384,-0.1271454393863678,-0.20691548706963658,0.06284838914871216,-0.36171755194664,-0.3202204001136124,-0.06611353158950806,-0.3524992763996124,-0.29223253251984715,0.019240559953632084,-0.06993611653645945,0.48860415082538544,-0.14632488742019423,-0.07168993805394143,0.43257578473651737,0.4227739632360057,0.4321434571047844,2.041051371236027,0.2751122852427243,13.336722514165228
idle,anu,swipe_left,0.08339278399944305,0.06763029098510742,-0.3376728519797325,-0.11648134887218475,0.06359338760375977,-0.3424280509352684,0.08137620985507965,-0.1405615210533142,-0.2221202626824379,-0.07589279115200043,-0.1286623477935791,-0.2033449485898018,0.062411531805992126,-0.3636087477207184,-0.3144456669688225,-0.06534542143344879,-0.3538704812526703,-0.29135196655988693,-0.007644295692443558,-0.04596692143064383,0.256116544319815,-0.35222958434710466,-0.05181901382677286,0.04697558611179665,0.4236740861449038,0.432373476951421,6.797172720265174,0.16629630956834177,13.26009884305051
idle,anu,swipe_left,0.08303257822990417,0.06586650013923645,-0.3376728519797325,-0.13745683431625366,0.05524525046348572,-0.3311377093195915,0.08151385188102722,-0.1420321762561798,-0.2221202626824379,-0.08051392436027527,-0.13039544224739075,-0.19405246526002884,0.06258741021156311,-0.3658268451690674,-0.3115607723593712,-0.06514215469360352,-0.35560357570648193,-0.2859957441687584,-0.010915326349663185,-0.05344820745063636,0.0,-0.6356207710324013,-0.25297385273558126,0.34213156411142603,0.41959977105790447,0.4329653450114371,2.512584805007381,0.20421867545452685,13.816682708961753
idle,anu,swipe_left,0.08307075500488281,0.06441229581832886,-0.3376728519797325,-0.15490461885929108,0.019335150718688965,-0.3137980327010155,0.08183377981185913,-0.14335817098617554,-0.2221202626824379,-0.08471491932868958,-0.1348363757133484,-0.1624675765633583,0.06288713216781616,-0.3673078715801239,-0.30258115381002426,-0.0648222267627716,-0.3567480742931366,-0.24703770130872726,0.0011568719690496455,-0.04406679760326109,0.0,-0.5287207437284149,-1.088184840751434,0.5254447460174644,0.3924415515063799,0.4336140090562238,0.4858735740977047,0.026252094090675297,26.11356024112737
idle,anu,swipe_left,0.08307075500488281,0.0640222430229187,-0.3376728519797325,-0.17185045778751373,-0.023535609245300293,-0.3137980327010155,0.08183377981185913,-0.14335227012634277,-0.2221202626824379,-0.0890623927116394,-0.13877111673355103,-0.1624675765633583,0.06288713216781616,-0.3673136830329895,-0.3019554540514946,-0.06481772661209106,-0.35674282908439636,-0.2464771494269371,0.0,-0.011819781679095833,0.0,-0.5135102705522099,-1.2991139383027255,0.0,0.35639186048585914,0.43328257783125895,0.3952770116115388,0.0,17.163787872913886
idle,anu,swipe_left,0.0829438716173172,0.063149094581604,-0.36702015390619636,-0.19479230046272278,-0.05177396535873413,-0.31374933710321784,0.08170689642429352,-0.1433420181274414,-0.2296328484080732,-0.0966111570596695,-0.14028877019882202,-0.16241888096556067,0.06276024878025055,-0.3673136830329895,-0.3004113673232496,-0.06492625176906586,-0.3567480742931366,-0.23920936277136207,-0.0038449511383517572,-0.026459043676201943,-0.8893121795897797,-0.6952073537941872,-0.8557077610131142,0.001475624175685769,0.3397507991116868,0.4360531068488705,0.812434540194608,0.1453115945462286,14.520971996292019
idle,anu,swipe_left,0.08281826972961426,0.06336697936058044,-0.37667132075876,-0.2146039605140686,-0.09262248873710632,-0.31080425437539816,0.0818338394165039,-0.14302954077720642,-0.23684909101575613,-0.10656052827835083,-0.14135977625846863,-0.16034348960965872,0.06265485286712646,-0.36700382828712463,-0.2981885438784957,-0.06503802537918091,-0.3566487431526184,-0.23819953855127096,-0.0038061178091801182,0.00660256905989224,-0.2924596015928416,-0.600353334889277,-1.237834041768874,0.08924493114605236,0.3120116612137444,0.43793280503034454,0.48500269796157036,0.5763728333360124,12.223854450383339
idle,anu,swipe_left,0.0829959511756897,0.06295815110206604,-0.37685818038880825,-0.2246718406677246,-0.1338963806629181,-0.3137213345617056,0.08177289366722107,-0.1428041160106659,-0.23702471517026424,-0.11387363076210022,-0.1516842544078827,-0.16177292726933956,0.06262803077697754,-0.3667784035205841,-0.2999571617692709,-0.06519630551338196,-0.35644635558128357,-0.23294085822999477,0.005384286244710372,-0.012388735106497297,-0.005662413031765999,-0.3050872773835202,-1.2507239977518916,-0.08839636928204475,0.2854582684129279,0.43703789907173574,0.24392834390605256,0.4345763810468232,10.449257656948236
idle,anu,swipe_left,0.0842813104391098,0.06335288286209106,-0.37791081238538027,-0.23343339562416077,-0.17509382963180542,-0.3136872248724103,0.08184729516506195,-0.14240938425064087,-0.23962945211678743,-0.12274815142154694,-0.16586601734161377,-0.16173881758004427,0.06295458972454071,-0.36616164445877075,-0.2999230520799756,-0.06526459753513336,-0.3563632667064667,-0.23071581590920687,0.03895028070969867,0.011961568485606347,-0.031897939290059935,-0.2655016653465402,-1.24840754451169,0.0010336269483421396,0.2608133588860275,0.4370579469058466,0.21267209882033458,3.256013184506705,2.96445283134628
idle,anu,swipe_left,0.08703544735908508,0.06485572457313538,-0.37791081238538027,-0.2455223798751831,-0.20867720246315002,-0.3136872248724103,0.0825011134147644,-0.14080074429512024,-0.23962945211678743,-0.13306082785129547,-0.17946502566337585,-0.1603121804073453,0.06318223476409912,-0.364640474319458,-0.2995757358148694,-0.06529214978218079,-0.35737985372543335,-0.228226606734097,0.08345869454470681,0.04554065791043441,0.0,-0.3663328560915919,-1.0176779645862164,0.0,0.2487949589207776,0.4372325980935039,0.3599689772899464,1.8325791895596522,7.630356972895281
idle,anu,swipe_left,0.08817525207996368,0.06802380084991455,-0.37794492207467556,-0.2630205824971199,-0.2376176118850708,-0.3152784463018179,0.08129270374774933,-0.13753753900527954,-0.23966356180608273,-0.1464281529188156,-0.1874833106994629,-0.15871519409120083,0.06242598593235016,-0.3610250651836395,-0.29819134436547756,-0.0670018345117569,-0.35436058044433594,-0.2215541359037161,0.03453953699632179,0.09600231141755228,-0.0010336269483421953,-0.5302485643011235,-0.876982103694583,-0.048218831194170364,0.24665059624776617,0.4371573942062931,0.604628027686366,0.3597744336765339,6.707090963554302
idle,anu,swipe_left,0.08949500322341919,0.06978759169578552,-0.3768553799018264,-0.26786042749881744,-0.26401370763778687,-0.315275645814836,0.0810607373714447,-0.13629773259162903,-0.23966076131910086,-0.15541972219944,-0.20176133513450623,-0.15871239360421896,0.0626203715801239,-0.35884708166122437,-0.29813975747674704,-0.06814903020858765,-0.35387903451919556,-0.20829064305871725,0.03999245889259171,0.05344820745063636,0.03301642948027866,-0.14666196974841264,-0.7998816894762572,8.486324187481177e-05,0.24373389177101568,0.43663036798143234,0.18335434892889502,0.7482329635949647,11.946329176709868
idle,anu,swipe_left,0.09177374839782715,0.07029202580451965,-0.37389729265123606,-0.27506430447101593,-0.2853979170322418,-0.3152683461084962,0.0804787278175354,-0.1362246572971344,-0.23539399448782206,-0.16444718837738037,-0.2120783030986786,-0.15870509389787912,0.062107980251312256,-0.3574053645133972,-0.28365702275186777,-0.06965160369873047,-0.3541826903820038,-0.20160167757421732,0.06905288407296584,0.015285882082851872,0.0896390075936428,-0.21829930218782465,-0.6480063452864893,0.000221203222419268,0.24463408229235808,0.4381191867471569,0.33687782056129745,4.517133297602015,5.08856783829991
idle,anu,swipe_left,0.09209239482879639,0.0706380307674408,-0.3503882996737957,-0.2785797268152237,-0.2894020974636078,-0.31531165167689323,0.08030357956886292,-0.1360549032688141,-0.22142766043543816,-0.17234668135643005,-0.21890896558761597,-0.15963010117411613,0.061439573764801025,-0.35607093572616577,-0.2744746617972851,-0.07118627429008484,-0.3542379140853882,-0.20164498314261436,0.009655952453613436,0.010484998876398427,0.712393726589113,-0.10652794982447938,-0.12133880095048577,-0.001312289951425631,0.24522609731223916,0.4344916776428165,0.8779308107481523,0.9208424078078785,16.31513263392607
idle,anu,swipe_left,0.09223528206348419,0.07130792737007141,-0.3460304387845099,-0.28141900151968,-0.29199162125587463,-0.3062853761948645,0.07986079156398773,-0.13549599051475525,-0.22004766250029206,-0.17749744653701782,-0.22679057717323303,-0.1596372672356665,0.060643717646598816,-0.35524988174438477,-0.2734902151860297,-0.07265184819698334,-0.354876309633255,-0.20048826420679688,0.004329916202660832,0.020299897049412905,0.13205639058442037,-0.08603862740776892,-0.07847041794748143,0.2735234994554202,0.2423452851693185,0.43383369566983676,1.0964326841315903,0.21328693959295023,8.451896062196104
idle,anu,swipe_left,0.09364284574985504,0.07149961590766907,-0.34511478524655104,-0.28318585455417633,-0.30198243260383606,-0.3062299070879817,0.08010436594486237,-0.1353723108768463,-0.2198799578472972,-0.18007969856262207,-0.23742973804473877,-0.15980890672653913,0.06076522171497345,-0.35449859499931335,-0.2711441395804286,-0.07326464354991913,-0.3577273190021515,-0.20043279509991407,0.042653445041539284,0.005808743563565121,0.027747076907843202,-0.05354100104534062,-0.30275185902912266,0.0016808820267517725,0.2415935348763925,0.43362088312071867,0.17684721860938846,7.3417087303187625,10.724733014856533
idle,anu,swipe_left,0.09434187412261963,0.07164517045021057,-0.3451291797682643,-0.2844536304473877,-0.3255992829799652,-0.30624430160969496,0.08006227016448975,-0.13506892323493958,-0.21989435236901045,-0.18172287940979004,-0.24631300568580627,-0.16417093854397535,0.060802847146987915,-0.3536563813686371,-0.2708968399092555,-0.07390716671943665,-0.3586796224117279,-0.20113446097820997,0.021182677962563592,0.0044107437133789765,-0.0004361976276744565,-0.038417451309435906,-0.7156621326099857,-0.0004361976276744565,0.2376388033189071,0.43303200411855874,0.053680914328127376,4.801429851495084,12.520986892995674
idle,anu,swipe_left,0.09427809715270996,0.07163047790527344,-0.3450929708778858,-0.2853585332632065,-0.32561957836151123,-0.30587999895215034,0.08005627989768982,-0.13482046127319336,-0.21997037902474403,-0.18275295197963715,-0.2504445016384125,-0.16652949526906013,0.06092002987861633,-0.353197306394577,-0.27086063101887703,-0.0745125412940979,-0.3592098355293274,-0.20157486572861671,-0.001932635451808151,-0.0004452286344586068,0.0010972391023780536,-0.027421297449054576,-0.0006150115620006312,0.011039474471049051,0.23762133431747354,0.43255271036756504,44.51425775191291,4.331043107874393,21.67344652916528
idle,anu,swipe_left,0.09412440657615662,0.07199719548225403,-0.3459521420300007,-0.28586436063051224,-0.3256572186946869,-0.30587898567318916,0.08031710982322693,-0.13442322611808777,-0.22135652974247932,-0.1829066425561905,-0.25153520703315735,-0.16659465804696083,0.061508625745773315,-0.3529318571090698,-0.27085961773991585,-0.07451334595680237,-0.359721839427948,-0.2035011537373066,-0.0046572901985860275,0.01111265384789627,-0.02603548945802532,-0.01532810203956777,-0.0011406161568381138,3.0705423066109155e-05,0.23729911559295677,0.4327440075836899,13.426668804356598,0.4190602174880242,0.49581779970015055
idle,anu,swipe_left,0.09412440657615662,0.07214394211769104,-0.3536809771321714,-0.2889905869960785,-0.3260263502597809,-0.3058673827908933,0.08067324757575989,-0.13414660096168518,-0.22591418912634254,-0.1829066425561905,-0.25246092677116394,-0.16909655323252082,0.06208837032318115,-0.35296571254730225,-0.27110970905050635,-0.07446455955505371,-0.36029964685440063,-0.20579610159620643,0.0,0.004446867740515578,-0.23420712430820695,-0.09473413228988799,-0.011185805002848485,0.0003516024938135492,0.23918682369444222,0.43423788459876,8.46838147851562,0.0,2.425440316541827
idle,anu,swipe_left,0.09412440657615662,0.07170358300209045,-0.36384291760623455,-0.2901121824979782,-0.3257770240306854,-0.3062008749693632,0.08067324757575989,-0.13465562462806702,-0.2357280980795622,-0.1829066425561905,-0.25333377718925476,-0.17499023489654064,0.0624101459980011,-0.35372093319892883,-0.2784258257597685,-0.07420545816421509,-0.3614485263824463,-0.21614247374236584,0.0,-0.013344215624260393,-0.30793759012313093,-0.03398774248181022,0.00755534027562009,-0.01010582358999702,0.23664041354791895,0.4350722846704879,4.497910528390162,0.0,1.9523036618384022
idle,anu,swipe_left,0.09392714500427246,0.07276220619678497,-0.3850628905929625,-0.29281772300601006,-0.32476265728473663,-0.32828264171257615,0.0806703269481659,-0.13439439237117767,-0.2600527280010283,-0.18270529806613922,-0.2535044997930527,-0.2070553475059569,0.0625273585319519,-0.35378409922122955,-0.3043489926494658,-0.07389384508132935,-0.3619982749223709,-0.24567111069336534,-0.005977623390429043,0.03207949074831927,-0.6430294844463118,-0.08198607600096632,0.03073838624087296,-0.6691444467640391,0.23693632183304997,0.43524984845201115,2.667134449547097,0.1863320432759345,20.036083163539384
swipe_left,anu,swipe_left,0.09368295967578888,0.07363267242908478,-0.3877146476879716,-0.2928033135831356,-0.320388600230217,-0.332028710283339,0.08068473637104034,-0.1330045908689499,-0.2671469384804368,-0.18146954476833344,-0.25312913954257965,-0.20707810763269663,0.06265278160572052,-0.3534441143274307,-0.3143372470512986,-0.07333524525165558,-0.3620207756757736,-0.25263520423322916,-0.0073995554085931,0.026377764615144596,-0.08035627560633297,0.00043664917801364056,0.1325471834702875,-0.11351722941705245,0.23707129698132928,0.4344441237507134,0.0032942675378989372,0.2805118251953642,17.298761386998148
swipe_left,anu,swipe_left,0.09342040121555328,0.07363267242908478,-0.40189300710335374,-0.29279109463095665,-0.3166814595460892,-0.3320330553688109,0.08065934479236603,-0.13294528424739838,-0.2781728678382933,-0.1805204451084137,-0.25312913954257965,-0.2085322909988463,0.06270842254161835,-0.3532927483320236,-0.3270079963840544,-0.07247449457645416,-0.3620210438966751,-0.2564831250347197,-0.00795631697683636,0.0,-0.42964725501158707,0.0003702712781501598,0.11233759648872323,-0.00013166925672329044,0.23728226680926987,0.43452998211463756,0.003296029056116331,7956.3169768363605,3.4900773768346416
swipe_left,anu,swipe_left,0.09295892715454102,0.07369112968444824,-0.4025240819901228,-0.2927934192121029,-0.31598520278930664,-0.33202571980655193,0.08057262003421783,-0.1328781247138977,-0.27816553227603436,-0.1790754497051239,-0.25256893038749695,-0.20852495543658733,0.06274262070655823,-0.35308489203453064,-0.32700066082179546,-0.07158640027046204,-0.36196258664131165,-0.25647578947246075,-0.013984062454917437,0.0017714319807110694,-0.019123481417244435,-7.044185291637186e-05,0.021098689599470994,0.00022228976542299799,0.238231519804597,0.43445895667439666,0.003338525554335072,7.8897597239851605,2.764868419779733
swipe_left,anu,swipe_left,0.0924774557352066,0.07375103235244751,-0.40251868357881904,-0.2918550595641136,-0.3159253001213074,-0.32826990773901343,0.0804658979177475,-0.13281822204589844,-0.2781601338647306,-0.17765045166015625,-0.25200727581977844,-0.20851955702528358,0.06275682151317596,-0.35287559032440186,-0.3269952624104917,-0.07071830332279205,-0.3619147539138794,-0.256470391061157,-0.014590043010133133,0.0018152323636141002,0.00016358822132601263,0.02843514084815871,0.0018152323636141002,0.11381248689510175,0.23700562317431748,0.4342779967027838,15.656113952058396,8.033136784932394,3.596645826992677
swipe_left,anu,swipe_left,0.09081105887889862,0.07423508167266846,-0.40248401649296284,-0.2874292880296707,-0.31523793935775757,-0.3359993416815996,0.0799686461687088,-0.13213086128234863,-0.2781254667788744,-0.16886310279369354,-0.2502438724040985,-0.20848488993942738,0.06289122998714447,-0.35171186923980713,-0.3269605953246355,-0.06929020583629608,-0.36123934388160706,-0.2564357239753008,-0.05049687443357606,0.014668161218816818,0.0010505177532181764,0.1341142889225143,0.02082911404696411,-0.23422527098746385,0.23670901474352168,0.43349061002742406,6.438480779324434,3.442383220166765,11.037122889460791
swipe_left,anu,swipe_left,0.08930617570877075,0.07319220900535583,-0.40248401649296284,-0.27010394632816315,-0.315141886472702,-0.3359993416815996,0.07881820201873779,-0.1320348083972931,-0.2730653006583452,-0.15734422206878662,-0.25014781951904297,-0.17543026991188526,0.06294187903404236,-0.3516158163547516,-0.3232394177466631,-0.06736689805984497,-0.3611675798892975,-0.24533607251942158,-0.045602520306905835,-0.03160220203977693,0.0,0.5250103545911468,0.002910693486531622,0.0,0.22680499017923383,0.43293953501611376,180.3109966827358,1.4429715143898665,13.819719528999
swipe_left,anu,swipe_left,0.08752979338169098,0.07174548506736755,-0.339912386611104,-0.24377243220806122,-0.3186562955379486,-0.3359993416815996,0.07797347009181976,-0.1319396197795868,-0.20009772665798664,-0.14376138150691986,-0.2499975562095642,-0.17543026991188526,0.06318201124668121,-0.3515206277370453,-0.25245741195976734,-0.06518538296222687,-0.36203619837760925,-0.18162919767200947,-0.053829767487263806,-0.04384011933297656,1.8961099964198926,0.7979246703060888,-0.10649724440140754,0.0,0.24001102368485924,0.43289189104754294,7.492373933401131,1.2278374344966587,8.90993196375544
swipe_left,anu,swipe_left,0.08634515106678009,0.07245868444442749,-0.3153817970305681,-0.2107003629207611,-0.32570475339889526,-0.3906491119414568,0.07772751152515411,-0.13121533393859863,-0.17953559942543507,-0.12429489195346832,-0.24909037351608276,-0.17543026991188526,0.06360860168933868,-0.35079482197761536,-0.22784955985844135,-0.06251363456249237,-0.3645283579826355,-0.14523440785706043,-0.0358982519669972,0.021612102335149937,0.7433511994101903,1.002183917796989,-0.21358963214990204,-1.6560536442381226,0.28930080489904236,0.43280754836359375,4.692078054685642,1.6609485954552188,50.667756732996956
swipe_left,anu,swipe_left,0.08587764203548431,0.07221251726150513,-0.2281420228537172,-0.17535623908042908,-0.3342991769313812,-0.5404651758726686,0.07649098336696625,-0.13129812479019165,-0.09169541276060045,-0.10755909979343414,-0.24909037351608276,-0.17535501695238054,0.06390942633152008,-0.35078608989715576,-0.1339173463638872,-0.05990622937679291,-0.36891257762908936,-0.09351719147525728,-0.014166940342296479,-0.007459611603708097,2.643629520510676,1.0710340557676543,-0.260437076742003,-4.5398807251883095,0.46291391532912296,0.43392247443408155,4.112432671773451,1.898897985153815,87.4251281788296
swipe_left,anu,swipe_left,0.08480420708656311,0.07157295942306519,-0.10608636791585013,-0.13316351175308228,-0.3438429832458496,-0.6316287090885453,0.0757417380809784,-0.13165652751922607,-0.034521939407568425,-0.09492760896682739,-0.24927327036857605,-0.24309104884741828,0.06415283679962158,-0.35078608989715576,-0.08777176047442481,-0.059662818908691406,-0.37157317996025085,-0.09362670237896964,-0.032528331785491534,-0.01938054055878641,3.6986562102384553,1.2785674947681054,-0.289206251953592,-2.7625313095720645,0.5437071591233237,0.42326005065815353,4.420938569594625,1.6783150795897472,54.23200119035249
swipe_left,anu,swipe_left,0.08287999033927917,0.07120376825332642,-0.10618038242682815,-0.09076523780822754,-0.3551204204559326,-0.6317227235995233,0.07577124238014221,-0.1316623091697693,-0.03461595391854644,-0.08170691132545471,-0.24935981631278992,-0.32529682433232665,0.06428048014640808,-0.35080036520957947,-0.08360485499724746,-0.05881139636039734,-0.3718671202659607,-0.09372071688994765,-0.05830959840254129,-0.011187611204204714,-0.0028489245750912035,1.2847961801470644,-0.34174052151765394,-0.0028489245750912035,0.5392102179682156,0.4230166484642378,3.759555392746426,5.211513505861064,83.6421029654734
swipe_left,anu,swipe_left,0.08117544651031494,0.07034605741500854,-0.10621721856296062,-0.05493974685668945,-0.3713081479072571,-0.6317595597356558,0.07497939467430115,-0.13370263576507568,-0.03465279005467892,-0.07207539677619934,-0.26294687390327454,-0.3576954957097769,0.0622732937335968,-0.3511491119861603,-0.08364169113337994,-0.05850142240524292,-0.3726022243499756,-0.09375755302608013,-0.05165284330194729,-0.025991237524784386,-0.0011162465494690696,1.0856209379254138,-0.4905371954946885,-0.0011162465494690696,0.5380153523739662,0.4225223350863693,2.2131221338036844,1.9872411235352376,7.534081088332406
swipe_left,anu,swipe_left,0.08285099267959595,0.06854915618896484,-0.10611785110086203,-0.02061086893081665,-0.37279781699180603,-0.6316601922735572,0.07660818099975586,-0.13574957847595215,-0.03455342259258032,-0.06407320499420166,-0.26558172702789307,-0.35797330643981695,0.0631653368473053,-0.3527415990829468,-0.08354232367128134,-0.05919143557548523,-0.3737187087535858,-0.11588276829570532,0.05077412634184947,-0.05445155230435545,0.0030111352151090927,1.0402690280567681,-0.04514148741057497,0.0030111352151090927,0.5172191597857618,0.42235421148823515,23.044122903450756,0.9324471341224576,13.56720400817262
swipe_left,anu,swipe_left,0.0833243578672409,0.0684857964515686,-0.10211411910131574,0.02503947913646698,-0.38333651423454285,-0.5979191740043461,0.07683022320270538,-0.1358129382133484,-0.05239630537107587,-0.052594855427742004,-0.2872433662414551,-0.37444905238226056,0.06326262652873993,-0.3550548553466797,-0.08363552438095212,-0.05995576083660126,-0.3765641450881958,-0.1253247340209782,0.01434439962560426,-0.0019199920423102373,0.12132521210745872,1.3833438808267242,-0.31935446190110356,1.022455099066963,0.4802244896973987,0.42441797234898365,4.331674406292483,7.4671832624321,33.63717041642279
swipe_left,anu,swipe_left,0.08335286378860474,0.06800109148025513,-0.10216507548466325,0.055952996015548706,-0.404327392578125,-0.5854590558446944,0.0767996609210968,-0.1366608738899231,-0.05244726175442338,-0.03425958752632141,-0.31175944209098816,-0.40437728399410844,0.06367895007133484,-0.35548287630081177,-0.09099385375156999,-0.06014794111251831,-0.37967121601104736,-0.1707270168699324,0.0008638157989039703,-0.014688029433741949,-0.0015441328287124879,0.9367732387600672,-0.6360872225328027,0.3775793381712714,0.4313815234767082,0.42408788009510506,1.4727096109875832,0.058806866907061404,25.63446025966666
swipe_left,anu,swipe_left,0.08289414644241333,0.06749209761619568,-0.10213684849441051,0.07479727268218994,-0.40979090332984924,-0.5714885275810957,0.07690587639808655,-0.13743510842323303,-0.05241903476417065,-0.026004821062088013,-0.3210087716579437,-0.40588980726897717,0.06365519762039185,-0.35591259598731995,-0.0933761429041624,-0.06034395098686218,-0.3815012574195862,-0.1972243022173643,-0.013900525642164048,-0.015424056486650193,0.0008553633409919297,0.5710386868679254,-0.16556093187043425,0.4233493413211789,0.39891999797905686,0.4239320955998759,3.4490941269929722,0.9011652990829844,18.112282330051006
swipe_left,anu,swipe_left,0.08273035287857056,0.06611278653144836,-0.09248739667236805,0.08860889077186584,-0.4139118492603302,-0.5637225601822138,0.0769960880279541,-0.13881441950798035,-0.05240894295275211,-0.01825091242790222,-0.32238808274269104,-0.41442970372736454,0.06365558505058289,-0.35729190707206726,-0.09336605109274387,-0.06030645966529846,-0.3830644488334656,-0.21923872269690037,-0.004963441328568971,-0.04179730559840413,0.29240763097098843,0.41853388150533705,-0.12487714940851584,0.23533234542066775,0.37655870458339774,0.4238350544336429,3.351538147287726,0.11874742905268573,7.438963547480164
swipe_left,anu,swipe_left,0.08259464800357819,0.06533029675483704,-0.08278953190892935,0.0936720222234726,-0.4181612432003021,-0.5551585173234344,0.07679210603237152,-0.13959690928459167,-0.04117169138044119,-0.01133035123348236,-0.32317057251930237,-0.4155556773766875,0.06305946409702301,-0.35799640417099,-0.09336314257234335,-0.06029708683490753,-0.3845432698726654,-0.22152023669332266,-0.004112268939162589,-0.02371181141246359,0.29387468980116166,0.15342822580625934,-0.12876951333247766,0.25951645026603354,0.36898666232901456,0.42390909446421293,1.1914857045736624,0.173419712560998,8.067724705088725
swipe_left,anu,swipe_left,0.0825309157371521,0.06503689289093018,-0.07549429219216108,0.09375688433647156,-0.418454647064209,-0.5420551402494311,0.07603102922439575,-0.14027923345565796,-0.03467957954853773,-0.011245489120483398,-0.32346397638320923,-0.4155538184568286,0.06259700655937195,-0.35826191306114197,-0.09336128365248442,-0.0602206289768219,-0.386149525642395,-0.22151837777346373,-0.0019312808007905286,-0.00889102617899591,0.22106787020510246,0.0025715791817867806,-0.00889102617899591,0.39707203254555845,0.3570665366213955,0.42414439668513987,0.2892005860105513,0.2171924330758785,7.174213959768781
swipe_left,anu,swipe_left,0.08260113000869751,0.06489479541778564,-0.0755362706258893,0.09385272860527039,-0.41853177547454834,-0.5420971186831594,0.07536062598228455,-0.14035636186599731,-0.03472155798226595,-0.01114964485168457,-0.32000604271888733,-0.4155957968905568,0.06237220764160156,-0.3583390414714813,-0.08956802356988192,-0.06013846397399902,-0.38654401898384094,-0.22156035620719194,0.002127705198345796,-0.0043059840346828335,-0.0012720737493399621,0.002904371781782717,-0.0023372245557380816,-0.0012720737493399621,0.3570438629298495,0.42394926592556553,1.242126969651093,0.49401278974150653,12.072671370448262
swipe_left,anu,swipe_left,0.08260317146778107,0.06471484899520874,-0.0755362706258893,0.09385581314563751,-0.41871172189712524,-0.5405923398211598,0.07519979774951935,-0.14053630828857422,-0.03472155798226595,-0.011146560311317444,-0.31753847002983093,-0.4144669147208333,0.06237529218196869,-0.3585189878940582,-0.08928016293793917,-0.06013612449169159,-0.38672396540641785,-0.22156035620719194,6.186239647142581e-05,-0.0054529218962696205,0.0,9.347092021594993e-05,-0.0054529218962696205,0.04559935945452893,0.3556938852317691,0.42393978624835066,0.017138294605920607,0.011342736043531998,1.426027245342483
swipe_left,anu,swipe_left,0.0826144814491272,0.06471484899520874,-0.0755362706258893,0.08294573426246643,-0.4186325967311859,-0.5405923398211598,0.07521110773086548,-0.14053630828857422,-0.03472155798226595,-0.015218079090118408,-0.31120264530181885,-0.4100133450701833,0.06238660216331482,-0.3585189878940582,-0.08928016293793917,-0.06021195650100708,-0.38672396540641785,-0.2161768050864339,0.00034272670745850157,0.0,0.0,-0.33060845100518954,0.0023977323011918883,0.0,0.3560305104270819,0.42393978624835066,137.82632219565141,342.7267074585016,10.118884486439699
swipe_left,anu,swipe_left,0.08261552453041077,0.06471484899520874,-0.10584751050919294,0.07246094942092896,-0.4170868992805481,-0.542115512304008,0.07521110773086548,-0.14052623510360718,-0.05929593648761511,-0.019001871347427368,-0.28575873374938965,-0.40418392699211836,0.06238660216331482,-0.3588167428970337,-0.08929855655878782,-0.06021195650100708,-0.38672396540641785,-0.2108261166140437,3.160852374452584e-05,0.0,-0.9185224207061856,-0.31772075277386796,0.04683931668599521,-0.04615674190449066,0.35815732774276365,0.42433723205460494,6.783061585680169,31.608523744525836,1.9805278005501872
swipe_left,anu,swipe_left,0.08264115452766418,0.06613892316818237,-0.10639500431716442,0.06481114029884338,-0.4021311104297638,-0.5420968439429998,0.07521110773086548,-0.1396312117576599,-0.059943852946162224,-0.02766481041908264,-0.25127702951431274,-0.365598788484931,0.06388753652572632,-0.35878118872642517,-0.0895677488297224,-0.06021195650100708,-0.38275739550590515,-0.18344015441834927,0.0007766665834368787,0.043153762817381175,-0.01659072145368051,-0.23181239763894793,0.4532057227510223,0.0005657079093383806,0.3803166266470049,0.42566648471300633,0.5114937312311196,0.017997239070077,12.665683910577785
swipe_left,anu,swipe_left,0.08261948823928833,0.06895104050636292,-0.1155344070866704,0.050235360860824585,-0.3751417398452759,-0.5467096464708447,0.07584249973297119,-0.13732144236564636,-0.06536652613431215,-0.04021558165550232,-0.21983426809310913,-0.3542835908010602,0.06523829698562622,-0.3574393093585968,-0.10148656088858843,-0.060463011264801025,-0.378680020570755,-0.17996857035905123,-0.0006565541932077223,0.08521567691456323,-0.27695159907594313,-0.4416902860005767,0.817859714681465,-0.1397818947831812,0.3831000729958063,0.4269756178637887,0.5400556330335579,0.007704527059485929,13.440297924415585
swipe_left,anu,swipe_left,0.08271627128124237,0.07292205095291138,-0.12521209148690104,0.029555276036262512,-0.33786362409591675,-0.5555016505531967,0.07588900625705719,-0.13300275802612305,-0.06791720865294337,-0.0567372590303421,-0.20552301406860352,-0.35417164443060756,0.06503884494304657,-0.35347622632980347,-0.12200507847592235,-0.06021668016910553,-0.37462127208709717,-0.17993181524798274,0.00293281945315279,0.12033364989540986,-0.2932631636433576,-0.6266692371079516,1.129639871192719,-0.2664243661318807,0.38789538537854196,0.42677660105031756,0.5547508532037176,0.024372194174345305,11.636615918046358
swipe_left,anu,swipe_left,0.08332577347755432,0.07347404956817627,-0.16597098857164383,0.016406923532485962,-0.3071430027484894,-0.5584632530808449,0.07620680332183838,-0.13121378421783447,-0.10530956834554672,-0.07145136594772339,-0.18492287397384644,-0.35262931138277054,0.0647004246711731,-0.3534361720085144,-0.16654782742261887,-0.05930855870246887,-0.3741666376590729,-0.17990072816610336,0.01846976352460486,0.016727230765603073,-1.2351180934770738,-0.3984349243568715,0.930927919619026,-0.08974553114085629,0.3918348978288218,0.4273167135133828,0.427997149900475,1.1041074088111433,10.618726287971405
swipe_left,anu,swipe_left,0.08390657603740692,0.07404720783233643,-0.17389945010654628,0.0014516860246658325,-0.2509809732437134,-0.5583578131627291,0.07806874811649323,-0.12726455926895142,-0.10520412842743099,-0.08331795036792755,-0.17051255702972412,-0.3487412116955966,0.06702421605587006,-0.353412389755249,-0.17827145080082119,-0.058618828654289246,-0.3724799156188965,-0.17979528824798763,0.017600077571290246,0.017368432247276803,-0.2402564101485501,-0.4531890153884716,1.7018796819628446,0.003195149033810032,0.40209457221144745,0.42781518911599836,0.26628718463728684,1.0132788061653313,23.589748134704365
swipe_left,anu,swipe_left,0.08438758552074432,0.0754787027835846,-0.19150398415513337,-0.011133328080177307,-0.214591383934021,-0.5581145707983524,0.08056692779064178,-0.12382075190544128,-0.1049608860630542,-0.08804254233837128,-0.16374757885932922,-0.34830648940987885,0.06862960755825043,-0.3505585193634033,-0.18940581125207245,-0.05866251885890961,-0.37002936005592346,-0.20977286738343537,0.014576044949618484,0.04337863488630884,-0.5334707287450716,-0.38136406378313153,1.1027148275664533,0.007370980738690523,0.38439814090986474,0.4263337083244996,0.3458407454119446,0.33601124093874907,18.286938139233975
swipe_left,anu,swipe_left,0.0849076509475708,0.0755055844783783,-0.19174352032132447,-0.01611912250518799,-0.16768041253089905,-0.5581145707983524,0.08197861909866333,-0.12372419238090515,-0.1049608860630542,-0.08807781338691711,-0.16377755999565125,-0.3181981269735843,0.06888893246650696,-0.3495614230632782,-0.18985314411111176,-0.058693915605545044,-0.3694075345993042,-0.218438831390813,0.015759558388681375,0.0008145968119303515,-0.0072586717027607545,-0.15108467954578061,1.421544587973415,0.0,0.39734877969813626,0.42537293492229894,0.10628197985628451,19.322731720078345,11.92012528680087
swipe_left,anu,swipe_left,0.08535601198673248,0.07490760087966919,-0.19233469408936799,-0.026720747351646423,-0.12134957313537598,-0.48722688597626984,0.08268488943576813,-0.12432420253753662,-0.10474809003062546,-0.08797945082187653,-0.16062825918197632,-0.28278477233834565,0.06898729503154755,-0.3499291241168976,-0.19106423598714173,-0.05850230157375336,-0.3687591254711151,-0.21867552143521607,0.013586698156414095,-0.018120715112396477,-0.017914356607378657,-0.3212613589835768,1.4039648301673127,2.1481116612751463,0.36652610981020917,0.4251538449365794,0.22882420076084872,0.7497468132649252,65.300413780211
swipe_left,anu,swipe_left,0.08595137298107147,0.07545328140258789,-0.19889529910869896,-0.04149217903614044,-0.07641804218292236,-0.34931256738491356,0.08239449560642242,-0.1243901252746582,-0.10483682272024453,-0.08829666674137115,-0.16005796194076538,-0.1972775396425277,0.06867007911205292,-0.3500639498233795,-0.19993030396290123,-0.058819517493247986,-0.3688162863254547,-0.2240979161579162,0.018041242252696932,0.016535773421779087,-0.19880621270700252,-0.44761914195437136,1.3615615440137676,4.179221775495711,0.31855247404084264,0.4258692621251844,0.32875400687421175,1.0909771690368837,61.68116592319522
swipe_left,anu,swipe_left,0.08595137298107147,0.07600021362304688,-0.20786843565292656,-0.053551897406578064,-0.029407858848571777,-0.3443812367040664,0.08245618641376495,-0.12437105178833008,-0.10483682272024453,-0.08578379452228546,-0.15681594610214233,-0.1972775396425277,0.06867007911205292,-0.35008320212364197,-0.19993030396290123,-0.058912768959999084,-0.368729829788208,-0.23381471005268395,0.0,0.01657370365027252,-0.2719132286129619,-0.36544601122538833,1.4245510101318586,0.14943426305597718,0.35692169410379426,0.42650760160503737,0.25653399007282446,0.0,122.15507272384718
swipe_left,anu,swipe_left,0.08595137298107147,0.07455605268478394,-0.2134169724304229,-0.06495065987110138,0.015089452266693115,-0.33479639259167016,0.082456573843956,-0.1258833408355713,-0.10483682272024453,-0.08401434123516083,-0.15720927715301514,-0.1972775396425277,0.06866808235645294,-0.351630836725235,-0.202191123040393,-0.05897654592990875,-0.3675359785556793,-0.23593346145935357,0.0,-0.04376245267463287,-0.16813747810594326,-0.34541704437948134,1.3484033671291882,0.29044982158775384,0.3952363716834037,0.4266848913827748,0.2561672542746872,0.0,4.894198397856282
idle,anu,swipe_left,0.08591409027576447,0.07110810279846191,-0.26882310304790735,-0.07371850311756134,0.040091872215270996,-0.3350199619308114,0.08248437941074371,-0.12981224060058594,-0.14960575196892023,-0.08289976418018341,-0.1522160768508911,-0.19750110898166895,0.06862048804759979,-0.35615265369415283,-0.23792426381260157,-0.059313878417015076,-0.36619773507118225,-0.23752921912819147,-0.001129778948697195,-0.10448332988854778,-1.6789736550753132,-0.2656922195897,0.757649089350857,-0.006774828458825855,0.4180707872286111,0.4287255077351436,0.35067932192463813,0.010812903235368567,20.184847279198305
idle,anu,swipe_left,0.08519679307937622,0.06937366724014282,-0.28185803501401097,-0.08348500728607178,0.05899214744567871,-0.3350020727375522,0.0824350118637085,-0.13332700729370117,-0.1640702715376392,-0.082704097032547,-0.14005833864212036,-0.2015339663485065,0.06855106353759766,-0.36000287532806396,-0.25163552968297154,-0.0600104033946991,-0.36409991979599,-0.2589623114326969,-0.021736278678432003,-0.05255865328239756,-0.39499793836678243,-0.29595467177304824,0.5727356130426672,0.0005420967654296932,0.43051132353282523,0.4307606010863689,0.5167378250899431,0.41355445329224744,5.6823108576109105
idle,anu,swipe_left,0.08472394943237305,0.06757307052612305,-0.28913924790799683,-0.0887221097946167,0.06279075145721436,-0.3390830526489026,0.08229401707649231,-0.13567018508911133,-0.16857620276391572,-0.08250468969345093,-0.13797593116760254,-0.20293647743642396,0.06838858127593994,-0.3627179265022278,-0.25494132138669556,-0.06062987446784973,-0.36304932832717896,-0.26328257419049805,-0.014328595363732769,-0.05456353678847891,-0.2206428149692722,-0.1587000760165153,0.11510921247077895,-0.12366605791971011,0.43344510583343304,0.43195680866819863,1.378679377008376,0.2625990470564793,14.959032277905871
idle,anu,swipe_left,0.0837869942188263,0.06761649250984192,-0.3046038970060181,-0.0887221097946167,0.06483891606330872,-0.33948992934892885,0.08229401707649231,-0.13589569926261902,-0.19083224979112856,-0.0823984444141388,-0.13384804129600525,-0.20320642736623995,0.06837710738182068,-0.3635856509208679,-0.2708358987874817,-0.06110522150993347,-0.360610693693161,-0.26348107305238955,-0.028392582228688408,0.001315817688450619,-0.46862573024305054,0.0,0.06206559412406917,-0.012329596970492249,0.4330674418563107,0.4327967546265277,0.0,21.561513395294234,6.090467880269909
idle,anu,swipe_left,0.08145691454410553,0.06802418828010559,-0.3069134221295826,-0.08872388303279877,0.06483891606330872,-0.34259785868925974,0.08229224383831024,-0.13589569926261902,-0.1938419655780308,-0.0815347284078598,-0.1334575116634369,-0.20329798915190622,0.06836698949337006,-0.3636496067047119,-0.27205930807394907,-0.06144179403781891,-0.35900941491127014,-0.26494874217314646,-0.07060847499153944,0.012354417280717527,-0.06998560980498676,-5.3734490365693916e-05,0.0,-0.09417967697972525,0.43176510436300786,0.4332763790942581,53.73449036569392,5.714778658405533,3.112753536848645
idle,anu,swipe_left,0.08036240935325623,0.06846621632575989,-0.3086522798985243,-0.08875775337219238,0.06483891606330872,-0.3409829121083021,0.08224976062774658,-0.13589569926261902,-0.1938620638102293,-0.08045962452888489,-0.13267222046852112,-0.20356632582843304,0.06830066442489624,-0.3638743758201599,-0.2726399879902601,-0.06163850426673889,-0.35874027013778687,-0.2657197695225477,-0.03316682396513096,0.013394789262251634,-0.05269265966489995,-0.0010263739210186747,0.0,0.04893777518053476,0.43106765279560194,0.434005482080915,1026.3739210186748,2.4759141335996286,4.336992642297806
idle,anu,swipe_left,0.08015680313110352,0.06905636191368103,-0.31283754762262106,-0.08673235774040222,0.06483891606330872,-0.3409666186198592,0.08226066827774048,-0.13589569926261902,-0.19887664075940847,-0.07978945970535278,-0.13267222046852112,-0.20364626403898,0.06830945611000061,-0.36388635635375977,-0.27673304732888937,-0.06177496910095215,-0.35854798555374146,-0.27183092292398214,-0.006230491580384914,0.01788319963397334,-0.12682629466959444,0.061375625205760134,0.0,0.0004937420740271873,0.4297197739550034,0.4346070545604375,61375.62520576014,0.3483796707653214,2.3939075254193405
idle,anu,swipe_left,0.07974795997142792,0.0693787932395935,-0.31283778767101467,-0.08463884890079498,0.0645478367805481,-0.3409668586682528,0.08227561414241791,-0.1357405185699463,-0.19887688080780208,-0.07841460406780243,-0.13236600160598755,-0.20364650408737361,0.06832028925418854,-0.3638463318347931,-0.276733287377283,-0.06169019639492035,-0.35829487442970276,-0.27183116297237575,-0.012389186656836505,0.009770646239772144,-7.274193745671012e-06,0.06343966180628097,-0.008820584326079538,-7.274193745671012e-06,0.4290714899580534,0.43487715000353794,7.191413635159869,1.2678709761729359,0.27493044824169866
idle,anu,swipe_left,0.0792970359325409,0.07087525725364685,-0.30861732573248446,-0.0846172571182251,0.06431987881660461,-0.3409479579422623,0.08210667967796326,-0.13445112109184265,-0.19799481541849673,-0.07651996612548828,-0.1308184564113617,-0.20362760336138308,0.06816348433494568,-0.36256906390190125,-0.27475980133749545,-0.061668604612350464,-0.3570054769515991,-0.2718122622463852,-0.01366436481475852,0.04534739436525359,0.1278927860160689,0.0006542964415116848,-0.0069078170891965175,0.0005727492724404282,0.4275762393823957,0.43490719409010414,0.09470455405959781,0.3013197050528496,1.9035506935927944
idle,anu,swipe_left,0.07861088216304779,0.07205042243003845,-0.31281888694502413,-0.08457006514072418,0.06431987881660461,-0.333731951424852,0.08162327110767365,-0.13445112109184265,-0.19805528433062136,-0.07479499280452728,-0.13062629103660583,-0.20362760336138308,0.06794114410877228,-0.3628929853439331,-0.27475980133749545,-0.06162141263484955,-0.3570054769515991,-0.2718122622463852,-0.0207925384694883,0.03561106595126122,-0.1273200367436285,0.0014300599242701903,0.0,0.2186668641639513,0.42646892497929645,0.43673573848892117,1430.0599242701903,0.5838621802493861,6.612268607655824
idle,anu,swipe_left,0.07757653295993805,0.07306864857673645,-0.31281646783463657,-0.0845692902803421,0.06431987881660461,-0.3301329880487174,0.0808405727148056,-0.13445112109184265,-0.1980528652202338,-0.07368452847003937,-0.13062629103660583,-0.19547284836880863,0.06760503351688385,-0.3629013001918793,-0.2747573822271079,-0.06154234707355499,-0.3570054769515991,-0.26518806512467563,-0.031343915245748546,0.030855337778726045,7.330637538071557e-05,2.3480617638789355e-05,0.0,0.10905949624649992,0.42692287188702105,0.4377416144573571,23.480617638789354,1.015801533886457,3.321708872264584
idle,anu,swipe_left,0.07624247670173645,0.07494142651557922,-0.31303634122014046,-0.08588981628417969,0.06431987881660461,-0.32975389435887337,0.08039587736129761,-0.13426360487937927,-0.2026362009346485,-0.07355570793151855,-0.12882879376411438,-0.19072647765278816,0.0671643316745758,-0.3629013001918793,-0.27757440879940987,-0.06149643659591675,-0.3570054769515991,-0.25880544260144234,-0.04042594721823092,0.0567508466316001,-0.0066628298637542915,-0.0400159395102305,0.0,0.011487687571030858,0.427953005822597,0.43937024785341217,40015.9395102305,0.7123283138371268,3.1959876435610584
idle,anu,swipe_left,0.07546235620975494,0.07469838857650757,-0.31308301677927375,-0.08735866844654083,0.06421822309494019,-0.32949253311380744,0.08021031320095062,-0.134182870388031,-0.2011000751517713,-0.07336319983005524,-0.12881237268447876,-0.19059365382418036,0.0667424350976944,-0.3634454607963562,-0.2756397961638868,-0.061327263712882996,-0.35754963755607605,-0.25797554245218635,-0.023640014908530873,-0.0073647860324745195,-0.0014144108828270299,-0.04451067158670207,-0.0030804764140736464,0.007920037729270657,0.42857956351631715,0.4398273121777726,14.444592658056372,3.2094354634123228,0.19736574814353322
idle,anu,swipe_left,0.0750562846660614,0.07476174831390381,-0.31307775201275945,-0.08784687519073486,0.06441587209701538,-0.32871795119717717,0.08029285073280334,-0.13414382934570312,-0.19807272078469396,-0.07309934496879578,-0.129164457321167,-0.18993063690140843,0.06649982929229736,-0.3638486862182617,-0.27477723779156804,-0.06106376647949219,-0.3578244745731354,-0.2567421835847199,-0.012305198293743245,0.0019199920423102373,0.00015953837922124547,-0.014794143763454917,0.005989363699248116,0.023472179291825417,0.42916751553649746,0.44036264101154854,2.469657020209276,6.405647718844623,1.0528736019149938
idle,anu,swipe_left,0.07477763295173645,0.07547801733016968,-0.31307775201275945,-0.08768758177757263,0.06464862823486328,-0.3270197850652039,0.08023622632026672,-0.13392430543899536,-0.19807272078469396,-0.07294005155563354,-0.12919384241104126,-0.18890309752896428,0.06640928983688354,-0.3635390102863312,-0.27417436661198735,-0.060904473066329956,-0.3574802577495575,-0.2566991192288697,-0.008443991343180473,0.021705121705026684,0.0,0.0048270731261283025,0.007053216298421336,0.051459579756766474,0.4287833104708621,0.4408168021971898,0.6842819842664243,0.38901428168188246,1.0362655098706721
