ground_truth,person_id,video_label,left_wrist_x,left_wrist_y,left_wrist_z,right_wrist_x,right_wrist_y,right_wrist_z,left_elbow_x,left_elbow_y,left_elbow_z,right_elbow_x,right_elbow_y,right_elbow_z,left_shoulder_x,left_shoulder_y,left_shoulder_z,right_shoulder_x,right_shoulder_y,right_shoulder_z,left_wrist_x_vel,left_wrist_y_vel,left_wrist_z_vel,right_wrist_x_vel,right_wrist_y_vel,right_wrist_z_vel,right_arm_len,left_arm_len,right_horiz_ratio,left_horiz_ratio,right_wrist_acc
idle,anu,swipe_right,0.247232586145401,-0.26198334991931915,-0.2812809501774609,-0.1312723308801651,0.04592643678188324,-0.38276854204013944,0.1390095055103302,-0.17927305400371552,-0.11030898289754987,-0.09981927275657654,-0.15708212554454803,-0.23124358849599957,0.06708584725856781,-0.3891788572072983,-0.1594107453711331,-0.07205942273139954,-0.38912688195705414,-0.26774632977321744,0.0,0.0,0.0,0.0,0.0,0.0,0.45388067589618136,0.25196009887548365,0.0,0.0,0.0
idle,anu,swipe_right,0.24842076003551483,-0.26045235991477966,-0.28202084358781576,-0.1312953680753708,0.04497602581977844,-0.38674969132989645,0.1396545022726059,-0.1799447238445282,-0.11057852115482092,-0.0998169332742691,-0.1571667492389679,-0.23377791699022055,0.06708328425884247,-0.38869085907936096,-0.1607431536540389,-0.07207410037517548,-0.3885344862937927,-0.269584066234529,0.03600526939738881,0.04639363650119667,-0.02242101243499554,-0.0006980968244148024,-0.028800332184993865,-0.12064088756839436,0.4529528743312897,0.2530546795945747,0.024238351890490898,0.7760653410111342,3.7585739420067137
idle,anu,swipe_right,0.24959249049425125,-0.2580210566520691,-0.282345459330827,-0.13130594044923782,0.04599958658218384,-0.39092643605545163,0.13936243206262589,-0.18094667792320251,-0.11153307231143117,-0.09983270615339279,-0.15592265129089355,-0.23707246081903577,0.06706614047288895,-0.3883949965238571,-0.16405100421980023,-0.07210185378789902,-0.38763703405857086,-0.2717235987074673,0.03550698359807332,0.07367585644577489,-0.009836840697310186,-0.0003203749656677246,0.031016992800163498,-0.12656802198652065,0.45360242401242423,0.2535878758139438,0.010328681411842866,0.4819285907536779,1.8215589758426576
idle,anu,swipe_right,0.25076422095298767,-0.2555897533893585,-0.28198101557791233,-0.13131651282310486,0.04709932208061218,-0.3951031807810068,0.13907036185264587,-0.18194863200187683,-0.11248762346804142,-0.09984847903251648,-0.1546785533428192,-0.240367004647851,0.06704899668693542,-0.38809913396835327,-0.16735885478556156,-0.07212960720062256,-0.386411190032959,-0.2738631311804056,0.03550698359807332,0.07367585644577489,0.011043750088323246,-0.0003203749656677246,0.03332531813419226,-0.12656802198652065,0.45401938674168046,0.2538666171698482,0.009613272140585645,0.4819285907536779,0.06994925254632614
idle,anu,swipe_right,0.25054940581321716,-0.24915528297424316,-0.2805131021887064,-0.1315310001373291,0.04899430274963379,-0.4017105046659708,0.13885554671287537,-0.1835351586341858,-0.11053869314491749,-0.09998348355293274,-0.1527835726737976,-0.24852467514574528,0.06686308979988098,-0.38799989223480225,-0.16735885478556156,-0.07234442234039307,-0.3845162093639374,-0.28673052228987217,-0.006509549690015388,0.1949839519731926,0.04448222391533129,-0.006499615582552823,0.05742365663701837,-0.20022193590799967,0.4523878993203636,0.2565587104672937,0.11318510136920688,0.03338488239292615,2.355816896515708
idle,anu,swipe_right,0.2501610815525055,-0.2403370440006256,-0.28054105676710606,-0.13154169917106628,0.049780696630477905,-0.40510463155806065,0.1384672224521637,-0.18274876475334167,-0.11056664772331715,-0.0994899570941925,-0.1519971787929535,-0.2535222712904215,0.06650349497795105,-0.388383686542511,-0.1786294374614954,-0.07273274660110474,-0.38372981548309326,-0.2879082802683115,-0.011767401839747572,0.26721936283689557,-0.0008471084363532789,-0.0003242131435509884,0.023830117601336853,-0.1028523300633286,0.4529071005967747,0.2569706123738792,0.013604613471119836,0.044036321614195593,3.1268706581108723
idle,anu,swipe_right,0.24958749115467072,-0.2339814305305481,-0.27784915547817945,-0.13030476868152618,0.04990428686141968,-0.40508489590138197,0.13445152342319489,-0.1825832724571228,-0.11054691206663847,-0.09849505126476288,-0.151777982711792,-0.2535025356337428,0.06592990458011627,-0.3885659873485565,-0.17860970180481672,-0.07330633699893951,-0.3829267621040344,-0.2878885446116328,-0.01738152720711448,0.1925943475781065,0.08157276633110913,0.03748274210727576,0.003745158513387044,0.0005980502023841395,0.45202491404616196,0.25975943385832506,10.00564764500213,0.09024894643452096,3.392688165464629
idle,anu,swipe_right,0.24523626267910004,-0.22909149527549744,-0.25358683709055185,-0.12867780029773712,0.04996272921562195,-0.4050830090418458,0.12647609412670135,-0.18284311890602112,-0.10506200138479471,-0.09702305495738983,-0.15162751078605652,-0.25350064877420664,0.06526122987270355,-0.38929566740989685,-0.17860781494528055,-0.07386337220668793,-0.3824148178100586,-0.28788665775209665,-0.13185540835062662,0.14817985621365634,0.7352217693220485,0.049302072236032196,0.0017709804303718336,5.7177561702150285e-05,0.4513202293876529,0.2523454833453392,27.823147135821706,0.8898275507364414,0.3634930108970543
swipe_right,anu,swipe_right,0.2306332290172577,-0.22720521688461304,-0.25358740612864494,-0.12424704432487488,0.051803410053253174,-0.4017174057662487,0.11510589718818665,-0.18244445323944092,-0.1050625704228878,-0.09478428959846497,-0.14904850721359253,-0.24853157624602318,0.06475093960762024,-0.3895677328109741,-0.17860838398337364,-0.07395285367965698,-0.38136687874794006,-0.28673742339015007,-0.44251617157098055,0.05715995123892124,-1.72435785784866e-05,0.1342653325109772,0.05577820720094628,0.10198797804839692,0.4509838146319385,0.24392698555014708,2.407085708968259,7.741581656354043,4.341423284142884
swipe_right,anu,swipe_right,0.20899830758571625,-0.22138148546218872,-0.2535902066156268,-0.11977823078632355,0.05767136812210083,-0.3760222001001239,0.1015230268239975,-0.17843222618103027,-0.10506537090986967,-0.09309442341327667,-0.1431000828742981,-0.23443263303488493,0.06316463649272919,-0.3865526616573334,-0.18973545264452696,-0.07439897954463959,-0.37554314732551575,-0.2794298632070422,-0.6556036797436795,0.17647670977043367,-8.486324187481035e-05,0.13541859207731294,0.17781691117720155,0.7786425959431756,0.44616608161561955,0.2294044608869992,0.7615576585103608,3.7149376008817434,20.835537011697184
swipe_right,anu,swipe_right,0.1893225759267807,-0.2176840901374817,-0.25359302666038275,-0.11855421960353851,0.06136876344680786,-0.37034097220748663,0.09006182849407196,-0.17865842580795288,-0.1050681909546256,-0.09183113276958466,-0.13937729597091675,-0.22780176904052496,0.06274233758449554,-0.38509657979011536,-0.18823300208896399,-0.07448281347751617,-0.3718457520008087,-0.26444518472999334,-0.596234292695017,0.11204228256687983,-8.545590169502034e-05,0.03709124796318288,0.11204228256687983,0.1721584209890078,0.44814174435988047,0.21982136211583111,0.331043924396295,5.321463982806095,18.72466449521605
swipe_right,anu,swipe_right,0.16215577721595764,-0.21363979578018188,-0.4419479640200734,-0.11694931983947754,0.06541305780410767,-0.3162894221022725,0.07434043288230896,-0.17495155334472656,-0.15424625296145678,-0.09113621711730957,-0.13480490446090698,-0.18935125786811113,0.06203463673591614,-0.3816067576408386,-0.17587534803897142,-0.07446631789207458,-0.3678014576435089,-0.2389523359015584,-0.823236324570395,0.12255437446363034,-5.707725374536076,0.04863332618366584,0.12255437446363034,1.6379257607640627,0.44210931538590426,0.3301996063334275,0.3968273639284446,6.717260080786579,44.41971139401696
swipe_right,anu,swipe_right,0.12882155179977417,-0.2175510823726654,-0.5740977600216866,-0.11299833655357361,0.06749370694160461,-0.2528723254799843,0.065060555934906,-0.17328527569770813,-0.23972799628973007,-0.09087908267974854,-0.13172999024391174,-0.13179538398981094,0.061936259269714355,-0.3796413838863373,-0.17593463510274887,-0.07350364327430725,-0.3661109209060669,-0.2031426951289177,-1.0101280429146515,-0.11852383613586435,-4.004539272776159,0.11972676623951314,0.06304997386354394,1.9217302006754025,0.4382303506410695,0.435064112800445,1.8988884533112522,8.52250107105609,9.047371048335641
swipe_right,anu,swipe_right,0.09474463760852814,-0.2266213595867157,-0.690992055577226,-0.10991640388965607,0.06879326701164246,-0.1719696355285123,0.05694867670536041,-0.18015775084495544,-0.2933809441747144,-0.0894075483083725,-0.12980106472969055,-0.06224244285840541,0.06184591352939606,-0.3785206973552704,-0.18528930668253452,-0.07301370799541473,-0.3648616075515747,-0.14727929059881717,-1.032633763371091,-0.27485688527425106,-3.542251380470889,0.09339189890659208,0.03938060818296487,2.4515966651961185,0.4359219796356336,0.5290472616886016,2.3714597553431096,3.7569733986010156,16.09237094121002
swipe_right,anu,swipe_right,0.056011736392974854,-0.23939472436904907,-0.698898759088479,-0.10815504193305969,0.0706835389137268,-0.16821781953331083,0.05462023615837097,-0.1823306679725647,-0.31701370736118406,-0.08907759189605713,-0.1283826231956482,-0.0343188684200868,0.06183779239654541,-0.3788902163505554,-0.1861486550187692,-0.07279706001281738,-0.36367711424827576,-0.1278036799049005,-1.1737242792591913,-0.3870716600707086,-0.23959707609857592,0.05337460474534472,0.05728096672982885,0.11369139379398398,0.43766730124913183,0.5314184833398415,0.9317872236665118,3.0323099519474743,70.85806805030636
swipe_right,anu,swipe_right,0.033784061670303345,-0.24940165877342224,-0.7041710778139532,-0.10750478506088257,0.07134479284286499,-0.16818788787350059,0.054082632064819336,-0.18259650468826294,-0.3560896082781255,-0.0878024697303772,-0.1278538703918457,-0.034288936760276556,0.0646238923072815,-0.3786486089229584,-0.1864143772982061,-0.07144910097122192,-0.36333850026130676,-0.11396777769550681,-0.6735659006870159,-0.3032404364961569,-0.15976723410527827,0.019704753702337107,0.020037997852672247,0.0009070199942498503,0.43953315916637564,0.5345351908019033,0.9833203160760572,2.2212198585715126,3.7410453322075767
swipe_right,anu,swipe_right,0.009356498718261719,-0.25605833530426025,-0.7041421695612371,-0.10779538750648499,0.0751570463180542,-0.16815897962078452,0.05316340923309326,-0.18307805061340332,-0.3608140214346349,-0.08785715699195862,-0.12783783674240112,-0.03426002850756049,0.0659085214138031,-0.37881648540496826,-0.18638546904549003,-0.07058027386665344,-0.36067238450050354,-0.1079890145920217,-0.7402291803648972,-0.20171747063145476,0.0008760076580625584,-0.00880613471522475,0.11552283258149108,0.0008760076580625584,0.4415344631423646,0.5351071814282238,0.07622786154547685,3.6696152714607697,3.019712612788244
swipe_right,anu,swipe_right,-0.017192259430885315,-0.2745863199234009,-0.7041510445997119,-0.10808439552783966,0.07969102263450623,-0.16816785465925932,0.052816346287727356,-0.1850481927394867,-0.3678615791723132,-0.0881461650133133,-0.1248108446598053,-0.03426890354603529,0.06610159575939178,-0.3796333074569702,-0.18639434408396482,-0.06990544497966766,-0.35978469252586365,-0.10786238592118025,-0.8045078227014245,-0.5614540793678973,-0.0002689405598423695,-0.008757818828929547,0.13739322171066734,-0.0002689405598423695,0.44523396775223445,0.5348315032150684,0.06374226455732808,1.4328979330050111,0.6636482367196802
swipe_right,anu,swipe_right,-0.042766109108924866,-0.29095035791397095,-0.7028656653128564,-0.10795362293720245,0.08186134696006775,-0.16805984592065215,0.04925934970378876,-0.18662884831428528,-0.36775357043370605,-0.08824224770069122,-0.12358012795448303,-0.03416089480742812,0.06664691865444183,-0.3812139630317688,-0.18628633534535766,-0.0663662999868393,-0.3597264885902405,-0.10290328180417418,-0.7749651417587736,-0.49587993910818345,0.038950887480468425,0.003962805776885058,0.0657674038048946,0.003272992079005094,0.44830201849160634,0.5356985469486351,0.060253944867522224,1.5628048602805926,2.2070546727721156
swipe_right,anu,swipe_right,-0.05924363434314728,-0.30831238627433777,-0.7028656653128564,-0.10795362293720245,0.08098173141479492,-0.16805984592065215,0.045553043484687805,-0.1947474479675293,-0.36775357043370605,-0.08824224770069122,-0.1246175765991211,-0.028657795395702124,0.06696508824825287,-0.3839171528816223,-0.18628633534535766,-0.06634555757045746,-0.3614174425601959,-0.10192242031916976,-0.4993189464915895,-0.5261220715262687,0.0,0.0,-0.026655016523419072,0.0,0.4492465017142695,0.5371209608101,0.0,0.9490535076575882,2.8050066883499327
swipe_right,anu,swipe_right,-0.07038174569606781,-0.3143620491027832,-0.6713941148482263,-0.10795362293720245,0.08035603165626526,-0.16805984592065215,0.04123784601688385,-0.20199856162071228,-0.36775357043370605,-0.08835573494434357,-0.12535646557807922,-0.028657795395702124,0.06714104115962982,-0.3850415050983429,-0.18628633534535766,-0.06625337898731232,-0.36215633153915405,-0.10012616729363799,-0.33751852584607644,-0.18332311601349785,0.9536833474130333,0.0,-0.018960598743323107,0.0,0.44963439216553874,0.5091538668600973,0.0,1.8411027047921262,0.233164175154423
swipe_right,anu,swipe_right,-0.08223435282707214,-0.31783556938171387,-0.6405442408286035,-0.10790735483169556,0.07994958758354187,-0.16205135500058532,0.038149893283843994,-0.20900127291679382,-0.3459318629465997,-0.088442862033844,-0.1257629096508026,-0.027629710268229246,0.06718730926513672,-0.38623911142349243,-0.16947524761781096,-0.06586617231369019,-0.36256277561187744,-0.08217748021706939,-0.35916991306073703,-0.10525819027062609,0.9348446672612962,0.0014020638032393009,-0.012316487052223888,0.18207548242626753,0.4516242780024561,0.498910687429012,0.11382709779152252,3.412242789796265,5.5212745983085
swipe_right,anu,swipe_right,-0.08217313885688782,-0.3178843855857849,-0.6167428591288626,-0.10725566744804382,0.07990077137947083,-0.15640407288447022,0.03676769137382507,-0.20905008912086487,-0.3376390137709677,-0.08839738368988037,-0.12581172585487366,-0.022494195494800806,0.06724852323532104,-0.3864819407463074,-0.16340220952406526,-0.06535464525222778,-0.3631213307380676,-0.07699410105124116,0.0018549687934644279,-0.001479278911243784,0.7212539909012383,0.019748102534900995,-0.001479278911243784,0.17112976109439662,0.45202900598551327,0.4822345925589524,13.340798402854988,1.2531211377630287,0.7259021383888287
swipe_right,anu,swipe_right,-0.08207537233829498,-0.3179452419281006,-0.6071142454165965,-0.10713289678096771,0.07983991503715515,-0.1542363513726741,0.03686545789241791,-0.20911094546318054,-0.3337344427127391,-0.08830253779888153,-0.1260862648487091,-0.021461176918819547,0.06734628975391388,-0.38681113719940186,-0.16341166687197983,-0.06506724655628204,-0.3632901906967163,-0.07456677895970643,0.002962621775540446,-0.001844131585323454,0.2917761730989731,0.003720323244730641,-0.001844131585323454,0.06568853066048855,0.4521958096942107,0.4732243895247347,2.0162915611671477,1.6056425455537875,3.2319110077542255
swipe_right,anu,swipe_right,-0.08206430077552795,-0.3179279565811157,-0.6071302792988718,-0.10601714253425598,0.07982221245765686,-0.1418080679140985,0.036876529455184937,-0.20909366011619568,-0.33375047659501433,-0.0882914662361145,-0.12719789147377014,-0.015252381097525358,0.06733381748199463,-0.38689255714416504,-0.16342770075425506,-0.06336358189582825,-0.3648398518562317,-0.07458281284198165,0.0003355019020311757,0.0005237983934807051,-0.0004858752204613248,0.033810734748840304,-0.0005364418029785152,0.3766146502598665,0.45173323166946217,0.4732313304049631,62.91050409823056,0.639296739850845,9.466105731944701
swipe_right,anu,swipe_right,-0.07822829484939575,-0.31435930728912354,-0.6071302792988718,-0.10575959086418152,0.07961049675941467,-0.1418080679140985,0.03688466548919678,-0.2076503336429596,-0.33375047659501433,-0.08828333020210266,-0.12740960717201233,-0.015252381097525358,0.06730744242668152,-0.3871042728424072,-0.16342770075425506,-0.062543123960495,-0.3664040267467499,-0.07458281284198165,0.11624260382218785,0.1081408876361268,0.0,0.007804596062862505,-0.006415627219460222,0.0,0.45311792406566703,0.47259333368656564,1.2163081625176664,1.0749082188514976,11.441128861450391
swipe_right,anu,swipe_right,-0.07328014075756073,-0.3047899305820465,-0.6071302792988718,-0.1056278795003891,0.07799747586250305,-0.14113629376515746,0.037240371108055115,-0.19724604487419128,-0.33375047659501433,-0.08815072476863861,-0.12741431593894958,-0.013201126363128424,0.06739373505115509,-0.3871089816093445,-0.1801548502407968,-0.06207345426082611,-0.3673813045024872,-0.07458281284198165,0.14994406338894042,0.2899811123356682,0.0,0.003991253448255144,-0.04887942111853409,0.020356792392152778,0.45242525546254203,0.45702689474078884,0.08165341780866475,0.5170803887909231,1.4316744743327783
swipe_right,anu,swipe_right,-0.06619657576084137,-0.2833869755268097,-0.6141871116124094,-0.10508765280246735,0.07704043388366699,-0.1391591033898294,0.04514296352863312,-0.18162715435028076,-0.3396857879124582,-0.08753751218318939,-0.12928473949432373,-0.01187244476750493,0.06774468719959259,-0.3871736228466034,-0.20375724649056792,-0.06164132058620453,-0.36795946955680847,-0.10741877323016524,0.21465348474907134,0.6485743956132363,-0.21384340344053307,0.016370505997628862,-0.029001272085941172,0.05991485985842613,0.44824094681735943,0.4440322108465244,0.5644559829353664,0.33096149838695893,1.3930258549013634
swipe_right,anu,swipe_right,-0.06263735890388489,-0.24851840734481812,-0.6141590622719377,-0.10480391979217529,0.07574087381362915,-0.1348250804003328,0.062227845191955566,-0.16997480392456055,-0.33965773857198656,-0.08718854188919067,-0.13131046295166016,-0.005324482219293714,0.0677294135093689,-0.3884012699127197,-0.21085952199064195,-0.06144970655441284,-0.3693980872631073,-0.12579175806604326,0.10785505627140844,1.056623278242168,0.0008499800142916759,0.00859797000885009,-0.03938060818296487,0.131334029984745,0.4473364319908863,0.4463330928586229,0.2183245023642604,0.10207512593865377,2.1995994282296993
swipe_right,anu,swipe_right,-0.047484174370765686,-0.20858162641525269,-0.6141468235291541,-0.10463477671146393,0.06902414560317993,-0.1391188153065741,0.07617829740047455,-0.16353893280029297,-0.3396454998292029,-0.08582629263401031,-0.13357925415039062,-0.013160838279873133,0.06761299073696136,-0.3906129002571106,-0.21794756734743714,-0.06128056347370148,-0.3716408312320709,-0.12938269460573792,0.45918741009452085,1.2102054827141029,0.0003708709934444135,0.005125547900344382,-0.203537218498461,-0.13011317897700891,0.44289953901644424,0.4509507652408083,0.02518223819662221,0.3794289789827531,9.355448685643076
swipe_right,anu,swipe_right,-0.03798395395278931,-0.18386411666870117,-0.6141445664688945,-0.10449039936065674,0.06828808784484863,-0.1410937486216426,0.08553987741470337,-0.15576809644699097,-0.3396432427689433,-0.08347147703170776,-0.14054232835769653,-0.015209835954010487,0.06758081912994385,-0.3910512924194336,-0.21903457026928663,-0.06123340129852295,-0.37376654148101807,-0.1301607070490718,0.2878854672114052,0.7490154468651967,6.839576544183668e-05,0.004375071236581509,-0.022304780555493883,-0.05984646409298429,0.444300567845467,0.4584564932558246,0.19614069212672922,0.3843513295552734,5.890270806436333
swipe_right,anu,swipe_right,-0.027486369013786316,-0.14296165108680725,-0.4952041828073561,-0.10379920899868011,0.06606438755989075,-0.15108740562573075,0.09559722244739532,-0.1523442566394806,-0.287873359862715,-0.08139346539974213,-0.15224555134773254,-0.028695196378976107,0.06827200949192047,-0.3922886550426483,-0.22610786790028214,-0.06055472791194916,-0.3784105181694031,-0.13287762040272355,0.3181086345152429,1.2394686539967885,3.604254050349656,0.02094516248414016,-0.0673848571199361,-0.3028380910329754,0.44694476531825866,0.3791390887948713,0.31082430912559444,0.2566489897428882,7.505841740239718
swipe_right,anu,swipe_right,-0.011817395687103271,-0.10746657848358154,-0.4876168454065919,-0.10489562153816223,0.06586134433746338,-0.23416216019541025,0.10305023193359375,-0.15144169330596924,-0.2831948483362794,-0.08098602294921875,-0.1524485945701599,-0.07612174842506647,0.06867945194244385,-0.39114445447921753,-0.2556049907580018,-0.06045851111412048,-0.37861356139183044,-0.16945212427526712,0.474817373535851,1.075608260703812,0.22991931517467412,-0.03322462240854907,-0.006152824922041475,-2.517416805141809,0.45135350597363183,0.37520978199557703,5.399019768915868,0.4414403918623386,67.15415846691688
swipe_right,anu,swipe_right,0.004611149430274963,-0.0707274079322815,-0.4491004729643464,-0.10554219782352448,0.06560075283050537,-0.26329214219003916,0.10694487392902374,-0.15115100145339966,-0.27754018548876047,-0.08024744689464569,-0.15274208784103394,-0.10310693178325891,0.0694180279970169,-0.3902818560600281,-0.26579240802675486,-0.0607195645570755,-0.37890705466270447,-0.18694705609232187,0.49783470052661105,1.1133081985242392,1.1671628012801611,-0.019593220768552754,-0.00789671233206081,-0.8827267271099631,0.4532381620590073,0.37405457288871286,2.480872934433679,0.4471666103060336,49.53781339900043
swipe_right,anu,swipe_right,0.020580589771270752,-0.032950520515441895,-0.44487533811479807,-0.1051691472530365,0.06944388151168823,-0.30983103159815073,0.10748153924942017,-0.1516823172569275,-0.2675076210871339,-0.07971078157424927,-0.1537582278251648,-0.15215490106493235,0.07000410556793213,-0.3876264989376068,-0.27113134507089853,-0.06134885549545288,-0.3799231946468353,-0.22725775185972452,0.48392243457563117,1.1447541641466574,0.12803438938025305,0.011304562742059909,0.11645844488432942,-1.4102693760033844,0.45898729136190736,0.39802601510738145,0.09706866414559934,0.42273007340950913,16.450949005749802
swipe_right,anu,swipe_right,0.034409329295158386,-0.008319824934005737,-0.4134777272120118,-0.10462604463100433,0.06961014866828918,-0.3336787009611726,0.10802464187145233,-0.15906068682670593,-0.2643711054697633,-0.0798080712556839,-0.1558648645877838,-0.16757483128458261,0.07075195014476776,-0.3932863771915436,-0.2771138334646821,-0.06200312077999115,-0.3867845833301544,-0.23559895996004343,0.41905271284507806,0.7463847145889713,0.9514427546298825,0.016457655213095855,0.005038398684877317,-0.7226566473642955,0.4687563339608213,0.4100184678343246,3.2657974179505733,0.5614425687070486,21.10910582229161
swipe_right,anu,swipe_right,0.05468261241912842,0.009658217430114746,-0.38543360214680433,-0.10448935627937317,0.06953758001327515,-0.3423588452860713,0.1081613302230835,-0.16036218404769897,-0.23531900625675917,-0.08008867502212524,-0.15040165185928345,-0.17420412879437208,0.07088863849639893,-0.39179784059524536,-0.27805771213024855,-0.06403172016143799,-0.3846973180770874,-0.24312688689678907,0.6143419128475782,0.5447891625491069,0.849821971672956,0.004142071261550451,-0.0021990501519405536,-0.26303467651208307,0.4667045580762904,0.4158836178107115,1.882716745296437,1.1276670451849466,13.934663570352965
idle,anu,swipe_right,0.06486015021800995,0.036289483308792114,-0.36961790919303894,-0.10450668632984161,0.07029440999031067,-0.3423107862472534,0.10637889802455902,-0.1568741500377655,-0.22152738273143768,-0.08055348694324493,-0.14689281582832336,-0.18192988634109497,0.07090888917446136,-0.39014732837677,-0.2838267683982849,-0.06577996909618378,-0.3833901584148407,-0.2555582523345947,0.3084102363297441,0.8070080569296192,0.4792634228413767,-0.0005251530444983293,0.022934241728349222,0.0014563345096328078,0.46352502454229066,0.43502305851802403,0.022897209923417164,0.3821645292348202,8.05222623510856
idle,anu,swipe_right,0.07907457649707794,0.05352148413658142,-0.36420151591300964,-0.10369060933589935,0.07073608040809631,-0.3423107862472534,0.10549576580524445,-0.1572205126285553,-0.22152738273143768,-0.08038447797298431,-0.1457507312297821,-0.18192988634109497,0.07172496616840363,-0.3871464729309082,-0.2838267683982849,-0.06679175794124603,-0.3828197419643402,-0.2555582523345947,0.43074019027478583,0.5221818432663404,0.1641331296978568,0.0247296058770381,0.013383952054110384,0.0,0.46324983689414173,0.4479981754383314,1.8475677594559548,0.8248838425644826,0.8193772362756149
idle,anu,swipe_right,0.08960683643817902,0.06423214077949524,-0.3573615849018097,-0.10151414573192596,0.07075825333595276,-0.3423107862472534,0.10755898058414459,-0.15619245171546936,-0.22152738273143768,-0.07902245223522186,-0.1453736126422882,-0.18192988634109497,0.07289768755435944,-0.3868306577205658,-0.2838267683982849,-0.06642235815525055,-0.38243234157562256,-0.25603049993515015,0.3191593921545788,0.3245653528155711,0.20727063670302934,0.0659534425446483,0.0006719069047407687,0.0,0.46266341618689993,0.4573228761885145,98.01272966586107,0.9833409698384087,1.307252076050138
idle,anu,swipe_right,0.09563732147216797,0.06653058528900146,-0.3573615849018097,-0.09983539581298828,0.07086694240570068,-0.33691880106925964,0.10462850332260132,-0.15490609407424927,-0.22152738273143768,-0.07863399386405945,-0.14414137601852417,-0.1823861300945282,0.07285833358764648,-0.38687682151794434,-0.3013700246810913,-0.06653013825416565,-0.38159677386283875,-0.25681012868881226,0.1827419707269384,0.06964983362140095,0.0,0.0508712096647784,0.003293608174179548,0.16339349024223598,0.4607060387179169,0.4574190788023525,15.440746509240599,2.623686770502471,4.973001462325047
idle,anu,swipe_right,0.09738980233669281,0.06878280639648438,-0.3573693335056305,-0.09809248149394989,0.07101291418075562,-0.33692654967308044,0.10103325545787811,-0.15490609407424927,-0.22810541093349457,-0.07735945284366608,-0.14414137601852417,-0.182393878698349,0.07249639928340912,-0.38687682151794434,-0.30692267417907715,-0.06591786444187164,-0.38159677386283875,-0.25681787729263306,0.05310548074317678,0.0682491244691788,-0.00023480617638790146,0.05281558542540557,0.0044233871228766975,-0.00023480617638790146,0.4607690691484461,0.45911898617231917,11.937378886290887,0.7781008629099099,4.958901466299067
idle,anu,swipe_right,0.0988343209028244,0.06951209902763367,-0.35736929858103395,-0.09959624707698822,0.07123228907585144,-0.3369265147484839,0.09790860116481781,-0.1547342836856842,-0.22851995611563325,-0.07851965725421906,-0.1439695656299591,-0.18239384377375245,0.07135681807994843,-0.3867050111293793,-0.3100521513260901,-0.06626267731189728,-0.3814249634742737,-0.2631054469384253,0.043773289882775616,0.02209977670149375,1.0583211075175919e-06,-0.04556865403146466,0.006647724093812901,1.0583211075175919e-06,0.45984700196057515,0.45948664527464045,6.853744175347786,1.9806222412001049,2.9821110167442773
idle,anu,swipe_right,0.10068033635616302,0.06955602765083313,-0.3573827859945595,-0.10068871080875397,0.07127711176872253,-0.3369400021620095,0.09459541738033295,-0.15469035506248474,-0.22880208166316152,-0.07867111265659332,-0.14374735951423645,-0.18587450357154012,0.07098935544490814,-0.3867427110671997,-0.3100656387396157,-0.06603537499904633,-0.3813810348510742,-0.2699444112367928,0.055939862222382654,0.0013311703999837274,-0.0004087095007751937,-0.03310496156865909,0.0013582634203361775,-0.0004087095007751937,0.45889940138055174,0.4597053466379156,24.355074280209397,41.99152167250224,0.41048017044914625
idle,anu,swipe_right,0.10347726941108704,0.06969523429870605,-0.3589041824452579,-0.10234108567237854,0.07183635234832764,-0.346972971688956,0.0924098789691925,-0.15490460395812988,-0.23004530323669314,-0.07844674587249756,-0.14378643035888672,-0.19211116386577487,0.07197913527488708,-0.3867274224758148,-0.31108087254688144,-0.06520640850067139,-0.3813823163509369,-0.27110373927280307,0.08475554711890908,0.004218383268876491,-0.04610292274843543,-0.05007196556438078,0.01694668423045758,-0.30402937960443943,0.46102308655163554,0.4600009163477941,2.954501917990294,20.087188510248136,9.227080627056514
idle,anu,swipe_right,0.10553690791130066,0.06931692361831665,-0.36268531577661633,-0.10317987203598022,0.07231909036636353,-0.3579331268556416,0.09241518378257751,-0.15477502346038818,-0.2311481167562306,-0.07776346802711487,-0.14365333318710327,-0.2003541816957295,0.07353118062019348,-0.38672542572021484,-0.31417083041742444,-0.06432560086250305,-0.38174253702163696,-0.2753678192384541,0.06241328788526146,-0.011463960011800159,-0.11457979791995279,-0.025417768593990503,0.01462842478896636,-0.3321259141419881,0.46313998518437416,0.45973105861939234,1.7374414210161433,5.4438295311124865,1.134895620703568
idle,anu,swipe_right,0.10744450986385345,0.06981837749481201,-0.36291386326774955,-0.10515366494655609,0.0731055736541748,-0.3579435511492193,0.09322552382946014,-0.15414541959762573,-0.23115854104980826,-0.0774814635515213,-0.142927348613739,-0.20036460598930717,0.07495738565921783,-0.38608402013778687,-0.3141812547110021,-0.06310637295246124,-0.3809715211391449,-0.2753782435320318,0.05780611977432689,0.015195572015010884,-0.006925681549491275,-0.05981190638108662,0.023832826903372,-0.00031588768417184867,0.46343393574694003,0.4596490797804178,2.509538506911974,3.8038920696869734,10.112569862748034
idle,anu,swipe_right,0.11046260595321655,0.06916695833206177,-0.362695740070194,-0.10455694794654846,0.07522070407867432,-0.3579435511492193,0.09329789876937866,-0.15238070487976074,-0.22989411791786551,-0.0777026116847992,-0.14195239543914795,-0.20284608146175742,0.07483509182929993,-0.3853529691696167,-0.3123855753801763,-0.0623115599155426,-0.38032883405685425,-0.2756622298620641,0.09145745725342744,-0.019739974628795325,0.006609793865319471,0.01808233333356457,0.06409486134847021,0.0,0.46484435065744717,0.4586815855579093,0.28211389866899955,4.6328744640612785,2.6571185438930183
idle,anu,swipe_right,0.11265577375888824,0.06798321008682251,-0.36268538190051913,-0.10472141206264496,0.07658237218856812,-0.3583461935631931,0.09230519831180573,-0.1524677872657776,-0.2293841685168445,-0.07806108891963959,-0.14288955926895142,-0.20499648107215762,0.07331164181232452,-0.3856964111328125,-0.31208255840465426,-0.06215749680995941,-0.3797018826007843,-0.2757658655755222,0.06645963047489992,-0.03587115894664426,0.0003138839295416175,-0.004983761093833242,0.04126266999678189,-0.012201285271933615,0.46564634500966906,0.4581853393271917,0.12077842553078581,1.8526799731722592,1.0507005124619653
idle,anu,swipe_right,0.11189548671245575,0.06793037056922913,-0.3626861390657723,-0.1053212434053421,0.07405039668083191,-0.35965050430968404,0.09201662242412567,-0.1526755392551422,-0.22938492568209767,-0.07900483906269073,-0.14456018805503845,-0.20722557278349996,0.07330112159252167,-0.3858926296234131,-0.3120833155699074,-0.06247226893901825,-0.38063478469848633,-0.2825009939260781,-0.02303900140704521,-0.001601197502829805,-2.2944401610981236e-05,-0.018176707354458817,-0.07672653053746047,-0.03952456807548333,0.46317026645844755,0.4582635554663008,0.23689941833309042,14.379626335925296,3.6917582564126095
idle,anu,swipe_right,0.10927616059780121,0.0679914653301239,-0.36270936904475093,-0.1056474894285202,0.07410606741905212,-0.36028512893244624,0.09150435030460358,-0.15262815356254578,-0.2294081556610763,-0.08009056746959686,-0.1445423662662506,-0.2082711118273437,0.07279439270496368,-0.38588687777519226,-0.31210654554888606,-0.06367148458957672,-0.38057422637939453,-0.28256168542429805,-0.07937351862589538,0.001851356390750774,-0.0007039387569283012,-0.009886243126609132,0.0016869920672792419,-0.019231049174612266,0.463181485188738,0.4581452995222887,5.856806627381897,42.85002552544692,2.467276976425579
idle,anu,swipe_right,0.10667169094085693,0.06752261519432068,-0.3492286978289485,-0.10665494203567505,0.07413223385810852,-0.36030139308422804,0.0910995602607727,-0.15287205576896667,-0.21449440997093916,-0.08216631412506104,-0.14454254508018494,-0.2111286697909236,0.0719095766544342,-0.3859712779521942,-0.3039687154814601,-0.06506800651550293,-0.3806005120277405,-0.28257794957607985,-0.0789233229377055,-0.014207579872824965,0.40850518835765043,-0.030528866883480263,0.0007929223956483803,-0.0004928530842968924,0.4631978811022427,0.4570706528677377,38.45321287170386,5.554624293498368,0.8452521039614308
idle,anu,swipe_right,0.10501335561275482,0.06782549619674683,-0.34566051117144525,-0.10647906363010406,0.074496328830719,-0.3603154157754034,0.08980070054531097,-0.15239179134368896,-0.2136258219834417,-0.08225284516811371,-0.14406436681747437,-0.21197027317248285,0.07126082479953766,-0.385488897562027,-0.30080041638575494,-0.0657876580953598,-0.380297988653183,-0.2825919722672552,-0.05025258570006378,0.009178212194731703,0.10812686840918885,0.005329648653666156,0.011033180988196124,-0.0004249300356164105,0.4631787941721917,0.4567774086241163,0.4830126186408921,5.474607693338394,1.1300636053637114
idle,anu,swipe_right,0.10352729260921478,0.06794741749763489,-0.3419635514728725,-0.10565514862537384,0.07474741339683533,-0.3607274810783565,0.08906714618206024,-0.15218433737754822,-0.2093777577392757,-0.08130507171154022,-0.14381977915763855,-0.21296559972688556,0.07073210179805756,-0.385274201631546,-0.29891424579545856,-0.06553061306476593,-0.3805532455444336,-0.28292598528787494,-0.04503221222848614,0.003694584875395813,0.11202908177493225,0.024967121355461412,0.007608623215646474,-0.01248682736221591,0.4636396673425867,0.4564412375166424,3.2809931120013194,12.185408736868206,0.706032836733612
idle,anu,swipe_right,0.10135757923126221,0.06778907775878906,-0.331292079994455,-0.10555315017700195,0.0745096206665039,-0.3627972474787384,0.0878487229347229,-0.15276843309402466,-0.20165609032846987,-0.08094668388366699,-0.14412754774093628,-0.2152087262365967,0.07085824012756348,-0.3852843642234802,-0.29891835362650454,-0.06635943055152893,-0.38098910450935364,-0.28639354021288455,-0.06574889024098686,-0.0047981739044189245,0.32337792358840817,0.0030908620718753566,-0.00720584031307333,-0.06272019395096709,0.46352212760436573,0.4552513719631936,0.42887894522492476,13.70004328879339,1.719928610410722
idle,anu,swipe_right,0.1005132794380188,0.07033517956733704,-0.3237130513880402,-0.10536450147628784,0.07387199997901917,-0.3607315889094025,0.08672493696212769,-0.15133467316627502,-0.20165609032846987,-0.08025416731834412,-0.143902987241745,-0.21626344532705843,0.07167559862136841,-0.38286128640174866,-0.29891835362650454,-0.0649767816066742,-0.37927165627479553,-0.2869280150625855,-0.02558484221949728,0.07715460025902969,0.22966753352772162,0.005716627294367024,-0.019321839014689174,0.06259571422230129,0.46088752275572004,0.45478942999902444,0.2958482079171315,0.3316005854870273,3.8159888975395853
idle,anu,swipe_right,0.09843511879444122,0.07294273376464844,-0.32219191105104983,-0.107009157538414,0.07663083076477051,-0.3607315889094025,0.08544735610485077,-0.14854580163955688,-0.20165609032846987,-0.08111642301082611,-0.14105695486068726,-0.21675199479795992,0.07076917588710785,-0.3799341917037964,-0.29891835362650454,-0.06525339186191559,-0.37637001276016235,-0.2872345319483429,-0.06297456495689639,0.07901679385792144,0.04609516172698061,-0.049838062488671626,0.08360093290155605,0.0,0.46082005770524853,0.4543176999566457,0.596135289687112,0.7969668840682682,4.019882173121355
idle,anu,swipe_right,0.0974934846162796,0.07500076293945312,-0.32218780322000384,-0.1075640469789505,0.07949256896972656,-0.3607274810783565,0.08553014695644379,-0.14577752351760864,-0.2016519824974239,-0.0800759345293045,-0.13959342241287231,-0.2172619323246181,0.07158122956752777,-0.3766728937625885,-0.30214571161195636,-0.06386266648769379,-0.37349244952201843,-0.2877885918132961,-0.028534369035200517,0.06236452044862663,0.0001244797286662183,-0.01681483153140899,0.0867193395441225,0.0001244797286662183,0.460896213048045,0.45286004742782365,0.19389720588967202,0.4575343688297382,1.0051628607027956
idle,anu,swipe_right,0.09785157442092896,0.07109498977661133,-0.32213321630842984,-0.10712021589279175,0.07802379131317139,-0.3649102777708322,0.08503413200378418,-0.14485502243041992,-0.202200222061947,-0.0801658034324646,-0.13963133096694946,-0.22179650072939694,0.07202208042144775,-0.3754945993423462,-0.30233577196486294,-0.06365779042243958,-0.3732004463672638,-0.2905335754621774,0.010851206201495572,-0.11835676251035777,0.001654148835575946,0.013449426853295561,-0.044508413835005436,-0.12675141492350567,0.45937369204642753,0.4477737851552335,0.3021703881150184,0.09168140704371593,5.606809224077924
idle,anu,swipe_right,0.09750503301620483,0.06931215524673462,-0.3236489484552294,-0.10835099220275879,0.07050323486328125,-0.3655758092645556,0.08420366048812866,-0.14448857307434082,-0.20692111947573721,-0.08157369494438171,-0.14176785945892334,-0.22267128922976553,0.0712849497795105,-0.3754550814628601,-0.3042869756463915,-0.06382173299789429,-0.3731857240200043,-0.29235665895976126,-0.010501254688609756,-0.05402528878414283,-0.04593127717574449,-0.03729625181718315,-0.22789564999667136,-0.020167621021921035,0.4518891358858098,0.44595994619054974,0.16365423457399614,0.19437305291441676,6.608986522816301
idle,anu,swipe_right,0.09785053133964539,0.06415817141532898,-0.3248333961237222,-0.10897758603096008,0.0705467164516449,-0.36557829682715237,0.08389165997505188,-0.14516642689704895,-0.20753123168833554,-0.08240050077438354,-0.14223894476890564,-0.22267377679236233,0.07075679302215576,-0.37566500902175903,-0.3045435876119882,-0.06443223357200623,-0.3731825649738312,-0.29235914652235806,0.01046964616486523,-0.15618132822441372,-0.03589235359069082,-0.01898769176367562,0.0013176238898075022,-7.538068475145301e-05,0.4519303127600735,0.4411237661192771,14.399626694498549,0.06703476817058143,6.994529307795514
idle,anu,swipe_right,0.09963984787464142,0.0657048225402832,-0.3404516251757741,-0.10917423665523529,0.071586012840271,-0.3800031514838338,0.08280791342258453,-0.14347660541534424,-0.22786418814212084,-0.08162705600261688,-0.14054912328720093,-0.23701293487101793,0.0699368268251419,-0.3739751875400543,-0.32470875699073076,-0.06504355370998383,-0.37149274349212646,-0.3078713985159993,0.05422171318169736,0.04686821590770323,-0.4732796682439918,-0.0059591098265213745,0.031493829958366276,-0.43711680777822,0.4510757045956821,0.44096328489161585,0.18920914430714042,1.15687263231527,13.281080682373481
idle,anu,swipe_right,0.10099495947360992,0.0668950080871582,-0.354207843542099,-0.1081879585981369,0.0727076530456543,-0.39106401801109314,0.08291183412075043,-0.1421598196029663,-0.23689503967761993,-0.08138324320316315,-0.139232337474823,-0.24372801184654236,0.06982956826686859,-0.3726584017276764,-0.32946619391441345,-0.0651775449514389,-0.37017595767974854,-0.31236207485198975,0.041063987847530584,0.036066228693181906,-0.41685510200984655,0.029887213851466397,0.033989097132827384,-0.33517777355331446,0.451873637412329,0.44135091584272973,0.8792918047474936,1.1385401467036822,3.275356965132333
idle,anu,swipe_right,0.102675661444664,0.062233567237854004,-0.3562729535624385,-0.1072484701871872,0.07270795106887817,-0.3918859837576747,0.0829959362745285,-0.14215952157974243,-0.24038102012127638,-0.08166538178920746,-0.13923203945159912,-0.2463025627657771,0.07009901106357574,-0.3726581037044525,-0.3335821805521846,-0.06498391926288605,-0.37017565965652466,-0.3158361790701747,0.05093036275921459,-0.1412557833122488,-0.06257909152543921,0.02846934578635483,9.031006784150118e-06,-0.02490805292671383,0.4513488204338302,0.43669998257939735,2838.134436449482,0.360551624955474,9.458427465532706
idle,anu,swipe_right,0.10365250706672668,0.06187093257904053,-0.35626795096322894,-0.10687673091888428,0.07272303104400635,-0.39188098115846515,0.08269518613815308,-0.14181679487228394,-0.24037601752206683,-0.08196061849594116,-0.13857102394104004,-0.24629756016656756,0.06928649544715881,-0.37250494956970215,-0.33357717795297503,-0.06601765751838684,-0.3699256181716919,-0.31583117647096515,0.029601382486748047,-0.010988929054953862,0.00015159391544081985,0.011264826312209649,0.00045696894327799595,0.00015159391544081985,0.45098876186068804,0.43632361949238724,24.5973585710411,2.6935007804627107,0.9212231052897326
idle,anu,swipe_right,0.10931819677352905,0.06164047122001648,-0.35626795096322894,-0.10625022649765015,0.07304063439369202,-0.39188098115846515,0.08296683430671692,-0.14066967368125916,-0.24037601752206683,-0.08198314905166626,-0.13764676451683044,-0.24629756016656756,0.0692402720451355,-0.37171420454978943,-0.33357717795297503,-0.06619378924369812,-0.369035929441452,-0.31583117647096515,0.17168756687279946,-0.006983677546183286,0.0,0.018984982461640376,0.00962434392986878,0.0,0.4503551701166257,0.43579511957098743,1.9723952307540242,24.58060028363322,0.3632125760752918
idle,anu,swipe_right,0.11773303151130676,0.059477031230926514,-0.3541974048130214,-0.1057298481464386,0.07266134023666382,-0.39105357928201556,0.08330169320106506,-0.13844656944274902,-0.23688460094854236,-0.08292257785797119,-0.1369379758834839,-0.24498923821374774,0.06937608122825623,-0.3713212013244629,-0.33072491688653827,-0.06682360172271729,-0.368621289730072,-0.3146837572567165,0.2549949920538706,-0.06555878754818094,0.06274382273356136,0.01576904094580452,-0.011493762334187854,0.02507278413483597,0.44952909275965475,0.4341387675651458,1.37184575786348,3.889503026019886,0.9981439139669711
idle,anu,swipe_right,0.12633663415908813,0.05415788292884827,-0.3383169393055141,-0.10450142621994019,0.07224372029304504,-0.38577990932390094,0.0840877890586853,-0.1388641893863678,-0.22659512562677264,-0.08297678828239441,-0.13735559582710266,-0.24371757311746478,0.0697987973690033,-0.37130996584892273,-0.3294557551853359,-0.06652939319610596,-0.36844298243522644,-0.31235163612291217,0.2607152317509478,-0.16118631218418752,0.48122622750021665,0.03722490686358787,-0.01265514980662939,0.15980818054892626,0.44837301051552836,0.429299356995207,2.9412504934232984,1.6174674558319482,4.134485093462878
idle,anu,swipe_right,0.1348620504140854,0.04435136914253235,-0.31944160955026746,-0.10332797467708588,0.07090333104133606,-0.37295999424532056,0.08419583737850189,-0.14020457863807678,-0.20058127539232373,-0.08274136483669281,-0.13869598507881165,-0.23362662689760327,0.06960959732532501,-0.3726503551006317,-0.30651428597047925,-0.06631939113140106,-0.36977604031562805,-0.30550061957910657,0.2583459471211295,-0.29716708443381645,0.5719796895529299,0.035559137662251876,-0.04061785611239357,0.3884822751084973,0.4473462985495506,0.4222741246522326,0.8754342457074294,0.8693596676552486,6.981316352283804
idle,anu,swipe_right,0.1381715014576912,0.03390908241271973,-0.3121637722942978,-0.10301137715578079,0.06703561544418335,-0.36440997035242617,0.08333393186330795,-0.14028596878051758,-0.191739501664415,-0.0826723650097847,-0.13877737522125244,-0.22546247602440417,0.06936246901750565,-0.3727317452430725,-0.2969139835331589,-0.06626180559396744,-0.36985743045806885,-0.2961355915758759,0.1002863952607822,-0.3164329312064439,0.22054052290817155,0.009593864281972272,-0.1172035029440218,0.25909163311801237,0.4437200191168392,0.41270328532639716,0.08185576527340771,0.3169268064218897,4.62371963336576
idle,anu,swipe_right,0.141480952501297,0.023518413305282593,-0.31216658279299736,-0.10269477963447571,0.06282404065132141,-0.3644127808511257,0.08247202634811401,-0.14054414629936218,-0.18289772793650627,-0.08260336518287659,-0.1391589343547821,-0.22546528652310371,0.06911534070968628,-0.3727615177631378,-0.28731368109583855,-0.06620422005653381,-0.36988720297813416,-0.2867705635726452,0.1002863952607822,-0.31486876083142906,-8.516662725896568e-05,0.009593864281972272,-0.12762347857157422,-8.516662725896568e-05,0.4411336477821434,0.40359909843845637,0.07517260316634204,0.31850119552913264,7.860187216842845
idle,anu,swipe_right,0.15547329932451248,-0.01767793297767639,-0.31219560804311186,-0.1022595688700676,0.06185677647590637,-0.3644418061012402,0.08260656148195267,-0.1445314884185791,-0.16821348818484694,-0.08296117931604385,-0.13947802782058716,-0.22549431177321821,0.06858930736780167,-0.37300437688827515,-0.27419708075467497,-0.06695684045553207,-0.36987757682800293,-0.2840714395279065,0.4240105097944097,-1.248374129786639,-0.0008795530337727453,0.013188204982064019,-0.02931103561863762,-0.0008795530337727453,0.4405680767819966,0.3677629642535743,0.44992456865324276,0.33964991746261214,2.9812525292199576
idle,anu,swipe_right,0.17112521082162857,-0.06822614371776581,-0.31228143419502885,-0.10220705717802048,0.06185971200466156,-0.3645276322531572,0.08236683160066605,-0.14721868932247162,-0.16829931433676393,-0.08283286541700363,-0.13950245082378387,-0.2255801379251352,0.06837619096040726,-0.37308861315250397,-0.2605818554329744,-0.06714805215597153,-0.3702111691236496,-0.28415726567982347,0.47430034839745205,-1.5317639618208745,-0.0026007924823330036,0.0015912633953672293,8.895541682387746e-05,-0.0026007924823330036,0.44087841405002276,0.3258394279341624,17.689467199988,0.3096430328538335,0.9591333670001532
idle,anu,swipe_right,0.17333412915468216,-0.09325894713401794,-0.3135440646456118,-0.10266070067882538,0.06188857555389404,-0.3661585598038073,0.08236683160066605,-0.14837676286697388,-0.168334178511941,-0.08302322775125504,-0.1394735872745514,-0.23163650173410133,0.06784167140722275,-0.37318186461925507,-0.2541265188501711,-0.06730801612138748,-0.37054209411144257,-0.28419212985500053,0.06693691918344226,-0.7585698004924909,-0.03826152880554393,-0.013746772751663704,0.0008746530070449388,-0.049422046989396645,0.44154794984370815,0.30498515229991063,15.698881453116753,0.08824083281347561,1.4932054707061218
idle,anu,swipe_right,0.17554304748773575,-0.11838299036026001,-0.36439316999167204,-0.10311434417963028,0.0618261992931366,-0.3726584268733859,0.08236683160066605,-0.14847612380981445,-0.16836904268711805,-0.08321359008550644,-0.13953596353530884,-0.23919888865202665,0.06730715185403824,-0.37325724959373474,-0.2509686825796962,-0.06746798008680344,-0.37096425890922546,-0.2842269940301776,0.06693691918344226,-0.7613346432194584,-1.5408819801836475,-0.013746772751663704,-0.0018901897199226196,-0.19696566877511,0.4431685484087874,0.29923404129228115,7.268849130708141,0.0879203801629282,4.471803785437717
idle,anu,swipe_right,0.18312928080558777,-0.14829891920089722,-0.36442963406443596,-0.10454802215099335,0.06550121307373047,-0.3726948909461498,0.08246880769729614,-0.14848607778549194,-0.15230176970362663,-0.08383762836456299,-0.13954591751098633,-0.23923535272479057,0.06736388802528381,-0.37326720356941223,-0.2478124462068081,-0.06822669506072998,-0.37097951769828796,-0.28252289816737175,0.22988585811672846,-0.9065432982011298,-0.0011049719019369673,-0.043444787011002156,0.11136405395739034,-0.0011049719019369673,0.4471751954419757,0.2785891664101681,0.3901114889022967,0.2535848039339,6.914797506509275
idle,anu,swipe_right,0.19036927819252014,-0.1841612458229065,-0.3644582652486861,-0.10622720420360565,0.06802505254745483,-0.37272352213039994,0.08661553263664246,-0.1490362286567688,-0.15233040088787675,-0.0849018394947052,-0.13916486501693726,-0.2392639839090407,0.06736388802528381,-0.3738173544406891,-0.23159398371353745,-0.06880763173103333,-0.3715326189994812,-0.28255152935162187,0.21939386021007246,-1.0867371703639201,-0.0008676116439429218,-0.05088430462461542,0.07647998405225367,-0.0008676116439429218,0.45026898549810224,0.2622073279946337,0.6653196903147849,0.2018829062906691,1.0808887847833963
idle,anu,swipe_right,0.19956764578819275,-0.21184039115905762,-0.3645018017850816,-0.10717973113059998,0.068087637424469,-0.3727670586667955,0.09534087777137756,-0.15096169710159302,-0.1523739374242723,-0.08528226613998413,-0.13891297578811646,-0.23930752044543624,0.06736388802528381,-0.3757428228855133,-0.22776369517669082,-0.06919586658477783,-0.373458594083786,-0.2825950658880174,0.2787384119900797,-0.8387619798833694,-0.0013192889816833297,-0.028864452333161397,0.0018965114246715245,-0.0013192889816833297,0.45225748949760125,0.25107598549309135,15.21174099816452,0.3323208327921655,2.3565886179352575
idle,anu,swipe_right,0.21002507209777832,-0.23293188214302063,-0.2997890608385205,-0.10822603106498718,0.06715580821037292,-0.3541614608839154,0.10511726140975952,-0.15260061621665955,-0.14304678607732058,-0.08549556136131287,-0.14029189944267273,-0.23157863784581423,0.06748759746551514,-0.3773620128631592,-0.19300774205476046,-0.06920203566551208,-0.3751181960105896,-0.2684494750574231,0.31689170635107444,-0.6391360904231146,1.9609921498957694,-0.031706058617793804,-0.02823724891200179,0.5638059934206019,0.4521899065004692,0.22930164494738883,1.1228054089543111,0.4958117923359591,17.14955291935764
swipe_right,anu,swipe_right,0.2184450477361679,-0.2412486970424652,-0.25624815467745066,-0.10867910087108612,0.06498739123344421,-0.32565120700746775,0.1154174953699112,-0.15499290823936462,-0.11946500930935144,-0.08462877571582794,-0.1426841914653778,-0.20511380676180124,0.06843061745166779,-0.3796749711036682,-0.169519298709929,-0.06833581626415253,-0.3775104880332947,-0.24845338705927134,0.2551507769208972,-0.25202469392256366,1.3194213988203023,-0.013729388063604216,-0.06570960536147626,0.8639470871650833,0.4509894202452998,0.22178380712190318,0.20893717213649743,1.012399858719539,9.181968912465376
swipe_right,anu,swipe_right,0.2261928915977478,-0.2511267364025116,-0.2333635464310646,-0.1091800183057785,0.06390050053596497,-0.32565341144800186,0.12285581231117249,-0.15607979893684387,-0.09768453985452652,-0.08389750123023987,-0.14377108216285706,-0.20511601120233536,0.06926190853118896,-0.38063710927963257,-0.14909198135137558,-0.0675559937953949,-0.3785973787307739,-0.2484082356095314,0.23478314732060346,-0.29933452606201244,0.6934729771632154,-0.015179316202799517,-0.03293608174179548,-6.68012283065104e-05,0.4511138988795609,0.22023162082223285,0.4608579570526352,0.7843477532030868,26.201104804980766
swipe_right,anu,swipe_right,0.23334981501102448,-0.25492674112319946,-0.23335078451782465,-0.11030340194702148,0.06388676166534424,-0.3256406495347619,0.12763886153697968,-0.1569429636001587,-0.09767177794128656,-0.08383537828922272,-0.14378482103347778,-0.2051032492890954,0.0693960040807724,-0.3806508481502533,-0.14907921943813562,-0.06743974983692169,-0.37862342596054077,-0.24839547369629145,0.2168764670689906,-0.1151516582026629,0.00038672464363502827,-0.034041928522514656,-0.0004163294127493204,0.00038672464363502827,0.451242037065728,0.2231347124211811,81.57088257511055,1.8833822028432805,1.1393045261430688
swipe_right,anu,swipe_right,0.2377239316701889,-0.25494325160980225,-0.23333593178540468,-0.11117683351039886,0.06366288661956787,-0.32562579680234194,0.13137800991535187,-0.16148769855499268,-0.0976569252088666,-0.08377261459827423,-0.14381486177444458,-0.20508839655667543,0.0696256011724472,-0.3806508481502533,-0.14906436670571566,-0.06726102530956268,-0.37864428758621216,-0.24838062096387148,0.1325489896716497,-0.0005003177758419164,0.00045008280060508145,-0.026467623132647954,-0.006784092296253568,0.00045008280060508145,0.4511441585060712,0.22618829595070802,3.9008493881891955,264.4011364828347,0.29986608663413744
swipe_right,anu,swipe_right,0.24271433055400848,-0.25494325160980225,-0.2333238087594509,-0.1123523861169815,0.061850547790527344,-0.32968949899077415,0.1353921741247177,-0.1668352484703064,-0.09764480218291283,-0.08407716453075409,-0.1452757716178894,-0.20803585276007652,0.06983892619609833,-0.3806508481502533,-0.1490522436797619,-0.06707353889942169,-0.3787311017513275,-0.2483684979379177,0.1512242086005917,0.0,0.0003673644228415015,-0.03562280626007966,-0.054919358455772956,-0.12314249055855067,0.45030597279029244,0.22976074934781185,0.6486266160984091,151224.2086005917,4.028815562360868
swipe_right,anu,swipe_right,0.24566738307476044,-0.25447964668273926,-0.2363998470827937,-0.11308282613754272,0.06209975481033325,-0.3602517871186137,0.13624368607997894,-0.17228567600250244,-0.0997738940641284,-0.08436773717403412,-0.14516681432724,-0.23146102111786604,0.06994809210300446,-0.3802284896373749,-0.15849319379776716,-0.06693603098392487,-0.37827059626579285,-0.25930005591362715,0.08948644002278668,0.014048634153423922,-0.09321328252553963,-0.02213454607761273,0.007551727872906328,-0.9261299432678679,0.4541440573685231,0.2296943346060577,2.9306690840822314,6.369307488407353,24.40990290766912
swipe_right,anu,swipe_right,0.24931016564369202,-0.2543966770172119,-0.24570901971310377,-0.1150035560131073,0.06216621398925781,-0.37410790007561445,0.13793188333511353,-0.1760871410369873,-0.10730522405356169,-0.08502122759819031,-0.14519596099853516,-0.24398798029869795,0.06998509168624878,-0.38016319274902344,-0.16649461071938276,-0.06689882278442383,-0.3782041370868683,-0.27258149068802595,0.1103873505736845,0.0025142322887073926,-0.2820961403124267,-0.05820393562316909,0.002013914512865476,-0.41988221081820504,0.45447521744210606,0.23291548085386465,28.886553375604684,43.88753717471314,15.380644307997423
swipe_right,anu,swipe_right,0.24931016564369202,-0.2531086504459381,-0.2479582754895091,-0.11710202693939209,0.06294986605644226,-0.375057908706367,0.13793188333511353,-0.179752916097641,-0.10928800981491804,-0.08558389544487,-0.14468368887901306,-0.24432215373963118,0.07000568509101868,-0.3793797492980957,-0.16990649979561567,-0.06688991189002991,-0.37742048501968384,-0.2798499194905162,0.0,0.039031108220418394,-0.06815926595167697,-0.06359002806923622,0.02374703233892273,-0.028788140325835328,0.4533341635208696,0.23278008256843027,2.6776967102665155,0.0,11.870742110421348
swipe_right,anu,swipe_right,0.24931016564369202,-0.24719518423080444,-0.2512839762493968,-0.11835657060146332,0.0637892484664917,-0.3838198212906718,0.13793188333511353,-0.18311232328414917,-0.12114278506487608,-0.0861005187034607,-0.1437811255455017,-0.25085947196930647,0.07004928588867188,-0.3785318434238434,-0.19135962706059217,-0.06686738133430481,-0.3765179216861725,-0.2912997333332896,0.0,0.17919594591314186,-0.10077881090568798,-0.03801647460821912,0.025435830607558805,-0.26551250255469183,0.4528592577996813,0.2301623528821211,1.4945444735132274,0.0,7.215385201621753
swipe_right,anu,swipe_right,0.24918797612190247,-0.24278205633163452,-0.2512954641133547,-0.11862005293369293,0.0635995864868164,-0.3838313091546297,0.13780969381332397,-0.18414783477783203,-0.12115427292883396,-0.08622270822525024,-0.14356225728988647,-0.25087095983326435,0.06992709636688232,-0.3787532448768616,-0.20862247236073017,-0.06697389483451843,-0.37588024139404297,-0.2913112211972475,-0.003702712781501498,0.13373114845969314,-0.0003481170896327819,-0.007984313097867011,-0.005747332717433057,-0.0003481170896327819,0.4520727943995706,0.2290057015667187,1.3889789423031937,0.0276875293199787,8.141678852947607
swipe_right,anu,swipe_right,0.24654638767242432,-0.2421991527080536,-0.2513083191588521,-0.11913196742534637,0.06394526362419128,-0.3838441642001271,0.1358586549758911,-0.18454954028129578,-0.12116712797433138,-0.08673462271690369,-0.14334431290626526,-0.25088381487876177,0.06941518187522888,-0.37946438789367676,-0.2086353274062276,-0.0674775242805481,-0.3746572434902191,-0.2913240762427449,-0.0800481348326714,0.017663746169119213,-0.0003895468332550752,-0.015512560353134657,0.010475064768935722,-0.0003895468332550752,0.45122090756001915,0.2281188135223669,1.4807621654968635,4.531519109660815,0.5419435853841891
swipe_right,anu,swipe_right,0.2396426796913147,-0.23814919590950012,-0.2682042149826884,-0.11931143701076508,0.06398627161979675,-0.3838446168228984,0.1276044249534607,-0.18525543808937073,-0.12494103144854307,-0.08691409230232239,-0.14344313740730286,-0.25088426750153303,0.06923571228981018,-0.38055184483528137,-0.20863578002899885,-0.06762447953224182,-0.37461623549461365,-0.2913245288655162,-0.20920327215483747,0.1227259635925296,-0.5119968431465566,-0.005438472285415201,0.001242666533499056,-1.371584155342799e-05,0.4512246308614755,0.2299248733888717,4.372934495643344,1.7046235483297796,0.41423885138246164
swipe_right,anu,swipe_right,0.21891982853412628,-0.22803711891174316,-0.27996937837451696,-0.1199541985988617,0.05951821804046631,-0.3583577712997794,0.11346669495105743,-0.1848127841949463,-0.13437145855277777,-0.0872841626405716,-0.14252668619155884,-0.2241357108578086,0.06850554049015045,-0.3813004791736603,-0.20865909662097692,-0.06797672808170319,-0.37332212924957275,-0.2737130066379905,-0.6279651865814687,0.3064265756896056,-0.3565201027826838,-0.019477623881715766,-0.1353955630100138,0.7723286522157283,0.44409138684303856,0.22627256115207514,0.14385611753139715,2.0493102984228915,23.771560452788357
swipe_right,anu,swipe_right,0.19868184626102448,-0.2174818515777588,-0.2799652060493827,-0.1186651736497879,0.0565677285194397,-0.3246404966339469,0.09875519573688507,-0.186359703540802,-0.1343672862276435,-0.08678089082241058,-0.13960134983062744,-0.19736686255782843,0.06780751049518585,-0.38067665696144104,-0.20865492429584265,-0.06819351017475128,-0.3702395558357239,-0.24415142741054296,-0.6132721900939957,0.31985658587831517,0.00012643409497810164,0.03906136209314529,-0.08940877336444299,1.0217355959343213,0.4372531727237856,0.22101084260763465,0.4368802271081413,1.9173288900120242,7.88725775945699
swipe_right,anu,swipe_right,0.17375627160072327,-0.2030031979084015,-0.38429100811481476,-0.11658099293708801,0.061038583517074585,-0.29272644221782684,0.08376163244247437,-0.18126752972602844,-0.14256185293197632,-0.08594346046447754,-0.13474252820014954,-0.17384254932403564,0.06751248240470886,-0.37557530403137207,-0.19221819937229156,-0.06755229830741882,-0.36551544070243835,-0.22313515841960907,-0.7553204442515536,0.4387470808896162,-3.1613879413767374,0.06315699129393622,0.13548045447378482,0.9670925580642464,0.43496562537243594,0.27921468158513235,0.46616705983295204,1.7215356081331403,7.051016099589048
swipe_right,anu,swipe_right,0.1421365588903427,-0.19472187757492065,-0.5141477910801768,-0.11253185570240021,0.06466227769851685,-0.24776639323681593,0.06566010415554047,-0.17841726541519165,-0.22433229070156813,-0.08544515073299408,-0.13111883401870728,-0.1424650577828288,0.06730474531650543,-0.3719516098499298,-0.18771720211952925,-0.0666268914937973,-0.3618917465209961,-0.20749092381447554,-0.9581731124357639,0.250949101014568,-3.935054029253353,0.12270112832387153,0.10980891458915822,1.3624257266972855,0.43090337055312505,0.3789025042596264,1.1173957177085911,3.8181818160740275,12.139866192879264
swipe_right,anu,swipe_right,0.10807548463344574,-0.18682315945625305,-0.6480923006783996,-0.10829606652259827,0.06880262494087219,-0.21437415578475338,0.05818210542201996,-0.17479577660560608,-0.30900418856253964,-0.08450131118297577,-0.12806972861289978,-0.11707943775763852,0.06708483397960663,-0.3678058087825775,-0.18613134422412259,-0.06555433571338654,-0.3579951524734497,-0.19257912137618405,-1.0321537653605168,0.23935509450507947,-4.058924533279488,0.1283572478727864,0.12546506795016232,1.0118859833958371,0.4294859973075291,0.49783820472755086,1.023043520609672,4.3122100880477605,10.634387214295126
swipe_right,anu,swipe_right,0.07391862571239471,-0.1825902760028839,-0.6481121119577438,-0.10397495329380035,0.07267984747886658,-0.17565747466869652,0.057954296469688416,-0.18732908368110657,-0.3090239998418838,-0.08302532136440277,-0.12383684515953064,-0.05943223577924073,0.06700731813907623,-0.3641723394393921,-0.18615115550346673,-0.06439538300037384,-0.35377809405326843,-0.1375035133678466,-1.0350563309409426,0.12826919555664093,-0.0006003417983072627,0.1309428251150886,0.11749159206043619,1.173232761092635,0.42998679403370627,0.4964148841668464,1.1144772859188758,8.069343984775383,4.8958898637453725
swipe_right,anu,swipe_right,0.05096954107284546,-0.18080979585647583,-0.6480289136525244,-0.10262596607208252,0.07428884506225586,-0.14906306914053857,0.05612638592720032,-0.1855486035346985,-0.30894080153666437,-0.08193564414978027,-0.12205636501312256,-0.05303401476703584,0.06798753142356873,-0.362391859292984,-0.1860679571982473,-0.0635899007320404,-0.35201841592788696,-0.12518366775475442,-0.69542680725907,0.053953943830548044,0.002521160764224608,0.0408784006581163,0.04875750252694807,0.8058910766108489,0.4287562489115385,0.49665841686775813,0.8383850721322592,12.889028472407293,11.64897867235496
swipe_right,anu,swipe_right,0.0203227698802948,-0.18080979585647583,-0.6480289136525244,-0.1012442409992218,0.07215231657028198,-0.139527011429891,0.05573493242263794,-0.1855486035346985,-0.30894080153666437,-0.08089980483055115,-0.12405437231063843,-0.03401594213210046,0.06824108958244324,-0.362391859292984,-0.1789711897727102,-0.06203547120094299,-0.3520227372646332,-0.11603006324730814,-0.928690036137901,0.0,0.0,0.04187045675335519,-0.06474328763557219,0.2889714457772002,0.4266308831986294,0.5052557366881145,0.6467050342577324,928690.036137901,16.037413737235063
swipe_right,anu,swipe_right,-0.036486729979515076,-0.20423054695129395,-0.6352413927670568,-0.09866756200790405,0.05686640739440918,-0.12091672024689615,0.04905478656291962,-0.1855486035346985,-0.28749275556765497,-0.08004121482372284,-0.13385623693466187,-0.020539901917800307,0.06865294277667999,-0.36293646693229675,-0.17406574240885675,-0.05984000861644745,-0.3540601134300232,-0.11465009651146829,-1.7214999957517956,-0.7097197301459957,0.38750063289295117,0.07808118155508245,-0.4632093689658374,0.5639482176665042,0.41280437860114866,0.49892374197627143,0.16856527138933947,2.425601962334774,14.711759494976661
swipe_right,anu,swipe_right,-0.06403866410255432,-0.22564172744750977,-0.4607348477002233,-0.09438338875770569,0.05687999725341797,-0.11995511106215417,0.048555731773376465,-0.18080240488052368,-0.27527842274867,-0.07980352640151978,-0.1484229564666748,-0.013590618735179305,0.06873440742492676,-0.3638431131839752,-0.14000587514601648,-0.05525746941566467,-0.35886350274086,-0.07611785433255136,-0.834907094637555,-0.648823651400481,5.288077123237392,0.12982343182419318,0.00041181390935724534,0.02913967226490837,0.41987522007071243,0.3736246584180414,314.4841510459987,1.286799280568975,21.50537639459842
swipe_right,anu,swipe_right,-0.07012781500816345,-0.2385837733745575,-0.4496570898918435,-0.09455302357673645,0.0559944212436676,-0.10713065403979272,0.04524460434913635,-0.18123570084571838,-0.2655887975124642,-0.0783454179763794,-0.14930853247642517,-0.01119676127564162,0.06857514381408691,-0.3664078414440155,-0.1399797423509881,-0.053863525390625,-0.36173394322395325,-0.06656843412201852,-0.18451972441239836,-0.39218320991053823,0.3356896305569653,-0.005140449061538247,-0.026835636659102075,0.38861990976852995,0.42166090099520603,0.3625983490638258,0.19154594992047116,0.4704924873300979,11.665041754685175
swipe_right,anu,swipe_right,-0.07878085970878601,-0.2550625205039978,-0.44010271737352014,-0.09452220797538757,0.055872976779937744,-0.1066130162216723,0.041742920875549316,-0.18135714530944824,-0.26166205713525414,-0.07820576429367065,-0.14942997694015503,-0.0064423540607094765,0.06862327456474304,-0.36718514561653137,-0.1363404900766909,-0.053312987089157104,-0.3650401830673218,-0.06268958607688546,-0.26221347577644183,-0.4993559736194045,0.2895264399491935,0.0009338061014811221,-0.0036801352645411726,0.015685994488497616,0.42520037127728233,0.35576811632773514,0.2536734008326408,0.5251022607652485,11.324286576681631
swipe_right,anu,swipe_right,-0.07882621884346008,-0.2662529945373535,-0.4387605687370524,-0.09453341364860535,0.056017130613327026,-0.10128447914030403,0.04166167974472046,-0.18143710494041443,-0.25976758205797523,-0.07820051908493042,-0.14950993657112122,-0.004260307061485946,0.068829745054245,-0.36837339401245117,-0.13025159144308418,-0.05258557200431824,-0.3670682907104492,-0.049973004846833646,-0.0013745192325476478,-0.33910527373805277,0.04067117080205328,-0.0003395658550840444,0.004368297981493412,0.16147082064752366,0.4282449795963765,0.3569434811486044,0.07771634173780517,0.0040533583097593,4.424617490543629
swipe_right,anu,swipe_right,-0.0788278877735138,-0.27718883752822876,-0.4387977409060113,-0.09480580687522888,0.06954893469810486,-0.10132165130926296,0.041068464517593384,-0.18138602375984192,-0.25980475422693416,-0.07810825109481812,-0.14461186528205872,-0.004297479230444878,0.06927555799484253,-0.36832231283187866,-0.1302887636120431,-0.05206400156021118,-0.3675271272659302,-0.05001017701579258,-5.057363799124065e-05,-0.3313891815416749,-0.0011264293623918864,-0.008254340200713207,0.4100546692356929,-0.0011264293623918864,0.44214840637250447,0.3541436573487539,0.020129803877845562,0.00015261055036683586,13.246339521926318
swipe_right,anu,swipe_right,-0.07884889841079712,-0.2896302044391632,-0.43648416141513735,-0.09499004483222961,0.07312533259391785,-0.10182838479522616,0.04061669111251831,-0.18257996439933777,-0.25982955435756594,-0.07793813943862915,-0.1437840759754181,-0.00644337956327945,0.0697893500328064,-0.3683508038520813,-0.1303135637426749,-0.051794081926345825,-0.3675556182861328,-0.05680094996932894,-0.0006366859782825746,-0.37701111851316094,0.07010846942042234,-0.005582968393961527,0.10837569381251361,-0.015355560180702728,0.4450764671007809,0.3493289231532717,0.051514474169324545,0.001688767938795975,9.152308243958233
swipe_right,anu,swipe_right,-0.07885618507862091,-0.2968764007091522,-0.43646180641371757,-0.09503249824047089,0.07380342483520508,-0.10132409643847495,0.04057525098323822,-0.18420851230621338,-0.25815778982359916,-0.07714568078517914,-0.14367181062698364,-0.006421024561859667,0.07012487947940826,-0.36835363507270813,-0.1298160107107833,-0.051835522055625916,-0.36755844950675964,-0.05677859496790916,-0.00022080811587247035,-0.21958170515118278,0.0006774242854479604,-0.0012864669164021842,0.02054824973597676,0.015281465356097115,0.4457023497530953,0.34833316903704714,0.06260408204343793,0.001005580634050591,2.821722635791699
swipe_right,anu,swipe_right,-0.07682500779628754,-0.29690730571746826,-0.4364563392700802,-0.09527669847011566,0.07704493403434753,-0.09801574221273768,0.04048554599285126,-0.18423941731452942,-0.2581523226799618,-0.0772353857755661,-0.1422577202320099,-0.006325365811790107,0.07034192979335785,-0.36822935938835144,-0.12981054356714594,-0.05192522704601288,-0.3675893545150757,-0.056773127824271796,0.06155082673737512,-0.0009365154035163671,0.00016567101931397026,-0.007400006958932606,0.09822755148916558,0.10025315835567526,0.448642345159351,0.34752926046828436,0.07533458293690519,65.65313647809369,3.4936171503648517
swipe_right,anu,swipe_right,-0.07481436431407928,-0.29724377393722534,-0.43645881408883724,-0.09533719718456268,0.08008047938346863,-0.09801821703149471,0.04048554599285126,-0.1845758855342865,-0.25815479749871884,-0.0772353857755661,-0.13820204138755798,-0.0063278406305471435,0.07047431170940399,-0.36844563484191895,-0.12981301838590298,-0.05192522704601288,-0.3665403723716736,-0.05677560264302883,0.06092859036994718,-0.010196006659305482,-7.499450778899112e-05,-0.0018332943771824737,0.09198622270063943,-7.499450778899112e-05,0.45061706316493916,0.3467133519194692,0.019929880730812952,5.975144707230879,3.0507914538620566
swipe_right,anu,swipe_right,-0.06939040124416351,-0.2982728183269501,-0.4371382772369543,-0.09536300599575043,0.08403956890106201,-0.09801821703149471,0.041142240166664124,-0.18560492992401123,-0.25815479749871884,-0.0772353857755661,-0.1354750394821167,-0.00802548429055605,0.07047431170940399,-0.3694746792316437,-0.12981301838590298,-0.052055105566978455,-0.365878164768219,-0.0602304592175642,0.1643625172701753,-0.03118316332499194,-0.020589792367183852,-0.0007820851875074001,0.11997240962404224,0.0,0.4535740909159768,0.34508065383869446,0.0065188210450815845,5.2707047342344495,0.8486673631882853
swipe_right,anu,swipe_right,-0.0655188262462616,-0.29355746507644653,-0.4379159986419836,-0.09545496106147766,0.08617711067199707,-0.09899120325280819,0.04338231682777405,-0.18153780698776245,-0.25884266490174923,-0.07735258340835571,-0.131788432598114,-0.008170209024683572,0.07047951221466064,-0.3698647916316986,-0.1329250215931097,-0.05206763744354248,-0.36502334475517273,-0.06302216196490917,0.11732045448187498,0.14288949243949964,-0.023567315303917827,-0.002786517143249481,0.06477399305863743,-0.029484430948892904,0.45470658974726047,0.3425461315375904,0.04301840898272258,0.8210515092986252,1.8973217330365948
swipe_right,anu,swipe_right,-0.06380443274974823,-0.2875807583332062,-0.4478514670772711,-0.09621630609035492,0.08517876267433167,-0.10180303746892605,0.051267191767692566,-0.17262926697731018,-0.25884266490174923,-0.07773442566394806,-0.13278678059577942,-0.009686271790997125,0.07066358625888824,-0.370863139629364,-0.17838974589540157,-0.05193622410297394,-0.3658323585987091,-0.09214545333816204,0.05195131807616275,0.1811123255527385,-0.30107480106931817,-0.023071061481129095,-0.030252969626224476,-0.08520709745811715,0.45328250143152166,0.3124535523125977,0.7625796471062377,0.2868442612801288,3.3942913696010586
swipe_right,anu,swipe_right,-0.06206342577934265,-0.25877949595451355,-0.44789147700976173,-0.09668385982513428,0.08429354429244995,-0.12852186288546363,0.06532013416290283,-0.16493123769760132,-0.2588826748342399,-0.07792514562606812,-0.13367199897766113,-0.018152810147512355,0.07088333368301392,-0.37182560563087463,-0.18260096337508003,-0.051524996757507324,-0.3667175769805908,-0.11180575515936653,0.05275778698198736,0.8727655266270514,-0.001212422196686299,-0.014168294993313912,-0.02682479945096109,-0.8096613762587167,0.45357445109158945,0.3175426276723407,0.5281592826045787,0.06044891201989429,21.955063332754438
swipe_right,anu,swipe_right,-0.052347332239151,-0.21712547540664673,-0.4479055998453987,-0.09664520621299744,0.08183348178863525,-0.14157967246865155,0.07773810625076294,-0.160530686378479,-0.25889679766987683,-0.0779249370098114,-0.13613206148147583,-0.021143330035556573,0.07046341896057129,-0.37428566813468933,-0.18461859203671338,-0.0525360107421875,-0.3691776394844055,-0.11503307498787763,0.2944270769755053,1.2622430469050583,-0.00042796471627132906,0.0011713215799042701,-0.07454734860044555,-0.39569119949054393,0.4539398357435199,0.33030569972285717,0.015712240470706677,0.23325685527883588,12.636183880249376
swipe_right,anu,swipe_right,-0.04495178163051605,-0.1784152090549469,-0.4479513131082058,-0.09663344919681549,0.06487569212913513,-0.14483289048075676,0.08535031974315643,-0.15375646948814392,-0.2835075818002224,-0.07842402160167694,-0.14629772305488586,-0.03018142655491829,0.07014231383800507,-0.37591105699539185,-0.1967666707932949,-0.05336086452007294,-0.3707771599292755,-0.12284231558442116,0.2241075942010596,1.1730383742939372,-0.001385250388094312,0.00035627321763472214,-0.5138724139242474,-0.09858236400318836,0.43834861637229405,0.3396247713290391,0.0006933093014367194,0.19104865455684467,16.07148966424013
swipe_right,anu,swipe_right,-0.03522118926048279,-0.13637417554855347,-0.4173396194819361,-0.09690096974372864,0.061531007289886475,-0.17613826342858374,0.08982539176940918,-0.15027636289596558,-0.2835517490748316,-0.07829651236534119,-0.14964240789413452,-0.03128387429751456,0.07002508640289307,-0.3792557418346405,-0.19712976762093604,-0.05485758185386658,-0.3741031587123871,-0.12398398318327963,0.2948664354555542,1.2739707123149557,0.9276270795839325,-0.008106683239792353,-0.10135408603783835,-0.9486476650856684,0.44075485476811205,0.3443263170877849,0.07998299401340282,0.23145446057020166,28.633621939918996
swipe_right,anu,swipe_right,-0.020886480808258057,-0.09386047720909119,-0.4066322077997029,-0.0969683825969696,0.05560764670372009,-0.21787797706201673,0.09458878636360168,-0.15069690346717834,-0.27247505681589246,-0.0782243013381958,-0.1555657684803009,-0.049850468058139086,0.0702560544013977,-0.3833402991294861,-0.2044585724361241,-0.055517733097076416,-0.3799942433834076,-0.1280972589738667,0.4343851046128659,1.2882938890746005,0.32446702067373023,-0.002042813734574729,-0.17949577533837324,-1.264839807073713,0.446685281078149,0.36466382855944485,0.011380782360706908,0.33717831864169745,9.871551763970281
swipe_right,anu,swipe_right,-0.002639278769493103,-0.04522174596786499,-0.39009848050773144,-0.0996263176202774,0.0489080548286438,-0.3195036929100752,0.09497891366481781,-0.15250521898269653,-0.264037786051631,-0.07940147817134857,-0.1622653603553772,-0.1595419030636549,0.07052446901798248,-0.38679394125938416,-0.28850397281348705,-0.05760924518108368,-0.3853462338447571,-0.22333632223308086,0.5529455163262121,1.4739009467038278,0.5010220391506511,-0.08054348555478202,-0.20301793560837306,-3.07956714691087,0.4467553970468944,0.3637938187768079,0.3967289322713807,0.3751575995694939,55.04777927555567
swipe_right,anu,swipe_right,0.013768836855888367,-0.006045132875442505,-0.3858968000859022,-0.09940512478351593,0.05511710047721863,-0.3223279993981123,0.09520010650157928,-0.15267327427864075,-0.264037786051631,-0.07967312633991241,-0.16273090243339539,-0.16183420829474926,0.07068045437335968,-0.3896806240081787,-0.30295496992766857,-0.058530375361442566,-0.3895450532436371,-0.22872376255691051,0.4972156250115609,1.1871700937097753,0.12732364914634042,0.006702813235196217,0.18815289844166194,-0.08558504509203382,0.4562421826690415,0.39660366797989643,0.03562409969025679,0.4188238979588177,91.53599684364261
swipe_right,anu,swipe_right,0.03253421187400818,0.02765485644340515,-0.3854128997772932,-0.09933441877365112,0.0696469247341156,-0.34271648339927197,0.09527081251144409,-0.1496734917163849,-0.264037786051631,-0.0798943042755127,-0.15636000037193298,-0.18810619227588177,0.07071149349212646,-0.3883548378944397,-0.30295496992766857,-0.059430092573165894,-0.3877222537994385,-0.2514157574623823,0.5686477278218139,1.0212117975408406,0.014663645715424545,0.002142606359539615,0.4402977047544548,-0.6178328485199914,0.4680969379077114,0.4258178963006391,0.004866256330993527,0.5568356851688128,17.847572212381515
idle,anu,swipe_right,0.0515824556350708,0.06377989053726196,-0.37882193736732006,-0.09933441877365112,0.0801992416381836,-0.3593448679894209,0.09331181645393372,-0.14220279455184937,-0.264037786051631,-0.08009171485900879,-0.14741426706314087,-0.21108279936015606,0.07071149349212646,-0.3839864432811737,-0.30295496992766857,-0.06080061197280884,-0.3824603259563446,-0.2720318716019392,0.57721950791099,1.0946980028441484,0.19972613363555033,0.0,0.3197671789111521,-0.5038904421257263,0.4724005600033523,0.45455077443452735,0.0,0.5272860452154522,5.026565825781058
idle,anu,swipe_right,0.06669247150421143,0.07981142401695251,-0.3611133226659149,-0.09924736618995667,0.08033671975135803,-0.36130545823834836,0.09288609027862549,-0.14112582802772522,-0.23433732776902616,-0.08009171485900879,-0.1421961486339569,-0.2246883490588516,0.07071149349212646,-0.38244494795799255,-0.30500666587613523,-0.061526358127593994,-0.3821827471256256,-0.2882574328687042,0.4578792687618321,0.4858040448391023,0.5366246879213629,0.0026379570816502137,0.004166003429528393,-0.059411825725074315,0.4697692472904268,0.4656662569966867,0.6330585338512114,0.9425164963313234,16.519246120723608
idle,anu,swipe_right,0.08262138068675995,0.07981142401695251,-0.33263269322924316,-0.0978267639875412,0.08042547106742859,-0.37777906912378967,0.0925941914319992,-0.14112582802772522,-0.22116482513956726,-0.08038361370563507,-0.14046618342399597,-0.24388572829775512,0.07041959464550018,-0.38091355562210083,-0.30503994482569396,-0.0624307245016098,-0.3800656497478485,-0.29856246965937316,0.48269421765299325,0.0,0.8630493768688542,0.04304855158834815,0.002689433820319941,-0.49920032986186563,0.46859387703181266,0.46171176096181954,16.000598588679985,482694.2176529933,13.383141293047649
idle,anu,swipe_right,0.09281131625175476,0.08000928163528442,-0.3323128606425598,-0.09716162085533142,0.08113455772399902,-0.38910941139329225,0.09141245484352112,-0.1409279704093933,-0.2193533416138962,-0.08156535029411316,-0.137947678565979,-0.24431302503217012,0.06936192512512207,-0.3788685202598572,-0.3118361617671326,-0.06361246109008789,-0.3771887421607971,-0.30076248303521425,0.3087859262119606,0.005995685403997182,0.009691896566161496,0.02015585249120517,0.021487474441528084,-0.343343705136438,0.46796471350792035,0.4599326105128463,0.937984338816183,51.492767322116755,4.807471369422345
idle,anu,swipe_right,0.10216069221496582,0.08070850372314453,-0.32753873069304973,-0.0964377224445343,0.081906259059906,-0.3866195698501542,0.088857501745224,-0.1402287483215332,-0.21563098032493144,-0.08251920342445374,-0.1367970108985901,-0.24479615886230022,0.06756290793418884,-0.37700527906417847,-0.3118311484577134,-0.06616741418838501,-0.3753419816493988,-0.3094983120681718,0.28331442312760474,0.02118854811697272,0.14467060453060743,0.021936315478700338,0.023384888966877997,0.07544974373145454,0.46469337588946935,0.4592881903231344,0.9380150358949054,13.370479708374305,12.69095550934288
idle,anu,swipe_right,0.10899877548217773,0.08081451058387756,-0.32321386924013495,-0.09606453776359558,0.0873136818408966,-0.3866360425017774,0.08891001343727112,-0.136295884847641,-0.20985480537638068,-0.08446300029754639,-0.13129881024360657,-0.25403823843225837,0.06540876626968384,-0.3715965449810028,-0.3118476211093366,-0.06931355595588684,-0.3689289689064026,-0.31633117189630866,0.2072146444609704,0.0032123291131222398,0.13105640766408616,0.01130862669511293,0.16386129639365718,-0.0004991712613087792,0.46240214772365634,0.4546482637127799,0.06901298800271584,64.48596989793857,4.849886776578681
idle,anu,swipe_right,0.11188113689422607,0.07498124241828918,-0.32181622670032084,-0.0964745283126831,0.08980968594551086,-0.3891443519387394,0.08972802758216858,-0.13545629382133484,-0.20987828657962382,-0.08670556545257568,-0.12789645791053772,-0.26004838035441935,0.06371572613716125,-0.37028560042381287,-0.31187110231257975,-0.07233086228370667,-0.36674222350120544,-0.32675161049701273,0.0873442852135851,-0.1767657019875247,0.042352804236790886,-0.012423956032955149,0.07563648801861304,-0.07600937687763579,0.4614275856658069,0.44797474663987213,0.1642565923117097,0.49412182402854027,3.5917264698130187
idle,anu,swipe_right,0.11578218638896942,0.0737575888633728,-0.3128056322457269,-0.09734292328357697,0.09014612436294556,-0.3917858396889642,0.09271718561649323,-0.1357327103614807,-0.20988903392571956,-0.08751483261585236,-0.1271883249282837,-0.2600591277005151,0.06372542679309845,-0.3699788451194763,-0.3118818496586755,-0.07392911612987518,-0.3663562536239624,-0.3267623578431085,0.11821362105283059,-0.03708041075504247,0.2730483168058818,-0.026314999117996174,0.010195103558627204,-0.08004508334014579,0.4617041050981579,0.44678046335723526,2.580887783915291,3.1879483181948642,2.0309412847257593
idle,anu,swipe_right,0.11762452125549316,0.0737575888633728,-0.31210388033650815,-0.09822863340377808,0.09042370319366455,-0.393596870591864,0.09509649872779846,-0.13627314567565918,-0.20246541290543973,-0.08753073215484619,-0.12706130743026733,-0.26398150413297117,0.06406614184379578,-0.3699788451194763,-0.31189216463826597,-0.07462725043296814,-0.36634311079978943,-0.3282912203576416,0.05582832928859765,0.0,0.021265209370264267,-0.026839700612154578,0.008411479718757307,-0.05487972433029642,0.4620149084135489,0.4469570087520271,3.1904624450160752,55828.32928859765,0.7646649636682823
idle,anu,swipe_right,0.11928440630435944,0.0737575888633728,-0.31198849179781973,-0.09923242032527924,0.09075230360031128,-0.39836089708842337,0.09692041575908661,-0.13673096895217896,-0.2023500243667513,-0.0875781923532486,-0.12692928314208984,-0.26571651198901236,0.06506578624248505,-0.3701121509075165,-0.3126519510988146,-0.0740567296743393,-0.3662949204444885,-0.33089046576060355,0.05029954693534102,0.0,0.0034966223844975753,-0.030417785500034808,0.009957588080203784,-0.14436443928967665,0.4626858972460381,0.4471693692818583,3.054427520754766,50299.54693534102,2.714229306637466
idle,anu,swipe_right,0.12036123871803284,0.07327017188072205,-0.31198849179781973,-0.10061770677566528,0.09029820561408997,-0.39980273344554007,0.09752398729324341,-0.13756760954856873,-0.2023500243667513,-0.08895909786224365,-0.1273827850818634,-0.26571651198901236,0.06591439247131348,-0.3707082271575928,-0.3126519510988146,-0.07260704040527344,-0.3664047420024872,-0.33089046576060355,0.03263128526283085,-0.014770211595477716,0.0,-0.04197837728442635,-0.013760545037009719,-0.043692010821718856,0.4627213853169786,0.4473049497346112,3.0504116486580157,2.2091136567850054,3.1537193595083512
idle,anu,swipe_right,0.1211329996585846,0.07836061716079712,-0.31270055868662894,-0.10285308957099915,0.08993703126907349,-0.39980273344554007,0.09718945622444153,-0.13818687200546265,-0.2023500243667513,-0.09003329277038574,-0.12798887491226196,-0.26386611559428275,0.06648057699203491,-0.37136024236679077,-0.3126519510988146,-0.07177940011024475,-0.3663761615753174,-0.3269645164255053,0.023386695168234828,0.15425591757803084,-0.021577784509369584,-0.06773887258587387,-0.01094467712171138,0.0,0.46313357684279743,0.4530295146679223,6.188641582667364,0.15160872870679962,1.5393593529690894
idle,anu,swipe_right,0.12102746963500977,0.08065047860145569,-0.3276447544340044,-0.1068347692489624,0.08863118290901184,-0.39836089708842337,0.09617212414741516,-0.14050725102424622,-0.21656769909895957,-0.0917089581489563,-0.12985602021217346,-0.26213191845454276,0.06670615077018738,-0.3737247884273529,-0.3126519510988146,-0.07190969586372375,-0.36793169379234314,-0.32665728428401053,-0.0031978795022675993,0.06938974062601835,-0.4528544165871432,-0.12065695993828243,-0.0395711624261111,0.043692010821718856,0.4634768917885617,0.45785638919049987,3.0490363058519323,0.04608510405592271,2.2532073740948517
idle,anu,swipe_right,0.11975257098674774,0.08179637789726257,-0.32865150924772024,-0.10910747945308685,0.0876186192035675,-0.39831709023565054,0.09487517178058624,-0.14151981472969055,-0.21675703581422567,-0.091885045170784,-0.1308685839176178,-0.2603515600785613,0.0674620121717453,-0.37473735213279724,-0.31261642929166555,-0.07117022573947906,-0.3687082827091217,-0.3183475947007537,-0.03863329237157606,0.03472422108505673,-0.03050772162775165,-0.06887000618558865,-0.030683748649828025,0.0013274803870554981,0.46483179414135345,0.4597982959793803,2.244437683734282,1.1125427330454372,2.04531495406149
idle,anu,swipe_right,0.11734303832054138,0.0848756730556488,-0.33559665782377124,-0.11151769757270813,0.0864468514919281,-0.39831123454496264,0.0929347574710846,-0.1422061026096344,-0.21695042354986072,-0.09080025553703308,-0.1320403516292572,-0.2603457043878734,0.0678088366985321,-0.37590911984443665,-0.31261057360097766,-0.07045251131057739,-0.36909374594688416,-0.3177199731580913,-0.07301614140019388,0.09331197449655393,-0.21045904775912447,-0.07303691271579743,-0.03550811247392191,0.00017744517236045195,0.4644335655931648,0.4640092914653777,2.0568498514131024,0.7824864848016434,0.19629295710250594
idle,anu,swipe_right,0.11453600227832794,0.08465442061424255,-0.3450898685841821,-0.11412514746189117,0.08603045344352722,-0.3972879805951379,0.0917275995016098,-0.14198902249336243,-0.22054369834950194,-0.09094138443470001,-0.13265851140022278,-0.2558768549351953,0.06920675933361053,-0.3765272796154022,-0.31355737237026915,-0.06750954687595367,-0.36970096826553345,-0.30673162726452574,-0.08506169824889119,-0.006704619436552956,-0.2876730533457809,-0.07901363300554594,-0.012618122678814373,0.031007695449233617,0.46697387087447195,0.4644756174549183,6.261420466115133,12.685136556544194,1.177605994081711
idle,anu,swipe_right,0.11068457365036011,0.08454522490501404,-0.34918038157047704,-0.11569344997406006,0.08451589941978455,-0.39729152229847386,0.09100991487503052,-0.14217272400856018,-0.220558088098187,-0.09073802828788757,-0.13417306542396545,-0.24554214981617406,0.07073217630386353,-0.3774976432323456,-0.3135609140736051,-0.06628915667533875,-0.37118858098983765,-0.2970048895222135,-0.11670995842326642,-0.0033089608857125585,-0.12395493897863273,-0.04752431855057173,-0.045895576477050275,-0.00010732434351335755,0.4692171846547719,0.4651328331940141,1.0354654355175135,35.26022284041023,1.678227209964529
idle,anu,swipe_right,0.1095220148563385,0.08302277326583862,-0.3534637616830878,-0.11597558856010437,0.07870745658874512,-0.39729215967236087,0.09097719192504883,-0.1462395191192627,-0.22096671926556155,-0.091025710105896,-0.14002639055252075,-0.23926592635689303,0.07238510251045227,-0.3819510340690613,-0.3135615514474921,-0.06527146697044373,-0.3768582344055176,-0.2941179202753119,-0.03522905436429167,-0.04613489815683149,-0.1297993973518432,-0.00854965412255503,-0.17601341912240973,-1.9314360212196312e-05,0.46984670950472635,0.4681580696172868,0.04857360076056695,0.7635931188450308,4.116049037184519
idle,anu,swipe_right,0.10602204501628876,0.0797816812992096,-0.38202734268270433,-0.11857675015926361,0.07765713334083557,-0.3973205832298845,0.08922041952610016,-0.14701268076896667,-0.24698844528757036,-0.09188751876354218,-0.14326748251914978,-0.23929434991441667,0.0719292014837265,-0.38353243470191956,-0.31437300122343004,-0.06693817675113678,-0.37939658761024475,-0.29414634383283556,-0.10605969212271835,-0.09821490807966644,-0.8655630605944309,-0.07882307876240037,-0.031827977209379826,-0.0008613199249587182,0.47139110065211676,0.469467146863688,2.4764565397084652,1.0798626637620612,4.860638634708941
idle,anu,swipe_right,0.10229900479316711,0.07884600758552551,-0.38204038399271667,-0.12108761072158813,0.08133998513221741,-0.4046117390971631,0.08584204316139221,-0.1451881229877472,-0.2470014865975827,-0.09471148252487183,-0.14377138018608093,-0.239307391224429,0.06967741250991821,-0.38325822353363037,-0.3179448570590466,-0.06931331753730774,-0.3794305622577667,-0.2941593851428479,-0.11281940070065764,-0.02835374889951809,-0.0003951912124951743,-0.07608668370680496,0.11160156943581499,-0.22094411719026338,0.4766443089672285,0.4676673232910608,0.6817646232649154,3.9788538103603197,7.960875424314833
idle,anu,swipe_right,0.10213598608970642,0.07877752184867859,-0.3820536760613322,-0.12232249975204468,0.08171239495277405,-0.40462503116577864,0.08458790183067322,-0.14525660872459412,-0.24701477866619825,-0.09665605425834656,-0.14378753304481506,-0.23923570197075605,0.06858223676681519,-0.3833267092704773,-0.3179581491276622,-0.0713464617729187,-0.37937894463539124,-0.29417267721146345,-0.004939960710930048,-0.002075325358997669,-0.0004027899580471399,-0.03742087971080392,0.011285146077473834,-0.0004027899580471399,0.47686843299311327,0.46773326916604346,3.3156472948274827,2.3791843072777272,7.434866005340484
idle,anu,swipe_right,0.10500606894493103,0.07591935992240906,-0.3820536760613322,-0.12136292457580566,0.08267882466316223,-0.40462503116577864,0.08392646908760071,-0.14550533890724182,-0.24701477866619825,-0.09670203924179077,-0.14368364214897156,-0.23923570197075605,0.06793972849845886,-0.383575439453125,-0.3179581491276622,-0.07179099321365356,-0.37950292229652405,-0.29417267721146345,0.08697220773407811,-0.08661096746271212,0.0,0.029078035643606157,0.029285748799641607,0.0,0.4777751208421497,0.46542198145356317,0.9928734610501386,1.0041592436001536,2.0876763946025774
idle,anu,swipe_right,0.10773549973964691,0.05548042058944702,-0.3767724661156535,-0.12160907685756683,0.0826185941696167,-0.40462503116577864,0.08201812207698822,-0.14556556940078735,-0.244828793220222,-0.09839145839214325,-0.14306509494781494,-0.23923570197075605,0.06592516601085663,-0.38363566994667053,-0.3179581491276622,-0.07357050478458405,-0.3793812692165375,-0.29417267721146345,0.08271002408230076,-0.6193617979685564,0.16003666502056954,-0.0074591600533688894,-0.0018251664710767631,0.0,0.4774424579671205,0.44500580766659725,4.084600265917018,0.13354051026890987,1.4541842096808022
idle,anu,swipe_right,0.11457701027393341,0.026156842708587646,-0.3767724661156535,-0.12011899054050446,0.08264243602752686,-0.3998625008389354,0.08205826580524445,-0.15135043859481812,-0.20851958077400923,-0.09974043071269989,-0.14293134212493896,-0.2364187864586711,0.06437589228153229,-0.38437342643737793,-0.29747215192765,-0.07523705065250397,-0.3793574273586273,-0.29417267721146345,0.20731850103898256,-0.888593269116941,0.0,0.04515413082007156,0.0007224805427319996,0.14431910081343058,0.4760552500659365,0.4211220653956071,62.41236377907415,0.2333106438386212,4.6555013757028
idle,anu,swipe_right,0.12591566145420074,-0.005967915058135986,-0.3768455873359926,-0.11406628787517548,0.08305203914642334,-0.3808877061237581,0.08329178392887115,-0.1591583490371704,-0.17408736451761797,-0.09750388562679291,-0.14251089096069336,-0.22448626562254503,0.06437654793262482,-0.38542622327804565,-0.25245418056147173,-0.0747375339269638,-0.37894782423973083,-0.28151871665613726,0.3435954903111368,-0.9734775080825498,-0.002215794555730024,0.18341523228269926,0.012412215724136089,0.5749937792478051,0.4741991361482644,0.40404070617882265,14.775803172909432,0.3529564211827471,13.711358114739157
idle,anu,swipe_right,0.1353338062763214,-0.052759140729904175,-0.3768883456941694,-0.10970509052276611,0.08099624514579773,-0.35789738199673593,0.08022132515907288,-0.17024430632591248,-0.16120211384259164,-0.09543365240097046,-0.1422564685344696,-0.2234641422983259,0.06311079859733582,-0.3890737295150757,-0.21666685841046274,-0.07562264800071716,-0.3789184093475342,-0.2542549481149763,0.28539832794304737,-1.4179159294475052,-0.0012957078235393078,0.13215749552755499,-0.062296787897745086,0.6966764886976341,0.472678385804687,0.37946619145233584,2.12138343891884,0.201280005912796,4.597227632891145
idle,anu,swipe_right,0.14920681715011597,-0.09478381276130676,-0.3942218276497442,-0.10242262482643127,0.07941004633903503,-0.3579829486843664,0.08051782846450806,-0.172561377286911,-0.16128768053022213,-0.09155753254890442,-0.1420970857143402,-0.22354970898595639,0.063937246799469,-0.3922213017940521,-0.21045921769109555,-0.07437264919281006,-0.37936219573020935,-0.2543405148026068,0.4203942689028607,-1.2734749100424887,-0.5252570289568071,0.22068077867681088,-0.04806663050795994,-0.002592929928196622,0.47116931704772863,0.35987311142776823,4.591047579103497,0.33011560374851107,21.36345559485433
idle,anu,swipe_right,0.15928450226783752,-0.1293717622756958,-0.4247985875699669,-0.09707802534103394,0.07694089412689209,-0.3503384387586266,0.08258351683616638,-0.1725051999092102,-0.1613968110177666,-0.08832898736000061,-0.14126050472259521,-0.22365883947350085,0.0638294517993927,-0.3933996856212616,-0.20215950370766222,-0.07573670148849487,-0.38083863258361816,-0.25444964529015124,0.30538439750671875,-1.04811968225423,-0.9265684824310052,0.1619575601635583,-0.07482279430736315,0.231651815931514,0.46820103362969806,0.3583163024886694,2.16451947756438,0.2913637739214513,7.362757751342688
idle,anu,swipe_right,0.17402778565883636,-0.17227187752723694,-0.4248536555096507,-0.09687341749668121,0.07761719822883606,-0.3467638222500682,0.08763514459133148,-0.16956540942192078,-0.1614518789574504,-0.08734284341335297,-0.13818451762199402,-0.1974911568686366,0.06278710067272186,-0.39237070083618164,-0.1998022524639964,-0.07719488441944122,-0.37804630398750305,-0.25450471322983503,0.4467661633635963,-1.3000034924709294,-0.0016687254449634658,0.006200237707658179,0.020494063695271583,0.10832171238055616,0.46532592353461133,0.3338654160451177,0.3025234661304632,0.3436650918908935,6.677399168169402
idle,anu,swipe_right,0.18376772105693817,-0.22624853253364563,-0.4248977992683649,-0.09393058717250824,0.07744172215461731,-0.34646267630159855,0.09731458127498627,-0.16861167550086975,-0.1614960227161646,-0.08686433732509613,-0.13576063513755798,-0.1975353006273508,0.06322364509105682,-0.3927007019519806,-0.19010362960398197,-0.07718576490879059,-0.3779608905315399,-0.25454885698854923,0.2951495575182413,-1.635656212315441,-0.0013376896580060537,0.08917667649009153,-0.00531745679450766,0.009125634802110413,0.46488716791790835,0.31203445492913967,16.767396997975762,0.1804470736875404,3.9962316719279083
idle,anu,swipe_right,0.19442692399024963,-0.2618422210216522,-0.4249595021829009,-0.09242686629295349,0.07549735903739929,-0.3276361143216491,0.10494735836982727,-0.16809716820716858,-0.16087985690683126,-0.08647370338439941,-0.13530007004737854,-0.20867193397134542,0.06352946162223816,-0.3951275646686554,-0.186888269148767,-0.0768134593963623,-0.38075944781303406,-0.25461055990308523,0.3230061494942832,-1.0785966208486728,-0.0018697852889696552,0.04556729938044642,-0.0589200944611514,0.5705018781802809,0.4623275720421731,0.3026169864430574,0.7733613877537598,0.29946862782817224,17.139794345278247
idle,anu,swipe_right,0.20369777083396912,-0.285873681306839,-0.32436289358884096,-0.09071511030197144,0.07597389817237854,-0.327616055496037,0.11373785138130188,-0.16747936606407166,-0.13932581711560488,-0.08566108345985413,-0.13451263308525085,-0.22330300975590944,0.06524232029914856,-0.3960724174976349,-0.1668228106573224,-0.07511502504348755,-0.3821088373661041,-0.25459050107747316,0.2809347528399812,-0.7282260692480759,3.0483820786078435,0.05187139366612233,0.014440579847855843,0.0006078432003656957,0.4641291704435631,0.23692309083522972,3.591808805725901,0.3857790580760171,17.41305942175685
idle,anu,swipe_right,0.2167266309261322,-0.3090698719024658,-0.28524565510451794,-0.09064432978630066,0.0765542984008789,-0.32765880040824413,0.12207290530204773,-0.17111730575561523,-0.1168415080755949,-0.08613210916519165,-0.13400858640670776,-0.22334575466811657,0.06552955508232117,-0.3976430594921112,-0.13981941156089306,-0.0743248462677002,-0.38209351897239685,-0.253252474591136,0.39481394218676646,-0.7029148665341576,1.1853708631613227,0.0021448641112356815,0.01758788571213259,-0.0012953003699129485,0.46493058325430175,0.22771595819072354,0.1219442860872182,0.5616802251647293,1.5109806931050374
idle,anu,swipe_right,0.22545704245567322,-0.3284679055213928,-0.2525982093065977,-0.09218576550483704,0.07733625173568726,-0.327651871368289,0.12781867384910583,-0.1789122223854065,-0.08864605240523815,-0.08613455295562744,-0.13322663307189941,-0.22333882562816143,0.06502065062522888,-0.39799273014068604,-0.11576255224645138,-0.07482758164405823,-0.3813115656375885,-0.2518184017390013,0.2645579251376036,-0.5878192005735391,0.9893165393309051,-0.046710173288980604,0.023695555600252757,0.00020997090773148739,0.4651987124275286,0.22203048012603432,1.9711798658401802,0.450066065915178,1.4926769982730965
swipe_right,anu,swipe_right,0.22864724695682526,-0.33469754457473755,-0.2525639161467552,-0.09361706674098969,0.07734614610671997,-0.34470822662115097,0.1321507841348648,-0.18530607223510742,-0.08861175924539566,-0.08631066977977753,-0.1332167387008667,-0.22330453246831894,0.06480498611927032,-0.3980700671672821,-0.11572825908660889,-0.07529143989086151,-0.3813016712665558,-0.2517841085791588,0.09667286367127544,-0.18877694101044926,0.0010391866618936877,-0.04337276473189915,0.0002998294252337879,-0.5168592500867348,0.46832525096838623,0.2226754591309647,144.17726822498244,0.5120983053095404,15.685121233137604
swipe_right,anu,swipe_right,0.2342313826084137,-0.34786081314086914,-0.25257424637675285,-0.09564068913459778,0.07774704694747925,-0.34798387810587883,0.13758441805839539,-0.19254976511001587,-0.0886220894753933,-0.08755090832710266,-0.1328887939453125,-0.22490758821368217,0.0635937750339508,-0.39788034558296204,-0.11573858931660652,-0.07646059989929199,-0.3809737265110016,-0.2517944388091564,0.16921623186631451,-0.3988869262464075,-0.0003130372726555992,-0.061321890715396093,0.012148510326038574,-0.09926216620387344,0.4690895778608165,0.22437277862419933,5.047272611800026,0.42421998945584416,12.671228946036402
swipe_right,anu,swipe_right,0.23709382116794586,-0.3526265323162079,-0.25257424637675285,-0.09799264371395111,0.08090373873710632,-0.35239748284220695,0.140890434384346,-0.2009054720401764,-0.0886220894753933,-0.08969105780124664,-0.13098272681236267,-0.22503214702010155,0.06126447021961212,-0.3968886733055115,-0.11573858931660652,-0.07862718403339386,-0.3791321814060211,-0.2523640803992748,0.08674056241006467,-0.144415732586021,0.0,-0.07127135088949414,0.09565732695839517,-0.13374559807054778,0.47118441236407943,0.22715434141339072,0.7450616496825446,0.6006268169680279,2.754380647534287
swipe_right,anu,swipe_right,0.24023419618606567,-0.3600618839263916,-0.2539515309035778,-0.10064160823822021,0.08394879102706909,-0.36174578592181206,0.14309412240982056,-0.20765149593353271,-0.0932312123477459,-0.09041860699653625,-0.13055914640426636,-0.2298632226884365,0.06088387966156006,-0.39662110805511475,-0.11599351838231087,-0.07933589816093445,-0.3779994547367096,-0.2523640803992748,0.09516287933696552,-0.22531368515708589,-0.041735894752271914,-0.0802716522505802,0.09227431181705506,-0.28328191150318943,0.47519940293433544,0.22920629599806505,0.8699147222577442,0.422355423795921,4.540761137624944
swipe_right,anu,swipe_right,0.24221858382225037,-0.3615359663963318,-0.25410202890634537,-0.10274028778076172,0.08431720733642578,-0.37370584160089493,0.14180848002433777,-0.2124420404434204,-0.09485179930925369,-0.0917021632194519,-0.13019073009490967,-0.23927580565214157,0.059764355421066284,-0.3968760371208191,-0.12387590855360031,-0.08001622557640076,-0.37732699513435364,-0.26703525334596634,0.060132958672262746,-0.044669165755762706,-0.004560545538410946,-0.06359634977398426,0.011164130586566224,-0.3624259296691739,0.4743525767576288,0.22693018415894095,5.695979037674918,1.3461548139544401,3.4710798915843677
swipe_right,anu,swipe_right,0.24105027318000793,-0.36526232957839966,-0.2618483826518059,-0.10491842031478882,0.0850900411605835,-0.373709999024868,0.14064016938209534,-0.21688061952590942,-0.09756545722484589,-0.09283196926116943,-0.12941789627075195,-0.23927996307611465,0.058900386095047,-0.3965360224246979,-0.12816355377435684,-0.0802132785320282,-0.3754160702228546,-0.2673744186758995,-0.035403352795225766,-0.11292009642630092,-0.23473799228668588,-0.06600401618264043,0.0234192067926584,-0.00012598254463889582,0.4732689280949614,0.22809703790558405,2.8182507851865295,0.31352292809459315,10.985307636665167
swipe_right,anu,swipe_right,0.24048805236816406,-0.3656753897666931,-0.2618395984172821,-0.1060154139995575,0.08772590756416321,-0.37370121479034424,0.14007794857025146,-0.22089937329292297,-0.09755667299032211,-0.09333717823028564,-0.12715932726860046,-0.23927117884159088,0.0584222674369812,-0.3944576680660248,-0.13566051423549652,-0.07999137043952942,-0.3727802038192749,-0.26736563444137573,-0.017036994298298965,-0.012516975402831894,0.0002661889249628211,-0.033242232871777716,0.07987473950241464,0.0002661889249628211,0.4733396086456971,0.2233775523002749,0.4161743362735666,1.3610023785831016,1.9780047217481083
swipe_right,anu,swipe_right,0.24008308351039886,-0.3650205433368683,-0.26413992419838905,-0.1068839281797409,0.08856293559074402,-0.37371182814240456,0.1370210498571396,-0.22231879830360413,-0.09756728634238243,-0.09349723160266876,-0.12737944722175598,-0.2392817921936512,0.058076366782188416,-0.3907645344734192,-0.13567112758755684,-0.07970516383647919,-0.3688633441925049,-0.26737624779343605,-0.012271783568642551,0.01984383120681332,-0.06970684185172683,-0.02631861152070983,0.02536448565396436,-0.0003216167291005504,0.4704091222709458,0.224261966718517,1.0375756995055407,0.6183868958497003,1.6651921363568964
swipe_right,anu,swipe_right,0.23633739352226257,-0.3698015511035919,-0.26451385393738747,-0.10796639323234558,0.08799710869789124,-0.3605595864355564,0.1333332359790802,-0.22177758812904358,-0.0979459173977375,-0.09382572770118713,-0.1271115243434906,-0.22485804930329323,0.0572226345539093,-0.38809874653816223,-0.13566990569233894,-0.07899358868598938,-0.3660942316055298,-0.26737502589821815,-0.11350575721625002,-0.1448790232340479,-0.011331204212072999,-0.032801971291050405,-0.01714626948038718,0.39855277899539393,0.4644585353552839,0.22139929367645889,1.9129559565485843,0.7834465696687941,12.15714302609819
swipe_right,anu,swipe_right,0.2323395162820816,-0.3791148066520691,-0.2668111380189657,-0.10868243873119354,0.08252966403961182,-0.34258011542260647,0.13083423674106598,-0.2272084355354309,-0.098851403221488,-0.09408043324947357,-0.13067632913589478,-0.20657688938081264,0.057223811745643616,-0.38773930072784424,-0.13568719290196896,-0.07806341350078583,-0.36596667766571045,-0.24813362024724483,-0.12114779515699774,-0.2822198651053658,-0.06961466913873422,-0.021698348449937985,-0.16568014115998056,0.5448324549378711,0.45935458382389865,0.21893693351374344,0.130964503853738,0.4292659053106077,6.326249849846582
swipe_right,anu,swipe_right,0.21910986304283142,-0.39799603819847107,-0.2670228611677885,-0.10948553681373596,0.07986608147621155,-0.29035509936511517,0.11870655417442322,-0.2344648540019989,-0.0992355402559042,-0.09458962082862854,-0.13400432467460632,-0.1677235495299101,0.05671343207359314,-0.38772836327552795,-0.11482818238437176,-0.07736614346504211,-0.36618709564208984,-0.21084907464683056,-0.4008985830075877,-0.57215853170916,-0.006415852994629934,-0.024336305531588855,-0.08071462313334275,1.5825762441664284,0.45422054138152246,0.22280315569995235,0.3015067540441968,0.7006762289007401,31.552109305247164
swipe_right,anu,swipe_right,0.18872246146202087,-0.41512835025787354,-0.3550135148689151,-0.11069333553314209,0.08105131983757019,-0.1324083311483264,0.10420629382133484,-0.2422686517238617,-0.1005898891016841,-0.09568461775779724,-0.13363507390022278,-0.07141620200127363,0.05629643797874451,-0.38879671692848206,-0.07861007284373045,-0.07793989777565002,-0.36505186557769775,-0.14609068166464567,-0.9208303509336428,-0.5191609714970388,-2.666383445488655,-0.03659996119412469,0.03591631398056453,4.786265703539001,0.4475131801838179,0.3076180576181385,1.0190060763989632,1.7736860584729772,97.14652118980365
swipe_right,anu,swipe_right,0.16206172108650208,-0.4289535880088806,-0.35589722264558077,-0.11186367273330688,0.08424603939056396,-0.10495141614228487,0.09002545475959778,-0.2539699971675873,-0.10597797203809023,-0.09643799066543579,-0.1304481029510498,-0.03331822995096445,0.05558183789253235,-0.3896024823188782,-0.05205873120576143,-0.07834973931312561,-0.36214470863342285,-0.0841347323730588,-0.8079012235005826,-0.41894659851537275,-0.02677902353532429,-0.035464763641357984,0.09680968342405531,0.8320277274558171,0.44813080454020876,0.32435212952045245,0.366331094740994,1.928406383909461,119.8396053202746
swipe_right,anu,swipe_right,0.13313661515712738,-0.4430786669254303,-0.47101426403969526,-0.1126004010438919,0.08688494563102722,-0.06172931473702192,0.08146916329860687,-0.26149851083755493,-0.14449700992554426,-0.09662894904613495,-0.1279195249080658,0.00011606828775256872,0.05558215081691742,-0.3871959149837494,-0.05205878894776106,-0.0785789042711258,-0.3596563935279846,-0.04143145214766264,-0.8765183614961932,-0.42803269444089476,-3.488395193761007,-0.022325100320757997,0.07996685577161297,1.3097606486443174,0.44829525208982474,0.4297223138413697,0.2791759276942245,2.0477788848868945,14.491220722819278
swipe_right,anu,swipe_right,0.1057060956954956,-0.44938719272613525,-0.5516215730458498,-0.11295032501220703,0.0916423499584198,-0.05472244694828987,0.07222121953964233,-0.25679880380630493,-0.22302660532295704,-0.09631121158599854,-0.1233961284160614,0.00018430163618177176,0.05797529220581055,-0.3824962079524994,-0.051990555599331856,-0.0780971348285675,-0.3550240695476532,-0.04136321879923344,-0.831227862473681,-0.1911674485062087,-2.4426457274592015,-0.010603756615609717,0.1441637674967432,0.21232932693127196,0.44822327489443325,0.5063435464587264,0.0735530379560267,4.348143582107299,33.314238873312014
swipe_right,anu,swipe_right,0.08423195779323578,-0.44881482422351837,-0.6373183859977871,-0.11313207447528839,0.09221471846103668,-0.054654553765431046,0.06483207643032074,-0.25622643530368805,-0.2905057726893574,-0.09600189328193665,-0.12285540997982025,0.0026308319065719843,0.05912454426288605,-0.3819238394498825,-0.05192266241647303,-0.07757069170475006,-0.3545062839984894,-0.04129532561637461,-0.6507314515836414,0.01734450007929974,-2.5968731197557178,-0.005507559487314023,0.01734450007929974,0.002057369177540176,0.44833328558086694,0.5897397216106959,0.3175209398480698,37.51586570630094,7.4426731050495984
swipe_right,anu,swipe_right,0.06273718178272247,-0.44869810342788696,-0.6376862325705588,-0.11333446204662323,0.09227374196052551,-0.05458666058257222,0.057422295212745667,-0.25610971450805664,-0.323057780507952,-0.09571321308612823,-0.12294664978981018,0.002698725089430809,0.06025315821170807,-0.3815747797489166,-0.07598875695839524,-0.0770648866891861,-0.3545115292072296,-0.04122743243351579,-0.6513568488034264,0.003536993807012346,-0.011146865841565587,-0.0061329567071162615,0.0017885908936009067,0.002057369177540121,0.44845404402880773,0.5656993592570971,3.4270160454247156,184.10344515369962,0.4717719876534344
swipe_right,anu,swipe_right,0.03558856248855591,-0.4540693461894989,-0.6393769452115521,-0.11327022314071655,0.09227374196052551,-0.061570293619297445,0.05166119337081909,-0.25610971450805664,-0.3485739597817883,-0.09533524513244629,-0.12584629654884338,0.00027508940547704697,0.0630982518196106,-0.3815747797489166,-0.11535640002693981,-0.07631412148475647,-0.355106383562088,-0.04648604930844158,-0.8226854331565757,-0.16276493217006133,-0.05123371639373709,0.0019466335123235839,0.0,-0.21162524353713133,0.44915728268465677,0.5297261339089071,1946.633512323584,5.054408021311342,6.480084472977368
swipe_right,anu,swipe_right,0.013965338468551636,-0.4582389146089554,-0.7159172159736045,-0.11234897375106812,0.08879798650741577,-0.0850141582195647,0.0495467483997345,-0.25633862614631653,-0.3580481571261771,-0.09535983204841614,-0.1295839548110962,-0.0052892102976329625,0.06309542059898376,-0.3825584053993225,-0.12796270969556645,-0.0755256712436676,-0.356687068939209,-0.06793445470975712,-0.655249212727395,-0.12635055816534654,-2.3194021443045925,0.027916648171164467,-0.10532592282150616,-0.7104201394020304,0.4473305338402654,0.5948376298596314,0.2650476005880646,5.185921109654389,15.46833430678011
swipe_right,anu,swipe_right,-0.00547906756401062,-0.4614478647708893,-0.7159290869003598,-0.10693955421447754,0.08867502212524414,-0.14382333645880863,0.04820123314857483,-0.25646159052848816,-0.3974121768242185,-0.0944470465183258,-0.12970691919326782,-0.011913791879123892,0.06284430623054504,-0.38268136978149414,-0.15892953763068363,-0.07566243410110474,-0.3568100333213806,-0.07077742705405399,-0.5892244252291527,-0.09724091399799586,-0.00035972505319284615,0.16392180413910656,-0.003726193399140288,-1.7820963102800993,0.4525161850692595,0.5666751644692111,43.97995665503074,6.059366799807092,32.879970970145756
swipe_right,anu,swipe_right,-0.03827226161956787,-0.4621436595916748,-0.7091352269053459,-0.10547098517417908,0.08797922730445862,-0.14879996329545975,0.04459857940673828,-0.2699108421802521,-0.4001420959830284,-0.09419408440589905,-0.13040271401405334,-0.0273765716701746,0.06262385845184326,-0.38337716460227966,-0.15891993790864944,-0.07588288187980652,-0.35750582814216614,-0.07178831845521927,-0.9937331531987204,-0.021084691538955563,0.20587454530345534,0.04450209213025713,-0.021084691538955563,-0.15080687383791516,0.4530598017081632,0.5649080031510416,2.1105351013999254,47.12831691399877,49.56808500420698
swipe_right,anu,swipe_right,-0.058556944131851196,-0.4597078561782837,-0.7090830076485872,-0.10541373491287231,0.08733552694320679,-0.14874774403870106,0.038957834243774414,-0.288253515958786,-0.4000898767262697,-0.09415799379348755,-0.13104641437530518,-0.02732435241341591,0.06258130073547363,-0.3874821066856384,-0.15886771865189075,-0.07588288187980652,-0.35814952850341797,-0.07173609919846058,-0.6146873488570637,0.07381222464821474,0.0015824017199602821,0.0017348564032352142,-0.019506071553085574,0.0015824017199602821,0.4530560664510985,0.568003430891952,0.08893474340902796,8.327604596420116,4.796503528129339
swipe_right,anu,swipe_right,-0.07113265991210938,-0.4611264765262604,-0.709039706736803,-0.10511159896850586,0.08671137690544128,-0.14870444312691689,0.03444838523864746,-0.30323734879493713,-0.40004657581448555,-0.09365254640579224,-0.1316194236278534,-0.027281051501631737,0.0625491738319397,-0.38985124230384827,-0.15882441774010658,-0.07597354054450989,-0.3581721782684326,-0.0716927982866764,-0.381082296371466,-0.04298849539323355,0.0013121488419446288,0.009155634677771512,-0.018913637508045845,0.0013121488419446288,0.45243916447834714,0.5706906832359798,0.4840502322012208,8.86454453316164,0.22573614890310895
swipe_right,anu,swipe_right,-0.07869264483451843,-0.46232548356056213,-0.6964084287174046,-0.10502567887306213,0.08658763766288757,-0.14869295852258801,0.03136110305786133,-0.3127913475036621,-0.4000350912101567,-0.09354811906814575,-0.13233467936515808,-0.027269566897302866,0.062498509883880615,-0.3912228047847748,-0.1557992179878056,-0.07597354054450989,-0.35712292790412903,-0.07168131368234754,-0.22909045219421134,-0.036333546493992265,0.3827660005878276,0.002603639255870444,-0.0037496740167790783,0.00034801831299608024,0.45128027452821645,0.5632484814231528,0.6941790313481682,6.3050312801369435,0.5014249488137419
swipe_right,anu,swipe_right,-0.07858599722385406,-0.4631212651729584,-0.6902544279582798,-0.10491903126239777,0.08701863884925842,-0.14869295852258801,0.031467750668525696,-0.31358712911605835,-0.38904912071302533,-0.09338749945163727,-0.13233479857444763,-0.027269566897302866,0.06259717047214508,-0.3920268416404724,-0.15547654824331403,-0.07586689293384552,-0.3572264611721039,-0.07159414188936353,0.0032317457777080757,-0.02411459431503732,0.1864848714886269,0.0032317457777080757,0.013060642011237723,0.0,0.45182072015423896,0.5576508625748978,0.2474226268739879,0.13401062132202626,0.5098680571782414
swipe_right,anu,swipe_right,-0.07841029763221741,-0.46094658970832825,-0.6902544279582798,-0.10474333167076111,0.08717381954193115,-0.14869295852258801,0.031643450260162354,-0.31418439745903015,-0.3861616929061711,-0.0932072103023529,-0.1318613886833191,-0.027269566897302866,0.0627129077911377,-0.3926241099834442,-0.15547654824331403,-0.07569119334220886,-0.3563016653060913,-0.07159414188936353,0.005324230049595773,0.06589925650394429,0.0,0.005324230049595773,0.00470244523250703,0.0,0.4510640308524872,0.5572890641104974,1.1319851271570676,0.08079225077488286,0.261095283966477
swipe_right,anu,swipe_right,-0.07813985645771027,-0.4527955949306488,-0.686604477930814,-0.10447289049625397,0.08625000715255737,-0.14869295852258801,0.031913891434669495,-0.31599465012550354,-0.38110823230817914,-0.09292338788509369,-0.13296711444854736,-0.026176235172897577,0.06298334896564484,-0.3944343626499176,-0.1543893893249333,-0.07542075216770172,-0.35796743631362915,-0.06912387209013104,0.008195187106276914,0.24699984174785922,0.11060454628684183,0.008195187106276914,-0.027994314829508156,0.0,0.4522216307705678,0.5536918755788759,0.2927342362886688,0.03317878209760369,0.9946230617026611
swipe_right,anu,swipe_right,-0.07442162930965424,-0.43443456292152405,-0.6865734243765473,-0.10393695533275604,0.08580833673477173,-0.15856791380792856,0.032664671540260315,-0.305753618478775,-0.38107717875391245,-0.09204097092151642,-0.13346046209335327,-0.026145181618630886,0.0636139065027237,-0.3950237035751343,-0.1543583357706666,-0.07479368150234222,-0.3584963381290436,-0.06909281853586435,0.11267354994109362,0.5563949093674257,0.0009410167959603546,0.016240459499937375,-0.013383952054110653,-0.2992410692527486,0.4541605081789257,0.551234909563243,1.2133371441513507,0.20250607174519622,9.0819858548059
swipe_right,anu,swipe_right,-0.06901690363883972,-0.4143979549407959,-0.6902348776347935,-0.10374915599822998,0.08621957898139954,-0.15857941703870893,0.03450453281402588,-0.27655431628227234,-0.3825383563525975,-0.09169220924377441,-0.13379332423210144,-0.02615668484941125,0.06385678052902222,-0.395494282245636,-0.15486001269891858,-0.0731315016746521,-0.35905396938323975,-0.0715745915658772,0.16377956578225622,0.6071699388099373,-0.11095312903776192,0.005690888925032119,0.012461886261448578,-0.00034858275092008957,0.4547260859958144,0.5519411298234739,0.4566268844670223,0.2697421027812468,9.096766763569011
swipe_right,anu,swipe_right,-0.06059405207633972,-0.38789433240890503,-0.6931795813143253,-0.10366800427436829,0.08605995774269104,-0.15858549252152443,0.042730122804641724,-0.2512536942958832,-0.38614821806550026,-0.09156906604766846,-0.13421174883842468,-0.026162760332226753,0.06466558575630188,-0.39461106061935425,-0.1554630734026432,-0.07275044918060303,-0.3593508005142212,-0.07209144905209541,0.2552379261363608,0.8031400767239569,-0.08923344483429638,0.0024591431473240436,-0.004837007233590738,-0.0001841055398637578,0.45478330921403104,0.55215408554909,0.5082967074232511,0.3177996164478177,0.5333014364406303
swipe_right,anu,swipe_right,-0.04715259373188019,-0.3597816824913025,-0.7244103453122079,-0.10377340018749237,0.08615982532501221,-0.15861847018823028,0.05804361402988434,-0.2278462052345276,-0.3861811957322061,-0.09120865166187286,-0.1340731978416443,-0.0261957379989326,0.06504495441913605,-0.3943150043487549,-0.15555416559800506,-0.07235424220561981,-0.35961660742759705,-0.08955323463305831,0.4073169195290833,0.8518984823516057,-0.9463867878146395,-0.003193815549214732,0.003026290373368745,-0.0009993232335105246,0.4521877909101735,0.580842657979463,1.055007995701674,0.4781279105895392,0.29450425445801515
swipe_right,anu,swipe_right,-0.035372063517570496,-0.3263727128505707,-0.7244164745789021,-0.10404275357723236,0.08628317713737488,-0.1624036382418126,0.07185773551464081,-0.20363536477088928,-0.382583538768813,-0.0908769816160202,-0.13409563899040222,-0.026201867265626788,0.06525175273418427,-0.3926324248313904,-0.17017508554272354,-0.07060457766056061,-0.3597286343574524,-0.10045064496807754,0.3569857640699868,1.0123930194161044,-0.00018573535436933487,-0.008162223931514766,0.003737933707959683,-0.11470206222976573,0.4515338536334868,0.5671851718350902,2.183035209781467,0.3526154414423323,3.4488928199506423
swipe_right,anu,swipe_right,-0.02551591396331787,-0.2935498356819153,-0.7244444552343339,-0.10485184192657471,0.08528152108192444,-0.16243161889724433,0.08598822355270386,-0.17401710152626038,-0.3809237543027848,-0.0902637243270874,-0.1314617097377777,-0.026229847921058536,0.06578439474105835,-0.3895951807498932,-0.19331230851821601,-0.06931120157241821,-0.36103957891464233,-0.12220431002788246,0.29867119861372066,0.9946326414744218,-0.0008478986494469056,-0.024517828767950275,-0.03035321380152895,-0.0008478986494469056,0.44953742647058864,0.5474137484152304,0.8077240586186852,0.3002826228268103,3.635414360016167
swipe_right,anu,swipe_right,-0.009410649538040161,-0.25186964869499207,-0.7245283361990005,-0.10594293475151062,0.08787605166435242,-0.16251549986191094,0.09894278645515442,-0.16019365191459656,-0.3740874466020614,-0.08907410502433777,-0.12723025679588318,-0.028294991003349423,0.06693074107170105,-0.38918885588645935,-0.20095252362079918,-0.06798064708709717,-0.3622501492500305,-0.1377295043785125,0.488038315917501,1.2630359693006896,-0.0025418474141395172,-0.03306341893745155,0.07862213886145303,-0.0025418474141395172,0.45240366665891885,0.5466408364738642,0.4205303860446829,0.3864006579219253,3.312818976347657
idle,anu,swipe_right,0.00033445656299591064,-0.2156936526298523,-0.7236883358564228,-0.10519926249980927,0.08752471208572388,-0.17993733449839056,0.11027051508426666,-0.14872556924819946,-0.36756745143793523,-0.08753584325313568,-0.12702417373657227,-0.04494282393716276,0.06845004856586456,-0.38753026723861694,-0.22822556062601507,-0.0663757473230362,-0.36291781067848206,-0.17217302485369146,0.29530624548594625,1.096242305004253,0.025454555835688158,0.0225355227788293,-0.010646653897834717,-0.5279343829236331,0.4521791858866594,0.5288203075082498,2.1164777701322612,0.2693802043195152,16.236811446813967
idle,anu,swipe_right,0.007750794291496277,-0.17438086867332458,-0.598320379620418,-0.1061585396528244,0.08676669001579285,-0.20819914317689836,0.11754100024700165,-0.14981183409690857,-0.3252351728733629,-0.08560909330844879,-0.12861058115959167,-0.06455638981424272,0.07002876698970795,-0.38900500535964966,-0.24353519058786333,-0.06474868953227997,-0.36725306510925293,-0.18471232033334672,0.22473750692425104,1.2519025441371896,3.7990289768485894,-0.029069004636822007,-0.022970365755485514,-0.8564184448032575,0.4565088658263899,0.41930251166504484,1.265445204531663,0.1795166312746082,10.083065476153475
idle,anu,swipe_right,0.012125641107559204,-0.13347414135932922,-0.5196581033524126,-0.10805612802505493,0.08458104729652405,-0.2408395258244127,0.11797413229942322,-0.15199747681617737,-0.2935830799397081,-0.08517596125602722,-0.13079622387886047,-0.08558226353488863,0.07037237286567688,-0.3901999294757843,-0.25224120891653,-0.0643155574798584,-0.3706538677215576,-0.190174296265468,0.13257111563826907,1.2395977973937853,2.383705341454682,-0.05750267794637906,-0.06623159755359924,-0.9891025044701207,0.4601293631680116,0.37525005992571014,0.8681930057151175,0.10694679271793049,4.315928986421665
idle,anu,swipe_right,0.022669777274131775,-0.09478279948234558,-0.46118479943834245,-0.11011667549610138,0.08158919215202332,-0.25093081570230424,0.11806701123714447,-0.15511688590049744,-0.2633748052176088,-0.08508308231830597,-0.13391563296318054,-0.0931259689386934,0.07021443545818329,-0.39218342304229736,-0.25820493674837053,-0.06422267854213715,-0.37415650486946106,-0.19841133034788072,0.3195192777749315,1.1724649053631593,1.7719183004263959,-0.06244083245595396,-0.09066227710608425,-0.30579666296641517,0.461051727739852,0.3631920291985031,0.6887113994665395,0.2725190355756773,20.72000839622936
idle,anu,swipe_right,0.032002463936805725,-0.049525678157806396,-0.41724004223942757,-0.10957737267017365,0.08076560497283936,-0.2750386483967304,0.11881180107593536,-0.15633481740951538,-0.24882372096180916,-0.08433829247951508,-0.14055341482162476,-0.12226015701889992,0.07094545662403107,-0.3930327594280243,-0.2645268328487873,-0.06347788870334625,-0.377149760723114,-0.20899440720677376,0.28280868674769233,1.3714279189254148,1.3316593090580122,0.01634250987659783,-0.024957187247998513,-0.7305403846795732,0.4649446056863373,0.3779351741828364,0.6547955472170117,0.20621461516889078,13.241113692763543
idle,anu,swipe_right,0.04770055413246155,-0.019483745098114014,-0.37643551360815763,-0.11015570163726807,0.08055949211120605,-0.2817565156146884,0.11718699336051941,-0.15654093027114868,-0.23283192049711943,-0.08432209491729736,-0.1419006586074829,-0.1239769859239459,0.0710894763469696,-0.390591561794281,-0.26780455838888884,-0.0639677345752716,-0.37750443816185,-0.21396600734442472,0.47569970289866886,0.9103616078694806,1.2365008676142601,-0.017525120214982745,-0.006245844291918305,-0.2035717338775176,0.4653508843121069,0.3873870644809955,2.8054357361933002,0.5225387101651151,16.011734954261993
idle,anu,swipe_right,0.06521907448768616,0.004131823778152466,-0.3743852926418185,-0.11020445823669434,0.07869616150856018,-0.3015495790168643,0.11519697308540344,-0.15840426087379456,-0.23086088430136442,-0.0837346613407135,-0.14376398921012878,-0.14373163413256407,0.07213595509529114,-0.39058467745780945,-0.2695155991241336,-0.06405821442604065,-0.37938621640205383,-0.22162968944758177,0.5308642531886187,0.7156232992807946,0.06212790807088148,-0.0014774727098869392,-0.056464563716541016,-0.5997898000659299,0.46728591838278327,0.4084686183830921,0.026165907371507008,0.7418197701253849,12.112428739819563
idle,anu,swipe_right,0.08008454740047455,0.033750712871551514,-0.35397322196513414,-0.10892976820468903,0.07676452398300171,-0.3045830549672246,0.11463521420955658,-0.16033589839935303,-0.21928675193339586,-0.08185924589633942,-0.14569562673568726,-0.14929759223014116,0.07427112758159637,-0.3897118866443634,-0.2748928191140294,-0.06265775859355927,-0.3813178539276123,-0.227084887214005,0.45046887614509784,0.8975420937393552,0.6185475962631563,0.03862697066682715,-0.058534470471468196,-0.09192351364728076,0.46689027600797306,0.4308225611012725,0.6598899838971142,0.5018910838791582,15.437923793960447
idle,anu,swipe_right,0.09421661496162415,0.05110776424407959,-0.35394374723546207,-0.10645750164985657,0.0770266056060791,-0.314231377793476,0.1136525571346283,-0.1598990559577942,-0.2192572772037238,-0.07793152332305908,-0.14679402112960815,-0.15775410528294742,0.0786190927028656,-0.3893481194972992,-0.2797046124469489,-0.058896541595458984,-0.3824162483215332,-0.23282396490685642,0.4282444715499946,0.5259712537129804,0.0008931736264265087,0.07491716832825751,0.00794186736598172,-0.29237341897731944,0.4690170016314311,0.446940843241204,9.432005455500631,0.8141959362435967,6.493356531868621
idle,anu,swipe_right,0.10494174063205719,0.0638214647769928,-0.3539224062114954,-0.10752730071544647,0.07573208212852478,-0.3209290597587824,0.10840870440006256,-0.15882954001426697,-0.21923593617975712,-0.07831509411334991,-0.14841333031654358,-0.15966477431356907,0.07926823198795319,-0.3920314610004425,-0.28641305305063725,-0.05916754901409149,-0.3851715922355652,-0.23696350492537022,0.3250038081949372,0.3852636525125172,0.0006466976959596909,-0.032418153502724034,-0.03922798416831234,-0.2029600595547372,0.47097884987058447,0.461539306831113,0.8263826910131966,0.8435858469636736,4.468090625533349
idle,anu,swipe_right,0.11169366538524628,0.06734123826026917,-0.35387791227549314,-0.10882966220378876,0.07395347952842712,-0.3272177977487445,0.10492555797100067,-0.15747317671775818,-0.21919144224375486,-0.0785309225320816,-0.15017297863960266,-0.1635003788396716,0.07921473681926727,-0.3945835530757904,-0.29071984719485044,-0.06014205515384674,-0.3881531357765198,-0.23691901098936796,0.20460378039967256,0.10665980252352798,0.0013483010909774301,-0.03946549964673654,-0.05389704848780862,-0.19056781787764246,0.4733570300302501,0.46735247387425566,0.7322250202744052,1.9182659004889788,0.6198537917201209
idle,anu,swipe_right,0.12001127004623413,0.08422201871871948,-0.37623719591647387,-0.1122453510761261,0.07347548007965088,-0.3427511276677251,0.10411226749420166,-0.15267473459243774,-0.23067231196910143,-0.07945334911346436,-0.15108376741409302,-0.1855732323601842,0.08047926425933838,-0.3939443826675415,-0.3179352404549718,-0.06068861484527588,-0.38929659128189087,-0.26114840526133776,0.25204862609053824,0.5115388017712161,-0.6775540497266811,-0.10350572340416073,-0.014484831781098178,-0.47070696724183114,0.47273152146558123,0.48332701652903387,7.145307564541794,0.49272534652790484,8.789572255384419
idle,anu,swipe_right,0.12350381910800934,0.0842873752117157,-0.38586360588669777,-0.11494819819927216,0.07385686039924622,-0.3440893329679966,0.10359801352024078,-0.15298417210578918,-0.24970916286110878,-0.08158810436725616,-0.15114685893058777,-0.18750781193375587,0.0802818089723587,-0.3937949240207672,-0.33021924272179604,-0.06203944981098175,-0.38870716094970703,-0.26773324981331825,0.10583482005379301,0.001980499787764094,-0.29170939303708476,-0.08190445827715234,0.01155697938167675,-0.04055167576580292,0.4717998102344409,0.48324644039207476,7.086399410523107,53.41147180904623,13.075270027377668
idle,anu,swipe_right,0.12790504097938538,0.09013402462005615,-0.39102867897599936,-0.11579236388206482,0.0736657977104187,-0.34479144867509604,0.10416153073310852,-0.15272432565689087,-0.26314017828553915,-0.08326020836830139,-0.1514519453048706,-0.1890555089339614,0.0794704258441925,-0.39402085542678833,-0.33530066069215536,-0.06297478079795837,-0.3888077437877655,-0.267873621545732,0.13337035973866992,0.17717119419213778,-0.1565173663424748,-0.025580778266444757,-0.005789778449318718,-0.021276233548468148,0.4717921425787228,0.48975245975728704,4.417502498209774,0.7527725236276855,1.878985720245578
idle,anu,swipe_right,0.13240347802639008,0.09000608325004578,-0.3927752645686269,-0.11817915737628937,0.07357349991798401,-0.3487015338614583,0.10387144982814789,-0.1524437963962555,-0.2737702699378133,-0.08511434495449066,-0.15035519003868103,-0.19678169209510088,0.07712654769420624,-0.394132524728775,-0.3403457971289754,-0.0641040951013565,-0.3885570168495178,-0.2795702489092946,0.13631627415165606,-0.003877011212435593,-0.05292683614022746,-0.07232707558256128,-0.0027969028010512535,-0.11848742988976435,0.47039117917640993,0.49009650051660736,25.850460407483023,35.151077880984865,3.2699469547370157
idle,anu,swipe_right,0.13673798739910126,0.0888856053352356,-0.392787205055356,-0.11841641366481781,0.07641243934631348,-0.3488264847546816,0.10679654777050018,-0.15118622779846191,-0.2737822104245424,-0.08548130095005035,-0.14531874656677246,-0.19688268192112446,0.07878689467906952,-0.39521655440330505,-0.34035773761570454,-0.0634760707616806,-0.3880312740802765,-0.27958218939602375,0.1313487688700379,-0.03395387620636965,-0.0003618329311862194,-0.007189584500862005,0.08602846752513675,-0.0037863907037359898,0.47278026255281824,0.49036932945176204,0.08357118447538103,3.8683330214998097,4.818960061824979
idle,anu,swipe_right,0.13982751965522766,0.08892759680747986,-0.39276052732020617,-0.11720010638237,0.07645800709724426,-0.35201351065188646,0.10741594433784485,-0.15114423632621765,-0.27375553268939257,-0.08531957864761353,-0.14508870244026184,-0.1972757698968053,0.07836386561393738,-0.39438769221305847,-0.3403310598805547,-0.0639452338218689,-0.3870653212070465,-0.2803056361153722,0.09362218957958697,0.0012724688558867344,0.000808416216662427,0.03685779643781217,0.0013808409372965344,-0.09657654233954063,0.4720508199381365,0.4900207122409413,26.67296607229021,73.5174552144006,4.033309962264818
idle,anu,swipe_right,0.1431860327720642,0.08752456307411194,-0.39276052732020617,-0.11915567517280579,0.07695671916007996,-0.3530207397416234,0.10729026794433594,-0.1514318287372589,-0.27375553268939257,-0.08858856558799744,-0.14523252844810486,-0.19998909253627062,0.07598018646240234,-0.39460137486457825,-0.3403310598805547,-0.0663348138332367,-0.38730332255363464,-0.2811625422909856,0.10177312475262154,-0.04251617373842135,0.0,-0.05925966031623544,0.015112486752596603,-0.03052209362839174,0.47274837944251996,0.4896027929530888,3.920978744766109,2.393694495752726,3.5585505071366583
idle,anu,swipe_right,0.13736437261104584,0.08669063448905945,-0.38840307015925646,-0.12041907012462616,0.07704147696495056,-0.35201351065188646,0.10732494294643402,-0.15220960974693298,-0.270422232337296,-0.08953206241130829,-0.1458856165409088,-0.1973149450495839,0.07461772859096527,-0.3948538303375244,-0.3342906655743718,-0.06802769005298615,-0.3875904977321625,-0.2803056361153722,-0.1764139442732868,-0.025270563183409197,0.13204415639241746,-0.0382846955097089,0.002568418329412328,0.03052209362839256,0.4730430719155436,0.48862088091982114,14.900141044165936,6.9807294069210055,1.992570129255649
idle,anu,swipe_right,0.1322803497314453,0.08454859256744385,-0.3868245305493474,-0.12049555778503418,0.07820397615432739,-0.35108254570513964,0.10732579231262207,-0.15374600887298584,-0.26840798277407885,-0.09020072221755981,-0.1458340883255005,-0.1972757698968053,0.07381731271743774,-0.395692378282547,-0.3336840393021703,-0.06912562251091003,-0.3879285156726837,-0.2795555116608739,-0.15406129938183238,-0.06491036126107809,0.04783453363360728,-0.0023178078911520964,0.035227248162933884,0.028211058992327755,0.47437799989680784,0.48669623852032623,0.0657940150878926,2.373410392091254,1.4738482615335864
idle,anu,swipe_right,0.13136310875415802,0.08159661293029785,-0.38533059787005186,-0.11897142231464386,0.07981765270233154,-0.35105140041559935,0.10842205584049225,-0.15669071674346924,-0.26519919466227293,-0.09026186168193817,-0.14551270008087158,-0.1968248588964343,0.07457901537418365,-0.395663857460022,-0.33215616177767515,-0.06951601803302765,-0.3883238136768341,-0.27865130733698606,-0.027795181129918398,-0.08945392839836494,0.04527068725138072,0.046185923345161944,0.04889928933345988,0.0009437966527361008,0.4762814745862844,0.4835592109679199,0.9444918215148342,0.3107171580993232,1.736297594891246
idle,anu,swipe_right,0.12899334728717804,0.07908052206039429,-0.37463273853063583,-0.11689488589763641,0.07823002338409424,-0.35199280828237534,0.10783137381076813,-0.15834051370620728,-0.2540648505091667,-0.09079726040363312,-0.1471003293991089,-0.19729424268007278,0.0733247846364975,-0.3967130482196808,-0.33158405870199203,-0.07071836292743683,-0.3890816867351532,-0.27866175025701523,-0.07181095354484711,-0.07624517787586475,0.32417755573987606,0.06292534596992193,-0.048109979340523856,-0.02852751111442361,0.47527881265559446,0.4809695408468634,1.307920704015267,0.9418302076959376,3.113931558664356
idle,anu,swipe_right,0.1270049661397934,0.0782938301563263,-0.3555837622843683,-0.11439736187458038,0.07788798213005066,-0.35304236924275756,0.10763309895992279,-0.15873363614082336,-0.22806178545579314,-0.09033523499965668,-0.14744237065315247,-0.20001072203740478,0.07331286370754242,-0.39705508947372437,-0.31239709770306945,-0.07046540081501007,-0.3894237279891968,-0.28032726561650634,-0.06025397416317198,-0.023839148608121384,0.5772417044323594,0.07568254615321425,-0.010364886486169228,-0.0318048775873406,0.4749713021988714,0.48031710905891045,7.301116624631606,2.5274160473414944,1.2114313650966921
idle,anu,swipe_right,0.12576285004615784,0.07661953568458557,-0.35409905575215816,-0.11209532618522644,0.07788798213005066,-0.3531337287276983,0.10737058520317078,-0.15942242741584778,-0.2205489929765463,-0.08980652689933777,-0.14744237065315247,-0.20010208152234554,0.07311087846755981,-0.39705508947372437,-0.3072949256747961,-0.07003965973854065,-0.3894237279891968,-0.2812755312770605,-0.03763988162531956,-0.05073619611335468,0.04499110703666955,0.06975865725314902,0.0,-0.0027684692406292812,0.47467095343585675,0.4788846491821152,69758.65725314902,0.7418597106002132,0.951358962884772
idle,anu,swipe_right,0.125149205327034,0.0759139358997345,-0.3427124915178865,-0.10959048569202423,0.0761232078075409,-0.36530533409677446,0.10688124597072601,-0.16080370545387268,-0.21415513730607927,-0.08954529464244843,-0.14882251620292664,-0.2152745125349611,0.07394669950008392,-0.39705508947372437,-0.30714660859666765,-0.06906025111675262,-0.3894237279891968,-0.2917074558790773,-0.01859529451890405,-0.02138181166215353,0.34504740103853093,0.07590425736976308,-0.05347800977302261,-0.36883652633563635,0.47306796237179843,0.4770600880325709,1.4193280259286485,0.8696374832602934,11.212264059507195
idle,anu,swipe_right,0.12324483692646027,0.07461956143379211,-0.3420686738099903,-0.11102505028247833,0.07606586813926697,-0.3669332282152027,0.10589365661144257,-0.16337117552757263,-0.2133447842206806,-0.09050579369068146,-0.15135827660560608,-0.21549186273477972,0.07375510036945343,-0.39960548281669617,-0.30713173910044134,-0.06878949701786041,-0.390165776014328,-0.2938961701001972,-0.057708133350720024,-0.03922346866492132,0.019509627512007358,-0.043471654256185585,-0.001737565705270506,-0.04933012480085625,0.47380396772064653,0.47807867137716864,25.004320587021915,1.4712279175454774,10.453975498322382
idle,anu,swipe_right,0.11953242123126984,0.07121044397354126,-0.33978038450004533,-0.11350642144680023,0.07661956548690796,-0.37076874991180375,0.10461835563182831,-0.16412687301635742,-0.20775930007221177,-0.09144167602062225,-0.1545085310935974,-0.21817337890388444,0.07299216091632843,-0.40154507756233215,-0.30591356178047135,-0.07016341388225555,-0.39307668805122375,-0.29389008303405717,-0.11249744530879967,-0.10330658970457021,0.06934210030136159,-0.07519306558551128,0.016778707504272277,-0.11622793020003093,0.47791580462817573,0.4762465124848236,4.481190483586581,1.0889562483309287,2.3126626073960224
idle,anu,swipe_right,0.11813965439796448,0.0613531768321991,-0.32392687763785943,-0.11672887206077576,0.07483717799186707,-0.37073664035415277,0.10362109541893005,-0.1651017963886261,-0.18461317982291803,-0.09402802586555481,-0.15964117646217346,-0.21814126934623346,0.07215708494186401,-0.40328627824783325,-0.2870971080265008,-0.07022225856781006,-0.39830783009529114,-0.2938579734764062,-0.04220505555470852,-0.2987050648891612,0.4804092988541257,-0.0976500186053205,-0.05401174227396733,0.000973016898514662,0.48160086502962246,0.46835953266745867,1.8079070695950414,0.1412929314654835,4.204556595075176
idle,anu,swipe_right,0.11776664853096008,0.05514019727706909,-0.313979729602579,-0.11900371313095093,0.07390004396438599,-0.3707490708329715,0.10311824083328247,-0.16608327627182007,-0.18042604584479704,-0.09647396206855774,-0.15821778774261475,-0.21815369982505217,0.06839022040367126,-0.4018291234970093,-0.2850811030366458,-0.07155165076255798,-0.3984717130661011,-0.2938704039552249,-0.011303208091042134,-0.1882721077312102,0.3014287283418272,-0.06893457788409534,-0.02839800083275966,-0.0003766811763246813,0.48093357595824276,0.4605367763824395,2.427359268378762,0.06003623261575552,1.1667500841191076
idle,anu,swipe_right,0.11830918490886688,0.04935729503631592,-0.3090621529263444,-0.12109921872615814,0.06991910934448242,-0.37075075489701703,0.10091744363307953,-0.16822952032089233,-0.1790827510994859,-0.0986289530992508,-0.15694111585617065,-0.21815538388909772,0.06649692356586456,-0.39895910024642944,-0.28298923355760053,-0.07359631359577179,-0.39745432138442993,-0.2918050287407823,0.01644049630020586,-0.17523946184100334,0.14901747503741058,-0.06350016955173307,-0.12063438242131881,-5.103224380449759e-05,0.4763684261424923,0.4520529812192365,0.5263809694734408,0.09381678253691442,2.7999063557901263
idle,anu,swipe_right,0.122518390417099,0.04367178678512573,-0.28617876750649884,-0.12291470170021057,0.06229662895202637,-0.3659884033841081,0.10075199604034424,-0.17061245441436768,-0.15718531591119245,-0.10037532448768616,-0.1589844822883606,-0.2155323473853059,0.06518137454986572,-0.3983311355113983,-0.26741233450593427,-0.07517135143280029,-0.3981575071811676,-0.29114127141656354,0.12755168206764192,-0.17228812882394776,0.6934359218135135,-0.05501463557734722,-0.23098425431685382,0.14431368220936397,0.4689344646543796,0.4461012168945419,0.23817379918928044,0.7403350573440972,5.512342715770139
idle,anu,swipe_right,0.12698204815387726,0.04333454370498657,-0.2511099423863925,-0.12353761494159698,0.060699462890625,-0.3566779937245883,0.10270713269710541,-0.17051172256469727,-0.14785073656821623,-0.10127197206020355,-0.1587144136428833,-0.21497097570681944,0.06558926403522491,-0.3982981741428375,-0.2665484692552127,-0.07509951293468475,-0.3994191884994507,-0.28768558759475127,0.13526235565994577,-0.010219487276944135,1.062691670306241,-0.018876158829891115,-0.04839897155761665,0.2821336260460512,0.46777705714008505,0.44614670180039945,0.3900035107958776,13.234433153209542,7.018126334438362
idle,anu,swipe_right,0.12994301319122314,0.03564205765724182,-0.22856770415091887,-0.1270836442708969,0.054553061723709106,-0.3429336990811862,0.1032695472240448,-0.17149189114570618,-0.13899087865138426,-0.10349558293819427,-0.1581811010837555,-0.21457198221469298,0.0634581446647644,-0.3963334560394287,-0.2642198945977725,-0.07685720920562744,-0.39782485365867615,-0.2870552982785739,0.08972621325290707,-0.2331056378104507,0.6830981283476967,-0.10745543422121161,-0.18625458081563612,0.41649377707279756,0.45857482353628576,0.4385135811581457,0.5769246416706068,0.3849148788541466,6.421319176012265
idle,anu,swipe_right,0.13469788432121277,0.029609262943267822,-0.22232405823888257,-0.13069191575050354,0.05189990997314453,-0.34276586753549054,0.10461187362670898,-0.17254889011383057,-0.12788674217881635,-0.10449805855751038,-0.1556718945503235,-0.21093645674409345,0.06252184510231018,-0.3922862708568573,-0.2617985008400865,-0.07793661952018738,-0.3939869999885559,-0.2800942955655046,0.14408700393907795,-0.1828119610295131,0.18920139127382518,-0.10934155998807844,-0.08039853789589534,0.00508580441502002,0.45334973661482486,0.4298411959043675,1.3599774681498598,0.7881662390218421,12.873103175310106
idle,anu,swipe_right,0.13929279148578644,0.011752337217330933,-0.2152776211150922,-0.13515624403953552,0.04993531107902527,-0.3411704092868604,0.10431955754756927,-0.1772550642490387,-0.11994525935733691,-0.10773545503616333,-0.15392473340034485,-0.20799400802934542,0.060163095593452454,-0.3898070454597473,-0.256421604717616,-0.08098496496677399,-0.3915565013885498,-0.28009355958784,0.13923961104768542,-0.541118961392021,0.21352839769061532,-0.1352826754252101,-0.059533299821795185,0.048347219655459045,0.4489765356022965,0.4113444711852758,2.2723484752513015,0.2573174545058255,1.6541818000340551
idle,anu,swipe_right,0.14902396500110626,-0.010064125061035156,-0.1995570542057976,-0.13790901005268097,0.04771500825881958,-0.3274415166815743,0.10753907263278961,-0.18227910995483398,-0.10778209881391376,-0.10813583433628082,-0.1543194055557251,-0.20652056054677814,0.06002397835254669,-0.3885611593723297,-0.2514928908785805,-0.08096510171890259,-0.3897004723548889,-0.2791692645987496,0.29488404591878725,-0.6611049175262557,0.47638081543317656,-0.08341715191349972,-0.06728190364259769,0.4160270486450397,0.44373992574254023,0.39227328960406044,1.239797146041825,0.44604659873896224,11.254568709532247
idle,anu,swipe_right,0.1686369925737381,-0.03800538182258606,-0.19960089155938476,-0.1403782069683075,0.04679831862449646,-0.32748535403516144,0.11063824594020844,-0.18697485327720642,-0.09110818931367248,-0.108374685049057,-0.1540902554988861,-0.2065643979003653,0.06067840754985809,-0.3882729411125183,-0.22225009032990783,-0.08099909126758575,-0.3893720805644989,-0.2741109443595633,0.5943341688676249,-0.846704750350018,-0.0013284046541560633,-0.07482414895837874,-0.02777847376736697,-0.0013284046541560633,0.4434177760513282,0.3672266403411267,2.693504908875415,0.70193708808749,12.706329632773617
idle,anu,swipe_right,0.18333248794078827,-0.06879404187202454,-0.19957696925848722,-0.1402013748884201,0.046827226877212524,-0.3274614317342639,0.11386208236217499,-0.18682727217674255,-0.0896381763741374,-0.10677812993526459,-0.1550898253917694,-0.20654047559946775,0.06100325286388397,-0.38493838906288147,-0.22165512572973967,-0.07843892276287079,-0.38600292801856995,-0.27408702205866575,0.44531804142576986,-0.9329896984678475,0.0007249182090163347,0.005358547875375544,0.0008760076580625731,0.0007249182090163347,0.44046040808214126,0.3397044818785921,6.110035443947309,0.4773016946011025,2.5810214149837774
idle,anu,swipe_right,0.20340442657470703,-0.10368752479553223,-0.19953314494341612,-0.13952870666980743,0.047033607959747314,-0.3274176074191928,0.11788547039031982,-0.18664848804473877,-0.0895943520590663,-0.10518606007099152,-0.15763038396835327,-0.20649665128439665,0.06234273314476013,-0.38473281264305115,-0.22161130141466856,-0.07662476599216461,-0.38579654693603516,-0.27404319774359465,0.6082405646641983,-1.0573782704093124,0.0013280095476092568,0.020383885412504955,0.006253972198023872,0.0013280095476092568,0.44062191995871247,0.3152337230814435,3.2588290990237843,0.5752340543131207,0.4839451716514663
idle,anu,swipe_right,0.21695637702941895,-0.1377604603767395,-0.21135325729846954,-0.14013724029064178,0.047033607959747314,-0.3609924465417862,0.1204562783241272,-0.18664848804473877,-0.08962953835725784,-0.1059027910232544,-0.15763038396835327,-0.2220245748758316,0.06246909499168396,-0.38473281264305115,-0.2216464877128601,-0.07722799479961395,-0.38573548197746277,-0.2740783840417862,0.4106651652942959,-1.0325131994305121,-0.3581852228804029,-0.018440412752555875,0.0,-1.0174193673513041,0.4458707353410687,0.29149204738333007,18440.412752555876,0.397733189064906,30.89412377127286
idle,anu,swipe_right,0.22448793053627014,-0.1565866470336914,-0.2162256850861013,-0.14069877564907074,0.047033607959747314,-0.38472670456394553,0.12248653173446655,-0.18664848804473877,-0.08965867152437568,-0.10509899258613586,-0.15763038396835327,-0.23671633144840598,0.06086742877960205,-0.3847320079803467,-0.22167562087997794,-0.07779735326766968,-0.3855490982532501,-0.2870153202675283,0.2282288941470096,-0.5704905047561274,-0.14764932689793417,-0.01701622298269588,0.0,-0.719219940065446,0.4479195254432274,0.2808054061387366,17016.222982695883,0.4000566042514032,9.036449339578809
idle,anu,swipe_right,0.24143965542316437,-0.17314064502716064,-0.24601683160290122,-0.14066514372825623,0.04800349473953247,-0.4003297402523458,0.12884695827960968,-0.1866862177848816,-0.10319080343469977,-0.10397021472454071,-0.1576957106590271,-0.2558074011467397,0.062110111117362976,-0.3847627341747284,-0.22537432750687003,-0.07667559385299683,-0.38544440269470215,-0.3015634431503713,0.513688632936183,-0.5016363028323957,-0.9027620156605939,0.001019149115591327,0.029390508478337747,-0.4728192632848514,0.4491397596813631,0.27815302811844805,0.034674950975805294,1.0240239911101943,7.5394505840019015
swipe_right,anu,swipe_right,0.25647497177124023,-0.17349758744239807,-0.26591807743534446,-0.14041949808597565,0.0483759343624115,-0.4085539891384542,0.13762861490249634,-0.18704316020011902,-0.1357840313576162,-0.10384711623191833,-0.15795502066612244,-0.27390131494030356,0.06322446465492249,-0.38443756103515625,-0.25465762754902244,-0.07653820514678955,-0.38364899158477783,-0.3256503655575216,0.45561564691139717,-0.010816436825376741,-0.6030680555285926,0.007443807341835834,0.011286049178152553,-0.24921966321540998,0.44452150345073915,0.28630094078027385,0.6594998590281881,42.11863256206531,6.800706820007119
swipe_right,anu,swipe_right,0.26214298605918884,-0.1736232042312622,-0.2670565857551992,-0.139662966132164,0.04978901147842407,-0.4138873531483114,0.1442718803882599,-0.18716877698898315,-0.15104144951328635,-0.10309058427810669,-0.15803515911102295,-0.27536475798115134,0.06398099660873413,-0.38380634784698486,-0.28304672380909324,-0.07600528001785278,-0.3816443383693695,-0.3365184380672872,0.1717580087257135,-0.003806569359519223,-0.034500252116809814,0.022925210721564764,0.042820518667047204,-0.1616170912077915,0.4429141964118237,0.2893109269248782,0.5353665968695919,45.10962047120822,2.8601160402881214
swipe_right,anu,swipe_right,0.2655172497034073,-0.17376261949539185,-0.26816835021600127,-0.13842535018920898,0.0496898889541626,-0.41384648298844695,0.14826248586177826,-0.1873357892036438,-0.15547211980447173,-0.10185296833515167,-0.15792828798294067,-0.28227572655305266,0.06521861255168915,-0.3829098641872406,-0.2869663438759744,-0.07476766407489777,-0.3806406557559967,-0.34304033732041717,0.10225041346116387,-0.004224704973625368,-0.03368983214551715,0.037503513422878894,-0.0030037128564082884,0.00123848969286137,0.4407382318069682,0.29019903268734043,12.481563202584711,24.19724379703677,5.145658643813695
swipe_right,anu,swipe_right,0.2663642019033432,-0.16985753178596497,-0.2737006996758282,-0.13757839798927307,0.049890726804733276,-0.4137882743962109,0.15048538148403168,-0.1873568594455719,-0.15709529863670468,-0.10100601613521576,-0.1578451693058014,-0.2822175179608166,0.06628422439098358,-0.38246098160743713,-0.2906172131188214,-0.07392071187496185,-0.3794267177581787,-0.3429821287281811,0.02566521817987656,0.11833599119475582,-0.16764695332809196,0.02566521817987656,0.006085995471838846,0.0017638967344255439,0.4397491096884898,0.2924352795139542,4.216401720457211,0.21688246355391474,0.45256546976004147
swipe_right,anu,swipe_right,0.26698336005210876,-0.16286221146583557,-0.2801177818328142,-0.13682925701141357,0.04996731877326965,-0.4100570399314165,0.15110453963279724,-0.18751570582389832,-0.17198398895561695,-0.10013383626937866,-0.15769311785697937,-0.28220263309776783,0.06711879372596741,-0.38125044107437134,-0.2966913301497698,-0.07330155372619629,-0.3782121241092682,-0.3447867948561907,0.01876236814441082,0.21197940364028237,-0.19445703506017964,0.022701241753317843,0.002320968743526549,0.11306771105437444,0.4377597620659934,0.29650286037085977,9.77672150695696,0.08850991800284237,3.375966979073379
swipe_right,anu,swipe_right,0.2682317793369293,-0.15722772479057312,-0.28030596673488617,-0.13479235768318176,0.050580114126205444,-0.41005276143550873,0.1523529589176178,-0.18759265542030334,-0.17359234392642975,-0.09865441918373108,-0.15614989399909973,-0.28219835460186005,0.06842565536499023,-0.3810390532016754,-0.30063192546367645,-0.07200980186462402,-0.37762919068336487,-0.3447825163602829,0.03783088741880535,0.17074202046250125,-0.0057025727900592675,0.06172422206763164,0.018569556149569722,0.00012965139114495686,0.4376814628617322,0.30071106148606613,3.323768096684696,0.2215662304457933,3.6542256890357008
swipe_right,anu,swipe_right,0.2674315720796585,-0.13618269562721252,-0.29298554453998804,-0.1344415247440338,0.049786537885665894,-0.4083917001262307,0.15261955559253693,-0.182865172624588,-0.18628181610256433,-0.09804326295852661,-0.15543648600578308,-0.28268875274807215,0.06896977126598358,-0.38052108883857727,-0.3090540627017617,-0.07168969511985779,-0.3776310086250305,-0.3458646396175027,-0.024248704765781944,0.6377281564654655,-0.38422963045762826,0.010631301186301375,-0.02404776486483461,0.05033519119024221,0.43650107042511027,0.3151928521639308,0.44207264888880143,0.03802351597060007,2.525775088766837
swipe_right,anu,swipe_right,0.2644800841808319,-0.10769206285476685,-0.2936736613046378,-0.13419301807880402,0.050226449966430664,-0.406558659626171,0.1472184658050537,-0.17842650413513184,-0.18630790407769382,-0.09785361588001251,-0.1525478959083557,-0.28271484072320163,0.06933841109275818,-0.38073062896728516,-0.3090801506768912,-0.07138720154762268,-0.37705230712890625,-0.3458907275926322,-0.08943902723717109,0.8633525082559435,-0.020852023171204843,0.007530505006963677,0.013330669114084167,0.05554668181999252,0.4361104273372862,0.335957870982613,0.5648583791363466,0.1035949079744246,1.147489733693212
swipe_right,anu,swipe_right,0.2501785606145859,-0.0796927809715271,-0.29685976752080023,-0.13178569078445435,0.050226449966430664,-0.3995669747237116,0.1371086686849594,-0.17440783977508545,-0.18630882748402655,-0.09731154143810272,-0.14955317974090576,-0.27988350042141974,0.06954468786716461,-0.38073062896728516,-0.30908107408322394,-0.0711221992969513,-0.37705230712890625,-0.3458916509989649,-0.4333795020074508,0.848463087370892,-0.09654867321704268,0.07294931194998922,0.0,0.21186923946846384,0.434888762606424,0.35128584122298673,72949.31194998922,0.5107811968216,5.150986521062017
swipe_right,anu,swipe_right,0.22956955432891846,-0.05447596311569214,-0.30005603178869933,-0.12786774337291718,0.050226449966430664,-0.3972940359963104,0.12613192200660706,-0.16932392120361328,-0.1887490813387558,-0.0965845137834549,-0.14955317974090576,-0.2779378806008026,0.06958308815956116,-0.38073062896728516,-0.3090313588036224,-0.07099035382270813,-0.37705230712890625,-0.34252776845823973,-0.624515341989915,0.7641459956313541,-0.09685649296663822,0.11872567913748872,0.0,0.06887693113336885,0.43451296616675744,0.3634808562253566,118725.67913748873,0.8172712129476181,4.549722848084603
swipe_right,anu,swipe_right,0.20374445617198944,-0.042780518531799316,-0.30008730315603316,-0.12258848547935486,0.050226449966430664,-0.3846937718335539,0.1111869364976883,-0.16932392120361328,-0.18878035270608962,-0.09480445086956024,-0.14955317974090576,-0.24969744705595076,0.06986574828624725,-0.38073062896728516,-0.3063452544156462,-0.07045039534568787,-0.37705230712890625,-0.3204824330750853,-0.7825787320281645,0.35440741163312145,-0.0009476171919342394,0.15997751192613335,0.0,0.38182618675020313,0.4352109979456828,0.3635559757760566,159977.51192613336,2.2081268568712162,9.565344851597734
swipe_right,anu,swipe_right,0.17152372002601624,-0.04132741689682007,-0.3113025682978332,-0.11663234233856201,0.04906553030014038,-0.3824349301867187,0.09849849343299866,-0.16787081956863403,-0.19506439147517085,-0.09233088791370392,-0.1481000781059265,-0.23907199082896113,0.06994959712028503,-0.38017919659614563,-0.30341195641085505,-0.06894710659980774,-0.37609660625457764,-0.3074623900465667,-0.9763859438173591,0.04403338287815855,-0.3398565194484825,0.18048918608462974,-0.03517938382697789,0.06844974687379343,0.4343473331819823,0.35383625140087016,5.130392748763092,22.173262800547963,9.57609852158857
swipe_right,anu,swipe_right,0.13777495920658112,-0.038444310426712036,-0.3468381124548614,-0.11448335647583008,0.05073770880699158,-0.3628945010714233,0.08589740097522736,-0.164987713098526,-0.19506439147517085,-0.09045226871967316,-0.14756640791893005,-0.21720531163737178,0.06990613043308258,-0.37881022691726685,-0.30202656565234065,-0.06714826822280884,-0.37438878417015076,-0.288642521481961,-1.022689721801053,0.08736686273054547,-1.0768346714250852,0.06512078371914878,0.05067207596518721,0.5921342156150059,0.43415032198988346,0.3499474385595304,1.2851160597372706,11.705559571202619,16.456687293314644
swipe_right,anu,swipe_right,0.08796285092830658,-0.03736355900764465,-0.387004905147478,-0.11196595430374146,0.05181846022605896,-0.26688467781059444,0.07479895651340485,-0.16774526238441467,-0.19525671820156276,-0.08813010156154633,-0.14684584736824036,-0.12981657008640468,0.07008488476276398,-0.379019558429718,-0.2595207921694964,-0.06538864970207214,-0.37355950474739075,-0.20533824781887233,-1.5094578266144039,0.03275004300204243,-1.217175536139916,0.07628491430571707,0.03275004300204243,2.9093885836615265,0.4323237460903993,0.3651036054013913,2.3292361803854544,46.0888475069411,70.22274440833878
swipe_right,anu,swipe_right,0.05950072407722473,-0.055363476276397705,-0.387004905147478,-0.11063428223133087,0.0523073673248291,-0.26328455726616085,0.07045555114746094,-0.18324512243270874,-0.1972031823825091,-0.08621503412723541,-0.1461213231086731,-0.12360327015630901,0.07139971852302551,-0.38078051805496216,-0.22639992157928646,-0.06341913342475891,-0.37284228205680847,-0.1986748657654971,-0.8624886924570394,-0.5454520384470709,0.0,0.040353699163957715,0.014815366629398466,0.10909456195253488,0.43261519492727835,0.3630864881755754,2.723589404428503,1.5812336382112437,84.866119990154
swipe_right,anu,swipe_right,0.02461943030357361,-0.08214828372001648,-0.38703980343416333,-0.11136485636234283,0.05277952551841736,-0.21671196119859815,0.06474903225898743,-0.18255051970481873,-0.20589978294447064,-0.0857679694890976,-0.14711257815361023,-0.08318533794954419,0.07100161910057068,-0.3838665783405304,-0.2093544383533299,-0.061534762382507324,-0.37314289808273315,-0.1568244625814259,-1.057008902231812,-0.8116608316247805,-0.0010575238389498858,-0.022138610030664703,0.014307824048128453,1.411290789926089,0.4329889856369778,0.35321003059117756,1.5471998227248005,1.302277452317669,39.50590803832243
swipe_right,anu,swipe_right,-0.034516334533691406,-0.09937646985054016,-0.38703980343416333,-0.110002800822258,0.056123703718185425,-0.18435417907312512,0.054660946130752563,-0.17990264296531677,-0.226134963799268,-0.08553671836853027,-0.14669057726860046,-0.05917132692411542,0.06885924935340881,-0.3819296061992645,-0.2093544383533299,-0.06172928214073181,-0.37135547399520874,-0.13003551261499524,-1.791992873856544,-0.5220662463795138,0.0,0.04127441030560183,0.10133873332630666,0.9805388522870769,0.43361192039680463,0.34942077094587376,0.4072875361996582,3.432494350648968,13.454778256849009
swipe_right,anu,swipe_right,-0.06873911619186401,-0.12586423754692078,-0.37644752813503146,-0.11119861900806427,0.04737570881843567,-0.16046908451244235,0.04436233639717102,-0.18344774842262268,-0.23260341538116336,-0.0786169022321701,-0.14683213829994202,-0.027133272495120764,0.06824839115142822,-0.38239628076553345,-0.20356912864372134,-0.05768921971321106,-0.3723296821117401,-0.10675883991643786,-1.0370539896416107,-0.8026596271630617,0.3209780393676375,-0.036236914721402835,-0.2650907545378756,0.7237907442631258,0.42649813758480865,0.33832116010785035,0.13669574440205912,1.2920205059851921,13.76031764352886
swipe_right,anu,swipe_right,-0.09559731185436249,-0.1508786678314209,-0.37644752813503146,-0.10861128568649292,0.014882504940032959,-0.16046908451244235,0.03723567724227905,-0.18014496564865112,-0.23744627786800265,-0.07898518443107605,-0.15139365196228027,-0.027133272495120764,0.0683256983757019,-0.38047224283218384,-0.20356912864372134,-0.05540218949317932,-0.37144216895103455,-0.09454513294622302,-0.8138847170454213,-0.7580130389242582,0.0,0.07840404004761792,-0.9846425417697948,0.0,0.39550465100280957,0.3308638752949523,0.07962682607626184,1.0737066535079647,31.121822373114597
swipe_right,anu,swipe_right,-0.10691851377487183,-0.17240965366363525,-0.37644752813503146,-0.10515834391117096,0.015531957149505615,-0.16046908451244235,0.031110361218452454,-0.17949551343917847,-0.23849064065143466,-0.07978974282741547,-0.15221738815307617,-0.027133272495120764,0.06847496330738068,-0.37991318106651306,-0.20418062759563327,-0.0562184602022171,-0.37107956409454346,-0.09454513294622302,-0.3430667248639063,-0.652454116127683,0.0,0.10463459925217665,0.01968036998401914,0.0,0.395233535983713,0.321708673661576,5.316428649892652,0.5258089275167389,30.44440586986875
swipe_right,anu,swipe_right,-0.11947119235992432,-0.18788745999336243,-0.37644752813503146,-0.10496373474597931,0.016294091939926147,-0.16046908451244235,0.02224452793598175,-0.19545570015907288,-0.23849064065143466,-0.08014379441738129,-0.15145525336265564,-0.027133272495120764,0.06857304275035858,-0.37970447540283203,-0.20418062759563327,-0.056639596819877625,-0.37057599425315857,-0.09454513294622302,-0.3803841995470512,-0.46902443423416423,0.0,0.005897247430050106,0.023094993649107404,0.0,0.3954107399748405,0.31910858148952836,0.2553363808306216,0.8110097486891121,2.993829635397769
swipe_right,anu,swipe_right,-0.12646475434303284,-0.20139482617378235,-0.4085640595294535,-0.10453625023365021,0.016991406679153442,-0.16051924088969827,0.013838425278663635,-0.20401093363761902,-0.24933796981349587,-0.08014193177223206,-0.1509324014186859,-0.027297594118863344,0.06925289332866669,-0.37951892614364624,-0.20423078397288918,-0.05664913356304169,-0.36993566155433655,-0.09570287028327584,-0.21192612070026157,-0.4093141266793981,-0.9732282240734111,0.012954076131185103,0.021130749673554727,-0.0015198902198762846,0.3952301784699359,0.33434365568960994,0.6130148393436842,0.517757851803644,0.2267005970252042
swipe_right,anu,swipe_right,-0.12652048468589783,-0.21402370929718018,-0.4651040962198749,-0.1045919805765152,0.03337502479553223,-0.16054558067116886,0.006962522864341736,-0.21068185567855835,-0.28470664529595524,-0.08019766211509705,-0.1510494351387024,-0.02943018323276192,0.06966046988964081,-0.38017988204956055,-0.20364562480244786,-0.0555204302072525,-0.3700644373893738,-0.09844396321568638,-0.0016887982686360037,-0.38269342798173783,-1.71333444516422,-0.0016887982686360037,0.4964732762538837,-0.0007981751960786604,0.4111301832683613,0.36668156888208325,0.003401582618496829,0.0044129157498906495,14.411168387948349
swipe_right,anu,swipe_right,-0.12661035358905792,-0.2270321249961853,-0.4975864952430129,-0.10468184947967529,0.04605358839035034,-0.15526834782212973,0.006872653961181641,-0.21485477685928345,-0.30274519976228476,-0.08028753101825714,-0.15088754892349243,-0.03312201704829931,0.06995588541030884,-0.38059210777282715,-0.20290521439164877,-0.05526554584503174,-0.3705340325832367,-0.09844344016164541,-0.0027233000957605042,-0.39419441512137376,-0.984315121913288,-0.0027233000957605042,0.38419889681267627,0.15991614694058245,0.4233394467138243,0.38607772780739275,0.007088237447102437,0.0069085027153905215,5.940916611619227
swipe_right,anu,swipe_right,-0.12658019363880157,-0.23810282349586487,-0.4975937239360064,-0.10444276034832001,0.05615517497062683,-0.15204054932110012,0.006902813911437988,-0.2148403823375702,-0.3027524284552783,-0.07925035059452057,-0.15069326758384705,-0.033129245741292834,0.0703231692314148,-0.38087227940559387,-0.20123230735771358,-0.05439528822898865,-0.3717338442802429,-0.09845066885463893,0.0009139378865560041,-0.33547571211150734,-0.0002190513028339941,0.007245125192584529,0.30610868425080756,0.09781207578877764,0.4341262921655587,0.3833851080658358,0.02366839588991349,0.002724296064557307,3.038529206320688
swipe_right,anu,swipe_right,-0.12481026351451874,-0.24505546689033508,-0.49755741708213463,-0.10444699227809906,0.062357813119888306,-0.1452231263392605,0.0068985819816589355,-0.21485260128974915,-0.3027161216014065,-0.07925458252429962,-0.15057149529457092,-0.03309293888742104,0.07047581672668457,-0.3808844983577728,-0.2011960005038418,-0.054029107093811035,-0.3718722462654114,-0.09841436200076714,0.05363424619038697,-0.2106861634687864,0.0011002076930845812,-0.0001282402963349265,0.18795873179579514,0.2065885752072536,0.4396461850614805,0.3800214048729996,0.0006822753741437046,0.2545681725803525,4.871734465560482
swipe_right,anu,swipe_right,-0.12133599817752838,-0.2521577477455139,-0.49755741708213463,-0.10461880266666412,0.06429591774940491,-0.14150643401080742,0.006770342588424683,-0.21494659781455994,-0.3027161216014065,-0.07942639291286469,-0.1505914032459259,-0.02940058201784268,0.07070383429527283,-0.3809784948825836,-0.19284318439895287,-0.05394521355628967,-0.37196624279022217,-0.0956996088498272,0.10528076778758824,-0.2152206319751196,0.0,-0.005206375411062613,0.058730443318685835,0.11262704025615525,0.44157757029015754,0.382524307396059,0.0886471558822762,0.4891737267365349,4.84417498307047
swipe_right,anu,swipe_right,-0.11480076611042023,-0.26239076256752014,-0.4921869491809048,-0.10472016036510468,0.06615680456161499,-0.1296445881598629,0.009804695844650269,-0.2132478952407837,-0.2933952068560757,-0.07952775061130524,-0.15058839321136475,-0.024777755665127188,0.07103279232978821,-0.38101524114608765,-0.17821134679252282,-0.05383041501045227,-0.3720029890537262,-0.0857264106743969,0.19803733536691692,-0.31009135824261785,0.16274145155242253,-0.0030714454072894963,0.05639050946091251,0.35944987427105174,0.44328611216340247,0.38364900267788354,0.05446645136212311,0.6386398442362501,7.4800956942881935
swipe_right,anu,swipe_right,-0.10899047553539276,-0.26306506991386414,-0.45674954407149926,-0.10470080375671387,0.06581372022628784,-0.10025379114085808,0.016520842909812927,-0.2024359107017517,-0.26465155236655846,-0.07950839400291443,-0.15016311407089233,-0.0004962744860677049,0.07138024270534515,-0.3799400329589844,-0.1432307218783535,-0.05378110706806183,-0.3726772964000702,-0.05211501248413697,0.17606941136447146,-0.02043355594981833,1.0738607608910935,0.000586563890630558,-0.010396495009913754,0.89063021269713,0.4440546466184563,0.3801149889899834,0.0564139622160226,8.616258253756513,16.223486158913257
swipe_right,anu,swipe_right,-0.10210616886615753,-0.2634568512439728,-0.4566831166157499,-0.1048787534236908,0.07326620817184448,-0.09151470905635506,0.029675737023353577,-0.18925899267196655,-0.2622933561215177,-0.07961274683475494,-0.1408948302268982,0.0030042893486097455,0.07157240808010101,-0.37987372279167175,-0.13994317001197487,-0.05378220975399017,-0.37203216552734375,-0.049521832377649844,0.20861535361318087,-0.011872161518443265,0.0020129532045260663,-0.005392414150815817,0.22583296804716238,0.26482066922735437,0.4501831850323649,0.37952777216640304,0.02387778152881627,17.570328954855594,20.270840427037786
swipe_right,anu,swipe_right,-0.08127819001674652,-0.2636317312717438,-0.456640662974678,-0.10494235157966614,0.07381761074066162,-0.09147225541528314,0.04506388306617737,-0.17340391874313354,-0.2622509024804458,-0.07975855469703674,-0.13429075479507446,0.003046742989681661,0.07152676582336426,-0.37986230850219727,-0.13990071637090296,-0.05383327603340149,-0.37129488587379456,-0.04947937873657793,0.6311508742245862,-0.00529939478093936,0.0012864739718762516,-0.001927216847737661,0.01670916875203477,0.0012864739718762516,0.4500007488186003,0.37038236376369876,0.11533197996597051,119.07620098303899,10.195294251699035
swipe_right,anu,swipe_right,-0.061451882123947144,-0.25952649116516113,-0.4566348126390949,-0.10517770051956177,0.07393202185630798,-0.09146640507970005,0.057729899883270264,-0.16854646801948547,-0.2622450521448627,-0.07988928258419037,-0.13519641757011414,0.003052593325264752,0.0714934766292572,-0.3807673156261444,-0.13989486603531986,-0.05395764112472534,-0.3715783357620239,-0.04947352840099484,0.6007972088727179,0.12440121535099112,0.00017728289645729925,-0.007131786057443443,0.0034670035044352767,0.00017728289645729925,0.45040689928261257,0.364277366445624,2.056452955806563,4.82947355220014,0.43246659021065914
swipe_right,anu,swipe_right,-0.048003941774368286,-0.2577800750732422,-0.5163611776661128,-0.10702146589756012,0.07124024629592896,-0.09146989951841533,0.07263600826263428,-0.1630273461341858,-0.262248546583578,-0.08174210786819458,-0.13833564519882202,0.003049098886549473,0.07116776704788208,-0.3838909864425659,-0.14311948488466442,-0.05474293231964111,-0.37430745363235474,-0.05200377549044788,0.4075133439266166,0.05292169975511755,-1.8098898493035038,-0.05587167812116007,-0.08156895637511898,-0.0001058920822811809,0.45033695487960174,0.4116008009957922,0.6849541253181598,7.700161666208471,2.9701254698722726
swipe_right,anu,swipe_right,-0.030272379517555237,-0.21804234385490417,-0.5164178535342216,-0.10768379271030426,0.07012501358985901,-0.14920637756586075,0.0869521051645279,-0.1530229151248932,-0.2869216427206993,-0.08346094191074371,-0.13931164145469666,-0.025665724650025368,0.0707685798406601,-0.38461241126060486,-0.20705781131982803,-0.056163087487220764,-0.3738062381744385,-0.1326727643609047,0.5373200683882828,1.2041736732829893,-0.0017174505487536212,-0.020070509477095492,-0.033794930486968605,-1.7495902438620101,0.44721661387443,0.36559335133787596,0.5938735577892874,0.44621439091005444,53.04553528724242
swipe_right,anu,swipe_right,-0.02438366413116455,-0.17991656064987183,-0.5164999468252063,-0.11036241054534912,0.06969237327575684,-0.15837144386023283,0.09588882327079773,-0.14693480730056763,-0.2930937511846423,-0.0857776403427124,-0.13925111293792725,-0.02695066761225462,0.06900924444198608,-0.3842267096042633,-0.20773721765726805,-0.05820384621620178,-0.3737623691558838,-0.13737333845347166,0.1784459207997206,1.1553267637888776,-0.0024876754843827847,-0.08117023742560314,-0.013110312548550902,-0.27772928164764327,0.4470050836944296,0.3818367390138776,6.190855196612204,0.15445480182568302,44.644660940287096
swipe_right,anu,swipe_right,-0.013676658272743225,-0.14606961607933044,-0.5165395676158369,-0.11217714846134186,0.06956437230110168,-0.2067768364213407,0.10457904636859894,-0.1429995596408844,-0.3018631278537214,-0.08732527494430542,-0.14124050736427307,-0.04615309601649642,0.06809480488300323,-0.38460996747016907,-0.2314854203723371,-0.05930913984775543,-0.3743746280670166,-0.1501897214911878,0.3244547229824521,1.0256649869860637,-0.001200630019108409,-0.05499205806038388,-0.0038788174137923187,-1.466830077609274,0.4506428341366683,0.38058368105978374,14.173877838914079,0.3163356561485164,36.04317404652122
swipe_right,anu,swipe_right,-0.0018193423748016357,-0.1122768223285675,-0.5146793271414936,-0.11460551619529724,0.07532814145088196,-0.30063490523025393,0.10983434319496155,-0.14553162455558777,-0.3043702091090381,-0.08846592903137207,-0.1434657871723175,-0.14192847860977054,0.06794503331184387,-0.3849647641181946,-0.2840590919367969,-0.061468690633773804,-0.3735402226448059,-0.22545221401378512,0.35931260296793266,1.0240240530534388,0.05637092346494938,-0.07358690102895218,0.1746596712054656,-2.844183903300446,0.4582125790233674,0.3638838751556327,0.42131351334603967,0.35088262918620405,42.090956228016935
idle,anu,swipe_right,0.007854819297790527,-0.076962411403656,-0.5108840297907591,-0.11558306217193604,0.07621866464614868,-0.30439130775630474,0.11236873269081116,-0.14478665590286255,-0.30429388396441936,-0.08907315135002136,-0.14381307363510132,-0.14338905923068523,0.06804803013801575,-0.38510259985923767,-0.3229223620146513,-0.06251302361488342,-0.3746332824230194,-0.23598320595920086,0.29315641432097933,1.0701336643912747,0.11500901062831917,-0.0296226053526912,0.02698555137171933,-0.11383037957729897,0.45908994277808995,0.3659278438789171,1.0976802832144879,0.2739434802700609,82.86962372175765
idle,anu,swipe_right,0.01694965362548828,-0.03611806035041809,-0.5107512306421995,-0.11664614081382751,0.06930765509605408,-0.3412578534334898,0.11192777752876282,-0.15363433957099915,-0.30429388396441936,-0.09013622999191284,-0.14936724305152893,-0.17578640393912792,0.06755205988883972,-0.39155668020248413,-0.3229223620146513,-0.06405603885650635,-0.3821137845516205,-0.25575770251452923,0.27560104023326965,1.237707607673896,0.004024216623017347,-0.03221450429974232,-0.20942453182105195,-1.1171680508238075,0.4624470897352751,0.4051874873338114,0.1538231944291715,0.2226703753407873,31.236867623281068
idle,anu,swipe_right,0.025703489780426025,-0.022467374801635742,-0.46654252521693707,-0.11744615435600281,0.072760671377182,-0.3527048956602812,0.11173312366008759,-0.15601849555969238,-0.30429388396441936,-0.09093624353408813,-0.14959120750427246,-0.19079283438622952,0.06739863753318787,-0.39292141795158386,-0.3229223620146513,-0.06502367556095123,-0.3836949020624161,-0.26663276366889477,0.26526776227083065,0.4136571378418737,1.3396577401594174,-0.024242834611371597,0.1046368570038727,-0.3468800674785136,0.4674486268165012,0.39950148273882474,0.2316832101260862,0.6412729208103547,25.208800785764343
idle,anu,swipe_right,0.03445732593536377,-0.007761627435684204,-0.4223338197916746,-0.1182461678981781,0.07726874947547913,-0.36415193788707256,0.11141243577003479,-0.15734758973121643,-0.296708507463336,-0.09173625707626343,-0.1487601101398468,-0.2057992648333311,0.06724521517753601,-0.3932310938835144,-0.3229223620146513,-0.06582368910312653,-0.3842209577560425,-0.2775078248232603,0.265267762270845,0.4456287080591446,1.3396577401594896,-0.0242428346113729,0.136608427221127,-0.34688006747853223,0.4724701773575427,0.39943008547414743,0.17746091982459966,0.5952649867670812,0.9688354611289342
idle,anu,swipe_right,0.053824394941329956,0.008701294660568237,-0.3794002886861563,-0.1190638542175293,0.07917353510856628,-0.3754733856767416,0.10948804020881653,-0.1565411388874054,-0.24710351787507534,-0.09358546137809753,-0.14510616660118103,-0.21586603485047817,0.06726354360580444,-0.3905065655708313,-0.3107211645692587,-0.06783013045787811,-0.3825297951698303,-0.2881066557019949,0.5868808789686817,0.49887642715917285,1.301016094106637,-0.02477837331367301,0.057720776760217835,-0.34307417544452173,0.472681504976578,0.40529538422837075,0.4292725329056468,1.1764029539493082,2.3933702835455386
idle,anu,swipe_right,0.0689973384141922,0.031635671854019165,-0.36802448565140367,-0.12078160047531128,0.07985326647758484,-0.37866761023178697,0.10691247880458832,-0.15659478306770325,-0.23578407103195786,-0.09573039412498474,-0.14198973774909973,-0.23661731416359544,0.0666106790304184,-0.38841885328292847,-0.3087051981128752,-0.0705101490020752,-0.3806929588317871,-0.3061987333931029,0.459786165844293,0.6949811270742442,0.3447213040833993,-0.052052916902482343,0.020597920273288755,-0.09679468348621956,0.46891553886621956,0.42422903967682285,2.5269730748936845,0.6615798420312102,7.5924419525903675
idle,anu,swipe_right,0.0836152583360672,0.046136170625686646,-0.34742355230264366,-0.12045362591743469,0.08055940270423889,-0.38420748594217,0.10470308363437653,-0.15600243210792542,-0.22268055262975395,-0.09651294350624084,-0.14065560698509216,-0.23907059314660728,0.06569729745388031,-0.38780680298805237,-0.30871516349725425,-0.07294891774654388,-0.37961244583129883,-0.30718207242898643,0.44296727035985556,0.43940905368690036,0.624270707538192,0.009938622965957338,0.021398067474365574,-0.167875021526762,0.4689858652559715,0.4360342842424423,0.4644418724256577,1.0080954376057356,2.8581405828177
idle,anu,swipe_right,0.09551861882209778,0.06278809905052185,-0.33164658065652475,-0.11591556668281555,0.08106878399848938,-0.3908590566716157,0.10272285342216492,-0.15510281920433044,-0.2121403109631501,-0.09569250047206879,-0.14058926701545715,-0.24037789221620187,0.06664106249809265,-0.3865630030632019,-0.3081765365204774,-0.07220408320426941,-0.37943705916404724,-0.30860050435876474,0.3607078935160839,0.504603891661681,0.4780900498823988,0.1375169465036125,0.015435796795469588,-0.2015627493771446,0.46983273066415887,0.45088930925650955,8.908386132540864,0.7148323361041162,4.002597907054202
idle,anu,swipe_right,0.10567514598369598,0.07109048962593079,-0.32367552144569345,-0.11192558705806732,0.08194330334663391,-0.391008564067306,0.10093472898006439,-0.15461686253547668,-0.20389961524051614,-0.09385053813457489,-0.1402365267276764,-0.24640380663913675,0.0673055499792099,-0.3863963186740875,-0.30453468186897226,-0.07183299958705902,-0.37934210896492004,-0.31519258840125985,0.3077735503514657,0.2515875931942142,0.24154724881307352,0.12090847347722102,0.02650058630741046,-0.004530527142130588,0.4691904830106375,0.45949186870475406,4.562310801878761,1.2233207652378717,6.001221756698985
idle,anu,swipe_right,0.1119881272315979,0.07250091433525085,-0.32207913461024873,-0.11190521717071533,0.08240780234336853,-0.39082361522014253,0.09975504875183105,-0.15301725268363953,-0.20331127705867402,-0.09354087710380554,-0.1400338113307953,-0.2472428506880533,0.06694230437278748,-0.38617372512817383,-0.3040762371092569,-0.07233193516731262,-0.37913939356803894,-0.31517748298938386,0.19130246205762658,0.042740142706667116,0.04837535864983812,0.0006172693136966356,0.014075727173775804,0.005604510520104897,0.4693763905691012,0.46123275616803405,0.043850342915402636,4.4758387338994945,3.6774284733115454
idle,anu,swipe_right,0.1148834228515625,0.07734295725822449,-0.32206581404898316,-0.1096583753824234,0.08240780234336853,-0.3894325332948938,0.09821593761444092,-0.1528538167476654,-0.20329795649740845,-0.09264543652534485,-0.1400338113307953,-0.24722953012678772,0.06679755449295044,-0.3860122859477997,-0.30142770579550415,-0.07301947474479675,-0.3791271150112152,-0.3109431999037042,0.08773623090801957,0.14672857342344575,0.0004036533716840339,0.06808611479672627,0.0,0.042153997734810586,0.4695928709356964,0.46630061511282384,68086.11479672628,0.5979451099119757,2.3640318670545897
idle,anu,swipe_right,0.11694562435150146,0.08012786507606506,-0.32206581404898316,-0.10921947658061981,0.082487553358078,-0.3894325332948938,0.09770050644874573,-0.15062996745109558,-0.20357034972403198,-0.09225064516067505,-0.1400338113307953,-0.24722953012678772,0.0678878128528595,-0.38556358218193054,-0.30406291654799134,-0.07110762596130371,-0.3791271150112152,-0.3109431999037042,0.06249095454360599,0.08439114599517032,0.0,0.013299963691018057,0.002416697415438604,0.0,0.4697884531015156,0.46861423072364544,5.501086945822482,0.7404830604400353,2.0960241133946695
idle,anu,swipe_right,0.11715173721313477,0.08477285504341125,-0.3274767237016931,-0.1103343814611435,0.08252587914466858,-0.39081029465887696,0.09789854288101196,-0.14841005206108093,-0.20387118926737458,-0.09156951308250427,-0.1398007571697235,-0.24722953012678772,0.06929981708526611,-0.38511303067207336,-0.3045062558958307,-0.07017362117767334,-0.3791271150112152,-0.3109431999037042,0.0062458442919179685,0.14075727173775804,-0.1639669591730229,-0.033784996379504224,0.0011613874724416581,-0.0417503443631243,0.4702288022912575,0.4728743958449956,29.065175924975346,0.04437284015218934,1.9073249461645363
idle,anu,swipe_right,0.11724664270877838,0.09069299697875977,-0.3274767237016931,-0.11078096926212311,0.08251309394836426,-0.39098013809416443,0.09846286475658417,-0.14178282022476196,-0.20387118926737458,-0.09096093475818634,-0.14048051834106445,-0.24169830849859864,0.07054312527179718,-0.38337284326553345,-0.3045062558958307,-0.06851397454738617,-0.3798338770866394,-0.3046336310217157,0.0028759241104126436,0.17939824046510924,0.0,-0.013532963666049133,-0.00038743019104004524,-0.005146770766287221,0.47223610593756016,0.47691433383652276,34.840143681452275,0.01603086001343452,1.2685230941695178
idle,anu,swipe_right,0.11779560148715973,0.0977906882762909,-0.3438061288325116,-0.11292289197444916,0.0843946635723114,-0.3963399938074872,0.09967748820781708,-0.13838395476341248,-0.2251121661392972,-0.09151242673397064,-0.14022424817085266,-0.23962828132789582,0.07187588512897491,-0.3827781677246094,-0.30920759949367493,-0.06804387271404266,-0.3807522654533386,-0.30178986105602235,0.01663511449640474,0.21508155447064367,-0.49483045850965895,-0.06490674885836618,0.05701726133173253,-0.16241987010069225,0.47677617343475615,0.4839959751287613,1.1383501941726772,0.07734292786947183,5.306872390704604
idle,anu,swipe_right,0.11750555038452148,0.10191008448600769,-0.3627984458580613,-0.11459413170814514,0.0852293074131012,-0.393286251462996,0.09931248426437378,-0.13701960444450378,-0.24140615109354258,-0.09147623181343079,-0.1388070285320282,-0.23938182834535837,0.07329916954040527,-0.3805767893791199,-0.31530889216810465,-0.06646153330802917,-0.38073354959487915,-0.30012296978384256,-0.008789427352673747,0.12483018817323153,-0.5755247583499694,-0.05064362829381577,0.025292237599689796,0.09253764680275964,0.47761650745448037,0.4868295854497237,2.0022596195607982,0.07041050783299785,7.797556135986041
idle,anu,swipe_right,0.11649318039417267,0.09982073307037354,-0.38250196911394596,-0.11716969311237335,0.08386945724487305,-0.3932680282741785,0.09895087778568268,-0.1384461522102356,-0.2530995700508356,-0.09260021150112152,-0.14018672704696655,-0.23825185932219028,0.07521818578243256,-0.38019275665283203,-0.31529066897928715,-0.06478844583034515,-0.38203132152557373,-0.2976119611412287,-0.030677878495419152,-0.06331367926164208,-0.5970764622995443,-0.07804731527964398,-0.04120758085539913,0.0005522178429545866,0.4784949465825874,0.48645034110609925,1.8939578519704898,0.4845302677542698,3.5383906651818573
idle,anu,swipe_right,0.11404870450496674,0.09355354309082031,-0.38577343290671706,-0.12002722918987274,0.07748597860336304,-0.39325950806960464,0.09682817757129669,-0.1433957815170288,-0.2532193190418184,-0.09445862472057343,-0.1452745795249939,-0.23569695418700576,0.07335115969181061,-0.3845912218093872,-0.3152821487747133,-0.06533302366733551,-0.3862423300743103,-0.2807170576415956,-0.0740750269456355,-0.1899148478652522,-0.0991352664476107,-0.08659200234846773,-0.1934387467124276,0.00025818801738999517,0.48031365120631114,0.4850234298401186,0.4476432781790062,0.39004131449942353,4.62033533548545
idle,anu,swipe_right,0.11340631544589996,0.0888715386390686,-0.3872605748474598,-0.12234477698802948,0.07389873266220093,-0.393273551017046,0.09670080244541168,-0.14793461561203003,-0.2538849301636219,-0.09520737826824188,-0.14617252349853516,-0.22872798517346382,0.07398660480976105,-0.3876071274280548,-0.31556253507733345,-0.06558771431446075,-0.3869096636772156,-0.27070974186062813,-0.01946633512323584,-0.14187892278035708,-0.04506490729523499,-0.07022872115626591,-0.10870442245945959,-0.0004255438618587793,0.48019540774060615,0.4834526261285803,0.6460461637270845,0.13720288777836087,2.6152287932795604
idle,anu,swipe_right,0.11078935861587524,0.08350077271461487,-0.38928532879799604,-0.1234460175037384,0.06905791163444519,-0.39329520147293806,0.09594887495040894,-0.15321025252342224,-0.255920204333961,-0.09568393230438232,-0.15048912167549133,-0.2287496356293559,0.07319286465644836,-0.3931250274181366,-0.31623548548668623,-0.06670570373535156,-0.38887059688568115,-0.2707313923165202,-0.07930172212195818,-0.16275048255919794,-0.06135618031927801,-0.033370924718450955,-0.14669154629562284,-0.000656074420972279,0.47743048649717923,0.48365476253008577,0.22748889129785807,0.48725652679147546,1.6039356668666886
idle,anu,swipe_right,0.10830666124820709,0.08406972885131836,-0.39775912649929523,-0.12613295018672943,0.07386040687561035,-0.39327369816601276,0.09445829689502716,-0.15324240922927856,-0.26139392144978046,-0.09745599329471588,-0.1482921838760376,-0.2287281323224306,0.07124187052249908,-0.3931571841239929,-0.31621398217976093,-0.06838656961917877,-0.38749709725379944,-0.2707098890095949,-0.07523325356570278,0.01724109505162122,-0.256781748524222,-0.08142220251488093,0.145530158823189,0.0006516153613726402,0.4808401796856223,0.48556043469539356,0.5594829531578435,4.363347571189084,8.974208544591713
idle,anu,swipe_right,0.1079539954662323,0.08330535888671875,-0.39826379902660847,-0.12694188952445984,0.07559818029403687,-0.39327369816601276,0.09487107396125793,-0.15324240922927856,-0.26139392144978046,-0.09795361757278442,-0.14797347784042358,-0.2287281323224306,0.06977465748786926,-0.3931571841239929,-0.3212639857083559,-0.07022485136985779,-0.38663360476493835,-0.2707098890095949,-0.010686841878024185,-0.02316272619998853,-0.015293106888280015,-0.0245133132645582,0.05265980055838004,0.0,0.4815567805054437,0.4841520298333428,0.46549450453915164,0.4613610861118483,3.300659382953113
idle,anu,swipe_right,0.10728836059570312,0.08330535888671875,-0.39826379902660847,-0.1252380609512329,0.07677716016769409,-0.40754123218357563,0.09642350673675537,-0.15349632501602173,-0.26139392144978046,-0.09795078635215759,-0.14759105443954468,-0.2324360329657793,0.06801319122314453,-0.3931571841239929,-0.3212639857083559,-0.07214817404747009,-0.3866284191608429,-0.2776625622063875,-0.02017075365239847,0.0,0.0,0.05163116888566255,0.03572666283809642,-0.43234951568370683,0.4841815113769986,0.4842396773009448,1.4451314411366483,20170.75365239847,13.313029203797907
idle,anu,swipe_right,0.10848288238048553,0.08363020420074463,-0.39826379902660847,-0.1209854930639267,0.07754659652709961,-0.40777050144970417,0.09697197377681732,-0.15317147970199585,-0.26139392144978046,-0.09639613330364227,-0.14718389511108398,-0.2324360329657793,0.0668623298406601,-0.39512166380882263,-0.3212639857083559,-0.07266737520694733,-0.38621339201927185,-0.2778766620904207,0.03619762984189178,0.00984379739472376,0.0,0.1288656935547358,0.023316253315319085,-0.006947553519046778,0.4840251821891779,0.48668736655826217,5.526624075832849,3.676828317593576,13.107103461012136
idle,anu,swipe_right,0.11048388481140137,0.0653555691242218,-0.3982636546716094,-0.11625733971595764,0.07836082577705383,-0.4077703570947051,0.09780842065811157,-0.15827676653862,-0.25123103614896536,-0.09393665194511414,-0.14608201384544373,-0.23258841689676046,0.06593918800354004,-0.39870351552963257,-0.32126384135335684,-0.07268586754798889,-0.38535234332084656,-0.28370027896016836,0.06063643730048074,-0.5537768205007005,4.374393911072772e-06,0.14327737418088274,0.024673613634976867,4.374393911072772e-06,0.48199767703798335,0.4725082383562462,5.80667143568901,0.10949596581108295,0.4866144611555476
idle,anu,swipe_right,0.11331784725189209,0.058125197887420654,-0.3804226713255048,-0.11028355360031128,0.07930046319961548,-0.4078067736700177,0.0994337797164917,-0.1639506220817566,-0.2333574639633298,-0.09117254614830017,-0.14514237642288208,-0.23262483347207308,0.06594741344451904,-0.40168577432632446,-0.31370865274220705,-0.07126075029373169,-0.3844127058982849,-0.2841805415228009,0.08587764971183683,-0.21910215869093555,0.5406358589728468,0.18102382168624653,0.028473861289745755,-0.001103532585230699,0.4814936423750988,0.46703409773032717,6.357320579870079,0.39195076065961637,1.15010425502081
idle,anu,swipe_right,0.11434751749038696,0.050901591777801514,-0.34475894505158067,-0.10602390766143799,0.07916909456253052,-0.4075999432243407,0.09985649585723877,-0.17051345109939575,-0.1969631784595549,-0.08989429473876953,-0.1448291540145874,-0.23264727229252458,0.0652768611907959,-0.40500831604003906,-0.28085254365578294,-0.07106524705886841,-0.38409948348999023,-0.2896807068027556,0.031202128439239075,-0.21889715483694713,1.0807189779977175,0.12908017996585935,-0.003980867790453425,0.006267589262940767,0.4793170450549196,0.4629749469415222,32.41699291858223,0.14254176085897535,1.8694255468588887
idle,anu,swipe_right,0.11672228574752808,0.04863286018371582,-0.33586228895001113,-0.10184115171432495,0.08385121822357178,-0.40593833732418716,0.09932303428649902,-0.1729048490524292,-0.19058116781525314,-0.08714577555656433,-0.1383785605430603,-0.23151100683026016,0.06588107347488403,-0.39988431334495544,-0.27951518702320755,-0.07034021615982056,-0.37764889001846313,-0.2902405064087361,0.07196267445882276,-0.06874944224502211,0.26959563944150533,0.1267501802155486,0.14188253518307073,0.050351693944046795,0.47682349661773094,0.4548928222241475,0.8933395975227447,1.046723077101853,4.618103227616958
idle,anu,swipe_right,0.11744698882102966,0.0488736629486084,-0.2945169975901081,-0.09494256973266602,0.08046740293502808,-0.3837600519800617,0.09797647595405579,-0.17029261589050293,-0.1665465405130817,-0.0847964882850647,-0.13363856077194214,-0.23156245256905095,0.06590250134468079,-0.3944702744483948,-0.2730660011911823,-0.07137873768806458,-0.37184610962867737,-0.2944374849939777,0.021960699197018135,0.007297053481593393,1.2528876169667793,0.2090479388381529,-0.10253985722859864,0.6720692528522977,0.46165061334447177,0.44684541651714865,2.0386794541039728,3.009117328669319,20.396617187460887
idle,anu,swipe_right,0.11882492899894714,0.04886797070503235,-0.29362857178784907,-0.09121614694595337,0.07973763346672058,-0.36938291625119746,0.09715023636817932,-0.1684153974056244,-0.16660243109799922,-0.08292502164840698,-0.130558580160141,-0.23161834315396845,0.06612834334373474,-0.39083051681518555,-0.2731218917760998,-0.07183277606964111,-0.3677024245262146,-0.29623782471753657,0.0417557629671948,-0.00017249222957726028,0.026921994007847692,0.11292190262765167,-0.0221142263123475,0.435670779662536,0.4537934827415633,0.4433195393758193,5.106070407455178,240.67800078965467,8.108126900181334
idle,anu,swipe_right,0.11865471303462982,0.045618921518325806,-0.29365066066384315,-0.08911903202533722,0.07820680737495422,-0.36940500512719154,0.0977279394865036,-0.16646996140480042,-0.1666245199739933,-0.082199826836586,-0.12883469462394714,-0.23320608213543892,0.06671653687953949,-0.3881591260433197,-0.2731439806520939,-0.07117433845996857,-0.36459171772003174,-0.29811743274331093,-0.005158059524767409,-0.0984560359608059,-0.0006693598786086854,0.06354893698836919,-0.04638866944746611,-0.0006693598786086854,0.44885906900700684,0.4373573968893343,1.3698941541356542,0.05238893771716575,13.327121683254266
idle,anu,swipe_right,0.120417520403862,0.04462844133377075,-0.29009066615253687,-0.08716775476932526,0.0799708366394043,-0.36804862413555384,0.09856860339641571,-0.16447007656097412,-0.1665699342265725,-0.0816509872674942,-0.12782937288284302,-0.23158584628254175,0.06836234033107758,-0.38653233647346497,-0.2724985936656594,-0.06958521902561188,-0.36336076259613037,-0.29806284699589014,0.053418405128248664,-0.03001455104712332,0.10787862155473765,0.05912961381854527,0.053455432256063674,0.04110245429205237,0.44916596202935766,0.43464794846649635,1.106127201592996,1.7796909690041578,3.2824294348595906
idle,anu,swipe_right,0.11946620047092438,0.04872819781303406,-0.2891111234202981,-0.08886338770389557,0.08482757210731506,-0.3629910806193948,0.09845413267612457,-0.15961334109306335,-0.16229963395744562,-0.08290039002895355,-0.12468269467353821,-0.23145867977291346,0.06810243427753448,-0.38206979632377625,-0.2724985936656594,-0.06974036991596222,-0.3585040271282196,-0.29806284699589014,-0.028827876755684424,0.12423504482615606,0.029683113098143407,-0.05138281619909843,0.14717380205789643,0.15325889442905655,0.44846880851573473,0.43416716178761977,0.3491278091129022,0.23204116644266462,5.5525866614234465
idle,anu,swipe_right,0.11788119375705719,0.048012763261795044,-0.29009066615253687,-0.08965082466602325,0.08576074242591858,-0.3585075894370675,0.09508998692035675,-0.15868017077445984,-0.16078560147434473,-0.08369912207126617,-0.12374952435493469,-0.2258903393521905,0.06716622412204742,-0.38146311044692993,-0.26839591655880213,-0.07044871151447296,-0.3575708568096161,-0.29620532784610987,-0.04803050648082463,-0.021679834886031063,-0.029683113098145003,-0.02386172612508176,0.028277888442531228,0.1358633691614346,0.4480995423224284,0.43300369098067454,0.8438000020253239,2.215343953925438,3.7355479672764496
idle,anu,swipe_right,0.1146157830953598,0.04783356189727783,-0.29021324310451746,-0.09311781823635101,0.08612465858459473,-0.3629910806193948,0.09161798655986786,-0.15764474868774414,-0.16696591768413782,-0.08581535518169403,-0.12338560819625854,-0.2258903393521905,0.06422744691371918,-0.3816967308521271,-0.2677340367808938,-0.07226623594760895,-0.35720694065093994,-0.2897059777751565,-0.09895183823325575,-0.005430344379309539,-0.0037144530903209932,-0.10506041122205496,0.011027762384125856,-0.1358633691614346,0.44983152586670877,0.43305954732517277,9.52603815032525,18.2186639849626,8.609805716812861
idle,anu,swipe_right,0.11365970969200134,0.04646027088165283,-0.2935926248319447,-0.09583884477615356,0.08827728033065796,-0.3644406725652516,0.08902564644813538,-0.15764474868774414,-0.16747764544561505,-0.08797556161880493,-0.12338560819625854,-0.22014147834852338,0.06327465176582336,-0.3817253112792969,-0.26773058669641614,-0.07378724217414856,-0.3565806746482849,-0.2744750906713307,-0.028971921313893173,-0.0416148792613643,-0.1024055068917363,-0.08245534969098772,0.06523096200191718,-0.04392702866232826,0.4543992508916313,0.43191479697882457,1.2640329550192642,0.6961746772653286,3.3058462225296092
idle,anu,swipe_right,0.1134636253118515,0.04085668921470642,-0.29023436550050974,-0.0967281311750412,0.09061285853385925,-0.36301220301538706,0.0865161269903183,-0.15750035643577576,-0.167502217926085,-0.08894030749797821,-0.12217280268669128,-0.21655320469290018,0.06128792464733124,-0.3818727731704712,-0.2624639654532075,-0.07594694197177887,-0.35643628239631653,-0.27442095521837473,-0.00594195091363133,-0.1698055050589757,0.10176543428590418,-0.026948072693563654,0.0707750970667032,0.043286956056499286,0.45621617838185174,0.42684153643604333,0.3807510418124122,0.03499248106877663,3.137216157567486
idle,anu,swipe_right,0.11558133363723755,0.03632053732872009,-0.2901010876521468,-0.09821143746376038,0.09331020712852478,-0.35722834523767233,0.08364218473434448,-0.15755370259284973,-0.16079602297395468,-0.0910557210445404,-0.12222614884376526,-0.2108110999688506,0.0584600567817688,-0.38200899958610535,-0.25807062443345785,-0.07832744717597961,-0.3564896285533905,-0.2698730593547225,0.06417297955715397,-0.13745914806019396,0.004038722677664388,-0.04494867541573336,0.08173783620198698,0.17526841750650973,0.45863516134388826,0.42342460048865277,0.5499059872183586,0.4668478861891851,4.050111893407294
idle,anu,swipe_right,0.12284322082996368,0.02308279275894165,-0.2902761283548898,-0.10010160505771637,0.0932307243347168,-0.3552456977995462,0.08303846418857574,-0.1580774188041687,-0.16084848672471708,-0.09153752028942108,-0.12230563163757324,-0.2044100794228143,0.05728079378604889,-0.38210660219192505,-0.2568259719046182,-0.07952745258808136,-0.3565691113471985,-0.2656133654745645,0.22005718765837123,-0.4011437748417774,-0.005304263719484633,-0.05727780587745526,-0.0024085695093328686,0.060080225397763094,0.45910471891207755,0.41182009492870275,23.77097056366455,0.5485729877577687,4.3388336202237365
idle,anu,swipe_right,0.13420537114143372,-0.006848752498626709,-0.3020934319938533,-0.10032039880752563,0.09321123361587524,-0.3490443087066524,0.08434459567070007,-0.16023850440979004,-0.16909529332770035,-0.09125563502311707,-0.1223251223564148,-0.1930614120210521,0.05789080262184143,-0.3821260929107666,-0.2434534138883464,-0.07918411493301392,-0.35682135820388794,-0.26222084526671097,0.34430758519604854,-0.9070165229565825,-0.3581001102716075,-0.006630113630583541,-0.0005906278436833938,0.18792088160283546,0.45881847172901,0.3874217951000625,11.206561187697595,0.3796041162178627,4.167270151423526
idle,anu,swipe_right,0.14325103163719177,-0.04553058743476868,-0.30269812111509964,-0.10095322132110596,0.09315559267997742,-0.3490443087066524,0.08410236239433289,-0.16120043396949768,-0.17562170390738174,-0.09113499522209167,-0.1224500834941864,-0.1930614120210521,0.057722121477127075,-0.38218173384666443,-0.2371733493055217,-0.07930588722229004,-0.35718950629234314,-0.25794093374861404,0.2741109241138849,-1.172176816246745,-0.018323912765040834,-0.019176439805464615,-0.0016860889666008496,0.0,0.459977325713692,0.35347232504725085,11.36658480086047,0.23384756161959663,5.707346133530133
idle,anu,swipe_right,0.15505608916282654,-0.09071585536003113,-0.42465020780218765,-0.10197168588638306,0.0914095938205719,-0.33478008274687454,0.08417031168937683,-0.16120043396949768,-0.18533887033117935,-0.09166896343231201,-0.12280765175819397,-0.1923638588632457,0.057724982500076294,-0.3821636140346527,-0.22954088513506576,-0.07967746257781982,-0.3577849566936493,-0.24599166278494522,0.35772901592833195,-1.369250543189793,-3.6955177783966655,-0.030862562584155026,-0.05290905634562259,0.432249271508426,0.45842792249593745,0.363981851405093,0.5833023949653832,0.2612588006254647,13.194866080549593
idle,anu,swipe_right,0.16001619398593903,-0.13411185145378113,-0.515780139270646,-0.10266472399234772,0.08625391125679016,-0.33185820609651273,0.08698804676532745,-0.16197803616523743,-0.2285088333519525,-0.09074856340885162,-0.12512531876564026,-0.19131553501210874,0.058331623673439026,-0.3829593360424042,-0.22515179545007413,-0.07961435616016388,-0.3607962131500244,-0.24424006373010343,0.15030620676097878,-1.315030184659041,-2.7615130748016643,-0.02100115472620104,-0.15623280496307707,0.08854171667762725,0.4561382159621004,0.3958909656175691,0.13442132278071492,0.11429858737528716,10.879924294533705
idle,anu,swipe_right,0.177080899477005,-0.18842202425003052,-0.5160008515231311,-0.10495635867118835,0.08620917797088623,-0.33207891834899783,0.09544405341148376,-0.16456639766693115,-0.2287295456044376,-0.09147483110427856,-0.1251865029335022,-0.192527889739722,0.05783030390739441,-0.383253812789917,-0.2088834191672504,-0.08130905032157898,-0.3619527518749237,-0.24446077598258853,0.5171122876080682,-1.6457628120075836,-0.0066882500753061725,-0.06944347511638405,-0.0013555541183009508,-0.0066882500753061725,0.4572584055291303,0.3827548139817798,51.191083480959996,0.31420808006300077,5.7016718024032444
swipe_right,anu,swipe_right,0.1868474781513214,-0.23194140195846558,-0.5160602503456175,-0.10546448826789856,0.08620917797088623,-0.3209462040103972,0.1034913957118988,-0.16456639766693115,-0.228788944426924,-0.09167158603668213,-0.12611770629882812,-0.1932848417200148,0.05806538462638855,-0.383291095495224,-0.20336690777912736,-0.08099725842475891,-0.36382079124450684,-0.24452017480507493,0.2959569295247443,-1.31876902146775,-0.001799964317769744,-0.015397866566976157,0.0,0.3373549799576004,0.45712859948629053,0.3704978864065754,15397.866566976158,0.2244189090644883,10.553484815286634
swipe_right,anu,swipe_right,0.1945895254611969,-0.2734803557395935,-0.5160626536235213,-0.105669766664505,0.08647218346595764,-0.3191359406337142,0.11238023638725281,-0.16430339217185974,-0.22879134770482779,-0.09171587228775024,-0.12661251425743103,-0.19822972174733877,0.05824151635169983,-0.38311150670051575,-0.1879820739850402,-0.08029165863990784,-0.3642728328704834,-0.24621749576181173,0.2346074942386549,-1.2587561751857148,-7.282660314531154e-05,-0.006220557472922684,0.007969863487012585,0.05485646596009169,0.45730976123584255,0.3718153245699561,0.7804119946425151,0.18638026369465688,8.568481340691495
swipe_right,anu,swipe_right,0.21013495326042175,-0.309571772813797,-0.39752052538096905,-0.10571107268333435,0.08662295341491699,-0.31913251988589764,0.12242093682289124,-0.1641526222229004,-0.16754996590316296,-0.09171587228775024,-0.12646174430847168,-0.205903647467494,0.058925479650497437,-0.38341519236564636,-0.16156346909701824,-0.07988551259040833,-0.36412206292152405,-0.25037035159766674,0.47107356967346253,-1.0936793052788523,3.59218570431963,-0.0012516975402831556,0.0045687863321013595,0.00010365902474431888,0.45669055726383356,0.28981526517885214,0.2739072353318493,0.43072328119994296,1.6691790326154066
swipe_right,anu,swipe_right,0.21897920966148376,-0.3276982605457306,-0.3078932762145996,-0.10594594478607178,0.08671537041664124,-0.31909552216529846,0.1274062693119049,-0.17137286067008972,-0.12002679705619812,-0.09171587228775024,-0.12637409567832947,-0.20586664974689484,0.059411972761154175,-0.38444188237190247,-0.14417129755020142,-0.07947942614555359,-0.3640296459197998,-0.25039809942245483,0.26800776972915613,-0.5492875070282994,2.715977247465784,-0.007117336446588803,0.0028005152037649888,0.0011211430484598512,0.4567175081520265,0.23555557307723196,2.5405310801182632,0.4879180363323136,0.1881907876186531
swipe_right,anu,swipe_right,0.23042139410972595,-0.3464585542678833,-0.2684891913086176,-0.10601013898849487,0.08674892783164978,-0.3190538380295038,0.13267794251441956,-0.1808021366596222,-0.10435582883656025,-0.0919676125049591,-0.12635233998298645,-0.20807870663702488,0.060048431158065796,-0.38506266474723816,-0.13638810254633427,-0.07886812090873718,-0.36399608850479126,-0.2512210104614496,0.3467328620679506,-0.5684937491561518,1.1940631789691711,-0.0019452788613059614,0.001016891363895317,0.0012631556301406137,0.45662791350667314,0.21901580194819428,1.9110869099642152,0.6099139219537654,0.16584276034224016
swipe_right,anu,swipe_right,0.2371061146259308,-0.358290433883667,-0.2655124757438898,-0.10599872469902039,0.0855642557144165,-0.3232791516929865,0.1377284824848175,-0.18916410207748413,-0.10435582883656025,-0.09206336736679077,-0.12627553939819336,-0.20833520032465458,0.06019505858421326,-0.38554647564888,-0.13638810254633427,-0.07846355438232422,-0.36319637298583984,-0.25163800455629826,0.20256728836983579,-0.3585418065388862,0.09020350196144455,0.0003458875598329355,-0.03589915506767368,-0.12803980798431835,0.4552765548969982,0.22071138918543456,0.009634709353787449,0.5649737902296086,4.075425279592166
swipe_right,anu,swipe_right,0.24210870265960693,-0.3674580156803131,-0.2637555692344904,-0.10655984282493591,0.0842246413230896,-0.3302492890506983,0.13799363374710083,-0.20273202657699585,-0.10381507314741611,-0.09220203757286072,-0.12626945972442627,-0.21121024526655674,0.06025153398513794,-0.38606932759284973,-0.13638810254633427,-0.0782080590724945,-0.36253759264945984,-0.2523296568542719,0.15159357677806748,-0.27780550898928075,0.053239591193922485,-0.01700357957319807,-0.04059437549475532,-0.21121628356702737,0.45439166632731565,0.22280233908098576,0.41885508794948406,0.5456804353850355,2.578674853311348
swipe_right,anu,swipe_right,0.24210870265960693,-0.37306270003318787,-0.25785247422754765,-0.10716131329536438,0.08359679579734802,-0.3380239401012659,0.13799363374710083,-0.21603891253471375,-0.09703108109533787,-0.09220203757286072,-0.126022607088089,-0.21460596658289433,0.060304999351501465,-0.38639673590660095,-0.13638810254633427,-0.07800352573394775,-0.3617553114891052,-0.2523296568542719,0.0,-0.16983891978408622,0.17888166687705584,-0.018226377891772012,-0.019025621992169308,-0.23559548638084093,0.4544581237266832,0.21905245179437516,0.957940820986161,0.0,0.987084591157869
swipe_right,anu,swipe_right,0.24210870265960693,-0.3745102286338806,-0.2637548167258501,-0.10864141583442688,0.08289456367492676,-0.3380231875926256,0.13799363374710083,-0.22664159536361694,-0.10381432063877583,-0.09220203757286072,-0.1259484887123108,-0.21460521407425404,0.06041496992111206,-0.38651421666145325,-0.13638735003769398,-0.0775313675403595,-0.3601992130279541,-0.25125843472778797,0.0,-0.04386450305129376,-0.17885886358491623,-0.04485159209280133,-0.021279761285492062,2.2803292129978124e-05,0.45257933271126954,0.22221426555370444,2.107612199164061,0.0,7.185714427298456
swipe_right,anu,swipe_right,0.24210792779922485,-0.37998753786087036,-0.26549509167671204,-0.10955274105072021,0.07900059223175049,-0.33800655603408813,0.13799285888671875,-0.23458415269851685,-0.10433844476938248,-0.0922028124332428,-0.127721905708313,-0.21458858251571655,0.06041419506072998,-0.38695472478866577,-0.1363707184791565,-0.07645902037620544,-0.35979002714157104,-0.2512418031692505,-2.348061763879062e-05,-0.16597906748454042,-0.0527356045715745,-0.027615915645253016,-0.11799913464170701,0.0005039866223479842,0.44850922436199936,0.22301178884488607,0.23403291639543775,0.00014146649049276734,2.977099194946024
swipe_right,anu,swipe_right,0.23939239978790283,-0.3908345699310303,-0.268510889261961,-0.11028438806533813,0.07940807938575745,-0.3380456380546093,0.1362760066986084,-0.24229362607002258,-0.10571234300732613,-0.09192612767219543,-0.12762001156806946,-0.21462766453623772,0.060753822326660156,-0.3861854076385498,-0.13640980049967766,-0.07550805807113647,-0.3588411808013916,-0.25128088518977165,-0.08228872761582015,-0.3286979415200026,-0.09138780561360592,-0.022171121655088836,0.012348095575968622,-0.0011843036521565018,0.4481070514086399,0.22222523195978192,1.7953640020597061,0.2503467983051371,3.9536915984104297
swipe_right,anu,swipe_right,0.2190372347831726,-0.4043407738208771,-0.3453467981889844,-0.1107700765132904,0.0770614743232727,-0.18211052287369967,0.11995404958724976,-0.24938559532165527,-0.11176482308655977,-0.09147217869758606,-0.12673985958099365,-0.10073771048337221,0.06076318025588989,-0.38584551215171814,-0.11705484706908464,-0.07437503337860107,-0.3574104905128479,-0.16807416547089815,-0.6168231819615317,-0.4092789057529399,-2.3283608765765043,-0.014717831756129644,-0.07110924431772056,4.7253065206337,0.4362195625169443,0.2784061170068765,0.2069720319110475,1.5070937353417846,143.2494988065584
swipe_right,anu,swipe_right,0.1810447871685028,-0.41899004578590393,-0.36599000822752714,-0.11152377724647522,0.07650500535964966,-0.07850671838968992,0.10053941607475281,-0.26218274235725403,-0.1225651977583766,-0.09142822027206421,-0.12667953968048096,0.004350621718913317,0.06010189652442932,-0.3875587582588196,-0.07161981891840696,-0.07410880923271179,-0.3563199043273926,-0.05593408178538084,-1.1512862913535866,-0.44391733227352426,-0.6255518193497566,-0.022839416157114725,-0.016862695867364417,3.139509226788055,0.43502506387602247,0.3197951172029395,1.3543541307166753,2.5934641749469614,48.08320101408801
swipe_right,anu,swipe_right,0.14488720893859863,-0.4313449263572693,-0.5541320652700961,-0.11191380023956299,0.07650500535964966,-0.07701862463727593,0.08611196279525757,-0.2815457880496979,-0.19899303326383233,-0.09073767066001892,-0.12667953968048096,0.004382663406431675,0.05979430675506592,-0.3875587582588196,-0.0715877772308886,-0.07408338785171509,-0.3552522361278534,-0.04341542208567262,-1.0956841887849924,-0.3743903203444107,-5.701274455835513,-0.011818878578417418,0.0,0.045093750073151875,0.43471212416961263,0.49194209053305,11818.878578417418,2.9265747608065507,93.77215291516335
swipe_right,anu,swipe_right,0.10811987519264221,-0.4313449263572693,-0.6243797049392015,-0.11208507418632507,0.07642531394958496,-0.07693248544819653,0.06930837035179138,-0.2917865812778473,-0.31215174053795636,-0.08988884091377258,-0.12690991163253784,0.004468802595511079,0.06287100911140442,-0.3875587582588196,-0.0715016380418092,-0.07286405563354492,-0.3542739152908325,-0.04332928289659321,-1.114161628665364,0.0,-2.128716353609289,-0.005190119598851142,-0.0024148912140817737,0.002610278456951674,0.4337848425041282,0.5564520152309459,2.148325044024712,1114161.6286653639,1.3050081908167417
swipe_right,anu,swipe_right,0.0586870014667511,-0.44216188788414,-0.6718012096825987,-0.11260828375816345,0.07642710208892822,-0.07678852998651564,0.05375680327415466,-0.29736870527267456,-0.33799672150053084,-0.08979621529579163,-0.12690812349319458,0.004612758057191968,0.06329354643821716,-0.3875569701194763,-0.07135768258012831,-0.07194375991821289,-0.35410794615745544,-0.043185327434912324,-1.4979658704814922,-0.3277867129354642,-1.4370152952544073,-0.015854835510253306,5.418604070489852e-05,0.0043622867176025355,0.43375477690668707,0.6029389243861396,287.2979345453564,4.5699268501147765,0.33594300878007327
swipe_right,anu,swipe_right,0.033241868019104004,-0.444115549325943,-0.6718074752716348,-0.11310702562332153,0.07587909698486328,-0.07825084764044732,0.047186970710754395,-0.30016136169433594,-0.37020996946375817,-0.08994913101196289,-0.12745612859725952,0.0046064924681559205,0.06447303295135498,-0.38810497522354126,-0.08019468921702355,-0.07150748372077942,-0.3509012460708618,-0.0189490633783862,-0.7710646499287122,-0.05920186187281847,-0.00018986633442568359,-0.015113389853275424,-0.016606215274695458,-0.04431265617974851,0.43288414699770167,0.5950783634930825,0.9100496141760631,13.024111090864805,1.5591693238556965
swipe_right,anu,swipe_right,-0.005130082368850708,-0.44789761304855347,-0.6717403212678619,-0.11172345280647278,0.07589605450630188,-0.09183133189799264,0.04497697949409485,-0.30150407552719116,-0.3701428154599853,-0.08886030316352844,-0.12728849053382874,0.004673646471928805,0.06432345509529114,-0.3894292712211609,-0.1249432319891639,-0.07167795300483704,-0.348113089799881,-0.018881909374613315,-1.1627863753925856,-0.1146079915942586,0.002034969811299566,0.04192644899541748,0.0005138642860181486,-0.41152982598622845,0.43209838550510543,0.5542827777461466,81.43203973161116,10.145681933134084,11.273178963772912
swipe_right,anu,swipe_right,-0.04054096341133118,-0.4586816430091858,-0.6620761378435418,-0.11074775457382202,0.07580673694610596,-0.09184330690186471,0.03602460026741028,-0.30683156847953796,-0.37015479046385735,-0.08893358707427979,-0.1273806095123291,0.004661671468056738,0.0636376440525055,-0.38952139019966125,-0.12495520699303597,-0.0705815851688385,-0.34801772236824036,-0.01889388437848538,-1.073057001287304,-0.3267887866858332,0.292854043161219,0.029566613110629466,-0.0027065927332098265,-0.0003628789052141493,0.43192836411176144,0.5514845575167951,10.91988937183271,3.2836307773563065,12.46561460692613
swipe_right,anu,swipe_right,-0.06973722577095032,-0.4642033278942108,-0.6440785876475275,-0.11010792851448059,0.0759730339050293,-0.0918183452449739,0.02634468674659729,-0.32843017578125,-0.3669389537535608,-0.08874160051345825,-0.12737256288528442,0.02813395718112588,0.063300222158432,-0.38952526450157166,-0.12493024533614516,-0.07050323486328125,-0.34789833426475525,-0.01882569445297122,-0.8847352230187283,-0.16732378439469137,0.545380308970111,0.019388668464891103,0.005039301785555562,0.0007564138451760179,0.43192985030323344,0.5411014480005523,3.8467276940549318,5.287532425153376,0.3890633608776679
swipe_right,anu,swipe_right,-0.08768892288208008,-0.47360068559646606,-0.6440420276485384,-0.11017629504203796,0.07821580767631531,-0.09178178524598479,0.014864951372146606,-0.3377540707588196,-0.3669023937545717,-0.0888468325138092,-0.12500306963920593,0.03756975242868066,0.06318697333335876,-0.3900109827518463,-0.12489368533715606,-0.07020315527915955,-0.3463829457759857,-0.009325224440544844,-0.5439908215493954,-0.28476841521986057,0.0011078787572456304,-0.002071712956284065,0.06796284155412262,0.0011078787572456304,0.4343743060490707,0.5470518949835745,0.030482575865495597,1.9102852781061443,2.0146486853481296
swipe_right,anu,swipe_right,-0.10630124807357788,-0.4810027480125427,-0.621939776930958,-0.10989657044410706,0.0785035490989685,-0.08314344147220254,0.005397498607635498,-0.35246551036834717,-0.3578149960376322,-0.08884960412979126,-0.1229710578918457,0.04732167860493064,0.06318420171737671,-0.39156344532966614,-0.10808651754632592,-0.06968826055526733,-0.34638452529907227,0.010994709562510252,-0.5640098542878212,-0.2243049216992963,0.6697651732600203,0.008476502967603414,0.008719437050097055,0.26176799314492094,0.4370452784666898,0.5484249071071183,0.9720273099739967,2.5144670725364566,8.10654153594586
swipe_right,anu,swipe_right,-0.11955395340919495,-0.4871026575565338,-0.6154562975279987,-0.10958054661750793,0.07880076766014099,-0.08312307251617312,-0.0031155645847320557,-0.36245259642601013,-0.3577946270816028,-0.08885142207145691,-0.12188228964805603,0.047342047560960054,0.0631047785282135,-0.39401552081108093,-0.1080661485902965,-0.06922009587287903,-0.3462320864200592,0.011015078518539667,-0.4015971313823201,-0.18484574375729873,0.19646907281694245,0.009576479593912397,0.009006623065832548,0.0006172410918004351,0.4372000509058808,0.5472423509008347,1.0631527900226665,2.1725951088952464,7.913734136997829
swipe_right,anu,swipe_right,-0.12775179743766785,-0.4918424189090729,-0.6125085931271315,-0.10951367020606995,0.07879039645195007,-0.0795364286750555,-0.008978337049484253,-0.3712702691555023,-0.3578025382012129,-0.08885654807090759,-0.12176427245140076,0.05124946869909763,0.06305882334709167,-0.3961002230644226,-0.10807405970990658,-0.06870338320732117,-0.3462214469909668,0.011007167398929596,-0.24841951601433426,-0.14362913189512538,0.08932437578385669,0.0020265579223633133,-0.0003142790360884283,0.10868617700356599,0.436461555445237,0.547749449633018,6.427823262549279,1.729577998269354,3.294926874137774
swipe_right,anu,swipe_right,-0.1283310055732727,-0.4945732653141022,-0.6111251949332654,-0.10951456427574158,0.07924389839172363,-0.07872755965217948,-0.010583668947219849,-0.3720933496952057,-0.35780697455629706,-0.08942481875419617,-0.11990267038345337,0.051531965378671885,0.0630050003528595,-0.39669814705848694,-0.10670261969789863,-0.06858471035957336,-0.34631457924842834,0.011385602410882711,-0.01755176168499599,-0.08275292136452547,0.04192115738987989,-2.7093020352450715e-05,0.013742483023441419,0.024511182511395065,0.43691607067033633,0.548298404470043,0.0019713358183103807,0.21209583057317194,2.586828212620036
swipe_right,anu,swipe_right,-0.12830522656440735,-0.49615034461021423,-0.6101295268163085,-0.10948878526687622,0.07868099212646484,-0.07564167585223913,-0.010557889938354492,-0.37367042899131775,-0.3577997302636504,-0.08949512243270874,-0.11868542432785034,0.05312600452452898,0.06297469139099121,-0.39868539571762085,-0.10669537540525198,-0.06855893135070801,-0.3471032381057739,0.011392846703529358,0.0007811820868289536,-0.04779028170036366,0.03017176111990641,0.0007811820868289536,-0.017057765613902053,0.09351163030121912,0.4365117086317039,0.5472964170197265,0.04579358814756964,0.01634570279421925,2.289908876563247
swipe_right,anu,swipe_right,-0.12828651070594788,-0.49765142798423767,-0.6095486367121339,-0.10947006940841675,0.07754969596862793,-0.07540941331535578,-0.01053917407989502,-0.3751715123653412,-0.35776922944933176,-0.08947640657424927,-0.11845153570175171,0.06009735073894262,0.06296628713607788,-0.4004303216934204,-0.10666487459093332,-0.06854021549224854,-0.34786826372146606,0.013571861200034618,0.000567147226044635,-0.045487374970407925,0.017602730429534037,0.000567147226044635,-0.03428170175263431,0.0070382586934350875,0.43654708862030517,0.5467372809640709,0.016543247674493885,0.01246795970209065,2.6718877579777423
swipe_right,anu,swipe_right,-0.12840783596038818,-0.497682124376297,-0.6095486367121339,-0.1096068024635315,0.08020907640457153,-0.07535157445818186,-0.010660499334335327,-0.3752022087574005,-0.35776922944933176,-0.08959773182868958,-0.11848223209381104,0.06009735073894262,0.06270459294319153,-0.4004947245121002,-0.10666487459093332,-0.06866154074668884,-0.3478989601135254,0.011040476150810719,-0.003676522861827562,-0.0009301936987674746,0.0,-0.00414342591256813,0.08058728593768624,0.0017526926416339575,0.4386531566019646,0.5466822014470211,0.051414741787311063,3.9481827107440672,3.487483989027116
swipe_right,anu,swipe_right,-0.11401134729385376,-0.49689388275146484,-0.6095486367121339,-0.11033236980438232,0.08824247121810913,-0.07535157445818186,-0.00785115361213684,-0.3730470836162567,-0.3595534050837159,-0.08972474932670593,-0.1185721755027771,0.06009735073894262,0.06248930096626282,-0.4005846679210663,-0.10666487459093332,-0.06883102655410767,-0.34798890352249146,0.007713944651186466,0.4362572323192319,0.023886109843398964,0.0,-0.021986889116692172,0.24343620647084016,0.0,0.44600454511648224,0.5415902712407799,0.09031852375994893,18.263290753016257,4.964634526993732
swipe_right,anu,swipe_right,-0.10926547646522522,-0.4814183712005615,-0.6095486367121339,-0.11050084233283997,0.08824247121810913,-0.07535157445818186,-0.007381349802017212,-0.34740492701530457,-0.3595534050837159,-0.08880650997161865,-0.1185721755027771,0.06009735073894262,0.06241759657859802,-0.4005846679210663,-0.10666487459093332,-0.06885331869125366,-0.34798890352249146,0.007713944651186466,0.14381426753419274,0.468954895481901,0.0,-0.005105228135079855,0.0,0.0,0.44601817115276776,0.5374953426410507,5105.228135079856,0.3066690682850007,7.394571327839378
swipe_right,anu,swipe_right,-0.08604481816291809,-0.46066561341285706,-0.6244461094029248,-0.11067897081375122,0.08825021982192993,-0.07535676704719663,0.00551643967628479,-0.31242620944976807,-0.3595585976727307,-0.08857166767120361,-0.11990153789520264,0.047415375243872404,0.06224831938743591,-0.4005769193172455,-0.10667006717994809,-0.0695754885673523,-0.3485499620437622,0.0014460321981459856,0.7036563121911363,0.6288714481122666,-0.45143856638761,-0.005397832754886598,0.0002348061763879062,-0.00015735118226571767,0.4454015773463338,0.5419349921371879,22.890972736893232,1.1189173803103538,0.01232818739204401
swipe_right,anu,swipe_right,-0.06773146986961365,-0.4432261884212494,-0.6567807430401444,-0.11067900061607361,0.08806967735290527,-0.09842892829328775,0.022527486085891724,-0.28155070543289185,-0.369972818531096,-0.08848851919174194,-0.122234046459198,0.0025731443893164396,0.062233954668045044,-0.4003942012786865,-0.13996891025453806,-0.0695754885673523,-0.3489583432674408,-0.04922542814165354,0.5549499482819616,0.5284674239881195,-0.9798373829460661,-9.031006784150238e-07,-0.005470983909838215,-0.699156401396712,0.4417057549288314,0.5346214185805243,0.0001650408139525624,1.050109946198862,21.18312639760629
swipe_right,anu,swipe_right,-0.047200530767440796,-0.4173818826675415,-0.6569540000054985,-0.11073535680770874,0.08529189229011536,-0.11078006238676608,0.03644576668739319,-0.2376098334789276,-0.3723890578839928,-0.08848851919174194,-0.12533453106880188,-0.001624193275347352,0.06221237778663635,-0.40053004026412964,-0.15194840193726122,-0.0695754885673523,-0.3525371849536896,-0.0713488704059273,0.6221496697627901,0.7831607804153607,-0.005250211071335709,-0.001707763382882718,-0.0841753049330246,-0.37427679071145015,0.441523787054282,0.5169969276803397,0.02028793476075614,0.7944075991972237,10.129738966644812
swipe_right,anu,swipe_right,-0.031660616397857666,-0.3899555504322052,-0.68719282746315,-0.11101639270782471,0.08307021856307983,-0.11368659883737564,0.05145984888076782,-0.21682560443878174,-0.3864925503730774,-0.08828774094581604,-0.12716835737228394,-0.002596474252641201,0.062392592430114746,-0.40009260177612305,-0.16358403861522675,-0.06937471032142639,-0.3562332093715668,-0.07619087398052216,0.4709064960479811,0.8311009768283861,-0.9163281047773326,-0.008516239397453674,-0.06732344627380478,-0.08807686213968519,0.4428628014291128,0.5320854533433296,0.1264954985714788,0.5666049524331939,8.690195841595676
swipe_right,anu,swipe_right,-0.01852107048034668,-0.3623141348361969,-0.7329311668872833,-0.11131072044372559,0.08192160725593567,-0.1187964454293251,0.07454591989517212,-0.19070962071418762,-0.39227792620658875,-0.08809933066368103,-0.12793490290641785,-0.005833401810377836,0.0623241662979126,-0.39829668402671814,-0.16889989376068115,-0.06892809271812439,-0.35702410340309143,-0.07995234429836273,0.3981680581063999,0.8376186544245073,-1.386010285579819,-0.008919022300026776,-0.03480640324679343,-0.15484383611968316,0.44269457669092543,0.5709307954741948,0.2562392326939363,0.47535663233686193,2.2504665643662856
swipe_right,anu,swipe_right,-0.0032272934913635254,-0.3145256042480469,-0.7452668845653534,-0.10965380072593689,0.07877582311630249,-0.12922056019306183,0.09596419334411621,-0.1695823073387146,-0.4076150059700012,-0.08663320541381836,-0.13108068704605103,-0.020245246589183807,0.0642196536064148,-0.39823442697525024,-0.20220814645290375,-0.0666818916797638,-0.36059558391571045,-0.10744797438383102,0.4634477875449515,1.4481372905500238,-0.37380962660818984,0.050209688417840084,-0.09532679211009784,-0.3158822655677846,0.4420043707670589,0.5535964692043032,0.5267056679530658,0.3200300624389452,5.512511660787373
swipe_right,anu,swipe_right,0.0058480799198150635,-0.2777625322341919,-0.7452668845653534,-0.1087537407875061,0.0763140320777893,-0.1459358185529709,0.11170616745948792,-0.16490429639816284,-0.4076150059700012,-0.08492809534072876,-0.1335424780845642,-0.020245246589183807,0.06608548760414124,-0.39798569679260254,-0.21554142236709595,-0.06476953625679016,-0.3631504476070404,-0.13093093037605286,0.2750113154902499,1.1140324852682906,0.0,0.02727454358881067,-0.07459972843979061,-0.5065229806032856,0.44191490789750437,0.5465265042814702,0.3656069338628997,0.24686090600231772,5.852449140498134
swipe_right,anu,swipe_right,0.011715620756149292,-0.23892375826835632,-0.7452995881903917,-0.10779720544815063,0.07612225413322449,-0.16421348904259503,0.1204136312007904,-0.16232457756996155,-0.4076477095950395,-0.08392089605331421,-0.13370701670646667,-0.03653595526702702,0.06759396195411682,-0.39665210247039795,-0.23345981095917523,-0.06325766444206238,-0.36457303166389465,-0.15454475139267743,0.17780426776770672,1.1769325444192784,-0.0009910189405535365,0.028985919374408607,-0.005811452865600679,-0.5538688027158919,0.44304581041307733,0.5384984467348587,4.986865277816426,0.15107417798635248,2.531052789493705
swipe_right,anu,swipe_right,0.01967763900756836,-0.1934230625629425,-0.7453146243933588,-0.10767319798469543,0.07527551054954529,-0.17084425338543952,0.12877815961837769,-0.16317132115364075,-0.40766274579800665,-0.08244532346725464,-0.13455376029014587,-0.04213799932040274,0.07014763355255127,-0.39505335688591003,-0.24650881835259497,-0.06160181760787964,-0.3672313988208771,-0.17274005361832678,0.24127328034603618,1.3788089607701377,-0.00045564251415658,0.003757801922884914,-0.025658896475127656,-0.2009322528134725,0.44490283319946555,0.5403787820391482,0.1464464958589128,0.17498660962042398,10.73918988728988
swipe_right,anu,swipe_right,0.040483564138412476,-0.14149072766304016,-0.6472936070058495,-0.10802718997001648,0.07119151949882507,-0.19331725896336138,0.13008394837379456,-0.16698101162910461,-0.3558294272515923,-0.08154317736625671,-0.13866499066352844,-0.0565103015396744,0.07145342230796814,-0.39908239245414734,-0.2535500025842339,-0.06029602885246277,-0.3743366599082947,-0.17330695153214037,0.6304825797225251,1.5737071181787992,2.970333860227443,-0.010727029858213076,-0.12375730456727455,-0.6810001690279096,0.44852428562001473,0.47153645024305624,0.08667725285766098,0.4006350176627175,14.854615685466115
idle,anu,swipe_right,0.05477699637413025,-0.10294139385223389,-0.4905914030969143,-0.10867670178413391,0.07151556015014648,-0.19762608036398888,0.13029101490974426,-0.1673329472541809,-0.2800007127225399,-0.08251041173934937,-0.14064031839370728,-0.05716546252369881,0.07166048884391785,-0.400212824344635,-0.2571559213101864,-0.06008896231651306,-0.3773207366466522,-0.1765676848590374,0.43313431017327275,1.1681616306305118,4.748551633604173,-0.01968217618537703,0.009819413676406555,-0.1305703454735625,0.45194938407976654,0.3783483578158859,2.0042104980427924,0.3707825424440174,17.165962567083746
idle,anu,swipe_right,0.06484261155128479,-0.06348744034767151,-0.46618495881557465,-0.10899776220321655,0.07063475251197815,-0.2294720709323883,0.1306479275226593,-0.1681801974773407,-0.27862735092639923,-0.08255624771118164,-0.14289215207099915,-0.07095899432897568,0.07201740145683289,-0.39961040019989014,-0.2669038325548172,-0.05973204970359802,-0.37988409399986267,-0.18180812895298004,0.30501864173196064,1.1955743486231214,0.7395892206466677,-0.009729103608565052,-0.02669114055055603,-0.9650300172242405,0.4557040628033407,0.39082360347573797,0.36449319567075267,0.25512289299309654,25.31264611338891
idle,anu,swipe_right,0.06631805002689362,-0.033082008361816406,-0.4556792853400111,-0.10935564339160919,0.0688524842262268,-0.25127814989537,0.12904025614261627,-0.17082780599594116,-0.2760323463007808,-0.08222021162509918,-0.1455920934677124,-0.08496444951742887,0.0727657824754715,-0.4006151854991913,-0.28277291636914015,-0.05916495621204376,-0.3826175928115845,-0.1851235954090953,0.04471025683662939,0.9213767268440591,0.31835374168373115,-0.01084488449674623,-0.05400812987125077,-0.6607902716054811,0.4590433101782028,0.4062250878283029,0.20079724525462123,0.04852543699940826,9.256535957411494
idle,anu,swipe_right,0.0738144963979721,-0.007544189691543579,-0.40118135791271925,-0.10930179059505463,0.0677124559879303,-0.2660668073222041,0.12644509971141815,-0.17110249400138855,-0.26452456694096327,-0.08187045156955719,-0.14590689539909363,-0.10818276833742857,0.0735112875699997,-0.3983159363269806,-0.2912620482966304,-0.05997176468372345,-0.3830443024635315,-0.20591417234390974,0.22716504154783668,0.7738732930385829,1.6514523462815982,0.0016319029258959482,-0.03454631025140991,-0.4481411341464952,0.4574204261299598,0.4059370696679242,0.04723675776840973,0.29354256058291234,6.481880396187828
idle,anu,swipe_right,0.07751080393791199,0.007205009460449219,-0.39519147854298353,-0.1101151704788208,0.0675920844078064,-0.2703363476321101,0.12507519125938416,-0.16734880208969116,-0.2609257875010371,-0.08177131414413452,-0.14619237184524536,-0.11119115632027388,0.07445940375328064,-0.3957687020301819,-0.2912620482966304,-0.06038796901702881,-0.3833410441875458,-0.2133692828938365,0.11200931939211937,0.4469454288482737,0.1815114960526004,-0.02464787526564204,-0.0036476236401182813,-0.12938000939109315,0.45722940357648556,0.41617117832323847,6.75538989404865,0.2506101674886489,9.737321828536793
idle,anu,swipe_right,0.07941049337387085,0.02056482434272766,-0.39519147854298353,-0.10923099517822266,0.06718495488166809,-0.28646506648510695,0.12514907121658325,-0.1633056104183197,-0.2478020368143916,-0.0805252194404602,-0.14952728152275085,-0.12801856081932783,0.07628661394119263,-0.396287739276886,-0.2912620482966304,-0.06023940443992615,-0.3847578167915344,-0.22038133721798658,0.05756634654420886,0.40484287522056533,0.0,0.026793190927216926,-0.01233725836782764,-0.4887490561514268,0.4593685928582572,0.42962442306075377,2.1715537256928363,0.14219394207914302,11.004123311517873
idle,anu,swipe_right,0.08119678497314453,0.029771476984024048,-0.39521487429738045,-0.10753458738327026,0.0662565529346466,-0.2983129806816578,0.12649857997894287,-0.159946471452713,-0.2477085329592228,-0.07888591289520264,-0.1559009850025177,-0.13200439885258675,0.07752376794815063,-0.39807021617889404,-0.29431577399373055,-0.05988779664039612,-0.38668450713157654,-0.22667073085904121,0.05413004846283678,0.2789894739786678,-0.0007089622544519561,0.051406296816737224,-0.02813339233398331,-0.35902770292576963,0.46104059747668147,0.4395937145873044,1.8271692598330607,0.19402113516956743,4.029614011790943
idle,anu,swipe_right,0.08467422425746918,0.03841429948806763,-0.3952160747721791,-0.10751466453075409,0.05802750587463379,-0.30440562684088945,0.12725822627544403,-0.1627511978149414,-0.24770973343402147,-0.07780347764492035,-0.16496294736862183,-0.13949639815837145,0.08018116652965546,-0.40713217854499817,-0.2998883994296193,-0.05893944203853607,-0.39577069878578186,-0.2287069084122777,0.10537694800983943,0.261903712243749,-3.637802420240518e-05,0.0006037228035204434,-0.2493650624246348,-0.1846256411888412,0.4626258301964118,0.4556525181995938,0.0024210303425026207,0.40234842323786607,8.67431494031148
idle,anu,swipe_right,0.085569366812706,0.05072411894798279,-0.39720701798796654,-0.10863547027111053,0.05704835057258606,-0.308167215436697,0.12314097583293915,-0.16027167439460754,-0.24767912551760674,-0.07788778841495514,-0.16640588641166687,-0.13954196497797966,0.08080671727657318,-0.4085751175880432,-0.2998577915132046,-0.06002683937549591,-0.39766189455986023,-0.22867630049586296,0.027125531976873656,0.3730248321186472,-0.06033161259961947,-0.033963810313832214,-0.02967137278932561,-0.11398753320629128,0.46415839062122577,0.46952672278414026,1.1446273796496118,0.07271756978011626,7.071066117844619
idle,anu,swipe_right,0.08570300042629242,0.06784182786941528,-0.3981466027908027,-0.10732777416706085,0.05852299928665161,-0.3295287820510566,0.11686812341213226,-0.15945219993591309,-0.24768664268776774,-0.07710574567317963,-0.16674566268920898,-0.15381817845627666,0.08079294860363007,-0.4090265929698944,-0.3062053951434791,-0.061344847083091736,-0.39918994903564453,-0.2321724179200828,0.004049503442012749,0.5187184521646014,-0.02847226675261043,0.0396271546681707,0.04468632466865139,-0.6473202004351154,0.47020616146739436,0.485675596531601,0.8867649822852238,0.007806731413511266,16.469590510977714
idle,anu,swipe_right,0.08643807470798492,0.08940470218658447,-0.41223019687458873,-0.1075081080198288,0.06586360931396484,-0.34433266846463084,0.11112536489963531,-0.15299105644226074,-0.2639907035045326,-0.07752741873264313,-0.1615707278251648,-0.1803516778163612,0.08149375021457672,-0.4093013107776642,-0.33157655922695994,-0.06376983225345612,-0.3994177579879761,-0.26360130636021495,0.022274978233106563,0.6534204338536223,-0.4267755782965526,-0.00546466220508931,0.22244272810040452,-0.4486026185931653,0.4742545101025537,0.5052099988887675,0.024566492621552912,0.0340897575118366,8.19411467912738
idle,anu,swipe_right,0.0881512314081192,0.09935188293457031,-0.422172877471894,-0.10861338675022125,0.0782880187034607,-0.36103472439572215,0.10597206652164459,-0.14928466081619263,-0.30302957026287913,-0.07849206030368805,-0.15720295906066895,-0.20528848795220256,0.08119000494480133,-0.41002896428108215,-0.37003648607060313,-0.06731708347797394,-0.39999037981033325,-0.29339948622509837,0.05191383939800923,0.30142971963593934,-0.30129335143349867,-0.03349329486037799,0.37649725422715297,-0.506122907002775,0.4847990682656784,0.5120893569411086,0.08896002699701885,0.17222478007785505,5.054976441129511
idle,anu,swipe_right,0.09225520491600037,0.1150464117527008,-0.4243980012834072,-0.11175629496574402,0.08868435025215149,-0.3655603490769863,0.10169556736946106,-0.1452963650226593,-0.30737700685858727,-0.07950079441070557,-0.15025559067726135,-0.2089582495391369,0.0810224711894989,-0.41020625829696655,-0.37355294451117516,-0.06970787048339844,-0.4000662863254547,-0.29908227548003197,0.12436283357215179,0.47559178236757266,-0.0674279942882758,-0.09523964289462566,0.3150403499603152,-0.13714014185648457,0.4950399872996371,0.5278273974505745,0.3023083887452321,0.26149016171577466,11.488719406532642
idle,anu,swipe_right,0.0951681137084961,0.12521123886108398,-0.470949387177825,-0.11500802636146545,0.09514504671096802,-0.36542597971856594,0.0975574254989624,-0.1426844596862793,-0.3511383291333914,-0.08145138621330261,-0.14953237771987915,-0.21000764332711697,0.07971268892288208,-0.4118383228778839,-0.39480689726769924,-0.07211270928382874,-0.4001780152320862,-0.3022021111100912,0.08826996340896284,0.30802506389040424,-1.4106480574066214,-0.09853731502186325,0.19577868057020095,0.0040717987400113375,0.5011808071760683,0.5426405630700997,0.5033071600427431,0.2865665401625537,5.601966776672885
idle,anu,swipe_right,0.09697926044464111,0.1248365044593811,-0.471568969078362,-0.11916589736938477,0.10212838649749756,-0.36534395534545183,0.09717702865600586,-0.14180177450180054,-0.36064809281378984,-0.08379119634628296,-0.14306765794754028,-0.20992561895400286,0.08025294542312622,-0.41270026564598083,-0.40625175554305315,-0.07305234670639038,-0.3991425931453705,-0.3021200867369771,0.05488323442863783,-0.01135558793039051,-0.01877520910718254,-0.12599609114907206,0.21161635716756522,0.00248558706406395,0.5073424012919587,0.541748915285966,0.5953958259166068,4.832722184254739,0.9617727614716164
