ground_truth,person_id,video_label,left_wrist_x,left_wrist_y,left_wrist_z,right_wrist_x,right_wrist_y,right_wrist_z,left_elbow_x,left_elbow_y,left_elbow_z,right_elbow_x,right_elbow_y,right_elbow_z,left_shoulder_x,left_shoulder_y,left_shoulder_z,right_shoulder_x,right_shoulder_y,right_shoulder_z,left_wrist_x_vel,left_wrist_y_vel,left_wrist_z_vel,right_wrist_x_vel,right_wrist_y_vel,right_wrist_z_vel,right_arm_len,left_arm_len,right_horiz_ratio,left_horiz_ratio,right_wrist_acc
idle,anu,swipe_right,0.23685918003320694,-0.18426349759101868,-0.39601363497786224,-0.11436540633440018,0.12536472082138062,-0.46969752269797027,0.12589425593614578,-0.16395393013954163,-0.22318537044338882,-0.10544977337121964,-0.10442766547203064,-0.3185483093839139,0.06447909027338028,-0.3888988792896271,-0.2844097192864865,-0.09682532399892807,-0.3632142096757889,-0.36798201757483184,0.0,0.0,0.0,0.0,0.0,0.0,0.4993626635988601,0.2899068277674549,0.0,0.0,0.0
idle,anu,swipe_right,0.2399529218673706,-0.19920942187309265,-0.3967066975310445,-0.1142612099647522,0.12532290816307068,-0.46065899450331926,0.12751221656799316,-0.163733571767807,-0.22215203661471605,-0.10522761940956116,-0.10450240969657898,-0.31265872437506914,0.06464904546737671,-0.38913291692733765,-0.28059640247374773,-0.09669801592826843,-0.36343714594841003,-0.36409094650298357,0.09374975255041411,-0.45290679642648407,-0.0210018955509771,0.003157465746908477,-0.0012670502518162582,0.27389479377730325,0.4985180479926638,0.2833442847010976,2.4900162610953034,0.20699522792523084,8.300482525752704
swipe_right,anu,swipe_right,0.24401697516441345,-0.21202245354652405,-0.39857796649448574,-0.11405143141746521,0.1251550018787384,-0.4496693394612521,0.1299116611480713,-0.16297674179077148,-0.22289818595163524,-0.1050458550453186,-0.10467758774757385,-0.3069575659465045,0.06485041975975037,-0.38944192230701447,-0.2723844430875033,-0.09653739631175995,-0.3638201802968979,-0.36165072838775814,0.12315313021341959,-0.38827368707367865,-0.05670512010428038,0.006356925675363252,-0.005088069222190163,0.3330198497596112,0.49714258126284816,0.28196299016128956,1.2491332693304271,0.3171804248728946,1.7980218123694907
swipe_right,anu,swipe_right,0.2480810284614563,-0.22483548521995544,-0.400449235457927,-0.11384165287017822,0.12498709559440613,-0.4386796844191849,0.13231110572814941,-0.16221991181373596,-0.22364433528855443,-0.10486409068107605,-0.10485276579856873,-0.30476676346734166,0.06505358219146729,-0.3897509276866913,-0.2641724837012589,-0.09637677669525146,-0.36420321464538574,-0.3592105102725327,0.12315313021341959,-0.38827368707367865,-0.05670512010428038,0.006356925675363252,-0.005088069222190163,0.3330198497596112,0.49591080969450574,0.2815448495736719,1.2491332693304271,0.3171804248728946,0.0
swipe_right,anu,swipe_right,0.2583809196949005,-0.2486872673034668,-0.40358949173241854,-0.11363080143928528,0.12486213445663452,-0.4386965977028012,0.13608106970787048,-0.16165828704833984,-0.22366124857217073,-0.10464262962341309,-0.10497772693634033,-0.30478367675095797,0.06528094410896301,-0.39050567150115967,-0.2637710915878415,-0.0962064266204834,-0.36455026268959045,-0.3574768351390958,0.31211791616497614,-0.7227812752579197,-0.09515928104519844,0.006389437299786192,-0.0037867011445941344,-0.0005125237459486181,0.49641187853348656,0.2773972699207022,1.6868905586453924,0.43182840372448134,10.107118603114385
swipe_right,anu,swipe_right,0.26551586389541626,-0.26523247361183167,-0.41233815299347043,-0.11366608738899231,0.12422499060630798,-0.43542052851989865,0.13973373174667358,-0.1618196666240692,-0.22425992833450437,-0.10451295971870422,-0.10560926795005798,-0.30476947175338864,0.06541061401367188,-0.3924550712108612,-0.2633690391667187,-0.09652891755104065,-0.3657079339027405,-0.3565920745022595,0.216210430318659,-0.5013698881322687,-0.26511094730460283,-0.0010692712032433712,-0.019307389403834488,0.09927482372432044,0.49652983623429403,0.28003481434351635,0.05537858082720368,0.4312385011505088,3.068552362469563
swipe_right,anu,swipe_right,0.27296966314315796,-0.2683160603046417,-0.43276189314201474,-0.11364397406578064,0.12392833828926086,-0.43542052851989865,0.14201366901397705,-0.16097167134284973,-0.24273809837177396,-0.10483518242835999,-0.10348048806190491,-0.30476947175338864,0.06555497646331787,-0.3931080400943756,-0.2607389842160046,-0.09665000438690186,-0.3660045862197876,-0.35541214095428586,0.22587270447702118,-0.0934420209942442,-0.6189012166225548,0.000670100703383937,-0.008989464152943005,0.0,0.49671360722682534,0.29696089248536406,0.07453460599857699,2.417223909005834,3.0249916515313227
swipe_right,anu,swipe_right,0.27880507707595825,-0.2687504291534424,-0.43911118851974607,-0.11394423246383667,0.1234939694404602,-0.43542052851989865,0.1434183120727539,-0.16096395254135132,-0.2550034080632031,-0.10545441508293152,-0.10391485691070557,-0.30476947175338864,0.06553035974502563,-0.3941137194633484,-0.2601303313858807,-0.09691783785820007,-0.36643895506858826,-0.35397900687530637,0.1768307252363725,-0.013162692387898762,-0.1924028902342825,-0.00909873933503122,-0.013162692387898762,0.0,0.49694757276702983,0.3053460443992817,0.6911996320573087,13.4332161543771,0.3219061535829621
swipe_right,anu,swipe_right,0.28418686985969543,-0.268999844789505,-0.4441738878376782,-0.1142573356628418,0.12324455380439758,-0.438321724999696,0.14459863305091858,-0.16069844365119934,-0.2570814942009747,-0.1055348813533783,-0.10416427254676819,-0.30476947175338864,0.06547203660011292,-0.39488691091537476,-0.25808776961639524,-0.09713616967201233,-0.36666643619537354,-0.35305331693962216,0.16308462981021765,-0.007558049577655214,-0.15341513084642813,-0.00948797572742809,-0.007558049577655214,-0.08791504484234433,0.49757071242240597,0.31354708593799974,1.2551810422668532,21.574753298655548,2.6695264685400653
swipe_right,anu,swipe_right,0.288570374250412,-0.26943424344062805,-0.4492611908353865,-0.11447548866271973,0.12268176674842834,-0.4406547569669783,0.14557179808616638,-0.16053637862205505,-0.2578716897405684,-0.10566836595535278,-0.10459867119789124,-0.3057629489339888,0.06505075097084045,-0.39536380767822266,-0.260088833514601,-0.09728693962097168,-0.36699217557907104,-0.35301181906834245,0.13283346638535018,-0.01316359548857719,-0.15416069690025228,-0.006610696965997875,-0.01705415321118905,-0.07069793840249385,0.4977522481880116,0.31875611039541657,0.38760701144923865,10.090204936460728,0.6021719728576347
swipe_right,anu,swipe_right,0.2921687066555023,-0.2645077407360077,-0.4502817573957145,-0.11548075079917908,0.11984780430793762,-0.4426114442758262,0.14567866921424866,-0.16086098551750183,-0.2587453010492027,-0.10651096701622009,-0.10449609160423279,-0.3060809555463493,0.06380835175514221,-0.3957080841064453,-0.26069052843376994,-0.09814661741256714,-0.3673216998577118,-0.3530048611573875,0.10904037591182815,0.14928796074607142,-0.030926259403878966,-0.030462488983616656,-0.08587764971184,-0.059293554813572805,0.4956449714336172,0.3245101167761025,0.3547155094523665,0.7303981176297228,2.2341455737057094
swipe_right,anu,swipe_right,0.29790589213371277,-0.2617257237434387,-0.4556474154815078,-0.11638566851615906,0.11865097284317017,-0.45770407374948263,0.14604714512825012,-0.1620578169822693,-0.2587123876437545,-0.10742068290710449,-0.10569292306900024,-0.3060480421409011,0.06261900067329407,-0.3969176113605499,-0.26065761502832174,-0.09913727641105652,-0.3681260645389557,-0.3529719477519393,0.1738541054003168,0.08430354522936279,-0.16259569956949277,-0.02742174899939337,-0.036267620144468396,-0.45735240829261903,0.4982150232266147,0.3341523455721324,0.7560736771943519,2.0622150908627925,12.15605794199149
swipe_right,anu,swipe_right,0.2986942380666733,-0.2578706741333008,-0.45558558660559356,-0.11730553209781647,0.1185159683227539,-0.47805069643072784,0.1468256562948227,-0.16219282150268555,-0.2605669673066586,-0.1082850843667984,-0.1058279275894165,-0.32730911928229034,0.06176851689815521,-0.3970624804496765,-0.28953390079550445,-0.1002756804227829,-0.3680740296840668,-0.3738371606450528,0.023889270695773016,0.11681968515569503,0.0018736023004307875,-0.02787465398961845,-0.004091046073219989,-0.6165643236740966,0.4979159598258561,0.3210627955045716,6.811911080875042,0.20449521130555026,4.9221646937209815
swipe_right,anu,swipe_right,0.29845815896987915,-0.2490493655204773,-0.4556303683202714,-0.11756864190101624,0.11794519424438477,-0.4782631758134812,0.14658957719802856,-0.1627635955810547,-0.26061174902133644,-0.10856121778488159,-0.10639870166778564,-0.3288580540101975,0.06139260530471802,-0.39798614382743835,-0.29005101951770484,-0.10089489817619324,-0.36794355511665344,-0.3743239108007401,-0.007153912024064503,0.2673123822067725,-0.0013570216569033548,-0.007973024339386917,-0.017296184193004275,-0.006438769174344617,0.49716120252572377,0.32526721540436293,0.4609434836573892,0.026762266688656847,18.502813991656815
swipe_right,anu,swipe_right,0.29845815896987915,-0.23760849237442017,-0.45564376120455563,-0.11781048774719238,0.1192740797996521,-0.47827656869776547,0.14658957719802856,-0.16338998079299927,-0.2606251419056207,-0.1088952124118805,-0.10637092590332031,-0.3288714468944818,0.061351776123046875,-0.3991377353668213,-0.291066873120144,-0.10123133659362793,-0.36823275685310364,-0.37687470321543515,0.0,0.3466931256380945,-0.00040584497831084476,-0.007328662005337795,0.040269259250525234,-0.00040584497831084476,0.4982169430674212,0.3307516972291385,0.1819869586571437,0.0,1.7540695581171613
swipe_right,anu,swipe_right,0.29844649136066437,-0.2298646867275238,-0.443055659532547,-0.1180020421743393,0.11957547068595886,-0.47829583287239075,0.14657790958881378,-0.1651175320148468,-0.26064440608024597,-0.109227254986763,-0.1075185239315033,-0.32889071106910706,0.06118364632129669,-0.401294469833374,-0.2910861372947693,-0.10151650011539459,-0.36972901225090027,-0.3768939673900604,-0.0003535639155994765,0.23466077717867784,0.38145762642450437,-0.005804679610512478,0.009133057160810998,-0.0005837628674326525,0.49997298771271725,0.32981292251983135,0.6354984984566366,0.0015066958064084862,0.9446661717351226
swipe_right,anu,swipe_right,0.2969566136598587,-0.22997242212295532,-0.43319618701934814,-0.1180020421743393,0.11986589431762695,-0.47829583287239075,0.14642556011676788,-0.16524171829223633,-0.25993064045906067,-0.10949976742267609,-0.10753506422042847,-0.32889071106910706,0.061062827706336975,-0.4023667573928833,-0.2900836765766144,-0.1016584187746048,-0.36973267793655396,-0.3768939673900604,-0.045147809115323116,-0.003264708952470256,0.2987718943393589,0.0,0.00880071611115426,0.0,0.5002561486903098,0.3253411682063428,0.0,13.82481102033673,0.1770732756226707
swipe_right,anu,swipe_right,0.2940984070301056,-0.22997242212295532,-0.43319618701934814,-0.11795613169670105,0.12075716257095337,-0.4753924608230591,0.14419767260551453,-0.16525161266326904,-0.25993064045906067,-0.10945385694503784,-0.10753506422042847,-0.3247360289096832,0.06096109747886658,-0.40361347794532776,-0.2900836765766144,-0.10161250829696655,-0.36973267793655396,-0.3768939673900604,-0.08661232211373061,0.0,0.0,0.0013912265950983208,0.027008128888679248,0.08798097119186855,0.5005490494202169,0.3240145243922255,0.05150949520928263,86612.32211373062,2.7229084075520786
swipe_right,anu,swipe_right,0.2663237154483795,-0.22997242212295532,-0.4332166467793286,-0.11795279383659363,0.12075716257095337,-0.4574104701168835,0.1379050314426422,-0.1659092903137207,-0.2599511002190411,-0.10945051908493042,-0.10753506422042847,-0.310444847214967,0.06066510081291199,-0.40472909808158875,-0.2858815942890942,-0.10160917043685913,-0.36973267793655396,-0.36351628648117185,-0.841657320658368,0.0,-0.0006199927266800058,0.0001011472759824813,0.0,0.5449088092780487,0.49966340208937565,0.3074784208008599,101.1472759824813,841657.320658368,13.870519985010361
swipe_right,anu,swipe_right,0.2441265881061554,-0.23029440641403198,-0.4332166467793286,-0.11785563826560974,0.12127256393432617,-0.45261983620002866,0.13092437386512756,-0.16763836145401,-0.2599511002190411,-0.10945051908493042,-0.10701966285705566,-0.3030385826714337,0.06063398718833923,-0.4065536856651306,-0.26851601945236325,-0.10160917043685913,-0.36921727657318115,-0.35290177213028073,-0.6726402224916395,-0.009757099729595754,0.0,0.002944108211632928,0.01561822313250916,0.1451707247531774,0.5007873038125158,0.3030893676056579,0.18849261494351738,68.93147653036999,12.122823663337286
swipe_right,anu,swipe_right,0.20986579358577728,-0.23808470368385315,-0.5658632968552411,-0.11782757937908173,0.12543216347694397,-0.39781679259613156,0.1150582879781723,-0.16767802834510803,-0.264577463734895,-0.1090741902589798,-0.10295817255973816,-0.2634398792870343,0.060570403933525085,-0.4038968086242676,-0.2581403707154095,-0.10139928758144379,-0.3655383586883545,-0.3207257245667279,-1.0382058945569115,-0.23606961423700484,-4.019595456845829,0.0008502692887277307,0.126048470988418,1.6606982910271832,0.49725745361589935,0.38010020624599644,0.00674552048541209,4.397861622516884,46.04687821683898
swipe_right,anu,swipe_right,0.18287435173988342,-0.24974635243415833,-0.6118512009270489,-0.117430180311203,0.12209096550941467,-0.3721574698574841,0.10375890135765076,-0.17917057871818542,-0.2781113241799176,-0.10774236917495728,-0.10730472207069397,-0.2285143886692822,0.060424357652664185,-0.40317633748054504,-0.2581403707154095,-0.10062932968139648,-0.36665573716163635,-0.2806703899987042,-0.8179224801786038,-0.3533832954637941,-1.3935728506608478,0.012042395996324973,-0.1012484232584638,0.7775552345044704,0.49751934006106396,0.4045319675530003,0.11893792190384953,2.314541111978769,27.63614433922165
swipe_right,anu,swipe_right,0.13485781848430634,-0.2503337562084198,-0.7456090750638396,-0.11669112741947174,0.11026379466056824,-0.34598988317884505,0.08834002912044525,-0.1869504749774933,-0.34328442835249007,-0.10548771917819977,-0.1150347888469696,-0.20551238977350295,0.05881379544734955,-0.4026983678340912,-0.25826880359090865,-0.09987927973270416,-0.368534117937088,-0.2541657688561827,-1.4550464622902135,-0.01780011437155982,-4.053268913236076,0.022395542173674593,-0.35839911663170987,0.7929571720799706,0.4878132299370911,0.516234644822291,0.06248754153360988,81.73906598874996,7.812711641603621
swipe_right,anu,swipe_right,0.10570576786994934,-0.2633930444717407,-0.8870993279851973,-0.11634746193885803,0.10888022184371948,-0.2985833906568587,0.07452186942100525,-0.18542134761810303,-0.44685575598850846,-0.1025727391242981,-0.11722618341445923,-0.18006670707836747,0.05714347958564758,-0.4022510349750519,-0.25817024940624833,-0.0992489755153656,-0.3678116798400879,-0.24871699744835496,-0.8833954731623324,-0.39573600797942154,-4.287583421859322,0.010414105473142673,-0.041926448995416775,1.436560379454131,0.47959794050905197,0.6459037259934263,0.24838395186602152,2.2322791534530158,21.736454522632236
swipe_right,anu,swipe_right,0.08488483726978302,-0.2881506085395813,-0.9854785921052098,-0.11611710488796234,0.10920953750610352,-0.2984778406098485,0.06538189947605133,-0.1929253339767456,-0.5414382936432958,-0.10182522237300873,-0.11772960424423218,-0.17442229110747576,0.05709429085254669,-0.4028358459472656,-0.26810933370143175,-0.09902261197566986,-0.36748236417770386,-0.23381952662020922,-0.6309372909141304,-0.7502292141769865,-2.9811898218185586,0.00698051669380881,0.009979262496485846,0.0031984862730358556,0.481360663522515,0.7270100900621751,0.6994321738798677,0.8409915769738464,43.46380347303473
swipe_right,anu,swipe_right,0.010385781526565552,-0.3316054940223694,-0.9854267956689,-0.11578977108001709,0.10930502414703369,-0.28449465055018663,0.04384759068489075,-0.2005271315574646,-0.5639624120667577,-0.10192662477493286,-0.11818945407867432,-0.16587912756949663,0.056793004274368286,-0.4032662510871887,-0.2780419113114476,-0.09914904832839966,-0.36739251017570496,-0.22085800487548113,-2.257547143733868,-1.3168147115996423,0.0015695889790852903,0.00991920630137128,0.0028935345736416976,0.4237330321109667,0.4812141680746763,0.7125182587440644,3.4268743554483234,1.714398699717399,12.745590990491491
swipe_right,anu,swipe_right,-0.01840268075466156,-0.33267077803611755,-0.9853751203045249,-0.1159711629152298,0.11074841022491455,-0.28212545718997717,0.04232616722583771,-0.20008724927902222,-0.5639107367023826,-0.10235093533992767,-0.11678022146224976,-0.1541262110695243,0.05635888874530792,-0.4021729826927185,-0.28452403750270605,-0.09914259612560272,-0.36602693796157837,-0.21947392728179693,-0.8723776448856693,-0.032281333749944484,0.001565920132579224,-0.00549672227917295,0.0437389720569957,0.07179373818816555,0.48116852297129753,0.708245782896523,0.1256681707983353,27.023376055864283,10.746570009275837
swipe_right,anu,swipe_right,-0.022716253995895386,-0.33437275886535645,-0.985399728640914,-0.1150931715965271,0.11623510718345642,-0.24441667459905148,0.04115381836891174,-0.202346533536911,-0.5639353450387716,-0.10238978266716003,-0.11668470501899719,-0.11946638487279415,0.0562114417552948,-0.4028291404247284,-0.2856834586709738,-0.09920302033424377,-0.36545196175575256,-0.1950452234596014,-0.13071434064344914,-0.05157517664360273,-0.000745707163304993,0.026605797536445364,0.16626354419823833,1.142690381543202,0.4844713298823777,0.7074734735616883,0.16002087314973837,2.5343937676245405,32.6776062992537
swipe_right,anu,swipe_right,-0.051374658942222595,-0.33756864070892334,-0.9332954594865441,-0.11447082459926605,0.12035900354385376,-0.24433778319507837,0.03177134692668915,-0.2090434432029724,-0.5638564536347985,-0.10168285667896271,-0.1217467188835144,-0.10753110889345407,0.05603496730327606,-0.40507495403289795,-0.2856045672670007,-0.09803597629070282,-0.3640916347503662,-0.1824647793546319,-0.8684365135250662,-0.09684490435051187,1.5789172471021147,0.018858999917001417,0.12496655637567683,0.0023906486052455303,0.48866224919349205,0.6599980469766108,0.15091116817798364,8.96719917428781,34.577987538836695
swipe_right,anu,swipe_right,-0.08102259039878845,-0.34130218625068665,-0.8468685206025839,-0.11326983571052551,0.12095394730567932,-0.24441667459905148,0.02421468496322632,-0.21991625428199768,-0.5118874963372946,-0.10148289799690247,-0.12426063418388367,-0.10761000029742718,0.055819153785705566,-0.40717288851737976,-0.2856834586709738,-0.09805744886398315,-0.36551010608673096,-0.16688900254666805,-0.8984221653504827,-0.11313774368979743,2.618998147998802,0.03639360268910735,0.01802859884319888,-0.002390648605245538,0.49283793674026816,0.5813718999949575,2.018547556471881,7.940888647427152,3.2870128532369636
swipe_right,anu,swipe_right,-0.11294040083885193,-0.35570675134658813,-0.793906120583415,-0.11283314228057861,0.12121790647506714,-0.24277700297534466,0.011087894439697266,-0.24032330513000488,-0.49710926227271557,-0.10164794325828552,-0.12423861026763916,-0.10139614157378674,0.05565410852432251,-0.4089500606060028,-0.28448220901191235,-0.09775733947753906,-0.3653864860534668,-0.16427728347480297,-0.9672063769716196,-0.43650197260307505,1.604921212702085,0.013233134240815122,0.007998762708721732,0.04968701890020655,0.4931260697021436,0.539232491833637,1.6541908457344259,2.2158070796258444,1.7536760195853458
swipe_right,anu,swipe_right,-0.1335889995098114,-0.36396920680999756,-0.7505560796707869,-0.11195996403694153,0.1249755322933197,-0.22480216436088085,-0.001759350299835205,-0.25105032324790955,-0.4827642124146223,-0.10145893692970276,-0.12195035815238953,-0.07974592410027981,0.055302977561950684,-0.40655916929244995,-0.27212059311568737,-0.09668794274330139,-0.3675014078617096,-0.13972183875739574,-0.6257151112411977,-0.2503774382851347,1.3136376034129782,0.02645994677688143,0.11386744903795674,0.5446920792261772,0.5000054329941314,0.5161342835944446,0.23237294439710254,2.4990774586133653,15.344622059114482
swipe_right,anu,swipe_right,-0.15376266837120056,-0.37239810824394226,-0.7246176907792687,-0.11125287413597107,0.12536317110061646,-0.22328525874763727,-0.013696372509002686,-0.2568340301513672,-0.4628712544217706,-0.10136321187019348,-0.12316018342971802,-0.07818245980888605,0.05538642406463623,-0.4063698351383209,-0.2616326520219445,-0.09487095475196838,-0.37044090032577515,-0.13254512939602137,-0.6113232988299719,-0.2554212555740808,0.7860117845914547,0.021426966696074422,0.011746630524143977,0.04596683676495677,0.5043052801631551,0.5091685057110675,1.8239394448129154,2.3933830568365186,15.427214690414985
swipe_right,anu,swipe_right,-0.16939333081245422,-0.3804484009742737,-0.7231241716071963,-0.11093175411224365,0.1271703541278839,-0.21799191366881132,-0.02399277687072754,-0.2629079818725586,-0.4626082433387637,-0.10118517279624939,-0.12387707829475403,-0.07485665660351515,0.05561572313308716,-0.407187283039093,-0.26149490009993315,-0.09447714686393738,-0.37200430035591125,-0.1292519522830844,-0.4736564376137485,-0.2439482645554982,0.0452581567294671,0.00973090980992175,0.05476312203840789,0.1604043963280595,0.5072680460323247,0.5142427699869687,0.1776876803228424,1.9416186331891652,3.721623129957164
swipe_right,anu,swipe_right,-0.17936961352825165,-0.3902303874492645,-0.7095655566081405,-0.11027373373508453,0.12739545106887817,-0.21755223628133535,-0.031577423214912415,-0.26806244254112244,-0.4617040818557143,-0.10053031146526337,-0.12441295385360718,-0.07030575629323721,0.05596564710140228,-0.4076893925666809,-0.2591192191466689,-0.09372039139270782,-0.37353575229644775,-0.12125081475824118,-0.3023115974484055,-0.2964238325754789,0.4108671211835092,0.019940011429064118,0.006821119424068538,0.01332355719624138,0.5103724595186403,0.5085168676531497,2.9228470200500247,1.0198592163206426,4.697989587244477
swipe_right,anu,swipe_right,-0.18742293119430542,-0.39488184452056885,-0.7083911066874862,-0.10990741848945618,0.12897884845733643,-0.21419579442590475,-0.03306719660758972,-0.2754617929458618,-0.4599331384524703,-0.10018444061279297,-0.12394261360168457,-0.06482008751481771,0.05566850304603577,-0.4089300334453583,-0.2523772185668349,-0.09335407614707947,-0.37333348393440247,-0.11314377095550299,-0.24403992927435733,-0.1409532445849798,0.03558939153497878,0.011100461988738116,0.04798173904418957,0.10171035925547307,0.5126433495745315,0.5169520898226513,0.23134281639310286,1.731341471786813,2.966690039230386
swipe_right,anu,swipe_right,-0.19522404670715332,-0.39772382378578186,-0.6866523390635848,-0.10946586728096008,0.12897884845733643,-0.2078869855031371,-0.03848797082901001,-0.285102903842926,-0.4480306273326278,-0.09975174069404602,-0.12473607063293457,-0.06472603883594275,0.0551818311214447,-0.4106502830982208,-0.2418465232476592,-0.09291252493858337,-0.3742407560348511,-0.10760753508657217,-0.2363974397832703,-0.08612058379433393,0.6587505340576189,0.013380339651396813,0.0,0.1911760279626562,0.5133809030961571,0.5106098420370861,13380.339651396813,2.7449267578242473,3.07714567887248
swipe_right,anu,swipe_right,-0.19759656488895416,-0.39772382378578186,-0.6607987647876143,-0.1086944192647934,0.12897884845733643,-0.19787985738366842,-0.037904635071754456,-0.2881082594394684,-0.4341610735282302,-0.0989818125963211,-0.12714546918869019,-0.05271002557128668,0.055116161704063416,-0.4122689664363861,-0.2263414179906249,-0.09211625158786774,-0.3742407560348511,-0.08475083764642477,-0.07189449035760098,0.0,0.7834416447263742,0.023377212611111628,0.0,0.30324630665056507,0.5160455223093284,0.5028205142420934,23377.21261111163,71894.49035760098,3.4095534816351707
swipe_right,anu,swipe_right,-0.199809730052948,-0.39838606119155884,-0.6607702039182186,-0.10826346278190613,0.12831661105155945,-0.18787149712443352,-0.04005098342895508,-0.29585540294647217,-0.43244030699133873,-0.09843003749847412,-0.1280641257762909,-0.044708285480737686,0.05521044135093689,-0.41387972235679626,-0.21666915342211723,-0.09182077646255493,-0.37490299344062805,-0.07774437591433525,-0.06706561103011639,-0.020067800175059974,0.0008654808907797864,0.013059287360220277,-0.020067800175059974,0.3032836442192403,0.515391419316129,0.5123485965735739,0.6507258653384469,3.3417847826030274,0.6837867738599105
swipe_right,anu,swipe_right,-0.19854335486888885,-0.3984508812427521,-0.6530310306698084,-0.10701824724674225,0.1256953477859497,-0.18634811975061893,-0.03930215537548065,-0.3029310405254364,-0.4305801186710596,-0.09726904332637787,-0.12961244583129883,-0.0435830969363451,0.055551156401634216,-0.41504353284835815,-0.21667244471609592,-0.09092335402965546,-0.3749678134918213,-0.07774766720831394,0.03837500557754989,-0.0019642439755526504,0.23452040146697709,0.03773380409587523,-0.07943222016999235,0.04616295072165414,0.5125589770365105,0.505220894540828,0.47503807619938343,19.526840460995874,8.031390273004547
swipe_right,anu,swipe_right,-0.19808785617351532,-0.39856231212615967,-0.6449447916820645,-0.10673443973064423,0.12510517239570618,-0.18277301359921694,-0.03884665668010712,-0.3034142255783081,-0.4239496933296323,-0.09693200886249542,-0.13052108883857727,-0.04358586389571428,0.05546550452709198,-0.4159926772117615,-0.21599373687058687,-0.09073193371295929,-0.37442687153816223,-0.07724475581198931,0.013802990768894945,-0.003376693436593706,0.24503754508314607,0.008600227760546099,-0.017884102734652355,0.10833655004248428,0.5108077488715318,0.4985901440797531,0.48085984677533733,4.086513778708944,2.794210938363406
swipe_right,anu,swipe_right,-0.19747599959373474,-0.39991581439971924,-0.6424825675785542,-0.10614460706710815,0.11309286952018738,-0.17980140820145607,-0.03823480010032654,-0.30477941036224365,-0.42269356921315193,-0.09633493423461914,-0.13513752818107605,-0.04004327207803726,0.055797457695007324,-0.417357861995697,-0.21314768865704536,-0.09013569355010986,-0.3757920563220978,-0.07423463836312294,0.018541108478199397,-0.04101522041089617,0.07461285162152685,0.017873717076850704,-0.3640091780460251,0.09004864841699622,0.5004089316967784,0.49877861567019816,0.049102245362465574,0.45204332072669123,10.507027370246387
swipe_right,anu,swipe_right,-0.1961299329996109,-0.40039557218551636,-0.6425185762345791,-0.10601155459880829,0.11130285263061523,-0.17709339782595634,-0.03808744251728058,-0.30599793791770935,-0.42272957786917686,-0.0962008684873581,-0.13635605573654175,-0.03711099550127983,0.0556340366601944,-0.4185763895511627,-0.2131836973130703,-0.0900016576051712,-0.3770105838775635,-0.07725365087389946,0.04078989679163163,-0.014538114721124859,-0.001091171394694938,0.00403189297878382,-0.05424293604764085,0.08206092046968885,0.49867254200289063,0.49804023612303955,0.07432891623577477,2.8055282301586932,9.399339824712484
swipe_right,anu,swipe_right,-0.19174407422542572,-0.40094393491744995,-0.6424942528828979,-0.10625661909580231,0.11069080233573914,-0.17981309350579977,-0.03637416660785675,-0.3048385977745056,-0.4240297293290496,-0.09608955681324005,-0.13696810603141785,-0.04366589989513159,0.055890366435050964,-0.4191884398460388,-0.2167552476748824,-0.08981011807918549,-0.3776226341724396,-0.07732479181140661,0.1329048113389443,-0.016617052482836105,0.0007370712630676469,-0.0074261968786065915,-0.01854697863260897,-0.08241502060131559,0.49922374908884054,0.49285837592236076,0.40037769213032665,7.997616536366975,5.111953652671332
swipe_right,anu,swipe_right,-0.18656045198440552,-0.40212133526802063,-0.6424942528828979,-0.10675179958343506,0.1092664897441864,-0.17981309350579977,-0.03614389896392822,-0.28296804428100586,-0.4240297293290496,-0.09634003043174744,-0.13839241862297058,-0.04366589989513159,0.056113868951797485,-0.42033082246780396,-0.2178236162289977,-0.08974981307983398,-0.3796008229255676,-0.07783047016710043,0.15707946184909743,-0.03567879850214187,0.0,-0.015005469322204626,-0.04316098762281024,0.0,0.4996806704336868,0.48945639346315134,0.3476547339139345,4.402476147382612,2.6165276813923586
swipe_right,anu,swipe_right,-0.18168190121650696,-0.40248724818229675,-0.6765646152198315,-0.10699787735939026,0.10867932438850403,-0.18285417184233665,-0.035144269466400146,-0.25803807377815247,-0.436662208288908,-0.09650638699531555,-0.1386447250843048,-0.04567897319793701,0.056113868951797485,-0.42009714245796204,-0.22569097205996513,-0.09018939733505249,-0.38018798828125,-0.08115148171782494,0.1478348717545012,-0.01108827012957944,-1.0324352223313171,-0.007456902301672701,-0.017792889566132442,-0.0921538889859658,0.49961706493697555,0.5100431146310943,0.4190709554512247,13.33134372479281,2.9054365491526055
swipe_right,anu,swipe_right,-0.166992649435997,-0.40313905477523804,-0.6973383910953999,-0.10869263112545013,0.10835805535316467,-0.1894085444509983,-0.030407622456550598,-0.2439301311969757,-0.45647289231419563,-0.09809751808643341,-0.13912460207939148,-0.05213598906993866,0.056292638182640076,-0.4183458983898163,-0.25314484909176826,-0.09065015614032745,-0.3809199333190918,-0.11771329119801521,0.44512884183363594,-0.019751714937614722,-0.6295083598657103,-0.05135617472908726,-0.009735425313313827,-0.1986173517776263,0.4948319820320498,0.4973886513757504,5.274643729753832,22.535071418764083,3.498200739075171
swipe_right,anu,swipe_right,-0.1450553983449936,-0.4015694260597229,-0.7544546015560627,-0.10974575579166412,0.1122475266456604,-0.23340674117207527,-0.015018865466117859,-0.21833986043930054,-0.49146975949406624,-0.09913419187068939,-0.13346964120864868,-0.10225443169474602,0.056294992566108704,-0.4146392345428467,-0.29744841530919075,-0.09127582609653473,-0.38126251101493835,-0.18235621228814125,0.6647651845758628,0.04756450653076184,-1.7307942563837269,-0.03191286867315127,0.11786276643926476,-1.3332786885174872,0.4964871116897578,0.499567266823748,0.2707606386360984,13.975782727047005,34.6054196430214
swipe_right,anu,swipe_right,-0.11983579397201538,-0.39175742864608765,-0.8088579680770636,-0.11036747694015503,0.11532366275787354,-0.26048960350453854,0.005303114652633667,-0.19131696224212646,-0.512418856844306,-0.09998166561126709,-0.13094598054885864,-0.11890500597655773,0.056339412927627563,-0.4087952673435211,-0.2974171247333288,-0.09168639779090881,-0.3779430389404297,-0.19311522506177425,0.764230435544791,0.29733325495864277,-1.6485868642727464,-0.01884003480275464,0.09321624582464005,-0.8206927979534288,0.49819707806555036,0.541202113552564,0.20210889772689106,2.570273766980163,15.555895990379494
swipe_right,anu,swipe_right,-0.09961269795894623,-0.3859573006629944,-0.8506962102837861,-0.11200760304927826,0.10838806629180908,-0.26444629253819585,0.016372278332710266,-0.18650555610656738,-0.5201525730080903,-0.10182128846645355,-0.13495540618896484,-0.13133386196568608,0.05640555918216705,-0.41484397649765015,-0.30370298447087407,-0.09387098252773285,-0.3849239647388458,-0.2094445419497788,0.6128210913051274,0.17576145403312957,-1.2678255214158365,-0.04970079118555255,-0.21016958988074153,-0.11989966768658553,0.496699999528209,0.5695416803776018,0.23647833511698566,3.4866439176458948,23.15965196969835
swipe_right,anu,swipe_right,-0.07200320065021515,-0.3465821444988251,-0.8663658341392875,-0.11336897313594818,0.1077788770198822,-0.2653216263279319,0.02953152358531952,-0.16497251391410828,-0.520953162573278,-0.10330228507518768,-0.1360217034816742,-0.13479070272296667,0.056499943137168884,-0.4131755232810974,-0.3059647521004081,-0.09745834767818451,-0.38592687249183655,-0.21026599314063787,0.8366514335979136,1.193186550429376,-0.474837086530347,-0.04125363898999773,-0.018460280967481254,-0.026525266355637414,0.49702076198991835,0.5787893475274292,2.2346032792992117,0.7011902138074098,6.466881960016148
swipe_right,anu,swipe_right,-0.047559916973114014,-0.31386566162109375,-0.86644406337291,-0.11396875977516174,0.10347989201545715,-0.27176783699542284,0.0413070023059845,-0.14479359984397888,-0.5210313918069005,-0.10590106248855591,-0.13148126006126404,-0.1348832668736577,0.057213276624679565,-0.41232165694236755,-0.3070191266015172,-0.1011490523815155,-0.38800695538520813,-0.2111583473160863,0.7407055659727585,0.9914085720524601,-0.002370582837046989,-0.018175352703441196,-0.13027227286136456,-0.1953397171966949,0.49537579301444795,0.5776047653829219,0.13951712660802815,0.7471236780973548,6.175639190732685
idle,anu,swipe_right,-0.018774285912513733,-0.2696343660354614,-0.8664298378862441,-0.11250628530979156,0.09813874959945679,-0.2781251692213118,0.06346122920513153,-0.14709794521331787,-0.5210171663202345,-0.1041463166475296,-0.13626337051391602,-0.14378425711765885,0.05981080234050751,-0.4116613566875458,-0.30602875584736466,-0.09908761084079742,-0.39184826612472534,-0.22649134928360581,0.8722918503212228,1.3403422904737101,0.0004310753535140655,0.044317408041520664,-0.16185280048485998,-0.19264643108754495,0.49288273226413015,0.5834352191287129,0.27381135264516804,0.6507973416369575,2.12336009440587
idle,anu,swipe_right,-0.00442562997341156,-0.2380886673927307,-0.85086006578058,-0.11279399693012238,0.09849333763122559,-0.2781659131869674,0.08189673721790314,-0.14709794521331787,-0.5203164285048842,-0.10433895885944366,-0.13464045524597168,-0.14382500108331442,0.060591116547584534,-0.40885335206985474,-0.30606949981302023,-0.09850867092609406,-0.39183974266052246,-0.24184299167245626,0.434807755730367,0.9559302619009267,0.47181127592921057,-0.008718533949418465,0.010745091871781737,-0.0012346656259262147,0.4918840867468519,0.5746168424509563,0.811321367195133,0.454852532875351,7.973861542729534
idle,anu,swipe_right,0.03310936689376831,-0.14622998237609863,-0.8115223115310073,-0.11407425999641418,0.098885178565979,-0.3151532178744674,0.0915413498878479,-0.14709794521331787,-0.45254675205796957,-0.10382172465324402,-0.13464045524597168,-0.17629583831876516,0.06086075305938721,-0.4081994295120239,-0.3078385656699538,-0.09858939051628113,-0.3917577862739563,-0.2655071085318923,1.137424147490302,2.7835965156555247,1.1920531590779653,-0.03879585049369128,0.011873967719800574,-1.12082741477273,0.4933913622091429,0.56841485423187,3.267027869810733,0.4086165981587477,33.93931065023992
idle,anu,swipe_right,0.06005428731441498,-0.07319319248199463,-0.6295218532904983,-0.11425937712192535,0.098885178565979,-0.36092821415513754,0.09303562343120575,-0.14709794521331787,-0.3851580386981368,-0.1042415052652359,-0.13418364524841309,-0.18857381399720907,0.0605074018239975,-0.407776802778244,-0.3080360656604171,-0.09874896705150604,-0.39159610867500305,-0.272014862857759,0.8165127400195981,2.2132360573970966,5.51516540122756,-0.0056096098639748454,0.0,-1.3871210994142509,0.49871640237017906,0.46400378149295823,5609.609863974846,0.3689224058898902,8.139883791104932
idle,anu,swipe_right,0.08063539862632751,-0.006306320428848267,-0.5417795246466994,-0.11477658152580261,0.10401758551597595,-0.3663376634940505,0.09357509016990662,-0.14210131764411926,-0.3851580386981368,-0.10499498248100281,-0.12905248999595642,-0.21683343406766653,0.06049242615699768,-0.40232616662979126,-0.3150203889235854,-0.09971016645431519,-0.38638627529144287,-0.2886967724189162,0.6236700397549227,2.0268749107013964,2.6588584437514684,-0.015672860723553214,0.1555274833332402,-0.16392270723978608,0.4967404267068158,0.45679006508330755,0.1007716425162589,0.30770015888101554,37.366282853851885
idle,anu,swipe_right,0.09493592381477356,0.055737465620040894,-0.541643591132015,-0.1140986979007721,0.10662481188774109,-0.4880726053379476,0.09510400891304016,-0.1399778425693512,-0.38502210518345237,-0.10496506094932556,-0.12650004029273987,-0.3310834183357656,0.06198188662528992,-0.3989661931991577,-0.44033748051151633,-0.09857437014579773,-0.38293492794036865,-0.3990326835773885,0.4333492481347297,1.8801147287542217,0.004119197414679971,0.020541928031227855,0.07900685975045889,-3.6889376316332547,0.4978331560673082,0.4670163958146488,0.2599985380708727,0.23049073070723686,106.84943507524842
idle,anu,swipe_right,0.10797238349914551,0.09567052125930786,-0.5415567392483354,-0.11437669396400452,0.10693764686584473,-0.5128953093662858,0.09569543600082397,-0.1396089792251587,-0.38493525329977274,-0.10557052493095398,-0.12658798694610596,-0.36283054295927286,0.06257021427154541,-0.39728039503097534,-0.4699865812435746,-0.09813457727432251,-0.38256606459617615,-0.42517729941755533,0.395044232859757,1.2100925951293051,0.002631875263019048,-0.00842412312825523,0.009479847821322378,-0.7522031523738866,0.49756621585374966,0.5001842164231373,0.8885411185811274,0.32645758514038276,89.02121804822762
idle,anu,swipe_right,0.11486424505710602,0.10161164402961731,-0.5281584495678544,-0.11428292095661163,0.10706904530525208,-0.5259072417393327,0.09662695229053497,-0.13947978615760803,-0.3999683493748307,-0.10548622906208038,-0.1260654628276825,-0.36620231810957193,0.06367696821689606,-0.39504677057266235,-0.4740631813183427,-0.09710098803043365,-0.3820428252220154,-0.4353152746334672,0.2088442896351661,0.1800340233427098,0.4060087781963909,0.002841606284632815,0.0039817708911317595,-0.3943009810014188,0.4977273804140901,0.5022111270696348,0.713474704497836,1.1600203435840135,10.85217094065168
idle,anu,swipe_right,0.11597965657711029,0.10237178206443787,-0.5415653260424733,-0.11459328234195709,0.10714563727378845,-0.5341147454455495,0.09664909541606903,-0.13832560181617737,-0.41049807984381914,-0.10478158295154572,-0.12569072842597961,-0.37811866123229265,0.06479106843471527,-0.39350664615631104,-0.48178273160010576,-0.09604458510875702,-0.3812826871871948,-0.4403548510745168,0.03380034909103864,0.023034485903653288,-0.40626898407936196,-0.009404890465013933,0.0023209687435265802,-0.2487122335217222,0.4976918726453946,0.5020852972642724,4.050394946630457,1.4673165234026218,4.427646919569195
idle,anu,swipe_right,0.11607281863689423,0.10681048035621643,-0.5415649805217981,-0.11534889042377472,0.10526403784751892,-0.5341143999248743,0.09572969377040863,-0.13711771368980408,-0.41049773432314396,-0.10574705898761749,-0.12488773465156555,-0.37811831571161747,0.06487636268138885,-0.3919728696346283,-0.4817823860794306,-0.09610722959041595,-0.3803495764732361,-0.4403545055538416,0.0028230927207253268,0.13450600884177502,1.0470323490374043e-05,-0.022897214600534208,-0.05701816443241018,1.0470323490374043e-05,0.49495630283668496,0.5049553108233976,0.40157050403073313,0.020988443241989143,7.759360527688081
idle,anu,swipe_right,0.11664099991321564,0.10694003105163574,-0.5415649805217981,-0.11525397002696991,0.10491222143173218,-0.5341143999248743,0.09502209722995758,-0.13677918910980225,-0.41049773432314396,-0.10624010860919952,-0.12491405010223389,-0.37811831571161747,0.06544454395771027,-0.39147812128067017,-0.4817823860794306,-0.09553904831409454,-0.3802200257778168,-0.4403545055538416,0.017217614433982197,0.003925778649070056,0.0,0.0028763756607518122,-0.010661103508689214,0.0,0.4945026726047079,0.5045945801086396,0.26977562714596365,4.384666407937124,1.6072766014367594
idle,anu,swipe_right,0.11307217180728912,0.10613888502120972,-0.5281584495678544,-0.11532972753047943,0.10761666297912598,-0.5259072417393327,0.09402741491794586,-0.13241493701934814,-0.4104902083054185,-0.10612459480762482,-0.1222955584526062,-0.3707780474796891,0.0655113011598587,-0.3861670196056366,-0.4740631813183427,-0.09542353451251984,-0.377515584230423,-0.4353152746334672,-0.1081463062401962,-0.02427715243715202,0.40625851375586614,-0.0022956819245309287,0.08195277416344755,0.24870176319822848,0.49391948565243443,0.4975474230605418,0.02801191217810726,4.454470187554454,8.043536696315751
idle,anu,swipe_right,0.11179573833942413,0.10458281636238098,-0.5184468110091984,-0.11513607203960419,0.10752174258232117,-0.52517617540434,0.09337939321994781,-0.13233616948127747,-0.3993026097305119,-0.10593093931674957,-0.12250050902366638,-0.370777674484998,0.06570495665073395,-0.38438594341278076,-0.4684600313194096,-0.09522987902164459,-0.3774835169315338,-0.4299662192352116,-0.03867980205651495,-0.047153595722083004,0.29429207753503034,0.005868348208340746,-0.0028763756607518122,0.022153525302807543,0.4946628084162963,0.49367346124385686,2.0394793381992535,0.8202764007241988,7.334756945553587
idle,anu,swipe_right,0.1076698750257492,0.09370175004005432,-0.5184475262649357,-0.11511082947254181,0.1072944700717926,-0.5251768906600773,0.09319941699504852,-0.13186493515968323,-0.3993033249862492,-0.1059056967496872,-0.12266471982002258,-0.3707783897407353,0.06573019921779633,-0.3839147090911865,-0.4684607465751469,-0.0951908677816391,-0.37707096338272095,-0.4299669344909489,-0.12502616102045264,-0.3297292824947481,-2.167441628196028e-05,0.0007649262746175149,-0.0068870457735928795,-2.167441628196028e-05,0.4940360449937567,0.4820530018407685,0.11105127633588896,0.3791770657960239,0.7001704323342346
idle,anu,swipe_right,0.1043999046087265,0.08365669846534729,-0.5184146780520678,-0.1149825006723404,0.10808685421943665,-0.523805083706975,0.09016011655330658,-0.13107255101203918,-0.39927047677338123,-0.10576032102108002,-0.12187233567237854,-0.37549069710075855,0.06585852801799774,-0.3831223249435425,-0.46842789836227894,-0.09501577913761139,-0.3762785792350769,-0.42993408627808094,-0.09909001263705192,-0.3043955022638502,0.0009954003899386458,0.0038887515212550406,0.02401164083769833,0.04156990766976829,0.4937816392422056,0.4710273585980126,0.16194601616453388,0.3255294062188695,1.5729423625018726
idle,anu,swipe_right,0.10233551263809204,0.08552047610282898,-0.5184146780520678,-0.1146579384803772,0.1083049476146698,-0.523805083706975,0.08843404054641724,-0.1314096748828888,-0.39927047677338123,-0.10356882214546204,-0.12450072169303894,-0.37549069710075855,0.06618738174438477,-0.3794214129447937,-0.46842789836227894,-0.094125896692276,-0.3735194206237793,-0.42993408627808094,-0.06255733244346866,0.056478110226718004,0.0,0.009835217938278684,0.006608890764641055,0.0,0.49131257945086687,0.4690163384169425,1.4879546861638306,1.1076189442849136,1.3774630320325498
idle,anu,swipe_right,0.10016277432441711,0.07952830195426941,-0.5183641468174756,-0.11439231038093567,0.11033204197883606,-0.5237545524723828,0.08454105257987976,-0.14023521542549133,-0.39931388245895505,-0.10275205969810486,-0.12381574511528015,-0.3848268245346844,0.06623819470405579,-0.3775903284549713,-0.4599463199265301,-0.09383884072303772,-0.3721490204334259,-0.4375060354359448,-0.06584055495984555,-0.18158103480483348,0.0015312495330969324,0.008049336346712892,0.06142710194443144,0.0015312495330969324,0.4905601159821576,0.46208328455842107,0.13103670945253057,0.36259399246523344,1.6626868116266353
idle,anu,swipe_right,0.09679600596427917,0.06333082914352417,-0.518367019481957,-0.11418402194976807,0.10901856422424316,-0.5237574251368642,0.08060720562934875,-0.14794683456420898,-0.3999322922900319,-0.10114926099777222,-0.12792247533798218,-0.3848296971991658,0.06631031632423401,-0.37510791420936584,-0.4599491925910115,-0.09278169274330139,-0.3721696734428406,-0.4375089081004262,-0.10202328364054387,-0.4908325094165236,-8.7050438830347e-05,0.006311770641442517,-0.03980235619978481,-8.7050438830347e-05,0.48932503150319273,0.4433627763404941,0.15857383004995543,0.20785720958991502,3.0684030934875426
idle,anu,swipe_right,0.09171584248542786,0.0553339421749115,-0.5245014047250152,-0.1140027642250061,0.11254218220710754,-0.5242374753579497,0.07820335030555725,-0.14940467476844788,-0.41738062258809805,-0.10035333037376404,-0.12469616532325745,-0.3866214668378234,0.06673160195350647,-0.3719122111797333,-0.47152244206517935,-0.09219977259635925,-0.3690369427204132,-0.443268827162683,-0.15394434784397973,-0.2423299081397785,-0.18589046191085515,0.0054926583261201015,0.10677630251104207,-0.014546976396531805,0.4888248622978217,0.43124269073899657,0.051440317342275,0.6352650143793599,4.463407345968384
idle,anu,swipe_right,0.090927854180336,0.05551454424858093,-0.5244926591403782,-0.11295045912265778,0.11272278428077698,-0.5242287297733128,0.07665838301181793,-0.14922407269477844,-0.4173718770034611,-0.09999091923236847,-0.12489053606987,-0.38661272125318646,0.06702031195163727,-0.3722110986709595,-0.4715136964805424,-0.09190402925014496,-0.36890897154808044,-0.4432600815780461,-0.023878433487632116,0.005472790111194971,0.00026501771627050524,0.03188803340449486,0.005472790111194971,0.00026501771627050524,0.4888435561851415,0.4316567695181711,5.825585701446169,4.362321719058254,3.2038934962092864
idle,anu,swipe_right,0.09110207855701447,0.05551454424858093,-0.517767169047147,-0.11157326400279999,0.11272278428077698,-0.523743309546262,0.0768326073884964,-0.14922407269477844,-0.39991817669942975,-0.0998079925775528,-0.12491747736930847,-0.38481558160856366,0.06722880899906158,-0.3722538352012634,-0.4585774918086827,-0.09172756969928741,-0.36915814876556396,-0.43749479250982404,0.005279526566014159,0.0,0.2038027300979157,0.041733185450236104,0.0,0.01470970385002371,0.48994070243957616,0.43250333796183155,41733.18545023611,5279.5265660141595,0.5550729465935419
idle,anu,swipe_right,0.09126110374927521,0.05551454424858093,-0.5120662827976048,-0.11089284718036652,0.11303243041038513,-0.5234590549953282,0.07699163258075714,-0.14922407269477844,-0.3993026395328343,-0.09963594377040863,-0.12561270594596863,-0.38298309640958905,0.06738783419132233,-0.3724304437637329,-0.45663122134283185,-0.09152249991893768,-0.36915814876556396,-0.4341416140086949,0.004818945220022503,0.0,0.1727541287740076,0.020618691588893134,0.009383216048731971,0.008613774270722381,0.49077547846593383,0.4321803926634578,2.1971671881615733,4818.945220022503,0.7241263707408208
idle,anu,swipe_right,0.0911618173122406,0.07796609401702881,-0.5056148548610508,-0.1102299690246582,0.11261767148971558,-0.5229324479587376,0.07689234614372253,-0.14752835035324097,-0.3896025796420872,-0.09973523020744324,-0.12641191482543945,-0.37301040487363935,0.06728854775428772,-0.3732416331768036,-0.45418597059324384,-0.09162178635597229,-0.3695729076862335,-0.4286670465953648,-0.003008679910139571,0.6803499929832615,0.19549781625920862,0.02008721683964563,-0.012568452141501549,0.015957788987593043,0.4916706062014143,0.4547562822170157,1.598098040671326,0.0044222466655730935,0.7016265726717841
idle,anu,swipe_right,0.09691177308559418,0.08052751421928406,-0.47399462293833494,-0.10953854024410248,0.11099991202354431,-0.49970547389239073,0.07917140424251556,-0.14526650309562683,-0.3511094255372882,-0.09984789788722992,-0.12803474068641663,-0.362854371778667,0.06718890368938446,-0.3763345777988434,-0.424032817594707,-0.09176747500896454,-0.37115272879600525,-0.4258563918992877,0.1742410840410179,0.07761879400773501,0.9581888461429086,0.02095238728956748,-0.04902301412640208,0.7038476989802104,0.4880990337217245,0.4605459825918783,0.4273902833730518,2.2448021959920985,20.874415953384748
idle,anu,swipe_right,0.10806818306446075,0.07783195376396179,-0.4457320210058242,-0.10920719802379608,0.10746607184410095,-0.49971654382534325,0.08330447971820831,-0.14768460392951965,-0.31549402442760766,-0.09992523491382599,-0.13162294030189514,-0.3628654417116195,0.06701697409152985,-0.3802954852581024,-0.4132663842756301,-0.0918361097574234,-0.37474092841148376,-0.4258674618322402,0.33807302966262437,-0.08168365016128099,0.8564424828033577,0.0100406733426181,-0.10708606604373842,-0.00033545251371282605,0.4881383335841098,0.461107329925855,0.09376177454070045,4.13875837131115,21.413852316335618
idle,anu,swipe_right,0.12344057857990265,0.07660472393035889,-0.4457823410630226,-0.10930924117565155,0.10636895895004272,-0.49976686388254166,0.09012623131275177,-0.14867115020751953,-0.31554434448480606,-0.10003729164600372,-0.13285017013549805,-0.3629157617688179,0.06671394407749176,-0.3819977343082428,-0.41157013922929764,-0.09229506552219391,-0.3755624294281006,-0.42591778188943863,0.465830167134604,-0.037188782836451766,-0.0015248502181334966,-0.0030922167228930003,-0.03324584527449183,-0.0015248502181334966,0.48785349459491995,0.4633622778331983,0.09300782367058025,12.525756581671084,2.272982949582736
idle,anu,swipe_right,0.14303822815418243,0.07573723793029785,-0.42662745248526335,-0.10951487720012665,0.11349689960479736,-0.49973976146429777,0.0989188700914383,-0.14953863620758057,-0.3149576736614108,-0.10100452601909637,-0.12316954135894775,-0.3590367389842868,0.06650729477405548,-0.3828907608985901,-0.4074601186439395,-0.09314139187335968,-0.37438085675239563,-0.40523120295256376,0.5938681689175708,-0.026287454547304162,0.5804511690230095,-0.006231394681063581,0.215998201659232,0.0008212854013298518,0.4972169182578568,0.4653643860034936,0.028849156076486106,22.590455739760134,7.553783508385093
idle,anu,swipe_right,0.16968001425266266,0.07489898800849915,-0.4105067728087306,-0.10951487720012665,0.12320348620414734,-0.499781864695251,0.10685087740421295,-0.15037688612937927,-0.2921063182875514,-0.10241533815860748,-0.11543986201286316,-0.35907884221524,0.06649626791477203,-0.38411805033683777,-0.3791027246043086,-0.09374411404132843,-0.37412890791893005,-0.39839984755963087,0.8073268514690889,-0.02540151278177869,0.4885054447434112,0.0,0.29413898785908693,-0.0012758554834307906,0.5078056130186925,0.47151854814341326,0.0,31.781377630018834,2.376269801670963
idle,anu,swipe_right,0.19074387848377228,0.04237687587738037,-0.4104662061436102,-0.10970331728458405,0.12356424331665039,-0.5040902913315222,0.11180080473423004,-0.1530299186706543,-0.292065751622431,-0.10382606089115143,-0.11627203226089478,-0.3590382755501196,0.06649149954319,-0.3878023326396942,-0.3790621579391882,-0.09400902688503265,-0.3767819404602051,-0.39835928089451045,0.6382989160942325,-0.9855185494278441,0.0012292928824370589,-0.005710305589618119,0.010932033712213718,-0.13055838291730876,0.511636258429013,0.44886414354055554,0.522298361088827,0.6476775792675092,9.43552663454608
idle,anu,swipe_right,0.21592652797698975,0.0038503408432006836,-0.40480044862488285,-0.1118147075176239,0.12318754196166992,-0.5138631202862598,0.11603140830993652,-0.15403538942337036,-0.2776016034767963,-0.10526242852210999,-0.11498862504959106,-0.35908505698898807,0.06649953126907349,-0.38905709981918335,-0.34420416137436405,-0.09454509615898132,-0.37728989124298096,-0.39840606233337894,0.7631105907035616,-1.1674707586115085,0.17168962177961655,-0.06398152221332913,-0.011415192575165748,-0.2961463319617472,0.5139126704555251,0.4247076574557608,5.604453655810918,0.6536437263468714,5.362378047766884
idle,anu,swipe_right,0.23792290687561035,-0.05843886733055115,-0.40486197313293815,-0.11419686675071716,0.12128952145576477,-0.5153912766836584,0.11953133344650269,-0.16012045741081238,-0.25617812713608146,-0.10604563355445862,-0.11662939190864563,-0.3532980247400701,0.06665217876434326,-0.39158597588539124,-0.3136026724241674,-0.0947594940662384,-0.3791879117488861,-0.3919706209562719,0.6665569363218382,-1.8875517628409693,-0.001864379031978778,-0.07218664342706872,-0.05751577290621685,-0.04630776961813833,0.5158373104615147,0.3855501500610106,1.2550537830898756,0.35313287630624884,7.702687851799073
swipe_right,anu,swipe_right,0.26337914168834686,-0.11377403140068054,-0.4267861903645098,-0.11692480742931366,0.1197684109210968,-0.513973540160805,0.1304064244031906,-0.16164156794548035,-0.256087398622185,-0.10667459666728973,-0.1177988350391388,-0.3500783503986895,0.06755922734737396,-0.3935733139514923,-0.3111336291767657,-0.09416918456554413,-0.38088011741638184,-0.38506520399823785,0.7714010549314113,-1.6768231536402889,-0.6643702191385372,-0.08266486904837889,-0.0460942586263022,0.04296171281373873,0.5174786241291545,0.3605670426948917,1.793348633067651,0.4600369414149623,2.745609182592774
swipe_right,anu,swipe_right,0.27332301437854767,-0.16452628374099731,-0.42681520991027355,-0.11809991300106049,0.11900842189788818,-0.5042765121906996,0.13845403492450714,-0.16240155696868896,-0.2561164181679487,-0.10809634625911713,-0.11674976348876953,-0.34466871432960033,0.06777460873126984,-0.3945094048976898,-0.3091249745339155,-0.09452249109745026,-0.3819199800491333,-0.3840092997997999,0.3013294754606312,-1.5379470406156637,-0.0008793801746585174,-0.035609259749903914,-0.023029970400261213,0.2938493324274374,0.5157027836623488,0.33014144632877335,1.546146737677195,0.1959295551623477,7.766731660852734
swipe_right,anu,swipe_right,0.28478679060935974,-0.2033921778202057,-0.43782937340438366,-0.11867266893386841,0.11834529042243958,-0.503579018637538,0.14644268155097961,-0.16253122687339783,-0.2561164181679487,-0.10794153809547424,-0.11636939644813538,-0.34466871432960033,0.06836369633674622,-0.39464613795280457,-0.2985831182450056,-0.09424200654029846,-0.3821814954280853,-0.3840092997997999,0.34738715850945295,-1.1777543660366045,-0.33376253012454504,-0.017356240388118668,-0.020094893195412154,0.02113616827762465,0.5151900991690169,0.3206346091376365,0.8636710107556232,0.2949569736867208,8.283002681408565
swipe_right,anu,swipe_right,0.2929958403110504,-0.23520347476005554,-0.44900098256766796,-0.11944213509559631,0.11366006731987,-0.5042765121906996,0.151179701089859,-0.16367432475090027,-0.2562560420483351,-0.10817840695381165,-0.11740604043006897,-0.3484270554035902,0.0691632330417633,-0.3958826959133148,-0.30287483148276806,-0.09360745549201965,-0.3833725154399872,-0.3850942235440016,0.24875908186941498,-0.9639786951469677,-0.33853361100861606,-0.023317156415997187,-0.141976457653624,-0.021136168277624934,0.5117745958155979,0.3118841134432338,0.16423139843004517,0.25805427554310606,3.9133871989235667
swipe_right,anu,swipe_right,0.2985238879919052,-0.24912074208259583,-0.4705821257084608,-0.12031765282154083,0.113229900598526,-0.504675505682826,0.15403686463832855,-0.16367432475090027,-0.25955512933433056,-0.10918988287448883,-0.11712130904197693,-0.35010519437491894,0.06970463693141937,-0.39617568254470825,-0.30287483148276806,-0.09364394843578339,-0.3833725154399872,-0.3859174530953169,0.16751659638953972,-0.42173537341031264,-0.6539740345694818,-0.026530840180137006,-0.01303535519224228,-0.012090711882620177,0.5113012039642826,0.3195452107397327,2.035142475707096,0.39720689736799325,3.9181192369661204
swipe_right,anu,swipe_right,0.30637867748737335,-0.25914624333381653,-0.4874229528941214,-0.12107263505458832,0.11304453015327454,-0.504694948438555,0.15914590656757355,-0.16367432475090027,-0.27815053844824433,-0.11020527780056,-0.11709573864936829,-0.3501246371306479,0.06972409784793854,-0.396659791469574,-0.302894274238497,-0.09434346854686737,-0.3833725154399872,-0.3881849446333945,0.23802392410509574,-0.3038030682188099,-0.510328096535171,-0.022878249486287493,-0.005617286219741373,-0.0005891744160290935,0.5106064164152448,0.33010028662755436,4.072104658160447,0.7834783961275427,0.4292502380884232
swipe_right,anu,swipe_right,0.3117839992046356,-0.25914624333381653,-0.48980066971853375,-0.12151157855987549,0.1127677857875824,-0.5046819527633488,0.16252943873405457,-0.16515955328941345,-0.2862413008697331,-0.11099991202354431,-0.11709573864936829,-0.3501116414554417,0.06979838013648987,-0.3972683250904083,-0.30288127856329083,-0.09479248523712158,-0.3833725154399872,-0.3881719489581883,0.1637976277958267,0.0,-0.07205202498219247,-0.0133013183420355,-0.008386192899761799,0.00039380833958134606,0.5103368391923633,0.33551990715070107,1.5859082414109333,163797.62779582673,0.30356121589011426
swipe_right,anu,swipe_right,0.31182095408439636,-0.25840821862220764,-0.489784044213593,-0.12147462368011475,0.11258646845817566,-0.5072330953553319,0.1625663936138153,-0.16767844557762146,-0.29303396958857775,-0.1110391914844513,-0.1163577139377594,-0.35485599655658007,0.06989279389381409,-0.397327721118927,-0.3062176527455449,-0.09475553035736084,-0.38258710503578186,-0.3890908779576421,0.0011198448412345994,0.02236438520026905,0.0005038031800226676,0.0011198448412345994,-0.0054944645274768575,-0.07730735127221369,0.5097728527161963,0.3339528154451415,0.20377619319267187,0.050070447309851294,2.3963934957664965
swipe_right,anu,swipe_right,0.3118380308151245,-0.25662240386009216,-0.48973554698750377,-0.1214575469493866,0.11415085196495056,-0.5071845981292427,0.16258347034454346,-0.16754212975502014,-0.2929854723624885,-0.11102211475372314,-0.11457189917564392,-0.3623288902454078,0.07008218765258789,-0.3965894877910614,-0.31164369313046336,-0.09473845362663269,-0.38065606355667114,-0.406977656763047,0.0005174766887318017,0.05411559885198433,0.0014696129117951285,0.0005174766887318017,0.0474055608113608,0.0014696129117951285,0.5055583296653112,0.3312904778251337,0.010915718834591992,0.00956225445998861,2.875530152627167
swipe_right,anu,swipe_right,0.3120063245296478,-0.2511575520038605,-0.48973554698750377,-0.12128925323486328,0.11448881030082703,-0.5071845981292427,0.16275176405906677,-0.16973558068275452,-0.2929854723624885,-0.11085382103919983,-0.11443528532981873,-0.3623288902454078,0.07054242491722107,-0.39727485179901123,-0.31164369313046336,-0.09457015991210938,-0.3801773488521576,-0.406977656763047,0.005099809531009571,0.16560157140096068,0.0,0.005099809531009571,0.010241161693226232,0.0,0.5054205675050474,0.3337241203834441,0.4979231615121237,0.03079547308877105,1.1355957398200587
swipe_right,anu,swipe_right,0.31074385344982147,-0.24746766686439514,-0.49302202789112926,-0.12079201638698578,0.114647775888443,-0.5071845981292427,0.16131041944026947,-0.16949382424354553,-0.2929854723624885,-0.11050637066364288,-0.11523374915122986,-0.3623288902454078,0.0710550993680954,-0.39713943004608154,-0.31164369313046336,-0.09413526952266693,-0.3799355924129486,-0.406977656763047,-0.03825669938867752,0.11181470119591944,-0.09959033041289383,0.015067783269015263,0.004817139018665672,0.0,0.5053362459310696,0.33578331680969076,3.1273035523968984,0.34214067415850224,0.34388335201641934
swipe_right,anu,swipe_right,0.3076532930135727,-0.24723833799362183,-0.5111347767524421,-0.1205308586359024,0.11483961343765259,-0.5064959856681526,0.1609860509634018,-0.16947203874588013,-0.2929854723624885,-0.11032228171825409,-0.11532926559448242,-0.3623288902454078,0.07157854735851288,-0.39735767245292664,-0.31164369313046336,-0.09380249679088593,-0.3797062635421753,-0.406977656763047,-0.09365334655299354,0.006949359720403515,-0.5488711776155427,0.007913871244950748,0.00581325906695743,0.02086704427545726,0.5051672273146092,0.34360412186013883,1.3611143146210087,13.474604239268976,0.6691443278471048
swipe_right,anu,swipe_right,0.27367059886455536,-0.24625661969184875,-0.5173671948723495,-0.12050415575504303,0.1127384603023529,-0.5005745398811996,0.1530698984861374,-0.16964897513389587,-0.2930477964691818,-0.10917071998119354,-0.11735424399375916,-0.3482607710175216,0.07168738543987274,-0.3982342481613159,-0.2877580332569778,-0.09352217614650726,-0.37962689995765686,-0.37864024518057704,-1.0297786105762854,0.0297490394476689,-0.18886115514870894,0.0008091782078598504,-0.06367130713029356,0.1794377511197875,0.5079563440215142,0.34148907033502285,0.012708479468224974,34.61436118051853,5.2506723232003125
swipe_right,anu,swipe_right,0.23463229835033417,-0.24579715728759766,-0.5349714267067611,-0.11953742802143097,0.11087185144424438,-0.4548858213238418,0.1365908831357956,-0.16918951272964478,-0.2930477964691818,-0.10616903007030487,-0.11841166019439697,-0.3119674134068191,0.07168738543987274,-0.40044981241226196,-0.2715716171078384,-0.09302850067615509,-0.37957847118377686,-0.3533443617634475,-1.1829788034612352,0.013923103159124048,-0.5334615707397402,0.029294779806425756,-0.056563904791166665,1.3845066229502208,0.5015524999484924,0.34619062390142075,0.5178967402947086,84.95906629979717,36.52807429473166
swipe_right,anu,swipe_right,0.19386743009090424,-0.24491095542907715,-0.6640492188744247,-0.11850278079509735,0.11118143796920776,-0.3911116826348007,0.12103049457073212,-0.17000406980514526,-0.3031856524758041,-0.10440565645694733,-0.11755555868148804,-0.25301609514281154,0.07161633670330048,-0.40362146496772766,-0.2715716171078384,-0.0917789489030838,-0.38011565804481506,-0.3049592482857406,-1.2352990381645463,0.026854601773348787,-3.9114482475049663,0.03135294625253396,0.00938140984737514,1.9325496572436756,0.4995090006066694,0.4406506820157366,3.3416730629503872,45.99781634349538,16.72727788783063
swipe_right,anu,swipe_right,0.13790400326251984,-0.24131551384925842,-0.8448895551264286,-0.11569388210773468,0.10018619894981384,-0.36950579658150673,0.10718043148517609,-0.17262491583824158,-0.4196171201765537,-0.1004958301782608,-0.12291660904884338,-0.23602213338017464,0.07155449688434601,-0.39968135952949524,-0.2715011276304722,-0.08946694433689117,-0.37712088227272034,-0.29649320617318153,-1.6958614190419556,0.10895277514602225,-5.480010189454678,0.08511814204129327,-0.333189061193756,0.6547238197967877,0.4835708225360008,0.5985451418739689,0.2554642288438356,15.564962450994697,40.12244911068467
swipe_right,anu,swipe_right,0.12079676240682602,-0.2436358779668808,-0.8928371757501736,-0.1145489290356636,0.10145242512226105,-0.33378901483956724,0.10002859681844711,-0.175850048661232,-0.456793898367323,-0.09989456087350845,-0.12076525390148163,-0.20666074904147536,0.07140552252531052,-0.3973976820707321,-0.27145538630429655,-0.08904611319303513,-0.3751862645149231,-0.272863881313242,-0.5184012380513291,-0.0703140641703752,-1.4529582007195498,0.034695547638517524,0.03837049007415781,1.0823267194527144,0.4811930028275095,0.6420261016759871,0.9042012069759069,7.372548744252436,17.23395909683563
swipe_right,anu,swipe_right,0.1036895215511322,-0.24965029954910278,-0.892791434423998,-0.11340397596359253,0.10388395190238953,-0.29807223309762776,0.09287676215171814,-0.1790751814842224,-0.49397067655809224,-0.0992932915687561,-0.11861389875411987,-0.17729936470277607,0.07125654816627502,-0.3950611501932144,-0.2714096449781209,-0.08862528204917908,-0.37325164675712585,-0.2492345564533025,-0.5184012380513291,-0.18225519946127272,0.0013861007932009152,0.034695547638517524,0.07368262970086319,1.0823267194527144,0.4802681353580456,0.6389925989419496,0.47087185823191163,2.8443544833243557,1.0700648371728927
swipe_right,anu,swipe_right,0.019679754972457886,-0.28905123472213745,-0.8927460217382759,-0.11218327283859253,0.10388526320457458,-0.2698488140013069,0.06705424189567566,-0.1904836893081665,-0.4939252638723701,-0.09867975115776062,-0.12466448545455933,-0.14352390705607831,0.07019558548927307,-0.39515483379364014,-0.2724576198961586,-0.08854934573173523,-0.3745061159133911,-0.20468003093264997,-2.5457505023840423,-1.193967732516189,0.0013761419915791562,0.03699100378787838,3.973642985025998e-05,0.855255124130926,0.4833878819452667,0.6313220448618738,908.0570860983859,2.132175184369432,7.23411811323631
swipe_right,anu,swipe_right,0.009555995464324951,-0.2957146465778351,-0.8927107080817223,-0.10924887657165527,0.1051059365272522,-0.2680722400546074,0.06225556135177612,-0.19134610891342163,-0.4938899502158165,-0.09644022583961487,-0.12460911273956299,-0.1237655058503151,0.07117593288421631,-0.39742693305015564,-0.27242230623960495,-0.08745107054710388,-0.374638170003891,-0.20260073989629745,-0.30678059115554424,-0.20192157138477723,0.0010701108046553378,0.08892109899809889,0.03699010068720046,0.05383557414240923,0.4846814102395804,0.6315853919834646,2.403851124896834,1.5192981599414803,24.36211662889993
swipe_right,anu,swipe_right,-0.031441956758499146,-0.3213387727737427,-0.8725924463942647,-0.1094919741153717,0.10883146524429321,-0.2470765681937337,0.04954323172569275,-0.19480586051940918,-0.4938881369307637,-0.09683477878570557,-0.12458115816116333,-0.12014383543282747,0.07057037949562073,-0.40226009488105774,-0.2724204929545522,-0.0865999162197113,-0.37582123279571533,-0.19267357606440783,-1.2423621885704303,-0.7764886726032623,0.6096442935593216,-0.00736659223383125,0.11289480960730379,0.6362324806325379,0.48823351952194094,0.6141344729090363,0.06525124590058008,1.5999725848320456,18.035242537256906
swipe_right,anu,swipe_right,-0.07064299285411835,-0.34870171546936035,-0.8086045831441879,-0.1104011982679367,0.11602088809013367,-0.231437087059021,0.04073356091976166,-0.20764866471290588,-0.4826769381761551,-0.09799878299236298,-0.12435892224311829,-0.09987081587314606,0.06974022090435028,-0.4058134853839874,-0.27128084003925323,-0.08725674450397491,-0.37603074312210083,-0.1790449321269989,-1.1879101847157363,-0.8291800816853861,1.9390261590932403,-0.027552247047424386,0.2178612983588022,0.47392367074887076,0.49537401164884903,0.5582884611670162,0.126466337934469,1.432630592947442,5.889210862192098
swipe_right,anu,swipe_right,-0.10650204122066498,-0.36771729588508606,-0.7446095277555287,-0.11027906835079193,0.11944743990898132,-0.21835476951673627,0.02673344314098358,-0.22284534573554993,-0.4570024539716542,-0.09800295531749725,-0.12334445118904114,-0.09744532452896237,0.0698496550321579,-0.40583088994026184,-0.2514548529870808,-0.08666406571865082,-0.3764377236366272,-0.144638501573354,-1.0866378292892946,-0.5762297095674471,1.9392441026866485,0.0037009065801447178,0.10383490360144439,0.39643386491772,0.5018902787796068,0.525122938052628,0.03564187772998045,1.8857686882134228,4.2837219727836064
swipe_right,anu,swipe_right,-0.12730161845684052,-0.3814847767353058,-0.7113370904698968,-0.11010412871837616,0.12209784984588623,-0.22993937227874994,0.012172684073448181,-0.23519527912139893,-0.45696789119392633,-0.09800295531749725,-0.12140828371047974,-0.0817228714004159,0.0698496550321579,-0.40545105934143066,-0.25142029020935297,-0.0849343091249466,-0.3802763521671295,-0.1321812430396676,-0.6302902192780396,-0.41719638940059317,1.0082556753221676,0.005301200982296047,0.08031545263348115,-0.351048568545865,0.5124158569940096,0.5009655382380982,0.06600392333670076,1.5107722034972626,22.662244623193615
swipe_right,anu,swipe_right,-0.14217235147953033,-0.3885384500026703,-0.7047715727239847,-0.10966961085796356,0.13363590836524963,-0.21832496859133244,-0.0016122013330459595,-0.2507510483264923,-0.45697265304625034,-0.09800295531749725,-0.11786308884620667,-0.06708026118576527,0.0698496550321579,-0.4032536447048187,-0.24686028994619846,-0.0834125429391861,-0.3790632486343384,-0.12224805541336536,-0.4506282734148441,-0.2137476747686218,0.19895508320945732,0.013167207891290871,0.349638136950407,0.3519516268914405,0.5222840534130696,0.504829289062711,0.037659422243564555,2.1082155194769707,22.814093905971102
swipe_right,anu,swipe_right,-0.15609551966190338,-0.39734432101249695,-0.7020491305738688,-0.10904411971569061,0.13596853613853455,-0.21561957336962223,-0.00893525779247284,-0.259121835231781,-0.45647325552999973,-0.09752680361270905,-0.11717233061790466,-0.06652615405619144,0.0703258067369461,-0.4041685461997986,-0.2448714468628168,-0.08212544023990631,-0.3802988529205322,-0.12150892801582813,-0.4219141873446388,-0.266844576055354,0.08249824697321131,0.018954277038574267,0.07068569009954297,0.08198167338515794,0.5254649806404738,0.5102201697120803,0.2681449225007187,1.581117414729475,11.76490452508932
swipe_right,anu,swipe_right,-0.1622203141450882,-0.4032060503959656,-0.7020535906776786,-0.10830776393413544,0.13736140727996826,-0.21091301646083593,-0.014485105872154236,-0.2693335711956024,-0.45647771563380957,-0.09677450358867645,-0.11635923385620117,-0.060150052420794964,0.0709356814622879,-0.40490272641181946,-0.24364407267421484,-0.08130113780498505,-0.3795506954193115,-0.11104907002300024,-0.18559983282378273,-0.1776281631354134,-0.0001351546609040466,0.02231381156227811,0.0422082164070824,0.14262293662988815,0.5271624868766834,0.5142994100651268,0.528647851385699,1.0448725285177016,2.032702288393248
swipe_right,anu,swipe_right,-0.16473080217838287,-0.40887969732284546,-0.7001599641516805,-0.10737873613834381,0.13739964365959167,-0.20594414789229631,-0.01738356053829193,-0.27940109372138977,-0.45972141344100237,-0.09608288109302521,-0.11659416556358337,-0.05926330480724573,0.07124702632427216,-0.4057982861995697,-0.2436406882479787,-0.08056740462779999,-0.3796460032463074,-0.11006173212081194,-0.07607539494832376,-0.17192869475393627,0.05738262199994304,0.02815235744823116,0.00115867817040646,0.15057177480423126,0.5265439071301496,0.5139113541370528,24.27600878126725,0.44247967203804994,1.279325334360801
swipe_right,anu,swipe_right,-0.16658201813697815,-0.41497811675071716,-0.6940831877291203,-0.10648968815803528,0.13739964365959167,-0.2057996429502964,-0.020047396421432495,-0.2885240614414215,-0.4596980847418308,-0.09523007273674011,-0.11662676930427551,-0.05188111215829849,0.07185542583465576,-0.40787240862846375,-0.24361735954880714,-0.07964396476745605,-0.37965720891952515,-0.10082277283072472,-0.056097453290766076,-0.18480058872338542,0.18414474007758272,0.02694084788813742,0.0,0.0043789376363609885,0.5282883918121687,0.5097277392234212,26940.84788813742,0.30355503801828143,4.430377225439773
swipe_right,anu,swipe_right,-0.165933296084404,-0.4174896776676178,-0.6940831877291203,-0.10562069714069366,0.13681986927986145,-0.19641274586319923,-0.02297218143939972,-0.293204128742218,-0.4596980847418308,-0.09439201653003693,-0.11805495619773865,-0.05188111215829849,0.07245655357837677,-0.4110491871833801,-0.24361735954880714,-0.07883171737194061,-0.3797946870326996,-0.1027551107108593,0.0196582440173985,-0.07610790657274567,0.0,0.026333061131563765,-0.017568920597885403,0.28445142688172925,0.5257185576460125,0.509696637911313,1.4987581181632108,0.2582909793692667,8.503747113774814
swipe_right,anu,swipe_right,-0.16521041095256805,-0.4184759855270386,-0.6826076479628682,-0.10483656823635101,0.13251733779907227,-0.17594288010150194,-0.022375211119651794,-0.3027345538139343,-0.45643910486251116,-0.09365011751651764,-0.12270611524581909,-0.03721235413104296,0.07287843525409698,-0.4142701029777527,-0.24360103625804186,-0.07801909744739532,-0.38012441992759705,-0.100810875184834,0.021905610055634524,-0.029888116952144814,0.34774362928036573,0.023761481949777372,-0.13037974184209683,0.6202989624756771,0.5188116870960058,0.49943046889090736,0.18224686877878582,0.7328958594095433,10.736276891079116
swipe_right,anu,swipe_right,-0.1644873470067978,-0.4187451899051666,-0.6639640303328633,-0.10411350429058075,0.11887836456298828,-0.16595853585749865,-0.02165214717388153,-0.30659404397010803,-0.43929668981581926,-0.09267167747020721,-0.12980163097381592,-0.03120239917188883,0.07338263094425201,-0.4156430661678314,-0.24360592383891344,-0.0769215077161789,-0.38012441992759705,-0.10081576276570559,0.021911028659705015,-0.0081577084281228,0.5649581100001494,0.021911028659705015,-0.4133022192752733,0.3025558861819188,0.5039709956864072,0.4830038170421571,0.05301441565861979,2.6856001599687542,12.892478104957231
swipe_right,anu,swipe_right,-0.16394710540771484,-0.4207795560359955,-0.6527786375954747,-0.10368111729621887,0.11458748579025269,-0.16103501338511705,-0.021999001502990723,-0.3083035945892334,-0.4380490304902196,-0.09225806593894958,-0.1317272186279297,-0.028740166686475277,0.07361212372779846,-0.4157755672931671,-0.24360641557723284,-0.07652199268341064,-0.38012441992759705,-0.100011614151299,0.016370957547968124,-0.06164745850996553,0.338951295072383,0.013102636192784197,-0.13002662947683655,0.14919765067823043,0.499200704088817,0.4731610027486871,0.10076809248543853,0.2655533965268855,9.764979120198586
swipe_right,anu,swipe_right,-0.16304060816764832,-0.4217339754104614,-0.6527736457064748,-0.10317298769950867,0.11248579621315002,-0.1514865579083562,-0.021490871906280518,-0.3149564266204834,-0.41841926891356707,-0.09140852093696594,-0.13280543684959412,-0.01188905630260706,0.07409867644309998,-0.4167497158050537,-0.22790874261409044,-0.07582706212997437,-0.38008618354797363,-0.08348210621625185,0.027469613335349412,-0.02892179922624075,0.00015126936363451447,0.01539786656697595,-0.06368756294250504,0.28934713565942083,0.497995542491086,0.4865902475689507,0.24176815829360762,0.9497563883936618,4.6992192043950345
swipe_right,anu,swipe_right,-0.1601436585187912,-0.423759788274765,-0.6527543859556317,-0.10270626842975616,0.10774976015090942,-0.15128271747380495,-0.021024152636528015,-0.3151983320713043,-0.4169473247602582,-0.09087689220905304,-0.13310348987579346,-0.006368153262883425,0.07424001395702362,-0.4175007939338684,-0.21750762034207582,-0.0753367692232132,-0.37840592861175537,-0.06612933147698641,0.08778635299566924,-0.061388268615259596,0.0005836288134256934,0.0141430081743181,-0.14351624431031965,0.0061769828651889935,0.4943152256908957,0.4943830780988272,0.09854570607374144,1.429995094840535,8.915454770608932
swipe_right,anu,swipe_right,-0.1585259735584259,-0.4241320788860321,-0.6541290888562799,-0.10246017575263977,0.10772484540939331,-0.14922008011490107,-0.020058870315551758,-0.31522324681282043,-0.4169437298551202,-0.09062403440475464,-0.13312840461730957,-0.00635380856692791,0.07427945733070374,-0.4183080792427063,-0.21178431902080774,-0.0750906765460968,-0.378094345331192,-0.06485445145517588,0.04902075637470604,-0.011281533674760326,-0.04165766365600365,0.007457353852011959,-0.0007549921671549498,0.06250416239102696,0.4938491013232735,0.49990117325739053,9.864326875338488,4.344835813286185,4.655064704360118
swipe_right,anu,swipe_right,-0.15686821937561035,-0.42416179180145264,-0.6541166109964252,-0.10251462459564209,0.10769513249397278,-0.14346625935286283,-0.019658774137496948,-0.31525295972824097,-0.4169312519952655,-0.09061509370803833,-0.1331581175327301,0.0015928433276712894,0.07410696148872375,-0.41833779215812683,-0.21023404132574797,-0.0750817358493805,-0.3770526349544525,-0.06290685664862394,0.050234975236835025,-0.0009003913763797667,0.0003781169652938852,-0.0016499649394642263,-0.0009003913763797667,0.17435820491024986,0.4921613341123631,0.500415016565851,1.8304645270636324,55.73048129059362,3.4007360549879424
swipe_right,anu,swipe_right,-0.15431566536426544,-0.4248233437538147,-0.6573133915662766,-0.1026051789522171,0.10703358054161072,-0.1434732973575592,-0.019205525517463684,-0.315914511680603,-0.4183909744024277,-0.09048084914684296,-0.13381966948509216,0.0015858053229749203,0.07423697412014008,-0.4189993441104889,-0.19850988686084747,-0.07494749128818512,-0.3777141869068146,-0.052822671830654144,0.07735012155590655,-0.02004702885945643,-0.09687213848034565,-0.002744071411364013,-0.02004702885945643,-0.0002132728695869451,0.49392598802004023,0.5126118257679184,0.13687487336540147,3.85824073270033,5.321870571717123
swipe_right,anu,swipe_right,-0.15326450765132904,-0.4294293522834778,-0.6919683665037155,-0.10301719605922699,0.10265186429023743,-0.1441846340894699,-0.01902298629283905,-0.31798669695854187,-0.4278699606657028,-0.09037919342517853,-0.1371840536594391,-0.0016725698951631784,0.07411979138851166,-0.4239008128643036,-0.19832216203212738,-0.07485119998455048,-0.38258570432662964,-0.052822671830654144,0.03185326402837588,-0.13957601605039688,-1.0501507556799712,-0.012485366879087537,-0.1327792803446455,-0.021555658542748705,0.4945663044323468,0.5435262269542787,0.09403027954663466,0.22821281705058563,3.489318712399991
swipe_right,anu,swipe_right,-0.14231061935424805,-0.4317758083343506,-0.7009516805410385,-0.10349240899085999,0.10110989212989807,-0.1441846340894699,-0.01689249277114868,-0.2967446446418762,-0.42824478447437286,-0.09030979871749878,-0.13891050219535828,-0.0016725698951631784,0.07406303286552429,-0.4236721098423004,-0.19832216203212738,-0.07509621977806091,-0.38487479090690613,-0.052822671830654144,0.3319360090024552,-0.07110472881432753,-0.27222163749463696,-0.014400391867666569,-0.04672642910119271,0.0,0.49531249111643993,0.5472838935878461,0.3081785611718793,4.668203456140813,2.6888551646493086
swipe_right,anu,swipe_right,-0.12967339158058167,-0.43302392959594727,-0.7033708542585373,-0.10479128360748291,0.0992891788482666,-0.1441846340894699,-0.011621087789535522,-0.2748514413833618,-0.4310591369867325,-0.0904698371887207,-0.1410280466079712,-0.0016725698951631784,0.07401183247566223,-0.42085450887680054,-0.19832216203212738,-0.07633748650550842,-0.38706308603286743,-0.052822671830654144,0.38294629617170434,-0.03782185641202018,-0.07330829446965917,-0.03935983686736093,-0.05517312974640757,0.0,0.4956764592678478,0.54471088369803,0.7133748560832295,10.124732304723638,0.7984837826929956
swipe_right,anu,swipe_right,-0.11900375783443451,-0.4247661828994751,-0.7080441312864423,-0.10492409765720367,0.09704446792602539,-0.15452483762055635,0.0004921406507492065,-0.2466922402381897,-0.43426709342747927,-0.09035064280033112,-0.14289075136184692,-0.0027102436870336533,0.0737706869840622,-0.4169771373271942,-0.19850217271596193,-0.07687212526798248,-0.3890177607536316,-0.06083325017243624,0.32332223473173716,0.25023474837794846,-0.1416144553910625,-0.004024668173356553,-0.0680215430982196,-0.31333950094201846,0.49580390968860816,0.5448446231264908,0.059166681956380626,1.2920705248052773,9.563249345151856
swipe_right,anu,swipe_right,-0.10862807929515839,-0.40175190567970276,-0.7747201174497604,-0.1057438999414444,0.09619086980819702,-0.21473701298236847,0.023241445422172546,-0.2078855037689209,-0.4829101711511612,-0.09119804203510284,-0.1380525827407837,-0.057683613151311874,0.07371442019939423,-0.4103294014930725,-0.27604953944683075,-0.07723931968212128,-0.38455459475517273,-0.13837909698486328,0.3144145011901821,0.6974023399930935,-2.0204844291914372,-0.024842493461839806,-0.025866609631162416,-1.8246113746003472,0.4876056235622108,0.5310317372079801,0.9603706649381447,0.45083595555090944,45.81827297145072
swipe_right,anu,swipe_right,-0.08813239634037018,-0.36543333530426025,-0.7963527580723166,-0.10722227394580841,0.09361323714256287,-0.2273022374138236,0.03556232154369354,-0.19075420498847961,-0.4829252203926444,-0.09368003904819489,-0.14063021540641785,-0.07771070208400488,0.07364188134670258,-0.4095216989517212,-0.27910719718784094,-0.07889531552791595,-0.38248732686042786,-0.15708960499614477,0.6210813016602419,1.1005627386497607,-0.6555345643198779,-0.04479921225345447,-0.07811008077679173,-0.38076437671075747,0.48208295693603914,0.5437441227130466,0.573532100797217,0.5643301517658783,43.785748131207676
swipe_right,anu,swipe_right,-0.07356376945972443,-0.3176867663860321,-0.7963616736233234,-0.10978610813617706,0.08965557813644409,-0.22984718158841133,0.047637030482292175,-0.17347228527069092,-0.4829341359436512,-0.09468625485897064,-0.14468258619308472,-0.08259284123778343,0.07315807044506073,-0.41116470098495483,-0.27911611273884773,-0.0828365832567215,-0.38389819860458374,-0.1723494715988636,0.4414735418377571,1.4468657247948156,-0.0002701682123270945,-0.07769194516268767,-0.11992906079147993,-0.07711952044205354,0.47779225926228835,0.5457182357376577,0.6478104375997036,0.30512384746450216,9.341542911778081
swipe_right,anu,swipe_right,-0.05419814586639404,-0.2778044044971466,-0.796434938441962,-0.11102661490440369,0.0824500024318695,-0.24404683662578464,0.06140241026878357,-0.15765973925590515,-0.48300740076228976,-0.09725639224052429,-0.14999696612358093,-0.09425394190475345,0.07259765267372131,-0.4159373641014099,-0.27943411422893405,-0.0876423716545105,-0.3907944858074188,-0.18943518353626132,0.5868370785857627,1.2085564208753048,-0.0022201460193503743,-0.037591114188685146,-0.21835077892650018,-0.4302925768900954,0.47695869961078025,0.5499524900329198,0.17215849751028942,0.4855682224521385,11.176278460479327
idle,anu,swipe_right,-0.03797110915184021,-0.23362571001052856,-0.7966026421636343,-0.11317095160484314,0.08024543523788452,-0.24676408432424068,0.0822821855545044,-0.144639253616333,-0.45888430438935757,-0.09929156303405762,-0.1515064835548401,-0.09515285305678844,0.07141613960266113,-0.41515403985977173,-0.2859517391771078,-0.08810991048812866,-0.39295172691345215,-0.19854690693318844,0.4917283852895179,1.3387483177763255,-0.005081930959766642,-0.0649799000133178,-0.06680506648439456,-0.0823408393471543,0.47630715535827534,0.5528855663235293,0.97266466105285,0.36730430317326557,11.530558282034695
idle,anu,swipe_right,-0.01362253725528717,-0.1786399781703949,-0.6929608341306448,-0.11294345557689667,0.07511159777641296,-0.2632868643850088,0.09643937647342682,-0.14268675446510315,-0.38198826275765896,-0.09905607998371124,-0.1599782407283783,-0.1009423490613699,0.07070721685886383,-0.41886967420578003,-0.28898814879357815,-0.09057776629924774,-0.4007019102573395,-0.20182853005826473,0.7378355120167507,1.6662342981858504,3.140660849484496,0.0068938190286808995,-0.15557083216580306,-0.5006903048717559,0.4802872529460552,0.47750994207937425,0.04431277135910893,0.4428159173077686,13.14122862451781
idle,anu,swipe_right,-0.004900321364402771,-0.13139879703521729,-0.5983861442655325,-0.11296446621417999,0.08471530675888062,-0.33526444993913174,0.10500229895114899,-0.15025043487548828,-0.36165538989007473,-0.09947450459003448,-0.1592402458190918,-0.15131722949445248,0.06959332525730133,-0.4237637221813202,-0.29421100579202175,-0.09324951469898224,-0.4082040786743164,-0.23236586712300777,0.26430957245103953,1.431550943490215,2.8658996928821594,-0.0006366859782825746,0.2910214843171984,-2.181138956185519,0.5039308664833441,0.428426268695169,0.002187755285562824,0.18463149287243882,52.69076649280371
idle,anu,swipe_right,0.00232735276222229,-0.07371681928634644,-0.5100258942693472,-0.11399319767951965,0.08629673719406128,-0.3596195634454489,0.10608682036399841,-0.15025043487548828,-0.3444493468850851,-0.10048025846481323,-0.15217238664627075,-0.1645841058343649,0.06743904948234558,-0.4229182004928589,-0.2997762914747,-0.09370744228363037,-0.40775182843208313,-0.23516558669507504,0.2190204280795508,1.747938719662781,2.677583333217779,-0.031173680767869,0.047922134399414826,-0.7380337426156827,0.5098865456140367,0.4127784310760632,0.6504933610571526,0.1253020488153934,44.35625103510855
idle,anu,swipe_right,0.021243348717689514,-0.02206742763519287,-0.5038398855831474,-0.11339367926120758,0.09153860807418823,-0.3636694604065269,0.10711057484149933,-0.15025043487548828,-0.32333821593783796,-0.10123039782047272,-0.147893488407135,-0.1653575503733009,0.06688369810581207,-0.422743558883667,-0.3014543706085533,-0.09386734664440155,-0.4067017138004303,-0.2452322298195213,0.5732119986505156,1.5651330803379697,0.1874548086727187,0.01816722479733534,0.15884457212505745,-0.12272415033569707,0.5124959254436128,0.451203169665336,0.11437035703477132,0.36623827047887053,19.005199774315955
idle,anu,swipe_right,0.03705549240112305,0.019033968448638916,-0.48064640699885786,-0.11272591352462769,0.09325426816940308,-0.4072645658161491,0.1079222559928894,-0.15499842166900635,-0.31389275728724897,-0.10217401385307312,-0.1473807692527771,-0.2279622310306877,0.06710463762283325,-0.42234519124031067,-0.3552736097481102,-0.0949690043926239,-0.40537187457084656,-0.3008134120609611,0.47915586919496317,1.2454968510252256,0.7028326843724219,0.020235325350906233,0.051989699854996095,-1.3210638002916026,0.510171722248257,0.4598226310510997,0.389210482015885,0.3847103138721182,36.45745671420556
idle,anu,swipe_right,0.05394318699836731,0.052513062953948975,-0.45806700526736677,-0.11263054609298706,0.09737122058868408,-0.4513186567928642,0.10807892680168152,-0.1521064043045044,-0.31389275728724897,-0.10208562016487122,-0.1432638168334961,-0.2919824772980064,0.0658663809299469,-0.4182150065898895,-0.37717778026126325,-0.09575217962265015,-0.4004652798175812,-0.3640541785862297,0.5117483211286084,1.014518015312415,0.6842242948936619,0.0028899221709279984,0.12475613391760487,-1.3349724538398364,0.5057085618695224,0.47777624965258264,0.023164384113189315,0.5044245730288442,2.3056738379097643
idle,anu,swipe_right,0.06775583326816559,0.08919471502304077,-0.45788101642392576,-0.11032550036907196,0.10425639152526855,-0.4619402417447418,0.10858233273029327,-0.14522123336791992,-0.3197985419537872,-0.09991525113582611,-0.13637864589691162,-0.2978484758641571,0.06756313145160675,-0.40836092829704285,-0.38135795085690916,-0.09456731379032135,-0.3926337957382202,-0.3698050209786743,0.4185650384787311,1.1115652142148906,0.0056360255588184084,0.06984987042166893,0.20864154353286052,-0.32186621066295384,0.505605654189713,0.5034058351841249,0.3347824908521967,0.37655430070296575,30.872001760936833
idle,anu,swipe_right,0.08630511164665222,0.10162100195884705,-0.45832471339963377,-0.11036679148674011,0.10495468974113464,-0.46813083975575864,0.1081569492816925,-0.14452293515205383,-0.32315222709439695,-0.09958463907241821,-0.13520154356956482,-0.30327822058461607,0.06826582551002502,-0.40526729822158813,-0.3981686064507812,-0.09390485286712646,-0.3911391794681549,-0.37387554137967527,0.5620993448026342,0.3765541495698931,-0.013445362900242876,-0.0012512459899440157,0.021160551995942425,-0.1875938791217256,0.5052367601057193,0.510764056984604,0.059128271413360085,1.4927410910318781,7.3126147317512755
idle,anu,swipe_right,0.09884923696517944,0.10208582878112793,-0.45832471339963377,-0.1108538806438446,0.10396969318389893,-0.47286204784177244,0.10704511404037476,-0.14405810832977295,-0.3257557877805084,-0.09951302409172058,-0.13477003574371338,-0.30693934648297727,0.06840837001800537,-0.4036245346069336,-0.40393204777501523,-0.09378701448440552,-0.3905014097690582,-0.3806109556462616,0.38012500965233587,0.014085661281238749,0.0,-0.014760277488014752,-0.02984838052229415,-0.14336994200041642,0.503292373861638,0.5095372214984224,0.49449192009162385,26.98474834193703,2.0863282590199024
idle,anu,swipe_right,0.10471668839454651,0.10262581706047058,-0.45832471339963377,-0.11075016856193542,0.10383501648902893,-0.4919180104043335,0.10591909289360046,-0.1425946056842804,-0.3257557877805084,-0.0993729829788208,-0.13476154208183289,-0.32197047560475767,0.06845441460609436,-0.4013015627861023,-0.40393204777501523,-0.09368690848350525,-0.3892327547073364,-0.39194877236150205,0.17780155846567147,0.016363281192201817,0.0,0.003142790360884283,-0.004081111965757493,-0.5774534109867072,0.5033893427476587,0.5081498978973551,0.7698932286148339,10.865222638095492,13.188362360732452
idle,anu,swipe_right,0.1103183925151825,0.10394975543022156,-0.4631498930975795,-0.11106869578361511,0.10490879416465759,-0.5149059472605586,0.10472574830055237,-0.1404913365840912,-0.3728986559435725,-0.0993657112121582,-0.13374778628349304,-0.35393746476620436,0.06845197081565857,-0.3985258936882019,-0.44611777644604445,-0.0937509834766388,-0.3879046142101288,-0.42652501445263624,0.16974860971624015,0.04011934453790794,-0.14621756660441396,-0.009652340050899516,0.03253871744329243,-0.6966041471583297,0.5009751969085093,0.504504378792231,0.29663257118691416,4.230985842004726,3.797155331557543
idle,anu,swipe_right,0.1101166307926178,0.10538583993911743,-0.5188246797770262,-0.1120171844959259,0.10624080896377563,-0.530954523012042,0.10431721806526184,-0.13862460851669312,-0.3937299381941557,-0.09962087869644165,-0.13281601667404175,-0.3625743519514799,0.06808021664619446,-0.3966172933578491,-0.4612018894404173,-0.09400984644889832,-0.38642555475234985,-0.42671160213649273,-0.006113991592869712,0.04351771239078475,-1.687114747862048,-0.02874208219123655,0.04036408482175949,-0.48632047731768774,0.5038958193054152,0.5070449604526589,0.7120530606625317,0.14049109582948902,6.402828549593063
idle,anu,swipe_right,0.10990102589130402,0.10082879662513733,-0.5191526063717902,-0.11234472692012787,0.10768452286720276,-0.5310026654042304,0.10349096357822418,-0.13597771525382996,-0.3952932604588568,-0.09978465735912323,-0.13125315308570862,-0.36625861609354615,0.06786461174488068,-0.39409059286117554,-0.46136274421587586,-0.09426961839199066,-0.38450372219085693,-0.4322813996113837,-0.006533481857993314,-0.13809222163575915,-0.009937169538302745,-0.009925528006120052,0.043748906164457826,-0.0014588603693427302,0.5023165002678873,0.5000519276753104,0.22686969816139843,0.04731211119997126,14.704194016897919
idle,anu,swipe_right,0.11023469269275665,0.10109603404998779,-0.519160732626915,-0.11203856766223907,0.10703504085540771,-0.5310107916593552,0.10075010359287262,-0.13401484489440918,-0.39530138671398163,-0.0994509905576706,-0.12944084405899048,-0.36626674234867096,0.06819827854633331,-0.3915548324584961,-0.46137087047100067,-0.09403197467327118,-0.38254451751708984,-0.4322895258665085,0.010111115195534336,0.0080981037833473,-0.00024625015529719,0.00927755326935729,-0.019681273084698084,-0.00024625015529719,0.49975821122521036,0.49780679440305875,0.47136594586577973,1.248423957268453,2.0086169726626464
idle,anu,swipe_right,0.11024525761604309,0.10244005918502808,-0.5191231863573194,-0.11202800273895264,0.10827678442001343,-0.5309732453897595,0.0978638231754303,-0.13243252038955688,-0.395263840444386,-0.09944042563438416,-0.12816405296325684,-0.36622919607907534,0.06820884346961975,-0.3902105689048767,-0.46133332420140505,-0.09411764144897461,-0.38113126158714294,-0.43225197959691286,0.00032014919049812594,0.04072803439516075,0.0011377657453219277,0.00032014919049812594,0.03762859286684039,0.0011377657453219277,0.49958673406909265,0.4978065584538505,0.008507910027914359,0.007860466010364456,1.7582473437980655
idle,anu,swipe_right,0.10679410398006439,0.10203355550765991,-0.5191231863573194,-0.11194716393947601,0.10822999477386475,-0.5255669848993421,0.09442596137523651,-0.13175064325332642,-0.3936929302290082,-0.09935958683490753,-0.12816405296325684,-0.36622919607907534,0.068296417593956,-0.3900392949581146,-0.4611648814752698,-0.09446544945240021,-0.3810693919658661,-0.43225197959691286,-0.10458041321147457,-0.012318293253580593,0.0,0.0024496605902006863,-0.0014178680651115493,0.16382607546719458,0.4984247088777569,0.49696773248109005,1.7264893406478197,8.489156890642112,5.070363216765412
idle,anu,swipe_right,0.10573470592498779,0.10093086957931519,-0.5192996161058545,-0.11192676424980164,0.10836035013198853,-0.5255669848993421,0.09332728385925293,-0.13162028789520264,-0.3936929302290082,-0.09952640533447266,-0.12803947925567627,-0.3743040757253766,0.06837832927703857,-0.3892665505409241,-0.4611648814752698,-0.09477713704109192,-0.3806828558444977,-0.43622951675206423,-0.03210297136595806,-0.03341472510135588,-0.005346356016216941,0.0006181724143750838,0.003950162367387314,0.0,0.4974319553869891,0.4950440959544617,0.1564533058619525,0.9607144920118895,4.967400901840082
idle,anu,swipe_right,0.10409553349018097,0.10117858648300171,-0.5350441234186292,-0.11111195385456085,0.10860735177993774,-0.5385441081598401,0.09108866751194,-0.1318414807319641,-0.4064720468595624,-0.09871159493923187,-0.1276196837425232,-0.3805362181738019,0.0692729502916336,-0.38812026381492615,-0.47029220033437014,-0.09399192035198212,-0.3802221715450287,-0.44563128519803286,-0.0496718919638426,0.007506572838985476,-0.47710628220528745,0.024691224098205296,0.0074848984227035165,-0.3932461594090274,0.4978756783495007,0.49479166196148006,3.298364832645981,6.616238434065587,11.939338104249533
idle,anu,swipe_right,0.10297366976737976,0.10109910368919373,-0.5350294448435307,-0.11005327105522156,0.10857900977134705,-0.5436874963343143,0.08843275904655457,-0.1318124234676361,-0.4064573682844639,-0.09853467345237732,-0.12736722826957703,-0.3869718052446842,0.06949689984321594,-0.38782286643981934,-0.4702775217592716,-0.09381499886512756,-0.37995481491088867,-0.44632456079125404,-0.03399587038791504,-0.002408569509332804,0.00044480530601558776,0.032081296949675236,-0.0008588487451726646,-0.15586024771133888,0.4984059796590879,0.4943260043154727,37.31039572923148,14.108690476137498,7.201437360742053
idle,anu,swipe_right,0.10298331081867218,0.10410025715827942,-0.5323208468034863,-0.1095057874917984,0.11143025755882263,-0.5551957981660962,0.08557315170764923,-0.13668164610862732,-0.40745045710355043,-0.09830419719219208,-0.12436607480049133,-0.4035901324823499,0.06974048912525177,-0.384799063205719,-0.4701380031183362,-0.09358452260494232,-0.376953661441803,-0.4652418093755841,0.0002921530694672602,0.09094404451774973,0.08207872848619245,0.016590411012823197,0.08640144810532216,-0.34873641914491055,0.49685416282177874,0.4939578288632461,0.19201320537353236,0.0032124132877876673,6.432209500921564
idle,anu,swipe_right,0.09987679123878479,0.10489287972450256,-0.5322938004974276,-0.10903704166412354,0.11174342036247253,-0.5551687518600374,0.08365467190742493,-0.13817289471626282,-0.40742341079749167,-0.09796199202537537,-0.12361887097358704,-0.4035630861762911,0.07006552815437317,-0.38395804166793823,-0.47011095681227744,-0.09328761696815491,-0.37628814578056335,-0.46521476306952536,-0.09413695696628352,0.024018865643125328,0.0008195850320837625,0.01420441902045032,0.009489781928784816,0.0008195850320837625,0.4965023404069733,0.49369083524175145,1.496654240613137,3.919129206004791,10.846220239679086
idle,anu,swipe_right,0.09774020314216614,0.10244110226631165,-0.5322882265318185,-0.10883781313896179,0.10906359553337097,-0.5551631778944284,0.08272811770439148,-0.13814571499824524,-0.4074178368318826,-0.09767630696296692,-0.12400951981544495,-0.40355751221068203,0.07028606534004211,-0.3834089934825897,-0.47010538284666836,-0.09303075075149536,-0.3765939176082611,-0.4652091891039163,-0.06474509383692989,-0.07429628661184719,0.00016890804875980994,0.006037228035204434,-0.08120681300307894,0.00016890804875980994,0.4941708240998849,0.4905820535552095,0.07434294573325767,0.8714328179328942,2.759572823531846
idle,anu,swipe_right,0.09725646674633026,0.1013212502002716,-0.5322779570706189,-0.10840125381946564,0.10844722390174866,-0.5551529084332287,0.08246932923793793,-0.13814571499824524,-0.40740756737068295,-0.0974748283624649,-0.12446519732475281,-0.4035472427494824,0.07050119340419769,-0.38340020179748535,-0.4700951133854687,-0.09274376928806305,-0.3773951530456543,-0.46519891964271665,-0.014658678661693065,-0.03393491109212202,0.00031119579392851864,0.01322907028776212,-0.01867792823097902,0.00031119579392851864,0.4943477441630305,0.48942561919784894,0.7082349760208241,0.43195182300839924,1.9073114052829125
idle,anu,swipe_right,0.09756822884082794,0.10117438435554504,-0.5075893207686022,-0.1078735738992691,0.10749426484107971,-0.5505539580481127,0.08278109133243561,-0.1381697952747345,-0.3752253159182146,-0.09716306626796722,-0.12480929493904114,-0.3981767698423937,0.07081295549869537,-0.3834109604358673,-0.4494632586138323,-0.09239421784877777,-0.37769272923469543,-0.462230037082918,0.00944733619689931,-0.0044504801432291175,0.7481404940004971,0.015990300612015982,-0.028877547292998025,0.13936213288230273,0.4934036326362931,0.48879181676849337,0.5537086214822529,2.122290989272207,4.225813773116164
idle,anu,swipe_right,0.09801647067070007,0.10096949338912964,-0.5044423743383959,-0.10742533206939697,0.10722750425338745,-0.548624913324602,0.08322933316230774,-0.13590914011001587,-0.3716855748789385,-0.09671482443809509,-0.12562179565429688,-0.3960768087999895,0.0712611973285675,-0.38326284289360046,-0.44424415670800954,-0.09194597601890564,-0.3777503967285156,-0.46127701841760427,0.013583085753701166,-0.006208817164103289,0.09536201303655603,0.013583085753701166,-0.008083654172492879,0.05845590071244766,0.49302416740889526,0.4886927721578442,1.6801072085329365,2.187356792438283,2.5324340651275334
idle,anu,swipe_right,0.09808759391307831,0.10074782371520996,-0.5020361944334581,-0.10735420882701874,0.10392969846725464,-0.5291536852018908,0.08330045640468597,-0.13539338111877441,-0.367470572819002,-0.09669871628284454,-0.12753653526306152,-0.37106515013147146,0.07133232057094574,-0.38348451256752014,-0.43373353325296193,-0.0918748527765274,-0.3779720664024353,-0.4351472958223894,0.0021552497690373964,-0.006717262846050767,0.07291454257387023,0.0021552497690373964,-0.09993350867069019,0.5900372158397263,0.49122919568408213,0.489757137444449,0.021566621957781338,0.3208046214363775,16.350884082636444
idle,anu,swipe_right,0.09827663004398346,0.09943214058876038,-0.5020361944334581,-0.10735364258289337,0.10261401534080505,-0.5291536852018908,0.08599461615085602,-0.13394680619239807,-0.367470572819002,-0.09676732122898102,-0.1288522183895111,-0.37106515013147146,0.07133002579212189,-0.3848001956939697,-0.43373353325296193,-0.09187428653240204,-0.3792877495288849,-0.4351472958223894,0.005728367603186496,-0.03986918564998806,0.0,1.7158912889885454e-05,-0.03986918564998806,0.0,0.49122919568408213,0.4897676270507016,0.00043036952575340197,0.14367546851862256,17.97243605289093
idle,anu,swipe_right,0.10326792299747467,0.09917178750038147,-0.5044809449464083,-0.10742779076099396,0.10220643877983093,-0.5291922558099031,0.09011556208133698,-0.1343543827533722,-0.36750914342701435,-0.09676261246204376,-0.12925979495048523,-0.37110372073948383,0.07136233150959015,-0.38520777225494385,-0.4337721038609743,-0.09175430238246918,-0.37900370359420776,-0.4351858664304018,0.15125130162094413,-0.007889487526633435,-0.07408334887727562,-0.002246914487896519,-0.012350804878003534,-0.0011688063034053877,0.49055688824616944,0.490552000184078,0.18190981075955076,19.1688157557328,0.837457243320643
idle,anu,swipe_right,0.11223877966403961,0.0979117751121521,-0.5044795752037317,-0.10817821323871613,0.10094642639160156,-0.5291908860672265,0.09667135775089264,-0.13561439514160156,-0.36750777368433774,-0.09760557115077972,-0.1305198073387146,-0.3711023509968072,0.07109047472476959,-0.3864917755126953,-0.4337707341182977,-0.0922517329454422,-0.3795715570449829,-0.4351844966877252,0.27184414141105584,-0.03818219358270777,4.1507353836839393e-05,-0.022740075082489687,-0.03818219358270777,4.1507353836839393e-05,0.4898860953575475,0.49126339479446196,0.5955519418047869,7.119471052682387,0.9998600144068795
idle,anu,swipe_right,0.12601198256015778,0.09765639901161194,-0.5154023161157966,-0.10906724631786346,0.10265776515007019,-0.5333421221002936,0.10787881910800934,-0.1357225477695465,-0.36759963538497686,-0.09834100306034088,-0.12990126013755798,-0.37342485692352057,0.071107879281044,-0.38673117756843567,-0.4534403970465064,-0.09237761795520782,-0.3794548511505127,-0.44369554426521063,0.4173697847308601,-0.007738669713338339,-0.3309921488504571,-0.026940396337798576,0.05185875025662592,-0.12579503130506586,0.4906603992667619,0.49141129852367493,0.5194856551465268,53.9260459669973,4.690596725151106
idle,anu,swipe_right,0.1408010870218277,0.09758308529853821,-0.5153568494133651,-0.10935916006565094,0.10265776515007019,-0.5332966553978622,0.11570318043231964,-0.13657847046852112,-0.3675541686825454,-0.09885995090007782,-0.12990126013755798,-0.37501440523192286,0.07113571465015411,-0.3867782652378082,-0.45339493034407496,-0.09328381717205048,-0.3794548511505127,-0.4437703597359359,0.44815468065665937,-0.002221627668900899,0.0013777788615587834,-0.00884587114507492,0.0,0.0013777788615587834,0.4906179257429212,0.49325293857799435,8845.871145074922,201.63281818509628,4.197780849937288
idle,anu,swipe_right,0.165177121758461,0.08572420477867126,-0.5153568494133651,-0.1109018474817276,0.10265776515007019,-0.5332966553978622,0.12386126816272736,-0.14597883820533752,-0.3675541686825454,-0.1006692498922348,-0.12990126013755798,-0.37501440523192286,0.07159252464771271,-0.3868024945259094,-0.45339493034407496,-0.09391699731349945,-0.3794548511505127,-0.4437703597359359,0.73866771929193,-0.3593600157535495,0.0,-0.0467481035174753,0.0,0.0,0.4906485682709946,0.4856735918153384,46748.1035174753,2.055503204049573,1.1493110857828848
idle,anu,swipe_right,0.1933075189590454,0.043309181928634644,-0.5153568494133651,-0.11158820986747742,0.10561630129814148,-0.5332966553978622,0.1309414505958557,-0.16088297963142395,-0.36652211425825953,-0.10143402218818665,-0.12902501225471497,-0.37501440523192286,0.07155752182006836,-0.38805466890335083,-0.45339493034407496,-0.09460166096687317,-0.37944090366363525,-0.4437703597359359,0.8524362788055788,-1.2853037227283683,0.0,-0.02079886017423665,0.08965261054761384,0.0,0.4935422905322606,0.4524788536746105,0.23199132803681846,0.6632172618148309,2.8282572919625832
idle,anu,swipe_right,0.21689854562282562,-0.0021118223667144775,-0.48791324999183416,-0.11237482726573944,0.10904273390769958,-0.5247349729761481,0.13323919475078583,-0.1741136610507965,-0.34299400355666876,-0.10071678459644318,-0.12574449181556702,-0.3750598719343543,0.07229112088680267,-0.38563740253448486,-0.42279535438865423,-0.09375683963298798,-0.3769727647304535,-0.44381582643836737,0.714879595872139,-1.376394069556056,0.8316242248948909,-0.023836890856425347,0.10383129119873212,0.2594449218701274,0.4930574030033305,0.41502231055642785,0.2295710764082264,0.519385466923183,7.874237153112852
swipe_right,anu,swipe_right,0.24063998460769653,-0.06039285659790039,-0.4252827314194292,-0.113279789686203,0.10927402973175049,-0.49294953024946153,0.13614422082901,-0.17396819591522217,-0.23673786199651659,-0.10041126608848572,-0.1255894899368286,-0.33253456628881395,0.07280898094177246,-0.38581499457359314,-0.3043863323982805,-0.09304341673851013,-0.37682729959487915,-0.38137866533361375,0.7194375449960803,-1.7660919463995537,1.8978945021940694,-0.02742310365041067,0.007008964365178811,0.9631952341420075,0.4991513508558951,0.3855940261109643,3.9120175541307702,0.40736108847655045,21.526926481620873
swipe_right,anu,swipe_right,0.2716865688562393,-0.1374834179878235,-0.4253822935279459,-0.11424733698368073,0.11233949661254883,-0.4884960425551981,0.1466284543275833,-0.17451238632202148,-0.23683742410503328,-0.10157881677150726,-0.12396645545959473,-0.32213536626659334,0.0726860910654068,-0.38615694642066956,-0.2858355713542551,-0.0933954268693924,-0.37682729959487915,-0.3789611530955881,0.940805583289165,-2.3360776178764318,-0.00301703359141491,-0.029319615075082166,0.09289293578176686,0.13495417255343664,0.5017139111846339,0.3477254686870698,0.3156246403851584,0.40272856233939014,25.232853316744247
swipe_right,anu,swipe_right,0.2775665521621704,-0.1968335509300232,-0.4254419570788741,-0.11507326364517212,0.12273913621902466,-0.4878926044330001,0.15242743492126465,-0.17458200454711914,-0.2368970876559615,-0.1036233901977539,-0.11482453346252441,-0.32219502981752157,0.07235872745513916,-0.38708430528640747,-0.2814932828769088,-0.09389388561248779,-0.37682729959487915,-0.3769190376624465,0.178181312300945,-1.7984888770363834,-0.0018079863917647274,-0.025028080651254763,0.3151405941356362,0.018286003702969553,0.5121819231166179,0.31468527397809465,0.07941852525021732,0.099072735730133,7.607442862111205
swipe_right,anu,swipe_right,0.2936205118894577,-0.24374821782112122,-0.4254419570788741,-0.1148984283208847,0.12213441729545593,-0.48412523325532675,0.16101859509944916,-0.1752554476261139,-0.2368970876559615,-0.10452930629253387,-0.11309078335762024,-0.32197613175958395,0.07280288636684418,-0.38782042264938354,-0.28090218361467123,-0.0937851220369339,-0.37713170051574707,-0.3715222543105483,0.4864836280996096,-1.4216565724575003,0.0,0.005298040129921595,-0.018324815865718755,0.11416276295979692,0.5122419925813855,0.30068084418300584,0.2891025517631872,0.3421946589140071,10.554472208247537
swipe_right,anu,swipe_right,0.3051425367593765,-0.281525194644928,-0.4337785607203841,-0.1146010309457779,0.12132853269577026,-0.48412523325532675,0.16863776743412018,-0.17665070295333862,-0.23733904119580984,-0.10468344390392303,-0.11414903402328491,-0.32219502981752157,0.0729791671037674,-0.38944000005722046,-0.28090218361467123,-0.09324048459529877,-0.37844234704971313,-0.3715222543105483,0.34915226878542444,-1.144756873448708,-0.25262435277303463,0.009012041669903523,-0.02442074544502066,0.0,0.5127442208832818,0.2981889034051873,0.3690170995431854,0.30500097608725346,3.466233630970651
swipe_right,anu,swipe_right,0.3137868344783783,-0.3051522374153137,-0.4807599550113082,-0.11486643552780151,0.12125492095947266,-0.48412523325532675,0.17417177557945251,-0.18061119318008423,-0.24923270102590322,-0.10498282313346863,-0.11268633604049683,-0.3227736121043563,0.07295116782188416,-0.3900238573551178,-0.28090218361467123,-0.09330403804779053,-0.3785281181335449,-0.3715222543105483,0.26194841572732347,-0.7159709930419843,-1.4236786148764715,-0.008042563091624778,-0.002230658675685049,0.0,0.5127645210204943,0.3242655377814838,3.6038499880166324,0.36586405372418374,0.8480840473289523
swipe_right,anu,swipe_right,0.3182244449853897,-0.3051522374153137,-0.4942697184160352,-0.11500690877437592,0.12130171060562134,-0.493073602207005,0.17893542349338531,-0.1827709674835205,-0.2726648049429059,-0.10545463860034943,-0.11098253726959229,-0.33265863824635744,0.07306624948978424,-0.3900644779205322,-0.28145812917500734,-0.09347675740718842,-0.37822020053863525,-0.38150273729115725,0.13447304566701104,0.0,-0.4093867698402071,-0.004256765047709101,0.0014178680651115493,-0.27116269550539934,0.512282875986671,0.3355613236378256,3.0001133666888475,134473.04566701106,8.218595873628972
swipe_right,anu,swipe_right,0.32146473228931427,-0.3052392303943634,-0.5515283301938325,-0.11519755423069,0.12125411629676819,-0.5324718311894685,0.17893542349338531,-0.18528470396995544,-0.34766909037716687,-0.10625199973583221,-0.1098775565624237,-0.3626769140828401,0.07292617857456207,-0.3902449607849121,-0.32627442036755383,-0.09384195506572723,-0.3778648376464844,-0.397261317120865,0.09819052436135188,-0.0026361508802934547,-1.7351094478120683,-0.005777135039820908,-0.001442251783428793,-1.1938857267413365,0.5175496835240045,0.34602992756967815,4.002860142736792,37.23356334864902,27.961476256426117
swipe_right,anu,swipe_right,0.3214605897665024,-0.30542027950286865,-0.5515283301938325,-0.11539618670940399,0.12112969160079956,-0.5324718311894685,0.17893128097057343,-0.1854657530784607,-0.34766909037716687,-0.10639534890651703,-0.1099969744682312,-0.3731974319089204,0.0728137344121933,-0.3904730975627899,-0.32627442036755383,-0.09422741830348969,-0.37757301330566406,-0.3974809602368623,-0.00012553099429968493,-0.005486336621371123,0.0,-0.006019166021635972,-0.003770445332382623,0.0,0.5170832040178734,0.3461192921949686,1.5959838977258471,0.022876488715999066,36.17842489012795
swipe_right,anu,swipe_right,0.3214569240808487,-0.30535638332366943,-0.5515283301938325,-0.11543099582195282,0.12126538157463074,-0.5324718311894685,0.17892761528491974,-0.1854759156703949,-0.34766909037716687,-0.10639901459217072,-0.10969939827919006,-0.3731974319089204,0.0727427750825882,-0.39056774973869324,-0.32627442036755383,-0.09436167776584625,-0.3774873912334442,-0.3974809602368623,-0.00011108138344504793,0.001936247854521811,0.0,-0.001054821592388748,0.004111817388823604,0.0,0.5171274308984545,0.3462066272766448,0.25647177899392715,0.057339789116693685,0.2822817647153884
swipe_right,anu,swipe_right,0.32138846814632416,-0.2961938679218292,-0.5515283301938325,-0.11550767719745636,0.12274357676506042,-0.5324718311894685,0.1784728616476059,-0.1854759156703949,-0.34766909037716687,-0.10646747052669525,-0.10969939827919006,-0.3731974319089204,0.07230280339717865,-0.39057740569114685,-0.32627442036755383,-0.09443013370037079,-0.3773893415927887,-0.3974809602368623,-0.002074422258319254,0.2776519818739427,0.0,-0.002323678045561794,0.044793793649383976,0.0,0.5184589994450416,0.34884272169188396,0.05187384194131117,0.0074712767149789265,1.2333866376551594
swipe_right,anu,swipe_right,0.3160986304283142,-0.2830146253108978,-0.47607867629267275,-0.11587423086166382,0.12173095345497131,-0.5286925008986145,0.1769236922264099,-0.18614515662193298,-0.276489662239328,-0.10681554675102234,-0.11071202158927917,-0.3732205203268677,0.07153141498565674,-0.3917430341243744,-0.29129667789675295,-0.09477820992469788,-0.3784019649028778,-0.3975040486548096,-0.1602981126669664,0.3993709882100379,2.2863531485199675,-0.011107686794165288,-0.030685554851184856,0.11452516032890714,0.5174827418635688,0.32523741587289035,0.3619724289035464,0.4013754529590652,4.164909073725791
swipe_right,anu,swipe_right,0.31277500092983246,-0.2808748483657837,-0.4700754398945719,-0.11618562042713165,0.11953264474868774,-0.5169751758221537,0.17166750133037567,-0.1856507658958435,-0.2722685451153666,-0.1068403571844101,-0.11327970027923584,-0.36290464946068823,0.07093994319438934,-0.39421653747558594,-0.29095579334534705,-0.09505258500576019,-0.3806002736091614,-0.3919369394425303,-0.1007160454085395,0.0648417256095203,0.18191625448790755,-0.009436047438419377,-0.0666154153419274,0.3550704568624553,0.5159593993408653,0.32158106508326545,0.1416474811799197,1.5532358404402455,7.3702918505816095
swipe_right,anu,swipe_right,0.31171227991580963,-0.28401538729667664,-0.47007907507941127,-0.11626483500003815,0.11494699120521545,-0.4772620308212936,0.16363801062107086,-0.18691328167915344,-0.22455632267519832,-0.10606475174427032,-0.11832717061042786,-0.3203711616806686,0.07082898914813995,-0.3993558883666992,-0.2521621393971145,-0.0948868840932846,-0.38518592715263367,-0.3533465969376266,-0.03220366709160047,-0.09516784639069424,-0.00011015711634447959,-0.0024004416032270687,-0.13895919828703757,1.2034286363896867,0.5156985433028564,0.34469694198717205,0.017274310434335253,0.3383845482312098,25.80200666043733
swipe_right,anu,swipe_right,0.28779008984565735,-0.2863833010196686,-0.47016782965511084,-0.11627423763275146,0.1028544008731842,-0.4689610442146659,0.1541500985622406,-0.18928119540214539,-0.22464507725089788,-0.10443320870399475,-0.12637749314308167,-0.30322478618472815,0.07080796360969543,-0.4021362364292145,-0.22877183463424444,-0.09381026029586792,-0.3876889944076538,-0.3380020698532462,-0.7249148506106868,-0.0717549613027873,-0.0026895325969566427,-0.00028492826403994,-0.3664421312736801,0.251545048685692,0.5082201352733277,0.34460413748810326,0.000777551111545163,10.102503505622021,29.657291438691413
swipe_right,anu,swipe_right,0.25395455956459045,-0.2863833010196686,-0.47016782965511084,-0.11629539728164673,0.0924590528011322,-0.3833374222740531,0.1422211229801178,-0.18928119540214539,-0.22464507725089788,-0.10347595810890198,-0.13071462512016296,-0.22062964644283056,0.07062801718711853,-0.40474939346313477,-0.1895163794979453,-0.09341782331466675,-0.39027348160743713,-0.2549823960289359,-1.0253190994262582,0.0,0.0,-0.0006412014816746497,-0.315010547637936,2.594655210321571,0.5000290950829961,0.3555058219716439,0.002035485640074458,1025319.0994262582,71.0204419949885
swipe_right,anu,swipe_right,0.21811872720718384,-0.2863833010196686,-0.4824759503826499,-0.11668077111244202,0.09157750010490417,-0.30522583331912756,0.1288313865661621,-0.18928119540214539,-0.22464507725089788,-0.10319820046424866,-0.13330569863319397,-0.16738164331763983,0.0699504017829895,-0.4087173640727997,-0.1895163794979453,-0.09360471367835999,-0.39142313599586487,-0.23945906665176153,-1.0859343138607946,0.0,-0.3729733553799675,-0.01167799487258436,-0.02671371806751569,2.36701784711893,0.4880034697605421,0.35034951950166515,0.4371371183132364,1085934.3138607948,11.136338564167113
swipe_right,anu,swipe_right,0.17730799317359924,-0.291850745677948,-0.6428624531254172,-0.11608165502548218,0.08737251162528992,-0.2915238877758384,0.11562636494636536,-0.19213953614234924,-0.2327855071052909,-0.10221505165100098,-0.13909617066383362,-0.1655913582071662,0.06947651505470276,-0.41280025243759155,-0.1895163794979453,-0.09183487296104431,-0.39559805393218994,-0.2286329111084342,-1.2366889101086438,-0.16568014115998503,-4.860197052811209,0.018155032938177225,-0.12742389332164622,0.4152104710087698,0.48765125713113083,0.48143439151368517,0.1424763440244776,7.464270836440414,59.23125975856047
swipe_right,anu,swipe_right,0.1269868165254593,-0.2917880117893219,-0.8033010205253959,-0.1150105744600296,0.09018659591674805,-0.2880787095054984,0.10139979422092438,-0.19539904594421387,-0.3565017422661185,-0.1010538786649704,-0.13538652658462524,-0.15451858844608068,0.06922949850559235,-0.409604012966156,-0.18955038394778967,-0.09062512218952179,-0.3916366696357727,-0.21408091392368078,-1.5248841408527092,0.001901026928063574,-4.861774769696269,0.03245698683189588,0.08527528155933634,0.10439934152545237,0.4880819431828027,0.6276195996123485,0.3806097808018504,801.7153271353375,11.421028528353919
swipe_right,anu,swipe_right,0.09899096190929413,-0.2961156368255615,-0.8030682217795402,-0.11473079025745392,0.09584283828735352,-0.24950212356634438,0.08759687840938568,-0.1961243748664856,-0.4492032539565116,-0.10086928308010101,-0.12917906045913696,-0.1312234264332801,0.06916718184947968,-0.4038521945476532,-0.24784430977888405,-0.09039647877216339,-0.38525187969207764,-0.20999592659063637,-0.8483592307928972,-0.13114015261332404,0.007054507450172508,0.008478309168960243,0.1714012839577442,1.168987452701656,0.48332703833186796,0.5663657971524888,0.04946438853201279,6.46905425098958,32.373799784941376
swipe_right,anu,swipe_right,0.01270093023777008,-0.34555160999298096,-0.8319249451160431,-0.11253027617931366,0.09406721591949463,-0.22266048192977905,0.06876720488071442,-0.21596497297286987,-0.4784039855003357,-0.10070507228374481,-0.1372518539428711,-0.0835593044757843,0.06914158165454865,-0.4070412516593933,-0.24785953760147095,-0.08970333635807037,-0.3842932879924774,-0.16428780555725098,-2.6148494445916093,-1.4980597929520876,-0.8744461617121998,0.06668224479212832,-0.05380673841996567,0.8133830798959101,0.48244917891049455,0.5899990876431737,1.2392686767780132,1.7454895401399375,12.876499669232462
swipe_right,anu,swipe_right,-8.0108642578125e-05,-0.3604464530944824,-0.8318565404042602,-0.11122170090675354,0.09406721591949463,-0.1996329491958022,0.058490753173828125,-0.21871376037597656,-0.47833558078855276,-0.10018903017044067,-0.1372518539428711,-0.07437923457473516,0.07003533840179443,-0.40825656056404114,-0.24779113288968801,-0.08904585242271423,-0.38460028171539307,-0.16386293526738882,-0.38730420849539593,-0.4513588818636758,0.002072870054028228,0.03965379613818501,0.0,0.6978040222417148,0.48051413657089337,0.5901985958519778,39653.79613818501,0.858082926856963,3.949197673309036
swipe_right,anu,swipe_right,-0.022984549403190613,-0.3806211054325104,-0.8318630000576377,-0.11036385595798492,0.09406721591949463,-0.19414518680423498,0.049024417996406555,-0.2208482027053833,-0.4783420404419303,-0.09917546808719635,-0.13802504539489746,-0.06733893509954214,0.07004626095294952,-0.4109240770339966,-0.24779759254306555,-0.08699466288089752,-0.3847010135650635,-0.146351202391088,-0.6940739624428137,-0.611353101152372,-0.00019574707204645641,0.025995301477837254,0.0,0.1662958300474945,0.4817150627652584,0.5922038517424247,25995.301477837256,1.135305972650742,16.111626018856708
swipe_right,anu,swipe_right,-0.06417441368103027,-0.4000435471534729,-0.8183920523151755,-0.1109740138053894,0.09376496076583862,-0.17929379548877478,0.040980011224746704,-0.23929142951965332,-0.45203019585460424,-0.09873044490814209,-0.13905692100524902,-0.05553834419697523,0.06899049878120422,-0.4131614565849304,-0.24611177947372198,-0.08614817261695862,-0.3853895664215088,-0.14280012156814337,-1.248177705389067,-0.5885588400291609,0.40821053765036397,-0.018489631739529493,-0.009159247080484925,0.45004216107454675,0.4811830956622115,0.5877156490535326,2.018464303099419,2.120732031813833,8.70782668655464
swipe_right,anu,swipe_right,-0.10153448581695557,-0.42932114005088806,-0.7800642917864025,-0.11084383726119995,0.1025080680847168,-0.16050445241853595,0.028577089309692383,-0.2650609612464905,-0.4491921137087047,-0.0981946587562561,-0.14218896627426147,-0.04901256738230586,0.06899136304855347,-0.416332483291626,-0.2150804321281612,-0.08604127168655396,-0.38852161169052124,-0.09775386704131961,-1.1321233980583603,-0.8871997847701706,1.1614472887507177,0.003944743763316824,0.26494264602661555,0.5693740324314888,0.49564397468792126,0.5903003743942872,0.014888991762876797,1.2760622144305664,9.084606124622752
swipe_right,anu,swipe_right,-0.12303003668785095,-0.4452570676803589,-0.7131809983402491,-0.10985368490219116,0.1037771999835968,-0.14940465427935123,0.011318057775497437,-0.2913025915622711,-0.43502665497362614,-0.09709355235099792,-0.14265230298042297,0.006735708564519882,0.06899014115333557,-0.4166024625301361,-0.19450598396360874,-0.08247548341751099,-0.3910105526447296,-0.0415967907756567,-0.6513803294210652,-0.482906897862747,2.026766468065232,0.030004616939659945,0.038458542390302754,0.33635751936923003,0.5071360976116341,0.5538200119470983,0.7801605290869336,1.348870731466483,9.878549055934656
swipe_right,anu,swipe_right,-0.14252400398254395,-0.452825665473938,-0.6626415839418769,-0.1094219982624054,0.10595056414604187,-0.1467203190550208,-0.002812415361404419,-0.31711575388908386,-0.4349777391180396,-0.09699779748916626,-0.14265230298042297,0.009721715934574604,0.06898537278175354,-0.41781288385391235,-0.1944570681080222,-0.08134078979492188,-0.3924352824687958,-0.04154787492007017,-0.5907262816573728,-0.22935144829027945,1.5314974060113025,0.01308141332684162,0.06585952007409403,0.08134349164637782,0.51013552060242,0.5149357748327203,0.19862298858443334,2.57562666568844,7.789079186698487
swipe_right,anu,swipe_right,-0.16096003353595734,-0.4689085781574249,-0.6611163085326552,-0.10925932228565216,0.10599943995475769,-0.14673594292253256,-0.010990723967552185,-0.3309590816497803,-0.43499336298555136,-0.09638939797878265,-0.14265230298042297,0.009706092067062855,0.06889186799526215,-0.4193504750728607,-0.19447269197553396,-0.08045770227909088,-0.3925253748893738,-0.04156349878758192,-0.5586675622246421,-0.48736099040868974,0.046220466946110074,0.004929575053128275,0.0014810851126005992,-0.0004734505306590635,0.5103114415096894,0.5225362830391468,3.3261079348394516,1.146309259275959,3.1644616627183098
swipe_right,anu,swipe_right,-0.16816098988056183,-0.475465327501297,-0.6553964205086231,-0.10886706411838531,0.10646218061447144,-0.1467357762157917,-0.016104593873023987,-0.34225454926490784,-0.43276720121502876,-0.09583978354930878,-0.14225542545318604,0.009706258773803711,0.06908570230007172,-0.4221469461917877,-0.1944725252687931,-0.0795639306306839,-0.39298737049102783,-0.041563332080841064,-0.21821079832134585,-0.1986893740567272,0.17332994012218342,0.011886611129298225,0.014022444233749699,5.051719419883904e-06,0.5112433576458496,0.5211330731580719,0.8476242306216873,1.0982454452425836,0.4348405700621549
swipe_right,anu,swipe_right,-0.1742783933877945,-0.47823888063430786,-0.6514041414484382,-0.10852064192295074,0.10807722806930542,-0.14065664913505316,-0.020057842135429382,-0.34854546189308167,-0.43499651458114386,-0.09544719755649567,-0.14072942733764648,0.01077953539788723,0.06929771602153778,-0.4228059649467468,-0.2111615976318717,-0.07867996394634247,-0.39249083399772644,-0.044556072913110256,-0.18537586385553828,-0.0840470646366942,0.12097815333893998,0.010497642285896237,0.048940831964666975,0.1842159721435952,0.5105821888529182,0.5061774655224122,0.21449222198047052,2.2055934857851063,5.68170797789671
swipe_right,anu,swipe_right,-0.1741948276758194,-0.48136773705482483,-0.6513713514432311,-0.10779760777950287,0.11451473832130432,-0.1353115802630782,-0.027267709374427795,-0.3514276444911957,-0.43851237650960684,-0.09457500278949738,-0.1365797221660614,0.010812325403094292,0.06973077356815338,-0.422610342502594,-0.21910763438791037,-0.07714034616947174,-0.3916049897670746,-0.05631676223129034,0.0025322943022756585,-0.09481383092475555,0.0009936365214261032,0.021910125559026303,0.1950760682423888,0.16197178399923898,0.5131639388397783,0.4998040130283895,0.11231522882947138,0.02670778693140603,4.492679073216598
swipe_right,anu,swipe_right,-0.17321228981018066,-0.47965988516807556,-0.6513713514432311,-0.10681506991386414,0.12234225869178772,-0.1353115802630782,-0.028269261121749878,-0.35584723949432373,-0.4388174330815673,-0.09318789839744568,-0.13274481892585754,0.004790314007550478,0.06998440623283386,-0.42183250188827515,-0.2195505117997527,-0.07511460781097412,-0.38947826623916626,-0.059023196808993816,0.029773874716325713,0.05175308747725136,0.0,0.029773874716325713,0.23719758698434917,0.0,0.5184448731429133,0.49895678848335756,0.12552298516976515,0.5752951345033934,5.077084376911647
swipe_right,anu,swipe_right,-0.1727016717195511,-0.48003412783145905,-0.6549575803801417,-0.10648186504840851,0.124805748462677,-0.13816297333687544,-0.028879359364509583,-0.36173543334007263,-0.4447193620726466,-0.0925358384847641,-0.13179224729537964,0.0032330327667295933,0.0697871595621109,-0.4225359559059143,-0.23823468666523695,-0.07452557981014252,-0.3883823752403259,-0.06492856424301863,0.015473275473623396,-0.011340686769196357,-0.10867360414880575,0.010097117135018903,0.07465120517846228,-0.08640585072112711,0.5193712864140301,0.4855562204495476,0.13525544370566023,1.3642834428868462,5.610110909168168
swipe_right,anu,swipe_right,-0.17225369811058044,-0.4796062260866165,-0.6549575803801417,-0.10645359754562378,0.12523365020751953,-0.13816297333687544,-0.028507858514785767,-0.3617127239704132,-0.4566527782008052,-0.09206148982048035,-0.1313643455505371,0.0020817320328205824,0.06959247589111328,-0.42350712418556213,-0.2538370070978999,-0.07395374774932861,-0.38873815536499023,-0.08904917817562819,0.013574957847595066,0.012966719540682563,0.0,0.0008565909934766271,0.012966719540682563,0.0,0.5173349224973977,0.47173551427005866,0.06605563844817236,1.0468269154809728,3.2292758231775833
swipe_right,anu,swipe_right,-0.16985052824020386,-0.47767801582813263,-0.6626711366698146,-0.10629034042358398,0.12716186046600342,-0.13816297333687544,-0.02803906798362732,-0.35980960726737976,-0.46012024860829115,-0.09116709232330322,-0.12943613529205322,0.0016676755622029305,0.07004743814468384,-0.4231936037540436,-0.25934605579823256,-0.07325132191181183,-0.38680994510650635,-0.10254384111613035,0.07282332940535229,0.05843061389345204,-0.23374412999009014,0.004947185516357501,0.05843061389345204,0.0,0.5162628364000704,0.472430636490408,0.08466624805843147,1.2463001541963743,1.3832590352348129
swipe_right,anu,swipe_right,-0.16940902918577194,-0.4774635434150696,-0.6715721096843481,-0.10625552386045456,0.12735377252101898,-0.1381468828767538,-0.02764991670846939,-0.3595951348543167,-0.4645788874477148,-0.09053044766187668,-0.12922166287899017,0.0005456070066429675,0.0704055055975914,-0.42395690083503723,-0.2593299653381109,-0.07285911589860916,-0.3865954726934433,-0.10252775065600872,0.013378759225209407,0.006499164032213544,-0.2697264549858613,0.0010550473675583233,0.00581551681865339,0.0004875897006554984,0.5162633720315905,0.4799141146796291,0.18138817447837838,2.0582187093905455,1.5988215711052176
swipe_right,anu,swipe_right,-0.16896753013134003,-0.47692155838012695,-0.6804490759968758,-0.10622070729732513,0.1272677481174469,-0.1387089267373085,-0.027184292674064636,-0.35957813262939453,-0.4655383601784706,-0.09014129638671875,-0.1286875307559967,-0.0005524548469111323,0.07076357305049896,-0.42491766810417175,-0.25928986817598343,-0.0723058432340622,-0.3865784704685211,-0.10273510217666626,0.013378759225209768,0.016423788937655625,-0.26899897916750903,0.0010550473675583515,-0.002606800108244966,-0.017031632138021335,0.5162192077141724,0.487391510768229,0.40457371108416434,0.8145467972825817,0.5890480064888486
swipe_right,anu,swipe_right,-0.16813166439533234,-0.4737418591976166,-0.6967924907803535,-0.10755856335163116,0.12725034356117249,-0.13930752128362656,-0.026558473706245422,-0.359147846698761,-0.4655383601784706,-0.08985161781311035,-0.12334635853767395,-0.0035199460107833147,0.07101063430309296,-0.42536991834640503,-0.25928986817598343,-0.0720161646604538,-0.38366594910621643,-0.10273510217666626,0.025329264727505494,0.09635452068213154,-0.49525499343871526,-0.040541092554727744,-0.0005274107961943598,-0.018139228676304475,0.5134552191350739,0.5009365513457587,76.72268024557155,0.2628729993693307,1.2625093027822085
swipe_right,anu,swipe_right,-0.1674310564994812,-0.4713250994682312,-0.6967924907803535,-0.10792484879493713,0.12718325853347778,-0.1387089267373085,-0.02611708641052246,-0.3585831820964813,-0.4655383601784706,-0.0894123762845993,-0.11855590343475342,-0.004354613367468119,0.07135230302810669,-0.4253319203853607,-0.25525669008493423,-0.07157692313194275,-0.37861043214797974,-0.10248765349388123,0.021230542298519017,0.07323514331470755,0.0,-0.011099558888059552,-0.002032879627112164,0.018139228676304475,0.5083900174753114,0.5040701623833486,5.457333236490222,0.2898915936532586,1.4165481424836128
swipe_right,anu,swipe_right,-0.1653844118118286,-0.4699949622154236,-0.6968870237469673,-0.10808607935905457,0.1270376741886139,-0.1387089267373085,-0.02495366334915161,-0.3558976948261261,-0.46621281653642654,-0.08913999795913696,-0.11775270104408264,-0.00503757456317544,0.0717795193195343,-0.42536258697509766,-0.25525669008493423,-0.07114970684051514,-0.37629222869873047,-0.10248765349388123,0.06201953598947335,0.040307189479019345,-0.0028646353519324558,-0.004885774670225279,-0.004411646814057392,0.0,0.5059814891780003,0.5032654674818389,1.1072208758382023,1.538633632298342,0.5854850238371019
swipe_right,anu,swipe_right,-0.1647467166185379,-0.4693722724914551,-0.69737165607512,-0.10838170349597931,0.12658098340034485,-0.13949851132929325,-0.02410246431827545,-0.3554340898990631,-0.4662169758230448,-0.08930031955242157,-0.11652067303657532,-0.008090672083199024,0.07202954590320587,-0.42573410272598267,-0.25526084937155247,-0.0712849348783493,-0.3743138909339905,-0.10249181278049946,0.019324096766384954,0.018869385574803,-0.014685828125837916,-0.008958307179537588,-0.013839114796031454,-0.023926805817719398,0.5036281774422087,0.5034175739466443,0.6472711615156772,1.0240435570213138,0.7890170741357088
swipe_right,anu,swipe_right,-0.1620783656835556,-0.46801289916038513,-0.6973722418770194,-0.10837112367153168,0.12652680277824402,-0.14515027310699224,-0.022958412766456604,-0.34295880794525146,-0.4662175616249442,-0.08944688737392426,-0.11420080065727234,-0.011274110525846481,0.07216416299343109,-0.4255276322364807,-0.2552614351734519,-0.07174794375896454,-0.3743680715560913,-0.10273984726518393,0.08085911924188915,0.04119313124454448,-1.7751572710095314e-05,0.00032060074083733347,-0.0016418370333585134,-0.17126550841512375,0.5040194209168942,0.5021319802110433,0.19515066578570936,1.9628795850039362,4.4888971283520345
swipe_right,anu,swipe_right,-0.15122775733470917,-0.4603291451931,-0.7429585931822658,-0.10893841087818146,0.12578347325325012,-0.14695003908127546,-0.017616793513298035,-0.32532691955566406,-0.47344501595944166,-0.09117941558361053,-0.11478790640830994,-0.01524411141872406,0.07214333117008209,-0.4252464175224304,-0.2571472404524684,-0.0737207680940628,-0.37480485439300537,-0.11209212522953749,0.32880631360140355,0.23284102931166883,-1.3814045850074501,-0.017190521413629516,-0.02252513712102692,-0.054538362857066626,0.5030348201636143,0.5358526956186609,0.763136676353759,1.4121433083770392,3.6323182209452725
swipe_right,anu,swipe_right,-0.12913866341114044,-0.45026952028274536,-0.7569675203412771,-0.10878990590572357,0.12350353598594666,-0.16877632401883602,-0.011362507939338684,-0.2943100929260254,-0.4805495198816061,-0.09182576835155487,-0.11704584956169128,-0.04962419159710407,0.07228352129459381,-0.42043665051460266,-0.26026133261621,-0.07502631843090057,-0.3766690194606781,-0.1352518703788519,0.6693664825323783,0.30483711849559103,-0.42451294421246094,0.004500150680541943,-0.0690890081001043,-0.6614025738654642,0.5024305464967634,0.5368220687849965,0.06513460924800717,2.195809650826393,18.455586623843793
swipe_right,anu,swipe_right,-0.11081551015377045,-0.4359668493270874,-0.7842350006103516,-0.10885430872440338,0.11900478601455688,-0.21479080617427826,-0.0009582489728927612,-0.2649243474006653,-0.4852971136569977,-0.09373132884502411,-0.12152928113937378,-0.06375141441822052,0.07239733636379242,-0.41632479429244995,-0.26025837659835815,-0.0765882283449173,-0.3815462291240692,-0.138473778963089,0.5552470684051602,0.4334142713835814,-0.8262872808810569,-0.0019516005660548666,-0.1363257567087831,-1.3943782471346355,0.5073625009218931,0.5554315979182834,0.014315609152382417,1.2810971487752567,22.305495233147916
swipe_right,anu,swipe_right,-0.09172746539115906,-0.43113452196121216,-0.8082642750814557,-0.10916969180107117,0.10405471920967102,-0.22367227543145418,0.020086735486984253,-0.23204395174980164,-0.48779927659779787,-0.09497907757759094,-0.13649466633796692,-0.0699169309809804,0.07224097847938538,-0.4260666072368622,-0.2607301967218518,-0.07729050517082214,-0.3968040347099304,-0.14119141269475222,0.5784255988670054,0.1464341626022785,-0.7281598324576933,-0.009557062929326733,-0.4530323274207788,-0.26913543203563106,0.5086048236459155,0.5715810540160354,0.021095717137936086,3.95004579902727,35.42387028243511
swipe_right,anu,swipe_right,-0.06960301101207733,-0.40515053272247314,-0.8593262657523155,-0.11018599569797516,0.10020884871482849,-0.22681190818548203,0.037175700068473816,-0.2064361870288849,-0.5073460564017296,-0.09711633622646332,-0.14036253094673157,-0.08293970674276352,0.07179544866085052,-0.4255059063434601,-0.2646307572722435,-0.07923151552677155,-0.40067189931869507,-0.15401538461446762,0.6704380114873357,0.7873936132951341,-1.5473330506321403,-0.030797087784969937,-0.11654153014674518,-0.09514038648569374,0.5070887865426693,0.6116131239921998,0.26425621398635857,0.8514638024784653,11.497253681813689
swipe_right,anu,swipe_right,-0.051823198795318604,-0.36913785338401794,-0.869875687174499,-0.11127075552940369,0.0994730293750763,-0.2597813783213496,0.04957953095436096,-0.18576732277870178,-0.5081346211954951,-0.09814375638961792,-0.1411149799823761,-0.10811806749552488,0.07153156399726868,-0.42452606558799744,-0.26469995360821486,-0.08386045694351196,-0.40113192796707153,-0.1700185416266322,0.5387821883866222,1.0912933132865092,-0.31967943703586055,-0.03287151004328836,-0.02229755575006634,-0.9990748526020374,0.5093270213090838,0.620098314827785,1.4741542193014254,0.4937093337946955,27.54049942048046
idle,anu,swipe_right,-0.034254834055900574,-0.33922016620635986,-0.8699194421060383,-0.11320187151432037,0.09916999936103821,-0.26274218456819654,0.06963460147380829,-0.17445531487464905,-0.5081783761270344,-0.09947364032268524,-0.14140138030052185,-0.10816182242706418,0.0708455890417099,-0.42336878180503845,-0.26474370853975415,-0.08732761442661285,-0.40102455019950867,-0.18636683421209455,0.5323746890732678,0.906596581141144,-0.001325907016342322,-0.058518666209595935,-0.009182727698123715,-0.08972140141960248,0.506652996371221,0.6199715775259065,6.371994916786527,0.5872227106575357,27.569987316890053
idle,anu,swipe_right,-0.020451918244361877,-0.29483821988105774,-0.8699194421060383,-0.1151578277349472,0.09741741418838501,-0.26783036487177014,0.08695088326931,-0.16112083196640015,-0.5081783761270344,-0.10154645144939423,-0.14125770330429077,-0.10816182242706418,0.07040326297283173,-0.42157867550849915,-0.26707854168489575,-0.09111212193965912,-0.39677226543426514,-0.19810829358175397,0.4182701761072399,1.344907464403116,0.0,-0.05927140062505643,-0.05310864159555231,-0.15418728192647543,0.4996626888588953,0.6226836743220706,1.1160195935123791,0.31100270923855955,2.364005851142144
idle,anu,swipe_right,-0.005050733685493469,-0.24919381737709045,-0.8699194421060383,-0.11651064455509186,0.09642007946968079,-0.26783036487177014,0.10292033851146698,-0.15199688076972961,-0.5081783761270344,-0.10256297886371613,-0.1402590572834015,-0.10816182242706418,0.06972508132457733,-0.4163529574871063,-0.2784600486047566,-0.09188129007816315,-0.3957744836807251,-0.19810829358175397,0.4667025623899466,1.3831637122414178,0.0,-0.040994449095292075,-0.03022226420315796,0.0,0.4977180530398101,0.6191589576139913,1.3563872128348287,0.3374164756080679,4.755891531187488
idle,anu,swipe_right,0.006712988018989563,-0.21231281757354736,-0.8207411398179829,-0.11742754280567169,0.09506404399871826,-0.289785407949239,0.11430127918720245,-0.15366798639297485,-0.42442815797403455,-0.10301248729228973,-0.1413949728012085,-0.11750467168167233,0.06938733160495758,-0.4151815176010132,-0.2794439126737416,-0.09347988665103912,-0.39716917276382446,-0.2039079894311726,0.3564764152873703,1.1176060546528388,1.4902515844865516,-0.027784795472116625,-0.041091983968562,-0.6653043356808855,0.50024190241425,0.5814520366365659,0.6761445090814835,0.3189639988431374,20.167401002781652
idle,anu,swipe_right,0.019356712698936462,-0.15589413046836853,-0.6907698223367333,-0.11860154569149017,0.09115955233573914,-0.2920548031106591,0.12388251721858978,-0.15948620438575745,-0.38800391647964716,-0.10318507254123688,-0.14321014285087585,-0.1293866941705346,0.06789492070674896,-0.4202459454536438,-0.31028488371521235,-0.09392808377742767,-0.40167927742004395,-0.23041528556495905,0.3831431721195988,1.7096571850054003,3.9385247721590346,-0.03557584502480208,-0.11831792918118433,-0.0687695503460631,0.4972909831890591,0.46583970230159805,0.30067754391458373,0.2241051313531357,18.229188221010666
idle,anu,swipe_right,0.033569350838661194,-0.12561920285224915,-0.5354967704042792,-0.12065677344799042,0.07764455676078796,-0.2920608511194587,0.12295837700366974,-0.17300119996070862,-0.35104608442634344,-0.10415242612361908,-0.15666463971138,-0.12939274217933416,0.06546182930469513,-0.4308052659034729,-0.3102909317240119,-0.09485222399234772,-0.41415801644325256,-0.2304213335737586,0.43068600423408965,0.9174220489733294,4.70524399795323,-0.06227962898485687,-0.40954532045307235,-0.0001832729939258489,0.4963215448738761,0.3806222970860937,0.1520698047438401,0.4694519117609506,9.10254623586058
idle,anu,swipe_right,0.04016491770744324,-0.06814643740653992,-0.5352352056652308,-0.12213987112045288,0.08426925539970398,-0.3197729680687189,0.12185415625572205,-0.17300119996070862,-0.35078451968729496,-0.10526993870735168,-0.15357127785682678,-0.12913117744028568,0.06375882029533386,-0.4285255968570709,-0.3100293669849634,-0.09595644474029541,-0.41190773248672485,-0.23015976883471012,0.19986566269036277,1.7415989529002605,0.007926204213590245,-0.04494235371098324,0.20074844360351343,-0.8397611196745434,0.5048838486246204,0.42561423916650243,0.22387286810989038,0.11475980023858491,31.45755255371162
idle,anu,swipe_right,0.04957970976829529,-0.015246957540512085,-0.5200741440057755,-0.12214809656143188,0.08426925539970398,-0.3606448322534561,0.12185415625572205,-0.17300119996070862,-0.3509795218706131,-0.1053253710269928,-0.15357127785682678,-0.1749495267868042,0.06375882029533386,-0.42612984776496887,-0.34008096158504486,-0.09606945514678955,-0.41190773248672485,-0.26769016683101654,0.28529672911672566,1.6030145413947652,0.4594261108925798,-0.00024925578724253986,0.0,-1.2385413389314168,0.5054822139995437,0.44880211939393,249.25578724253987,0.1779750237907814,13.596678748358041
idle,anu,swipe_right,0.060885459184646606,0.010557681322097778,-0.5199487684294581,-0.1221720278263092,0.08426925539970398,-0.44203932862728834,0.11825236678123474,-0.17300119996070862,-0.3508541462942958,-0.10569706559181213,-0.15357127785682678,-0.2764433203265071,0.06375882029533386,-0.4239402413368225,-0.40978129487484694,-0.09606945514678955,-0.4118402898311615,-0.3606884954497218,0.34259846716216663,0.7819587534124326,0.003799259888403404,-0.0007251898447672642,0.0,-2.466499890116167,0.5034123391697407,0.4482561468941563,725.1898447672642,0.43812800552341,37.210867982314916
idle,anu,swipe_right,0.07192084193229675,0.04732233285903931,-0.5197960557416081,-0.12227341532707214,0.09370553493499756,-0.4838925125077367,0.11523517966270447,-0.1609753966331482,-0.38640711922198534,-0.10613143444061279,-0.1441349983215332,-0.3196585299447179,0.06375882029533386,-0.4105987846851349,-0.4403644325211644,-0.09606945514678955,-0.4024040102958679,-0.39337555784732103,0.33440553780757654,1.1140803496042766,0.004627657207575661,-0.0030723485079678283,0.2859478647058629,-1.2682782994075115,0.5049798485873488,0.46483088457797445,0.010744398342438444,0.3001625850090372,37.329430518698025
idle,anu,swipe_right,0.08619293570518494,0.07083499431610107,-0.5412325682118535,-0.11938181519508362,0.09928703308105469,-0.48514552135020494,0.11577442288398743,-0.15200567245483398,-0.3951488556340337,-0.1030195951461792,-0.13869470357894897,-0.3202705504372716,0.06704559922218323,-0.40086349844932556,-0.4624003591015935,-0.09303018450737,-0.395230233669281,-0.39704419393092394,0.43248769008752763,0.7125048926382467,-0.6495912869771425,0.0876242464238961,0.16913630745627933,-0.037969964923281266,0.5029946117476446,0.4786236577570861,0.5180657522678507,0.6069952467145562,37.55044858977836
idle,anu,swipe_right,0.09410786628723145,0.07729536294937134,-0.5642949305474758,-0.11866477131843567,0.10463464260101318,-0.5368532501161098,0.11463743448257446,-0.14515262842178345,-0.4391072951257229,-0.10210973024368286,-0.13258737325668335,-0.35934674367308617,0.06828302145004272,-0.39413633942604065,-0.4916512928903103,-0.09215465188026428,-0.38876986503601074,-0.43013104423880577,0.239846381274134,0.19576874646273312,-0.69885946471582,0.021728602322664888,0.16204877333207385,-1.5669008716940709,0.5055100630219717,0.4776943276903228,0.13408597788124293,1.225145282188897,46.37474799240844
idle,anu,swipe_right,0.09917309880256653,0.08662423491477966,-0.5683859549462795,-0.11882191896438599,0.1056084930896759,-0.5370885692536831,0.11456146836280823,-0.1412946879863739,-0.4450494907796383,-0.10207346081733704,-0.130589097738266,-0.3848372660577297,0.069181889295578,-0.39076071977615356,-0.5062848888337612,-0.09210428595542908,-0.3859924376010895,-0.45377829298377037,0.15349189440409175,0.28269308986085523,-0.12397043632738382,-0.004762049877282293,0.029510620868566942,-0.0071308829567648365,0.499325454089612,0.48234055399195686,0.16136185465686803,0.5429611014494218,47.4428807819924
idle,anu,swipe_right,0.10358670353889465,0.10013899207115173,-0.5710298102349043,-0.11882191896438599,0.114661306142807,-0.5411042850464582,0.1088152825832367,-0.13199904561042786,-0.44975328259170055,-0.10207346081733704,-0.12163880467414856,-0.390594182536006,0.06925156712532043,-0.38170790672302246,-0.5093053858727217,-0.09216088056564331,-0.37688615918159485,-0.46125861816108227,0.13374559807055136,0.40953809564764504,-0.08011682692802441,0.0,0.27432766827670446,-0.12168835735682479,0.4987033709087133,0.48699613964891414,0.0,0.3265758983499392,8.191995844989753
idle,anu,swipe_right,0.10358670353889465,0.11094337701797485,-0.5742062609642744,-0.11882191896438599,0.12259984016418457,-0.5456797759979963,0.10159716010093689,-0.1226075291633606,-0.4577838759869337,-0.10207346081733704,-0.11373978853225708,-0.39407211355865,0.06927338242530823,-0.3737693727016449,-0.5129735749214888,-0.09216088056564331,-0.3689476251602173,-0.46909996680915356,0.0,0.3274056044491819,-0.09625608270818431,0.0,0.24056163701143868,-0.13865124095569806,0.4981909160259176,0.48976861433396607,0.0,0.0,1.1450713995228967
idle,anu,swipe_right,0.10308074951171875,0.11480456590652466,-0.5768882036209106,-0.11932787299156189,0.1256805658340454,-0.5541038513183594,0.09632706642150879,-0.11927449703216553,-0.4637329578399658,-0.10257941484451294,-0.11068606376647949,-0.4020058512687683,0.06891822814941406,-0.3707156479358673,-0.527337908744812,-0.09266683459281921,-0.3659473657608032,-0.4764382541179657,-0.01533194021745186,0.1170057238954505,-0.08127098959503881,-0.01533194021745186,0.09335532332911785,-0.2552750097079751,0.49843834030020423,0.4892363310688407,0.16423033460091102,0.1310346936228338,5.710000459679975
idle,anu,swipe_right,0.10263322293758392,0.11728325486183167,-0.5845569558441639,-0.11848942935466766,0.130045086145401,-0.5540723986923695,0.09229765832424164,-0.11625584959983826,-0.4642254002392292,-0.10233096778392792,-0.10825136303901672,-0.4123355336487293,0.06858770549297333,-0.36878663301467896,-0.5278927870094776,-0.09311436116695404,-0.36347630620002747,-0.48173408582806587,-0.01356141133741884,0.07511178652445392,-0.2323864310076717,0.02540738293618839,0.13225819125319827,0.0009531098784822302,0.49943977644572457,0.49054445383479844,0.19210296611861366,0.18054730712198713,7.949910618006559
idle,anu,swipe_right,0.10216765105724335,0.11988165974617004,-0.5919983433559537,-0.11749191582202911,0.13054725527763367,-0.554040496237576,0.09067575633525848,-0.11614260077476501,-0.4823922263458371,-0.10232187807559967,-0.10783520340919495,-0.41230363119393587,0.06858550012111664,-0.3684360682964325,-0.5378384040668607,-0.09318993985652924,-0.363375723361969,-0.4817021833732724,-0.014108238798199123,0.07873954194964698,-0.22549659126635507,0.03022768280722845,0.015217246431292743,0.0009667410543470566,0.49978327940428235,0.49245838748668314,1.9862789674027312,0.1791737578745783,3.5497019677868664
idle,anu,swipe_right,0.09847036004066467,0.12224948406219482,-0.6036964701488614,-0.11625233292579651,0.1377740502357483,-0.5895780371502042,0.0870417058467865,-0.11590456962585449,-0.4916807459667325,-0.10251697897911072,-0.10759717226028442,-0.44752970803529024,0.06883928179740906,-0.36849236488342285,-0.5477985190227628,-0.09334149956703186,-0.3633926808834076,-0.5115253971889615,-0.11203912171450707,0.07175225200075207,-0.3544886906941788,0.0375631180676553,0.21899378660953756,-1.0768951791705679,0.5077255294652543,0.4948031366558998,0.1715251702983662,1.5614500888870202,33.24181660183927
idle,anu,swipe_right,0.09663212299346924,0.1267434060573578,-0.6185002969577909,-0.11508676409721375,0.1444500982761383,-0.5895780371502042,0.08593547344207764,-0.11141064763069153,-0.497963254339993,-0.10226806998252869,-0.10310325026512146,-0.44752970803529024,0.06935977935791016,-0.3641704320907593,-0.5477985190227628,-0.09313890337944031,-0.3593243360519409,-0.5115253971889615,-0.05570415294531559,0.1361794543988762,-0.4486008123917964,0.03532026753281063,0.20230448607242246,0.0,0.5102573898314284,0.49672821403244827,0.174588777687257,0.40904660798205766,32.637176631663955
idle,anu,swipe_right,0.09468567371368408,0.1274055540561676,-0.6185074681416154,-0.11538520455360413,0.14625218510627747,-0.5895852083340287,0.08413803577423096,-0.10997727513313293,-0.49797042552381754,-0.10244759917259216,-0.10216227173805237,-0.4475368792191148,0.06904679536819458,-0.36400526762008667,-0.5478056902065873,-0.09355312585830688,-0.35900843143463135,-0.511532568372786,-0.05898331150864204,0.020065090873025,-0.0002173086007436151,-0.00904365019364805,0.05460869182239966,-0.0002173086007436151,0.5117197913823309,0.4971324663975591,0.16560522302633737,2.939452027895167,4.6731804263048415
idle,anu,swipe_right,0.09369415044784546,0.12755778431892395,-0.618518385104835,-0.11415281891822815,0.14747396111488342,-0.5895961252972484,0.08373934030532837,-0.10997727513313293,-0.4979813424870372,-0.10220471024513245,-0.10125687718391418,-0.4475477961823344,0.0690736174583435,-0.36410874128341675,-0.547816607169807,-0.0934896469116211,-0.35900843143463135,-0.5115434853360057,-0.030046159570867034,0.004613038265343818,-0.00033081706726189453,0.037345019253817065,0.037023515412301325,-0.00033081706726189453,0.5128777585789569,0.49733377569368675,1.0086565303541895,6.511900821574162,1.5033357359055461
idle,anu,swipe_right,0.09362657368183136,0.12755778431892395,-0.6185183711349964,-0.11311040818691254,0.14806339144706726,-0.5857294984161854,0.08367176353931427,-0.10997727513313293,-0.49798132851719856,-0.10188309848308563,-0.10116448998451233,-0.44108792021870613,0.0690612941980362,-0.36420539021492004,-0.546778816729784,-0.09344036877155304,-0.35900843143463135,-0.5065827555954456,-0.0020477807883060115,0.0,4.2332844300703104e-07,0.03158820397926065,0.01786152521769186,0.11717051154736188,0.5135883087749398,0.49757515658438906,1.768406403590364,2047.7807883060116,3.6118981292365797
idle,anu,swipe_right,0.09325739741325378,0.12610453367233276,-0.6052669612690806,-0.11269265413284302,0.14676237106323242,-0.5762592880055308,0.0833025872707367,-0.11121714115142822,-0.4812615243718028,-0.10194969177246094,-0.09965866804122925,-0.44004914443939924,0.06884250044822693,-0.3656027317047119,-0.5271295635029674,-0.09375888109207153,-0.3595585823059082,-0.4874506024643779,-0.011187159653866107,-0.04403789838155181,0.40155787472472687,0.012659213759682597,-0.03942486011620787,0.2869760730501423,0.5143990456928768,0.4984752500857431,0.3210890953899171,0.2540290530644264,5.460767943370508
idle,anu,swipe_right,0.09307180345058441,0.1227172315120697,-0.5766050545498729,-0.1124863475561142,0.1437213122844696,-0.5760199157521129,0.08311699330806732,-0.11425819993019104,-0.4537991611286998,-0.10197792947292328,-0.1008860170841217,-0.4270274071022868,0.0688311904668808,-0.3687734007835388,-0.5082675544545054,-0.0939323753118515,-0.36184975504875183,-0.47578379791229963,-0.00562405947482941,-0.10264552000797043,0.8685426278547712,0.006251714446327834,-0.09215329632614497,0.007253704649029276,0.515745706070434,0.49681048989674836,0.06783964172654823,0.054790551831593565,8.627903746788117
idle,anu,swipe_right,0.09625004231929779,0.12169048190116882,-0.5705378893762827,-0.11255507171154022,0.14316174387931824,-0.5743536595255136,0.08351324498653412,-0.11481776833534241,-0.4486349765211344,-0.10249482095241547,-0.10114088654518127,-0.422744357958436,0.06828193366527557,-0.369439035654068,-0.5077291373163462,-0.09448163211345673,-0.3617348074913025,-0.4756429437547922,0.0963102687488918,-0.031113624572754402,0.18385349010879637,-0.002082550164425045,-0.016956618337920486,0.05049261292724979,0.5147727481256361,0.49591870044499176,0.12280911876451797,3.095337644961531,2.640644997341161
idle,anu,swipe_right,0.10341909527778625,0.11030036211013794,-0.5299272509291768,-0.11328375339508057,0.13164889812469482,-0.5305467816069722,0.0861445963382721,-0.1262078881263733,-0.40602719504386187,-0.10363847017288208,-0.11253100633621216,-0.38633253891021013,0.06712958216667175,-0.3808586597442627,-0.4650715561583638,-0.09563398361206055,-0.3723781704902649,-0.45985462982207537,0.2172440290451026,-0.34515514518275026,1.2306254074880436,-0.022081263137585946,-0.3488741137764632,1.3274811490466956,0.509266315982082,0.49674981092600146,0.06329274363700876,0.6294079710795186,39.98701457817676
idle,anu,swipe_right,0.12053212523460388,0.1085195243358612,-0.5212838845327497,-0.11281165480613708,0.12806019186973572,-0.5287583069875836,0.0927751362323761,-0.12781068682670593,-0.39684628415852785,-0.10363847017288208,-0.11296293139457703,-0.3786131637170911,0.06712958216667175,-0.3816151022911072,-0.4600641028955579,-0.09563398361206055,-0.3726332485675812,-0.44518591929227114,0.5185766653581182,-0.05396478103868975,0.2619201938311301,0.014306017846772393,-0.10874867439270193,0.0541962005875336,0.5079107575841493,0.49682154289904285,0.1315499832681104,9.609360883451949,39.280007986144
idle,anu,swipe_right,0.13953521847724915,0.08127740025520325,-0.49703001510351896,-0.11281165480613708,0.12571731209754944,-0.525846297852695,0.09819558262825012,-0.1366201937198639,-0.37680580746382475,-0.10363847017288208,-0.11336663365364075,-0.37846266757696867,0.06685146689414978,-0.38399019837379456,-0.4598587406799197,-0.09564051032066345,-0.3730369508266449,-0.43777787219733,0.5758513103831835,-0.8255189115350806,0.7349657402797098,0.0,-0.07099635673291678,0.08824270105723082,0.5067609994715575,0.47237545418921,0.0,0.6975619877082911,1.6003511522234395
idle,anu,swipe_right,0.1667802631855011,0.04561656713485718,-0.47370028495788574,-0.11281165480613708,0.11850428581237793,-0.5192773044109344,0.10581949353218079,-0.14883333444595337,-0.3596799373626709,-0.10363847017288208,-0.11498838663101196,-0.36709338426589966,0.06673094630241394,-0.38498184084892273,-0.4557760953903198,-0.09564486145973206,-0.3730694651603699,-0.42520973086357117,0.8256074154015652,-1.0806313066771418,0.7069615195646353,0.0,-0.21857655409610394,0.19906040732607477,0.5007875396136607,0.44243206409412983,0.0,0.7640040097822378,5.592570064225661
idle,anu,swipe_right,0.18340452015399933,-0.009476423263549805,-0.4676073733717203,-0.11226682364940643,0.11624103784561157,-0.5193064156919718,0.10923077166080475,-0.16738754510879517,-0.307189816609025,-0.10311417281627655,-0.11725163459777832,-0.36361881531775,0.06727410852909088,-0.38842931389808655,-0.38633295334875584,-0.0953555554151535,-0.37532782554626465,-0.41942411102354527,0.5037653626817725,-1.669484557527511,0.18463368442925834,0.01651003505244426,-0.06858327172019374,-0.0008821600314342755,0.5018988077646213,0.4045949791761028,0.24072625746907358,0.3017488593479319,7.590748577317417
idle,anu,swipe_right,0.20266564190387726,-0.05898934602737427,-0.4575429849210195,-0.11182613670825958,0.11624103784561157,-0.47102805896429345,0.11140598356723785,-0.1702248454093933,-0.22918142302660272,-0.1023193746805191,-0.11725163459777832,-0.30812573357252404,0.06804026663303375,-0.3899815082550049,-0.2581261388841085,-0.09445519745349884,-0.37532782554626465,-0.33963632507948205,0.5836703560569005,-1.500391598903755,0.3049814682030509,0.013354149731722598,0.0,1.4629805068993271,0.5091222689298031,0.4092027390013985,13354.149731722599,0.3890117536459142,44.408235699979556
idle,anu,swipe_right,0.22930461168289185,-0.11726585030555725,-0.4236475343350321,-0.112799733877182,0.1128716766834259,-0.4664473051670939,0.12059307098388672,-0.17359420657157898,-0.20855956920422614,-0.10256585478782654,-0.12062099575996399,-0.2992010230664164,0.06838464736938477,-0.39341533184051514,-0.25736631103791296,-0.09424948692321777,-0.3786971867084503,-0.3364740724209696,0.8072415084550003,-1.765954675096482,1.0271348662420594,-0.029502944512801207,-0.10210185339956736,0.13881072112726212,0.5087996662232713,0.3602821342890497,0.2889531832900394,0.45711312001695464,40.26641239847296
idle,anu,swipe_right,0.24760501086711884,-0.17855584621429443,-0.4159846971742809,-0.11411602795124054,0.1171647310256958,-0.4427059660665691,0.13240192830562592,-0.17499828338623047,-0.20859193010255694,-0.10410578548908234,-0.11741131544113159,-0.2856757412664592,0.06831084191799164,-0.39482808113098145,-0.2379361162893474,-0.09457738697528839,-0.379900723695755,-0.3238872061483562,0.5545575510371605,-1.8572726032949958,0.23220718668942222,-0.03988769921389342,0.1300925558263556,0.7194345181976934,0.5114427851452513,0.3325979190706934,0.3066078020584982,0.2985868910500413,18.952021984734394
swipe_right,anu,swipe_right,0.2617361843585968,-0.23156523704528809,-0.4159412640146911,-0.11658206582069397,0.11408215761184692,-0.43487318931147456,0.1416136920452118,-0.17808085680007935,-0.20854849694296718,-0.10561993718147278,-0.11791980266571045,-0.2834361749701202,0.06847372651100159,-0.39794257283210754,-0.23410915909335017,-0.0949840247631073,-0.3829832971096039,-0.32384377298876643,0.42821737852964215,-1.6063451766968029,0.0013161563512050954,-0.07472842028646877,-0.09341131557117958,0.23735687136650463,0.509772569822984,0.3132007500900008,0.7999846682906194,0.2665785151057561,16.136661370104243
swipe_right,anu,swipe_right,0.27441269159317017,-0.2701379060745239,-0.4159412640146911,-0.11722007393836975,0.11408215761184692,-0.4386688726954162,0.14955610036849976,-0.17711973190307617,-0.20854849694296718,-0.10695353150367737,-0.11672824621200562,-0.28563230810686946,0.06907868385314941,-0.3984004259109497,-0.23410915909335017,-0.09465453028678894,-0.3829821050167084,-0.32529601035639644,0.38413658286586566,-1.1688687584617108,0.0,-0.01933357932350883,0.0,-0.11502070860429427,0.5103288066116816,0.30278084997154947,19333.57932350883,0.3286393373470523,11.173735320722775
swipe_right,anu,swipe_right,0.2814781218767166,-0.2896933853626251,-0.4159412640146911,-0.1187794953584671,0.11408215761184692,-0.4386688726954162,0.15490783751010895,-0.176203191280365,-0.21572747407481074,-0.10940776765346527,-0.11597049236297607,-0.29029520926997066,0.0689098984003067,-0.3989660143852234,-0.23410915909335017,-0.09533439576625824,-0.3829609155654907,-0.3331527072004974,0.2141039479862594,-0.5925902814576215,0.0,-0.04725519454840533,0.0,0.0,0.5086601522325215,0.3003142878145375,47255.19454840533,0.3613012116202908,3.5867038417842587
swipe_right,anu,swipe_right,0.292722150683403,-0.29968446493148804,-0.424910809379071,-0.12141646444797516,0.11275452375411987,-0.4386688726954162,0.16047601401805878,-0.17570197582244873,-0.2361418711952865,-0.1107371598482132,-0.11591237783432007,-0.29029520926997066,0.0689491480588913,-0.39913102984428406,-0.23410915909335017,-0.09570644795894623,-0.3829609155654907,-0.3331527072004974,0.34072814565715076,-0.3027599869352284,-0.2718044049811983,-0.07990815422751384,-0.04023132902203032,0.0,0.5074726228166913,0.31043396355472963,1.9861677454406859,1.1254030749016053,1.5701460720254392
swipe_right,anu,swipe_right,0.30104221403598785,-0.29911553859710693,-0.49188128719106317,-0.12271131575107574,0.11330521106719971,-0.43870103964582086,0.16158713400363922,-0.1746172308921814,-0.2846217514015734,-0.11244671046733856,-0.11534345149993896,-0.2903273762203753,0.0689861923456192,-0.3987005650997162,-0.2617391408421099,-0.09623350203037262,-0.3820708990097046,-0.33318487415090203,0.2521231318965143,0.017240191950942806,-2.0294084185452497,-0.039237918275775954,0.01668749433575281,-0.0009747560728680159,0.5071806642953816,0.3416615024148744,2.3511958290757295,14.623300559143033,2.1200799346917014
swipe_right,anu,swipe_right,0.3039563149213791,-0.2984071969985962,-0.4919895548373461,-0.12325023114681244,0.11360800266265869,-0.4470068234950304,0.16159246861934662,-0.1735628843307495,-0.29012596793472767,-0.11308319866657257,-0.11463510990142822,-0.29093280620872974,0.06870858371257782,-0.3980313837528229,-0.27132719941437244,-0.09666211903095245,-0.38107356429100037,-0.3398586232215166,0.08830608743609945,0.021464896924568287,-0.0032808377661488796,-0.016330769567778878,0.009175502892696643,-0.2516904196730206,0.5068505866736923,0.3375771744744366,1.779628880275965,4.113785123743457,7.632485273654965
swipe_right,anu,swipe_right,0.30395878851413727,-0.29828813672065735,-0.49591544456779957,-0.1232558935880661,0.1137227714061737,-0.45483231730759144,0.1615949422121048,-0.17318716645240784,-0.2924565989524126,-0.11308072507381439,-0.11457416415214539,-0.301809998229146,0.068647101521492,-0.3982791006565094,-0.27527460642158985,-0.0971304327249527,-0.38005438446998596,-0.34481203742325306,7.495735630844295e-05,0.0036078872102678263,-0.1189663554682831,-0.0001715891288988453,0.0034778407125760696,-0.2371361761382042,0.5065598497278357,0.33771609727996005,0.04932365206562853,0.02077021307154682,0.6812512603644691
swipe_right,anu,swipe_right,0.304381862282753,-0.2853601574897766,-0.49591544456779957,-0.1229933351278305,0.11510372161865234,-0.49563116021454334,0.16201801598072052,-0.1715824007987976,-0.2924565989524126,-0.11265765130519867,-0.11350405216217041,-0.34565153904259205,0.06906874477863312,-0.39749789237976074,-0.28477528877556324,-0.09675197303295135,-0.37866660952568054,-0.38684010691940784,0.012820417230779679,0.3917569463903316,0.0,0.00795631697683636,0.04184697613571696,-1.2363285729379563,0.5062936324703716,0.3354508909568343,0.1901242954027996,0.03272535336910803,30.301874208753645
swipe_right,anu,swipe_right,0.304820254445076,-0.27340221405029297,-0.49591544456779957,-0.12255494296550751,0.1103857159614563,-0.49563116021454334,0.16026730835437775,-0.17138320207595825,-0.2924565989524126,-0.11221925914287567,-0.11397099494934082,-0.34565153904259205,0.06946559250354767,-0.39846864342689514,-0.28477528877556324,-0.09631358087062836,-0.3786606788635254,-0.38684010691940784,0.013284610979485,0.362361922408601,0.0,0.013284610979485,-0.14296986839988243,0.0,0.5016876305560777,0.34001999065142263,0.09291830656248518,0.03666106590371642,37.881139284639126
swipe_right,anu,swipe_right,0.29894520342350006,-0.26304903626441956,-0.5031941551715136,-0.12255494296550751,0.11246582865715027,-0.49563116021454334,0.1595183163881302,-0.16930308938026428,-0.30398807115852833,-0.11204449832439423,-0.111909419298172,-0.34565153904259205,0.06941117346286774,-0.3990384340286255,-0.28477528877556324,-0.09631358087062836,-0.3765805661678314,-0.38684010691940784,-0.17803184913866732,0.31373266017798723,-0.22056698799133653,0.0,0.06303371805133343,0.0,0.5016876305560777,0.3447981850473286,0.0,0.5674617413944886,6.255499583645803
swipe_right,anu,swipe_right,0.2874908000230789,-0.2579469382762909,-0.5120267700403929,-0.12239442765712738,0.11288502812385559,-0.4956218432635069,0.15401513874530792,-0.16888388991355896,-0.3087488543242216,-0.11078251898288727,-0.11175796389579773,-0.3456422220915556,0.06939639151096344,-0.399639755487442,-0.2847659718245268,-0.09631358087062836,-0.37616729736328125,-0.3868307899683714,-0.34710313334608206,0.15460902994328693,-0.26765499602663584,0.004864100253943056,0.012703014142585041,0.00028233184958948164,0.5016850415455321,0.34538311464111093,0.38287900181393364,2.245023388672806,1.5323026055666258
swipe_right,anu,swipe_right,0.25623078644275665,-0.2547985911369324,-0.5120267700403929,-0.1222890168428421,0.11299467086791992,-0.4739163648337126,0.1417505294084549,-0.16877424716949463,-0.3087488543242216,-0.10919107496738434,-0.11214137077331543,-0.3148163687437773,0.06918348371982574,-0.4005100727081299,-0.26917905919253826,-0.09628348052501678,-0.3760600686073303,-0.35332093946635723,-0.9472731387976595,0.09540445876844153,0.0,0.0031942670995539395,0.0033225073958888726,0.6577417705998381,0.5043749426189965,0.33940173833031617,0.9611132815606785,9.92891969731821,19.9251053126063
swipe_right,anu,swipe_right,0.21269522607326508,-0.2547985911369324,-0.6632417868822813,-0.12294431030750275,0.11299467086791992,-0.37385918013751507,0.12170617282390594,-0.1712018847465515,-0.3087488543242216,-0.10757111012935638,-0.11293685436248779,-0.23745384626090527,0.0675576776266098,-0.40642741322517395,-0.2645979057997465,-0.09681744873523712,-0.3767918050289154,-0.31123305670917034,-1.3192594051361295,0.0,-4.582273237633055,-0.019857377716989543,0.0,3.0320358998848214,0.49446479773864577,0.4505254172424892,19857.377716989544,1319259.4051361296,71.95176829152167
swipe_right,anu,swipe_right,0.16121558845043182,-0.2541791498661041,-0.7777405809611082,-0.12276645004749298,0.11361411213874817,-0.3613776993006468,0.10591594874858856,-0.1758125126361847,-0.36081953160464764,-0.10712318122386932,-0.1129772961139679,-0.22714698128402233,0.06604914367198944,-0.4088272452354431,-0.26265723817050457,-0.09716157615184784,-0.3769925534725189,-0.29276506416499615,-1.5599890188736758,0.01877094760085526,-3.4696604266309867,0.005389704848780572,0.01877094760085526,0.3782266920262974,0.49604254213693755,0.5461533993609076,0.28711484622591926,83.10214006790652,80.42411154887658
swipe_right,anu,swipe_right,0.11246636509895325,-0.2529579699039459,-0.9083288593683392,-0.12218508124351501,0.11483529210090637,-0.31519949273206294,0.08629235625267029,-0.18504855036735535,-0.4667806609068066,-0.10641500353813171,-0.11397698521614075,-0.19215881661511958,0.06477895379066467,-0.4095798134803772,-0.2625994069967419,-0.09680864214897156,-0.3761996626853943,-0.26494228676892817,-1.4772491924690714,0.03700545339873402,-3.957220557794941,0.01761723648418108,0.03700545339873402,1.3993395929874115,0.49425203816911506,0.6661614044228988,0.47605849429450486,39.91869138477365,30.949966528845852
swipe_right,anu,swipe_right,0.07605388760566711,-0.25453439354896545,-0.9083096440881491,-0.12137645483016968,0.1151914894580841,-0.24108504317700863,0.07302209734916687,-0.1996043622493744,-0.4883496221154928,-0.10534751415252686,-0.11435005068778992,-0.11171459965407848,0.06476864218711853,-0.40452641248703003,-0.2619453128427267,-0.09476363658905029,-0.3707103431224823,-0.19888797961175442,-1.103408408887476,-0.0477704134854411,0.0005822812178821367,0.024503830707434844,0.010793859308416365,2.2458924107592573,0.4884561650480192,0.6636352998564917,2.269953688820204,23.097671355773315,25.666257843014815
swipe_right,anu,swipe_right,0.015720844268798828,-0.30109402537345886,-0.9082302153110504,-0.12191757559776306,0.11281430721282959,-0.23549407720565796,0.05137002468109131,-0.20213645696640015,-0.48827019333839417,-0.10551899671554565,-0.12291145324707031,-0.10612349957227707,0.0643315315246582,-0.40645644068717957,-0.26186588406562805,-0.09403234720230103,-0.3709459602832794,-0.19150108098983765,-1.8282740405110909,-1.4108979340755043,0.0024069326393531118,-0.016397599017980706,-0.0720358256137705,0.1694232112530442,0.48655623116616153,0.6566971038329391,0.22762800662396418,1.295822114791711,62.98554661086289
swipe_right,anu,swipe_right,-0.0067484378814697266,-0.3217115104198456,-0.9082832476124167,-0.12117594480514526,0.1131560206413269,-0.21981240715831518,0.05031141638755798,-0.20231282711029053,-0.4883232256397605,-0.10526886582374573,-0.12590867280960083,-0.10591279622167349,0.06481894850730896,-0.4071502387523651,-0.2619189163669944,-0.09365963935852051,-0.37074941396713257,-0.18829782214015722,-0.6808873378869368,-0.6247722741329408,-0.0016070394353433345,0.022473660382357867,0.010354952378706664,0.4752021226467584,0.4857105987909886,0.6559028249671904,2.170120097169138,1.0898150834506661,9.668516862867348
swipe_right,anu,swipe_right,-0.04265505075454712,-0.33540356159210205,-0.873482106719166,-0.12029936909675598,0.1131560206413269,-0.21593358973041177,0.041563719511032104,-0.21333765983581543,-0.48829531529918313,-0.10318052768707275,-0.12968742847442627,-0.0762112052179873,0.0641813576221466,-0.41381844878196716,-0.258255033288151,-0.09321397542953491,-0.3768649101257324,-0.14921347657218575,-1.0880791779720596,-0.414910641583536,1.05458002706822,0.026562900254221096,0.0,0.11753992205768107,0.4952834588796298,0.6293387518422193,26562.9002542211,2.622435884949716,10.843497950279836
swipe_right,anu,swipe_right,-0.08434426784515381,-0.36994263529777527,-0.7809980772435665,-0.11982929706573486,0.11306023597717285,-0.21198242530226707,0.03107866644859314,-0.23491650819778442,-0.48052528128027916,-0.10267102718353271,-0.13050240278244019,-0.06238074228167534,0.0641813576221466,-0.4161983132362366,-0.21700383350253105,-0.09235155582427979,-0.38102826476097107,-0.1175023727118969,-1.2633096088062834,-1.0466385971416294,2.802546347745485,0.014244607000640171,-0.002902565580425887,0.11973225539832595,0.5037905846310333,0.5850546608095879,4.905901591019278,1.207014919229484,0.3892159257130276
swipe_right,anu,swipe_right,-0.11431622505187988,-0.38676247000694275,-0.7204246786423028,-0.1184038519859314,0.11304840445518494,-0.16183618875220418,0.017807751893997192,-0.2610538899898529,-0.4307326045818627,-0.10203835368156433,-0.13213792443275452,-0.008826421108096838,0.0641813576221466,-0.4182421565055847,-0.1946742651052773,-0.0894794762134552,-0.3854023814201355,-0.05516753392294049,-0.9082411274765133,-0.5096919608838437,1.8355575333715595,0.04319530544858827,-0.0003585309693307452,1.519582925759424,0.5105565662849089,0.5561167638337088,120.14349008374681,1.7819377491530564,42.42885812946036
swipe_right,anu,swipe_right,-0.1410125494003296,-0.4038901627063751,-0.6937473681755364,-0.11669337749481201,0.1128842830657959,-0.1559140202589333,-0.001824706792831421,-0.2813807427883148,-0.4273732569999993,-0.10121563076972961,-0.13449281454086304,-0.005179093685001135,0.06417301297187805,-0.4192183017730713,-0.1946742651052773,-0.08749920129776001,-0.39062660932540894,-0.05178229929879308,-0.80897952571061,-0.5190209908918983,0.8084033474777813,0.05183256033695188,-0.004973375436031537,0.17945965131124147,0.5149941106367455,0.5398240723248867,10.419913213929611,1.5586613667764684,40.610880420410446
swipe_right,anu,swipe_right,-0.1590072363615036,-0.42258375883102417,-0.6707781222648919,-0.11575581133365631,0.1123390793800354,-0.14836002560332417,-0.015399143099784851,-0.2997306287288666,-0.4273732569999993,-0.10056398808956146,-0.1370384693145752,-0.0032363077625632286,0.06462995707988739,-0.4214996099472046,-0.1917327013798058,-0.08491255342960358,-0.3953370153903961,-0.04359035613015294,-0.545293544278009,-0.566472609837859,0.6960377548680272,0.028411095792597443,-0.016521323810924447,0.22890892895785608,0.5192908697454728,0.5286769192428525,1.7195581031895901,0.9626106756042664,1.6945738424930974
swipe_right,anu,swipe_right,-0.17254838347434998,-0.4410678744316101,-0.6357073821127415,-0.11441200971603394,0.11219978332519531,-0.14203888550400734,-0.019837617874145508,-0.31758415699005127,-0.42732423916459084,-0.10019123554229736,-0.13725411891937256,0.010025308467447758,0.06489458680152893,-0.42290404438972473,-0.19168368354439735,-0.08290931582450867,-0.39548859000205994,-0.03318073973059654,-0.41033779129835946,-0.5601247151692496,1.0627497015802747,0.04072126114007044,-0.004221092570911594,0.19154969997929078,0.5201826602601463,0.503851301224413,9.64480537935678,0.7325815976407553,1.248892199400447
swipe_right,anu,swipe_right,-0.17823900282382965,-0.4540085792541504,-0.632476270198822,-0.1119668036699295,0.1118159294128418,-0.12288181483745575,-0.02554963529109955,-0.3312373757362366,-0.4273090958595276,-0.09691749513149261,-0.13865923881530762,0.039363086223602295,0.06531111896038055,-0.4254014790058136,-0.1916685402393341,-0.0808267742395401,-0.3960924446582794,-0.007603549398481846,-0.17244301059029593,-0.3921425703800148,0.09791248223998486,0.07409715291225667,-0.011631936737985507,0.580517292925815,0.5217563572848097,0.504426885482682,6.369599919709371,0.4397445823813622,11.83234035819352
swipe_right,anu,swipe_right,-0.17774158716201782,-0.4730192720890045,-0.6324455132707953,-0.11099424958229065,0.0994899570941925,-0.12285105790942907,-0.03138646483421326,-0.3477214574813843,-0.43051120545715094,-0.09330478310585022,-0.14402154088020325,0.03939384315162897,0.06531345844268799,-0.4263631999492645,-0.19457934703677893,-0.07887151837348938,-0.39658576250076294,-0.00757279247045517,0.015073201873085956,-0.5760816010561948,0.0009320281220205051,0.02947133598905668,-0.37351431268634816,0.0009320281220205051,0.510305857221514,0.5029704999240905,0.07890261787956371,0.026165001070073315,20.749708678092485
swipe_right,anu,swipe_right,-0.17713294923305511,-0.4839867949485779,-0.632373153232038,-0.1103406697511673,0.09965598583221436,-0.10967422928661108,-0.031098470091819763,-0.36216452717781067,-0.43605571892112494,-0.09201394021511078,-0.15121930837631226,0.04418861214071512,0.06554092466831207,-0.4262317419052124,-0.19458712544292212,-0.07812874019145966,-0.39597615599632263,-0.00757279247045517,0.018443573604929833,-0.3323491775628166,0.00219272844719156,0.019805449427979616,0.005031173879449827,0.39929783705507554,0.5070636368538234,0.5038679006979023,3.9357641254926126,0.055494399732775423,16.655242158501395
swipe_right,anu,swipe_right,-0.17594298720359802,-0.485433965921402,-0.632373153232038,-0.1091507077217102,0.09998077154159546,-0.10967422928661108,-0.02990850806236267,-0.3648926019668579,-0.4364435067400336,-0.09082397818565369,-0.15089452266693115,0.04418861214071512,0.06607410311698914,-0.4260069727897644,-0.19511768128722906,-0.07693877816200256,-0.39565137028694153,-0.00757279247045517,0.03605945543809428,-0.04385366584315514,0.0,0.03605945543809428,0.00984199119336693,0.0,0.5070636368538234,0.5032853934554316,3.663465173309746,0.822249006914334,12.110832652645227
swipe_right,anu,swipe_right,-0.17575103044509888,-0.4831865727901459,-0.632373153232038,-0.10895875096321106,0.10385522246360779,-0.10967422928661108,-0.029716551303863525,-0.3635551631450653,-0.43919825460761786,-0.09063202142715454,-0.14702007174491882,0.04418861214071512,0.0660828948020935,-0.4249029755592346,-0.19586095120757818,-0.07674682140350342,-0.3917769193649292,-0.017559346742928028,0.005816871469671169,0.06810282215927695,0.0,0.005816871469671169,0.11740760369734518,0.0,0.5051474834199802,0.5024176824345283,0.04954382631673098,0.08541182102917858,3.385944978315982
swipe_right,anu,swipe_right,-0.17454835772514343,-0.48514795303344727,-0.6374203842133284,-0.10861772298812866,0.10522419214248657,-0.1241148691624403,-0.029330581426620483,-0.36586540937423706,-0.4402163904160261,-0.0902460515499115,-0.1460946798324585,0.03119385801255703,0.06612303853034973,-0.4259054362773895,-0.19715720228850842,-0.07636085152626038,-0.39085152745246887,-0.021190553903579712,0.03644462787743829,-0.05943576494852797,-0.15294639337243698,0.010334181063103118,0.04148392966299412,-0.4375951477524076,0.5076662683295647,0.5052366436886061,0.2491068719907108,0.6131664115467793,13.459264927843696
swipe_right,anu,swipe_right,-0.17162714898586273,-0.4853482246398926,-0.6387741845101118,-0.10848470032215118,0.11366024613380432,-0.12526279501616955,-0.028943553566932678,-0.36558058857917786,-0.44109439663589,-0.09074665606021881,-0.13457778096199036,0.030201314017176628,0.06621973216533661,-0.4270165264606476,-0.1985918115824461,-0.07657895982265472,-0.38894325494766235,-0.02681902050971985,0.08852147694789667,-0.006068836558948633,-0.04102425141767867,0.004030989878105242,0.2556379997368918,-0.03478563193118802,0.5131465992435746,0.5037204059019823,0.015768289980222144,14.583832050204268,13.825529744388982
swipe_right,anu,swipe_right,-0.16990073025226593,-0.48526057600975037,-0.6506467144936323,-0.10820893943309784,0.11939895153045654,-0.1278319340199232,-0.02558360993862152,-0.36566945910453796,-0.45097499899566174,-0.09165407717227936,-0.126298189163208,0.024089746177196503,0.06630440056324005,-0.42814135551452637,-0.20350920967757702,-0.07768623530864716,-0.3863121569156647,-0.03884628228843212,0.052315719199903916,0.002656019095218585,-0.35977363586426353,0.008356390577374216,0.17390016353491858,-0.07785269708344554,0.5143868261211124,0.5089080637862601,0.04805252827245339,19.689628612021718,2.8027526576693234
swipe_right,anu,swipe_right,-0.16872058808803558,-0.48526057600975037,-0.6972541492432356,-0.10831670463085175,0.12283748388290405,-0.12895345501601696,-0.025524452328681946,-0.36645177006721497,-0.4719648640602827,-0.09250067174434662,-0.12189644575119019,0.005942320916801691,0.06627844274044037,-0.42944419384002686,-0.2335494440048933,-0.07838736474514008,-0.38363009691238403,-0.07300481013953686,0.03576188376455653,0.0,-1.412346507563758,-0.003265612053148726,0.10419795007416863,-0.03398548473011418,0.5104267103572663,0.5228403835483804,0.03134016274467515,35761.88376455653,2.5204037577425042
swipe_right,anu,swipe_right,-0.168221578001976,-0.48526057600975037,-0.7052597301080823,-0.10832692682743073,0.12542879581451416,-0.12895693350583315,-0.02545405924320221,-0.36645177006721497,-0.4719683425500989,-0.0930040031671524,-0.11971014738082886,0.005938842426985502,0.06622527539730072,-0.4307035505771637,-0.24331047106534243,-0.07847799360752106,-0.382649689912796,-0.07768318522721529,0.015121517759380346,0.0,-0.24259335954080008,-0.0003097635326963365,0.0785246039881821,-0.0001054087823087479,0.5115307456408288,0.5209020195996654,0.003944745623898099,15121.517759380347,1.291249523312996
swipe_right,anu,swipe_right,-0.1671103537082672,-0.48140260577201843,-0.705266852863133,-0.10829344391822815,0.12611058354377747,-0.1289640562608838,-0.023783087730407715,-0.36649090051651,-0.47197546530514956,-0.09303498268127441,-0.11733075976371765,0.005931719671934843,0.06633570790290833,-0.4310500919818878,-0.24331759382039309,-0.07835012674331665,-0.3826153874397278,-0.07769030798226595,0.03367346344572179,0.11690818902218167,-0.0002158410621411907,0.0010146336121992794,0.0206602342201005,-0.0002158410621411907,0.5121793758626821,0.520028419662705,0.049108083350228045,0.2880309386059703,1.7539281668462319
swipe_right,anu,swipe_right,-0.16663877665996552,-0.4794258177280426,-0.705266852863133,-0.10827912390232086,0.1255733072757721,-0.1300060646608472,-0.023554816842079163,-0.3670281767845154,-0.47197546530514956,-0.0929979532957077,-0.11686763167381287,0.005931719671934843,0.06587879359722137,-0.4315873682498932,-0.24331759382039309,-0.0785294622182846,-0.38218358159065247,-0.07769030798226595,0.01429021358490013,0.059902667999268536,0.0,0.00043393987597841897,-0.01628109903046605,-0.03157601212010289,0.5113110980200584,0.5193746775276166,0.02665134729658981,0.23855323158299124,1.4685123736866164
swipe_right,anu,swipe_right,-0.1648649424314499,-0.4797550141811371,-0.7057741479948163,-0.10817913711071014,0.12481027841567993,-0.1300060646608472,-0.022433295845985413,-0.3622299134731293,-0.46707647014409304,-0.09291265904903412,-0.1175794005393982,0.0019694312941282988,0.06594748795032501,-0.43241190910339355,-0.24331759382039309,-0.07838328182697296,-0.3830026090145111,-0.07801411021500826,0.05375255237926222,-0.009975650093772354,-0.015372579747980536,0.003029902776082405,-0.023122086669459856,0.0,0.5113363716374726,0.519020049820838,0.13103366429379829,5.387835783958762,0.9822028224600952
swipe_right,anu,swipe_right,-0.16060416400432587,-0.47392141819000244,-0.705777432769537,-0.10853816568851471,0.12255281209945679,-0.13000934943556786,-0.022214725613594055,-0.34332600235939026,-0.4524575434625149,-0.09287934005260468,-0.11971879005432129,0.0017230446683242917,0.06598784029483795,-0.4349954128265381,-0.2330317310988903,-0.07830889523029327,-0.385238915681839,-0.08097411319613457,0.12911449779163217,0.1767756360949825,-9.953862789905055e-05,-0.010879653872865207,-0.06840807018857754,-9.953862789905055e-05,0.511048629768838,0.5256878054072976,0.15903817787428154,0.7303821401050908,1.4355789882799121
swipe_right,anu,swipe_right,-0.14721474051475525,-0.45648878812789917,-0.7057670252397656,-0.10895475745201111,0.12220686674118042,-0.12999894190579653,-0.017456471920013428,-0.30303052067756653,-0.45244713593274355,-0.09283357858657837,-0.11943936347961426,0.0017334521980956197,0.06606549024581909,-0.43301767110824585,-0.23086597491055727,-0.0790923535823822,-0.3854694068431854,-0.08096370566636324,0.40574010574457064,0.5282615170334409,0.00031537969004024664,-0.01262399283322441,-0.010483192675041596,0.00031537969004024664,0.5109123372149451,0.5211241289474317,1.2040977521594742,0.7680652945491603,1.7561400380961774
swipe_right,anu,swipe_right,-0.1256239265203476,-0.4358873665332794,-0.7057626703754067,-0.11011601984500885,0.12185847759246826,-0.17857712600380182,-0.0047346800565719604,-0.27505260705947876,-0.45244278106838465,-0.0940401703119278,-0.12008708715438843,-0.037229483015835285,0.06640391051769257,-0.42895346879959106,-0.23086162004619837,-0.0805855542421341,-0.38478177785873413,-0.10162424389272928,0.6542670907396363,0.6242855028672751,0.00013196558663339537,-0.035189769484780614,-0.01055724693067163,-1.4720661847880627,0.5133012204423274,0.5123024270282883,3.3329178334098812,1.0480237643047925,44.62286297481201
swipe_right,anu,swipe_right,-0.10188554227352142,-0.41590622067451477,-0.7459964621812105,-0.11100433766841888,0.11616712808609009,-0.2126006055623293,0.016578838229179382,-0.2344493269920349,-0.452425854280591,-0.0969141274690628,-0.12616103887557983,-0.06092059053480625,0.06640397012233734,-0.4241296648979187,-0.23084469325840473,-0.08114130795001984,-0.3862439692020416,-0.11969845928251743,0.7193449771765233,0.6054892684473906,-1.219205812297038,-0.026918721921515166,-0.17246513655690782,-1.031014532076551,0.5118002735497726,0.5420058394903391,0.15608120213577653,1.1880372231598058,14.239494711946955
swipe_right,anu,swipe_right,-0.0826878547668457,-0.3967854678630829,-0.7803949024528265,-0.11295819282531738,0.10933130979537964,-0.21788380108773708,0.03231963515281677,-0.20667612552642822,-0.45311989448964596,-0.09975144267082214,-0.12994110584259033,-0.06366830877959728,0.06642141938209534,-0.42665553092956543,-0.23302299343049526,-0.08416101336479187,-0.39110684394836426,-0.12293733470141888,0.5817481062629098,0.5794167518615815,-1.0423769779277736,-0.05920773202722817,-0.20714600880941086,-0.16009683410326894,0.5101788458438639,0.5681036904400207,0.28582470182663006,1.004021889895229,26.430479172887765
swipe_right,anu,swipe_right,-0.05856752395629883,-0.3612186014652252,-0.8274673139676452,-0.11460375785827637,0.10598170757293701,-0.22494331654161215,0.04282882809638977,-0.18083065748214722,-0.46980550047010183,-0.10006445646286011,-0.12848597764968872,-0.06374955829232931,0.06634226441383362,-0.42356574535369873,-0.23593402560800314,-0.08537229895591736,-0.3916853070259094,-0.12885143514722586,0.7309191154711291,1.0777838302381282,-1.4264367125702855,-0.04986560705936396,-0.10150309764977819,-0.21392471072349023,0.5077012756328287,0.6077838866071498,0.49126693615282757,0.6781679375739945,3.6040407226377287
swipe_right,anu,swipe_right,-0.043061792850494385,-0.3395095467567444,-0.8738671303726733,-0.11681362986564636,0.09818467497825623,-0.25078106531873345,0.06126612424850464,-0.1776687204837799,-0.4881307543255389,-0.10304155945777893,-0.13571462035179138,-0.09642636636272073,0.06549853086471558,-0.42664632201194763,-0.2362293661572039,-0.09015503525733948,-0.3931499719619751,-0.15917310724034905,0.4698706395698138,0.6578501426812124,-1.406055042576556,-0.06696581840514883,-0.2362737149903179,-0.7829620841551614,0.5005121716139007,0.6526561727592327,0.2834235496078916,0.7142507006292577,17.728155090405412
swipe_right,anu,swipe_right,-0.02242778241634369,-0.3064354658126831,-0.8738486869260669,-0.11870972812175751,0.09726396203041077,-0.2510761423036456,0.08133094012737274,-0.16437479853630066,-0.4881123108789325,-0.10559482872486115,-0.13296887278556824,-0.10010555665940046,0.06579183042049408,-0.424129843711853,-0.28415248822420835,-0.09311102330684662,-0.38655343651771545,-0.19737110566347837,0.6252730434591219,1.002244877092782,0.0005588923214059977,-0.057457522912459855,-0.027900392358953748,-0.008941726815520053,0.48746158801140327,0.607763336703997,2.0593066529893567,0.6238719038414541,24.291944929749622
swipe_right,anu,swipe_right,-0.005524009466171265,-0.2551967203617096,-0.8738827998749912,-0.11996275186538696,0.0950494110584259,-0.26635464979335666,0.09873461723327637,-0.14978072047233582,-0.4881464238278568,-0.10618466138839722,-0.1323179304599762,-0.10104943020269275,0.06583636999130249,-0.41972362995147705,-0.28418660117313266,-0.09341397881507874,-0.38824254274368286,-0.2128925914876163,0.5122355439446271,1.552689256090131,-0.0010337257249788969,-0.03797041647362047,-0.06710760521166359,-0.46298507544579665,0.48696420981281857,0.6163627296478073,0.5658054783564649,0.32990195046016485,13.822710425269756
swipe_right,anu,swipe_right,0.00832335650920868,-0.2289765179157257,-0.8738574157468975,-0.1204587072134018,0.09643331170082092,-0.298847712110728,0.10621695220470428,-0.15049758553504944,-0.48812103969976306,-0.10718216001987457,-0.12607786059379578,-0.13682492775842547,0.06583510339260101,-0.4144729971885681,-0.28416121704503894,-0.09463207423686981,-0.3876180350780487,-0.21454525692388415,0.4196171507690959,0.7945515892722517,0.0007692160028399966,-0.01502894993984362,0.041936383102880045,-0.9846382520415723,0.4920158790525686,0.6208527616235763,0.35836642221988113,0.528117529833277,16.164300441038268
idle,anu,swipe_right,0.032483845949172974,-0.16976198554039001,-0.8234274312853813,-0.12158924341201782,0.09289202094078064,-0.3071575090289116,0.10693028569221497,-0.15403887629508972,-0.4253132566809654,-0.10825523734092712,-0.12919571995735168,-0.14182784408330917,0.06651076674461365,-0.41334477066993713,-0.2870176061987877,-0.09534364938735962,-0.390261173248291,-0.22882284969091415,0.7321360436352539,1.7943797689494985,1.528181347318613,-0.03425867268533288,-0.10731184121333785,-0.25181202782373485,0.4901654405549315,0.5901066895059878,0.31924112993361775,0.4080159887490743,22.670213010530585
idle,anu,swipe_right,0.049954503774642944,-0.11766353249549866,-0.6654172844719142,-0.12279513478279114,0.09289202094078064,-0.32167047332040966,0.10693660378456116,-0.15403887629508972,-0.35462459991686046,-0.1100311279296875,-0.12919571995735168,-0.14763256977312267,0.06639710068702698,-0.4095222055912018,-0.29480606387369335,-0.09670117497444153,-0.3882649838924408,-0.2307735241483897,0.5294138734990984,1.5787410013603693,4.788186267074838,-0.03654216275070711,0.0,-0.4397867967120696,0.49036232869923563,0.472021737727947,36542.16275070711,0.33533906936213354,6.559437878367701
idle,anu,swipe_right,0.07045918703079224,-0.050418466329574585,-0.5889845199417323,-0.12319931387901306,0.09323564171791077,-0.3364052183460444,0.10724425315856934,-0.1536952555179596,-0.33993521402589977,-0.10988634824752808,-0.12885209918022156,-0.1678184277843684,0.06663233041763306,-0.4065004587173462,-0.3002661771606654,-0.09741905331611633,-0.3860161006450653,-0.2665585882496089,0.62135403806514,2.0377292777553073,2.3161443797025183,-0.012247851400664554,0.010412750822125226,-0.44650742501924245,0.4850004186889611,0.4584400850630629,1.1761229560671425,0.3049245745857994,0.826448578548048
idle,anu,swipe_right,0.0898294746875763,0.0022201240062713623,-0.5099869675468653,-0.12372681498527527,0.09283044934272766,-0.39415171812288463,0.10716989636421204,-0.1536952555179596,-0.33993521402589977,-0.11013877391815186,-0.12885209918022156,-0.23036189447157085,0.06740924715995789,-0.404091477394104,-0.3002661771606654,-0.09756013751029968,-0.3849325180053711,-0.28655445645563304,0.5869784138419188,1.5951087980558774,2.3938652240867864,-0.01598488200794506,-0.012278556823730004,-1.749893932631455,0.4904276895706755,0.45779317814395193,1.3017474683658443,0.36798621295996625,39.50270822236908
idle,anu,swipe_right,0.10351234674453735,0.05895036458969116,-0.5023368005640805,-0.1254180371761322,0.0996444821357727,-0.42919063614681363,0.10218733549118042,-0.14688122272491455,-0.33971306728199124,-0.11154583096504211,-0.12212932109832764,-0.27358102845028043,0.06747573614120483,-0.39580145478248596,-0.3663150970824063,-0.09803280234336853,-0.3769294023513794,-0.33874040888622403,0.4146324865745842,1.7190981994975971,0.23182324190257542,-0.05124915729869577,0.20648584221348948,-1.0617853946645321,0.485853745558796,0.4760249555896602,0.24819575305291652,0.2411917163917938,21.906278192828818
idle,anu,swipe_right,0.11556103825569153,0.08715212345123291,-0.49486645869910717,-0.12657517194747925,0.09995406866073608,-0.48889040760695934,0.09985163807868958,-0.1394568681716919,-0.3396707456558943,-0.11252346634864807,-0.12181973457336426,-0.3212153594940901,0.06751379370689392,-0.39301827549934387,-0.407279996201396,-0.09838387370109558,-0.3761385977268219,-0.37807062081992626,0.36511186397437473,0.8545987533800666,0.22637399590828564,-0.035064690040820135,0.009381409847375267,-1.809083983640808,0.489632516718768,0.4904523811237448,3.737279719306815,0.42723141743290244,23.424992644004462
idle,anu,swipe_right,0.11563840508460999,0.09136347472667694,-0.4948748785536736,-0.12659350037574768,0.10062743723392487,-0.49945677700452507,0.09893268346786499,-0.13872937858104706,-0.344135521678254,-0.11255617439746857,-0.12114636600017548,-0.32874603453092277,0.067588210105896,-0.39193034172058105,-0.4100397664587945,-0.09855668246746063,-0.37536875903606415,-0.38099844637326896,0.002344449361165276,0.12761670531648095,-0.0002551471080743809,-0.0005554069172252098,0.02040510827844716,-0.320193012047434,0.4913153957671837,0.49303015171265036,0.027217679610757925,0.018370878518394,45.13126185822222
idle,anu,swipe_right,0.11571577191352844,0.0955895483493805,-0.5023113186471164,-0.1266118288040161,0.10180160403251648,-0.5003320421092212,0.0980137288570404,-0.1379871666431427,-0.34860029770061374,-0.11258888244628906,-0.12045827507972717,-0.330115273129195,0.06766137480735779,-0.3908276855945587,-0.4115107352845371,-0.09872949123382568,-0.3745841979980469,-0.38199089420959353,0.002344449361165402,0.12806283705162483,-0.22534666949827017,-0.0005554069172252397,0.035580812078534314,-0.026523184990792988,0.4916558597341058,0.4971475600844232,0.015609292635219775,0.01830688049913976,8.91095987968334
idle,anu,swipe_right,0.11599203944206238,0.09576618671417236,-0.509746375028044,-0.12654024362564087,0.10197824239730835,-0.5012059235014021,0.09709826111793518,-0.13213342428207397,-0.3514410578645766,-0.11248371005058289,-0.1202816367149353,-0.33148312801495194,0.06793764233589172,-0.3898133337497711,-0.4157316708005965,-0.09847626090049744,-0.37423256039619446,-0.38298195833340287,0.00837174328890727,0.005352677720965846,-0.22530473881599034,0.0021692478295528873,0.005352677720965846,-0.026481254308513138,0.4914684341477832,0.49692601097769606,0.405188347639562,1.5637368786922312,0.9197184902931169
idle,anu,swipe_right,0.11584700644016266,0.10367244482040405,-0.5168922115117311,-0.1263609677553177,0.10203099250793457,-0.5122287441045046,0.09654600918292999,-0.1314113736152649,-0.3725839424878359,-0.1123044341802597,-0.12010794878005981,-0.3490503001958132,0.06809146702289581,-0.3895328640937805,-0.44438658840954304,-0.09829698503017426,-0.37402886152267456,-0.41145886667072773,-0.004394939451506714,0.23958357897672167,-0.21654049950567503,0.005432602131005576,0.0015984882007945922,-0.3340248667606855,0.48741680309983204,0.5007885119165644,3.3964627737214776,0.01834399972768586,9.320722343024833
idle,anu,swipe_right,0.10967870056629181,0.10548761487007141,-0.5213611056096852,-0.1263609677553177,0.102346271276474,-0.5213891793973744,0.09593065083026886,-0.12929347157478333,-0.384306185413152,-0.1123044341802597,-0.11977526545524597,-0.35791530506685376,0.0678272396326065,-0.38906827569007874,-0.44996994035318494,-0.09829698503017426,-0.37392881512641907,-0.4260937203653157,-0.18691835981426108,0.055005153020220895,-0.13542103327132926,0.0,0.009553902076952022,-0.2775889482687715,0.4865251993130584,0.5014317223179123,0.0,3.398135473054219,1.7349152221861077
idle,anu,swipe_right,0.1059318333864212,0.10727009177207947,-0.5280844713561237,-0.1263609677553177,0.10357347130775452,-0.5266919280402362,0.09433038532733917,-0.12754258513450623,-0.38518159044906497,-0.1123044341802597,-0.11970177292823792,-0.36218903912231326,0.06772132217884064,-0.38892924785614014,-0.4609670783393085,-0.09829698503017426,-0.373855322599411,-0.43309839023277164,-0.11354142969305046,0.05401445157600258,-0.20373835595268516,0.0,0.03718787973577385,-0.1606893528139978,0.4873249333836359,0.5021738466503403,0.0,2.102017596451854,3.6400426009296405
idle,anu,swipe_right,0.10285891592502594,0.10742431879043579,-0.5351131265051663,-0.12615536153316498,0.1026531457901001,-0.5279025142081082,0.09307517111301422,-0.1273883581161499,-0.4058128003962338,-0.11200447380542755,-0.11960059404373169,-0.36262187408283353,0.06772036850452423,-0.387794554233551,-0.4697606568224728,-0.09822364151477814,-0.3737010955810547,-0.43572598742321134,-0.09311871095137311,0.004673546010797749,-0.21298954997099145,0.00623049158038525,-0.02788865205013435,-0.03668442932945368,0.48599388509074964,0.5007468372417322,0.22339796743198292,19.920375312656653,4.2479396035180015
idle,anu,swipe_right,0.10008354485034943,0.10854622721672058,-0.5382841532118618,-0.1252433806657791,0.10548403859138489,-0.5315263574011624,0.08953012526035309,-0.12526139616966248,-0.4232194130308926,-0.11023972928524017,-0.11694929003715515,-0.3681841199286282,0.06772811710834503,-0.38496366143226624,-0.4815986161120236,-0.09771017730236053,-0.37095004320144653,-0.43917369889095426,-0.08410215377807298,0.033997225038931746,-0.0960917183847102,0.027635783860176656,0.08578463034196009,-0.10981343009254733,0.48608283770889593,0.4978073261965924,0.3221493360836126,2.4737218981804685,4.1469397946224635
idle,anu,swipe_right,0.09875260293483734,0.1078203022480011,-0.5401844684965909,-0.12416286766529083,0.10789933800697327,-0.532320708502084,0.08693961799144745,-0.1228460967540741,-0.4232194130308926,-0.1075931042432785,-0.11554637551307678,-0.37692779349163175,0.06829099357128143,-0.38254836201667786,-0.4815986161120236,-0.09671546518802643,-0.368618905544281,-0.4492996339686215,-0.04033157319733655,-0.021997726324833152,-0.05758531165845558,0.032742818196615106,0.0731908913814672,-0.024071245482474045,0.48447445253244487,0.49479454184274263,0.4473558146757478,1.8333594682619627,2.6306811420775755
idle,anu,swipe_right,0.09948678314685822,0.11222830414772034,-0.5401844684965909,-0.12269429862499237,0.11356982588768005,-0.5348345343954861,0.08563043177127838,-0.11843809485435486,-0.4232194130308926,-0.10445423424243927,-0.11672714352607727,-0.37747269915416837,0.06940270960330963,-0.3781403601169586,-0.4815986161120236,-0.09471727907657623,-0.3655335605144501,-0.4492996339686215,0.02224788521275411,0.13357581514300934,0.0,0.04450209213025713,0.17183296608202658,-0.07617654222430727,0.48748229473062393,0.4947714426614832,0.25898309365107497,0.16655499076643795,3.399278994100896
idle,anu,swipe_right,0.09970755875110626,0.10734117031097412,-0.5401865383610129,-0.12181226909160614,0.11419028043746948,-0.5378002664074302,0.08443744480609894,-0.11956554651260376,-0.4232214828953147,-0.10371969640254974,-0.11638867855072021,-0.3803936978802085,0.06976492702960968,-0.3775412440299988,-0.4816006859764457,-0.09388546645641327,-0.36572396755218506,-0.4493017038330436,0.006690169825698497,-0.14809496474988768,-6.272316430554346e-05,0.026728167678371047,0.018801653023922383,-0.08987066702860917,0.4888042423165262,0.4893258822412385,1.421510445593243,0.04517455851681854,4.68689282895851
idle,anu,swipe_right,0.09972520172595978,0.1058359146118164,-0.5401851660571992,-0.12092380225658417,0.11419028043746948,-0.5388177162967622,0.08406670391559601,-0.1201481819152832,-0.41885180538520217,-0.10271851718425751,-0.11979609727859497,-0.38085625832900405,0.07013769447803497,-0.37764331698417664,-0.47891001170501113,-0.09290580451488495,-0.3669179379940033,-0.4493003315292299,0.0005346356016216653,-0.04561380906538357,4.158496405138956e-05,0.02692323742490724,0.0,-0.030831814828242956,0.49016679632078103,0.4882440296723375,26923.23742490724,0.011720658544362793,1.8775964643140857
idle,anu,swipe_right,0.09964659810066223,0.10573488473892212,-0.5288682668469846,-0.12035262584686279,0.11292779445648193,-0.5388267724774778,0.08398810029029846,-0.12029802799224854,-0.4040313749574125,-0.10208502411842346,-0.11979609727859497,-0.3808653145097196,0.07004997134208679,-0.3782455623149872,-0.474719503428787,-0.0924195945262909,-0.36806976795196533,-0.4447209029458463,-0.0023819280393196254,-0.003061511299826931,0.34293633970347864,0.01730837605216314,-0.03825715093901724,-0.00027442971865336536,0.49091223651680205,0.48789868008194925,0.45241015645926946,0.7777695512353646,1.5120601621014342
idle,anu,swipe_right,0.09962989389896393,0.10399395227432251,-0.5264625851996243,-0.12008245289325714,0.112759530544281,-0.5388343040831387,0.08397139608860016,-0.12185591459274292,-0.39632847951725125,-0.10180477797985077,-0.11979609727859497,-0.3804089133627713,0.06993211805820465,-0.38020920753479004,-0.46912747668102384,-0.09207336604595184,-0.36821249127388,-0.4435424213297665,-0.0005061879302516209,-0.05275552923029203,0.07289944385940494,0.008187059200171399,-0.005098906430331225,-0.00022823047457319682,0.4911202883577015,0.48848948046795915,1.6053351785984966,0.009594792107001898,1.042120169879036
idle,anu,swipe_right,0.09921883046627045,0.10269466042518616,-0.5254916003905237,-0.1201455146074295,0.11183956265449524,-0.5351798585616052,0.08356033265590668,-0.12375792860984802,-0.3961030296050012,-0.10172043740749359,-0.12066826224327087,-0.3774977675639093,0.0693725198507309,-0.3818049728870392,-0.4657727531157434,-0.09233640134334564,-0.3690846562385559,-0.4435445717535913,-0.012456467657377754,-0.03937248027685768,0.029423782093957306,-0.0019109610355260876,-0.02787781484199187,0.11074077337979851,0.49036565630844603,0.48907774193564424,0.06854527519755765,0.31636694469955756,3.4464243321537866
idle,anu,swipe_right,0.09851451218128204,0.10173022747039795,-0.5204185862094164,-0.1212114542722702,0.11141204833984375,-0.5348591823130846,0.08273173868656158,-0.12434285879135132,-0.38727897591888905,-0.10311616957187653,-0.12051421403884888,-0.37676805444061756,0.06786938011646271,-0.38225552439689636,-0.45684668608009815,-0.09378160536289215,-0.3694848120212555,-0.4431341905146837,-0.02134297833298226,-0.029225241054188587,0.1537277024577989,-0.03230120196487016,-0.012954979231863518,0.009717462076382358,0.49033423400449067,0.4891039957063042,2.4931501808392547,0.7302676486315871,3.2286548744839125
idle,anu,swipe_right,0.10308587551116943,0.0980331301689148,-0.4963116205763072,-0.12223216891288757,0.10652869939804077,-0.5325992859434336,0.08280384540557861,-0.12816071510314941,-0.36101664672605693,-0.10437270998954773,-0.12411868572235107,-0.37338568340055645,0.06657695770263672,-0.3859565854072571,-0.442919836146757,-0.09503814578056335,-0.37318190932273865,-0.44153921375982463,0.1385261615117413,-0.11203325156009737,0.7305141100942302,-0.03093074668537536,-0.14798027096372898,0.0684817081712423,0.48903345464238557,0.48829256446071906,0.20901798236992203,1.2364625958824131,4.46257204843376
idle,anu,swipe_right,0.11948998272418976,0.09551385045051575,-0.4926175675354898,-0.12299968302249908,0.10385647416114807,-0.5310181281529367,0.08655418455600739,-0.13041570782661438,-0.35248314356431365,-0.10521061718463898,-0.12612274289131165,-0.3687450489960611,0.06566871702671051,-0.38819217681884766,-0.43572487449273467,-0.0958760529756546,-0.37471261620521545,-0.4364744029007852,0.49709415797029405,-0.07634180964845311,0.11194100123688606,-0.023258003321560066,-0.08097652233007875,0.04791387243929956,0.4885719819489867,0.4900051305646156,0.287215546392693,6.51134219790097,2.1366127489370315
idle,anu,swipe_right,0.13802465796470642,0.08630943298339844,-0.49263463634997606,-0.12328332662582397,0.10221952199935913,-0.5289170267060399,0.09025076031684875,-0.1334453821182251,-0.31857572216540575,-0.10557734966278076,-0.12740224599838257,-0.35540945548564196,0.06523630023002625,-0.3898291289806366,-0.41220076102763414,-0.09624427556991577,-0.37603330612182617,-0.42067007441073656,0.5616568254702109,-0.2789217414278017,-0.0005172368026141046,-0.008595260706814989,-0.049604610963302015,0.0636697408150553,0.49109498120947814,0.48833972141354737,0.1732719452477608,2.0136645100901323,1.1528860388646964
idle,anu,swipe_right,0.1614757478237152,0.05913501977920532,-0.4926470494829118,-0.12326514720916748,0.10219323635101318,-0.5148629224859178,0.09594723582267761,-0.13895541429519653,-0.3101703501306474,-0.1058526337146759,-0.12694382667541504,-0.35192343359813094,0.06522694230079651,-0.38985541462898254,-0.39463853603228927,-0.09626376628875732,-0.37586745619773865,-0.4172928906045854,0.7106390866366413,-0.8234670667937439,-0.0003761555435079577,0.0005508914138331645,-0.0007965347983620511,0.4258819460643128,0.48866247190993245,0.46953371706773384,0.6907427926211696,0.8629831748103923,11.078796251450283
idle,anu,swipe_right,0.18078365921974182,0.013307690620422363,-0.4926562069449574,-0.12326514720916748,0.10219323635101318,-0.5079702793154866,0.10321256518363953,-0.14734387397766113,-0.3079823909793049,-0.10731545090675354,-0.12409156560897827,-0.3376694975886494,0.06514409184455872,-0.3898923993110657,-0.36313433037139475,-0.0962839126586914,-0.37537646293640137,-0.3942715881858021,0.5850882241220279,-1.3887069442055664,-0.00027749884986516646,0.0,0.0,0.20886797486155656,0.49165861841316555,0.43899742433711014,0.0,0.42131841080288296,6.576246431083532
idle,anu,swipe_right,0.19255229830741882,-0.04700976610183716,-0.4723512043710798,-0.12326514720916748,0.10387873649597168,-0.495576094603166,0.10379192233085632,-0.15732818841934204,-0.2944274654146284,-0.10824263095855713,-0.1197127103805542,-0.316246580099687,0.06509175896644592,-0.3899851441383362,-0.3296101202722639,-0.09648120403289795,-0.37537646293640137,-0.35950027010403574,0.35662542689928955,-1.8278017188562798,0.6153031082992971,0.0,0.05107576196843734,0.3755813549187908,0.49891838591913146,0.392750959410765,0.0,0.19511155291553706,5.283695015104228
idle,anu,swipe_right,0.2146250456571579,-0.10178542137145996,-0.4724470984656364,-0.12312023341655731,0.10664927959442139,-0.4910300087649375,0.10886882245540619,-0.16282331943511963,-0.2817334842402488,-0.10896424949169159,-0.11623525619506836,-0.30416813609190285,0.0652221292257309,-0.38902008533477783,-0.32234308240003884,-0.09665252268314362,-0.37437254190444946,-0.35449308273382485,0.6688711318102857,-1.6598683415037478,-0.002905881653229442,0.004391327048793053,0.08395585146817428,0.13776017691601625,0.5007243399711909,0.3568700033056256,0.05230457040730838,0.4029661341924216,7.2764697911850655
swipe_right,anu,swipe_right,0.22895389795303345,-0.16636162996292114,-0.4725161719834432,-0.12213268876075745,0.10672652721405029,-0.47678297047968954,0.11957061290740967,-0.1659402847290039,-0.2560457218205556,-0.10824218392372131,-0.11607515811920166,-0.300903283408843,0.06619465351104736,-0.39029836654663086,-0.29333236103411764,-0.09595638513565063,-0.3743157386779785,-0.34191142802592367,0.434207645329569,-1.956854805801885,-0.002093136903237246,0.029925595630299437,0.002340836958451742,0.43172843288630935,0.5002771166162501,0.3297651766779076,12.778684494792557,0.22189046532819948,9.277397565397328
swipe_right,anu,swipe_right,0.24261179566383362,-0.22261986136436462,-0.472612191690132,-0.12187063694000244,0.10961982607841492,-0.4546662762295455,0.1319667398929596,-0.16379699110984802,-0.2393640025984496,-0.10794574022293091,-0.11330214142799377,-0.2867850854527205,0.06703677773475647,-0.38817545771598816,-0.26255645300261676,-0.09533491730690002,-0.3719964027404785,-0.33439462329261005,0.4138756882060501,-1.7047948909527681,-0.0029096880814793234,0.007940964265302877,0.08767572316256105,0.6702028560649462,0.49711528519887815,0.3199353931025687,0.09057095177450426,0.24277140178625445,7.704089842617604
swipe_right,anu,swipe_right,0.25895485281944275,-0.26961052417755127,-0.4468528274446726,-0.12213155627250671,0.1097831130027771,-0.43217682279646397,0.14544221758842468,-0.1664004921913147,-0.23938126303255558,-0.10840809345245361,-0.11304539442062378,-0.2754089776426554,0.06803491711616516,-0.3885481357574463,-0.23008854128420353,-0.09486368298530579,-0.37215662002563477,-0.314060116186738,0.4952441562305876,-1.4239594791874968,0.7805867953169651,-0.007906646439523534,0.004948088617035916,0.6814985888812687,0.49695170747813294,0.31238331109701,1.597596456912696,0.34779347002184424,2.5753300647728845
swipe_right,anu,swipe_right,0.2689918577671051,-0.3027952015399933,-0.4467936623841524,-0.12253543734550476,0.1097831130027771,-0.4321176577359438,0.15696188807487488,-0.16945242881774902,-0.2393220979720354,-0.10994642972946167,-0.11304539442062378,-0.2753498125821352,0.06814107298851013,-0.3895362615585327,-0.23002937622368336,-0.09503936767578125,-0.372711718082428,-0.31400095112621784,0.3041516650806822,-1.0055962837103802,0.001792880621823426,-0.012238820393880403,0.0,0.001792880621823426,0.4975026153213176,0.3079802022760149,12238.820393880404,0.30245871782633044,20.59810677938556
swipe_right,anu,swipe_right,0.2786807715892792,-0.33008623123168945,-0.4467936623841524,-0.12330707907676697,0.11001741886138916,-0.4321176577359438,0.16576054692268372,-0.17499381303787231,-0.2393220979720354,-0.11086931824684143,-0.11245626211166382,-0.2753498125821352,0.06817850470542908,-0.3909706175327301,-0.23002937622368336,-0.09533342719078064,-0.3730461597442627,-0.31400095112621784,0.29360344915679476,-0.8270008997483819,0.0,-0.023383082765521798,0.007100177533698918,0.0,0.49808081930090947,0.30822859798070606,3.2928458209299034,0.355021492993093,0.40409011457823835
swipe_right,anu,swipe_right,0.29001493752002716,-0.3390129804611206,-0.4467936623841524,-0.12501953542232513,0.11038142442703247,-0.4321176577359438,0.17376954853534698,-0.17961007356643677,-0.24413217790424824,-0.11188928782939911,-0.11186277866363525,-0.2753498125821352,0.06802017986774445,-0.3913397490978241,-0.23002937622368336,-0.09574820101261139,-0.37284648418426514,-0.31400095112621784,0.34345957365901686,-0.27050755240699437,0.0,-0.05189261653206369,0.011030471686160507,0.0,0.4983147389545105,0.3146530134858278,4.704052007599801,1.2696810160081884,0.8720961142125405
swipe_right,anu,swipe_right,0.2946768254041672,-0.3390129804611206,-0.4618250597268343,-0.12762929499149323,0.11038142442703247,-0.43897812254726887,0.17336712777614594,-0.1823742389678955,-0.25110908038914204,-0.11289624869823456,-0.11186277866363525,-0.27629821188747883,0.0679725855588913,-0.39233338832855225,-0.23375083692371845,-0.09615062177181244,-0.37291866540908813,-0.3211693335324526,0.14126932982242693,0.0,-0.45549688917218556,-0.07908362330812523,0.0,-0.2078928730704601,0.4984463807396049,0.3259689085882563,79083.62330812523,141269.32982242692,6.362227032151404
swipe_right,anu,swipe_right,0.30089280009269714,-0.3386804461479187,-0.5179772810079157,-0.12768873572349548,0.11056077480316162,-0.4829118982888758,0.17330768704414368,-0.18363523483276367,-0.29836018243804574,-0.11304512619972229,-0.11153024435043335,-0.31417168537154794,0.06810489296913147,-0.3937506377696991,-0.2759789959527552,-0.0962100625038147,-0.3732418119907379,-0.34052289882674813,0.18836286934939597,0.010076797369754836,-1.701582463063101,-0.0018012343030987651,0.005434859882701613,-1.3313265376244743,0.5053023619813843,0.340273574756942,0.3313614298320645,18.69087682936597,34.12429750845996
swipe_right,anu,swipe_right,0.30084165930747986,-0.33282244205474854,-0.517959914781386,-0.12773987650871277,0.11581063270568848,-0.4828945320623461,0.1732565462589264,-0.1778419017791748,-0.29834281621151604,-0.11309626698493958,-0.1058393120765686,-0.31415431914501823,0.06832405924797058,-0.39047521352767944,-0.2759616297262255,-0.09626120328903198,-0.36909201741218567,-0.34050553260021843,-0.0015497207641600975,0.17751527555060437,0.000526249288778845,-0.0015497207641600975,0.15908660310686837,0.000526249288778845,0.5063557189632943,0.34051644066855663,0.009741304375043353,0.00873002072262563,40.62686901783398
swipe_right,anu,swipe_right,0.29940612614154816,-0.3179374039173126,-0.517959914781386,-0.12917540967464447,0.114932119846344,-0.4828945320623461,0.16721095144748688,-0.17905133962631226,-0.29834281621151604,-0.11453180015087128,-0.10620176792144775,-0.31415431914501823,0.06689776480197906,-0.392341673374176,-0.2759616297262255,-0.09752555191516876,-0.3697608411312103,-0.34050553260021843,-0.04350100502823408,0.4510617617404894,0.0,-0.04350100502823408,-0.026621601798318073,0.0,0.506165592553672,0.34374307756791245,1.6339877431131589,0.09644113573104396,5.769343998531792
swipe_right,anu,swipe_right,0.2991708219051361,-0.30691245198249817,-0.517959914781386,-0.12924322485923767,0.1131061315536499,-0.4828945320623461,0.16592076420783997,-0.1801391839981079,-0.29834281621151604,-0.11476710438728333,-0.10647696256637573,-0.31415431914501823,0.0666942298412323,-0.39300456643104553,-0.2759616297262255,-0.0973290503025055,-0.36979761719703674,-0.34050553260021843,-0.0071304314064258205,0.3340894525701403,0.0,-0.0020550055937333866,-0.055332978566488514,0.0,0.5044691985274519,0.34643958780356965,0.03713822224556149,0.02134281704721517,1.5278600437133942
swipe_right,anu,swipe_right,0.29388441145420074,-0.2996385991573334,-0.517959914781386,-0.1286388486623764,0.11271977424621582,-0.47436939892941155,0.15909792482852936,-0.18302327394485474,-0.2363808524387423,-0.11472035944461823,-0.10650241374969482,-0.30620398340397514,0.06587661802768707,-0.39431634545326233,-0.25264029917889275,-0.09744672477245331,-0.3698207139968872,-0.3367661756055895,-0.16019425608894436,0.22041978258074302,0.0,0.01831443020791649,-0.011707797194971739,0.25833736766467413,0.5027453813370762,0.3624167875945578,1.564159828114667,0.7267656625357598,7.963199673032389
swipe_right,anu,swipe_right,0.29074960947036743,-0.2996385991573334,-0.5180641571059823,-0.12770777940750122,0.11271065473556519,-0.4621116379275918,0.14824485778808594,-0.1855616569519043,-0.23648509476333857,-0.11264258623123169,-0.10863173007965088,-0.2975552240386605,0.06576180458068848,-0.3962824046611786,-0.24059902224689722,-0.0964253842830658,-0.3698238134384155,-0.3334652641788125,-0.0949939995101019,0.0,-0.003158858321099169,0.02821421984470297,-0.0002763488075949973,0.3714473030854527,0.5003678553817964,0.3700627494813705,101.72828969181363,94993.9995101019,3.458071212208377
swipe_right,anu,swipe_right,0.2579159140586853,-0.2996385991573334,-0.5180999934673309,-0.12697014212608337,0.10927122831344604,-0.35979926586151123,0.13372284173965454,-0.1875188946723938,-0.2365209311246872,-0.11126115918159485,-0.11337870359420776,-0.21029724180698395,0.06507700681686401,-0.40453633666038513,-0.19834186136722565,-0.09558677673339844,-0.37045517563819885,-0.2651563286781311,-0.9949604670206864,0.0,-0.0010859503438978657,0.022352644891450255,-0.10422504309452107,3.1003749110934,0.4899792075491008,0.38786033894125765,0.21446314402609498,994960.4670206865,82.75493809170037
swipe_right,anu,swipe_right,0.20698706805706024,-0.2996385991573334,-0.5532530844211578,-0.12540526688098907,0.10853588581085205,-0.29864218831062317,0.11668024957180023,-0.18825018405914307,-0.2365209311246872,-0.11094583570957184,-0.11442941427230835,-0.1703343540430069,0.06295643746852875,-0.40929746627807617,-0.19834186136722565,-0.09650401771068573,-0.37099388241767883,-0.25188663601875305,-1.5432983636856326,0.0,-1.0652451804190142,0.04742046197255528,-0.0222831061392123,1.8532447742693647,0.48266982761617727,0.3984116789648275,2.127994799356646,1543298.3636856326,37.880926662769305
swipe_right,anu,swipe_right,0.16861112415790558,-0.3014586567878723,-0.6629312336444855,-0.12200890481472015,0.10779401659965515,-0.27585193514823914,0.10590679943561554,-0.1874620020389557,-0.28870001435279846,-0.10755161941051483,-0.12012621760368347,-0.16841362416744232,0.06260623037815094,-0.40518704056739807,-0.19834186136722565,-0.09496815502643585,-0.3699789047241211,-0.2334812730550766,-1.1629073908834306,-0.05515326153148095,-3.3235802794946507,0.10292006261420582,-0.02248088518778398,0.6906137321934294,0.48040965800614466,0.4876883225378151,4.577910693633898,21.08463350959139,35.27136289127348
swipe_right,anu,swipe_right,0.11741030216217041,-0.3136312961578369,-0.810455709695816,-0.11967587471008301,0.10820120573043823,-0.2620784044265747,0.09511643648147583,-0.18718010187149048,-0.3648553192615509,-0.1053464412689209,-0.12137961387634277,-0.1459222286939621,0.06218904256820679,-0.4048728346824646,-0.19834186136722565,-0.09344169497489929,-0.37207621335983276,-0.22021789848804474,-1.5515400604768481,-0.36886785969590286,-4.47043866822221,0.07069788195870252,0.01233906456918447,0.41737971883832264,0.48281148850438455,0.6213354723328788,5.729133876272319,4.2062104720792775,8.403698728805757
swipe_right,anu,swipe_right,0.058774083852767944,-0.331779420375824,-0.8346475492471654,-0.1183653175830841,0.10908615589141846,-0.2314507792943914,0.08388039469718933,-0.1876702904701233,-0.4626708458417852,-0.10357314348220825,-0.12427085638046265,-0.13199458823146415,0.06355974078178406,-0.40443164110183716,-0.23326045081557822,-0.09224098920822144,-0.37131598591804504,-0.21730503246726585,-1.7768551002849515,-0.5499431581208288,-0.7330860470105997,0.03971385233330067,0.02681667154485572,0.9281098524904182,0.4813198526359106,0.6057785815367089,1.4808836877159364,3.230973679866887,15.511330040023275
swipe_right,anu,swipe_right,0.007795974612236023,-0.34740155935287476,-0.8346920874901116,-0.11604614555835724,0.10942688584327698,-0.22764816554263234,0.07093463838100433,-0.19451871514320374,-0.46271538408473134,-0.10250602662563324,-0.1263451874256134,-0.10340349050238729,0.0635509341955185,-0.40800920128822327,-0.23330498905852437,-0.0909920185804367,-0.3709406554698944,-0.18096834095194936,-1.5447911891069694,-0.4733981508197027,-0.0013496437256407384,0.07027794014323575,0.010325150056318412,0.11523071975027,0.48328013620435933,0.6069994595871239,6.805822088575381,3.2631896074002755,24.65517225650939
swipe_right,anu,swipe_right,-0.016467422246932983,-0.36014294624328613,-0.834667734336108,-0.11416849493980408,0.10524657368659973,-0.21789450151845813,0.0540006160736084,-0.19513729214668274,-0.4626910309307277,-0.10035669803619385,-0.1267397105693817,-0.0954754794947803,0.06560248136520386,-0.40796035528182983,-0.23328063590452075,-0.09005540609359741,-0.37099167704582214,-0.17145638866350055,-0.7352544502778604,-0.38610263304277515,0.0007379743637460768,0.05689850359252096,-0.12667612595991856,0.2955655764901324,0.47910417535220035,0.6088418643999675,0.4491616237845813,1.9042930119137316,6.874783209396382
swipe_right,anu,swipe_right,-0.049293920397758484,-0.37601029872894287,-0.8346432372927666,-0.11262349784374237,0.10486039519309998,-0.19708526879549026,0.0490022748708725,-0.2046510875225067,-0.4626665338873863,-0.09666521847248077,-0.13241079449653625,-0.08225768804550171,0.0659891813993454,-0.4117923974990845,-0.23325613886117935,-0.0888359397649765,-0.38121581077575684,-0.15247061103582382,-0.9947423682068492,-0.480828863201727,0.0007423346467090494,0.04681809382005246,-0.011702378590901879,0.6305828097869149,0.4886986736378986,0.6133816057825023,4.000391293540526,2.068803217801628,10.737588083133847
swipe_right,anu,swipe_right,-0.08374664187431335,-0.3990819752216339,-0.8143160180188715,-0.10989037156105042,0.10447317361831665,-0.18765979865565896,0.03582280874252319,-0.22645866870880127,-0.44165588775649667,-0.09311050176620483,-0.13235920667648315,-0.0301345051266253,0.06654536724090576,-0.4136221706867218,-0.20694909850135446,-0.08407872915267944,-0.38406795263290405,-0.07954020658507943,-1.0440218629258655,-0.699141711899702,0.6159763416331593,0.08282200856641976,-0.011733987114645773,0.28562030726760446,0.5010274634310352,0.6258543602246853,7.057699148476636,1.4932886307132662,10.510190560609704
swipe_right,anu,swipe_right,-0.11396749317646027,-0.41670888662338257,-0.733909236267209,-0.10930852591991425,0.10510388016700745,-0.17492318339645863,0.020176634192466736,-0.24518969655036926,-0.42295788414776325,-0.09230642020702362,-0.13129374384880066,-0.01850327104330063,0.06691162288188934,-0.412619948387146,-0.19322645850479603,-0.08331362903118134,-0.38468918204307556,-0.06821873225271702,-0.9157833727923452,-0.5341488303560284,2.436569143989811,0.01763168609503572,0.01911231965729715,0.38595803815759205,0.5019549963365971,0.5701507171010386,0.9224816207321804,1.7144690885363483,3.7444704289084205
swipe_right,anu,swipe_right,-0.13067780435085297,-0.42498865723609924,-0.7052844762802124,-0.10490123927593231,0.09690287709236145,-0.14666642248630524,0.0026105791330337524,-0.2714689075946808,-0.42064061760902405,-0.09011934697628021,-0.13984587788581848,0.00757213681936264,0.06684358417987823,-0.4125412404537201,-0.1867324858903885,-0.0789899080991745,-0.3878909647464752,-0.0413091704249382,-0.506373065890696,-0.25090213977929715,0.8674169693029427,0.1335541407267274,-0.24851524468624628,0.856265482125874,0.49678628879039427,0.5550367590069241,0.5374060794107868,2.018201391724786,16.7696986271172
swipe_right,anu,swipe_right,-0.1441522240638733,-0.42989885807037354,-0.6348609440028667,-0.10068190097808838,0.09507390856742859,-0.09772353991866112,-0.004384875297546387,-0.2927953898906708,-0.37642500922083855,-0.08954223990440369,-0.14620879292488098,0.05907345190644264,0.06713402271270752,-0.4138423800468445,-0.13798871263861656,-0.07604214549064636,-0.39033782482147217,0.025967111811041832,-0.4083157488794103,-0.1487939646749809,2.134046432646872,0.12785873629830305,-0.05542328863433001,1.483117653564997,0.5015287088367094,0.5401682171919625,2.3069080262242077,2.744150312957912,19.87704597785596
swipe_right,anu,swipe_right,-0.15122655034065247,-0.44177132844924927,-0.6150926752015948,-0.09917673468589783,0.09499162435531616,-0.09319640975445509,-0.01075562834739685,-0.3070453703403473,-0.3753022952005267,-0.08897340297698975,-0.14596939086914062,0.06798135954886675,0.06730431318283081,-0.41701632738113403,-0.12486955057829618,-0.07568567991256714,-0.3903920352458954,0.04805303085595369,-0.21437352353875475,-0.35977182966288734,0.5990384485233686,0.045611099763348324,-0.0024934609731037467,0.13718576255169262,0.5060637619262832,0.5372962500386839,18.284952242245932,0.5958580133458828,40.893362808406096
swipe_right,anu,swipe_right,-0.16009670495986938,-0.4542474150657654,-0.6150904865935445,-0.09895244240760803,0.09478825330734253,-0.08220511395484209,-0.016734957695007324,-0.3190690279006958,-0.37530010659247637,-0.08869582414627075,-0.1457153558731079,0.08287705015391111,0.0674068033695221,-0.4205258786678314,-0.12407954502850771,-0.07509350776672363,-0.39013800024986267,0.04805521946400404,-0.2687925642186988,-0.3780632308035246,6.632145607110332e-05,0.006796735705751469,-0.0061627590295041225,0.3330695696852477,0.5026832746507623,0.542205434365797,1.1026932871998194,0.71097062963988,6.052303745415985
swipe_right,anu,swipe_right,-0.1614867001771927,-0.459734708070755,-0.6151004694402218,-0.09867231547832489,0.0956910252571106,-0.0822150968015194,-0.022245004773139954,-0.3309062123298645,-0.37531008943915367,-0.087771937251091,-0.1440613865852356,0.08286706730723381,0.06765027344226837,-0.4221411347389221,-0.12408952787518501,-0.07464177906513214,-0.38848403096199036,0.048045236617326736,-0.04212106719161592,-0.16628160621180943,-0.00030251050537283253,0.008488694826762016,0.027356725750547903,-0.00030251050537283253,0.5019668377567031,0.5431471017799188,0.3102851057197987,0.2533101215527164,10.15325007500527
swipe_right,anu,swipe_right,-0.16137896478176117,-0.46724823117256165,-0.6172819370403886,-0.09800435602664948,0.09789732098579407,-0.08074686024338007,-0.026324376463890076,-0.3410930931568146,-0.37637870851904154,-0.08709834516048431,-0.142288476228714,0.08288393821567297,0.06787846982479095,-0.4235302805900574,-0.12486047390848398,-0.07397381961345673,-0.3869536817073822,0.028241797350347042,0.0032647089524701356,-0.22768251823655625,-0.06610507879293076,0.02024119550531484,0.06685744632373904,0.044492016913311165,0.49753039000343174,0.544930388103359,0.3027470217794743,0.014338802289053713,1.8445008942309542
swipe_right,anu,swipe_right,-0.16278469562530518,-0.4724780321121216,-0.6172819370403886,-0.0977185070514679,0.09887096285820007,-0.08074686024338007,-0.026038527488708496,-0.3545166254043579,-0.38522537890821695,-0.08681249618530273,-0.14065244793891907,0.08288393821567297,0.06800934672355652,-0.42466238141059875,-0.12486047390848398,-0.07368797063827515,-0.38576167821884155,0.028241797350347042,-0.042597904349819055,-0.15847881635030364,0.0,0.008662090157017702,0.029504299163818828,0.0,0.49731759566870054,0.5459222689987137,0.29357743871445563,0.2687907225716408,1.7950224137769204
swipe_right,anu,swipe_right,-0.16260617971420288,-0.4785793125629425,-0.6237774724140763,-0.09794735908508301,0.09888029098510742,-0.08219822589308023,-0.0258600115776062,-0.3605915904045105,-0.39796983543783426,-0.08663398027420044,-0.132515549659729,0.07857257779687643,0.06816700100898743,-0.4275505840778351,-0.1253581279888749,-0.07350945472717285,-0.38544732332229614,0.015479267574846745,0.005409573063705993,-0.18488728638851576,-0.19683440526326812,-0.006934910109548968,0.0002826705123439025,-0.04398077726364206,0.49468307215861385,0.5516176528802832,24.447060261031158,0.029258603502541877,1.668450496370097
swipe_right,anu,swipe_right,-0.1625259518623352,-0.4839811325073242,-0.6550096534192562,-0.09817579388618469,0.09895434975624084,-0.087465550750494,-0.025779783725738525,-0.36883869767189026,-0.41823941096663475,-0.08655938506126404,-0.1292993724346161,0.07387583330273628,0.06799420714378357,-0.42842602729797363,-0.15358805283904076,-0.07367798686027527,-0.38326361775398254,0.008825380355119705,0.0024311470262932443,-0.16369151346611516,-0.9464297274297084,-0.0069222667000511575,0.002244205185861334,-0.15961590477011675,0.4923476964015934,0.5546616400576602,3.0831332225858676,0.014851913351532103,3.504598905849544
swipe_right,anu,swipe_right,-0.16251546144485474,-0.48870018124580383,-0.6616777805611491,-0.09821289777755737,0.10248294472694397,-0.08842978160828352,-0.025307178497314453,-0.37330564856529236,-0.419339987449348,-0.08658027648925781,-0.12247195839881897,0.07113091368228197,0.06754502654075623,-0.4300420880317688,-0.17505280952900648,-0.0737934410572052,-0.37991243600845337,0.004999904427677393,0.0003178914388020713,-0.14300147692361925,-0.20206445884523205,-0.001124360344626644,0.10692712032433307,-0.029219116902711513,0.49196617714447033,0.5414540261774009,0.010515104363718804,0.0022229785500279416,5.070254884815651
swipe_right,anu,swipe_right,-0.16085085272789001,-0.4887283146381378,-0.6644825367256999,-0.09841537475585938,0.10510572791099548,-0.09344062488526106,-0.024272233247756958,-0.3837471008300781,-0.4208963243290782,-0.08664026856422424,-0.12250009179115295,0.06464234460145235,0.067410409450531,-0.43144017457962036,-0.17936404328793287,-0.07387083768844604,-0.3784310519695282,-0.00381671916693449,0.05044268839287116,-0.0008525270404237825,-0.08499261104699472,-0.006135666009151672,0.07947827830459259,-0.15184373566598844,0.49238470353300695,0.5391892872433381,0.07719831055382309,59.09910993309126,3.8108815780302012
swipe_right,anu,swipe_right,-0.15828251838684082,-0.48834356665611267,-0.6710511362180114,-0.0984005331993103,0.10549047589302063,-0.0965431397780776,-0.02356913685798645,-0.3856889605522156,-0.42737802024930716,-0.08662542700767517,-0.12211534380912781,0.06351951602846384,0.06740456819534302,-0.43287408351898193,-0.183580762706697,-0.07407864928245544,-0.37795883417129517,-0.015991934575140476,0.07782831336512834,0.011659029758337958,-0.19904846946398735,0.0004497441378506819,0.011659029758337958,-0.09401560281262403,0.49071711412846974,0.54003600774459,0.03857143996815916,6.674795431759013,2.708167263310992
swipe_right,anu,swipe_right,-0.15519145131111145,-0.4882967472076416,-0.6724846847355366,-0.0983864963054657,0.1055372953414917,-0.09654975309967995,-0.02266782522201538,-0.3856421411037445,-0.4301878400146961,-0.08661139011383057,-0.12206852436065674,0.04656794294714928,0.0674079954624176,-0.43426790833473206,-0.1963297761976719,-0.07451194524765015,-0.3774380683898926,-0.03277615085244179,0.09366869926452281,0.0014187711657899262,-0.04344086416742854,0.00042536041953345334,0.0014187711657899262,-0.0002004036849195231,0.4877522614025117,0.5283872879418451,0.29959787167306867,65.9745045691274,2.8597705312238486
swipe_right,anu,swipe_right,-0.15329599380493164,-0.48562026023864746,-0.6724799824878573,-0.09829732775688171,0.10551625490188599,-0.09654505085200071,-0.022578656673431396,-0.3856631815433502,-0.4301831377670169,-0.08649390935897827,-0.12210053205490112,0.04657264519482851,0.06748750805854797,-0.4344850182533264,-0.19632507394999266,-0.07442277669906616,-0.3772988021373749,-0.032771448604762554,0.05743810624787393,0.08110566572709646,0.0001424923539161705,0.0027020772298177514,-0.0006375890789610068,0.0001424923539161705,0.48759352521913774,0.5273363865624111,4.231323896446942,0.7081798485113261,0.09354577644157759
swipe_right,anu,swipe_right,-0.15186774730682373,-0.48398125171661377,-0.6739300806075335,-0.09814998507499695,0.10453656315803528,-0.09655140526592731,-0.02208632230758667,-0.385684072971344,-0.4301894921809435,-0.08632674813270569,-0.12410679459571838,0.04656629078090191,0.06753432750701904,-0.4345059096813202,-0.20099406130611897,-0.07437559962272644,-0.3773161470890045,-0.035745369270443916,0.0432801969123616,0.04966692491011265,-0.04394236726291322,0.004464929754083878,-0.029687628601537078,-0.00019255799777580338,0.4862557246856173,0.5236922361987012,0.15039191651488792,0.8713912850333219,0.8819820237375993
swipe_right,anu,swipe_right,-0.15054230391979218,-0.48248282074928284,-0.6769331693649292,-0.09762938320636749,0.10165983438491821,-0.09557581692934036,-0.021595552563667297,-0.3818392753601074,-0.43017736077308655,-0.08612938225269318,-0.12534844875335693,0.04657842218875885,0.06767649948596954,-0.43454867601394653,-0.20098192989826202,-0.07422308623790741,-0.37727922201156616,-0.035733237862586975,0.040164951122166816,0.04540699901002654,-0.09100268961804941,0.015775814200891997,-0.08717359918536231,0.029563282926876218,0.4832303888923908,0.5257819992555921,0.18096801532000562,0.8845347074927921,1.9912533695377495
swipe_right,anu,swipe_right,-0.1500442624092102,-0.48225635290145874,-0.6769331693649292,-0.09744921326637268,0.09875276684761047,-0.07051336020231247,-0.021135777235031128,-0.38058289885520935,-0.42998096346855164,-0.08594921231269836,-0.12895652651786804,0.061789996922016144,0.06764775514602661,-0.4345850646495819,-0.20098192989826202,-0.07408273220062256,-0.3771599531173706,-0.035733237862586975,0.015092166987332671,0.006862662055275766,0.0,0.0054596951513580265,-0.0880929556759935,0.7594683856675241,0.47775366704173905,0.5255396736505435,0.06197582012821169,2.1988505357328965,22.12056301528883
swipe_right,anu,swipe_right,-0.1441674530506134,-0.47564181685447693,-0.6769281011074781,-0.09744921326637268,0.09837639331817627,-0.07050829194486141,-0.021091729402542114,-0.37580859661102295,-0.4138177316635847,-0.08594921231269836,-0.129164457321167,0.0617950651794672,0.06753861904144287,-0.432633638381958,-0.18528699688613415,-0.07408273220062256,-0.37732431292533875,-0.03720446117222309,0.1780851320786938,0.2004404862721793,0.000153583559122955,0.0,-0.011405258467703336,0.000153583559122955,0.4774372204825547,0.5370103720936434,0.0,0.8884644361341053,23.12718418196622
swipe_right,anu,swipe_right,-0.13027244806289673,-0.4652422368526459,-0.6770587144419551,-0.09744921326637268,0.09781357645988464,-0.07046074699610472,-0.01381838321685791,-0.3525169789791107,-0.413770186714828,-0.08594921231269836,-0.12944355607032776,0.061842610128223896,0.06753402948379517,-0.4300902485847473,-0.18523945193737745,-0.07426688075065613,-0.37759578227996826,-0.04212045203894377,0.4210607572035423,0.3151387879342794,-0.003957979832634844,0.0,-0.017055056311867725,0.0014407560229301682,0.47681720945931294,0.5312713542147394,0.0,1.3361078902907435,0.17559299669426134
swipe_right,anu,swipe_right,-0.11726391315460205,-0.45126664638519287,-0.6805984666571021,-0.09959176182746887,0.09748581051826477,-0.0704925274476409,-0.0030635297298431396,-0.3270774781703949,-0.4138019671663642,-0.08728718757629395,-0.13026335835456848,0.06181082967668772,0.06741014122962952,-0.4248332679271698,-0.18527123238891363,-0.07591244578361511,-0.37807920575141907,-0.042152232490479946,0.3941980275240662,0.42350274143795374,-0.10726521864081467,-0.0649257139726094,-0.009932301261207898,-0.0009630439859447692,0.47699682077153116,0.5292941515520345,6.536166805507154,0.9308017591193323,1.9805899791748967
swipe_right,anu,swipe_right,-0.10342663526535034,-0.4376353621482849,-0.7098498279228806,-0.10267841815948486,0.09536963701248169,-0.16343992296606302,0.006214231252670288,-0.2808467745780945,-0.4299379223957658,-0.08971557021141052,-0.13259077072143555,-0.012380293570458889,0.06723424792289734,-0.418085515499115,-0.20093888882547617,-0.07870936393737793,-0.38019537925720215,-0.06124686170369387,0.4193114511894524,0.41306921930024776,-0.8864048868417881,-0.09353504036412244,-0.0641264698722156,-2.8165877429825334,0.4870113161211568,0.5371197980782322,1.4585799276114622,1.0151093726867493,85.34216738809492
swipe_right,anu,swipe_right,-0.08303236961364746,-0.4144718050956726,-0.8021900588646531,-0.1034022867679596,0.09041100740432739,-0.22172679845243692,0.02544039487838745,-0.2399141788482666,-0.47728359047323465,-0.09049293398857117,-0.13768082857131958,-0.07579234335571527,0.06718099117279053,-0.4182295501232147,-0.26736676041036844,-0.08239948749542236,-0.3852854371070862,-0.15684973541647196,0.6180080500516123,0.7019259712912932,-2.798188816417392,-0.021935412378022514,-0.15026150327740534,-1.7662689541325707,0.48055931809325625,0.5555304986910885,0.14598061325736542,0.8804449398983768,32.008310860036296
swipe_right,anu,swipe_right,-0.06387993693351746,-0.385978102684021,-0.8811870934441686,-0.10515382885932922,0.08919697999954224,-0.22761533875018358,0.03891259431838989,-0.20160651206970215,-0.5270171286538243,-0.09114477038383484,-0.1390547752380371,-0.07857008744031191,0.06714063882827759,-0.41702988743782043,-0.2724981727078557,-0.08385810256004333,-0.3858570158481598,-0.15868690330535173,0.5803767478827054,0.8634455276257736,-2.393849532712499,-0.053077033071804926,-0.03678870923591243,-0.1784406150832253,0.4805007139873519,0.6234042082280853,1.442714122350104,0.6721629299715552,48.24795070575426
swipe_right,anu,swipe_right,-0.04194727540016174,-0.34954971075057983,-0.914620135910809,-0.10674506425857544,0.08911791443824768,-0.2294541047886014,0.05713653564453125,-0.18044552206993103,-0.5304152714088559,-0.09258940815925598,-0.13913384079933167,-0.08044796157628298,0.06882685422897339,-0.4144825339317322,-0.29433674085885286,-0.08484464883804321,-0.38517215847969055,-0.1760650621727109,0.6646261070713958,1.1038906646497497,-1.0131224989891214,-0.04821925452261337,-0.0023959260998350582,-0.05572018298235895,0.4777877052996827,0.6334340293184038,20.117121894551328,0.6020754829073494,3.8648858347212447
swipe_right,anu,swipe_right,-0.028486579656600952,-0.3169800639152527,-0.914620135910809,-0.10916933417320251,0.0909460186958313,-0.26002043951302767,0.07745087146759033,-0.159479022026062,-0.5304152714088559,-0.09450152516365051,-0.1407451033592224,-0.1302036987617612,0.069210946559906,-0.4138854146003723,-0.30502805579453707,-0.08508077263832092,-0.3837973475456238,-0.20166220236569643,0.40789987101700015,0.9869589950099293,0.0,-0.07346272468567011,0.05539709871465598,-0.9262525674068715,0.4789229650267695,0.6249303623290474,1.3260874721362053,0.4132891637749678,26.44890249848931
swipe_right,anu,swipe_right,-0.012733176350593567,-0.26527854800224304,-0.914620135910809,-0.11202965676784515,0.10437145829200745,-0.26002043951302767,0.09405632317066193,-0.14328446984291077,-0.5304152714088559,-0.0987919420003891,-0.12727543711662292,-0.1302036987617612,0.06922276318073273,-0.4146588444709778,-0.3065057145431638,-0.08691264688968658,-0.39046499133110046,-0.20166220236569643,0.47737585775778146,1.5667126034244754,0.0,-0.08667644226189487,0.4068315029144133,0.0,0.4988984464836168,0.6315333708307547,0.2130519111451852,0.30469886564739573,30.02332367624489
idle,anu,swipe_right,0.00506986677646637,-0.23102107644081116,-0.914704293012619,-0.11528412997722626,0.0958581268787384,-0.26010459661483765,0.10940273106098175,-0.1517978012561798,-0.5271241366863251,-0.10018925368785858,-0.13578876852989197,-0.12052924931049347,0.06976480782032013,-0.4151081144809723,-0.30658987164497375,-0.08897148072719574,-0.3973802328109741,-0.19001330435276031,0.5394861553654612,1.0381051988312857,-0.002550215206363025,-0.09862040028427743,-0.2579797397960357,-0.002550215206363025,0.49888798765947584,0.6386521920782653,0.38227815131567006,0.5196830112110131,20.14919444748401
idle,anu,swipe_right,0.016055583953857422,-0.19522958993911743,-0.8628003420308232,-0.11681744456291199,0.08663666248321533,-0.2842401685193181,0.11923319101333618,-0.16101926565170288,-0.47700889129191637,-0.1006259024143219,-0.14501023292541504,-0.13094307202845812,0.06975305080413818,-0.4219825565814972,-0.3067166032269597,-0.08904841542243958,-0.40646860003471375,-0.20187309104949236,0.33290052052700686,1.0845905000513423,1.5728469994483822,-0.04646407835411377,-0.2794383150158551,-0.7313809668024498,0.500707753438271,0.6029340348573305,0.16627609594404227,0.30693631704770696,22.151805678148726
idle,anu,swipe_right,0.03369985520839691,-0.13441571593284607,-0.7017234247177839,-0.11799384653568268,0.08278140425682068,-0.2910974007099867,0.1193649023771286,-0.16487452387809753,-0.38407242111861706,-0.10095791518688202,-0.1488654911518097,-0.13305759243667126,0.06989334523677826,-0.4221801161766052,-0.3113396745175123,-0.08914850652217865,-0.41024816036224365,-0.23147891275584698,0.5346748865012052,1.8428446668567373,4.881118706455815,-0.03564854462941545,-0.1168260068604459,-0.20779491486874824,0.49745810812056995,0.4863309482117224,0.30513958704770144,0.29013546609856766,16.617063715698933
idle,anu,swipe_right,0.046470433473587036,-0.07893887162208557,-0.5300804618746042,-0.1186169683933258,0.08177104592323303,-0.31505551375448704,0.1198708713054657,-0.16489484906196594,-0.3482063952833414,-0.1010851263999939,-0.150189608335495,-0.14644078351557255,0.07063332200050354,-0.41941356658935547,-0.31125926412642,-0.08883833885192871,-0.4102061688899994,-0.23139850236475468,0.38698722015726184,1.681116494265406,5.201301904338582,-0.01888248053463951,-0.03061691919962449,-0.7260034255908923,0.49992683687456807,0.40544984853736177,0.616713383150841,0.2301964148712656,15.92720954640687
idle,anu,swipe_right,0.06473569571971893,-0.03389963507652283,-0.5300017492845654,-0.11832405626773834,0.08177104592323303,-0.34444763232022524,0.12050376832485199,-0.16489484906196594,-0.34812768269330263,-0.10133253037929535,-0.150189608335495,-0.16139320004731417,0.07126621901988983,-0.4173283278942108,-0.31118055153638124,-0.08830137550830841,-0.4069141745567322,-0.2313197897747159,0.5534927953373391,1.3648253498655594,0.0023852300011750803,0.008876125017802062,0.0,-0.8906702595678385,0.5025062336275405,0.4415234159072483,8876.125017802062,0.40554081872163467,5.144656944239021
idle,anu,swipe_right,0.08004860579967499,0.014681637287139893,-0.5301718320697546,-0.11825202405452728,0.08371323347091675,-0.38093253038823605,0.11748640239238739,-0.16295266151428223,-0.3482977654784918,-0.1014484316110611,-0.14824742078781128,-0.21774986945092678,0.07194779813289642,-0.4122209846973419,-0.33928232453763485,-0.08821631968021393,-0.40485671162605286,-0.29506303928792477,0.4640275781804939,1.4721597685958634,-0.005154023793610742,0.0021827943397291125,0.05885416811162869,-1.1056029717579208,0.4969671058441831,0.46770746821911524,0.037087555940526366,0.3152017008462195,6.755923466233292
idle,anu,swipe_right,0.09509222209453583,0.045724719762802124,-0.5302100265398622,-0.11760471761226654,0.09248039126396179,-0.455037840642035,0.11581455171108246,-0.15418550372123718,-0.34833595994859934,-0.10319389402866364,-0.13948026299476624,-0.3026129687204957,0.07304058969020844,-0.4005422592163086,-0.4220427954569459,-0.08813296258449554,-0.39545291662216187,-0.3746864879503846,0.4558671604503112,0.9406994689594259,-0.0011574081850773922,0.01961534673517326,0.2656714482740822,-2.245615462236247,0.49538251601009264,0.4597180014954631,0.07383282257005816,0.4846039472634446,35.11369124513783
idle,anu,swipe_right,0.10239966213703156,0.08364751935005188,-0.5559584740549326,-0.11677373945713043,0.10151895880699158,-0.49159943498671055,0.11603404581546783,-0.1463899314403534,-0.4079033676534891,-0.1032124012708664,-0.13212069869041443,-0.33918934501707554,0.07427294552326202,-0.3926064074039459,-0.45951622165739536,-0.08838506042957306,-0.39078980684280396,-0.4031882230192423,0.2214375770453286,1.1491757450681928,-0.7802559853051773,0.02518115621624611,0.2738959861524221,-1.1079271013538219,0.5009894013191413,0.4867340372149701,0.09193659473942858,0.19269235824310768,34.47671826919275
idle,anu,swipe_right,0.10883374512195587,0.1002240777015686,-0.5667551178485155,-0.11675430834293365,0.11115169525146484,-0.5153793711215258,0.11449183523654938,-0.13778811693191528,-0.44122988171875477,-0.10388435423374176,-0.12514841556549072,-0.36724445410072803,0.07435663044452667,-0.38907867670059204,-0.4879313427954912,-0.08893929421901703,-0.38678818941116333,-0.4313953537493944,0.19497221166437634,0.5023199500459693,-0.3271710240479724,0.0005888216423265956,0.29190110437798245,-0.7206041252974422,0.5057381920742269,0.4968088610478194,0.0020171887543644893,0.3881427036768697,11.773343651556168
idle,anu,swipe_right,0.11396808922290802,0.10564225912094116,-0.5667551178485155,-0.11675430834293365,0.11572098731994629,-0.5261623281985521,0.1127067357301712,-0.132826566696167,-0.44122988171875477,-0.10419420897960663,-0.12075400352478027,-0.3829325158149004,0.0743604451417923,-0.3861064314842224,-0.4893400091677904,-0.08969606459140778,-0.38331955671310425,-0.4452966768294573,0.1555861848773403,0.164187315738565,0.0,0.0,0.13846339601459146,-0.32675627506141025,0.506273509789983,0.4993782526638477,0.0,0.9476081423788904,12.808528716909894
idle,anu,swipe_right,0.11388833820819855,0.10892137885093689,-0.5667551178485155,-0.11722211539745331,0.1224648654460907,-0.5271388906985521,0.1111372858285904,-0.13106194138526917,-0.44122988171875477,-0.10482312738895416,-0.11780133843421936,-0.3837838489562273,0.07392396032810211,-0.3842048645019531,-0.4894105512648821,-0.09039746224880219,-0.3801165819168091,-0.453488202765584,-0.0024166974154384738,0.09936726454532131,0.0,-0.014175971349079866,0.2043599432164895,-0.029592803030301908,0.5086571508225675,0.5007522594683792,0.06936732198413553,0.024320616109142486,9.233698921982269
idle,anu,swipe_right,0.11360342800617218,0.11087697744369507,-0.5667525613680482,-0.11735837161540985,0.1255025863647461,-0.5330547178164124,0.10994960367679596,-0.1283971071243286,-0.44122732523828745,-0.10521571338176727,-0.11429822444915771,-0.38378129247576,0.07366497814655304,-0.3826301693916321,-0.48940799478441477,-0.0913638323545456,-0.3776661157608032,-0.4534856462851167,-0.008633642485647628,0.05926056341691545,7.746910507028876e-05,-0.004128976301713489,0.09205214905016497,-0.17926748842001247,0.5100840087813446,0.5011252994359241,0.04485426456691206,0.14568705224511957,5.678604682088978
idle,anu,swipe_right,0.11349968612194061,0.11259859800338745,-0.5559375258162618,-0.11723844707012177,0.127607524394989,-0.5330448718741536,0.10552965104579926,-0.12781918048858643,-0.4406342478469014,-0.10531945526599884,-0.11341547966003418,-0.38377144653350115,0.07375560700893402,-0.3826304078102112,-0.48932760674506426,-0.09160168468952179,-0.3771912753582001,-0.45347580034285784,-0.003143693461562698,0.0521703199906791,0.32772835005413925,0.003634077129942056,0.06378600091645313,0.0002983618866313635,0.5116740260771228,0.501266636973116,0.056972064491664906,0.06025711946955432,5.513414205659403
idle,anu,swipe_right,0.1134539544582367,0.11259859800338745,-0.5548085831105709,-0.11722198128700256,0.12802386283874512,-0.5330697558820248,0.1008668839931488,-0.12570631504058838,-0.43687083944678307,-0.10536518692970276,-0.11272871494293213,-0.3829449974000454,0.07384547591209412,-0.38267412781715393,-0.4879438243806362,-0.09172430634498596,-0.37718090415000916,-0.453500684350729,-0.0013858079910277796,0.0,0.034210385020933876,0.0004989631248242738,0.012616316477457205,-0.0007540608445803039,0.5120675982328532,0.5013330235227496,0.039545899139151255,1385.8079910277795,1.5538314678567358
idle,anu,swipe_right,0.11234398186206818,0.1140953004360199,-0.5548085831105709,-0.11624522507190704,0.12852373719215393,-0.5330697558820248,0.09709514677524567,-0.12454697489738464,-0.43667831644415855,-0.1057002991437912,-0.11192885041236877,-0.379699494689703,0.0737387090921402,-0.38237759470939636,-0.4879438243806362,-0.0920594185590744,-0.37626883387565613,-0.45294272527098656,-0.033635533217228356,0.04535461917068091,0.0,0.0295986731847132,0.015147707679055196,0.0,0.5116843109539988,0.50244064192671,1.9538744698095085,0.7415957235784197,0.8854344649282195
