ground_truth,person_id,video_label,left_wrist_x,left_wrist_y,left_wrist_z,right_wrist_x,right_wrist_y,right_wrist_z,left_elbow_x,left_elbow_y,left_elbow_z,right_elbow_x,right_elbow_y,right_elbow_z,left_shoulder_x,left_shoulder_y,left_shoulder_z,right_shoulder_x,right_shoulder_y,right_shoulder_z,left_wrist_x_vel,left_wrist_y_vel,left_wrist_z_vel,right_wrist_x_vel,right_wrist_y_vel,right_wrist_z_vel,right_arm_len,left_arm_len,right_horiz_ratio,left_horiz_ratio,right_wrist_acc
rotate,anu,rotate,0.08958527445793152,0.08034846186637878,-0.1630123530048877,-0.024528205394744873,-0.4209780991077423,-0.5520976011175662,0.09276920557022095,-0.1209719181060791,-0.13526394707150757,-0.11648707091808319,-0.31028321385383606,-0.3276376698631793,0.07943084836006165,-0.3498178571462631,-0.1541913126129657,-0.041856229305267334,-0.3885101079940796,-0.09113187086768448,0.0,0.0,0.0,0.0,0.0,0.0,0.46243251975224153,0.43037656201965624,0.0,0.0,0.0
rotate,anu,rotate,0.08967061340808868,0.0784502923488617,-0.16223132237792015,-0.025001272559165955,-0.4557528793811798,-0.5442050509154797,0.09297691285610199,-0.12358871102333069,-0.12151264771819115,-0.11899696290493011,-0.3264266848564148,-0.3245897702872753,0.07937498390674591,-0.3519259989261627,-0.1457746885716915,-0.043540552258491516,-0.39107048511505127,-0.07079833373427391,0.0025860287926413794,-0.05752028840960878,0.023667594756592403,-0.014335368618820652,-1.053781220407197,0.2391681879420172,0.47816465458255575,0.4308138494462613,0.013603729823113978,0.04495776892593717,32.74777395752814
rotate,anu,rotate,0.08966787159442902,0.0792887955904007,-0.16026848298497498,-0.03206257522106171,-0.4861268773674965,-0.5520976011175662,0.09296494722366333,-0.12132342159748077,-0.1160983678419143,-0.11983291804790497,-0.3391103148460388,-0.3138953272718936,0.07929879426956177,-0.3530064523220062,-0.14165966701693833,-0.043595314025878906,-0.3881669193506241,-0.07167577487416565,-8.308526241418086e-05,0.025409189137545498,0.0594799816043991,-0.2139788685422955,-0.9204241814035358,-0.2391681879420172,0.4904429513919552,0.43281980911685486,0.23247828597649176,0.0032697616678270224,16.218416093321704
rotate,anu,rotate,0.08966512978076935,0.0801272988319397,-0.1583056435920298,-0.03912387788295746,-0.5165008753538132,-0.5599901513196528,0.09295298159122467,-0.11905813217163086,-0.11068408796563745,-0.12066887319087982,-0.35179394483566284,-0.3192287818528712,0.07922260463237762,-0.35408690571784973,-0.13754464546218514,-0.043650075793266296,-0.3852633535861969,-0.0725532160140574,-8.308526241418086e-05,0.025409189137545498,0.0594799816043991,-0.2139788685422955,-0.9204241814035358,-0.2391681879420172,0.5048153518736728,0.4348356480414509,0.23247828597649176,0.0032697616678270224,0.0
rotate,anu,rotate,0.08978398144245148,0.07925373315811157,-0.15864683408290148,-0.06018193066120148,-0.5569644868373871,-0.5612457366660237,0.09294809401035309,-0.118929922580719,-0.10720351804047823,-0.12557832896709442,-0.3673594892024994,-0.3035420747473836,0.0790710598230362,-0.3546701669692993,-0.1345713259652257,-0.044038817286491394,-0.3845933675765991,-0.07289440650492907,0.0036015655055190578,-0.026471687085700756,-0.010339105783989935,-0.6381228114619399,-1.2261700449567852,-0.038048040799119255,0.5181307021734536,0.4347233003676376,0.5204190835255206,0.13604835405864205,16.97586281333682
rotate,anu,rotate,0.08954958617687225,0.07881972193717957,-0.15850773290731013,-0.0804557353258133,-0.578094094991684,-0.6231646670494229,0.09270928800106049,-0.11846235394477844,-0.100268384674564,-0.13109977543354034,-0.3677935004234314,-0.30244774953462183,0.07878611981868744,-0.35356849431991577,-0.13443222478963435,-0.04773883521556854,-0.3849725127220154,-0.07275530532933772,-0.007102886835734049,-0.013151855179757782,0.0042151871391318055,-0.614357717109449,-0.6402911561908143,-1.8763312237393674,0.5842232506159573,0.4331917033567941,0.9594959288027939,0.5400262329859282,58.47074655463017
rotate,anu,rotate,0.08908291161060333,0.07830086350440979,-0.16395642538554966,-0.10429684817790985,-0.5786129534244537,-0.6270966597367078,0.09186320006847382,-0.11844846606254578,-0.09982810099609196,-0.14161179959774017,-0.36831235885620117,-0.2957327135372907,0.07785727083683014,-0.35404476523399353,-0.1365578242111951,-0.04917590320110321,-0.3853466808795929,-0.07531988550908864,-0.014141653523300633,-0.015722982811205315,-0.16511189327998593,-0.7224579652150471,-0.015722982811205315,-0.11915129355408928,0.5872374130243726,0.43335832869150953,45.946244910685415,0.8993684165835468,56.60629074871433
rotate,anu,rotate,0.08957381546497345,0.07517871260643005,-0.18313877959735692,-0.12993432581424713,-0.5817351043224335,-0.6315657563973218,0.09144081175327301,-0.12157061696052551,-0.09982810099609196,-0.15061701834201813,-0.3714345097541809,-0.2957327135372907,0.07728306949138641,-0.35627663135528564,-0.1365578242111951,-0.05106540024280548,-0.3882650136947632,-0.08015741338022053,0.014875874374852036,-0.09461063327211322,-0.5812834609638561,-0.7768932617071903,-0.09461063327211322,-0.135427171533758,0.5896627376196819,0.43413657030293734,8.211392561766287,0.1572309224603218,2.9460042982779195
rotate,anu,rotate,0.08931249380111694,0.07251110672950745,-0.19653645833022892,-0.15614187717437744,-0.5824067890644073,-0.6336767741013318,0.09053981304168701,-0.12224230170249939,-0.09982810099609196,-0.15865278244018555,-0.370941162109375,-0.2957327135372907,0.07623925805091858,-0.3566773235797882,-0.1365578242111951,-0.053688257932662964,-0.3867203891277313,-0.08183059026487172,-0.00791883829868201,-0.08083654172492749,-0.4059902646324851,-0.7941682230342518,-0.02035408309011748,-0.06397023345484877,0.5944107349558612,0.43355628787404565,39.01572003013957,0.09795990983531004,3.1664206854435153
rotate,anu,rotate,0.0896003246307373,0.06711992621421814,-0.2015663154888898,-0.18222078680992126,-0.5606101006269455,-0.6336767741013318,0.09023028612136841,-0.12515148520469666,-0.1002293371129781,-0.1659122109413147,-0.35699155926704407,-0.2920233078766614,0.07583180069923401,-0.3594568371772766,-0.1367152698803693,-0.056669414043426514,-0.3869655728340149,-0.08203566004522145,0.008722146352132169,-0.1633691065239185,-0.15241991389881493,-0.7902699889558741,0.6605057102261173,0.0,0.5917968299619792,0.43169777093857464,1.196460197482829,0.053388875956050054,20.72331712104458
rotate,anu,rotate,0.09066790342330933,0.06524357199668884,-0.2752784643089399,-0.202668234705925,-0.5341215580701828,-0.6315574202453718,0.08996927738189697,-0.12590721249580383,-0.1467604342615232,-0.16637903451919556,-0.3289939761161804,-0.29100187157746404,0.07578814029693604,-0.359045147895813,-0.1775090101873502,-0.057882875204086304,-0.3866751492023468,-0.10813456808682531,0.03235087250218244,-0.05685921871300895,-2.2337014793954544,-0.6196196332122335,0.8026831077806871,0.06422284412000209,0.5627385947097332,0.435661785491852,0.7719345969429965,0.5689544154845282,7.0065252282293145
rotate,anu,rotate,0.09200558066368103,0.06487724184989929,-0.3055974286980927,-0.22105740010738373,-0.482637494802475,-0.6270779711194336,0.08990886807441711,-0.12610700726509094,-0.1691540670581162,-0.16668996214866638,-0.2987535893917084,-0.29099151911213994,0.07600033283233643,-0.3578068017959595,-0.20193051220849156,-0.05819380283355713,-0.38455474376678467,-0.14079368533566594,0.040535673950657734,-0.011100913539077306,-0.9187564966409955,-0.557247436407841,1.5601231293244808,0.1357408826041855,0.5221275552658846,0.43550522188077023,0.3571814741748299,3.6512330786920097,23.132161254337852
rotate,anu,rotate,0.09270818531513214,0.06481185555458069,-0.34349434974137694,-0.23628655076026917,-0.41872087121009827,-0.6135148644680157,0.08951087296009064,-0.12625226378440857,-0.19571852090302855,-0.16777227818965912,-0.2678282558917999,-0.2909490108722821,0.0760045200586319,-0.35522258281707764,-0.22614265384618193,-0.059276118874549866,-0.38097241520881653,-0.16113951208535582,0.021291050043973036,-0.001981402888442529,-1.148391546766188,-0.4614894137238007,1.9368673815871713,0.41100323186114845,0.4872382357432402,0.4364394143299548,0.23826575832975916,10.740021701996362,14.433762819426187
rotate,anu,rotate,0.09253987669944763,0.06481185555458069,-0.38953889324329793,-0.24850642681121826,-0.37219247221946716,-0.590190896531567,0.089043527841568,-0.12625226378440857,-0.2365257830824703,-0.16812799870967865,-0.24129125475883484,-0.29093206836842,0.07576742768287659,-0.3546597957611084,-0.27556536509655416,-0.060221970081329346,-0.37694284319877625,-0.21349106146954,-0.00510026108134877,0.0,-1.3952891970279102,-0.37029927427118503,1.40995148456458,0.7067869071651143,0.4211607393932497,0.43500315679514456,0.26263244919600287,5100.26108134877,18.518201074178908
rotate,anu,rotate,0.09256155788898468,0.06478706002235413,-0.39632359496317804,-0.24981893599033356,-0.31612586975097656,-0.5860250329133123,0.08810658752918243,-0.12627705931663513,-0.24835111550055444,-0.16050775349140167,-0.2283346951007843,-0.28556168428622186,0.07524953782558441,-0.3540002405643463,-0.30233064643107355,-0.06087149679660797,-0.37651216983795166,-0.27324131480418146,0.0006570057435469188,-0.0007513797644412872,-0.20559702181454842,-0.03977300542773619,1.6989879535906227,0.12623829146226237,0.3703799324075659,0.42955463394675397,0.02340980813540924,0.8732368606893719,22.057325555644475
rotate,anu,rotate,0.09359186887741089,0.06466788053512573,-0.4004299945663661,-0.2500990927219391,-0.2647106647491455,-0.48398867319338024,0.08857095241546631,-0.12646162509918213,-0.25436353753320873,-0.14831140637397766,-0.2098139524459839,-0.28204342792741954,0.07530564069747925,-0.35362058877944946,-0.31780639360658824,-0.06039571762084961,-0.37525972723960876,-0.27753722737543285,0.031221545103824525,-0.0036114996129816257,-0.12443635161175882,-0.008489597927440303,1.5580365152070028,3.092010900604005,0.30138126222873557,0.42676256763936016,0.005448904692331728,8.6426431691865,89.97833189169289
rotate,anu,rotate,0.09468662738800049,0.06552311778068542,-0.4051711654756218,-0.2502150237560272,-0.19307753443717957,-0.45513007999397814,0.0891338586807251,-0.12604060769081116,-0.256742904195562,-0.14041760563850403,-0.1897205412387848,-0.27006415487267077,0.07559347152709961,-0.35309121012687683,-0.3285507953260094,-0.05984914302825928,-0.3709297478199005,-0.2907109356019646,0.03317450032089693,0.025916280168475504,-0.1436718457350224,-0.0035130616390343836,2.1707009185444206,0.8745028242243051,0.30806530702595103,0.4259966962924623,0.001618398919272201,1.280014727828144,69.71491538293495
rotate,anu,rotate,0.09534145891666412,0.06317946314811707,-0.42055253218859434,-0.24475911259651184,-0.12574216723442078,-0.43824786972254515,0.08959276974201202,-0.12867537140846252,-0.27325750421732664,-0.1284046322107315,-0.17203930020332336,-0.26798419188708067,0.07601200044155121,-0.3559826612472534,-0.329876939766109,-0.05953945219516754,-0.37126582860946655,-0.29827703069895506,0.01984337965647378,-0.07101983735055628,-0.4661020216052275,0.16533064119743562,2.0404656728108708,0.511582129437363,0.33790535164623425,0.42929311379726304,0.08102589637971508,0.2794022204853426,12.75541066791312
rotate,anu,rotate,0.09534765779972076,0.06340017914772034,-0.4051140649244189,-0.23499304056167603,-0.11118295788764954,-0.43023968767374754,0.08953501284122467,-0.12862947583198547,-0.266123334877193,-0.11833827197551727,-0.16460904479026794,-0.26347900461405516,0.07607318460941315,-0.35596391558647156,-0.3303605718538165,-0.05940921604633331,-0.37126582860946655,-0.29982833098620176,0.00018784494111032243,0.006688363624341577,0.4678323413386501,0.29594157681320726,0.441188162023372,0.2426721832968978,0.3398233379675715,0.4264104055897895,0.670781610898977,0.028081137707446975,49.302390826218925
rotate,anu,rotate,0.09534765779972076,0.0635979175567627,-0.4051140649244189,-0.2339632511138916,-0.08606332540512085,-0.42256982158869505,0.08953501284122467,-0.12859463691711426,-0.266123334877193,-0.10799725353717804,-0.1583237648010254,-0.2582674128934741,0.07616628706455231,-0.3556201159954071,-0.3393429918214679,-0.05929739773273468,-0.3713807165622711,-0.31156141590327024,0.0,0.005992073001283582,0.0,0.03120574084195221,0.7612009843190505,0.2324201843955298,0.35247275095659514,0.4247793764953071,0.040995348783631945,0.0,12.589381913819649
rotate,anu,rotate,0.09534589946269989,0.06779134273529053,-0.4036570889875293,-0.21201063692569733,-0.05479937791824341,-0.4158604545518756,0.0895332545042038,-0.12715870141983032,-0.25431088637560606,-0.09576050937175751,-0.15723276138305664,-0.2536147637292743,0.07616452872753143,-0.3556201159954071,-0.3393429918214679,-0.05895094573497772,-0.3713807165622711,-0.31156141590327024,-5.3282940026485515e-05,0.12707349025841905,0.04415078596635295,0.6652307329755835,0.9473923480871943,0.20331415263089248,0.3667823639545204,0.4286974358006155,0.7021695205256585,0.00041930477091136996,20.04361808571501
rotate,anu,rotate,0.09518088400363922,0.0692446231842041,-0.4036235238891095,-0.19028371572494507,-0.02597564458847046,-0.4158268894534558,0.08936823904514313,-0.12665295600891113,-0.2542773212771863,-0.08680678904056549,-0.15452837944030762,-0.2535811986308545,0.07599951326847076,-0.35556474328041077,-0.3393094267230481,-0.05911596119403839,-0.3717336654663086,-0.3301556434016675,-0.0050004684563839195,0.044038801482229634,0.001017124194538957,0.6583915515379488,0.8734464645385763,0.001017124194538957,0.37959603689989413,0.4300781625630776,0.7537849478855182,0.11354430056642384,6.530205005992953
rotate,anu,rotate,0.09510789811611176,0.06930413842201233,-0.3821946608077269,-0.16934245824813843,0.004042953252792358,-0.41583289971458726,0.08911095559597015,-0.12621596455574036,-0.2360702233563643,-0.08058558404445648,-0.1529146134853363,-0.25823985805618577,0.0759543627500534,-0.35550522804260254,-0.33931543698417954,-0.05916111171245575,-0.37195107340812683,-0.33163269629585557,-0.002211693561438356,0.0018034920547947723,0.6493594873146233,0.634583559903231,0.9096544800382664,-0.00018212912519547056,0.40075068492126625,0.4273973368995134,0.6976086813400344,1.2256599055460489,1.3136561323280906
rotate,anu,rotate,0.09395554661750793,0.06960880756378174,-0.38220429350622,-0.15337562561035156,0.030778229236602783,-0.41584253241308033,0.08834263682365417,-0.12591129541397095,-0.23607985605485737,-0.07849708199501038,-0.1506977081298828,-0.25824949075467885,0.07529062032699585,-0.35789114236831665,-0.3393250696826726,-0.05931359529495239,-0.3720141053199768,-0.33164232899434865,-0.03491974238193393,0.009232398235436633,-0.00029189995433570733,0.48384341326626823,0.8101598782972849,-0.00029189995433570733,0.4221125496598631,0.43005024648415996,0.5972189304958317,3.7818949742594565,5.473181936327348
rotate,anu,rotate,0.09035493433475494,0.06990525126457214,-0.38217906351201236,-0.1360500603914261,0.0502258837223053,-0.4158173024188727,0.08651180565357208,-0.12566694617271423,-0.23605462606064975,-0.07692606747150421,-0.14686504006385803,-0.2582242607604712,0.07437168061733246,-0.36042842268943787,-0.33608562941662967,-0.05978812277317047,-0.3718157708644867,-0.33510090108029544,-0.10910946311372689,0.00898314244819409,0.000764545279018806,0.5250171278462261,0.589322863203106,0.000764545279018806,0.43640597931364095,0.43309022155303517,0.8908804829192585,12.144671986546593,6.807424381333604
rotate,anu,rotate,0.08740776777267456,0.07040733098983765,-0.3822036927231238,-0.11831831932067871,0.06891179084777832,-0.4159484749325202,0.08464443683624268,-0.12516486644744873,-0.2322618906982825,-0.07535496354103088,-0.14372795820236206,-0.26157056741794804,0.07373055815696716,-0.36113396286964417,-0.335537487793772,-0.0605396032333374,-0.37150150537490845,-0.343211466599314,-0.08930807763879972,0.015214537129257702,-0.0007463397306503013,0.5373254869923461,0.5662396098628203,-0.003974924655983968,0.45010323693981424,0.43427259762883486,0.9489349185366989,5.869531708287229,0.8056246627624639
rotate,anu,rotate,0.083720862865448,0.07040733098983765,-0.3822033465730783,-0.10107412934303284,0.07116663455963135,-0.43956348904248443,0.08290067315101624,-0.125180184841156,-0.232261544548237,-0.07544875144958496,-0.1435135006904602,-0.28426993497487274,0.0735832154750824,-0.36113396286964417,-0.3320140601026651,-0.06123235821723938,-0.3716108798980713,-0.3432111204492685,-0.11172439112807755,0.0,1.048939531866573e-05,0.5225512114438139,0.06832859732887955,-0.7156064881807342,0.45488797848404844,0.4345683199186708,7.6475090132421615,111724.39112807756,26.322732772818927
rotate,anu,rotate,0.07875347137451172,0.07061952352523804,-0.3822035647754092,-0.08922931551933289,0.07116663455963135,-0.45296658648294397,0.08101275563240051,-0.12577193975448608,-0.23226176275056787,-0.07565262913703918,-0.14331501722335815,-0.2904245711688418,0.07337933778762817,-0.36113396286964417,-0.33201427830499597,-0.0614602267742157,-0.37177202105522156,-0.34321133865159936,-0.15052701487685682,0.006430076830314862,-6.612191844562232e-06,0.3589337522333315,0.0,-0.40615446789271276,0.45717829055429493,0.4346940519518925,358933.75223333156,23.406191349993108,10.80760976640813
rotate,anu,rotate,0.07549022138118744,0.07063871622085571,-0.3821687227464281,-0.07664363086223602,0.07116663455963135,-0.45537014066940174,0.07987545430660248,-0.12680232524871826,-0.2322269207215868,-0.07563696801662445,-0.14316236972808838,-0.2922695702291094,0.07339499890804291,-0.3611387610435486,-0.31104306638007984,-0.061444565653800964,-0.37183552980422974,-0.3431764966226183,-0.098886363434069,0.0005815968368992656,0.0010558190600325654,0.38138438354838944,0.0,-0.07283497534720502,0.45724101191687955,0.4376014611762271,381384.3835483895,169.73378015639145,10.12347620100539
idle,anu,rotate,0.07268473505973816,0.07003504037857056,-0.357372653670609,-0.06777593493461609,0.06780558824539185,-0.4553662361577153,0.07914292812347412,-0.12814486026763916,-0.19440687913447618,-0.07614311575889587,-0.14442121982574463,-0.2929458739235997,0.07339844107627869,-0.36224496364593506,-0.27472631353884935,-0.061441123485565186,-0.37296390533447266,-0.3380143167451024,-0.08501473701361476,-0.01829320734197448,0.7513960326005807,0.26871805841272595,-0.10184988831028818,0.00011831853595195423,0.4561681151687058,0.4401101325723814,2.638347714691283,4.647085026666106,5.105793865597766
idle,anu,rotate,0.069883793592453,0.07041925191879272,-0.35051159281283617,-0.06403282284736633,0.0626036524772644,-0.4561200859025121,0.07855811715126038,-0.12815719842910767,-0.19409118313342333,-0.07771480083465576,-0.14442121982574463,-0.29533607978373766,0.07339632511138916,-0.36232060194015503,-0.27473427075892687,-0.06138518452644348,-0.3732001483440399,-0.33792723435908556,-0.08487701416015618,0.011642773946126292,0.2079109350840249,0.11342763900756826,-0.15763441721598292,-0.022843931660507643,0.4515545514718459,0.4393385044964724,0.7195568166775381,7.289476294616102,5.048369615472041
idle,anu,rotate,0.06990380585193634,0.07041925191879272,-0.3481392776593566,-0.06315912306308746,0.05404597520828247,-0.4561057901009917,0.0784701257944107,-0.12830716371536255,-0.1877144342288375,-0.08008883893489838,-0.14442121982574463,-0.2953217839822173,0.07366524636745453,-0.36294662952423096,-0.27216469403356314,-0.06056179106235504,-0.3759537935256958,-0.33605050202459097,0.0006064321055556804,0.0,0.07188833798422976,0.02647575103875369,-0.2593235536055138,0.0004332061066772009,0.44645248284661204,0.43999121922005824,0.10209504140910922,606.4321055556804,4.115318471154925
idle,anu,rotate,0.07023605704307556,0.07041925191879272,-0.34721776098012924,-0.06187105178833008,0.05095529556274414,-0.45536883920431137,0.07880237698554993,-0.12855958938598633,-0.18610315769910812,-0.08261045813560486,-0.14510750770568848,-0.29294847697019577,0.07399749755859375,-0.36353111267089844,-0.2717610225081444,-0.06017804145812988,-0.377073734998703,-0.3355982229113579,0.01006821791330969,0.0,0.027924747855374188,0.039032462871435754,-0.09365695895570657,0.02233184535395006,0.44447352881194657,0.440477907213412,0.4167554290809955,10068.21791330969,5.078144350257473
idle,anu,rotate,0.07081079483032227,0.07130250334739685,-0.34712036326527596,-0.060231924057006836,0.04969683289527893,-0.4551311917603016,0.07937711477279663,-0.1276763379573822,-0.18332848325371742,-0.08420118689537048,-0.14481154084205627,-0.29230375960469246,0.07430270314216614,-0.36335882544517517,-0.262616652995348,-0.059466540813446045,-0.37829503417015076,-0.33526067808270454,0.0174162965832335,0.0267651948061857,0.0029514459046450603,0.04967053731282564,-0.0381352323474307,0.007201437697266105,0.4444621065231466,0.44281321256345396,1.3024500391206586,0.6506825758889184,1.773377241435881
idle,anu,rotate,0.07110454142093658,0.07045125961303711,-0.3346750563941896,-0.059558019042015076,0.04729616641998291,-0.44661991065368056,0.07967086136341095,-0.1273631453514099,-0.17122706538066268,-0.08519865572452545,-0.1447843313217163,-0.2862465209327638,0.07453040778636932,-0.3630456328392029,-0.2567028827033937,-0.0589413195848465,-0.37902963161468506,-0.32018176978453994,0.008901411836797503,-0.025795264677567806,0.3771305112450396,0.020421364090659314,-0.07274746894836395,0.25791760929154517,0.4446804131672112,0.44046674357568744,0.2807119433008847,0.34506592128968533,7.720562728720556
idle,anu,rotate,0.07140718400478363,0.07045873999595642,-0.3310836926102638,-0.058625563979148865,0.04641875624656677,-0.43890202790498734,0.07990027964115143,-0.1273556649684906,-0.17130937427282333,-0.08587999641895294,-0.1452290117740631,-0.27598346024751663,0.0746704488992691,-0.36303815245628357,-0.25678519159555435,-0.05866904556751251,-0.37931016087532043,-0.30971360951662064,0.009170987389304443,0.00022667827028216794,0.1088292055735085,0.028256214026248887,-0.02658818707321636,0.23387523480888628,0.4448985954238459,0.4398300489013379,1.0626956720580505,40.28046847834265,1.5949011810532432
idle,anu,rotate,0.07273557782173157,0.0706220269203186,-0.32990453392267227,-0.05800089240074158,0.045504629611968994,-0.4379514828324318,0.08006510138511658,-0.1264476180076599,-0.16978370398283005,-0.08608832955360413,-0.1454223394393921,-0.2752128913998604,0.07480555772781372,-0.3628748655319214,-0.25678519159555435,-0.058378368616104126,-0.37929242849349976,-0.3087712302803993,0.040254358089331525,0.004948088617035849,0.035732081442168356,0.018929441769917853,-0.027700807109023656,0.0288043961380468,0.44400475302947046,0.43962515715653805,0.6833287696870768,8.133691110473793,6.220782984005547
idle,anu,rotate,0.07472769916057587,0.07062849402427673,-0.32714129239320755,-0.05715195834636688,0.04465445876121521,-0.4366648271679878,0.08040665090084076,-0.12486299872398376,-0.16686607152223587,-0.08668334782123566,-0.14550426602363586,-0.27456093579530716,0.07498686015605927,-0.3619650602340698,-0.25678519159555435,-0.057675257325172424,-0.3794994056224823,-0.3087712302803993,0.060367313298311846,0.00019597284721605622,0.08373459180196091,0.025725274374990642,-0.025762753053144866,0.03898956558921104,0.4430164180234072,0.4382775733136937,0.9985064800894943,306.4753043453545,0.37565623152965044
rotate,anu,rotate,0.07726810872554779,0.0707244873046875,-0.3271395042538643,-0.05656258761882782,0.043932318687438965,-0.4362507835030556,0.08074362576007843,-0.12393754720687866,-0.16686607152223587,-0.08725689351558685,-0.1453990340232849,-0.27425567060709,0.0752936452627182,-0.3610385060310364,-0.25857169181108475,-0.05716000497341156,-0.3793618679046631,-0.3082057014107704,0.07698210802945243,0.0029088872851747525,5.4186040704900706e-05,0.017859719016335273,-0.021883032538674147,0.012546777725219758,0.44223734392086894,0.4371781396906513,0.8161073140781078,26.455357367847082,0.8442210086640348
rotate,anu,rotate,0.07935206592082977,0.07074189186096191,-0.32717370707541704,-0.05575169622898102,0.040589332580566406,-0.4362849863246083,0.08147008717060089,-0.12352269887924194,-0.16918343026190996,-0.0879422277212143,-0.14676958322525024,-0.2745951386168599,0.0759795755147934,-0.36057546734809875,-0.25867792684584856,-0.05615358054637909,-0.37954580783843994,-0.30823990423232317,0.06315021803884811,0.0005274107961943668,-0.0010364491379622283,0.024572466358994054,-0.10130260929916869,-0.0010364491379622283,0.43921434490909195,0.43673528590654775,0.2425625950446338,119.50970436951366,2.450058413073855
rotate,anu,rotate,0.08043532073497772,0.07254290580749512,-0.3253755415789783,-0.05551101267337799,0.035767555236816406,-0.43672709120437503,0.08172143995761871,-0.12089508771896362,-0.17137163830921054,-0.08962221443653107,-0.14834636449813843,-0.2748587573878467,0.07621632516384125,-0.3584677577018738,-0.26538802636787295,-0.05558274686336517,-0.37822070717811584,-0.3088334943167865,0.032825903459028624,0.05457618019797562,0.05448986352844649,0.0072934410788795855,-0.14611446496212058,-0.013397117568687902,0.43329327099318515,0.43518558565699106,0.049915599835858304,0.6014583996453192,1.50281439267967
rotate,anu,rotate,0.08214814960956573,0.07790353894233704,-0.32092040416318923,-0.0531134158372879,0.02980104088783264,-0.4367126190336421,0.08226136863231659,-0.11376002430915833,-0.1691970193060115,-0.09152980148792267,-0.14729997515678406,-0.2748442852171138,0.07673461735248566,-0.35144564509391785,-0.2681143545778468,-0.054595962166786194,-0.37222763895988464,-0.309652712312527,0.05190390529054597,0.1624434283285434,0.13500416411482058,0.0726544495784877,-0.1808034651207206,0.00043855062827016474,0.42163192153784557,0.43261820007589363,0.40183990771454314,0.31951791652447736,2.281158880675521
rotate,anu,rotate,0.08429513871669769,0.07769498229026794,-0.3174957000883296,-0.04825304448604584,0.012706845998764038,-0.4362289869459346,0.08272553980350494,-0.11353644728660583,-0.16691386338789016,-0.09470202028751373,-0.15368303656578064,-0.2748442852171138,0.0770488828420639,-0.35125359892845154,-0.2681143545778468,-0.05374692380428314,-0.372848778963089,-0.30790999170858413,0.06506027597369586,-0.0063198985475482515,0.10377891135938265,0.147283980340669,-0.5180059057293529,0.01465551780931881,0.4063853924397524,0.4318424606707621,0.2843282178512531,10.292884070878092,10.474384994800912
rotate,anu,rotate,0.0859956443309784,0.0776117742061615,-0.3163024449022487,-0.04092887043952942,0.005149811506271362,-0.4362289869459346,0.08341357111930847,-0.11330994963645935,-0.16691386338789016,-0.09914344549179077,-0.15532472729682922,-0.28832476970274,0.07728713750839233,-0.3502814471721649,-0.2681143545778468,-0.05339840054512024,-0.3729187250137329,-0.3074372672708705,0.05153047316002101,-0.0025214570941346956,0.03615924806305841,0.22194466807625415,-0.2290010452270498,0.0,0.39959806624193306,0.43068612589879557,0.9691820344058567,20.428681732522406,9.05613611689027
rotate,anu,rotate,0.08684803545475006,0.07758036255836487,-0.2927299999864772,-0.030539974570274353,-0.0011461079120635986,-0.43395411607343704,0.08365382254123688,-0.11294367909431458,-0.1604852342279628,-0.09962479770183563,-0.15569010376930237,-0.29453134175855666,0.07736782729625702,-0.34927693009376526,-0.2681143545778468,-0.05348162353038788,-0.37292245030403137,-0.3066753410967067,0.025830034053686956,-0.0009518681150494224,0.7143165125991376,0.3148150263410634,-0.1907854369192417,0.06893548098477467,0.3936290824862105,0.4276715476109184,1.6500912298829813,27.107669619470087,3.691182343118379
rotate,anu,rotate,0.08661043643951416,0.07135036587715149,-0.2651238346006721,-0.023209810256958008,-0.01723363995552063,-0.4339573287870735,0.08343830704689026,-0.11897340416908264,-0.1232217529322952,-0.1000216007232666,-0.16308417916297913,-0.29500820278190076,0.07724073529243469,-0.35441526770591736,-0.22790059982798994,-0.05353322625160217,-0.37925246357917786,-0.30269162892363966,-0.0071999701586636326,-0.18878777821858644,0.8365504662365137,0.22212619131261557,-0.4875009710138474,-9.735495868054261e-05,0.3862742836069701,0.42749238033784864,0.4556416271521211,0.03813770196831958,9.649355676323832
rotate,anu,rotate,0.0858493447303772,0.054628074169158936,-0.2583439159207046,-0.00751042366027832,-0.03883868455886841,-0.43955455301329494,0.0827106237411499,-0.13364547491073608,-0.10513407317921519,-0.10078269243240356,-0.17796581983566284,-0.2964630532078445,0.07664409279823303,-0.36797866225242615,-0.19542124448344111,-0.05424657464027405,-0.394245445728302,-0.29139600275084376,-0.02306338512536257,-0.506736112363412,0.20545208121113756,0.4757389877781735,-0.6546983213135706,-0.1696128553400441,0.38787780254771353,0.4273645433500996,0.7266526362417238,0.045513510975731364,10.541357151909233
rotate,anu,rotate,0.08584713935852051,0.05346274375915527,-0.2518836031667888,0.0007354617118835449,-0.05899083614349365,-0.4400000642053783,0.08282294869422913,-0.13470637798309326,-0.10348661197349429,-0.10078489780426025,-0.18205112218856812,-0.297251112293452,0.07666593790054321,-0.3690395653247833,-0.18802601797506213,-0.05334573984146118,-0.3977115750312805,-0.2866683374159038,-6.682945020271087e-05,-0.03531304272738379,0.19576705314896373,0.24987531430793594,-0.6106712601401604,-0.013500339154041209,0.3757221496723128,0.42739944645260197,0.40918071872232253,0.001892432727643751,8.426416703222536
rotate,anu,rotate,0.08584395051002502,0.053108394145965576,-0.24249220127239823,0.009305566549301147,-0.08516305685043335,-0.44062029058113694,0.08285722136497498,-0.13470637798309326,-0.10045439982786775,-0.09524807333946228,-0.18724244832992554,-0.2992409938015044,0.07666274905204773,-0.3690395653247833,-0.18070973688736558,-0.053178220987319946,-0.3982984125614166,-0.27002747589722276,-9.663177259040561e-05,-0.010737867066354417,0.2845879361936528,0.2597001465884111,-0.7930975971799874,-0.018794738659352887,0.3620219373504124,0.4267437955624157,0.32745001379629757,0.008998320958191147,5.538406387107285
rotate,anu,rotate,0.08575573563575745,0.05307799577713013,-0.22780025703832507,0.013379216194152832,-0.12082356214523315,-0.5290565411560237,0.0831519365310669,-0.13470637798309326,-0.09215047163888812,-0.08916294574737549,-0.19458311796188354,-0.3470140020363033,0.07666274905204773,-0.3690395653247833,-0.17151348991319537,-0.053178220987319946,-0.39917445182800293,-0.26682453555986285,-0.0026731780081084345,-0.0009211626919833119,0.4452104313355515,0.12344392863186954,-1.0806213725696938,-2.6798863810571825,0.3881684363653749,0.42595083982666093,0.11423410412864475,2.89881387671321,81.21350297097807
rotate,anu,rotate,0.08533039689064026,0.045622050762176514,-0.22251691902056336,0.03100132942199707,-0.14783912897109985,-0.5310430922545493,0.08407753705978394,-0.14482849836349487,-0.08545182878151536,-0.07947039604187012,-0.19880390167236328,-0.35298783564940095,0.07664188742637634,-0.36879950761795044,-0.15756399417296052,-0.05317503213882446,-0.40057891607284546,-0.24844119930639863,-0.012889052882339047,-0.22593772772586762,0.16010115205338546,0.5340034311467964,-0.8186535401777808,-0.060198518137137245,0.3883643775215897,0.41957073383779037,0.6522939835291587,0.05704667372464533,80.74464476292957
rotate,anu,rotate,0.08463019132614136,0.049579501152038574,-0.20226886495947838,0.0404638946056366,-0.1972726583480835,-0.5425338558852673,0.08616647124290466,-0.15500473976135254,-0.07399782910943031,-0.07090833783149719,-0.20039862394332886,-0.3576878421008587,0.07567700743675232,-0.3710934519767761,-0.1303817294538021,-0.053498774766922,-0.3958030343055725,-0.24420477077364922,-0.02121835043936056,0.1199227390867286,0.6135773957904515,0.28674439950422687,-1.4979857386964677,-0.3482049585066044,0.37046394755356926,0.4268649121760731,0.19141985178970866,0.1769320286454335,23.581462548180504
rotate,anu,rotate,0.08019918203353882,0.060510605573654175,-0.19666542299091816,0.04698580503463745,-0.2330324351787567,-0.6329311449080706,0.08617720007896423,-0.14407363533973694,-0.07402398623526096,-0.06418898701667786,-0.20841583609580994,-0.36233017034828663,0.07544663548469543,-0.36086395382881165,-0.13040788657963276,-0.053654491901397705,-0.3872346878051758,-0.23359567113220692,-0.13427300886674395,0.3312455885338069,0.1698012717745525,0.19763364936366273,-1.0836296009294941,-2.739311788569804,0.43974495414754766,0.4265784419560064,0.18238101544395358,0.40535665427099216,73.58723643340015
rotate,anu,rotate,0.07835207879543304,0.07266253232955933,-0.18755490984767675,0.057961538434028625,-0.2846441864967346,-0.6623677751049399,0.0862807184457779,-0.13178277015686035,-0.07394648250192404,-0.05388690531253815,-0.216036856174469,-0.4262810191139579,0.0755411833524704,-0.34876909852027893,-0.1301141818985343,-0.05445475876331329,-0.37709951400756836,-0.22786137368530035,-0.055972825397144425,0.36824020472439695,0.276076155855799,0.33259798179973116,-1.563992464181142,-0.8920190968748257,0.45823708310801475,0.42533746348196627,0.21265944482310803,0.15200044068679444,57.984625904909535
rotate,anu,rotate,0.07806527614593506,0.07541334629058838,-0.1756895575672388,0.058081597089767456,-0.3509300649166107,-0.7076871190220118,0.08640077710151672,-0.12887775897979736,-0.07391461916267872,-0.0513569712638855,-0.2548949122428894,-0.4730555508285761,0.0756412148475647,-0.34612175822257996,-0.12878052331507206,-0.055978357791900635,-0.3745597302913666,-0.22677584923803806,-0.008690989378726865,0.0833579988190624,0.3595561297102417,0.0036381410829948745,-2.0086629824204927,-1.3733134520324828,0.49481681842735,0.4241440532467442,0.0018112243336044782,0.10425976201551287,22.218356702643337
rotate,anu,rotate,0.07785505056381226,0.07958641648292542,-0.16666714288294315,0.05882725119590759,-0.41166743636131287,-0.7076871190220118,0.08633705973625183,-0.12246951460838318,-0.07730576582252979,-0.05061131715774536,-0.3065947890281677,-0.4774203095585108,0.07525286078453064,-0.34295719861984253,-0.12682094611227512,-0.0552327036857605,-0.37739744782447815,-0.2215887103229761,-0.006370472185539493,0.126456672495062,0.27340650558471746,0.022595578973943594,-1.8405264074152212,0.0,0.5004755422212535,0.4244261978870417,0.012276687042479913,0.050376320074910844,41.930231196480854
rotate,anu,rotate,0.07739116251468658,0.07984444499015808,-0.16666714288294315,0.05940769612789154,-0.4608120024204254,-0.7076871190220118,0.08603452146053314,-0.12073954939842224,-0.09384430386126041,-0.050030872225761414,-0.34387829899787903,-0.4774203095585108,0.07580797374248505,-0.3469167947769165,-0.12878052331507206,-0.05465225875377655,-0.38288065791130066,-0.2215887103229761,-0.01405721360986877,0.007819045673717119,0.0,0.017589240363149856,-1.4892292745185558,0.0,0.5053460504489401,0.4284425961508724,0.01181096077894077,1.7975871492815627,10.646448599212219
rotate,anu,rotate,0.07724416255950928,0.07998904585838318,-0.16316192783415318,0.04454386234283447,-0.49883130192756653,-0.7076871190220118,0.08626890182495117,-0.11975690722465515,-0.10056300647556782,-0.049718886613845825,-0.3524639904499054,-0.4774203095585108,0.07611995935440063,-0.3467721939086914,-0.13008231855928898,-0.05434027314186096,-0.3829924166202545,-0.21108155883848667,-0.004454544096282045,0.004381844491669637,0.10621863784212081,-0.45041920560779103,-1.152099985064885,0.0,0.5194360422660224,0.4280428484978514,0.3909546224217697,1.0163591486644543,17.47852055304739
rotate,anu,rotate,0.07834497094154358,0.08002224564552307,-0.16279672924429178,0.030155986547470093,-0.5666387379169464,-0.6936687016859651,0.08748772740364075,-0.11889532208442688,-0.10996281448751688,-0.063738614320755,-0.38135775923728943,-0.4774515414610505,0.0774780809879303,-0.3467389941215515,-0.13376218918710947,-0.048868030309677124,-0.38299569487571716,-0.20323451701551676,0.03335782975861529,0.001006054155754323,0.011066623935193753,-0.4359962362231641,-2.054770787556971,0.4248005253347494,0.5296180246092922,0.4277486549155407,0.21218718247126775,33.12416672728883,30.234438826139183
rotate,anu,rotate,0.07918837666511536,0.08002224564552307,-0.16276201675646007,0.0071337223052978516,-0.6007317155599594,-0.6142590797971934,0.08829569816589355,-0.11572471261024475,-0.11587157170288265,-0.07166212797164917,-0.4057200253009796,-0.35208080778829753,0.07832148671150208,-0.3467389941215515,-0.14206697116605937,-0.04341530799865723,-0.38299569487571716,-0.13299307296983898,0.02555774919914466,0.0,0.001051893570657928,-0.6976443709749134,-1.0331205346367531,2.406352178447616,0.5306422038394856,0.42726360970449023,0.6752781232270084,25557.749199144662,68.02187259409881
rotate,anu,rotate,0.07918837666511536,0.08073675632476807,-0.16276201675646007,-0.03245249390602112,-0.601850837469101,-0.6142590797971934,0.08820044994354248,-0.11107128858566284,-0.11910530994646251,-0.08598005771636963,-0.40597444772720337,-0.34998716483823955,0.07863083481788635,-0.344618022441864,-0.14361712406389415,-0.042243003845214844,-0.3832136392593384,-0.11777249048464,0.0,0.021651838764999907,0.0,-1.199582309433911,-0.03391278512550131,0.0,0.5425836450659903,0.42578577429117076,35.371525325018666,0.0,80.40809951634544
rotate,anu,rotate,0.07918837666511536,0.08139538764953613,-0.1631584472488612,-0.056196779012680054,-0.6020393669605255,-0.6142590797971934,0.08820044994354248,-0.10857081413269043,-0.11910530994646251,-0.100007563829422,-0.40616297721862793,-0.34491686592809856,0.07907921075820923,-0.34026870131492615,-0.14361712406389415,-0.042243003845214844,-0.383145809173584,-0.11378831486217678,0.0,0.01995852499297176,-0.012013045224276486,-0.7195237911108786,-0.005713014891653364,0.0,0.5464248201140666,0.42211666533228054,125.92263141664348,0.0,14.572305017157849
rotate,anu,rotate,0.07939623296260834,0.08079260587692261,-0.19511184166185558,-0.08316667377948761,-0.6054461300373077,-0.6142590797971934,0.08794684708118439,-0.10739558935165405,-0.11910530994646251,-0.11406274139881134,-0.40956974029541016,-0.34008906851522624,0.07998929917812347,-0.340763658285141,-0.14364911685697734,-0.04249660670757294,-0.3860720992088318,-0.10839320789091289,0.006298675681605499,-0.018266114321622028,-0.9682846791816504,-0.8172695383881098,-0.10323524475097681,0.0,0.552882718229706,0.4246862931931688,7.91649812872893,0.34480956163667387,4.184103067871344
rotate,anu,rotate,0.07912428677082062,0.08026525378227234,-0.20862881583161652,-0.10877139866352081,-0.6070548892021179,-0.65265300613828,0.08651755750179291,-0.10826107859611511,-0.11912391823716462,-0.1287204474210739,-0.4010658860206604,-0.33539411169476807,0.07951758801937103,-0.3418542146682739,-0.14581939321942627,-0.043925896286964417,-0.3872448205947876,-0.10612385463900864,-0.00824079369053687,-0.015980366504553416,-0.4096052778715392,-0.7759007540616037,-0.04875027772152009,-1.1634523133662487,0.592634388875756,0.42676694330714104,15.915495763900786,0.5156501284285608,35.31702510262246
rotate,anu,rotate,0.08055359125137329,0.07839533686637878,-0.217949089827016,-0.13873884081840515,-0.577842503786087,-0.65265300613828,0.08620169758796692,-0.11008879542350769,-0.12044297647662461,-0.13706240057945251,-0.3933410048484802,-0.3046468768734485,0.07935583591461182,-0.34351208806037903,-0.14908604067750275,-0.045069873332977295,-0.38906288146972656,-0.09754567337222397,0.04331225698644475,-0.0566641489664715,-0.2824325453151363,-0.90810430772377,0.8852238004857865,0.0,0.593764071127867,0.4274920225739222,1.025845985364879,0.764354418481674,45.38789703525795
rotate,anu,rotate,0.0827697217464447,0.07795238494873047,-0.21814103168435395,-0.16668452322483063,-0.5572218894958496,-0.65265300613828,0.08626127243041992,-0.11082959175109863,-0.12547778827138245,-0.14467522501945496,-0.36343690752983093,-0.28681182605214417,0.07953411340713501,-0.3439902365207672,-0.15640708548016846,-0.045903801918029785,-0.388630747795105,-0.09754567337222397,0.06715546954761868,-0.013422785383282319,-0.005816419919331883,-0.8468388608007741,0.624867099704166,0.0,0.5925834174105756,0.42644709529766817,1.3552281852789358,5.0027222299942755,8.105087261220406
rotate,anu,rotate,0.08486044406890869,0.07441172003746033,-0.25512421783059835,-0.18816660344600677,-0.49211403727531433,-0.6526873772963881,0.08681502938270569,-0.11493757367134094,-0.12744916137307882,-0.1462138593196869,-0.3210563659667969,-0.2551916604861617,0.07971274852752686,-0.34789177775382996,-0.15777852293103933,-0.048225462436676025,-0.3893887996673584,-0.09758004453033209,0.06335522189284831,-0.10729287609909546,-1.1207026104922575,-0.6509721279144304,1.9729652188041042,-0.001041550245700463,0.581618559091136,0.43340849937630793,0.3299459066810639,0.5904831123291148,41.28039577003196
rotate,anu,rotate,0.08733320236206055,0.0720607340335846,-0.3040957155171782,-0.20642054080963135,-0.4660232365131378,-0.6178910138551146,0.08721953630447388,-0.11993703246116638,-0.15539574646390975,-0.14629846811294556,-0.2989068627357483,-0.252530217403546,0.08006048202514648,-0.3519756495952606,-0.18009482347406447,-0.04953014850616455,-0.389045774936676,-0.09760781400837004,0.07493206948945035,-0.07124200011744661,-1.4839847783812103,-0.5531496170795339,0.790630326126563,1.0544352557961714,0.5488485518161261,0.44185514405698173,0.6996302812709277,1.0517814994585037,48.119039815875944
rotate,anu,rotate,0.0895872712135315,0.07145565748214722,-0.3568423690740019,-0.2258937656879425,-0.4061158299446106,-0.5809873344842345,0.08763867616653442,-0.12118977308273315,-0.18674848997034132,-0.14649105072021484,-0.2620486617088318,-0.252530217403546,0.08068570494651794,-0.35272690653800964,-0.21600709878839552,-0.050142109394073486,-0.3862209618091583,-0.1427533181849867,0.06830511671124008,-0.018335653073859735,-1.598383441115853,-0.5900977235851801,1.8153759566220171,1.1182933142690825,0.47258174267520603,0.44703988508536946,0.32505520213455336,3.725059117174121,31.133272299917536
rotate,anu,rotate,0.09010790288448334,0.07087919116020203,-0.37232854985632,-0.23095083236694336,-0.3706420660018921,-0.5489202144090086,0.08766166865825653,-0.12176743149757385,-0.20418241643346846,-0.14669592678546906,-0.23862943053245544,-0.252530217403546,0.08106155693531036,-0.3532606065273285,-0.24417360150255263,-0.050402626395225525,-0.3837203085422516,-0.17816229187883437,0.01577671730157105,-0.017468676422581573,-0.46927820552479255,-0.1532444448182081,1.0749625437187453,0.9717309113704821,0.41258954449481755,0.4431705034690466,0.1425578064611121,0.9030915581915312,26.426837291272903
rotate,anu,rotate,0.09131225943565369,0.07096150517463684,-0.3843536975327879,-0.23315860331058502,-0.323718786239624,-0.5041905643884093,0.08718720078468323,-0.12178453803062439,-0.2273366751614958,-0.14348718523979187,-0.21877512335777283,-0.252530217403546,0.08067333698272705,-0.35276302695274353,-0.28671234869398177,-0.05121558904647827,-0.3818151652812958,-0.23029637360014021,0.03649565306576825,0.002494364073782262,-0.36439841443842197,-0.06690214980732327,1.4219175685535812,1.355443940018166,0.33391088248936013,0.43495919210954515,0.0470506196957384,14.625382103242039,15.893021307506965
rotate,anu,rotate,0.09304513037204742,0.07245433330535889,-0.3963382695801556,-0.23324361443519592,-0.25834012031555176,-0.4954140339978039,0.08746333420276642,-0.12114512920379639,-0.23111751722171903,-0.1366034597158432,-0.20220226049423218,-0.26108624087646604,0.08094827830791473,-0.35199424624443054,-0.3031118963845074,-0.05148725211620331,-0.3816968500614166,-0.27360205398872495,0.05251124049678006,0.045237216082486355,-0.363168849920234,-0.002576094685178821,1.9811716946688613,0.26595546638198037,0.3121743302909054,0.43473450193297253,0.0013002878003067757,1.160771689162814,37.161550786657024
rotate,anu,rotate,0.09424018859863281,0.0809817910194397,-0.42011430161073804,-0.2334803193807602,-0.191331148147583,-0.49539559381082654,0.08759301900863647,-0.11783766746520996,-0.2828134526498616,-0.12904801964759827,-0.1827845573425293,-0.30859451787546277,0.08071157336235046,-0.35004910826683044,-0.3598521281965077,-0.05192208290100098,-0.3795020282268524,-0.3438661624677479,0.03621388565410276,0.25840780951760095,-0.7204858191085602,-0.007172877138311231,2.0305749141808764,0.0005587935447692885,0.3022132391319145,0.4354333348680931,0.003532434856642496,0.14014183851435658,8.181661191543006
rotate,anu,rotate,0.0943775475025177,0.0809817910194397,-0.4274133469443768,-0.2338019162416458,-0.14537692070007324,-0.49437156575731933,0.08730611205101013,-0.11783766746520996,-0.2830625500064343,-0.12174913287162781,-0.16985708475112915,-0.31616559880785644,0.08038997650146484,-0.35004910826683044,-0.37305039423517883,-0.05239269137382507,-0.3790605068206787,-0.3624170150142163,0.004162391026814789,0.0,-0.22118319192844865,-0.009745359420776391,1.3925523468942387,0.03103115313658216,0.3239279684608048,0.4346707016918701,0.00699819467779178,4162.391026814789,19.356212802134742
rotate,anu,rotate,0.09409545361995697,0.0809817910194397,-0.42735118977725506,-0.22407492995262146,-0.10329264402389526,-0.4845148753374815,0.08701150119304657,-0.11783766746520996,-0.28300039283931255,-0.11104549467563629,-0.1612788438796997,-0.3161034416407347,0.08009536564350128,-0.35004910826683044,-0.37298823706805706,-0.05312906205654144,-0.3785035014152527,-0.36235485784709454,-0.008548299471537178,0.0,0.0018835505188414337,0.294757160273462,1.2752811113993188,0.29868758847993104,0.34624640886236174,0.43467110466436776,0.231130945567829,8548.299471537179,12.78896643928903
rotate,anu,rotate,0.09391210973262787,0.08099254965782166,-0.42731902515515685,-0.21768927574157715,-0.06440785527229309,-0.4844827107153833,0.08682815730571747,-0.117826908826828,-0.28296822821721435,-0.09955225884914398,-0.15717533230781555,-0.31607127701863647,0.07952834665775299,-0.3500383496284485,-0.37295607244595885,-0.0539536327123642,-0.37672877311706543,-0.36232269322499633,-0.005555875373609152,0.00032601934490781925,0.0009746855181275016,0.19350467306194932,1.1783269318667355,0.0009746855181275016,0.3731980525067655,0.43468363139988075,0.16421971153259057,16.98943949378668,9.971730090440735
rotate,anu,rotate,0.09324459731578827,0.08095881342887878,-0.4272575117647648,-0.207170307636261,-0.03381374478340149,-0.4738813377916813,0.08616064488887787,-0.11795762181282043,-0.2826501466333866,-0.09167324006557465,-0.15283343195915222,-0.3084312118589878,0.0780818909406662,-0.352207750082016,-0.35968882218003273,-0.05487044155597687,-0.3765833079814911,-0.35647842660546303,-0.020227648995139434,-0.0010223099679657933,0.0018640421330928848,0.3187566092520057,0.9270942572391417,0.3212537249606675,0.39302629201884276,0.4386669661835207,0.34382293163838645,19.766883572285884,12.905838522786642
rotate,anu,rotate,0.0928901880979538,0.08074530959129333,-0.4173055053688586,-0.18650147318840027,0.002111762762069702,-0.4461447657085955,0.08537159860134125,-0.11793407797813416,-0.27723137149587274,-0.08582471311092377,-0.14972665905952454,-0.29397050151601434,0.07642371952533722,-0.3548218011856079,-0.3467812300659716,-0.05596749484539032,-0.3731389343738556,-0.3564638555981219,-0.01073967326771132,-0.006469813260165144,0.301575951391098,0.6263283166018415,1.0886517438021601,0.8405021843359347,0.40730194063040526,0.44154674269525274,0.5753242438120044,1.6597099678066167,18.932001931766024
rotate,anu,rotate,0.09250417351722717,0.08042529225349426,-0.36268963385373354,-0.16111475229263306,0.03553923964500427,-0.4211543397977948,0.08485057950019836,-0.11997410655021667,-0.21933331061154604,-0.08262589573860168,-0.1481604278087616,-0.26645942497998476,0.07540711760520935,-0.3586243987083435,-0.3140093283727765,-0.05709981918334961,-0.3719884157180786,-0.3395637171342969,-0.01169741153717044,-0.009697495084820396,1.6550264095492475,0.7692945725990084,1.0129538449374138,0.757285633660629,0.4284331055159926,0.4420709361587382,0.7594559386766543,1.2061058375416047,5.512696469281153
rotate,anu,rotate,0.09017245471477509,0.07891547679901123,-0.36266206693835557,-0.1413741260766983,0.0608978271484375,-0.42112677288241684,0.08406631648540497,-0.1212506890296936,-0.21930574369616807,-0.08019213378429413,-0.14707869291305542,-0.2664318580646068,0.073916956782341,-0.3603394031524658,-0.309024651767686,-0.05829976499080658,-0.3715980350971222,-0.3395361502189189,-0.07065814552885036,-0.04575198346918229,0.0008353610720598244,0.5982007944222587,0.7684420455585742,0.0008353610720598244,0.4478962491872159,0.44281606009765345,0.7784582056923061,1.5443396292712444,24.64208655184521
idle,anu,rotate,0.08788745105266571,0.07757467031478882,-0.36266996222548187,-0.11850140988826752,0.07297223806381226,-0.42113466816954315,0.0833507627248764,-0.12309765815734863,-0.21931363898329437,-0.07842163741588593,-0.14566177129745483,-0.2664397533517331,0.07275350391864777,-0.3611791431903839,-0.3090325470548123,-0.05933777987957001,-0.37115705013275146,-0.3395440455060452,-0.06924253521543577,-0.04063049952189138,-0.00023925112503947693,0.6931126117706315,0.365891239859842,-0.00023925112503947693,0.45542089264372765,0.44227923026904387,1.8943080400834247,1.7041589906897083,12.533025574750136
idle,anu,rotate,0.08427846431732178,0.07634690403938293,-0.3627177504822612,-0.1027277410030365,0.0729587972164154,-0.42118245642632246,0.08282732963562012,-0.12362995743751526,-0.21936142724007368,-0.07844635844230652,-0.14469119906425476,-0.2664875416085124,0.0724601149559021,-0.361237496137619,-0.3090803353115916,-0.060376375913619995,-0.3711704909801483,-0.33959183376282454,-0.10936323440436188,-0.03720503864866324,-0.0014481289933125213,0.47798996621912293,-0.0004072984059651703,-0.0014481289933125213,0.453543264160698,0.44101786014410566,1170.6878088078984,2.9393947428018152,12.872684227459285
idle,anu,rotate,0.08156536519527435,0.07464426755905151,-0.3556444819550961,-0.0867667943239212,0.07274949550628662,-0.45712460833601654,0.08165232837200165,-0.12440246343612671,-0.21170439082197845,-0.07839877903461456,-0.14457547664642334,-0.2966644342523068,0.07250578701496124,-0.3614926040172577,-0.30767227965407073,-0.06107617914676666,-0.3713797926902771,-0.35204260307364166,-0.08221512491052821,-0.05159504485852803,0.21434147052015373,0.4836650508822829,-0.006342476064508627,-1.0891561184755807,0.45711383721358595,0.43886077393495276,76.24605909500632,1.5934385113423923,32.96178747737608
idle,anu,rotate,0.07839775085449219,0.07358631491661072,-0.3407242160756141,-0.07320904731750488,0.07258555293083191,-0.45711250719614327,0.07980793714523315,-0.12499287724494934,-0.1929299843031913,-0.07825541496276855,-0.14388498663902283,-0.30729039129801095,0.07246196269989014,-0.36168956756591797,-0.29274393734522164,-0.06136524677276611,-0.3715437352657318,-0.3520305019337684,-0.09598831335703556,-0.032059170983054504,0.45212926907521417,0.41084081837625314,-0.004967956831960979,0.0003667012082807955,0.4565449901984378,0.43795254834172,82.68150283248012,2.994005035337162,33.08953866563822
idle,anu,rotate,0.07615606486797333,0.0731746256351471,-0.34070193069055676,-0.06969620287418365,0.07208451628684998,-0.45709022181108594,0.07923261821269989,-0.12694582343101501,-0.19225352304056287,-0.07871215045452118,-0.14280882477760315,-0.3072681059129536,0.07250909507274628,-0.3619825839996338,-0.28743618028238416,-0.06130345165729523,-0.3727620244026184,-0.35200821654871106,-0.06792987837935956,-0.012475432771624972,0.0006753146987069754,0.10644983161579505,-0.015182928605513176,0.0006753146987069754,0.457166392975618,0.43842027513832166,7.0106909997682605,5.444655505526533,9.22916653261331
idle,anu,rotate,0.0743476003408432,0.07023391127586365,-0.3407501308247447,-0.06697626411914825,0.0665370523929596,-0.4571384219452739,0.07892434298992157,-0.1313202679157257,-0.17066343408077955,-0.07853992283344269,-0.1446283757686615,-0.30731630604714155,0.07289062440395355,-0.36501407623291016,-0.2575505403801799,-0.060914769768714905,-0.37642163038253784,-0.352056416682899,-0.054801955367579,-0.08911255634192167,-0.0014606101269071593,0.08242238651622336,-0.16810496648152484,-0.0014606101269071593,0.45529261380998254,0.4431310249344563,0.4903001853017616,0.6149676616799832,4.6912996040788055
idle,anu,rotate,0.07272745668888092,0.06749913096427917,-0.32006669510155916,-0.06560401618480682,0.06400600075721741,-0.4488793658092618,0.07892648875713348,-0.13423267006874084,-0.14885946083813906,-0.08017890155315399,-0.14517900347709656,-0.30735061038285494,0.07312135398387909,-0.36754512786865234,-0.23288573790341616,-0.06067951023578644,-0.3789674639701843,-0.33635417092591524,-0.04909526218067528,-0.08287213065407513,0.6267707794904724,0.041583270737619214,-0.07669853441643011,0.250274428364003,0.45706855141759173,0.44369379260539377,0.5421580594198692,0.5924147162438724,8.209465007330468
idle,anu,rotate,0.07200789451599121,0.062142401933670044,-0.30653045047074556,-0.06546357274055481,0.05928948521614075,-0.4264123784378171,0.07867056131362915,-0.13936421275138855,-0.1373607413843274,-0.08144313097000122,-0.1483003795146942,-0.26712769735604525,0.07313987612724304,-0.372261643409729,-0.22264363337308168,-0.06065976619720459,-0.383683979511261,-0.3028859542682767,-0.02180491432999125,-0.16232512213967104,0.41018923123677675,0.0042558619470307426,-0.14292471336595974,0.6808177991346896,0.45989927644867823,0.4424309596715119,0.029776740985253326,0.13432782131781318,13.24858868862868
idle,anu,rotate,0.07203556597232819,0.06161877512931824,-0.30588067043572664,-0.06540067493915558,0.05918338894844055,-0.42604557145386934,0.07846780121326447,-0.13947030901908875,-0.13637027610093355,-0.08229269087314606,-0.14822152256965637,-0.2653481410816312,0.07291196286678314,-0.3723677396774292,-0.2207636283710599,-0.06066562235355377,-0.3837900757789612,-0.2998644458130002,0.0008385289799083383,-0.015867478919751755,0.0196903040914825,0.0019059939817948823,-0.0032150384151574418,0.011115363149931964,0.4606187009268988,0.44225555276950684,0.5926527409659608,0.05284242958312832,20.731030757985778
idle,anu,rotate,0.07214386761188507,0.06133386492729187,-0.29841915238648653,-0.0652923732995987,0.06060478091239929,-0.4196569072082639,0.07842208445072174,-0.13962295651435852,-0.12970681954175234,-0.08315806090831757,-0.14777758717536926,-0.2623392092064023,0.07292555272579193,-0.3723319172859192,-0.21506883669644594,-0.06056244671344757,-0.38394272327423096,-0.29789346922189,0.0032818678653601524,-0.008633642485647512,0.22610660755273124,0.0032818678653601524,0.043072483756325566,0.19359588623046922,0.4609459735308835,0.44160377808601564,0.07619230160082403,0.3800814997048538,5.704988637576875
idle,anu,rotate,0.07235129177570343,0.06048658490180969,-0.29841658752411604,-0.06512017548084259,0.05985262989997864,-0.41577992122620344,0.078580841422081,-0.14037510752677917,-0.12970425467938185,-0.08391253650188446,-0.14763352274894714,-0.25124731939285994,0.0730513483285904,-0.3728700876235962,-0.21506627183407545,-0.06038565933704376,-0.38391509652137756,-0.28191110771149397,0.006285580721768397,-0.025675152287338437,7.77231021360909e-05,0.005218115719881867,-0.02279245492183776,0.11748442369879969,0.4635440323077535,0.44130009157839356,0.22893044243514568,0.24480228390248238,3.0506730401245497
rotate,anu,rotate,0.07291841506958008,0.0594387948513031,-0.3026188453659415,-0.06487855315208435,0.059308260679244995,-0.4196515819057822,0.0788756012916565,-0.14073005318641663,-0.13626883830875158,-0.08509078621864319,-0.1481778919696808,-0.26233388390392065,0.07316449284553528,-0.3726477324962616,-0.22075830306857824,-0.06035745143890381,-0.3838169276714325,-0.2978881439194083,0.017185554359898464,-0.03175121365171498,-0.1273411467219847,0.007321888750249707,-0.016496036991928604,-0.117323050896327,0.45957230958989015,0.4397726413213628,0.4438305347700947,0.5412395667402624,7.118221220104108
rotate,anu,rotate,0.07307843863964081,0.05939242243766785,-0.3059032834134996,-0.0652981549501419,0.059308260679244995,-0.4260681844316423,0.07886461913585663,-0.14064082503318787,-0.1363928890787065,-0.08689145743846893,-0.1481778919696808,-0.26537075405940413,0.07299141585826874,-0.37247326970100403,-0.22174417739734054,-0.06034471094608307,-0.3838169276714325,-0.29988705879077315,0.004849199092749406,-0.0014052246556137582,-0.0995284256835781,-0.012715206001744157,0.0,-0.194442500783639,0.4607669102988208,0.4399894757205196,12715.206001744156,3.4483815039019734,2.4657458547583815
rotate,anu,rotate,0.07396592199802399,0.059384673833847046,-0.3065248494967818,-0.06678168475627899,0.05837610363960266,-0.42640677746385336,0.07896481454372406,-0.140395849943161,-0.13636467512696981,-0.09142158925533295,-0.1481778919696808,-0.26534254010766745,0.07309161126613617,-0.3719407320022583,-0.22171596344560385,-0.06024451553821564,-0.3838169276714325,-0.29985884483903646,0.026893435102520635,-0.00023480617638790304,-0.018835335857037387,-0.044955448670820866,-0.028247183019464737,-0.010260394915486852,0.4599910768406741,0.4395849375174024,1.5914456742171272,114.04890030649884,5.730429202168751
rotate,anu,rotate,0.07559871673583984,0.05945160984992981,-0.3174771284684539,-0.0675896406173706,0.055380791425704956,-0.4284094488248229,0.07943224906921387,-0.13933447003364563,-0.1757534807547927,-0.097256600856781,-0.1500515639781952,-0.2730415975674987,0.07355904579162598,-0.37057092785835266,-0.2723308717831969,-0.059852391481399536,-0.3836037814617157,-0.31068121548742056,0.049478628418662456,0.002028364123720116,-0.3318872415658208,-0.024483510942170175,-0.09076703678477917,-0.06068701093847116,0.45456270984550534,0.4323907118421058,0.2697371432657867,24.381345782323685,2.511804262772605
rotate,anu,rotate,0.07783834636211395,0.0685587227344513,-0.3174764337018132,-0.06633530557155609,0.042234450578689575,-0.42840875405818224,0.08080856502056122,-0.1288674771785736,-0.17575278598815203,-0.10341455042362213,-0.1538321077823639,-0.2738322736695409,0.07493536174297333,-0.36013972759246826,-0.276207965798676,-0.058518186211586,-0.37570348381996155,-0.31322814244776964,0.06786756443254892,0.27597311771277294,2.105353456554996e-05,0.03801015290347022,-0.39837396506107314,2.105353456554996e-05,0.43358943443705816,0.4306899988105987,0.09541300592933356,0.24592003407791962,9.688109088005485
rotate,anu,rotate,0.08047477900981903,0.0737936794757843,-0.3174777391832322,-0.06966857612133026,0.02224382758140564,-0.43241215380840003,0.08173571527004242,-0.12292400002479553,-0.175754091469571,-0.11046595871448517,-0.15654513239860535,-0.27402756246738136,0.07534293830394745,-0.3541610538959503,-0.276209271280095,-0.058118656277656555,-0.37048250436782837,-0.3138531956356019,0.07989189841530452,0.15863505276766515,-3.956004299900705e-05,-0.10100819847800405,-0.6057764544631429,-0.12131514394599247,0.4103944432100836,0.4299705525351418,0.16674142910703132,0.503617538519522,8.41226352654692
rotate,anu,rotate,0.08326014876365662,0.07166227698326111,-0.3174751896876842,-0.07219189405441284,0.001287609338760376,-0.4367283780593425,0.0835132896900177,-0.12291184067726135,-0.17575154197402298,-0.11663416028022766,-0.16357406973838806,-0.2799605031032115,0.07581982016563416,-0.3541407585144043,-0.27620672178454697,-0.05792659521102905,-0.37067440152168274,-0.31447439384646714,0.08440514405568461,-0.06458795431888481,7.72574408487842e-05,-0.07646417979038142,-0.6350369164437975,-0.13079467427098423,0.39179748969379247,0.4278629102548443,0.12040884144143651,1.3068046223347178,1.1924328996806162
rotate,anu,rotate,0.08583511412143707,0.07166227698326111,-0.29167624143883586,-0.07170017063617706,-0.018015652894973755,-0.4367755535058677,0.08459387719631195,-0.12267926335334778,-0.16010073153302073,-0.12602992355823517,-0.17293980717658997,-0.2826196285896003,0.07632602751255035,-0.35370293259620667,-0.27621551183983684,-0.05755983293056488,-0.37068071961402893,-0.314483183901757,0.07802925326607463,0.0,0.7817863105711631,0.014900709643508486,-0.5849473404161872,-0.0014295589856126126,0.3735344992069311,0.4257522970090158,0.02547354802803051,78029.25326607464,5.03357338933598
rotate,anu,rotate,0.08674781024456024,0.07166227698326111,-0.27776824263855815,-0.07161605358123779,-0.03187289834022522,-0.44152455357834697,0.08485257625579834,-0.12167611718177795,-0.15302759734913707,-0.13035400211811066,-0.17890295386314392,-0.28842933801934123,0.07644622027873993,-0.35352012515068054,-0.27390416292473674,-0.05755661427974701,-0.37076660990715027,-0.31385943619534373,0.027657458276459733,0.0,0.4214545090993256,0.0025490016648263706,-0.4199165286439848,-0.14390909310543212,0.3624155043172056,0.42532473352986133,0.006070243538195972,27657.458276459733,6.617459665283678
rotate,anu,rotate,0.08766050636768341,0.0711708664894104,-0.26386024383828044,-0.07151080667972565,-0.04622155427932739,-0.44166241912171245,0.08511127531528473,-0.12116438150405884,-0.1459544631652534,-0.13467808067798615,-0.18535751104354858,-0.29120545415207744,0.07651625573635101,-0.3533909022808075,-0.27159281400963664,-0.05755339562892914,-0.3713439106941223,-0.31323568848893046,0.027657458276459733,-0.014891227086385128,0.4214545090993256,0.003189300045822614,-0.43480775573036995,-0.004177743738347844,0.3498467966195703,0.42477839218218816,0.0073349489949101595,1.8571740892767423,4.258304544775137
rotate,anu,rotate,0.08911462128162384,0.07025927305221558,-0.24056753842160106,-0.07124640047550201,-0.09310555458068848,-0.48248817352578044,0.08609043061733246,-0.1219336986541748,-0.12720424262806773,-0.14192797243595123,-0.20020192861557007,-0.2951876404695213,0.07671783864498138,-0.35348859429359436,-0.24846799997612834,-0.057971492409706116,-0.37259140610694885,-0.28424881724640727,0.04406408830122466,-0.027624043551358005,0.7058395580811857,0.008012309218897876,-1.4207272818594112,-1.2371440728505316,0.34291020218939894,0.4240027742746937,0.005639578884437762,1.5950776048300033,47.839133388138556
rotate,anu,rotate,0.08917132019996643,0.07005521655082703,-0.22677836078219116,-0.07251244783401489,-0.14321085810661316,-0.5463168497662991,0.08643162250518799,-0.12217190861701965,-0.12637295085005462,-0.1526494324207306,-0.2156817615032196,-0.33223717170767486,0.07663863897323608,-0.3537268042564392,-0.24524925905279815,-0.058795005083084106,-0.37327417731285095,-0.27892975765280426,0.0017181490406845599,-0.006183530345107585,0.4178538678609071,-0.03836507147008732,-1.5183425310886305,-1.934202310318753,0.3530058867904711,0.42436946560885386,0.025267714904136426,0.2778139882592283,21.37534140430415
rotate,anu,rotate,0.08930046856403351,0.0693795382976532,-0.20323650795035064,-0.07285086810588837,-0.19882985949516296,-0.5874875064473599,0.08634687960147858,-0.12284758687019348,-0.11260312306694686,-0.15856777131557465,-0.23431453108787537,-0.34349189954809844,0.0763053447008133,-0.35440248250961304,-0.22178699332289398,-0.05909977853298187,-0.37453046441078186,-0.25105537730269134,0.003913586789911453,-0.020475098581025145,0.7133894797527447,-0.010255159753741666,-1.6854242845015135,-1.2475956570018452,0.3797978048290583,0.4243868458273272,0.006084612499909638,0.19112951495252653,21.430374499385294
rotate,anu,rotate,0.08938753604888916,0.06813246011734009,-0.18066834169439971,-0.0730423629283905,-0.2593839764595032,-0.6293446894269437,0.0862942636013031,-0.12409466505050659,-0.10953802871517837,-0.1629188060760498,-0.24246865510940552,-0.3740960534196347,0.07557708024978638,-0.35564956068992615,-0.1973167087417096,-0.05925852060317993,-0.38040193915367126,-0.22646981733851135,0.0026384086319894565,-0.03779024788827617,0.6838838259379086,-0.005802873409155657,-1.8349732413436473,-1.2683994842298134,0.4208841932933144,0.4243337106266849,0.0031623732248723794,0.06981533501591408,4.577414166672714
rotate,anu,rotate,0.08978638052940369,0.06778624653816223,-0.18046307819895446,-0.07285270094871521,-0.3147842586040497,-0.6293446894269437,0.0865156352519989,-0.12542089819908142,-0.10584341990761459,-0.16822189092636108,-0.2676413953304291,-0.3740960534196347,0.07550439238548279,-0.355995774269104,-0.1966784771066159,-0.05906841158866882,-0.3833405077457428,-0.19692777353338897,0.012086196379228102,-0.010491320581147191,0.0062201059225833934,0.0057473327174331346,-1.6787964286226256,0.0,0.4380346505476855,0.4243325529659113,0.003423481963603287,1.1519087970820125,38.72819574571941
rotate,anu,rotate,0.09007169306278229,0.06778624653816223,-0.1667668530717492,-0.0764705091714859,-0.36341217160224915,-0.6577474633231759,0.08681966364383698,-0.1254364550113678,-0.1052666762843728,-0.16812442243099213,-0.29488781094551086,-0.37407659087330103,0.07513324916362762,-0.355995774269104,-0.19160413835197687,-0.058366671204566956,-0.3867172598838806,-0.16839146707206964,0.008645834344805998,0.0,0.4150371250668213,-0.10963055220517125,-1.4735731211575434,-0.8606901180676344,0.49024500727275117,0.42477199649424846,0.07439771819489654,8645.834344805999,27.039680082901473
rotate,anu,rotate,0.09007169306278229,0.06779703497886658,-0.1667938862228766,-0.0836762934923172,-0.4620143473148346,-0.6622168306494132,0.08702094852924347,-0.1254364550113678,-0.1052937094355002,-0.17022785544395447,-0.32387837767601013,-0.3741036240244284,0.07513324916362762,-0.355995774269104,-0.1820401136064902,-0.055257007479667664,-0.3867172598838806,-0.1558441255474463,0.0,0.00032692244558623425,-0.0008191863977999418,-0.21835710063125202,-2.987944718563203,-0.13543537352234158,0.5127286062483124,0.42433000097311974,0.0730793398536879,0.0,50.98782909786442
rotate,anu,rotate,0.0901021957397461,0.06778624653816223,-0.16675728210248053,-0.0953664481639862,-0.5150333940982819,-0.6621802265290171,0.08726611733436584,-0.1254364550113678,-0.10581438639201224,-0.17208008468151093,-0.3452377915382385,-0.37406701990403235,0.07516375184059143,-0.3554687201976776,-0.18200350948609412,-0.05505573749542236,-0.3867172598838806,-0.15580752142705023,0.0009243235443577645,-0.00032692244558623425,0.0011092157695781128,-0.35424711126269803,-1.6066377813165877,0.0011092157695781128,0.5239306253375693,0.42379284022045244,0.22048958072106548,2.818726064040327,42.26288985937111
rotate,anu,rotate,0.09014949202537537,0.0698743462562561,-0.166757321334444,-0.11354902386665344,-0.5578467547893524,-0.6577379315858707,0.08763456344604492,-0.1233319640159607,-0.11257412878330797,-0.1753656566143036,-0.3639792501926422,-0.3722059339052066,0.07526284456253052,-0.3528693616390228,-0.18200354871805757,-0.054956644773483276,-0.38479143381118774,-0.1558075606590137,0.0014332207766446236,0.0632757490331478,-1.1888473774447615e-06,-0.5509871425050691,-1.2973745663960807,0.1346149982771642,0.534149144214821,0.4232804062169247,0.42469363288198086,0.022650038103155787,11.821062972779139
rotate,anu,rotate,0.0900953859090805,0.0704246461391449,-0.20277972042094916,-0.1286201924085617,-0.5964326113462448,-0.6512792658759281,0.08778272569179535,-0.1226254403591156,-0.12869534909259528,-0.17549298703670502,-0.37897181510925293,-0.3709927749587223,0.07533498108386993,-0.35162848234176636,-0.18202206015121192,-0.05493380129337311,-0.38423874974250793,-0.15582607209216803,-0.0016395792816624537,0.016675754026933193,-1.09158785110622,-0.4567020770275243,-1.1692683805118937,0.1957171427255332,0.543994288911579,0.4228209943593181,0.3905875623182615,0.09831525241749743,5.1634745751158695
rotate,anu,rotate,0.09009382128715515,0.0751795768737793,-0.2323486915556714,-0.15315470099449158,-0.591808870434761,-0.6512012145249173,0.08800700306892395,-0.11791688203811646,-0.1543156913248822,-0.17541107535362244,-0.38495737314224243,-0.36667656514327973,0.07582700252532959,-0.34699755907058716,-0.20329913112800568,-0.05475017428398132,-0.37961500883102417,-0.1684707960812375,-4.7412785616788115e-05,0.1440888101404367,-0.8960294283249184,-0.7434699571493919,0.14011336095405383,0.0023651924548727154,0.5364124743797776,0.4234158159455212,5.30616527875533,0.0003290502331190345,41.03909017659778
rotate,anu,rotate,0.08999675512313843,0.07586178183555603,-0.2910004744771868,-0.17616082727909088,-0.5911426395177841,-0.6511722991708666,0.08831539750099182,-0.11725011467933655,-0.1930073390249163,-0.17684943974018097,-0.3842911422252655,-0.36664764978922904,0.07722005248069763,-0.34626683592796326,-0.22527853050269186,-0.05464136600494385,-0.3792039752006531,-0.17224273481406271,-0.0029413989095976537,0.020672877629597755,-1.777326755197417,-0.697155341957547,0.020188815665967315,0.0008762228500210781,0.5376416134525734,0.427405180110325,34.53004987721098,0.1422761110565248,3.8959324192589935
rotate,anu,rotate,0.08996953070163727,0.07586899399757385,-0.3235343871638179,-0.20094716548919678,-0.5911426395177841,-0.5707390485331416,0.08844973146915436,-0.1171363890171051,-0.21441524010151625,-0.1807945966720581,-0.3842911422252655,-0.32584579568356276,0.07751704752445221,-0.3462105989456177,-0.24097182136029005,-0.05479343235492706,-0.3792039752006531,-0.17407284956425428,-0.0008249824697321132,0.00021855036417643282,-0.9858761420191262,-0.7511011578819987,0.0,2.437371231446218,0.4728879196448539,0.4302590201128039,751101.1578819988,3.757600097028986,73.85381079169461
rotate,anu,rotate,0.08991855382919312,0.07586899399757385,-0.33692873176187277,-0.2251206785440445,-0.5830556303262711,-0.49505726154893637,0.08843979239463806,-0.11575576663017273,-0.215667805634439,-0.18260326981544495,-0.3842911422252655,-0.2820972567424178,0.07816395163536072,-0.3452867567539215,-0.25007264968007803,-0.05492210388183594,-0.3792039752006531,-0.17908031400293112,-0.0015447537104288775,0.0,-0.40588923024408846,-0.7325306986317508,0.2450608845913055,2.2933874843698616,0.41275232706187404,0.43017939985358483,2.9891661849145024,1544.7537104288776,8.631365833839025
rotate,anu,rotate,0.08985641598701477,0.0770111083984375,-0.40347695257514715,-0.24325130879878998,-0.5530487596988678,-0.38187345769256353,0.08862343430519104,-0.113666832447052,-0.25419345404952765,-0.1832377165555954,-0.38101768493652344,-0.24069648887962103,0.07922512292861938,-0.34370115399360657,-0.2694298019632697,-0.05499199032783508,-0.37921860814094543,-0.2045651664957404,-0.0018829649144952994,0.03460952729889849,-2.0166127519174104,-0.5494130380225918,0.9092991099213131,3.4298122380719125,0.3116034703095203,0.4416791490508568,0.6042152992482708,0.054404398356428,40.27232503667729
rotate,anu,rotate,0.0894559919834137,0.07631534337997437,-0.4103397959843278,-0.2586982399225235,-0.537228912115097,-0.3804063433781266,0.08836835622787476,-0.11377686262130737,-0.2598256701603532,-0.18373994529247284,-0.3754284083843231,-0.23658814374357462,0.07974070310592651,-0.34518080949783325,-0.2846822375431657,-0.055508315563201904,-0.38175341486930847,-0.20763108972460032,-0.012134060715184098,-0.021083788438276862,-0.20796495179335328,-0.46808882193131995,0.47938932072032703,0.0444580095283914,0.308723280430894,0.4399354676792487,0.9764252670516469,0.5754888530518139,103.43973597508935
rotate,anu,rotate,0.0895167887210846,0.07525432109832764,-0.4588643671013415,-0.27181704342365265,-0.5070182979106903,-0.3803978920914233,0.08824455738067627,-0.1146891713142395,-0.29574603447690606,-0.18416093289852142,-0.367872953414917,-0.23657969245687127,0.08018255233764648,-0.3466586470603943,-0.30310351261869073,-0.05598542094230652,-0.38287776708602905,-0.22966173896566033,0.001842325383966599,-0.032152190352930814,-1.4704415490003988,-0.3975395000342123,0.9154731577092851,0.00025609959707115356,0.2910593556570763,0.44984344438763374,0.4342443712763475,0.057298369578391406,13.453321284219161
rotate,anu,rotate,0.09028704464435577,0.07051295042037964,-0.4589370251633227,-0.27789944410324097,-0.4674088656902313,-0.3803978920914233,0.08848626911640167,-0.11994582414627075,-0.29723507771268487,-0.18446779251098633,-0.34576359391212463,-0.23657969245687127,0.08025921881198883,-0.35172778367996216,-0.3135812641121447,-0.05623616278171539,-0.3872590661048889,-0.24869759986177087,0.023341088583975184,-0.14367789933175787,-0.0022017594539757985,-0.18431517210873735,1.2002858248623964,0.0,0.2700066066472674,0.44667224236042136,0.15355927290951282,0.16245314164107058,10.781362305637504
rotate,anu,rotate,0.09063637256622314,0.07270869612693787,-0.4589370251633227,-0.27874965965747833,-0.4143821895122528,-0.3818725408054888,0.088287353515625,-0.11892697215080261,-0.3007793785072863,-0.18400388956069946,-0.3143247961997986,-0.24069557199254632,0.07979431748390198,-0.3511098325252533,-0.3206625641323626,-0.05708637833595276,-0.38667261600494385,-0.25979784736409783,0.01058569460204156,0.06653774868358282,0.0,-0.02576410770416266,1.606868975090262,-0.044686324668653195,0.25456759717016686,0.4459366793174999,0.016033722767590717,0.1590906774093481,13.293506830845551
rotate,anu,rotate,0.09144032001495361,0.07532927393913269,-0.4614360095001757,-0.27917809784412384,-0.3431212306022644,-0.41450134525075555,0.08845090866088867,-0.11742851138114929,-0.30305091151967645,-0.17937247455120087,-0.27838757634162903,-0.24533640453591943,0.07959714531898499,-0.35004156827926636,-0.343380278442055,-0.05750072002410889,-0.3837404251098633,-0.292376643512398,0.024362043900923357,0.0794114488543888,-0.07572679808645556,-0.012982975352894208,2.1594229972723813,-0.9887516498565698,0.2563302978078998,0.44160816323086316,0.006012240009045609,0.3067786506067048,33.15016676383617
rotate,anu,rotate,0.09223756194114685,0.07558548450469971,-0.4657631772570312,-0.2796066850423813,-0.2813696265220642,-0.42427613912150264,0.08845117688179016,-0.11758315563201904,-0.30905386386439204,-0.1739087849855423,-0.2508190870285034,-0.2753333109430969,0.07950431108474731,-0.3487969636917114,-0.34935500798746943,-0.057808369398117065,-0.38150301575660706,-0.3119902568869293,0.024158846248279978,0.007763956532333856,-0.13112629566228784,-0.012987490856286284,1.8712607297030408,-0.29620587487112465,0.2680099024503117,0.44024250122772396,0.006940499370094706,3.111266128494184,22.73044711005565
rotate,anu,rotate,0.09306618571281433,0.07585668563842773,-0.4657643837854266,-0.27240414917469025,-0.23534607887268066,-0.43147007655352354,0.08841434121131897,-0.11784279346466064,-0.31022761296480894,-0.1618129312992096,-0.23897171020507812,-0.276573876850307,0.07936525344848633,-0.34919583797454834,-0.35369260143488646,-0.05727285146713257,-0.38040363788604736,-0.31929279398173094,0.025109811262650987,0.008218216173576607,-3.656146652770774e-05,0.21825866265730479,1.394652959072232,-0.21799810400063396,0.28267810917268776,0.4397925053634931,0.15649664293965607,3.0550128786458735,16.226875358432455
rotate,anu,rotate,0.09379968047142029,0.07806837558746338,-0.46575852716341615,-0.267218753695488,-0.1825752854347229,-0.4650446125306189,0.0884181559085846,-0.11783117055892944,-0.31022175634279847,-0.1499791145324707,-0.21377140283584595,-0.31067138398066163,0.07936525344848633,-0.34919583797454834,-0.3706684955395758,-0.056743621826171875,-0.3797415494918823,-0.3521724590100348,0.02222711389714997,0.06702090754653395,0.00017747339425664763,0.15713319633946102,1.5991149526653692,-1.0174101811240908,0.30970056483325603,0.4379556769679641,0.0982625406728981,0.3316395296824023,25.072909268013863
rotate,anu,rotate,0.09379968047142029,0.07950901985168457,-0.4519173866137862,-0.2642700523138046,-0.12681907415390015,-0.4650457864627242,0.0884181559085846,-0.11772024631500244,-0.3102229302749038,-0.1391858458518982,-0.19494247436523438,-0.31067255791276693,0.07936525344848633,-0.34919583797454834,-0.3706696694716811,-0.05669844150543213,-0.3781692385673523,-0.3521736329421401,0.0,0.04365588679458225,0.41942850150394384,0.08935458732373928,1.6895821600249588,-3.55737001606918e-05,0.34496811708421143,0.43657462059548824,0.05288558115270238,0.0,31.019253289464856
rotate,anu,rotate,0.09385153651237488,0.07950901985168457,-0.44821482873521745,-0.24118831753730774,-0.08617949485778809,-0.46502488828264177,0.08847001194953918,-0.11772024631500244,-0.300771921640262,-0.12477761507034302,-0.18482273817062378,-0.3106516597326845,0.07927164435386658,-0.3495672643184662,-0.3706487712915987,-0.055360883474349976,-0.3781692385673523,-0.35215273476205766,0.0015713951804420991,0.0,0.11219872359299175,0.6994465083786858,1.2315024029124733,0.0006332781843163681,0.3640466573426739,0.43627459719764167,0.5679614905850144,1571.3951804420992,23.11884223478616
rotate,anu,rotate,0.09389331936836243,0.07897433638572693,-0.419278490007855,-0.2151961326599121,-0.04780420660972595,-0.4649705762276426,0.08851179480552673,-0.11825492978096008,-0.27727042383048683,-0.11286669969558716,-0.17248401045799255,-0.3105973476776853,0.07908305525779724,-0.3501221537590027,-0.3705944592365995,-0.05531910061836243,-0.3786574602127075,-0.3520984227070585,0.0012661471511378293,-0.016202529271443507,0.8768587493140041,0.7876419659816771,1.1628875226685367,0.0016458198484597603,0.38440169593079043,0.4321033170778573,0.6773151085662424,0.07814020821804787,3.386282728789033
rotate,anu,rotate,0.09419859945774078,0.07750654220581055,-0.37749764090403914,-0.19043225049972534,-0.020626306533813477,-0.45685785776004195,0.08831091225147247,-0.11984527111053467,-0.23136199777945876,-0.10264606773853302,-0.16903525590896606,-0.2927484787069261,0.07899974286556244,-0.353436678647995,-0.31294762855395675,-0.05472855269908905,-0.37995418906211853,-0.3521049893461168,0.009250911799344296,-0.04447861151261834,1.2660863364792885,0.7504206715208231,0.8235727295731184,0.24583995356365979,0.3981270955360699,0.436015789778257,0.9111760666647143,0.2079809486807213,12.718277070409968
rotate,anu,rotate,0.09281714260578156,0.07679003477096558,-0.37583919591270387,-0.16219393908977509,0.009488284587860107,-0.4545061511453241,0.08785052597522736,-0.12045145034790039,-0.22644480294547975,-0.0934857577085495,-0.16171354055404663,-0.29153277701698244,0.07820306718349457,-0.35582056641578674,-0.3129847270902246,-0.054447874426841736,-0.37995418906211853,-0.35214208788238466,-0.041862328847248886,-0.02171234651045342,0.05025590882834105,0.8557064063621196,0.9125633673234319,0.07126383680963076,0.416836965947914,0.4373970595586664,0.9376943008107167,1.9279537968546292,6.740720936311302
rotate,anu,rotate,0.09161220490932465,0.07508435845375061,-0.37062146491371095,-0.13730023801326752,0.03737989068031311,-0.4545061511453241,0.08773835003376007,-0.12257888913154602,-0.2213502002414316,-0.0843852311372757,-0.15639492869377136,-0.2901602608617395,0.07829360663890839,-0.35849446058273315,-0.31102093285880983,-0.054017290472984314,-0.37905022501945496,-0.35106014437042177,-0.03651326352899783,-0.05168716112772706,0.15811306057554556,0.7543545780759989,0.8452001846198014,0.0,0.4370940023958152,0.43785865390350337,0.8925148139910994,0.7064144425407123,4.273535912920303
rotate,anu,rotate,0.08836418390274048,0.07388931512832642,-0.37062146491371095,-0.11544874310493469,0.052222490310668945,-0.4545061511453241,0.08680459856987,-0.12376821041107178,-0.2180496973451227,-0.07801041007041931,-0.1559906005859375,-0.2901602608617395,0.07820248603820801,-0.3595714867115021,-0.30441235727630556,-0.055098146200180054,-0.3796336352825165,-0.35106014437042177,-0.09842487898739793,-0.03621343410376307,0.0,0.6621665123737147,0.4497757463744143,0.0,0.44815508931260667,0.43860594246915835,1.4722115309680721,2.717835620608815,12.30389330528987
rotate,anu,rotate,0.0862826406955719,0.07383406162261963,-0.37062146491371095,-0.09758660197257996,0.05339878797531128,-0.4550036711152643,0.08557415008544922,-0.12399214506149292,-0.21764735109172761,-0.07801041007041931,-0.15433096885681152,-0.2901602608617395,0.07813206315040588,-0.35999736189842224,-0.302357338136062,-0.055991679430007935,-0.37964722514152527,-0.35106014437042177,-0.06307706688389564,-0.0016743486577814092,0.0,0.5412770040107436,0.03564538377704003,-0.015076362725460002,0.44728429863998775,0.4392449509707861,15.184625946808723,37.65011336053824,13.081138580640877
rotate,anu,rotate,0.08387750387191772,0.07311108708381653,-0.37065457878634334,-0.07422289252281189,0.05293533205986023,-0.4569280701689422,0.08426046371459961,-0.12666764855384827,-0.21768046496436,-0.07801041007041931,-0.15250441431999207,-0.2901933747343719,0.0776691734790802,-0.3612807095050812,-0.3023904520086944,-0.05683392286300659,-0.3801106810569763,-0.35109325824305415,-0.07288293405012768,-0.021908319357670063,-0.0010034506858298434,0.7079911954475284,-0.014044118650032036,-0.05831512283872567,0.446130287200505,0.4397667191986131,50.40834563871154,3.326572261799299,5.431961551212571
rotate,anu,rotate,0.0815896987915039,0.07240501046180725,-0.3706521396525204,-0.06763342022895813,0.05243310332298279,-0.4569256310351193,0.08317682147026062,-0.12830618023872375,-0.20772329019382596,-0.07803642749786377,-0.1530066430568695,-0.290190935600549,0.07673537731170654,-0.3620561361312866,-0.2996084694750607,-0.0574321448802948,-0.38061290979385376,-0.35109081910923123,-0.06932742667920586,-0.021396261273008168,7.391314614902762e-05,0.1996809786016269,-0.015219052632649572,7.391314614902762e-05,0.4459079758319139,0.4402581690420959,13.119598428541412,3.2400140277139005,15.504670244694664
rotate,anu,rotate,0.07850244641304016,0.06888580322265625,-0.34432748006656766,-0.06763342022895813,0.05182230472564697,-0.45503434585407376,0.0816863477230072,-0.13055473566055298,-0.18095216201618314,-0.08200833201408386,-0.15361744165420532,-0.28740784572437406,0.07621878385543823,-0.3628860116004944,-0.2748151426203549,-0.057884782552719116,-0.38140273094177246,-0.32350477622821927,-0.09355310237769074,-0.10664264361063809,0.7977169571500963,0.0,-0.018509048404115915,0.05731167215289583,0.4528564840559776,0.4373374901007118,0.0,0.87724968137115,6.295411941918743
rotate,anu,rotate,0.07642540335655212,0.06697869300842285,-0.34432748006656766,-0.06763342022895813,0.04776114225387573,-0.45503434585407376,0.08126756548881531,-0.13177961111068726,-0.18095216201618314,-0.08499541878700256,-0.15361744165420532,-0.285728604067117,0.07600992918014526,-0.3630743622779846,-0.2748151426203549,-0.058271437883377075,-0.381872296333313,-0.32318025873973966,-0.06294069868145498,-0.057791218613132654,0.0,0.0,-0.123065529447612,0.0,0.44950866349209007,0.43563490222570694,0.0,1.089086042928838,3.613143730242398
rotate,anu,rotate,0.07404476404190063,0.06584197282791138,-0.3443299192003906,-0.06763342022895813,0.04541283845901489,-0.4534042435698211,0.08063879609107971,-0.1320791244506836,-0.18095460115000606,-0.08593332767486572,-0.1534462571144104,-0.28435086784884334,0.07556682825088501,-0.36289551854133606,-0.2748175817541778,-0.05828717350959778,-0.3826751410961151,-0.3231826978735626,-0.07214058529246858,-0.03444606607610491,-7.391314614902762e-05,0.0,-0.0711607210563883,0.04939703891674623,0.44755370798470134,0.43433871372730287,0.0,2.094244692220994,2.171308143084285
idle,anu,rotate,0.07399678230285645,0.0639059841632843,-0.3443285662215203,-0.06908661127090454,0.04482284188270569,-0.45340289059095085,0.08074244856834412,-0.13319620490074158,-0.18095324817113578,-0.08718523383140564,-0.15535441040992737,-0.28434951486997306,0.07543113827705383,-0.36340606212615967,-0.27481622877530754,-0.058139264583587646,-0.38300788402557373,-0.3231813448946923,-0.0014539920922481883,-0.05866632317051836,4.0999359705232056e-05,-0.044036092180194976,-0.017878684130582228,4.0999359705232056e-05,0.4473439676515381,0.4329314118175866,2.462912200158706,0.02478367877842519,2.5738266406192647
idle,anu,rotate,0.07441408932209015,0.06254896521568298,-0.344332757871598,-0.06866930425167084,0.045284122228622437,-0.45238811103627086,0.08084972202777863,-0.1328529417514801,-0.18095743982121348,-0.08843512833118439,-0.15600547194480896,-0.28435370652005076,0.07556842267513275,-0.3629447817802429,-0.27482042042538524,-0.05772726237773895,-0.3828858733177185,-0.3235100540332496,0.012645667249506031,-0.04112178629094859,-0.00012701969932425966,0.012645667249506031,0.013978192300507362,0.03075089559636299,0.44727936118649436,0.43113597191067127,0.9046064305909197,0.30750998145010006,2.1790344520270084
idle,anu,rotate,0.07490558922290802,0.06287527084350586,-0.3431876718532294,-0.06817780435085297,0.04561042785644531,-0.4523877918254584,0.08100329339504242,-0.13252663612365723,-0.18095712061040103,-0.09121488034725189,-0.15612828731536865,-0.2843533873092383,0.07580898702144623,-0.36261847615242004,-0.2748201012145728,-0.05728517472743988,-0.38255956768989563,-0.3243924498092383,0.014893936388420573,0.009888049327966096,0.034699576314200606,0.014893936388420573,0.009888049327966096,9.67305492271092e-06,0.4470246101101321,0.4309522822485653,1.5061039635327458,1.5061039635327458,0.9422277623302103
idle,anu,rotate,0.07526135444641113,0.0628863275051117,-0.3431876718532294,-0.06782203912734985,0.04562148451805115,-0.4534067630302161,0.0811513364315033,-0.1325155794620514,-0.18095712061040103,-0.09448686242103577,-0.15643665194511414,-0.28648279304616153,0.07559242844581604,-0.3626074194908142,-0.2797486602794379,-0.05701369047164917,-0.3825485110282898,-0.32525722379796207,0.010780764348579058,0.0003350503516919648,0.0,0.010780764348579058,0.0003350503516919648,-0.03087791529568725,0.44706673986358664,0.4301971019568655,32.08080067257621,32.08080067257621,0.9876282856713677
idle,anu,rotate,0.07564312219619751,0.06279462575912476,-0.3401117145549506,-0.06710454821586609,0.04552978277206421,-0.45345653290860355,0.08119189739227295,-0.13260728120803833,-0.18288506264798343,-0.0966435968875885,-0.15681248903274536,-0.2916793047916144,0.07490038871765137,-0.3626940846443176,-0.2811279415618628,-0.05730485916137695,-0.38264021277427673,-0.3301270722877234,0.011568719690496455,-0.0027788407874830283,0.09321082722057145,0.021742148832841698,-0.0027788407874830283,-0.00150817813295309,0.44568569064841596,0.42955823797280934,7.821364781300245,4.161648301078137,0.954631900292753
idle,anu,rotate,0.0758640468120575,0.06402963399887085,-0.3388167826924473,-0.06524103879928589,0.04545140266418457,-0.45367362187244,0.08136031031608582,-0.13093721866607666,-0.17836686060763896,-0.09986019134521484,-0.15690183639526367,-0.29276444599963725,0.0742708146572113,-0.36275964975357056,-0.2811611203942448,-0.057929039001464844,-0.3819434642791748,-0.33100493834353983,0.006694685329090392,0.03742449211351758,0.03924035946979624,0.056469982320611505,-0.002375154784231449,-0.006578453449588761,0.44471051657149807,0.43066902199910495,23.765279389775248,0.17888035536805572,1.0635858888696788
idle,anu,rotate,0.0769655704498291,0.06473737955093384,-0.33826006948947906,-0.06415155529975891,0.04531419277191162,-0.46252836287021637,0.08195766806602478,-0.12934672832489014,-0.17511020600795746,-0.10180500149726868,-0.15713804960250854,-0.30147315561771393,0.07423937320709229,-0.36289164423942566,-0.27520646154880524,-0.05809316039085388,-0.38200047612190247,-0.33883829414844513,0.033379504174896796,0.02144683491099941,0.016870097059643444,0.03301465150081714,-0.004157875523422658,-0.26832548478109974,0.44489747526941387,0.4322612307547814,7.938360096348074,1.5563111294640883,7.963693962706085
idle,anu,rotate,0.07885883748531342,0.06508928537368774,-0.3349732905626297,-0.06172288954257965,0.044045865535736084,-0.46761323511600494,0.08269725739955902,-0.12900716066360474,-0.17165225744247437,-0.10322059690952301,-0.15729403495788574,-0.3060341030359268,0.07423554360866547,-0.3629773259162903,-0.2731618732213974,-0.058231160044670105,-0.38215646147727966,-0.33883829414844513,0.05737172834801043,0.010663812810724602,0.09959936141967932,0.07359593203573633,-0.03843415867198659,-0.15408703775117136,0.44524555151892836,0.4325309813889486,1.9148075506548285,5.3795344903116415,3.817716024515523
idle,anu,rotate,0.08140388131141663,0.06569549441337585,-0.33009709417819977,-0.058352112770080566,0.03889074921607971,-0.46761323511600494,0.0836934745311737,-0.12833735346794128,-0.17165225744247437,-0.10450294613838196,-0.15743693709373474,-0.30664362013339996,0.07468092441558838,-0.36273282766342163,-0.2731618732213974,-0.05819496512413025,-0.38229936361312866,-0.33883829414844513,0.07712254018494492,0.018369970899639505,0.1477635268009054,0.10214475068178931,-0.15621564605019136,0.0,0.4404362851328923,0.43224720322098464,0.653865982047591,4.198065557137119,5.940501521499667
rotate,anu,rotate,0.08335606753826141,0.06713870167732239,-0.31922432081773877,-0.052202239632606506,0.020313769578933716,-0.467614256311208,0.08473555743694305,-0.126419335603714,-0.1623926986940205,-0.10740990936756134,-0.16183844208717346,-0.3088082601316273,0.0751250833272934,-0.36213645339012146,-0.26259367959573865,-0.05787058174610138,-0.3823830187320709,-0.3388393153436482,0.05915715838923693,0.04373355345292595,0.32947798062003547,0.18635979204467146,-0.562938776883221,-3.0945309183814804e-05,0.42282362616049757,0.43307266986554815,0.33104747558695047,1.3526411891437562,12.586373004289767
rotate,anu,rotate,0.08452001214027405,0.06749463081359863,-0.29696513107046485,-0.042336881160736084,-0.004727780818939209,-0.4699459164403379,0.08500918745994568,-0.12560105323791504,-0.15177939226850867,-0.10778522491455078,-0.16524624824523926,-0.3091032295487821,0.07507151365280151,-0.36253592371940613,-0.25427491357550025,-0.057990461587905884,-0.383715957403183,-0.33389023831114173,0.035271048545837014,0.01078573140231034,0.6745209014325357,0.29895025672334286,-0.7588348605415954,-0.07065636754938973,0.40297421768896735,0.432247621885186,0.3939590526335648,3.2698550868043808,7.173556083508743
rotate,anu,rotate,0.08554905652999878,0.06420353055000305,-0.2873131334781647,-0.025599569082260132,-0.03050127625465393,-0.4699591398239136,0.08528214693069458,-0.12803062796592712,-0.1320163756608963,-0.10879221558570862,-0.1735915243625641,-0.3150058388710022,0.07523354887962341,-0.3665495812892914,-0.22927998006343842,-0.057841956615448,-0.3891407549381256,-0.3283036947250366,0.03118316332499152,-0.09973031101804682,0.29248477552424457,0.5071912751053264,-0.7810150132034679,-0.00040070859320235535,0.38694716997330986,0.4347671790195044,0.64939932924678,0.31267174778589635,6.693618970082952
rotate,anu,rotate,0.08691668510437012,0.06420353055000305,-0.2732183733023703,-0.017465442419052124,-0.07016590237617493,-0.46997694158926606,0.08614873886108398,-0.12803062796592712,-0.12717133248224854,-0.10870656371116638,-0.18067792057991028,-0.31824860954657197,0.07573693990707397,-0.36547625064849854,-0.21845671022310853,-0.05759516358375549,-0.3903888165950775,-0.30369181418791413,0.04144329013246544,0.0,0.42711394472104813,0.24648868676388294,-1.2019583673188372,-0.0005394474349238741,0.36304800358421935,0.4332995970649814,0.20507239551176795,41443.290132465445,15.004106147207679
rotate,anu,rotate,0.08717389404773712,0.06420353055000305,-0.26272506918758154,-0.011937037110328674,-0.11397233605384827,-0.5518160900101066,0.08655567467212677,-0.12803062796592712,-0.11688963230699301,-0.10873554646968842,-0.1905612051486969,-0.36750690545886755,0.07596896588802338,-0.36547625064849854,-0.20839118864387274,-0.057354822754859924,-0.3908773958683014,-0.30045513715595007,0.007794210405060654,0.0,0.3179789125693532,0.16752743359767847,-1.3274676872022078,-2.479974194570897,0.3767247218108309,0.4332463910533988,0.1262006668878659,7794.210405060654,75.2686290190172
rotate,anu,rotate,0.08793497085571289,0.06420353055000305,-0.2521731755696237,-0.01116684079170227,-0.15762773156166077,-0.6380535564385355,0.08678120374679565,-0.12803062796592712,-0.11353219812735915,-0.10920754075050354,-0.20572546124458313,-0.40282644843682647,0.07617580890655518,-0.36547625064849854,-0.20455261087045074,-0.05713874101638794,-0.3927156627178192,-0.2990031144581735,0.023062933575023672,0.0,0.3197543520593333,0.02333928238261867,-1.3228907729640362,-2.6132565584372807,0.4151324525890862,0.4324704734924765,0.01764262418105851,23062.93357502367,5.951700269645604
rotate,anu,rotate,0.08925043046474457,0.07567062973976135,-0.18446334498003125,-0.007621362805366516,-0.19683119654655457,-0.6602152665145695,0.08718611299991608,-0.12107911705970764,-0.07373724179342389,-0.10965602099895477,-0.2221287190914154,-0.4027997334487736,0.07618220150470734,-0.35373222827911377,-0.18049841420724988,-0.05675138533115387,-0.38727185130119324,-0.27498257951810956,0.03986241239489887,0.3474878542350962,2.051813048169446,0.10743872685865805,-1.187983787421011,-0.671566972001025,0.4325339584671617,0.42961996433937183,0.09043779684409607,0.11471565752129033,59.03595783213305
rotate,anu,rotate,0.0893804132938385,0.08276930451393127,-0.1594254751689732,-0.006532877683639526,-0.24401172995567322,-0.6916082580573857,0.08732342720031738,-0.11545100808143616,-0.07021944271400571,-0.1108405590057373,-0.23531976342201233,-0.4140142579562962,0.07570618391036987,-0.3472632169723511,-0.1596497525461018,-0.056593358516693115,-0.3881652057170868,-0.25396958785131574,0.00393887360890702,0.21511135679302557,0.7587233276078112,0.03298439762809024,-1.4297131336096405,-0.9513027740247217,0.4634801850943255,0.43024993246417076,0.02307062429663025,0.018310773344819432,11.428246339750228
rotate,anu,rotate,0.090084508061409,0.08291545510292053,-0.1531705786474049,-0.005828782916069031,-0.29328012466430664,-0.6916082580573857,0.08830048143863678,-0.11743566393852234,-0.07021944271400571,-0.11029325425624847,-0.2596612870693207,-0.4140142579562962,0.07641027867794037,-0.34490278363227844,-0.13166291313245893,-0.05541844666004181,-0.3885055482387543,-0.18797280685976148,0.021336205077894146,0.004428805726947277,0.189542318835406,0.021336205077894146,-1.4929816578374002,0.0,0.5149521179179748,0.4285767254758735,0.014290993244891302,4.81651033771127,28.893197371966203
rotate,anu,rotate,0.09123021364212036,0.08153349161148071,-0.14710133569315076,-0.005641579627990723,-0.33671098947525024,-0.6916082580573857,0.08959174156188965,-0.12057173252105713,-0.07021944271400571,-0.10925173759460449,-0.28044548630714417,-0.4094923217780888,0.07755598425865173,-0.35052725672721863,-0.12355851428583264,-0.05179572105407715,-0.389120489358902,-0.16378045873716474,0.034718350930647034,-0.041877681558781944,0.18391645315921465,0.00567282691146382,-1.316086812452822,0.0,0.5324275971285308,0.4329177049325258,0.004310371130092944,0.8290220617837624,5.381422977164416
rotate,anu,rotate,0.09104675054550171,0.08099097013473511,-0.14327336242422462,-0.005345076322555542,-0.3919287919998169,-0.6916803210042417,0.08988824486732483,-0.12057173252105713,-0.07029150566086173,-0.10927990078926086,-0.3038679361343384,-0.40956438472494483,0.07785248756408691,-0.35052725672721863,-0.12363057723268867,-0.04746851325035095,-0.389120489358902,-0.14117235830053687,-0.005559487776322887,-0.016440044749867093,0.11599918996746075,0.008984948649551072,-1.673266743168713,-0.002183725662303728,0.5521243406176879,0.4321665277410875,0.005369701702691064,0.338146867240163,10.824301881237023
rotate,anu,rotate,0.09006799757480621,0.08099097013473511,-0.14325861493125558,-0.015360340476036072,-0.4449915587902069,-0.6735998229123652,0.089994415640831,-0.12057173252105713,-0.07471106061711907,-0.11513327062129974,-0.331508606672287,-0.4002923802472651,0.07827861607074738,-0.35052725672721863,-0.12361582973971963,-0.04629157483577728,-0.389120489358902,-0.12066960195079446,-0.029659180930166208,0.0,0.0004468937263344224,-0.3034928531357703,-1.607962630011801,0.5478938815720094,0.5566059170643323,0.43212591757543733,0.1887436055587544,29659.18093016621,19.272640979995867
rotate,anu,rotate,0.08970201015472412,0.08099097013473511,-0.14318493218161166,-0.026854634284973145,-0.49446773529052734,-0.6735261401627213,0.09056544303894043,-0.12057173252105713,-0.0794568455312401,-0.11584317684173584,-0.35022401809692383,-0.35475772828795016,0.07884964346885681,-0.35052725672721863,-0.12354214699007571,-0.044538408517837524,-0.389120489358902,-0.1072552299592644,-0.011090527881275403,0.0,0.0022328105952703348,-0.3483119336041499,-1.4992780757672695,0.0022328105952703348,0.57625819025776,0.4321013688787041,0.23231961229492795,11090.527881275404,16.91460447431005
rotate,anu,rotate,0.0890280157327652,0.08039873838424683,-0.14708496839739382,-0.04360358417034149,-0.5504067093133926,-0.6735261401627213,0.09052087366580963,-0.11493521928787231,-0.08199616731144488,-0.11835791170597076,-0.3685661554336548,-0.35237348289228976,0.07910837233066559,-0.35054370760917664,-0.12389841140247881,-0.04427967965602875,-0.3889082372188568,-0.1072552299592644,-0.02042407339269497,-0.017946416681463354,-0.11818291562976448,-0.507543935920261,-1.695120424935339,0.0,0.5888505390475811,0.4316797510994672,0.2994145011998898,1.1379951641614017,7.648981982860552
rotate,anu,rotate,0.0880986899137497,0.07977887988090515,-0.15215681702829897,-0.06600205600261688,-0.5799796730279922,-0.6735261401627213,0.0903109461069107,-0.11471840739250183,-0.08452793420292437,-0.12413223087787628,-0.3693411648273468,-0.35159698338247836,0.07897166907787323,-0.3508794605731964,-0.1309911033604294,-0.044416382908821106,-0.38956665992736816,-0.1072552299592644,-0.02816138845501493,-0.018783591010353574,-0.15369238275469987,-0.6787415706750044,-0.8961504155939177,0.0,0.5978175311778856,0.4312747339539955,0.7573960815820097,1.4991749588528762,24.760778435566234
rotate,anu,rotate,0.087158203125,0.07931223511695862,-0.16618664772249758,-0.08877384662628174,-0.5805042535066605,-0.6804375967476517,0.08965808153152466,-0.11515668034553528,-0.09650412411428988,-0.13172340393066406,-0.369865745306015,-0.35071534127928317,0.07861962914466858,-0.3510817289352417,-0.13459131331183016,-0.04476997256278992,-0.3900114595890045,-0.09777162433601916,-0.028499599659082116,-0.014140750422622443,-0.4251463846726919,-0.6900542613231885,-0.01589637814146125,-0.20943807833122818,0.6145921256195392,0.43163657942151545,43.4067967172202,2.0152809098859175,27.421135870861747
rotate,anu,rotate,0.08710075914859772,0.07904982566833496,-0.19204964418895543,-0.11122174561023712,-0.5808715671300888,-0.6857048638630658,0.08955146372318268,-0.11548441648483276,-0.1024261035490781,-0.13911835849285126,-0.37023305892944336,-0.35070294816978276,0.07858853042125702,-0.35137930512428284,-0.13691394706256688,-0.04600922763347626,-0.38993915915489197,-0.10553274978883564,-0.0017407265576449115,-0.007951801473444072,-0.783727165650229,-0.6802393631501557,-0.01113071586146487,-0.15961415501254803,0.6142536437543028,0.4340295379008299,61.10822191437432,0.2188821842790281,1.5455933086781637
rotate,anu,rotate,0.0869489461183548,0.07891422510147095,-0.20818617823533714,-0.1367769092321396,-0.5828115195035934,-0.6857011902611703,0.08939965069293976,-0.11476045846939087,-0.1072738457005471,-0.14518578350543976,-0.3653825521469116,-0.33537104609422386,0.0784367173910141,-0.35295867919921875,-0.1509108084719628,-0.04826630651950836,-0.39022764563560486,-0.10723916324786842,-0.004600394855846132,-0.004109108086788359,-0.488985880193393,-0.7743988976334204,-0.058786435560747564,0.00011132126956275192,0.6160689831203098,0.4357374570639418,13.172864069452409,1.1192880475902236,5.8012152654601215
rotate,anu,rotate,0.08677102625370026,0.07788866758346558,-0.21754196169786155,-0.1622530072927475,-0.5436573475599289,-0.6857011902611703,0.08922173082828522,-0.11506801843643188,-0.11652833106927574,-0.14712388813495636,-0.3531286418437958,-0.31856921198777854,0.07830573618412018,-0.353816419839859,-0.15573562565259635,-0.0506240576505661,-0.3894692361354828,-0.11182267847470939,-0.005391511050137548,-0.031077500545616966,-0.283508589773464,-0.7720029715335646,1.1864900588989127,0.0,0.6046251255059595,0.43618914110564777,0.6506605892588847,0.1734804110714382,37.73572134326583
rotate,anu,rotate,0.0863848626613617,0.0767536461353302,-0.23012158158235252,-0.18304845690727234,-0.5353031903505325,-0.6857011902611703,0.08883556723594666,-0.11633571982383728,-0.12471423181705177,-0.14751005172729492,-0.3185102641582489,-0.3171519029419869,0.07841205596923828,-0.3535144329071045,-0.1564778971951455,-0.05323517322540283,-0.3893652856349945,-0.11220213654451072,-0.011701927040562356,-0.03439458933743526,-0.3812006025603281,-0.6301651398340792,0.25315627907261423,0.0,0.6058469487147187,0.43659772988363027,2.4892238617137536,0.34021591913316296,28.607567934511216
rotate,anu,rotate,0.08668434619903564,0.0761992335319519,-0.3087502110283822,-0.19884827733039856,-0.469241738319397,-0.669447599677369,0.08873230218887329,-0.11689013242721558,-0.15097854915075004,-0.14768388867378235,-0.28208744525909424,-0.2768580603878945,0.0784749686717987,-0.35377636551856995,-0.1769713896792382,-0.05343928933143616,-0.3879297375679016,-0.11407942208461463,0.009075258717392575,-0.016800381920554688,-2.3826857407888156,-0.47878243706443857,2.0018621827617156,0.49253304799398573,0.5798182714780474,0.4497911375454272,0.23916841130167718,0.5401495400976494,55.24366148036299
rotate,anu,rotate,0.08707718551158905,0.0731673538684845,-0.3701719951350242,-0.21796032786369324,-0.41323742270469666,-0.5600529920775443,0.0883086770772934,-0.11992201209068298,-0.19656048831529915,-0.1481294184923172,-0.24770250916481018,-0.2431623798329383,0.07883627712726593,-0.3563901484012604,-0.22061582026071846,-0.05388481914997101,-0.3863754868507385,-0.14485791441984475,0.011904221592527317,-0.09187514131719315,-1.8612661850497374,-0.5791530464634688,1.6971004731727182,3.3149881090855597,0.4472463400282579,0.4549226415229897,0.3412601165095606,0.12956814926988702,86.07984489793704
rotate,anu,rotate,0.08801636099815369,0.07258912920951843,-0.37399673578329384,-0.2257639765739441,-0.3579269349575043,-0.5285782229620963,0.08789610862731934,-0.12212666869163513,-0.20907823857851326,-0.1449074149131775,-0.22134777903556824,-0.23977698502130806,0.07885372638702393,-0.35691070556640625,-0.2540233146864921,-0.054328858852386475,-0.3820781707763672,-0.19689056393690407,0.028459863229231854,-0.017521959362608294,-0.11590123176574892,-0.23647420334093874,1.6760753862785838,0.9537808822863182,0.3741523552370008,0.44603551844582306,0.14108796310052776,1.6241470770035273,72.30413783913765
rotate,anu,rotate,0.08987116813659668,0.07233399152755737,-0.37647056696005166,-0.22608345746994019,-0.3003807067871094,-0.46843341109342873,0.08764061331748962,-0.12266075611114502,-0.21286796149797738,-0.13325515389442444,-0.20407462120056152,-0.2192119073588401,0.07922706007957458,-0.35693812370300293,-0.27275082585401833,-0.05464833974838257,-0.3822024166584015,-0.22025455650873482,0.05620627692251433,-0.007731444907910811,-0.07496458111387229,-0.009681239272608794,1.7438250960725534,1.822570056626271,0.31253405519628874,0.4417529067770257,0.005551722900817283,7.268888119074929,27.28652346639014
rotate,anu,rotate,0.09193927049636841,0.07213097810745239,-0.38819319126196206,-0.22636127471923828,-0.23366743326187134,-0.4484515201766044,0.08743730187416077,-0.12286376953125,-0.2140900653321296,-0.12215942144393921,-0.18763810396194458,-0.2192119073588401,0.07907387614250183,-0.35666629672050476,-0.28565973159857094,-0.054926156997680664,-0.38218533992767334,-0.24652283010073006,0.06266976847793047,-0.006151921821362977,-0.35523103945182644,-0.008418704524184625,2.0216143492496155,0.6055118459643674,0.3036820114270101,0.44107338575605237,0.00416434537228335,10.1853672608582,37.829047964410194
rotate,anu,rotate,0.09287019073963165,0.07202452421188354,-0.3945131623186171,-0.22692663967609406,-0.17901885509490967,-0.43079430097714067,0.08707161247730255,-0.12297022342681885,-0.21871894830837846,-0.1131799966096878,-0.17082160711288452,-0.21921032899990678,0.07850851118564606,-0.3567396402359009,-0.2995267533697188,-0.05549152195453644,-0.3801959455013275,-0.27142188185825944,0.02820970434131089,-0.0032258756232984654,-0.19151427444409547,-0.01713227141987221,1.6560175202109861,0.5350672484686062,0.3086450862534518,0.43939433819659696,0.010345458828376789,8.742110832420414,11.285566530205955
rotate,anu,rotate,0.09324583411216736,0.07207334041595459,-0.3881408560555428,-0.2181420773267746,-0.12840336561203003,-0.4296922672074288,0.08712849020957947,-0.1229214072227478,-0.24495592596940696,-0.10633662343025208,-0.16122019290924072,-0.21915957215242088,0.07847124338150024,-0.35619667172431946,-0.3350686121266335,-0.05552878975868225,-0.37879621982574463,-0.3218449342530221,0.011383132501081862,0.0014792789112437693,0.19310018979012755,0.2661988590702837,1.5338027116023965,0.0333949627185406,0.31744402649974734,0.431798743520102,0.17355471046042797,7.689856563259052,17.84763776447853
rotate,anu,rotate,0.09384602308273315,0.07234254479408264,-0.38661231379956007,-0.2100108116865158,-0.09471437335014343,-0.3959302781149745,0.08727052807807922,-0.12274834513664246,-0.24490736704319715,-0.09449043869972229,-0.15729650855064392,-0.2185558406636119,0.07846564054489136,-0.35643357038497925,-0.3350200532004237,-0.05594819784164429,-0.3778127133846283,-0.32179637532681227,0.018187544562600164,0.00815770842812291,0.04631946230250852,0.2464019890987551,1.0208785533905191,1.023090578559238,0.3307201152902549,0.43214265522948286,0.24136244895924414,2.22921859787366,33.78455643609137
rotate,anu,rotate,0.09389053285121918,0.07244753837585449,-0.3865797212347388,-0.20611672103405,-0.05658763647079468,-0.39589768555015326,0.08707748353481293,-0.12279355525970459,-0.2448747744783759,-0.08727021515369415,-0.1557355523109436,-0.21852324809879065,0.07796414196491241,-0.3564787805080414,-0.3349874606356025,-0.05640847980976105,-0.37753573060035706,-0.321763782761991,0.0013487808632128017,0.0031816236900560433,0.0009876534794316038,0.1180027470444175,1.1553556630105557,0.0009876534794316038,0.3618232609416827,0.4323114598431114,0.10213534125205405,0.42379526911302884,31.481112850812366
rotate,anu,rotate,0.09253174066543579,0.07240021228790283,-0.3904283894225955,-0.1936958283185959,-0.026607751846313477,-0.42961236368864775,0.08569616079330444,-0.12284088134765625,-0.2479861481115222,-0.08285161852836609,-0.15203410387039185,-0.24100327026098967,0.0760057270526886,-0.35652610659599304,-0.33867409359663725,-0.05792698264122009,-0.3750392198562622,-0.32185279857367277,-0.041175520781314284,-0.0014341238773230194,-0.11662630872292824,0.37639068834708983,0.9084813522569961,-1.0216569132877007,0.3891655062179889,0.4323533315399097,0.4143070995402391,28.69126591226414,32.8269129024668
rotate,anu,rotate,0.09218508005142212,0.07214024662971497,-0.38964216026943177,-0.17055627703666687,0.0003762543201446533,-0.43065468582790345,0.08535504341125488,-0.12310084700584412,-0.2528942635981366,-0.07964900135993958,-0.15021762251853943,-0.253735642763786,0.07483622431755066,-0.3577021658420563,-0.3450636378256604,-0.058834850788116455,-0.37290456891059875,-0.33783857140224427,-0.010504867091323557,-0.007877747217814254,0.023825125853446778,0.7011985236948298,0.8176971565593503,-0.03158551937138543,0.40054348224869274,0.4324959271693744,0.8575273382604665,1.3333169349019742,31.695046948218188
rotate,anu,rotate,0.09209907054901123,0.07215297222137451,-0.38963856908958405,-0.15566590428352356,0.027710258960723877,-0.43065109464805573,0.085269033908844,-0.12358427047729492,-0.2528906724182889,-0.07961243391036987,-0.1487654447555542,-0.25668757769744843,0.07354339957237244,-0.359840452671051,-0.34658845874946564,-0.059571266174316406,-0.3713974952697754,-0.33783498022239655,-0.0026063485579056887,0.00038562398968320483,0.00010882363174900745,0.4512234167619135,0.8283031709266341,0.00010882363174900745,0.42087529038579724,0.43452956640023627,0.5447556979667557,6.741300662799792,7.642408202064302
rotate,anu,rotate,0.09201543033123016,0.07060408592224121,-0.38966661039739847,-0.14484302699565887,0.050897955894470215,-0.43223359528928995,0.08522967994213104,-0.12489902973175049,-0.2529187137261033,-0.07958190143108368,-0.14875882863998413,-0.2909771138802171,0.0729619711637497,-0.3619648218154907,-0.34638839308172464,-0.05993153154850006,-0.3707180619239807,-0.37833877746015787,-0.0025345520539717644,-0.04693594845858562,-0.0008497366004369611,0.3279659784201472,0.7026574828408093,-0.04795456488588619,0.4334451290867121,0.4351458357168134,0.466750187223527,0.0539990804090748,5.528897650980387
rotate,anu,rotate,0.09181751310825348,0.07060408592224121,-0.39044961578474613,-0.12969566881656647,0.06564092636108398,-0.4350308204375324,0.08522967994213104,-0.12489902973175049,-0.25768184907065006,-0.07958190143108368,-0.1475418210029602,-0.2949970389090595,0.07257498800754547,-0.3630453944206238,-0.3488405967436847,-0.06036515533924103,-0.36951565742492676,-0.37907615549192997,-0.005997491605354012,0.0,-0.023727435980231776,0.45901085391188606,0.44675668080647296,-0.08476439843158794,0.44418340473335516,0.4360658861220947,1.0274268885165982,5997.491605354013,8.783329215221244
rotate,anu,rotate,0.08952364325523376,0.07071742415428162,-0.39105779118835926,-0.11603471636772156,0.06924751400947571,-0.4609494525939226,0.08506858348846436,-0.12478569149971008,-0.25768825598061085,-0.07957613468170166,-0.1473999321460724,-0.3066267091780901,0.07220038771629333,-0.3629320561885834,-0.3488470036536455,-0.060872018337249756,-0.3682757019996643,-0.37908256240189075,-0.0695112076672633,0.0034344918800122432,-0.018429557685246206,0.4139682560255988,0.109290534799748,-0.7854130956481802,0.44852165556491896,0.436043251946874,3.7877430926750355,20.233262104818476,23.60566834069915
rotate,anu,rotate,0.08821189403533936,0.07156696915626526,-0.39329125185031444,-0.1061008870601654,0.07009705901145935,-0.4611905385972932,0.08486056327819824,-0.12438133358955383,-0.2576833834173158,-0.07956266403198242,-0.14560577273368835,-0.3100103010656312,0.0720665454864502,-0.36208251118659973,-0.34884213109035045,-0.061201632022857666,-0.36742615699768066,-0.3790776898385957,-0.03974997636043728,0.02574378793889867,-0.06768062611985495,0.3010251305320094,0.02574378793889867,-0.007305636465775361,0.4474204148015092,0.43622043558015006,11.692663044902396,1.544000923790003,23.96024076091551
rotate,anu,rotate,0.08609405159950256,0.072486013174057,-0.39330177067313343,-0.10167735815048218,0.07090422511100769,-0.4752957677701488,0.08434316515922546,-0.12380340695381165,-0.2529364979127422,-0.08105617761611938,-0.143109530210495,-0.31029267667327076,0.0720486044883728,-0.3615845739841461,-0.34640617726836354,-0.06158715486526489,-0.3666189908981323,-0.3790882086614147,-0.06417704351020512,0.027849818720961757,-0.00031875220663619416,0.13404633059645996,0.02445957877419185,-0.42743118705622607,0.44976625415441207,0.43682232761296014,5.480096437370121,2.3043144315862656,13.699820267869177
rotate,anu,rotate,0.0841769278049469,0.07250240445137024,-0.3933011640328914,-0.09344622492790222,0.07092061638832092,-0.47570449602790177,0.08383727073669434,-0.12380221486091614,-0.25270891678519547,-0.08207470178604126,-0.14309313893318176,-0.3138570834416896,0.07204142212867737,-0.36158487200737,-0.34395552170462906,-0.06223183870315552,-0.3666025996208191,-0.37163866055198014,-0.05809466044108166,0.0004967053731282632,1.8383037637580816e-05,0.24942827947212384,0.0004967053731282632,-0.012385704780392772,0.45081104752176365,0.43705151469612175,501.1564932569935,116.72500153240286,13.074272740777777
rotate,anu,rotate,0.08250975608825684,0.07347434759140015,-0.3910523848608136,-0.08739262819290161,0.06588619947433472,-0.47569405008107424,0.08332401514053345,-0.12283027172088623,-0.2515713470056653,-0.0826723575592041,-0.1419028639793396,-0.3144905464723706,0.071778804063797,-0.3606129288673401,-0.3419072823598981,-0.06290668249130249,-0.36666741967201233,-0.3691192464902997,-0.05052035505121349,0.029452822425148382,0.06814482339629546,0.18344232530304677,-0.15255808830261064,0.0003165438432585075,0.44616183581063595,0.4369921715712348,1.2024345933372207,1.7152393438780968,5.065345551883343
rotate,anu,rotate,0.08065879344940186,0.07347434759140015,-0.38070028950460255,-0.08139926195144653,0.06289994716644287,-0.47572117974050343,0.08245456218719482,-0.12418794631958008,-0.22692583431489766,-0.08307486772537231,-0.1419028639793396,-0.3145176761317998,0.07145032286643982,-0.36052605509757996,-0.32008927990682423,-0.06333610415458679,-0.3693412244319916,-0.3636336319614202,-0.056089776934998795,0.0,0.31369985927911975,0.18161715883197008,-0.09049249417853979,-0.0008221108917937044,0.4469030392171324,0.43830906897888405,2.006963710271229,56089.776934998794,1.8819049756070365
idle,anu,rotate,0.07866211235523224,0.07287520170211792,-0.37459286861121655,-0.077329620718956,0.06143289804458618,-0.47533020190894604,0.08159409463405609,-0.12487387657165527,-0.21451040916144848,-0.08332426846027374,-0.14212119579315186,-0.3138921242207289,0.07118819653987885,-0.36052605509757996,-0.30606829933822155,-0.0634130984544754,-0.3704318702220917,-0.3621515613049269,-0.06050548770211056,-0.01815593603885564,0.18507336040563951,0.12332246159062438,-0.044456033995657965,0.011847813077496949,0.44666570536693645,0.43884863610044655,2.7739696175563364,3.332362220841088,2.2834402794157787
idle,anu,rotate,0.07759951055049896,0.07170689105987549,-0.3583115916699171,-0.07373668253421783,0.060106098651885986,-0.4727818351238966,0.08052359521389008,-0.12537842988967896,-0.19709454290568829,-0.08356748521327972,-0.14212626218795776,-0.31034177355468273,0.07087565958499908,-0.36052605509757996,-0.28883528523147106,-0.06341041624546051,-0.37121132016181946,-0.3528508823364973,-0.03220005468888681,-0.035403352795224816,0.49337202852421996,0.10887691468903393,-0.04020604220303578,0.0772232359105882,0.4477999341045922,0.4378327158539993,2.7079065935572184,0.9094942329585477,2.0329431423767406
idle,anu,rotate,0.07613103091716766,0.06958514451980591,-0.3371924441307783,-0.07210300862789154,0.059182941913604736,-0.44636267237365246,0.07966311275959015,-0.12681710720062256,-0.17370706610381603,-0.08362261950969696,-0.14292508363723755,-0.27808221988379955,0.0708862692117691,-0.36132487654685974,-0.2636128645390272,-0.06329308450222015,-0.37257981300354004,-0.3179918210953474,-0.044499382828221884,-0.06429534969907921,0.6399741678527009,0.049505269888676366,-0.02797444661458378,0.8005806894013503,0.45052831959229733,0.4371783484047666,1.7695971246038642,0.6920981212228781,21.99675678694016
idle,anu,rotate,0.07502035796642303,0.06872397661209106,-0.3342342060059309,-0.07195048034191132,0.058850228786468506,-0.4460571389645338,0.07935352623462677,-0.12731802463531494,-0.1696289163082838,-0.08354367315769196,-0.14325779676437378,-0.2778059523552656,0.07103879749774933,-0.3615497946739197,-0.2600908260792494,-0.06314055621623993,-0.37317919731140137,-0.3156454246491194,-0.0336567560831702,-0.026095997203479826,0.08964357954082969,0.004622069272127968,-0.010082215973825056,0.009258588155110575,0.45136931110592815,0.4366332693089296,0.4583923704625948,1.289679261592684,24.02411746473246
idle,anu,rotate,0.07427297532558441,0.06806233525276184,-0.3317123334854841,-0.07192476093769073,0.058597832918167114,-0.4391526859253645,0.07898049056529999,-0.12760820984840393,-0.1696141343563795,-0.08385275304317474,-0.143286794424057,-0.2698721867054701,0.07106451690196991,-0.36145880818367004,-0.2585109453648329,-0.06309254467487335,-0.3734443783760071,-0.3107180576771498,-0.022647958813291968,-0.020049738161491946,0.07642037940747932,0.0007793758854721655,-0.007648359645496837,0.20922584967180066,0.4508147447869581,0.43572600345536666,0.10188772937758032,1.1295324207458886,6.061181459623173
idle,anu,rotate,0.0741627961397171,0.06677395105361938,-0.32977023534476757,-0.07186032831668854,0.057393670082092285,-0.43720567040145397,0.07889361679553986,-0.12885230779647827,-0.16707527451217175,-0.085005983710289,-0.14366626739501953,-0.2686778288334608,0.07112850248813629,-0.36219531297683716,-0.25713676027953625,-0.06301777064800262,-0.3746539354324341,-0.3090482335537672,-0.0033387632081002534,-0.03904194542855884,0.05885145880959186,0.0019525036667332291,-0.03648978291135806,0.05900047042153034,0.4507412260669404,0.43508557562949285,0.0535067628303885,0.08551514675575782,4.635558307526527
idle,anu,rotate,0.0743582546710968,0.06541988253593445,-0.32977023534476757,-0.0717020332813263,0.05715605616569519,-0.4324110131710768,0.07899683713912964,-0.13020214438438416,-0.16705180518329144,-0.08605784177780151,-0.14345458149909973,-0.26250180415809155,0.07132047414779663,-0.36320993304252625,-0.25713676027953625,-0.06282231211662292,-0.3760374188423157,-0.3064922969788313,0.005922985799384775,-0.041032379323785506,0.0,0.00479681925340127,-0.007200421709002792,0.14529264334476197,0.45121054877405326,0.4347509270989362,0.6660933697862146,0.14434555225509887,2.762781619318374
idle,anu,rotate,0.07449080049991608,0.06388646364212036,-0.32967924419790506,-0.07156948745250702,0.05693632364273071,-0.43164747301489115,0.07903902232646942,-0.13038194179534912,-0.165721052326262,-0.08675695955753326,-0.14333677291870117,-0.26159741822630167,0.0714530199766159,-0.36341118812561035,-0.25670614186674356,-0.06268976628780365,-0.37625715136528015,-0.30460476223379374,0.0040165402672508186,-0.04646723920648822,0.00275730748068207,0.0040165402672508186,-0.006658561301953971,0.023137580490473913,0.4515255104643464,0.4334946193213461,0.6031238523282806,0.08643624841050575,3.7017805048752015
idle,anu,rotate,0.07473587989807129,0.06337285041809082,-0.32621311442926526,-0.0713244080543518,0.05642271041870117,-0.431663625407964,0.07917472720146179,-0.13085776567459106,-0.16393948392942548,-0.08723914623260498,-0.1438503861427307,-0.2616135706193745,0.07159438729286194,-0.3639109432697296,-0.2567222942598164,-0.06244167685508728,-0.3767707645893097,-0.3046209146268666,0.007426648428945749,-0.015564037091804102,0.10503423541332621,0.007426648428945749,-0.015564037091804102,-0.0004894664567528295,0.4515255696698517,0.43290909370428704,0.47713657122322645,0.47713657122322645,0.7720874856844346
idle,anu,rotate,0.07530182600021362,0.063161700963974,-0.3262268053367734,-0.07084289193153381,0.05621156096458435,-0.4316773163154721,0.07965624332427979,-0.13084855675697327,-0.1639531748369336,-0.08795839548110962,-0.14406153559684753,-0.26162726152688265,0.07199060916900635,-0.36402931809425354,-0.25673598516732454,-0.06194576621055603,-0.3772130012512207,-0.3046346055343747,0.017149881883101303,-0.006398468306570444,-0.0004148759850950018,0.01459139766115154,-0.006398468306570444,-0.0004148759850950018,0.45174756262836296,0.43281879003658436,2.280095308257141,2.679891681859448,0.3525414048138028
rotate,anu,rotate,0.07595480978488922,0.06285762786865234,-0.32978583546355367,-0.07024301588535309,0.0554426908493042,-0.43242661328986287,0.07975609600543976,-0.1310456395149231,-0.16573111386969686,-0.08899877965450287,-0.1443656086921692,-0.26251740427687764,0.07200779020786285,-0.36422473192214966,-0.2579331216402352,-0.061840251088142395,-0.3776342272758484,-0.3065078970976174,0.01978738741441185,-0.00921433622186824,-0.10784939778121916,0.01817806200547632,-0.023299094402428572,-0.02270596892093142,0.4510895105813486,0.4331024514959448,0.78017117405248,2.1472235996616,0.8546250488533413
rotate,anu,rotate,0.07683400809764862,0.06281033158302307,-0.3308296035975218,-0.06921739876270294,0.05468514561653137,-0.43334622494876385,0.07983236014842987,-0.13047167658805847,-0.16707184724509716,-0.09084208309650421,-0.14651373028755188,-0.26454390399158,0.0720253437757492,-0.3645259141921997,-0.2592289876192808,-0.06173942983150482,-0.37824922800064087,-0.30898655764758587,0.0266423731139209,-0.0014332207766446043,-0.03162933739297283,0.031079306746973796,-0.022955916144630873,-0.027867019966695942,0.4505035168895898,0.43331978770220714,1.3538101786481707,18.57620078287487,0.4211972256943544
rotate,anu,rotate,0.07811184227466583,0.06460362672805786,-0.34371431451290846,-0.06661678850650787,0.05430471897125244,-0.4629626153036952,0.08058895170688629,-0.12944835424423218,-0.18844767194241285,-0.0923270434141159,-0.14847785234451294,-0.30371038895100355,0.07274724543094635,-0.36445558071136475,-0.28415249567478895,-0.06065554916858673,-0.37905946373939514,-0.34491713624447584,0.03872224778840098,0.05434227712226723,-0.390445785314754,0.07880637139985182,-0.01152808015996778,-0.8974663743918735,0.44919348432188116,0.43320687050316514,6.835443097489233,0.7125490003350292,26.393426313636386
rotate,anu,rotate,0.07844152301549911,0.06478685140609741,-0.34372050361707807,-0.06467685848474503,0.05367368459701538,-0.4655571957118809,0.08078914135694504,-0.1295880675315857,-0.18845386104658246,-0.09329300373792648,-0.1497572362422943,-0.3086482067592442,0.07291389256715775,-0.3644919991493225,-0.28415868477895856,-0.06019265204668045,-0.37982840836048126,-0.3475036104209721,0.009990325479796329,0.0055522629708954175,-0.00018754861120021498,0.05878575823523717,-0.0191222537647592,-0.07862364873289976,0.44931149741125825,0.4334264603088521,3.0740458165947158,1.7990009715289013,24.8218983007233
rotate,anu,rotate,0.07862560451030731,0.06486476957798004,-0.34371973387897015,-0.06288252770900726,0.0529373437166214,-0.4662070106714964,0.0808437317609787,-0.12983311712741852,-0.18845309130847454,-0.09440456330776215,-0.1511419266462326,-0.30975369922816753,0.07293494045734406,-0.3646337240934372,-0.28415791504085064,-0.059875354170799255,-0.3807026594877243,-0.3487041126936674,0.005578227115399998,0.00236115672371608,2.3325397209688038e-05,0.05437365987084215,-0.0223133600119392,-0.019691362412590282,0.4492879104816219,0.43364611146265925,2.4367115992459456,2.3614974651743195,1.7934336259800874
rotate,anu,rotate,0.07917048037052155,0.06486031413078308,-0.343714187387377,-0.058883294463157654,0.0457896888256073,-0.46620146417990327,0.08095507323741913,-0.12982496619224548,-0.18844754481688142,-0.0967133492231369,-0.15357699990272522,-0.3135735192336142,0.07293494045734406,-0.36462172865867615,-0.2841523685492575,-0.059875354170799255,-0.38070961833000183,-0.3486985662020743,0.016511389703461436,-0.00013501355142304244,0.00016807550282189155,0.12118888623786563,-0.21659560275800063,0.00016807550282189155,0.44239074834343706,0.43363731077932016,0.5595142522769284,121.39518107358379,6.25478781501534
rotate,anu,rotate,0.08019578456878662,0.061790138483047485,-0.3137671803124249,-0.05121457576751709,0.030330270528793335,-0.4681422566063702,0.08116263151168823,-0.13182112574577332,-0.15589906321838498,-0.09895727038383484,-0.15888264775276184,-0.31801824318245053,0.07289716601371765,-0.36805233359336853,-0.2542016957886517,-0.05991312861442566,-0.3843609392642975,-0.3487015520222485,0.031069824189850437,-0.09303562568895643,0.9074850628773272,0.2323854150194085,-0.46846722111556954,-0.0588118917111188,0.4316370537996468,0.4340113680309869,0.49605374397867597,0.33395261231554385,8.532475458324297
rotate,anu,rotate,0.08134402334690094,0.061249613761901855,-0.30778132332488894,-0.03638260066509247,0.011619627475738525,-0.47112424625083804,0.08148334920406342,-0.1301952600479126,-0.15157441748306155,-0.10057897865772247,-0.16357767581939697,-0.31984080327674747,0.07295630872249603,-0.36723291873931885,-0.24996608449146152,-0.05985398590564728,-0.3863249123096466,-0.34749852074310184,0.034795114488313246,-0.01637953700441329,0.18138960568291057,0.44945379098257143,-0.5669891834259123,-0.09036332255963267,0.41736564625928024,0.43244680164922755,0.7927011862301507,2.124174224504279,7.286650163516105
rotate,anu,rotate,0.08207960426807404,0.0574590265750885,-0.2604440273717046,-0.021694079041481018,-0.021235913038253784,-0.47225810308009386,0.08159513771533966,-0.13572391867637634,-0.09607214201241732,-0.10239280760288239,-0.17099031805992126,-0.3259686650708318,0.07317565381526947,-0.3695823848247528,-0.197967735119164,-0.059856221079826355,-0.39379099011421204,-0.3036152543500066,0.02229033094463902,-0.11486627838828221,1.4344635137328439,0.44510671586700873,-0.9956224398179379,-0.03435929785623657,0.41072380618589316,0.43167920320263214,0.4470633153719262,0.19405292140109495,13.099948349818852
rotate,anu,rotate,0.08384005725383759,0.0574590265750885,-0.24268360575661063,-0.011905953288078308,-0.05398055911064148,-0.47276935121044517,0.0822598785161972,-0.13572391867637634,-0.09587270906195045,-0.10265789926052094,-0.17598405480384827,-0.32843214413151145,0.07321305572986603,-0.3695823848247528,-0.18648304184898734,-0.06004337966442108,-0.3940761089324951,-0.29485771199688315,0.053347060174653876,0.0,0.5381945943967948,0.29660987131523836,-0.9922620021935823,-0.01549236758640343,0.3868265065819862,0.4308547360715603,0.2989226350871966,53347.06017465388,4.537221477225366
rotate,anu,rotate,0.0839599221944809,0.0574590265750885,-0.21884382981806993,-0.007714942097663879,-0.1020258367061615,-0.5384443374350667,0.08239154517650604,-0.13572391867637634,-0.08655028510838747,-0.10262475907802582,-0.1877799928188324,-0.33770492393523455,0.07328154146671295,-0.3695823848247528,-0.1805625082924962,-0.05997489392757416,-0.39460280537605286,-0.2874595196917653,0.003632270928585128,0.0,0.7224174526830435,0.12700033910346614,-1.4559175028945301,-1.9901510977157821,0.3890061232152591,0.42888676179509205,0.08723039019764853,3632.2709285851283,61.68003665071568
rotate,anu,rotate,0.08436910808086395,0.0574590265750885,-0.2180896638892591,-0.005051568150520325,-0.14438381791114807,-0.6301924823783338,0.08256365358829498,-0.13572391867637634,-0.07478562882170081,-0.10260085761547089,-0.196817547082901,-0.3883816837333143,0.07335473597049713,-0.3695823848247528,-0.16992331435903907,-0.05990169942378998,-0.3961623013019562,-0.2739167748950422,0.012399572314637944,0.0,0.022853512994267473,0.08070830142859169,-1.283575188029882,-2.780246816462609,0.43969685163984323,0.42989031237098313,0.06287768671719296,12399.572314637944,24.5453810516492
rotate,anu,rotate,0.08443126082420349,0.06161943078041077,-0.1813145219348371,-0.004989415407180786,-0.1822824776172638,-0.6638309000991285,0.08263933658599854,-0.14164939522743225,-0.07123240968212485,-0.10261726379394531,-0.2063126266002655,-0.3977979361079633,0.07341688871383667,-0.36665335297584534,-0.14503284683451056,-0.05983954668045044,-0.39239707589149475,-0.24336107959970832,0.0018834164648345324,0.12607285470673732,1.1143982410431086,0.0018834164648345324,-1.1484442335186766,-1.0193459915392489,0.47323519655605817,0.429947966209173,0.0016399706401880446,0.014938993252927671,53.570799274987486
rotate,anu,rotate,0.08445078134536743,0.06592586636543274,-0.17740436783060431,-0.004969894886016846,-0.2145918905735016,-0.6941891550086439,0.08269721269607544,-0.13653352856636047,-0.07123240968212485,-0.1033690869808197,-0.21703746914863586,-0.3988562165759504,0.07169288396835327,-0.3626806437969208,-0.14335820963606238,-0.059626996517181396,-0.3909040093421936,-0.22190260281786323,0.0005915309443618247,0.13049804803096743,0.11848951831008318,0.0005915309443618247,-0.979073119885983,-0.919947118470153,0.507077853355557,0.43014584199645806,0.0006041738131436982,0.004532837237413827,5.951161739551789
rotate,anu,rotate,0.08472968637943268,0.07254788279533386,-0.17077651340514421,-0.004690989851951599,-0.25860723853111267,-0.6941882343962789,0.08303286135196686,-0.12963655591011047,-0.07123148906975985,-0.10655207931995392,-0.2329871952533722,-0.40156468469649553,0.07197178900241852,-0.35598310828208923,-0.14335728902369738,-0.05880339443683624,-0.39181646704673767,-0.20917425770312548,0.008451667698947,0.20066716454246147,0.2008440734987941,0.008451667698947,-1.333798422957933,2.7897344394164097e-05,0.5058768708681916,0.4295967738763421,0.006336535729040842,0.04211763095664646,29.879553928840647
rotate,anu,rotate,0.08515216410160065,0.07882174849510193,-0.1680034175515175,-0.005426123738288879,-0.29228201508522034,-0.6942117735743523,0.08358700573444366,-0.12367841601371765,-0.07041982561349869,-0.10939754545688629,-0.2439374029636383,-0.40158822387456894,0.07248453795909882,-0.3489038646221161,-0.14219746738672256,-0.05756427347660065,-0.38899001479148865,-0.1840885654091835,0.012802355217211034,0.19011714241721206,0.0840332076856575,-0.022276784434462793,-1.0204477743668878,-0.0007133084264668473,0.5218203822907326,0.42869058297622326,0.021830379921112527,0.06733894542855576,9.541048339893479
rotate,anu,rotate,0.08601260185241699,0.07829788327217102,-0.16328589199110866,-0.005088478326797485,-0.34060609340667725,-0.6942214327864349,0.08501026034355164,-0.12367841601371765,-0.07126468745991588,-0.1103469729423523,-0.26606765389442444,-0.40159788308665156,0.07350113987922668,-0.34932833909988403,-0.1376311290077865,-0.0554121732711792,-0.38899001479148865,-0.1674608844332397,0.02607387123685866,-0.015874703725178862,0.14295532001238723,0.010231679136102737,-1.4643660097411024,-0.0002927033964431615,0.5313663081366616,0.42857775211113247,0.006987100274753992,1.6423757767352074,13.488095516802844
rotate,anu,rotate,0.08606944978237152,0.07829788327217102,-0.16215173885575496,-0.005822852253913879,-0.3890908658504486,-0.6902523635362741,0.08543090522289276,-0.12367841601371765,-0.07735713556758128,-0.11383546888828278,-0.28716880083084106,-0.39885357007733546,0.07503832876682281,-0.3493299186229706,-0.13759620473138057,-0.052069202065467834,-0.38899001479148865,-0.15329189584008418,0.001722664544076658,0.0,0.03436827682890053,-0.02225375536716381,-1.4692355285991556,0.12027482576245126,0.5389483081987916,0.42847426625255275,0.015146475692638588,1722.664544076658,3.7867325242905694
rotate,anu,rotate,0.08610683679580688,0.07799836993217468,-0.16052026610122994,-0.02254199981689453,-0.4310075342655182,-0.671457018062938,0.08605572581291199,-0.12367841601371765,-0.09033359150635079,-0.12136074900627136,-0.3012695014476776,-0.39453139464603737,0.07570809125900269,-0.34960708022117615,-0.125313016877044,-0.05136138200759888,-0.38899001479148865,-0.10230875323759392,0.001132939801071617,-0.009076161818070746,0.04943856831893948,-0.5066408352418323,-1.2702020731839128,0.5695559234344196,0.5714243397741334,0.4291784073174266,0.39886601279579476,0.12481211900576333,20.909061577699198
rotate,anu,rotate,0.08670786023139954,0.07742449641227722,-0.15728669660165906,-0.040107935667037964,-0.4607867896556854,-0.6571692009456456,0.08669963479042053,-0.1191074550151825,-0.09032639162614942,-0.12534454464912415,-0.32282063364982605,-0.33975029783323407,0.07636278867721558,-0.34985825419425964,-0.12122830050066113,-0.04979807138442993,-0.3870701491832733,-0.09866821067407727,0.018212831381595785,-0.0173901066635597,0.09798695453245236,-0.5323010863679913,-0.9024016784899306,0.4329641550694746,0.563428254480624,0.42892630765753414,0.5898709069201095,1.0472497083672012,11.9146370773519
rotate,anu,rotate,0.08670786023139954,0.07724946737289429,-0.1520453472621739,-0.05429196357727051,-0.5210919231176376,-0.6571692009456456,0.08670058846473694,-0.11594897508621216,-0.09032639162614942,-0.12771350145339966,-0.337881863117218,-0.33975029783323407,0.0772436261177063,-0.35003069043159485,-0.12122830050066113,-0.04825291037559509,-0.385335236787796,-0.09866821067407727,0.0,-0.005303910284331292,0.15882876786318517,-0.42981902758279966,-1.8274282867258045,0.0,0.5747953585243657,0.4284945686375607,0.23520419132217377,0.0,31.105064381930738
rotate,anu,rotate,0.08670786023139954,0.07713848352432251,-0.1520453472621739,-0.07170712947845459,-0.5453261137008667,-0.6571692009456456,0.08671560883522034,-0.11578959226608276,-0.09518665121868253,-0.13179385662078857,-0.35011863708496094,-0.33975029783323407,0.07727918028831482,-0.3501416742801666,-0.12122830050066113,-0.04825291037559509,-0.38304054737091064,-0.09866821067407727,0.0,-0.003363146926417549,0.0,-0.5277323000358897,-0.7343694116130137,0.0,0.5820739313584503,0.42849378482073636,0.7186186857348295,0.0,33.25562171915868
rotate,anu,rotate,0.08652079105377197,0.07713848352432251,-0.15728669660165906,-0.08780908584594727,-0.5701986253261566,-0.6571692009456456,0.0865420401096344,-0.1150699257850647,-0.10617876099422574,-0.13564610481262207,-0.352094829082489,-0.33975029783323407,0.07709211111068726,-0.3500801622867584,-0.12169846938923001,-0.048439979553222656,-0.3829221725463867,-0.09866821067407727,-0.005668762958410952,0.0,-0.15882876786318517,-0.48793807174219694,-0.7537124734936256,0.0,0.5903776354422512,0.4288020443634177,0.6473787306474674,5668.762958410953,1.3407968274894442
rotate,anu,rotate,0.0861474871635437,0.07528102397918701,-0.15729580470360816,-0.10639068484306335,-0.5701695382595062,-0.6905592347029597,0.08598148822784424,-0.1150408387184143,-0.10240542539395392,-0.14164167642593384,-0.3520657420158386,-0.35344323166646063,0.0765199363231659,-0.349191278219223,-0.12531492509879172,-0.04901215434074402,-0.38287022709846497,-0.11036804714240134,-0.011312239097826285,-0.056286652882893265,-0.0002760030893665341,-0.5630787574883601,0.0008814262621330396,-1.0118192047670824,0.6123684690175819,0.42578421968069713,638.1029006630665,0.2009719453280714,38.3166951475798
rotate,anu,rotate,0.08573490381240845,0.07483568787574768,-0.1717909926082939,-0.12935993075370789,-0.570183277130127,-0.6905315720941871,0.08517786860466003,-0.11505457758903503,-0.1023777627851814,-0.14955493807792664,-0.35207948088645935,-0.3534155690576881,0.07565104961395264,-0.34918075799942017,-0.16730285226367414,-0.05167543888092041,-0.38271915912628174,-0.13383305608294904,-0.01250252579197759,-0.013495033437555702,-0.43924811832381716,-0.6960377548680272,-0.000416329412749326,0.0008382608718944452,0.5925292512151679,0.42416008050246534,1667.8377646152412,0.9263852116123649,30.949986639314165
rotate,anu,rotate,0.08620011806488037,0.07455494999885559,-0.2056097564054653,-0.15157648921012878,-0.57021164894104,-0.6905162510229275,0.08468034863471985,-0.11508294939994812,-0.11146343767177314,-0.15583805739879608,-0.35210785269737244,-0.35340024798642844,0.07508796453475952,-0.34904834628105164,-0.17271076410543174,-0.053883492946624756,-0.3826030492782593,-0.13655168085824698,0.014097401590058144,-0.008507208390669296,-1.0248110241566983,-0.6732290441339592,-0.0008597518458510796,0.00046427488665688613,0.5929735687061521,0.42502420668667507,782.1406917440825,1.6569177602088772,0.6913965414450886
rotate,anu,rotate,0.08761018514633179,0.07430905103683472,-0.20632677047979087,-0.1746312826871872,-0.5467960387468338,-0.6905162510229275,0.08451864123344421,-0.11521828174591064,-0.11286590516101569,-0.16206099092960358,-0.3442434072494507,-0.35340024798642844,0.07475954294204712,-0.3492658734321594,-0.17646213143598288,-0.056220024824142456,-0.3809000253677368,-0.14070101350080222,0.042729305498528436,-0.007451483697602362,-0.02172769922198706,-0.6986301053654175,0.7095639452789883,0.0,0.5863782982472125,0.4248208473100085,0.9845893741139207,5.7335657791878765,21.54175177872996
rotate,anu,rotate,0.0884762704372406,0.0708833634853363,-0.2116583165479824,-0.19479583203792572,-0.5288540422916412,-0.6903703388525173,0.08488541841506958,-0.11864396929740906,-0.11788682907354087,-0.16743050515651703,-0.3389529585838318,-0.32554321258794516,0.07456481456756592,-0.3516516089439392,-0.1781318065477535,-0.058555006980895996,-0.3797501027584076,-0.1411169198108837,0.026245008815418303,-0.10380871368176896,-0.16156200206640817,-0.6110469500223729,0.5436968622785566,0.0044215809215198375,0.5852118125307064,0.4240912147203924,1.1238722688030558,0.25281842984244207,5.6855340334816065
rotate,anu,rotate,0.08882796764373779,0.06930181384086609,-0.2703063663793728,-0.2116079330444336,-0.5015193521976471,-0.6712769445730373,0.08479556441307068,-0.12022551894187927,-0.13763369887601584,-0.16790087521076202,-0.31098756194114685,-0.3110974308801815,0.07417628169059753,-0.3522859215736389,-0.19279605417978019,-0.05907955765724182,-0.3783130645751953,-0.14475499361287802,0.01065749110597541,-0.047925746802127196,-1.7772136312542344,-0.5094576062578088,0.8283239422422376,0.5785877054387809,0.561845227309848,0.42890411405170553,0.6150455941586528,0.22237042605826074,19.661966753121426
rotate,anu,rotate,0.08939829468727112,0.06996801495552063,-0.3505716572981328,-0.2261977195739746,-0.4718612730503082,-0.5901041280012578,0.0848531424999237,-0.12145569920539856,-0.19557418930344284,-0.168706014752388,-0.2938871383666992,-0.29427891480736434,0.07463017106056213,-0.3514299690723419,-0.23605979490093887,-0.0598846971988678,-0.3771217465400696,-0.16906846570782363,0.01728263768282831,0.020187912565289443,-2.432281542992766,-0.44211474331943174,0.8987296711314952,2.4597823203569953,0.4625004088839249,0.4369294279948128,0.49193240814048617,0.8560459919244062,57.08229690435969
rotate,anu,rotate,0.0891057550907135,0.06890448927879333,-0.39433075673878193,-0.24172736704349518,-0.4242980182170868,-0.5842090118676424,0.08472618460655212,-0.12370732426643372,-0.2323364932090044,-0.16970159113407135,-0.26812633872032166,-0.2837111223489046,0.07464522123336792,-0.35352352261543274,-0.274170832708478,-0.06088027358055115,-0.3769691586494446,-0.20662965066730976,-0.008864836259321636,-0.032228050809917676,-1.3260333163832931,-0.4705953778642545,1.4413107525218458,0.17863988283682758,0.42132157097212536,0.43942341723594597,0.3265049195920726,0.2750573174371523,71.05925692769901
rotate,anu,rotate,0.08889803290367126,0.0681181252002716,-0.4167308076284826,-0.25091905891895294,-0.3905407786369324,-0.49886237224563956,0.08451884984970093,-0.1254940927028656,-0.2431336804293096,-0.16899733245372772,-0.24538984894752502,-0.26486890157684684,0.07452604174613953,-0.35464349389076233,-0.2761013968847692,-0.0619489848613739,-0.3762636184692383,-0.21160921594128013,-0.006294611728552717,-0.023829214500658818,-0.6787894209000306,-0.2785361174381185,1.0229466539440897,2.5862618067274,0.3441335525614985,0.4457696399177816,0.27228775232456054,0.264144148949171,74.27988298611285
rotate,anu,rotate,0.0887252688407898,0.0685775876045227,-0.419459359254688,-0.25571849942207336,-0.3474879562854767,-0.48740349849686027,0.08409777283668518,-0.1260271668434143,-0.2525968714617193,-0.16586458683013916,-0.22974610328674316,-0.260468231048435,0.07395094633102417,-0.3553105294704437,-0.313010738696903,-0.06287959218025208,-0.3753628730773926,-0.24948704382404685,-0.005235274632771752,0.013923103159124048,-0.08268338261228528,-0.14543759100364756,1.3046309803471277,0.34723859844785365,0.3075192588057809,0.4372993542433356,0.111477867471063,0.37598648709674587,68.50285499867971
rotate,anu,rotate,0.08946487307548523,0.06901746988296509,-0.419459359254688,-0.25613927841186523,-0.2910620868206024,-0.47329498967155814,0.08434060215950012,-0.12566107511520386,-0.2539568110369146,-0.15557029843330383,-0.21309363842010498,-0.24650041898712516,0.07381823658943176,-0.3557477295398712,-0.31363912066444755,-0.062681645154953,-0.37541308999061584,-0.26957731088623405,0.022412249536225042,0.013329766013405393,0.0,-0.012750878478541379,1.7098748322688984,0.427530570463696,0.2933288943333644,0.43802764155854823,0.007457195568184481,1.6812424367577472,13.148692057398579
rotate,anu,rotate,0.09013348817825317,0.06622520089149475,-0.419459359254688,-0.25665104389190674,-0.23491713404655457,-0.43034725030884147,0.08429715037345886,-0.1281314194202423,-0.2541846497915685,-0.14719614386558533,-0.19585463404655457,-0.24650041898712516,0.07352593541145325,-0.35847026109695435,-0.31372140487656,-0.06159406900405884,-0.3739694356918335,-0.28111662110313773,0.02026106372024106,-0.08461421186273883,0.0,-0.01550804484974279,1.7013622052742043,1.3014466473550714,0.2822278277179244,0.4379755258442592,0.009115070081254872,0.23944942374083006,26.48369348140254
rotate,anu,rotate,0.0913337916135788,0.06375521421432495,-0.41947962809354067,-0.2569223791360855,-0.17090660333633423,-0.4234246211126447,0.0843658298254013,-0.1301286816596985,-0.25420491863042116,-0.13622404634952545,-0.18305808305740356,-0.2465206878259778,0.07360701262950897,-0.3618142306804657,-0.3137416737154126,-0.060753628611564636,-0.3760656714439392,-0.28801207710057497,0.03637283137350331,-0.07484808112635674,-0.0006142072379589014,-0.008222280126629363,1.9397130518248373,0.20977664230899146,0.31449797930186024,0.43886684326488073,0.004238913523822769,0.4859489365286982,33.860942992833166
rotate,anu,rotate,0.09152373671531677,0.06422650814056396,-0.4119107136502862,-0.24633437395095825,-0.11512517929077148,-0.4167707273736596,0.08446565270423889,-0.1300603747367859,-0.2539956280961633,-0.12614309787750244,-0.1724417805671692,-0.24215599987655878,0.07350298762321472,-0.3618142306804657,-0.31367793772369623,-0.06023338437080383,-0.37595686316490173,-0.2950761029496789,0.005755912173878154,0.014281634128455187,0.2293610437349876,0.3208486419735584,1.690346183198898,0.20163314360561113,0.3427481980244691,0.43759014705458454,0.18981227357469152,0.4030007435680715,12.514007707336452
rotate,anu,rotate,0.09125180542469025,0.06423377990722656,-0.40966381039470434,-0.24022521078586578,-0.07050067186355591,-0.4167117914184928,0.08425067365169525,-0.13004779815673828,-0.25257675256580114,-0.11580552160739899,-0.16137796640396118,-0.24209706392139196,0.07322312891483307,-0.3618142306804657,-0.3136190017685294,-0.059102728962898254,-0.37584197521209717,-0.29955027904361486,-0.008240342140197664,0.0002203565655332599,0.06808797744187367,0.18512615651795156,1.3522578008246995,0.0017859380353580626,0.3738522233908283,0.43711159417986845,0.1369014247901726,37.22655400053861,12.591747881803482
rotate,anu,rotate,0.0911710262298584,0.06465369462966919,-0.39950404211413115,-0.21272115409374237,-0.030457675457000732,-0.4198725287569687,0.0841698944568634,-0.1300012469291687,-0.24252090498339385,-0.10263937711715698,-0.1570429801940918,-0.24639520689379424,0.07314234972000122,-0.3621494472026825,-0.31527263566385955,-0.0591835081577301,-0.37584197521209717,-0.30650079890619963,-0.002447854388843856,0.012724688558867344,0.30787176607797206,0.83345626339767,1.2134241335319618,-0.09577991934775298,0.3946102790934954,0.4354088709331201,0.6868625351213039,0.19235535880989127,20.30813620074787
rotate,anu,rotate,0.09089979529380798,0.06543239951133728,-0.3653837058227509,-0.18248409032821655,0.0017274320125579834,-0.42328833672218025,0.08389866352081299,-0.1292225420475006,-0.21969001623801887,-0.09365254640579224,-0.1556611955165863,-0.25285350414924324,0.0728711187839508,-0.3616734743118286,-0.32030721637420356,-0.05945473909378052,-0.3751353323459625,-0.3084924730937928,-0.008219119274255133,0.023597117626306157,1.0339495845872961,0.916274659561403,0.9753062869563403,-0.10350933227914014,0.41272249118663173,0.429856197503249,0.9394727916171307,0.34829554646735106,7.643259237854784
rotate,anu,rotate,0.09076420962810516,0.06805294752120972,-0.3653837058227509,-0.1601705700159073,0.04530841112136841,-0.427523187128827,0.08376307785511017,-0.12660199403762817,-0.21934322151355445,-0.08651407063007355,-0.14687907695770264,-0.2591549369972199,0.07222910225391388,-0.36053168773651123,-0.32030721637420356,-0.05959032475948334,-0.3725147843360901,-0.33854588004760444,-0.00410865653644904,0.07941054575370933,0.0,0.6761672821911824,1.3206357305699983,-0.1283288002014146,0.43887306772408596,0.4313469945245608,0.5120009663061111,0.051738780519293995,12.767612235878447
rotate,anu,rotate,0.09060457348823547,0.06996843218803406,-0.3558167729061097,-0.13496676087379456,0.06377479434013367,-0.42368244263343513,0.08346757292747498,-0.12468650937080383,-0.2076911989133805,-0.08034124970436096,-0.1449635922908783,-0.26848011347465217,0.07178443670272827,-0.3603665232658386,-0.3152618322055787,-0.05977460741996765,-0.37070679664611816,-0.33854588004760444,-0.004837458783930076,0.05804498990376883,0.2899070580800421,0.7637517921852465,0.5595873702656228,0.11638619683005778,0.44908389765822104,0.43265121593419265,1.3648457201187227,0.08333838034203268,24.369950238806094
rotate,anu,rotate,0.08912469446659088,0.07181006669998169,-0.35516720451414585,-0.11607576906681061,0.06772059202194214,-0.4275407735258341,0.08333422243595123,-0.12286537885665894,-0.2056164536625147,-0.0772741287946701,-0.14101779460906982,-0.268688315525651,0.07156608998775482,-0.3585051894187927,-0.3152794186025858,-0.060413822531700134,-0.3667609989643097,-0.33856346644461155,-0.04484481883771443,0.0558071064226549,0.019683890665570677,0.5724542971813255,0.11956962672146752,-0.11691911795148216,0.44697814977182976,0.43251654269488593,4.787582978174253,0.8035538510855117,16.167219499615108
rotate,anu,rotate,0.08812852203845978,0.06963887810707092,-0.35516720451414585,-0.10110215842723846,0.07234218716621399,-0.42843099869787693,0.08307932317256927,-0.12462988495826721,-0.2056164536625147,-0.0771464854478836,-0.1383061707019806,-0.2720045689493418,0.07133574783802032,-0.3590936064720154,-0.3152794186025858,-0.06160272657871246,-0.36460912227630615,-0.3387139681726694,-0.030187043276700586,-0.06579359372456973,0.0,0.45374577695673884,0.14004833770520983,-0.026976520364935176,0.44781223465438097,0.43091133202043996,3.2398994839363637,0.4588073513010813,4.5556210788670315
rotate,anu,rotate,0.08675186336040497,0.06844082474708557,-0.3531299475580454,-0.09116928279399872,0.07344385981559753,-0.4297409299761057,0.0824262946844101,-0.12705376744270325,-0.20191086269915104,-0.07765670120716095,-0.13724973797798157,-0.2747625056654215,0.07007820904254913,-0.3625508248806,-0.3075063470751047,-0.06293593347072601,-0.36575448513031006,-0.3387139681726694,-0.04171692963802407,-0.03630464727228298,0.06173505927577096,0.300996231310292,0.03338401967828887,-0.03969488721905289,0.4494198660410982,0.4337203312252401,9.015906960990577,1.1490479518284817,5.658757832945184
rotate,anu,rotate,0.0852934867143631,0.06529217958450317,-0.3524426450021565,-0.08124573528766632,0.07591104507446289,-0.4389836718328297,0.08214305341243744,-0.1305140256881714,-0.19797536032274365,-0.0776711255311966,-0.1383458375930786,-0.2841646601445973,0.06998606026172638,-0.3635793626308441,-0.28790970938280225,-0.06355966627597809,-0.3671817481517792,-0.33869334356859326,-0.044193231698238,-0.09541348977522311,0.02082735017845102,0.30071356079794814,0.07476318966258574,-0.28008308656739156,0.4546451037781753,0.4339696035512453,4.022160370560858,0.46317107393592055,7.391629171945687
rotate,anu,rotate,0.08417722582817078,0.0624144971370697,-0.3508784379810095,-0.07185322046279907,0.07385662198066711,-0.4394273068755865,0.08105993270874023,-0.132908433675766,-0.19682632945477962,-0.07790601253509521,-0.1382087767124176,-0.28470676206052303,0.069745272397995,-0.3654066026210785,-0.2874085512012243,-0.0643395483493805,-0.368449866771698,-0.34296788834035397,-0.033826087460373924,-0.08720249840707629,0.04740021276203144,0.28462166135961814,-0.06225524526653967,-0.013443486144145544,0.45276473436568493,0.4327442676754031,4.5717768577442826,0.3878982847966687,9.097456089586652
idle,anu,rotate,0.08210472762584686,0.062056899070739746,-0.348722186870873,-0.06589733064174652,0.0675736665725708,-0.4509210856631398,0.0805208832025528,-0.1374008059501648,-0.19353864807635546,-0.08021970093250275,-0.13844966888427734,-0.2937893243506551,0.0696835070848465,-0.3684270977973938,-0.28662353474646807,-0.06508882343769073,-0.3709489703178406,-0.34295588452368975,-0.0628029758279967,-0.010836305040301579,0.06534094273140864,0.1804815097288632,-0.19039258812412863,-0.348296326895551,0.45161846884986945,0.43511722658952406,0.9479390115343425,5.795073184195342,11.313658776394558
idle,anu,rotate,0.07986721396446228,0.06154531240463257,-0.34748587664216757,-0.06113848090171814,0.06610727310180664,-0.45096642430871725,0.07994896173477173,-0.14164000749588013,-0.1867080694064498,-0.08022734522819519,-0.13656866550445557,-0.2938346629962325,0.0694686770439148,-0.3698471188545227,-0.28613028582185507,-0.06509646773338318,-0.3729749023914337,-0.3430012231692672,-0.06780344428438237,-0.015502626245672299,0.03746394632440685,0.14420756787965022,-0.04443616578073283,-0.0013738983508312559,0.4521784019087138,0.435857852794558,3.245201743765937,4.37339259925136,11.458162308082413
idle,anu,rotate,0.07922948151826859,0.059933826327323914,-0.34622657485306263,-0.05983736366033554,0.06282098591327667,-0.45532909221947193,0.07977419346570969,-0.14360196888446808,-0.1887387651950121,-0.08037122339010239,-0.13611648976802826,-0.29686919040977955,0.06942706555128098,-0.3709075003862381,-0.2812661249190569,-0.06518179923295975,-0.37512898445129395,-0.3438734281808138,-0.019325225642232453,-0.04883291143359375,0.03816066027590578,0.039427795193410595,-0.09958446025848011,-0.132202057901652,0.4519414835796958,0.43582128931331543,0.39591919433894623,0.395733724268875,5.347101931218809
idle,anu,rotate,0.07859562337398529,0.05832234025001526,-0.34368562418967485,-0.05853237211704254,0.059534698724746704,-0.4596917601302266,0.07960329949855804,-0.14556393027305603,-0.1838935436680913,-0.08051122725009918,-0.13566431403160095,-0.2999037178233266,0.06938932836055756,-0.3719678819179535,-0.2758633764460683,-0.06526325643062592,-0.3772830665111542,-0.3447456331923604,-0.01920782255403954,-0.04883291143359638,0.07699850495114594,0.039545198281606665,-0.09958446025848547,-0.1322020579016591,0.4517385050306709,0.43569976870573307,0.39709811230437225,0.3933295939269179,0.0035576693392749214
idle,anu,rotate,0.07767997682094574,0.05717858672142029,-0.33100432995706797,-0.05668668448925018,0.05836513638496399,-0.4610257828608155,0.07936803996562958,-0.14700749516487122,-0.16868357453495264,-0.08087855577468872,-0.1355491578578949,-0.30189684871584177,0.06926019489765167,-0.37363050878047943,-0.25975677464157343,-0.06539063155651093,-0.3786768168210983,-0.34669771138578653,-0.027746865243623194,-0.03465919783621178,0.38428164341233606,0.05592992811492084,-0.0354412830237192,-0.0404249312299677,0.4518321983700575,0.4367420103828291,1.578056585053807,0.8005397249820144,3.4291795378278107
