ground_truth,person_id,video_label,left_wrist_x,left_wrist_y,left_wrist_z,right_wrist_x,right_wrist_y,right_wrist_z,left_elbow_x,left_elbow_y,left_elbow_z,right_elbow_x,right_elbow_y,right_elbow_z,left_shoulder_x,left_shoulder_y,left_shoulder_z,right_shoulder_x,right_shoulder_y,right_shoulder_z,left_wrist_x_vel,left_wrist_y_vel,left_wrist_z_vel,right_wrist_x_vel,right_wrist_y_vel,right_wrist_z_vel,right_arm_len,left_arm_len,right_horiz_ratio,left_horiz_ratio,right_wrist_acc
idle,anu,rotate,0.08959044516086578,0.06733356416225433,-0.33604778395965695,-0.09343068301677704,0.08051775395870209,-0.43223747657611966,0.08981592953205109,-0.13433100283145905,-0.19350446062162519,-0.09479324519634247,-0.13987202942371368,-0.29347266303375363,0.07691921293735504,-0.36573727428913116,-0.2962723081000149,-0.0598437637090683,-0.37119515240192413,-0.3456434761174023,0.0,0.0,0.0,0.0,0.0,0.0,0.46116282573163975,0.4350781535803759,0.0,0.0,0.0
idle,anu,rotate,0.08894236385822296,0.06790199875831604,-0.33457719441503286,-0.0879720002412796,0.08029994368553162,-0.4412649190053344,0.0895022302865982,-0.13335856795310974,-0.19232270773500204,-0.09475032985210419,-0.13988032937049866,-0.30142670031636953,0.07705022394657135,-0.36547595262527466,-0.29607399459928274,-0.05984063446521759,-0.37177667021751404,-0.34949868079274893,-0.019638827352812794,0.017225290789748684,0.04456331953406334,0.16541462956052838,-0.0066003113081960964,-0.273558861491355,0.46215330903733554,0.435247479180716,25.05784409154464,1.1400496829241848,9.689391664058219
idle,anu,rotate,0.08791991323232651,0.06939257681369781,-0.334022976225242,-0.08005278557538986,0.07901589572429657,-0.43964158720336854,0.08873903006315231,-0.13235829770565033,-0.1922526208218187,-0.09505937248468399,-0.14005731046199799,-0.3008695018943399,0.07657071202993393,-0.36523331701755524,-0.293623618548736,-0.0598786398768425,-0.3720770627260208,-0.3456606788095087,-0.03098335229989254,0.04516903198126591,0.016794490599722572,0.23997620199665878,-0.03891054427984989,0.049191872786843414,0.46122040768016875,0.43664697417619,6.167223800493804,0.6859271720848629,10.085557581602293
rotate,anu,rotate,0.08689746260643005,0.07088315486907959,-0.3334687580354512,-0.07213357090950012,0.07773184776306152,-0.4380182554014027,0.08797582983970642,-0.13135802745819092,-0.19218253390863538,-0.0953684151172638,-0.14024925231933594,-0.30141108529642224,0.07609120011329651,-0.3649906814098358,-0.2911732424981892,-0.05991664528846741,-0.3723774552345276,-0.34182267682626843,-0.03098335229989254,0.04516903198126591,0.016794490599722572,0.23997620199665878,-0.03891054427984989,0.049191872786843414,0.46043591003961687,0.4380544339418699,6.167223800493804,0.6859271720848629,0.0
rotate,anu,rotate,0.08509954810142517,0.07100632786750793,-0.32640373008325696,-0.061563462018966675,0.07742133736610413,-0.4412493039853871,0.0870770514011383,-0.13154760003089905,-0.1859762598760426,-0.09580403566360474,-0.14055976271629333,-0.303536229301244,0.07552489638328552,-0.36477941274642944,-0.2911732424981892,-0.06035405397415161,-0.37315717339515686,-0.34182267682626843,-0.054482257727420685,0.003732515103889234,0.21409175612709738,0.32030633001616504,-0.009409405968405983,-0.09791056315104166,0.46141966929888567,0.43731232881482224,34.03746141149969,14.592751391487893,5.157071271855209
rotate,anu,rotate,0.08320944011211395,0.0574188232421875,-0.2804623176343739,-0.04284389317035675,0.05426567792892456,-0.4380182554014027,0.08519069850444794,-0.1453067660331726,-0.13467990653589368,-0.0967133492231369,-0.15441471338272095,-0.303536229301244,0.07379423081874847,-0.37831225991249084,-0.22948905127122998,-0.06207124888896942,-0.3870452642440796,-0.33911647694185376,-0.05727599967609752,-0.41174256440364954,1.3921640136025168,0.5672596620790886,-0.701686649611502,0.09791056315104166,0.4526661028528825,0.43880348320964263,0.8084218988223021,0.13910599855775146,23.049825134722894
rotate,anu,rotate,0.08320759236812592,0.05238187313079834,-0.25794634968042374,-0.0212581604719162,0.026155829429626465,-0.4417366459965706,0.08519069850444794,-0.15039819478988647,-0.1153378039598465,-0.09546126425266266,-0.16269099712371826,-0.3147463873028755,0.07379423081874847,-0.3848092555999756,-0.22010204941034317,-0.06190280616283417,-0.3962465226650238,-0.32760415226221085,-5.5992242061730586e-05,-0.15263485186027756,0.682302059210611,0.6541131120739561,-0.851813590887821,-0.112678502883875,0.43943368146337713,0.43892697055373514,0.7679055032295155,0.0003668354543137462,8.267196231063679
rotate,anu,rotate,0.08313547074794769,0.05851167440414429,-0.25386097747832537,0.004901394248008728,0.006136536598205566,-0.4484480591490865,0.08519069850444794,-0.15039819478988647,-0.11315164435654879,-0.09313337504863739,-0.16470515727996826,-0.3190340967848897,0.07379423081874847,-0.3809792995452881,-0.20606736559420824,-0.06181712448596954,-0.3975452482700348,-0.320420172996819,-0.0021855036417643228,0.18575155373775598,0.12379915763934453,0.7927137793916644,-0.6066452373157848,-0.2033761561368451,0.4287207527156604,0.4421807371238204,1.3067150682400486,0.011765672114795256,8.965996927261521
rotate,anu,rotate,0.08203338086605072,0.05923718214035034,-0.22375573217868805,0.025690630078315735,-0.03592419624328613,-0.4482588768005371,0.08517079055309296,-0.15039819478988647,-0.10622064769268036,-0.08735887706279755,-0.16498595476150513,-0.3326225280761719,0.07364951074123383,-0.3801743984222412,-0.18708132207393646,-0.0617661327123642,-0.39796504378318787,-0.29679805040359497,-0.03339666308778705,0.021985082915334988,0.9122801605950702,0.6299768433426366,-1.2745676618633848,0.005732798440889878,0.4020729319141992,0.44101909115968685,0.4942666975835006,1.5189910461264264,21.77458249941104
rotate,anu,rotate,0.08213259279727936,0.05969715118408203,-0.22283980250358582,0.03225971758365631,-0.10200697183609009,-0.49210742115974426,0.08624620735645294,-0.15039819478988647,-0.09650460630655289,-0.0851394385099411,-0.18342888355255127,-0.3431384861469269,0.07483620941638947,-0.38002869486808777,-0.179067000746727,-0.060143932700157166,-0.39906200766563416,-0.2936995029449463,0.003006422158443569,0.013938455870657267,0.027755444700067716,0.19906325773759337,-2.002508351297091,-1.3287437684608239,0.3689794451020205,0.44195940432395225,0.09940690544523727,0.21567715313566335,47.87890173751328
rotate,anu,rotate,0.08282037079334259,0.06488543748855591,-0.20618056040257215,0.03311367332935333,-0.15682923793792725,-0.5523352352902293,0.08710016310214996,-0.14728182554244995,-0.0812976909801364,-0.08280660212039948,-0.19611430168151855,-0.36502021830528975,0.07616521418094635,-0.3748404085636139,-0.1728525636717677,-0.059281125664711,-0.39483359456062317,-0.2714482871815562,0.02084175745646157,0.15722079710526887,0.5048255182125347,0.02587744683930366,-1.661280790964761,-1.8250852766813637,0.37957917523270607,0.44103726164794804,0.015576795568363978,0.13256277335709904,18.991672473293832
rotate,anu,rotate,0.08185392618179321,0.06865522265434265,-0.16224296670407057,0.033716559410095215,-0.21489498019218445,-0.633984494023025,0.08570611476898193,-0.14477911591529846,-0.07311447989195585,-0.08220371603965759,-0.21189358830451965,-0.40220736246556044,0.07676810026168823,-0.37107062339782715,-0.14201341848820448,-0.05867767333984375,-0.3927772343158722,-0.2451913533732295,-0.029286200349981157,0.11423591411474988,1.3314422332879279,0.018269275173996447,-1.7595679470987045,-2.4742199615998723,0.43742301813451223,0.44022030840546666,0.010382812906604233,0.2563637207546017,19.896289609410182
rotate,anu,rotate,0.08041276037693024,0.08174261450767517,-0.14453161042183638,0.03116367757320404,-0.2543449103832245,-0.6699918983504176,0.0843774825334549,-0.13183841109275818,-0.07097713183611631,-0.0820821076631546,-0.2173422873020172,-0.41225023847073317,0.07652832567691803,-0.35812893509864807,-0.13771753292530775,-0.058369413018226624,-0.38605377078056335,-0.2091409293934703,-0.043671691056453785,0.3965876319191669,0.5367077661283084,-0.07736005566336886,-1.1954524300315152,-1.0911334644664408,0.4875930821972111,0.4399414741055172,0.06471189401441547,0.11011836331545427,45.356455212512294
rotate,anu,rotate,0.08110332489013672,0.09430092573165894,-0.14453161042183638,0.03210201859474182,-0.301349014043808,-0.6724442718550563,0.08508116006851196,-0.12230539321899414,-0.07097713183611631,-0.08114376664161682,-0.23633155226707458,-0.42063729744404554,0.07746666669845581,-0.34654784202575684,-0.1347579238936305,-0.056659191846847534,-0.37887436151504517,-0.20789118390530348,0.020926197369893408,0.3805548855752659,0.0,0.028434576410235803,-1.4243667775934403,-0.07431434862541436,0.47926850877482335,0.44097209238724694,0.01996294556612185,0.05498850014698998,31.7461724413924
rotate,anu,rotate,0.08177876472473145,0.09800991415977478,-0.13718112092465162,0.028950244188308716,-0.35267752408981323,-0.6724442718550563,0.0850827693939209,-0.11709973216056824,-0.07097713183611631,-0.0819198489189148,-0.25471940636634827,-0.42063729744404554,0.07852190732955933,-0.34438878297805786,-0.13359478395432234,-0.055009424686431885,-0.3812471628189087,-0.19972822349518538,0.020467873775597757,0.11239358873078308,0.22274210597529537,-0.09550831534645765,-1.555409395333491,0.0,0.4809635252611563,0.44242522098339854,0.06140393277105493,0.1821072883199397,5.9115480899533495
rotate,anu,rotate,0.08263429999351501,0.09782257676124573,-0.13192341104149818,0.026328355073928833,-0.39832478761672974,-0.6723087318241596,0.08621379733085632,-0.11709973216056824,-0.07084159180521965,-0.08861401677131653,-0.2755436301231384,-0.4205017574131489,0.07972016930580139,-0.3448866605758667,-0.1150161437690258,-0.053029656410217285,-0.3866572976112366,-0.19496554508805275,0.0259253111752597,-0.005676890864516754,0.15932454191374068,-0.07945118528423893,-1.383250409906562,0.004107273663535266,0.4840354762133949,0.4430415518525273,0.05743799335046825,4.566010829351544,5.241059323629465
rotate,anu,rotate,0.082845538854599,0.09775838255882263,-0.13709284365177155,-0.00018152594566345215,-0.4316539764404297,-0.6723559945821762,0.08642503619194031,-0.11709973216056824,-0.0781419426202774,-0.09971252083778381,-0.2906944751739502,-0.42054902017116547,0.08009073138237,-0.3449186384677887,-0.12428987771272659,-0.04753318428993225,-0.3866572976112366,-0.17330549657344818,0.006401177608605582,-0.0019452788613059286,-0.15664947303858656,-0.8033297278664322,-1.0099754188999976,-0.001432204788381402,0.5033073417072012,0.4428706920152205,0.7953945387570218,3.2889313735393872,24.680977330830082
rotate,anu,rotate,0.0830746740102768,0.09764173626899719,-0.1350863662082702,-0.022592172026634216,-0.46547845005989075,-0.6637048658449203,0.0866541713476181,-0.11709973216056824,-0.07826211419887841,-0.10697682201862335,-0.31347140669822693,-0.3699333604890853,0.08031652867794037,-0.3449186384677887,-0.11518357810564339,-0.04668612778186798,-0.3866572976112366,-0.11969392863102257,0.006943489565993794,-0.003534736055316344,0.060802346772768225,-0.6791104873021437,-1.0249840490745767,0.2621554162804825,0.5502192222974517,0.4430162679034447,0.6625564811070064,1.963803139533999,8.841742589404529
rotate,anu,rotate,0.0830746740102768,0.09703618288040161,-0.13721301523037255,-0.032478347420692444,-0.5219002813100815,-0.6236359414178878,0.08684621751308441,-0.1140826940536499,-0.07826211419887841,-0.11222507059574127,-0.33526310324668884,-0.3622204300481826,0.08031652867794037,-0.3452892005443573,-0.11161128547973931,-0.045129403471946716,-0.3870598375797272,-0.108338424237445,0.0,-0.018350102684714622,-0.06444390976067761,-0.2995810725472198,-1.7097524621269962,1.2142098311221992,0.5327978281646234,0.4430742609921713,0.17521887171646952,0.0,37.352193742921905
rotate,anu,rotate,0.0830753892660141,0.09565064311027527,-0.14052081969566643,-0.052562400698661804,-0.550338014960289,-0.6236359414178878,0.08693026006221771,-0.1121993362903595,-0.07826211419887841,-0.12206463515758514,-0.3520277738571167,-0.3593133327085525,0.08031652867794037,-0.34586817026138306,-0.11161128547973931,-0.045129403471946716,-0.38484740257263184,-0.108338424237445,2.167441628196021e-05,-0.041986053640192166,-0.10023649894829943,-0.60860767508998,-0.8617495045517423,0.0,0.5412706563712307,0.4424728636215373,0.7062458006990784,0.0005162166525829368,45.84591083252279
rotate,anu,rotate,0.08313904702663422,0.0933816134929657,-0.14052081969566643,-0.07357104122638702,-0.5647520422935486,-0.6236359414178878,0.08699016273021698,-0.11151257157325745,-0.07458765176124871,-0.13143812119960785,-0.35418617725372314,-0.3418512281496078,0.08022753894329071,-0.34716707468032837,-0.11161128547973931,-0.045129403471946716,-0.38388505578041077,-0.108338424237445,0.0019290230490944585,-0.0687584732518051,0.0,-0.6366254705371273,-0.4367887070684718,0.0,0.546857682382562,0.44150581502298647,1.4575102394464825,0.02805465135007876,12.905557784371194
rotate,anu,rotate,0.08267652988433838,0.09300827980041504,-0.14119963953271508,-0.09388908743858337,-0.5649277865886688,-0.6456327647902071,0.08630567789077759,-0.11163276433944702,-0.07445458183065057,-0.1364191174507141,-0.3543619215488434,-0.3416053862310946,0.0795292854309082,-0.3473428189754486,-0.11333857337012887,-0.04585835337638855,-0.38401561975479126,-0.11956085870042443,-0.014015670978661774,-0.011313142198504851,-0.02057029809238338,-0.6156983700665576,-0.005325584700613324,-0.6665704052217999,0.5583796324186792,0.4412428292317917,115.58970797848454,1.2387745118241422,24.06973482680622
rotate,anu,rotate,0.08204327523708344,0.09206357598304749,-0.14321624347940087,-0.11504171788692474,-0.5650202035903931,-0.6552416891790926,0.08512179553508759,-0.11170795559883118,-0.07445458183065057,-0.14456580579280853,-0.3544543385505676,-0.3375596613623202,0.07819490134716034,-0.34743523597717285,-0.12427697936072946,-0.049438074231147766,-0.3829531669616699,-0.12086759367957711,-0.019189534765301313,-0.02862738840507736,-0.06110921050562998,-0.6409888014648895,-0.002800515203764942,-0.2911795269359239,0.5683378553541937,0.4399235290609023,228.80075774833128,0.670297415760154,11.40152444966977
rotate,anu,rotate,0.08244933187961578,0.09105333685874939,-0.1457130224443972,-0.1389133483171463,-0.5650632977485657,-0.6552416891790926,0.08527250587940216,-0.11161240935325623,-0.07445458183065057,-0.15105877816677094,-0.34548917412757874,-0.3375596613623202,0.07783342897891998,-0.34747833013534546,-0.1330858231522143,-0.05124609172344208,-0.38295668363571167,-0.12667164811864495,0.012304746743404493,-0.030613306796911963,-0.0756599686362526,-0.7233827403097435,-0.0013058835809881025,0.0,0.5658927946960958,0.4387377071533433,553.5173529097455,0.40192798827787474,9.170185249506766
rotate,anu,rotate,0.08266951143741608,0.09080377221107483,-0.16520187864080071,-0.16030137240886688,-0.5407937914133072,-0.6637802929617465,0.0855451375246048,-0.11149576306343079,-0.09189522126689553,-0.15848426520824432,-0.33982375264167786,-0.3416053862310946,0.07738949358463287,-0.3475501537322998,-0.1560790897347033,-0.05324496328830719,-0.38273540139198303,-0.12849154183641076,0.006672107812130084,-0.007562565081047283,-0.5905713998910147,-0.6481219421733504,0.7354395859169232,-0.2587455691713273,0.5683111616634353,0.43848063612424265,0.8812702950916058,0.8821379522269194,23.772091733545004
rotate,anu,rotate,0.08304300904273987,0.09027400612831116,-0.18078339286148548,-0.1819572150707245,-0.5253651887178421,-0.6799245793372393,0.08582934737205505,-0.11195555329322815,-0.10814608074724674,-0.15956217050552368,-0.3250158429145813,-0.341713460162282,0.07727280259132385,-0.3478715717792511,-0.18149583227932453,-0.05483373999595642,-0.3815019428730011,-0.14379076845943928,0.011318109252236135,-0.01605351765950525,-0.47216709759650927,-0.656237656419929,0.46753341501409473,-0.4892207992573591,0.5694703456602906,0.4381841511195581,1.4036135851093348,0.7049797130177328,10.711956747644836
rotate,anu,rotate,0.08379778265953064,0.08690381050109863,-0.22962122992612422,-0.19890561699867249,-0.5104846060276031,-0.6800162477884442,0.08677324652671814,-0.11513102054595947,-0.14761869446374476,-0.15983831882476807,-0.2873724400997162,-0.34169235662557185,0.07786509394645691,-0.35102009773254395,-0.21482322947122157,-0.056016743183135986,-0.38075757026672363,-0.1653946025762707,0.02287192778153851,-0.10212714021856126,-1.4799344565042027,-0.513587937210545,0.45092674818905876,-0.002777831854693815,0.5496196610279339,0.43821401964731493,1.1389583791929676,0.22395323886825913,15.369686344187368
rotate,anu,rotate,0.08427616953849792,0.08548092842102051,-0.30469997855834663,-0.21794967353343964,-0.4602712094783783,-0.6800718221347779,0.08743372559547424,-0.11612552404403687,-0.19580102595500648,-0.1599685549736023,-0.25684747099876404,-0.3377022061031312,0.07873669266700745,-0.35201460123062134,-0.25288887950591743,-0.05622941255569458,-0.3776589334011078,-0.20098102721385658,0.014496572089917718,-0.043117638790246174,-2.2751135949158288,-0.5770926222656707,1.5216180772492367,-0.0016840711010224876,0.512353609089794,0.44058757841568913,0.37926221542183297,0.33620198820369473,32.5022279869389
rotate,anu,rotate,0.08448870480060577,0.08405986428260803,-0.36515264766057953,-0.2299329936504364,-0.41100797057151794,-0.6800656820996664,0.08745957911014557,-0.11661139130592346,-0.22405921475728974,-0.16049213707447052,-0.22981074452400208,-0.3376960660680197,0.0787169486284256,-0.35206514596939087,-0.2741576041444205,-0.056752994656562805,-0.374735563993454,-0.2173968012793921,0.006440462488116634,-0.04306254964886286,-1.8318990637040258,-0.3631309126362653,1.4928254214200094,0.00018606167004415466,0.49534785031325984,0.4455540771681087,0.2432505932544034,0.14955716703875344,6.5423763534831085
rotate,anu,rotate,0.08468347787857056,0.08174312114715576,-0.37670373245418887,-0.23962585628032684,-0.356341689825058,-0.5984113447302661,0.0870656967163086,-0.11838608980178833,-0.22639598771274905,-0.15789368748664856,-0.20867544412612915,-0.29245226904095034,0.07844001054763794,-0.35366374254226685,-0.27744387909115176,-0.057353824377059937,-0.3738722801208496,-0.22537613733948092,0.005902214483781309,-0.07020433743794777,-0.35003287253361703,-0.2937231099966808,1.6565539620139422,2.474373859678803,0.4155546668771157,0.4466213567685982,0.17730960742744659,0.08407073734241483,75.16880139588847
rotate,anu,rotate,0.08495466411113739,0.07985654473304749,-0.3807939145481214,-0.23987281322479248,-0.31378912925720215,-0.5354994687950239,0.08698670566082001,-0.12031438946723938,-0.2266273353016004,-0.1463228315114975,-0.1945633590221405,-0.2623248550808057,0.07861338555812836,-0.3550596833229065,-0.2924074981128797,-0.057600781321525574,-0.3750905990600586,-0.23659388755913824,0.008217764623237372,-0.057168982245705297,-0.12394491193734916,-0.007483543771685969,1.2894715323592665,1.906420482886128,0.3554230019400808,0.4438518850364042,0.005803569741802721,0.14374264780980764,22.252694302343453
rotate,anu,rotate,0.08540068566799164,0.0778200626373291,-0.38129531603772193,-0.240006685256958,-0.2600342333316803,-0.49531864386517555,0.08690564334392548,-0.12235188484191895,-0.22944156092125922,-0.13714273273944855,-0.17423492670059204,-0.2622273789020255,0.07881717383861542,-0.3570910394191742,-0.29278310399968177,-0.05759100615978241,-0.37460967898368835,-0.24790819745976478,0.013515804753159066,-0.061711578658132996,-0.01519398453334971,-0.004056728247440232,1.6289362401673328,1.217600755449952,0.32804716386118116,0.44387545663156097,0.0024904140855810408,0.21901215355190543,23.2706881962047
rotate,anu,rotate,0.08569060266017914,0.07690131664276123,-0.38348843913991004,-0.24023497104644775,-0.19680601358413696,-0.4596453831763938,0.08668653666973114,-0.12264734506607056,-0.22944156092125922,-0.12453074753284454,-0.1579200029373169,-0.2534136400790885,0.07876370847225189,-0.3571692407131195,-0.30300413828808814,-0.057296499609947205,-0.3719577193260193,-0.2722464428516105,0.008785363399621176,-0.027840787714177792,-0.06645827582388185,-0.006917751196658943,1.9160066590164566,1.081007899660048,0.3150602596181657,0.44152344593457576,0.003610502893401809,0.31554595163971566,9.634039127078662
rotate,anu,rotate,0.0856359601020813,0.07515877485275269,-0.3872684692614712,-0.23577351868152618,-0.1336432695388794,-0.419832632469479,0.08655458688735962,-0.12398785352706909,-0.2438532417290844,-0.11532658338546753,-0.15112072229385376,-0.247353584098164,0.07863104343414307,-0.3581412136554718,-0.30982171051437035,-0.05742916464805603,-0.37162479758262634,-0.2979276930564083,-0.0016558350938739239,-0.05280429666692574,-0.11454636732003483,0.13519552620974487,1.9140225468259917,1.2064469911186337,0.32140742144349577,0.4402226133891623,0.07063420219356152,0.03135736750648815,5.744409665754699
rotate,anu,rotate,0.08559134602546692,0.07479318976402283,-0.38129602425033227,-0.2261592596769333,-0.08690705895423889,-0.41859479300910607,0.08650997281074524,-0.12435343861579895,-0.22944226913386956,-0.10169419646263123,-0.15040519833564758,-0.24665366165572777,0.07858642935752869,-0.3585081696510315,-0.30982171051437035,-0.05747377872467041,-0.3718827962875366,-0.2979276930564083,-0.0013519417155872634,-0.011078336022116874,0.18098318215572395,0.29134118195735925,1.4162488055951608,0.037510286677967256,0.352457815013013,0.43921260734692663,0.20571313112020298,0.12202371269257295,38.78992871307048
rotate,anu,rotate,0.08469054102897644,0.07479318976402283,-0.3806964383693412,-0.22023406624794006,-0.04489031434059143,-0.41633405548054725,0.08560845255851746,-0.12435343861579895,-0.2318900452228263,-0.09444010257720947,-0.1447029411792755,-0.23529634636361152,0.07768562436103821,-0.3591325283050537,-0.3118358777137473,-0.05837458372116089,-0.37099161744117737,-0.30030044179875404,-0.027297121105772145,0.0,0.018169269120941606,0.17955131603009816,1.2732346852620475,0.06850719783511594,0.38210515760951536,0.43941139547477737,0.14101970130780958,27297.121105772145,5.580270015286167
rotate,anu,rotate,0.08380644023418427,0.07567229866981506,-0.3806075837928802,-0.2047281116247177,-0.0025440752506256104,-0.4000338998157531,0.08472435176372528,-0.12374916672706604,-0.23180119064636528,-0.08906121551990509,-0.14191165566444397,-0.23931228485889733,0.07654081284999847,-0.35895130038261414,-0.3117470231372863,-0.05928929150104523,-0.36903053522109985,-0.3116184857208282,-0.026790933175520528,0.026639663811886014,0.0026925629230611318,0.4698774128249209,1.2832193663626037,0.4939441110543693,0.4040817506275593,0.4401048045731554,0.3661704763592773,1.005640601326438,15.61078197090656
rotate,anu,rotate,0.08343005180358887,0.0775567889213562,-0.36128769662173,-0.1700943112373352,0.030921876430511475,-0.3999595477798721,0.0844123363494873,-0.1234278678894043,-0.23172683861048426,-0.0814603865146637,-0.13905465602874756,-0.2392379328230163,0.0756339430809021,-0.36005523800849915,-0.3116726711014053,-0.05958053469657898,-0.36852720379829407,-0.31557611968310084,-0.011405710018042314,0.05710576519821605,0.585451126398488,1.0495091026479504,1.0141197479132407,0.00225309199639454,0.42295794760035177,0.4404846378504645,1.0348956027253446,0.19972607410791698,24.433857020289114
rotate,anu,rotate,0.08186584711074829,0.07862421870231628,-0.3612561793997884,-0.14818868041038513,0.05829009413719177,-0.39992803055793047,0.08326494693756104,-0.1223614513874054,-0.23169532138854265,-0.08004680275917053,-0.13774660229682922,-0.2392064156010747,0.07386928796768188,-0.3613939881324768,-0.3116411538794637,-0.06072238087654114,-0.367254376411438,-0.31554460246115923,-0.0474001422072903,0.032346356998790474,0.0009550673315640224,0.6638069947560644,0.8293399305054656,0.0009550673315640224,0.4425596150870758,0.44287878484029664,0.8004030312979828,1.4653482264119038,12.960042492105392
rotate,anu,rotate,0.0803351104259491,0.07993978261947632,-0.36122601851820946,-0.12328743934631348,0.0756731629371643,-0.39989786967635155,0.08291646838188171,-0.12120884656906128,-0.23166516050696373,-0.07866635918617249,-0.1363581418991089,-0.23917625471949577,0.07309779524803162,-0.3609321713447571,-0.31161099299788475,-0.061532825231552124,-0.36534908413887024,-0.3155144415795803,-0.04638596014543025,0.03986557324727386,0.0009139661084521923,0.7545830625476277,0.5267596606052296,0.0009139661084521923,0.45324917839729273,0.4437139949118217,1.4324969933795704,1.163530154892412,9.572837870278702
rotate,anu,rotate,0.07838630676269531,0.08047860860824585,-0.3611361822113395,-0.10225936770439148,0.08024579286575317,-0.4037884911522269,0.082339346408844,-0.12123328447341919,-0.23157532420009375,-0.07923650741577148,-0.13484054803848267,-0.25082434620708227,0.07220762968063354,-0.36074313521385193,-0.31152115669101477,-0.06294476985931396,-0.3648102581501007,-0.3270070096477866,-0.059054656462235636,0.0163280602657433,0.0027223123293934333,0.6372142921794518,0.13856454329057113,-0.11789762048107155,0.4533386394866019,0.44404555400237905,4.598648964578569,3.616537357396265,12.805928324425334
rotate,anu,rotate,0.07704651355743408,0.08286336064338684,-0.36113826325163245,-0.08904480934143066,0.08263054490089417,-0.4574290900491178,0.08206069469451904,-0.11958828568458557,-0.23157740524038672,-0.07923650741577148,-0.13128474354743958,-0.3087958483956754,0.07199996709823608,-0.35840126872062683,-0.31152323773130774,-0.06362700462341309,-0.3624255061149597,-0.36016947915777564,-0.04059979409882527,0.07226521318609082,-6.306182705994824e-05,0.4004411625139651,0.07226521318609082,-1.6254726938451822,0.45626788759811365,0.44407385817711414,5.541194769439484,0.561808794301672,46.28771480338663
rotate,anu,rotate,0.07630306482315063,0.08379122614860535,-0.34797225752845407,-0.0738804042339325,0.08355841040611267,-0.4599542752839625,0.08172869682312012,-0.11960014700889587,-0.22000536182895303,-0.07923650741577148,-0.13035687804222107,-0.3129447833634913,0.07179856300354004,-0.3578576445579529,-0.31062407651916146,-0.06411489844322205,-0.3614976406097412,-0.3602250353433192,-0.02252874952374088,0.028117136521772973,0.39896987039934606,0.45952742749994563,0.028117136521772973,-0.07652076469226336,0.4561975174727644,0.44324812707751393,16.34274117504606,0.8012177302822322,46.99112236858991
rotate,anu,rotate,0.07511791586875916,0.08365663886070251,-0.34640259062871337,-0.06677991151809692,0.08355841040611267,-0.46758211171254516,0.0817667543888092,-0.1216910183429718,-0.21575826918706298,-0.08192408084869385,-0.13035687804222107,-0.31411168491467834,0.07151541113853455,-0.35927513241767883,-0.30583775555714965,-0.0639876127243042,-0.36253106594085693,-0.3601947776041925,-0.035913604678529526,-0.004078402663722166,0.047565663628505735,0.21516644593441034,0.0,-0.23114655844189805,0.45884164737626676,0.4447999976309788,215166.44593441035,8.80364299359478,8.80416457359231
idle,anu,rotate,0.07449272274971008,0.08365663886070251,-0.3424227284267545,-0.06061789393424988,0.07057926058769226,-0.46765140164643526,0.08274361491203308,-0.12262186408042908,-0.19368067849427462,-0.08177748322486877,-0.13035687804222107,-0.3146036909893155,0.07232901453971863,-0.3601333498954773,-0.28591275680810213,-0.06294167041778564,-0.3657504916191101,-0.3602640675380826,-0.018945246031790115,0.0,0.1206018849078456,0.18672780557112306,-0.39330757025516494,-0.002099694966366802,0.4493563086514909,0.44737860101458704,0.47476159863483414,18945.246031790117,13.819047911245214
idle,anu,rotate,0.0735667496919632,0.08360129594802856,-0.33280909340828657,-0.05490081012248993,0.06283783912658691,-0.4676748542115092,0.08271647989749908,-0.12281721830368042,-0.180967110209167,-0.08372460305690765,-0.13068044185638428,-0.3146271435543895,0.0720425397157669,-0.36051616072654724,-0.2734762756153941,-0.06288792192935944,-0.3673028349876404,-0.3557498184964061,-0.028059789628693432,-0.0016770579598166654,0.2913222732869049,0.173244963992725,-0.23458852912440345,-0.0007106837901202084,0.4445357208394894,0.4480658677096369,0.7385025437382277,16.72158548788093,4.827173845412337
idle,anu,rotate,0.07304194569587708,0.08099368214607239,-0.3306718012318015,-0.05116307735443115,0.060247987508773804,-0.4676877101883292,0.08266809582710266,-0.12540706992149353,-0.17836712207645178,-0.08628281950950623,-0.1332702934741974,-0.31463999953120947,0.07193592190742493,-0.36310601234436035,-0.27225868310779333,-0.06284752488136292,-0.37204426527023315,-0.3537914892658591,-0.01590315139654915,-0.07901860005927829,0.06476642959045657,0.11326462933511473,-0.07848035205494293,-0.00038957505515127566,0.44719734711554204,0.44792617059520606,1.4432043583528078,0.2012557819151078,5.067723773694921
idle,anu,rotate,0.0731428861618042,0.07597470283508301,-0.3137724781408906,-0.049969881772994995,0.05536150932312012,-0.4543234193697572,0.0826798677444458,-0.13029354810714722,-0.16252572182565928,-0.08780914545059204,-0.13815677165985107,-0.3146691108122468,0.07202816009521484,-0.36799249053001404,-0.25710366014391184,-0.06274658441543579,-0.37784895300865173,-0.35261199716478586,0.0030588019977916448,-0.15209028215119372,0.5121006997245744,0.036157441861701826,-0.14807509653496057,0.4049785096536993,0.4451738561630487,0.4475706271996183,0.24418148984069893,0.020111619512490495,12.680731314340786
idle,anu,rotate,0.07316482067108154,0.07423785328865051,-0.3129462143406272,-0.04994794726371765,0.05438193678855896,-0.45416329707950354,0.08263212442398071,-0.13127312064170837,-0.16253192629665136,-0.08856311440467834,-0.13913634419441223,-0.3142525991424918,0.0720476508140564,-0.3689720630645752,-0.2571098646149039,-0.0627291202545166,-0.37889862060546875,-0.35210497584193945,0.0006646820993134442,-0.05263180443734811,0.02503829697767883,0.0006646820993134442,-0.02968401619882282,0.004852190613746622,0.44532157002836714,0.4467146471440309,0.022391165120529816,0.012628665837190071,12.69032353310233
idle,anu,rotate,0.07316617667675018,0.07389572262763977,-0.31254577450454235,-0.04994659125804901,0.0552954375743866,-0.45398840121924877,0.0824832171201706,-0.1312979757785797,-0.16229712776839733,-0.08869068324565887,-0.13945838809013367,-0.3140790145844221,0.07204000651836395,-0.3691346049308777,-0.2560917418450117,-0.0627761036157608,-0.37927964329719543,-0.3494036179035902,4.109108086788303e-05,-0.010367595788204334,0.012134540487419505,4.109108086788303e-05,0.02768184199477694,0.005299874553174697,0.4471667185771566,0.4466141480062586,0.0014843519634160354,0.003963032382324099,1.7385149750866864
idle,anu,rotate,0.07334783673286438,0.07389572262763977,-0.30855810455977917,-0.049813807010650635,0.0552954375743866,-0.4483162146061659,0.08257129788398743,-0.1312979757785797,-0.1575149279087782,-0.0887393057346344,-0.13875088095664978,-0.3128074984997511,0.07218179106712341,-0.36911898851394653,-0.25398331694304943,-0.06264331936836243,-0.37928926944732666,-0.348563639447093,0.005504850185278704,0.0,0.12083848317464223,0.004023765072678084,0.0,0.17188444282069393,0.44607066728866124,0.4463650987630741,4023.7650726780844,5504.850185278705,5.118662127670622
idle,anu,rotate,0.07388921082019806,0.07389572262763977,-0.3066893797367811,-0.05112321674823761,0.0552954375743866,-0.4418912511318922,0.0830196887254715,-0.1312979757785797,-0.15747426263988018,-0.08837558329105377,-0.13875088095664978,-0.30396592430770397,0.07263262569904327,-0.36911898851394653,-0.25298490934073925,-0.06219492852687836,-0.37945467233657837,-0.3463794868439436,0.016405275373747783,0.0,0.05662802493933451,-0.039679082957180895,0.0,0.1946958628567774,0.4452558118505609,0.44625977124825983,39679.08295718089,16405.275373747783,1.4938809411342857
idle,anu,rotate,0.07446736097335815,0.07436415553092957,-0.3043204825371504,-0.052526116371154785,0.05577048659324646,-0.43402096442878246,0.08324319124221802,-0.13082292675971985,-0.1575149279087782,-0.08860504627227783,-0.13827583193778992,-0.29710697941482067,0.072864830493927,-0.36864393949508667,-0.25398331694304943,-0.061971426010131836,-0.3793194890022278,-0.3403367381542921,0.01751970161091202,0.014194936463327154,0.07178476362517404,-0.042512109785369054,0.014395424813935286,0.23849353645787152,0.44516203228767887,0.44586160476381603,2.9529629984396317,1.2341349692689356,1.3996885753095412
idle,anu,rotate,0.07497759163379669,0.0746910572052002,-0.3066917499527335,-0.05403374135494232,0.055628299713134766,-0.4167965492233634,0.08356298506259918,-0.13051515817642212,-0.15883086528629065,-0.08873747289180756,-0.13793909549713135,-0.2735642632469535,0.0731896311044693,-0.3683072030544281,-0.2571149906143546,-0.061640843749046326,-0.3791614770889282,-0.31974135246127844,0.015461535164804105,0.009906111341534197,-0.07185658835100374,-0.045685605569319096,-0.004308693336717992,0.5219519759217875,0.4455555287918097,0.44576732771975036,10.600662738595354,1.5606501866980895,8.608866487459316
idle,anu,rotate,0.07561181485652924,0.07567781209945679,-0.3066898798570037,-0.055132463574409485,0.056117117404937744,-0.4145323848351836,0.0838116854429245,-0.12978172302246094,-0.15882899519056082,-0.08976380527019501,-0.13796305656433105,-0.27331580873578787,0.07343833148479462,-0.3673136830329895,-0.2574058985337615,-0.06136874854564667,-0.37853148579597473,-0.3192677414044738,0.019218885537349864,0.029901663462321038,5.6669567570541986e-05,-0.033294612711126235,0.014812657327363022,0.06861104206605408,0.4450097210204818,0.4457298504752818,2.2475619609227864,0.6427148391502547,13.754944517581478
idle,anu,rotate,0.07656511664390564,0.07812020182609558,-0.3067034650593996,-0.05646622180938721,0.05823853611946106,-0.41454597003757954,0.0838635265827179,-0.1278967559337616,-0.15884258039295673,-0.09283643960952759,-0.13923272490501404,-0.2733053136616945,0.07349362969398499,-0.36548104882240295,-0.2574194837361574,-0.06118723750114441,-0.3762957453727722,-0.3192813266068697,0.028887932950800187,0.07401180989814546,-0.000411672799876243,-0.040416916211446226,0.06428541559161578,-0.000411672799876243,0.44487940171367063,0.4463411413079297,0.628700726887585,0.39030990703575535,2.5824185147980074
idle,anu,rotate,0.07700063288211823,0.08084344863891602,-0.32187354611232877,-0.059827134013175964,0.06090986728668213,-0.41454961942508817,0.08386631309986115,-0.12498122453689575,-0.1835089330561459,-0.09612621366977692,-0.13909786939620972,-0.27330896304920316,0.07350583374500275,-0.3629455864429474,-0.27989158080890775,-0.06109108030796051,-0.37338021397590637,-0.31928497599437833,0.013197461764017685,0.08252263069152797,-0.45969942584633633,-0.10184582435723463,0.08094942930972902,-0.00011058750026153748,0.44461761608294614,0.44578403593067106,1.2581258089139533,0.1599234262165414,1.9287803236155645
idle,anu,rotate,0.07710345089435577,0.08079063892364502,-0.32764402963221073,-0.06563888490200043,0.061138033866882324,-0.4150093887001276,0.08383174240589142,-0.12455189228057861,-0.1897812131792307,-0.1008489578962326,-0.14001715183258057,-0.2733114752918482,0.073513463139534,-0.362577885389328,-0.2877598498016596,-0.0610530823469162,-0.37295088171958923,-0.31928748823702335,0.0031156973405317904,-0.0016002944021514007,-0.17486313696612055,-0.17611366329771144,0.00691413879394533,-0.01393240227392229,0.44454122243992344,0.4451733192412803,25.467842156965933,1.9457367341981158,3.205249755153763
idle,anu,rotate,0.07746291160583496,0.0807197093963623,-0.3317937385290861,-0.07134884595870972,0.061145246028900146,-0.4165263008326292,0.08378511667251587,-0.12439858913421631,-0.19393771700561047,-0.10617640614509583,-0.14170420169830322,-0.2733295690268278,0.07348376512527466,-0.3624245822429657,-0.2912746500223875,-0.06104084849357605,-0.37287425994873047,-0.3203264605253935,0.010892748832702664,-0.002149379614627728,-0.12574875445076944,-0.17302912293058495,0.00021855036417643282,-0.04596703431823048,0.44467245884577267,0.44501066656053223,788.1067452547564,5.065500416115323,0.9961187046471638
idle,anu,rotate,0.07810622453689575,0.08073985576629639,-0.3318024496547878,-0.07236763834953308,0.06109732389450073,-0.4168171505443752,0.08378511667251587,-0.12319111824035645,-0.1964225391857326,-0.10927921533584595,-0.1422176957130432,-0.2739708642475307,0.0735815167427063,-0.36206385493278503,-0.2956374208442867,-0.06103351712226868,-0.37255167961120605,-0.32565494580194354,0.019494331244266312,0.0006104960586085438,-0.0002639735061110861,-0.030872496691616968,-0.001452185890891329,-0.008813627628665945,0.443272453598222,0.4443011461816894,21.244698895804,31.87973327027743,4.4527592143163535
idle,anu,rotate,0.07871855795383453,0.08032456040382385,-0.3318024496547878,-0.07236756384372711,0.06072232127189636,-0.420811019372195,0.08378519117832184,-0.12233111262321472,-0.1964225391857326,-0.11078973114490509,-0.1435604989528656,-0.27999936742708087,0.07359786331653595,-0.3619168996810913,-0.2956374208442867,-0.061001166701316833,-0.37239450216293335,-0.32782893581315875,0.018555558089054038,-0.012584707953713189,0.0,2.2577516960375294e-06,-0.011363715836496093,-0.12102632811575255,0.4431309576065027,0.4437472702343874,0.00019866327750906856,1.4743356636985647,3.5395157511212485
idle,anu,rotate,0.07966697216033936,0.08032456040382385,-0.3319060723297298,-0.07241299748420715,0.06059017777442932,-0.42106979293748736,0.0838121771812439,-0.121583491563797,-0.1964225391857326,-0.1109476387500763,-0.14456960558891296,-0.28017427725717425,0.07356572151184082,-0.361782044172287,-0.2956374208442867,-0.061007529497146606,-0.37239450216293335,-0.3295516590587795,0.028739824439540124,0.0,-0.003140081058848996,-0.0013767769842436854,-0.004004348408092162,-0.007841623190677547,0.4426978502196564,0.44363373423339436,0.34373463778135477,28739.824439540123,3.437336115766209
idle,anu,rotate,0.08079969882965088,0.08032456040382385,-0.33191983168944716,-0.0719585120677948,0.05792078375816345,-0.42108644312247634,0.08434247970581055,-0.12152126431465149,-0.19643629854544997,-0.11049315333366394,-0.14483603835105896,-0.28032238548621535,0.07404285669326782,-0.36130982637405396,-0.29565118020400405,-0.060402750968933105,-0.37239450216293335,-0.33036826318129897,0.03432505058519777,0.0,-0.00041695029446573074,0.013772285345828928,-0.0808907277656326,-0.0005045510602719868,0.4399256404027493,0.44317265436949144,0.17025579408726857,34325.05058519777,2.3850702695453823
rotate,anu,rotate,0.08141407370567322,0.08026760816574097,-0.33163039153441787,-0.06311121582984924,0.052621424198150635,-0.4317501909099519,0.08456119894981384,-0.12068581581115723,-0.19453683262690902,-0.11027443408966064,-0.14494723081588745,-0.28981454437598586,0.07432499527931213,-0.3604641854763031,-0.29344810312613845,-0.05995705723762512,-0.3724616765975952,-0.33036826318129897,0.018617420485525216,-0.001725825396451064,0.008770913788766476,0.2680998859983473,-0.16058665333371996,-0.3231438723477415,0.4370170323551806,0.4424394377855137,1.6694925197094965,10.781298748435919,12.681378314903633
rotate,anu,rotate,0.08174692094326019,0.07986783981323242,-0.33065278036519885,-0.0513443797826767,0.03886932134628296,-0.43174300296232104,0.0846996158361435,-0.12085944414138794,-0.19413968129083514,-0.110136017203331,-0.14544284343719482,-0.289807356428355,0.07460038363933563,-0.36072874069213867,-0.29243824584409595,-0.05954815447330475,-0.373298317193985,-0.32955823047086596,0.010086279926878059,-0.012114192500258967,0.02962458088542483,0.35657078930825986,-0.41673038945053664,0.00021781659487522063,0.4247248425841912,0.44230845616733,0.8556369842415784,0.8325315447247298,12.784844396566672
rotate,anu,rotate,0.08185778558254242,0.07037800550460815,-0.30755914468318224,-0.03283829987049103,0.010523498058319092,-0.4462105454877019,0.08481048047542572,-0.13076108694076538,-0.1777374716475606,-0.109993115067482,-0.15607064962387085,-0.3043326558545232,0.07485954463481903,-0.37000203132629395,-0.2843738319352269,-0.058669254183769226,-0.3844209313392639,-0.3278303565457463,0.0033595345237038437,-0.2875707366249785,0.6998071418792929,0.5607903003692641,-0.8589643420595132,-0.4384103795569965,0.4131128291966375,0.44104547491474116,0.652867203029025,0.01168242249093138,19.86342652959
rotate,anu,rotate,0.08187255263328552,0.06553474068641663,-0.24019311415031552,-0.020450890064239502,-0.026678889989852905,-0.44936029659584165,0.08469513058662415,-0.13592424988746643,-0.10538689838722348,-0.10997834801673889,-0.1639116108417511,-0.30808065878227353,0.07488784193992615,-0.3762212097644806,-0.21345667587593198,-0.05865448713302612,-0.3924334943294525,-0.30155737744644284,0.0004474863861546383,-0.14676560055125878,2.0413948646323297,0.37537605473489566,-1.1273450923688513,-0.09544700327696246,0.3963352726337828,0.44261941109021125,0.3329732167218779,0.0030489660758910337,14.342989478844204
rotate,anu,rotate,0.0823243260383606,0.06688186526298523,-0.19830922409892082,-0.01784062385559082,-0.06018975377082825,-0.44994647428393364,0.08513492345809937,-0.13592424988746643,-0.08877981081604958,-0.10952657461166382,-0.16753289103507996,-0.30859608575701714,0.07533961534500122,-0.37521958351135254,-0.19378015026450157,-0.05820271372795105,-0.3932107985019684,-0.2693542055785656,0.013690103184093163,0.04082195686571536,1.2692087894362063,0.07909897601965722,-1.015480720635619,-0.017762960245211963,0.3809798971715389,0.4421798160269597,0.07789305746453706,0.3353530521839936,9.881230204556127
rotate,anu,rotate,0.08192116022109985,0.06688186526298523,-0.18665128573775291,-0.017732560634613037,-0.10993954539299011,-0.5588291697204113,0.08519530296325684,-0.13592424988746643,-0.06820977106690407,-0.10941851139068604,-0.17299792170524597,-0.33749936148524284,0.075447678565979,-0.37521958351135254,-0.1690106801688671,-0.05809465050697327,-0.3946702480316162,-0.26014773175120354,-0.012217145977598114,0.0,0.3532708594293267,0.0032746430599327886,-1.5075694430957975,-3.2994756192871657,0.4146218430224147,0.4425006078390679,0.0021721327019441333,12217.145977598115,100.5838722189478
rotate,anu,rotate,0.08179841935634613,0.06688186526298523,-0.1728791408240795,-0.017716124653816223,-0.1600499451160431,-0.6442158035933971,0.08521173894405365,-0.13592424988746643,-0.06820977106690407,-0.11175839602947235,-0.18534758687019348,-0.3694957010447979,0.07546411454677582,-0.37521958351135254,-0.1690106801688671,-0.05821289122104645,-0.39501646161079407,-0.2512270621955395,-0.0037194201440522256,0.0,0.41733772465677077,0.0004980600241458789,-1.5184969613046395,-2.58747375372685,0.45966227041334495,0.4421637472855841,0.000327995187901315,3719.4201440522256,21.578519073977624
rotate,anu,rotate,0.08153489232063293,0.07280942797660828,-0.1728791408240795,-0.01767447590827942,-0.2141929566860199,-0.6536605767905712,0.08525338768959045,-0.1300581395626068,-0.06820977106690407,-0.11878421902656555,-0.19041326642036438,-0.37938595935702324,0.07479503750801086,-0.3692920207977295,-0.1690106801688671,-0.05818888545036316,-0.3892347812652588,-0.22589432820677757,-0.00798566774888474,0.17962311253403218,0.0,0.0012620831980849788,-1.6406973203023316,-0.286205248399215,0.46396661642840714,0.44216974301630424,0.0007692353813420219,0.04445766014499723,69.83366203781684
rotate,anu,rotate,0.08148959279060364,0.08069515228271484,-0.16523093869909644,-0.020536571741104126,-0.27181434631347656,-0.6536108790896833,0.08540096879005432,-0.12340670824050903,-0.07638318976387382,-0.12326455116271973,-0.19712096452713013,-0.3854609369300306,0.0741717517375946,-0.3607254922389984,-0.1689609824679792,-0.05804130434989929,-0.38332268595695496,-0.1988585232757032,-0.0013727130311908177,0.2389613426092905,0.23176370075706337,-0.08673017675226406,-1.7461027159835396,0.0015059909359975332,0.46972376978014146,0.44149705484199964,0.04967069021063905,0.00574447428076665,9.660475479597606
rotate,anu,rotate,0.08240340650081635,0.08518573641777039,-0.16504797944799066,-0.03517411649227142,-0.3216736614704132,-0.662441945169121,0.08666567504405975,-0.12032273411750793,-0.08874404290691018,-0.12946666777133942,-0.21036037802696228,-0.3854748667217791,0.07524167001247406,-0.35810258984565735,-0.17196234175935388,-0.05679138004779816,-0.38232725858688354,-0.19138992438092828,0.027691324551900296,0.13607830712289554,0.005544219730478358,-0.4435619621565859,-1.510888338088993,-0.2676080630132653,0.4754326147998643,0.4434000891713176,0.293576737206719,0.20349401490479216,15.304593399803176
rotate,anu,rotate,0.08252887427806854,0.08493024110794067,-0.1592852589674294,-0.053330257534980774,-0.36879658699035645,-0.667802554089576,0.08711855113506317,-0.12106388807296753,-0.10355782182887197,-0.13889922201633453,-0.22947925329208374,-0.3845217344351113,0.0754050463438034,-0.35674187541007996,-0.1719485786743462,-0.056610360741615295,-0.3807918131351471,-0.16520948382094502,0.003802053856127199,-0.007742282116051895,0.17462789335034154,-0.550186092203315,-1.4279674399982833,-0.16244269455924218,0.5027468933860854,0.44191103980319907,0.3852928935908251,0.4910132162491544,5.187426981393874
rotate,anu,rotate,0.08260560035705566,0.08559420704841614,-0.15923935500904918,-0.06921687722206116,-0.4325445294380188,-0.6677566501311958,0.08750748634338379,-0.12050727009773254,-0.10398883698508143,-0.1488242745399475,-0.25851714611053467,-0.38447583047673106,0.07552474737167358,-0.3560933470726013,-0.1720521035604179,-0.05554383993148804,-0.3802250027656555,-0.1651635798625648,0.0023250326965794164,0.020120180014407775,0.0013910290418249036,-0.48141271779030936,-1.931755831747323,0.0013910290418249036,0.5054938962064909,0.44193008549978574,0.24920979177014707,0.1155515081578007,16.18800272459221
rotate,anu,rotate,0.08257919549942017,0.08604311943054199,-0.16046548215672374,-0.08789554238319397,-0.4895297735929489,-0.6677566501311958,0.0876193642616272,-0.12013483047485352,-0.10465369699522853,-0.15287262201309204,-0.29110220074653625,-0.3854151996783912,0.07552474737167358,-0.35563597083091736,-0.1721804174594581,-0.05554383993148804,-0.3803059756755829,-0.1651635798625648,-0.0008001472010757003,0.013603405518965321,-0.03715536811135041,-0.5660201563979654,-1.726825580452432,0.0,0.515340921104725,0.44189073731152667,0.3277805442684737,0.05881530067302458,6.718583080465647
rotate,anu,rotate,0.08257108926773071,0.08660930395126343,-0.16046548215672374,-0.10288891196250916,-0.5210041552782059,-0.6696565481834114,0.0878061056137085,-0.11964678764343262,-0.10523131815716624,-0.155838280916214,-0.31132447719573975,-0.3929880294017494,0.07553994655609131,-0.3549438416957855,-0.17507370142266154,-0.05554383993148804,-0.37971800565719604,-0.16782914428040385,-0.00024564338452888316,0.017157106688528392,0.0,-0.4543445327065219,-0.953769141977486,-0.057572668248956994,0.5234826408090197,0.4418506732695529,0.47636690719266284,0.01431646212417574,23.73333476730558
rotate,anu,rotate,0.08249236643314362,0.08695107698440552,-0.16050012735649943,-0.1187094897031784,-0.5510943979024887,-0.6778619769029319,0.08780671656131744,-0.11960840225219727,-0.10526596335694194,-0.16321305930614471,-0.3331757187843323,-0.38857268122956157,0.0755709558725357,-0.35458651185035706,-0.17510834662243724,-0.0555485337972641,-0.3809061348438263,-0.16786378948017955,-0.0023855404420332535,0.010356758580063354,-0.0010498545386574511,-0.4794114466869482,-0.9118255340691791,-0.24864935513698755,0.5413423153683501,0.4418333943335271,0.5257704495036946,0.2303143506960038,5.976531750590541
rotate,anu,rotate,0.0818256288766861,0.08733296394348145,-0.21639274375047535,-0.13938026130199432,-0.5513774305582047,-0.677737477584742,0.08714599907398224,-0.11922651529312134,-0.13517217652406543,-0.16995538771152496,-0.33778414130210876,-0.3907160194357857,0.07490916550159454,-0.35420355200767517,-0.19056585745420307,-0.05665598809719086,-0.3822537660598755,-0.16956246213521808,-0.020204168377500643,0.01157233209320996,-1.6937156483023046,-0.6263870181459384,-0.008576747142907366,0.0037727066118157363,0.5419298530231844,0.4423452954872082,73.02465410907755,1.7457520629995895,28.766771958523282
rotate,anu,rotate,0.08095484972000122,0.08742502331733704,-0.22757082001771778,-0.15961334109306335,-0.5512853711843491,-0.677737477584742,0.08633172512054443,-0.11913445591926575,-0.14725716726388782,-0.17528048157691956,-0.3376920819282532,-0.3907160194357857,0.07406395673751831,-0.35410410165786743,-0.19904271082486957,-0.057949841022491455,-0.3821617066860199,-0.17408694641198963,-0.026387247172268664,0.0027896779956239335,-0.3387295838558275,-0.6131236300323881,0.0027896779956239335,0.0,0.5409271103305308,0.44250345266628693,219.70418335394774,9.455496912809915,0.5415232061425822
rotate,anu,rotate,0.08089403808116913,0.08784815669059753,-0.24305109994020313,-0.1796792894601822,-0.5510911196470261,-0.677737477584742,0.08627395331859589,-0.11894020438194275,-0.17117047624196857,-0.17984996736049652,-0.3374978303909302,-0.3907160194357857,0.07421748340129852,-0.3534129559993744,-0.2252407850464806,-0.05845509469509125,-0.3819674551486969,-0.17485426680650562,-0.0018427769343058314,0.012822223432136336,-0.4690993915904664,-0.6080590414278451,0.005886410221909047,0.0,0.544233077800694,0.4416708653187337,103.28124226252342,0.14370621739988093,0.17988826297887736
rotate,anu,rotate,0.08102349936962128,0.08800438046455383,-0.24900896183680743,-0.1977178305387497,-0.5510911196470261,-0.674101957003586,0.08639948070049286,-0.11877772212028503,-0.18444686464499682,-0.18427683413028717,-0.3374978303909302,-0.3884452664060518,0.07431350648403168,-0.3528918921947479,-0.2552286171121523,-0.05911184847354889,-0.3819674551486969,-0.20425871841143817,0.003923069347034811,0.004734053756251491,-0.18054126959407013,-0.5466224569262894,0.0,0.11016729033806134,0.5182346003581391,0.44099119193146497,546622.4569262895,0.8285163271600345,3.826582341454364
rotate,anu,rotate,0.08123014867305756,0.08785617351531982,-0.2554957175743766,-0.2182108610868454,-0.5258202850818634,-0.6712460721028037,0.08646439015865326,-0.11814403533935547,-0.1859181130421348,-0.18427683413028717,-0.32593512535095215,-0.3879819715511985,0.07445745170116425,-0.3524370491504669,-0.2575281167519279,-0.06031887233257294,-0.38097888231277466,-0.2172634953749366,0.0062621001041296915,-0.004491119673757853,-0.19656835568391512,-0.6210009256998713,0.7657828656109915,0.08654196669037165,0.5020050717287331,0.44034999942785746,0.8109349825546363,1.3940189841138342,23.325730949583665
rotate,anu,rotate,0.08188776671886444,0.08794277906417847,-0.3015049325185828,-0.23764020204544067,-0.5079560577869415,-0.6440825091558509,0.08663134276866913,-0.11812359094619751,-0.2068585084634833,-0.18427081406116486,-0.3213669955730438,-0.38031133281765506,0.0748276561498642,-0.35212236642837524,-0.27701639401493594,-0.06101249158382416,-0.3795258104801178,-0.2505863534170203,0.01992781956990565,0.002624410571474024,-1.394218634672918,-0.5887679078362219,0.54134022105824,0.8231382711197862,0.450034333254078,0.44080252489825145,1.0876095980373892,7.590363117459861,23.35472423335532
rotate,anu,rotate,0.08289763331413269,0.08633255958557129,-0.3264836872112937,-0.2500106245279312,-0.47400251030921936,-0.629725506354589,0.08705392479896545,-0.11956316232681274,-0.22622122411848977,-0.1841336190700531,-0.29524460434913635,-0.36504738574149087,0.07568749785423279,-0.3529239594936371,-0.2929296100628562,-0.06088066101074219,-0.38038644194602966,-0.253126522351522,0.03060201803843188,-0.04879452965476308,-0.7569319603851817,-0.3748612873481991,1.0288953781127954,0.43506069094732963,0.43169538578485755,0.4405952243275185,0.3643333724585276,0.6271479837383981,19.964851614582475
rotate,anu,rotate,0.08353069424629211,0.08426705002784729,-0.3785835056914948,-0.260612353682518,-0.4151924252510071,-0.623454108776059,0.08750107884407043,-0.12113586068153381,-0.2608335464610718,-0.1830747425556183,-0.2608031928539276,-0.362710997404065,0.0764370858669281,-0.352825403213501,-0.31364364916225895,-0.06088066101074219,-0.3791356682777405,-0.27686031156918034,0.01918366461089142,-0.06259119871890838,-1.5787823781878938,-0.3212645198359599,1.7821237896427768,0.19004235086454377,0.4016467341374069,0.44194718793812654,0.1802704960410526,0.30648651115520337,24.057240440903666
rotate,anu,rotate,0.08404073119163513,0.0852135419845581,-0.43256027149618603,-0.26269495487213135,-0.3691222369670868,-0.5770472352451179,0.08798268437385559,-0.12062740325927734,-0.2999292974418495,-0.18225085735321045,-0.23981502652168274,-0.34828669475973584,0.07701042294502258,-0.3519345223903656,-0.35113597559393384,-0.06088066101074219,-0.3765243887901306,-0.3031074171012733,0.01545566501039451,0.028681574445782357,-1.6356595698391325,-0.06310912695798022,1.3960663116339516,1.4062688948770061,0.34033340274364077,0.4447221282823268,0.04520493133251402,0.5388520838535537,39.45090973285981
rotate,anu,rotate,0.08447763323783875,0.08595213294029236,-0.43256027149618603,-0.26269495487213135,-0.315964013338089,-0.5738822286075447,0.08817705512046814,-0.12068769335746765,-0.2999292974418495,-0.17421042919158936,-0.2252252995967865,-0.3453154628223274,0.07741960883140564,-0.35177645087242126,-0.3614226643985603,-0.0608752965927124,-0.37486788630485535,-0.3210134570545051,0.013239455945564072,0.022381544113159235,0.0,0.0,1.610855261484786,0.09590929204767425,0.32885172395055146,0.4435275503717687,0.0,0.5915080912442066,40.28319566169654
rotate,anu,rotate,0.08487369120121002,0.08577495813369751,-0.43256027149618603,-0.2627303749322891,-0.2649562656879425,-0.4853739206737373,0.08828164637088776,-0.12086081504821777,-0.2999292974418495,-0.16015903651714325,-0.21088099479675293,-0.3099554543441627,0.077813521027565,-0.35172513127326965,-0.3614226643985603,-0.06073208153247833,-0.37512898445129395,-0.3239311342185829,0.012001756465796298,-0.005368933533177245,0.0,-0.0010733351562962415,1.5456893227317154,2.6820699373881087,0.28107847977842265,0.4433020791487011,0.0006944050438249006,2.234991623573259,78.39338671678308
rotate,anu,rotate,0.08541552722454071,0.08720633387565613,-0.43256027149618603,-0.26273201406002045,-0.22004303336143494,-0.4853739206737373,0.0883745402097702,-0.1205085813999176,-0.2999292974418495,-0.14624600112438202,-0.19577136635780334,-0.30443430590094067,0.0780981034040451,-0.3517357409000397,-0.3614226643985603,-0.060344502329826355,-0.3751889169216156,-0.33671416985453106,0.01641927343426333,0.043375022483594594,0.0,-4.9670537312825645e-05,1.3610070401972023,0.0,0.29517905007577533,0.44472941081441586,3.6495403293597494e-05,0.3785334038056007,81.46730454731097
rotate,anu,rotate,0.08560411632061005,0.086893230676651,-0.42221462349698413,-0.2581417188048363,-0.19348344206809998,-0.4852880499820458,0.0883745402097702,-0.12064817547798157,-0.29053246598050464,-0.14084568619728088,-0.18900492787361145,-0.30440878491208423,0.07829560339450836,-0.352496400475502,-0.3636846802692162,-0.06028170883655548,-0.3753523826599121,-0.3391609154205071,0.005714821093010117,-0.009487975727427985,0.3135044848242966,0.1390998562177007,0.8048360997980203,0.0026021421724704346,0.30590527055250666,0.44333104626166414,0.172829826374317,0.6022590063637075,17.373324202160155
rotate,anu,rotate,0.08579270541667938,0.08613777160644531,-0.42032875498989597,-0.2535514235496521,-0.16736620664596558,-0.47232592484215274,0.0883745402097702,-0.1212301254272461,-0.2811659016297199,-0.13544537127017975,-0.18268084526062012,-0.30303156754234806,0.07829560339450836,-0.3536994159221649,-0.3614018895314075,-0.06021891534328461,-0.3758983612060547,-0.34947643062332645,0.005714821093010194,-0.02289269909714213,0.05714753051782323,0.13909985621770257,0.7914313764283171,0.39279167090585043,0.3097662287026452,0.44383029813721764,0.175757096071115,0.24962418999049338,11.830900496501659
rotate,anu,rotate,0.08617545664310455,0.08426102995872498,-0.4187071749474853,-0.24982638657093048,-0.11921003460884094,-0.4667114296462387,0.08868153393268585,-0.12232574820518494,-0.28075100271962583,-0.12685178220272064,-0.170344740152359,-0.29526957659982145,0.07860259711742401,-0.35593369603157043,-0.35953770368359983,-0.05991192162036896,-0.37694013118743896,-0.34944702475331724,0.011598522012883996,-0.05687095902182853,0.04913878916395897,0.11287990844610994,1.459277940518932,0.17013621805800225,0.34094463969208044,0.44421815735144676,0.07735320870591669,0.20394096163334666,21.347661543185776
rotate,anu,rotate,0.08714413642883301,0.08387401700019836,-0.41477511066477746,-0.23438340425491333,-0.090086430311203,-0.4634389056591317,0.08933335542678833,-0.12279894948005676,-0.2762991263298318,-0.11551114916801453,-0.1664283573627472,-0.2943124546436593,0.07957127690315247,-0.3565097749233246,-0.3575650228885934,-0.0589432418346405,-0.37748146057128906,-0.34695906180422753,0.029353932900862332,-0.011727665409897342,0.11915346311236,0.46796916109143,0.8825334635647882,0.09916739354869658,0.3562902019880849,0.4441488787936936,0.5302559621311328,2.5027513254911122,20.636322322157632
rotate,anu,rotate,0.0875517874956131,0.0826365053653717,-0.4075423772446811,-0.21854020655155182,-0.06717678904533386,-0.4481232757680118,0.08956833183765411,-0.1241893470287323,-0.27166858268901706,-0.10777147114276886,-0.16205599904060364,-0.2806580360047519,0.07971186935901642,-0.3579176366329193,-0.35608217073604465,-0.05853559076786041,-0.3788753151893616,-0.34697359753772616,0.012353062629699738,-0.03750035257050495,0.21917374000291986,0.4800969001018652,0.6942315535111878,0.4641099967006041,0.3646761654928056,0.4436187205271554,0.6915505440845453,0.329403122366725,12.44963388292046
rotate,anu,rotate,0.08786293864250183,0.08083024621009827,-0.4075602278462611,-0.20382404327392578,-0.03595373034477234,-0.41435754153644666,0.08965447545051575,-0.12759819626808167,-0.2661040112725459,-0.0982084572315216,-0.15954235196113586,-0.2573912725201808,0.07968315482139587,-0.3614707887172699,-0.35610002133762464,-0.0585763156414032,-0.3821446895599365,-0.34699144813930616,0.00942882263299193,-0.05473512591737703,-0.000540927320605879,0.44594434174624464,0.9461532939564121,1.0232040676231888,0.3814226961840619,0.4453597054237086,0.4713230649532819,0.17225959044351308,18.611516836244135
rotate,anu,rotate,0.08765865862369537,0.08132320642471313,-0.399958630441688,-0.18449391424655914,-0.012070715427398682,-0.40588082873728126,0.08933593332767487,-0.1276652216911316,-0.265934576629661,-0.09070710837841034,-0.15943700075149536,-0.24940835440065712,0.07926125824451447,-0.3618575632572174,-0.35023008787538856,-0.05863092839717865,-0.3818418085575104,-0.33790784084703773,-0.006190303600195615,0.014938188321662507,0.23035143650221301,0.5857614856777705,0.7237277247688908,0.25687008482319107,0.39647506807400423,0.44604107310287566,0.8093660865330756,0.41436679603398474,24.5490034987584
rotate,anu,rotate,0.08676667511463165,0.08114781975746155,-0.356959915952757,-0.16546516120433807,0.01864030957221985,-0.3818820782471448,0.08901859819889069,-0.12808766961097717,-0.22763430257327855,-0.08561654388904572,-0.15941080451011658,-0.24194323201663792,0.07841028273105621,-0.3627800941467285,-0.3197618492413312,-0.05864344537258148,-0.3820773661136627,-0.3262406059075147,-0.0270298033049613,-0.005314747492472344,1.3029913481494275,0.5766288800673065,0.9306371212005639,0.7272348633374698,0.41842742264872956,0.44556202509197523,0.6196059101076045,5.084854640525784,15.574045645920496
rotate,anu,rotate,0.08548147976398468,0.08150121569633484,-0.33400450414046645,-0.148604616522789,0.04754945635795593,-0.38184375828132033,0.08831001818180084,-0.1282033622264862,-0.2076202011667192,-0.08306752145290375,-0.1521061360836029,-0.24190491205081344,0.07755167782306671,-0.3636424243450165,-0.30347583955153823,-0.058817699551582336,-0.38159409165382385,-0.3262022859416902,-0.03894531365596896,0.01070896784464521,0.695618539766382,0.5109255964105792,0.8760347510829138,0.0011612110855904521,0.4419523149656023,0.44625972414018006,0.5832245953193088,3.6363613991092345,22.154008250039457
rotate,anu,rotate,0.08391211926937103,0.0818713903427124,-0.3319349754601717,-0.1302260309457779,0.06587880849838257,-0.3818292189389467,0.08751504123210907,-0.12783318758010864,-0.2007129956036806,-0.08108024299144745,-0.14867645502090454,-0.24189037270843983,0.07693438231945038,-0.36327579617500305,-0.29808877594769,-0.05929870903491974,-0.3789099454879761,-0.3261877465993166,-0.0475563786246561,0.01121741352659286,0.06271299031196234,0.5569268356670046,0.555434913346263,0.0004405861325336236,0.45383223123782845,0.4464865862475812,1.0026842382440837,4.239135820044907,9.814668716325514
rotate,anu,rotate,0.08128556609153748,0.0820583701133728,-0.3319363985210657,-0.11182308197021484,0.06962203979492188,-0.38183064199984074,0.08631160855293274,-0.12764620780944824,-0.1946293953806162,-0.08149024844169617,-0.147416353225708,-0.24189179576933384,0.07576391100883484,-0.363246351480484,-0.29571411944925785,-0.061109185218811035,-0.3785707354545593,-0.3261891696602106,-0.07959252054041102,0.0056660536563757835,-4.312305739431681e-05,0.557665120471609,0.1134312514102823,-4.312305739431681e-05,0.45447182151775467,0.446809620811583,4.916283627788933,14.044779768560078,13.394077066475052
rotate,anu,rotate,0.07781504094600677,0.0823647677898407,-0.331930476706475,-0.09838132560253143,0.06992843747138977,-0.3982973280362785,0.08516035974025726,-0.12733981013298035,-0.1946234735660255,-0.0820370465517044,-0.14675816893577576,-0.24751153914257884,0.07449547946453094,-0.3638996183872223,-0.29570819763466716,-0.06239698827266693,-0.37826433777809143,-0.3305088165216148,-0.10516742865244431,0.00928477807478461,0.00017944892699068044,0.40732595053585646,0.00928477807478461,-0.4989904859526536,0.45471630563712484,0.44774431918180274,43.86557025759036,11.325645283083482,16.103340083963886
rotate,anu,rotate,0.07585456967353821,0.08427780866622925,-0.33396259415894747,-0.08303964138031006,0.07261306047439575,-0.4152412759140134,0.08440342545509338,-0.1268661618232727,-0.1946006016805768,-0.08222821354866028,-0.14398956298828125,-0.2713683294132352,0.07381722331047058,-0.36171257495880127,-0.29568532574921846,-0.06328421831130981,-0.37557971477508545,-0.3424744950607419,-0.05940822037783551,0.05797093564813802,-0.06157931674158949,0.4648995218854973,0.08135221221230267,-0.5134529659919679,0.4544909734221519,0.44763458573161596,5.714581013375065,1.0247755179060272,2.829335132340743
rotate,anu,rotate,0.07291015982627869,0.08597525954246521,-0.3414423866197467,-0.07322776317596436,0.07534405589103699,-0.4461636943742633,0.08383002877235413,-0.12494006752967834,-0.19461148511618376,-0.08222821354866028,-0.14006194472312927,-0.2994922501966357,0.0733313262462616,-0.3591489791870117,-0.2956962091848254,-0.06336045265197754,-0.3728487193584442,-0.35308084916323423,-0.08922454082604632,0.05143790534048382,-0.22666037759997684,0.29732964255593114,0.08275743686791642,-0.9370429836439387,0.4578630184622789,0.447468968796225,3.59274116100662,1.7345730869553355,13.804024584794426
rotate,anu,rotate,0.07150833308696747,0.08665809035301208,-0.3414484146051109,-0.07241646945476532,0.06925949454307556,-0.4461697223596275,0.08359132707118988,-0.1248147189617157,-0.19461751310154796,-0.08401457965373993,-0.13918092846870422,-0.29985057143494487,0.07315514981746674,-0.359160453081131,-0.2957022371701896,-0.06328846514225006,-0.37325090169906616,-0.35308687714859843,-0.04247959816094611,0.020691842743844748,-0.00018266622315753634,0.024584658218152654,-0.18438064690792244,-0.00018266622315753634,0.45228662075910114,0.4481624687822398,0.13333571226007046,2.052864301285139,30.656421762236185
idle,anu,rotate,0.07076805830001831,0.08564022183418274,-0.3414718289859593,-0.0695047676563263,0.06513676047325134,-0.4461931367404759,0.08339178562164307,-0.1253296434879303,-0.19464092748239636,-0.08504730463027954,-0.13918092846870422,-0.2998739858157933,0.07301586866378784,-0.3593708574771881,-0.295725651551038,-0.0633854866027832,-0.37335559725761414,-0.35311029152944684,-0.022432569301489683,-0.03084450057058631,-0.000709526692375994,0.08823338783148585,-0.12493133544921906,-0.000709526692375994,0.44830504063814175,0.44736185142590107,0.7062494070428217,0.727255803489244,2.6392632950061192
idle,anu,rotate,0.07093527913093567,0.08554640412330627,-0.3414476406760514,-0.06713026762008667,0.06394824385643005,-0.446168948430568,0.08306089043617249,-0.1253516972064972,-0.19461673917248845,-0.08546552062034607,-0.13923725485801697,-0.29984979750588536,0.07308480143547058,-0.3594180643558502,-0.2957014632411301,-0.063301682472229,-0.3737223446369171,-0.3530861032195389,0.005067297906586563,-0.0028429609356504185,0.000732979088118574,0.07195454655271509,-0.03601565505519018,0.000732979088118574,0.44747582970360267,0.4473150024367428,1.997813135130273,1.7817747927074334,2.7395480843328843
idle,anu,rotate,0.0709967166185379,0.08532142639160156,-0.3336738459765911,-0.06702451407909393,0.06165289878845215,-0.4422175996005535,0.08264471590518951,-0.1253923773765564,-0.18841471895575523,-0.08647175133228302,-0.1397571563720703,-0.29986704513430595,0.07296217978000641,-0.3595340847969055,-0.29059959575533867,-0.06355340778827667,-0.374294251203537,-0.35263143107295036,0.0018617420485525465,-0.0068175070213549235,0.23556953634728142,0.003204652757355669,-0.06955591115084579,0.11973784333377203,0.44507038517124026,0.4469403538643049,0.04607238453136373,0.2730424772933056,4.286958289670597
idle,anu,rotate,0.07103250920772552,0.084308922290802,-0.31094779819250107,-0.06671012938022614,0.05974096059799194,-0.4239093288779259,0.08244793117046356,-0.12589752674102783,-0.16536837071180344,-0.08900178968906403,-0.1398037075996399,-0.27862169593572617,0.07287691533565521,-0.3599836230278015,-0.2701029106974602,-0.06358598172664642,-0.3757437765598297,-0.3308611735701561,0.0010846239147764291,-0.030681942448471607,0.6886681146693969,0.009526809056599958,-0.05793752092303666,0.5547960825038692,0.44532535948692303,0.4461698919628381,0.16442962134388986,0.035349410070364906,13.18967470926484
idle,anu,rotate,0.07121191918849945,0.0838148295879364,-0.3109554201364517,-0.06571643054485321,0.05777093768119812,-0.4239169508218765,0.08223484456539154,-0.1259249746799469,-0.1653759926557541,-0.09149233996868134,-0.13991418480873108,-0.2786293178796768,0.07264022529125214,-0.3602345287799835,-0.2701105326414108,-0.06349481642246246,-0.37667953968048096,-0.33086879551410675,0.00543666608405837,-0.014972506147442478,-0.00023096799850463924,0.030112085920391735,-0.05969766414526752,-0.00023096799850463924,0.44430857751711084,0.44592620192108817,0.5044013354657083,0.36308570821851033,16.830649992524936
idle,anu,rotate,0.07155133783817291,0.08300307393074036,-0.30802495777606964,-0.06544999778270721,0.055750757455825806,-0.42320241034030914,0.08216674625873566,-0.12599679827690125,-0.16319182515144348,-0.09354113042354584,-0.14170584082603455,-0.27608121931552887,0.07232393324375153,-0.36030635237693787,-0.26738037168979645,-0.06344954669475555,-0.3774401545524597,-0.3302942365407944,0.010285413626468568,-0.02459865627866809,0.0888018897085481,0.008073720065030205,-0.061217582587039986,0.02165274186567832,0.44304660794309925,0.4451694359848034,0.13188348576269415,0.4181120870126831,0.9422714867256611
idle,anu,rotate,0.07222175598144531,0.08283376693725586,-0.3076814264059067,-0.06517553329467773,0.05450087785720825,-0.4229028970003128,0.08217698335647583,-0.12616610527038574,-0.16161629557609558,-0.0956127941608429,-0.1425899863243103,-0.27582956850528717,0.07212203741073608,-0.36047565937042236,-0.26710788905620575,-0.06351843476295471,-0.3777095377445221,-0.3289272040128708,0.020315701311284896,-0.005130514954075681,0.01041004152008984,0.00831710569786305,-0.03787513935204718,0.009076161818070867,0.44231212983891166,0.4451622954946923,0.21958694418557514,3.959006549352301,0.8035157243189104
idle,anu,rotate,0.07392935454845428,0.08278623223304749,-0.3076814264059067,-0.06487344205379486,0.0515308678150177,-0.4229028970003128,0.08236156404018402,-0.12621363997459412,-0.16161629557609558,-0.09710101783275604,-0.14352616667747498,-0.27582956850528717,0.07215361297130585,-0.36052319407463074,-0.26710788905620575,-0.06337545812129974,-0.37776979804039,-0.3289272040128708,0.05174541112148344,-0.0014404455820719243,0.0,0.009154280026753643,-0.09000030430880361,0.0,0.43946869801184746,0.4451658260069602,0.101712748465782,35.89827584549181,1.603517253179126
idle,anu,rotate,0.07653382420539856,0.08237782120704651,-0.3076967569068074,-0.06363728642463684,0.04697611927986145,-0.42291822750121355,0.08315017819404602,-0.12591060996055603,-0.16163162607699633,-0.09806850552558899,-0.14412322640419006,-0.2739997776225209,0.07285460829734802,-0.36092808842658997,-0.2671232195571065,-0.06265908479690552,-0.378178209066391,-0.321847734041512,0.0789233229377055,-0.01237609169699932,-0.0004645606333559221,0.03745926148963706,-0.13802268288352307,-0.0004645606333559221,0.43700389522081506,0.4451739863007176,0.2713973479554852,6.376564452280784,1.6892510161502559
idle,anu,rotate,0.07840403914451599,0.08126294612884521,-0.29731979686766863,-0.06225407123565674,0.040712058544158936,-0.41874429304152727,0.08393535017967224,-0.1263730525970459,-0.1518488796427846,-0.09945875406265259,-0.1455293893814087,-0.27207538206130266,0.07359835505485535,-0.36181971430778503,-0.2571085961535573,-0.06200653314590454,-0.37930309772491455,-0.31494947988539934,0.05667317997325565,-0.03378409327882717,0.3144533345193582,0.04191561178727594,-0.18982002229401607,0.12648286241473605,0.4326501542920742,0.4449295216571298,0.2208164895580024,1.6774611070490144,4.15698286771456
rotate,anu,rotate,0.07961790263652802,0.08332794904708862,-0.29688474256545305,-0.06074689328670502,0.035490334033966064,-0.41874429304152727,0.08458130061626434,-0.12530797719955444,-0.1515075834468007,-0.1007934957742691,-0.14572709798812866,-0.27207538206130266,0.07412360608577728,-0.36191579699516296,-0.25662284810096025,-0.061512693762779236,-0.3793991804122925,-0.31494947988539934,0.03678374218218263,0.06257584600737616,0.013183463703502341,0.04567205905914318,-0.15823407606645104,0.0,0.4276765821107544,0.4470941744534305,0.2886342282286586,0.587817132519699,3.9521585017063536
rotate,anu,rotate,0.08041147887706757,0.0838857889175415,-0.2905149729922414,-0.05858738720417023,0.031028449535369873,-0.41874429304152727,0.08489333093166351,-0.12467247247695923,-0.14418786484748125,-0.102371945977211,-0.1457507610321045,-0.27207538206130266,0.07425670325756073,-0.36191579699516296,-0.2503823908045888,-0.061571165919303894,-0.37899139523506165,-0.31494947988539934,0.024047764864834932,0.01690423849857219,0.1930233204003541,0.06543957825863016,-0.1352086211695819,0.0,0.42296399288722575,0.44764669039127003,0.48398610759033833,1.4225037326072623,0.9195990604914684
rotate,anu,rotate,0.08113893866539001,0.08403071761131287,-0.2868484938517213,-0.05434107780456543,0.026572376489639282,-0.4187176311388612,0.0851576030254364,-0.12429878115653992,-0.1432775789871812,-0.10431429743766785,-0.14587482810020447,-0.27204872015863657,0.07426807284355164,-0.36192262172698975,-0.2472569728270173,-0.06158936023712158,-0.37815943360328674,-0.31492281798273325,0.022044236009770932,0.004391778599132143,0.11110542850060774,0.12867604241226518,-0.13503251653728915,0.0008079364444270189,0.41789201827437905,0.44776006767148696,0.952919287832748,5.0182897936458915,1.9164203154158281
rotate,anu,rotate,0.08185940980911255,0.08413353562355042,-0.28263009432703257,-0.047049373388290405,0.020079821348190308,-0.4313700580969453,0.08526021242141724,-0.1241094172000885,-0.14018959645181894,-0.10671606659889221,-0.1459048092365265,-0.28958842996507883,0.07428663969039917,-0.3617730736732483,-0.24297110084444284,-0.06159102916717529,-0.37812668085098267,-0.31857619527727365,0.02183245890068291,0.0031156973405317904,0.12783028862693124,0.2209607398871225,-0.19674409519542396,-0.38340687751770114,0.4141284023539975,0.4477308196069273,1.1230813132477102,7.004998084593519,12.119159204807023
rotate,anu,rotate,0.08239820599555969,0.08441498875617981,-0.2819055048748851,-0.04281702637672424,0.0035022199153900146,-0.43481365125626326,0.08538082242012024,-0.12410834431648254,-0.1355388043448329,-0.1091717779636383,-0.14666786789894104,-0.2930637029930949,0.0742516815662384,-0.3617730736732483,-0.24120900314301252,-0.0615726113319397,-0.37812668085098267,-0.318637284450233,0.016327157165064998,0.00852888280695137,0.021957256125681383,0.12825293974442947,-0.5023515585697071,-0.10435130785812056,0.39936116244749126,0.44811422446516586,0.2553046412455624,1.9141127181441806,12.851581560616513
rotate,anu,rotate,0.08288826048374176,0.08231988549232483,-0.27100262232124805,-0.029226228594779968,-0.007851332426071167,-0.4451133329421282,0.08587087690830231,-0.12675687670707703,-0.125281335785985,-0.10868172347545624,-0.15020403265953064,-0.3065344709903002,0.07472874224185944,-0.36470508575439453,-0.23409089632332325,-0.06124033033847809,-0.3810586929321289,-0.3186254221946001,0.014850136005517245,-0.06348797769257532,0.3303903804132441,0.41184235702861544,-0.3440470406503397,-0.31211156623833186,0.3953578482990176,0.44862052803256314,1.1970489826075654,0.23390100998986293,11.6832861928477
rotate,anu,rotate,0.08387340605258942,0.07933065295219421,-0.2660957593470812,-0.017576321959495544,-0.03118792176246643,-0.44802159257233143,0.08680762350559235,-0.13063976168632507,-0.125281335785985,-0.10769657790660858,-0.1578126847743988,-0.3115221578627825,0.07571388781070709,-0.3704649806022644,-0.22753913886845112,-0.0605960339307785,-0.3886425793170929,-0.3186254221946001,0.029852896025686627,-0.0905828042463825,0.14869281739899642,0.35302747379649857,-0.7071693738301612,-0.08812907970312892,0.38258057547921887,0.4515188840849622,0.4992113454703124,0.32956107633201787,13.050905967520267
rotate,anu,rotate,0.0841430127620697,0.07933065295219421,-0.21098005957901478,-0.008861333131790161,-0.05235913395881653,-0.45322382636368275,0.08685645461082458,-0.13063976168632507,-0.09610179252922535,-0.1074269711971283,-0.1599896252155304,-0.32261297293007374,0.07598349452018738,-0.3700694739818573,-0.19542873091995716,-0.06034770607948303,-0.38944265246391296,-0.29388308711349964,0.008169900287281403,0.0,1.6701727202444407,0.2640905705365274,-0.6415518847378834,-0.1576434482227676,0.376384930930928,0.44974314408264554,0.41164271382619655,8169.900287281403,3.9565680496868074
rotate,anu,rotate,0.08335773646831512,0.07933065295219421,-0.20633194781839848,-0.008261337876319885,-0.09663167595863342,-0.4991291407495737,0.08687089383602142,-0.13063976168632507,-0.09104484505951405,-0.10696600377559662,-0.16639837622642517,-0.3258794490247965,0.07627908885478973,-0.3700694739818573,-0.19542878307402134,-0.060537174344062805,-0.3895782232284546,-0.2837719861418009,-0.02379625132589603,0.0,0.1408518715338258,0.01818167440818998,-1.3415921818126184,-1.3910701329057713,0.3673270296023258,0.44958810075648253,0.013552300842513847,23796.25132589603,43.61814633633364
rotate,anu,rotate,0.0834038108587265,0.07966181635856628,-0.1933746635913849,-0.0023154765367507935,-0.1299208104610443,-0.5941871702671051,0.08651559054851532,-0.130308598279953,-0.08627236634492874,-0.10608620941638947,-0.1746651828289032,-0.37711429595947266,0.07641129195690155,-0.36973831057548523,-0.19255319237709045,-0.06051822006702423,-0.3910479247570038,-0.2830199897289276,0.001396193648829627,0.010035254738547746,0.3926449765761756,0.1801776163505814,-1.0087616515882247,-2.8805463490161487,0.4103656216340065,0.4494552749984028,0.17861249726772163,0.13911500706205246,46.5085697190632
rotate,anu,rotate,0.08313073217868805,0.07964667677879333,-0.1808536071330309,0.01118643581867218,-0.16674861311912537,-0.6589036006480455,0.08615978062152863,-0.13097509741783142,-0.08392184413969517,-0.10326041281223297,-0.18114885687828064,-0.41656610555946827,0.07632811367511749,-0.3679846227169037,-0.18471668846905231,-0.060511693358421326,-0.3901199698448181,-0.2750240880995989,-0.00827511151631664,-0.00045877514463481977,0.37942595328345025,0.40914885925523714,-1.115994019941838,-1.9611039509375674,0.4498876136185624,0.447699653008711,0.36662247764919303,17.99817065554776,28.896143061387114
rotate,anu,rotate,0.08200354874134064,0.08153015375137329,-0.17208891734480858,0.011278048157691956,-0.21299958229064941,-0.6793014667928219,0.08619429171085358,-0.13292360305786133,-0.0810854397714138,-0.10106144845485687,-0.1847859025001526,-0.4164859615266323,0.07577373087406158,-0.3659333288669586,-0.17009299620985985,-0.06042008101940155,-0.38645851612091064,-0.2631306014955044,-0.034157073859012115,0.05707505977514956,0.26559666024915807,0.0027761314854477088,-1.401544520349198,-0.6181171559023066,0.4565378544823464,0.44751129886156243,0.00198076440981812,0.5984483510875398,43.39042026737916
rotate,anu,rotate,0.07977131009101868,0.09212428331375122,-0.15083650592714548,0.011293560266494751,-0.25934556126594543,-0.6818649107590318,0.08601430058479309,-0.12268692255020142,-0.0805612588301301,-0.09875911474227905,-0.18436658382415771,-0.43257000390440226,0.07496079802513123,-0.35473594069480896,-0.1682518357411027,-0.060404568910598755,-0.3764950633049011,-0.2523282403126359,-0.06764359546430292,0.3210342291629727,0.6440124672019223,0.00047006390311501994,-1.404423605312023,-0.07768012018817967,0.4509616156765963,0.44722532859828673,0.0003347021273602546,0.21070458728367106,16.377261349247632
rotate,anu,rotate,0.07946600019931793,0.09368306398391724,-0.1486440682783723,0.011605873703956604,-0.3060361444950104,-0.6818649107590318,0.08620811998844147,-0.12419235706329346,-0.0714064547792077,-0.09723787009716034,-0.19533151388168335,-0.43257000390440226,0.07523609697818756,-0.35273340344429016,-0.1533045256510377,-0.059954509139060974,-0.3763218820095062,-0.21794016007333994,-0.009251814900022463,0.047235777883818136,0.06643750450827786,0.009464043559449988,-1.4148661584564979,0.0,0.47464423265154837,0.44646083180415985,0.006688997976159452,0.19586041458581047,2.3907035397073377
rotate,anu,rotate,0.07917875051498413,0.09466022253036499,-0.13508121017366648,0.008048862218856812,-0.3379895091056824,-0.6818649107590318,0.08641272783279419,-0.12206053733825684,-0.06436122301965952,-0.09688931703567505,-0.20745235681533813,-0.41997357551008463,0.07482671737670898,-0.3485446274280548,-0.13969931844621897,-0.056509554386138916,-0.37989693880081177,-0.21590904239565134,-0.008704535888903207,0.029610865043871802,0.4109957001426069,-0.10778822682120755,-0.968283776080985,0.0,0.47226993666807576,0.44325027483704854,0.11131872511459624,0.2939543279697817,13.991467922156195
rotate,anu,rotate,0.07805819809436798,0.0953720211982727,-0.1274612182751298,0.005637332797050476,-0.36761415004730225,-0.6818649107590318,0.08670790493488312,-0.12008488178253174,-0.06436122301965952,-0.09613512456417084,-0.22418254613876343,-0.41648771706968546,0.07556129992008209,-0.3465689718723297,-0.1381331318989396,-0.05268959701061249,-0.38245290517807007,-0.20718533638864756,-0.03395613395806477,0.021569656603263848,0.23090884541019996,-0.07307664914564573,-0.8977163921702893,0.0,0.478479798653055,0.4420768774739492,0.08140273295694789,1.5741817498929023,2.3831073110815515
rotate,anu,rotate,0.07802700996398926,0.09486329555511475,-0.1274612182751298,-0.01739475131034851,-0.4034334421157837,-0.6740031177178025,0.08720278739929199,-0.11960256099700928,-0.06436122301965952,-0.09559237957000732,-0.23400554060935974,-0.413991772569716,0.07607752084732056,-0.34618517756462097,-0.13749437872320414,-0.05187442898750305,-0.38303011655807495,-0.17982293013483286,-0.000945094859961297,-0.015415928580544042,0.0,-0.6979419426484464,-1.0854330929842744,0.23823615276452006,0.4958015748926917,0.4411668850419794,0.6430072052827607,0.06130240890873647,21.048081282785326
rotate,anu,rotate,0.07864606380462646,0.09547236561775208,-0.13402221398428082,-0.03623467683792114,-0.42728403210639954,-0.6739267786033452,0.08819031715393066,-0.11899349093437195,-0.07133011566475034,-0.1031406819820404,-0.24175214767456055,-0.3845928688533604,0.07706612348556519,-0.34568551182746887,-0.13741803960874677,-0.05075967311859131,-0.3824210464954376,-0.15749286906793714,0.018759207292036877,0.018456668564767843,-0.19881805179245862,-0.5709068341688768,-0.7227451512307946,0.002313306498708184,0.5185823424615505,0.4411737760509527,0.7899133509001129,1.0163367722316032,13.664618917673938
rotate,anu,rotate,0.07823967933654785,0.0955144464969635,-0.13401699741370976,-0.053247928619384766,-0.4655206799507141,-0.6739215620327741,0.08810096979141235,-0.11832502484321594,-0.0718121521640569,-0.10749608278274536,-0.2499891221523285,-0.3844622441101819,0.0772169828414917,-0.3456272780895233,-0.1374128230381757,-0.04943495988845825,-0.38236281275749207,-0.15748765249736607,-0.012314680850866934,0.0012751781579219794,0.0001580778960928755,-0.5155530842867708,-1.15868629831255,0.0001580778960928755,0.5231001362308125,0.44115598002399625,0.4449458322686325,9.649656495390204,13.316565432828654
rotate,anu,rotate,0.07771587371826172,0.0953359603881836,-0.13408250245265663,-0.07227599620819092,-0.4666920602321625,-0.673987067071721,0.08810096979141235,-0.11824631690979004,-0.08951584133319557,-0.11590254306793213,-0.2501676082611084,-0.37188998493365943,0.0772169828414917,-0.3458057641983032,-0.13747832807712257,-0.04943495988845825,-0.3820406198501587,-0.15185125800780952,-0.015872897523822458,-0.005408669963027578,-0.0019850011802081224,-0.5766081087517108,-0.03549637216510251,-0.0019850011802081224,0.5294462979431744,0.44115507669630016,16.24368435133276,2.9341711476496477,34.0863689771358
rotate,anu,rotate,0.07771587371826172,0.09535211324691772,-0.13883950444869697,-0.09378060698509216,-0.4666920602321625,-0.6936625603120774,0.08810096979141235,-0.1179574728012085,-0.09089951845817268,-0.12219217419624329,-0.2501676082611084,-0.36956573161296546,0.07726502418518066,-0.34668251872062683,-0.1428788814228028,-0.04943495988845825,-0.3815673887729645,-0.15185125800780952,0.0,0.0004894805677009297,-0.1441515756375846,-0.6516548720273033,0.0,-0.5962270678895827,0.5502474292644195,0.4420533177008436,651654.8720273033,0.0,18.182213201821178
rotate,anu,rotate,0.07734769582748413,0.0954432487487793,-0.14093083469197154,-0.11828303337097168,-0.4666920602321625,-0.7067597243003547,0.08773279190063477,-0.11768853664398193,-0.0916145252995193,-0.13007360696792603,-0.2501676082611084,-0.3680875930003822,0.07722407579421997,-0.34668251872062683,-0.15804267255589366,-0.04980313777923584,-0.3815673887729645,-0.15185274509713054,-0.011156905781138905,0.0027616818745930687,-0.06337364373559232,-0.7424977692690681,0.0,-0.3968837572205204,0.5655594233674645,0.44245680527866804,742497.7692690681,4.038433047157219,6.638382665593842
rotate,anu,rotate,0.07668577134609222,0.09378188848495483,-0.1512294295243919,-0.1440049558877945,-0.4684029519557953,-0.7074108454398811,0.0872291773557663,-0.11917519569396973,-0.09791442332789302,-0.13585536181926727,-0.24844998121261597,-0.3680875930003822,0.07756291329860687,-0.34839341044425964,-0.16945913759991527,-0.05175416171550751,-0.38236886262893677,-0.15185274509713054,-0.02005831761793689,-0.05034425041892392,-0.3120786312854701,-0.7794521974794917,-0.05184520374644969,-0.01973094362201144,0.5696989348841766,0.44255178975761,15.033929992084845,0.39841529143327703,11.590574355283277
rotate,anu,rotate,0.07696422934532166,0.08906793594360352,-0.1754656615667045,-0.1655730903148651,-0.4504653811454773,-0.7074108454398811,0.08686086535453796,-0.12285536527633667,-0.10635505197569728,-0.13635361194610596,-0.23525509238243103,-0.36466119019314647,0.07791337370872498,-0.3531337082386017,-0.17614765791222453,-0.05275896191596985,-0.38326624035835266,-0.1536230924539268,0.008438121188770548,-0.14284704670761414,-0.7344312740094653,-0.6535798311233448,0.543562751827812,0.0,0.5691428884262392,0.4422031887170009,1.202397748057312,0.05907060952707291,18.451131602174364
rotate,anu,rotate,0.07765479385852814,0.08048495650291443,-0.22086875466629863,-0.18308396637439728,-0.45308658480644226,-0.7074108454398811,0.08684410154819489,-0.12992605566978455,-0.1246844413690269,-0.13679476082324982,-0.22879204154014587,-0.3448223206214607,0.07840777933597565,-0.36147019267082214,-0.1841135802678764,-0.054582223296165466,-0.3871343731880188,-0.1536230924539268,0.020926197369893724,-0.26009028608149165,-1.3758513060483284,-0.5306326078646195,-0.07943041396863659,0.0,0.5723139588973324,0.4434815257858747,6.680387284483431,0.08045712597744294,19.242698741447605
rotate,anu,rotate,0.07850217819213867,0.07648256421089172,-0.27551652188412845,-0.1994323581457138,-0.411420077085495,-0.707528930855915,0.08668160438537598,-0.13184276223182678,-0.14700692589394748,-0.13718590140342712,-0.21530649065971375,-0.31795312161557376,0.07879328727722168,-0.364964097738266,-0.19040293688885868,-0.05625629425048828,-0.3891003131866455,-0.15374117786996067,0.02567831313971289,-0.12128461490977761,-1.655992945994825,-0.49540581125201055,1.2626214460892973,-0.0035783459404200827,0.5724320330748991,0.44957709287874126,0.39236258850492006,0.21171771408187662,40.68239011893179
rotate,anu,rotate,0.08008907735347748,0.07472854852676392,-0.37449681549333036,-0.21689334511756897,-0.3654947876930237,-0.6508241870906204,0.08638463914394379,-0.1322389841079712,-0.20485543995164335,-0.13554944097995758,-0.200050950050354,-0.3037461021449417,0.0791538804769516,-0.3663190007209778,-0.23526982753537595,-0.056600674986839294,-0.3906073272228241,-0.1687527725007385,0.048087853373903984,-0.053151990428116226,-2.99940283664253,-0.5291208173289528,1.3916754361355166,1.718325568645317,0.5086425350911625,0.46250185887894696,0.3802039063032816,0.9047064518211387,52.335225922923925
rotate,anu,rotate,0.08222272992134094,0.07623147964477539,-0.38099833036540076,-0.21876643598079681,-0.3180099427700043,-0.6415829231846146,0.0863201916217804,-0.12949931621551514,-0.2248736938345246,-0.13219553232192993,-0.18426847457885742,-0.3011390140163712,0.0796937644481659,-0.3646846413612366,-0.2834116985904984,-0.057034701108932495,-0.3894370198249817,-0.23340897465823218,0.06465613842010427,0.045543367212468426,-0.19701560218394942,-0.05676032918872193,1.438934694636936,0.28003830018198994,0.4448201362988175,0.45159337033499847,0.039446049882752666,1.4196297451774393,45.897119500191984
rotate,anu,rotate,0.08441023528575897,0.0765833854675293,-0.38446380654932,-0.2188667356967926,-0.2551473379135132,-0.5691004292166326,0.08637265861034393,-0.1263355016708374,-0.22738889316678979,-0.12612096965312958,-0.16947656869888306,-0.29724278012872674,0.0799102634191513,-0.363864541053772,-0.30879365364671685,-0.05760703980922699,-0.3868468701839447,-0.2755995587504003,0.06628804134600018,0.010663812810724314,-0.10501442981573328,-0.003039385333205681,1.9049274198936483,2.196439211150946,0.3598502706438285,0.44692348088237344,0.0015955378173083108,6.2155841384616055,59.78710017588408
rotate,anu,rotate,0.08642862737178802,0.0765833854675293,-0.38804414638434537,-0.21893981099128723,-0.19764477014541626,-0.5031441427126992,0.08658240735530853,-0.12617099285125732,-0.2514738417521585,-0.11668001115322113,-0.15768033266067505,-0.29647251733695157,0.07996015250682831,-0.363864541053772,-0.34925633438979276,-0.057682380080223083,-0.3859539330005646,-0.33657634028350003,0.06116339654633591,0.0,-0.10849514651592204,-0.0022144028634736384,1.7425020535787223,1.9986753486040734,0.2986789792491868,0.44219985470748063,0.0012708172068483534,61163.39654633591,7.755043712489337
rotate,anu,rotate,0.08837521076202393,0.0771251916885376,-0.41155438183341175,-0.21903975307941437,-0.1297990083694458,-0.47755150555167347,0.08695966005325317,-0.12558209896087646,-0.2649618840077892,-0.10850054025650024,-0.15362578630447388,-0.29651324509177357,0.07986021041870117,-0.36332273483276367,-0.35366861580405384,-0.05778232216835022,-0.3846080005168915,-0.3468240952352062,0.05898737546169332,0.016418370333584693,-0.7124313772444281,-0.003028548125064701,2.055932175029385,0.7755344594250151,0.32866584445494734,0.4443170524710547,0.0014730771222763183,3.5925479639763465,38.26245379818454
rotate,anu,rotate,0.08958476781845093,0.07817918062210083,-0.4115338418632746,-0.21289090812206268,-0.08797359466552734,-0.46877128817141056,0.08711373805999756,-0.12452811002731323,-0.264941344037652,-0.098133385181427,-0.15117228031158447,-0.29202241636812687,0.07955420017242432,-0.36226874589920044,-0.35364807583391666,-0.058088332414627075,-0.38220733404159546,-0.3477084133774042,0.036653244134152156,0.03193905859282573,0.0006224233374902795,0.18632863507126612,1.26743677890664,0.2660671933413046,0.35382700643996856,0.44434868084987117,0.14701205705892972,1.147563459460437,29.020401103485995
rotate,anu,rotate,0.08934518694877625,0.07876968383789062,-0.4115338418632746,-0.20655828714370728,-0.048456549644470215,-0.4532087240368128,0.08685049414634705,-0.12345212697982788,-0.27101574279367924,-0.09087696671485901,-0.14896821975708008,-0.28830833174288273,0.07885578274726868,-0.36125078797340393,-0.35870779491961,-0.05878448486328125,-0.37972578406333923,-0.34919185377657413,-0.007260026353778181,0.0178940368421148,0.0,0.1918976054047072,1.1974862127592938,0.47159285256356387,0.37735382813960344,0.44330422336047187,0.16025023345554543,0.40570055361340096,6.5810544044294925
rotate,anu,rotate,0.08863545954227448,0.07855799794197083,-0.41145651674014516,-0.2009216696023941,-0.007988542318344116,-0.4484509739850182,0.08625181019306183,-0.12328341603279114,-0.2709384176705498,-0.0865904837846756,-0.14769646525382996,-0.2882310066197533,0.07772268354892731,-0.361195832490921,-0.3586304697964806,-0.05994020402431488,-0.37770387530326843,-0.35361292099696584,-0.021506891106114007,-0.0064147241187817415,0.0023431855493761117,0.17080659216100333,1.226303252306838,0.14417424399377338,0.4068899819057496,0.4430497842184057,0.1392856559370922,3.3522156981709292,9.980614720450703
rotate,anu,rotate,0.0883183628320694,0.07918542623519897,-0.3938830563274678,-0.17235054075717926,0.02284151315689087,-0.443393654510146,0.08635033667087555,-0.12265992164611816,-0.27081713764346205,-0.08094699680805206,-0.1468605399131775,-0.28810972659266554,0.07717819511890411,-0.361314058303833,-0.35850918976939283,-0.06027315557003021,-0.37485259771347046,-0.3597296842781361,-0.009608991218335854,0.019012978582671498,0.5325291034144745,0.8657917831883424,0.934244105310166,0.15325210529916006,0.4215704045664715,0.4420579256738859,0.9267287334632625,0.505364575675554,22.84585968074871
rotate,anu,rotate,0.08767515420913696,0.08131566643714905,-0.39180096343625337,-0.15405723452568054,0.04911205172538757,-0.44182609871495515,0.08612644672393799,-0.12158885598182678,-0.2635170455323532,-0.0792975127696991,-0.14390745759010315,-0.28494634584058076,0.07618391513824463,-0.36108043789863586,-0.35629745677579194,-0.060916364192962646,-0.37166982889175415,-0.3534638519631699,-0.01949117039189173,0.06455273339242576,0.06309372397619371,0.5543426130757126,0.7960769263180733,0.04750169076335874,0.4399323805234823,0.44396718425132786,0.6963421478593099,0.3019371516966155,10.810748022637998
rotate,anu,rotate,0.08735622465610504,0.0824572741985321,-0.3860694098402746,-0.13090933859348297,0.06681844592094421,-0.4398024010588415,0.08580751717090607,-0.1221444308757782,-0.26322149514453486,-0.07727797329425812,-0.14201310276985168,-0.28166746377246454,0.07508261501789093,-0.3615504503250122,-0.34809991001384333,-0.061663493514060974,-0.37011152505874634,-0.3474529910017736,-0.009664531910058378,0.034594174587365904,0.17368344230238963,0.701451391884786,0.5365573998653613,0.06132417139738444,0.4519194620050845,0.4457972452216324,1.3073160201402145,0.279360691926898,9.049523899820528
rotate,anu,rotate,0.08655142784118652,0.08287566900253296,-0.38256459473632276,-0.11224424839019775,0.07366424798965454,-0.4384380185510963,0.08500272035598755,-0.12377768754959106,-0.258889784803614,-0.07628113031387329,-0.14069271087646484,-0.2848973476793617,0.07376790046691895,-0.362372487783432,-0.346285363426432,-0.06318691372871399,-0.369380384683609,-0.351239433279261,-0.024387782270257854,0.01267863042426818,0.1062065183015698,0.5656087940389398,0.2074485475366743,0.04134492447712611,0.454201235024835,0.44690661476181404,2.7264884438417383,1.9233827370536651,10.806122570655956
idle,anu,rotate,0.08543634414672852,0.08286166191101074,-0.3497947799041867,-0.10186532139778137,0.08424383401870728,-0.4397828923538327,0.08410811424255371,-0.12444013357162476,-0.20897964108735323,-0.07717573642730713,-0.1396329402923584,-0.28666595090180635,0.07269877195358276,-0.3624350428581238,-0.2978047179058194,-0.0647101104259491,-0.3691185712814331,-0.35123989451676607,-0.03379041498357562,-0.0004244573188550498,0.9930246918828992,0.3145129391641293,0.3205935160318975,-0.040753751598072326,0.46341972628262695,0.4485023607186694,0.9810303153558525,79.42139783729462,8.708687325605723
idle,anu,rotate,0.08370956778526306,0.08319005370140076,-0.34978850604966283,-0.09236040711402893,0.08744433522224426,-0.4397766184993088,0.08299049735069275,-0.12432602047920227,-0.20897336723282933,-0.07826873660087585,-0.13616010546684265,-0.2880719196982682,0.07142993807792664,-0.36213383078575134,-0.2977984440512955,-0.06614664196968079,-0.36833587288856506,-0.3512336206622422,-0.0523265564080449,0.009951266375455148,0.00019011680375446275,0.2880277055682604,0.09698488495566783,0.00019011680375446275,0.46504045206256034,0.44851657488555513,2.9697899410818147,5.257752800617924,6.935269903981101
idle,anu,rotate,0.08154813945293427,0.08282575011253357,-0.34982135286554694,-0.0857129842042923,0.08715972304344177,-0.43980946531519294,0.08245556056499481,-0.12545910477638245,-0.2046532272361219,-0.07878901064395905,-0.1342938244342804,-0.2881047665141523,0.07079784572124481,-0.3625600337982178,-0.2949522673152387,-0.0669560581445694,-0.36862048506736755,-0.3512664674781263,-0.06549782825238705,-0.011039502692944955,-0.0009953580570943319,0.20143705787080485,-0.008624611478863245,-0.0009953580570943319,0.4646797637585667,0.4488815900371045,23.35336553987149,5.932504168876399,4.138634226000856
idle,anu,rotate,0.08001503348350525,0.08249667286872864,-0.3396373689174652,-0.08609536290168762,0.0869116485118866,-0.439572274684906,0.08205816149711609,-0.12607797980308533,-0.2000497430562973,-0.07949334383010864,-0.13438865542411804,-0.2882973849773407,0.07026204466819763,-0.36292967200279236,-0.29421722888946533,-0.0673893392086029,-0.36886855959892273,-0.351269394159317,-0.04645775664936486,-0.009972037691058694,0.30860557418429985,-0.011587233254403964,-0.007517410047126659,0.007187594857179872,0.4646320179852604,0.44784231445520845,1.541181337779296,4.658335613332382,6.460129553665624
idle,anu,rotate,0.07844707369804382,0.08209380507469177,-0.34078683238476515,-0.08615162968635559,0.08674094080924988,-0.4400460598990321,0.08194711804389954,-0.12663975358009338,-0.20003509800881147,-0.08042824268341064,-0.13455936312675476,-0.2887612758204341,0.07009342312812805,-0.36347389221191406,-0.2942025838419795,-0.06744560599327087,-0.36903926730155945,-0.3512547491118312,-0.04751393289276996,-0.012208114970813965,-0.034832226281815926,-0.0017050540808475191,-0.005172960685961118,-0.014357127700791056,0.464725091101447,0.44807415519691457,0.32954523320479917,3.891677079489593,0.7217778390662817
idle,anu,rotate,0.07688173651695251,0.0819801390171051,-0.3426431599073112,-0.08615162968635559,0.08061608672142029,-0.4417000594548881,0.0815611183643341,-0.12688937783241272,-0.20002302853390574,-0.08114421367645264,-0.13455936312675476,-0.2887996914796531,0.06999197602272034,-0.3637816607952118,-0.2941905143670738,-0.06744560599327087,-0.36903926730155945,-0.35124267963692546,-0.047434460033069434,-0.003444425987474808,-0.05625234916806159,0.0,-0.18560163902513704,-0.05012119866230216,0.45904508524486853,0.4484403079914113,0.0,13.767371641564324,5.574150291098181
idle,anu,rotate,0.07538816332817078,0.08161413669586182,-0.3426395640708506,-0.08731439709663391,0.07845312356948853,-0.4416964636184275,0.08101382851600647,-0.12714779376983643,-0.19930742541328073,-0.08140653371810913,-0.1345563530921936,-0.28879609564319253,0.06999197602272034,-0.3640788495540619,-0.29243123391643167,-0.06744560599327087,-0.3690362572669983,-0.34928166726604104,-0.04525979359944734,-0.011090979431614908,0.00010896474123001272,-0.03523537606904057,-0.06554433793732718,0.00010896474123001272,0.4573641977747979,0.44854457219623706,0.5375725746159362,4.080407277933246,4.085670786170582
idle,anu,rotate,0.07472564280033112,0.08168354630470276,-0.34077116707339883,-0.08950291574001312,0.07821866869926453,-0.4400303945876658,0.08081413805484772,-0.12690117955207825,-0.19653104105964303,-0.08137582242488861,-0.13474658131599426,-0.28879609564319253,0.07014091312885284,-0.3638463020324707,-0.2905584261752665,-0.06705312430858612,-0.36878666281700134,-0.34928166726604104,-0.02007637963150465,0.002103321480028534,0.05661809083187157,-0.06631874676906628,-0.007104693037090801,0.05048694032611214,0.4566761336546677,0.4483739341821827,9.333184873437535,9.540547783237198,2.5206782021654703
idle,anu,rotate,0.07449120283126831,0.08139827847480774,-0.3380111251026392,-0.09090331196784973,0.07672229409217834,-0.4395454917103052,0.08085274696350098,-0.12640687823295593,-0.19453738071024418,-0.08192971348762512,-0.1342819631099701,-0.28874913789331913,0.07026547193527222,-0.3631013035774231,-0.2862685117870569,-0.06667083501815796,-0.36808744072914124,-0.3477770183235407,-0.0071042414867517854,-0.008644479693788608,0.08363763547756588,-0.04243624932838276,-0.04534468506321835,0.014694026586684547,0.45482344468888947,0.44752098641174265,0.9358387522257207,0.8217290119663189,1.74441344901449
idle,anu,rotate,0.07439438998699188,0.08149811625480652,-0.33722983626648784,-0.09247283637523651,0.07423201203346252,-0.432570684235543,0.08096377551555634,-0.12602385878562927,-0.19113102881237864,-0.08277846872806549,-0.134195476770401,-0.2788909557275474,0.0705244392156601,-0.3626290261745453,-0.28625212935730815,-0.06623519957065582,-0.36764058470726013,-0.33417220739647746,-0.002933722553831126,0.0030253872726902485,0.023675419277313724,-0.04756134567838674,-0.07546309268835737,0.21135780226551892,0.45345569307235134,0.4470599755772736,0.6302513418507518,0.9693810770038198,6.0309901964749475
idle,anu,rotate,0.07470600306987762,0.08144989609718323,-0.335964638274163,-0.09216122329235077,0.0723278820514679,-0.432570684235543,0.08127538859844208,-0.12602385878562927,-0.19113102881237864,-0.08361418545246124,-0.13548514246940613,-0.2788909557275474,0.07098208367824554,-0.3626290261745453,-0.2858666363172233,-0.065688356757164,-0.3676621913909912,-0.3305126312188804,0.009442820693507489,-0.0014612168976755086,0.038339333100753006,0.009442820693507489,-0.0577009085452927,0.0,0.452446597485319,0.446911363227355,0.16364832518659958,6.457879613153681,6.655437564242647
rotate,anu,rotate,0.07471416890621185,0.08098432421684265,-0.33596316911280155,-0.09215305745601654,0.07196900248527527,-0.43256921507418156,0.0812835544347763,-0.12602385878562927,-0.1911295596510172,-0.08496768772602081,-0.13645300269126892,-0.27888948656618595,0.07118789851665497,-0.3626290261745453,-0.28586516715586185,-0.06541217863559723,-0.36786025762557983,-0.33051116205751896,0.00024744958588570986,-0.014108238798199123,4.452004125623943e-05,0.00024744958588570986,-0.010875138369473425,4.452004125623943e-05,0.4523059792168378,0.4464471402399282,0.022751603324598958,0.017538124446323345,1.4460641572004058
rotate,anu,rotate,0.07472650706768036,0.08081188797950745,-0.33555042603984475,-0.09214071929454803,0.07128390669822693,-0.42925321916118264,0.08129589259624481,-0.12602385878562927,-0.1906879828311503,-0.08643047511577606,-0.13979628682136536,-0.27416750648990273,0.07134394347667694,-0.3626290261745453,-0.2850163863040507,-0.06475166976451874,-0.3690720796585083,-0.3294044123031199,0.0003738836808638098,-0.005225340525309188,0.012507365847175635,0.0003738836808638098,-0.02076047839540401,0.10048472463632964,0.4523641663365372,0.44632384571547146,0.018008528763856085,0.07153833146792345,3.058350598897169
rotate,anu,rotate,0.07598528265953064,0.07995980978012085,-0.33493981417268515,-0.0912819504737854,0.07021546363830566,-0.4266028171405196,0.08147302269935608,-0.12601804733276367,-0.19064257200807333,-0.08912485837936401,-0.143324613571167,-0.2728333240374923,0.07164868712425232,-0.36338675022125244,-0.28397331293672323,-0.06414765119552612,-0.3701522946357727,-0.3275854652747512,0.03814471490455457,-0.025820551496563947,0.01850338991392772,0.02602329759886812,-0.03237706242185702,0.08031521274736561,0.4521774747764075,0.4462875335186086,0.8037323932423123,1.4772433372034388,1.0495732083857308
rotate,anu,rotate,0.07694606482982635,0.07974123954772949,-0.3349486938677728,-0.08911977708339691,0.06674140691757202,-0.4266116968356073,0.081743523478508,-0.12472021579742432,-0.1893302402459085,-0.09330116212368011,-0.14536410570144653,-0.27284220373257995,0.07210622727870941,-0.3628876209259033,-0.2848179987631738,-0.06380419433116913,-0.3709929287433624,-0.32759434496983886,0.029114611221081964,-0.006623340375495607,-0.00026908166932336914,0.06552040576934742,-0.1052744460828365,-0.00026908166932336914,0.4495071337777788,0.44548492538286655,0.6223712005721863,4.3950958994771945,3.5036224996294787
rotate,anu,rotate,0.07828974723815918,0.07967069745063782,-0.3154766298830509,-0.08451056480407715,0.05847892165184021,-0.4118323065340519,0.08203190565109253,-0.1240663230419159,-0.18564829602837563,-0.09759336709976196,-0.1461333930492401,-0.26319924369454384,0.07247406244277954,-0.3618025481700897,-0.2848641313612461,-0.06353279948234558,-0.3713115453720093,-0.3093583323061466,0.040717648737358975,-0.0021376393058083615,0.5900625449915821,0.1396730993733284,-0.25037834138581644,0.4478603121683524,0.4423356503567553,0.4425715465936394,0.5578459412835594,19.039044417996678,14.44961214403657
rotate,anu,rotate,0.0805995911359787,0.08028525114059448,-0.3126432062126696,-0.0785502940416336,0.047509849071502686,-0.40782839665189385,0.08381013572216034,-0.12311679124832153,-0.17315386841073632,-0.10144610702991486,-0.14725333452224731,-0.2611079574562609,0.07447408139705658,-0.36014699935913086,-0.27249694475904107,-0.06113909184932709,-0.37268638610839844,-0.3017772794701159,0.06999526963089375,0.018622839089595705,0.08586132334488716,0.18061426552859022,-0.33239613879810315,0.12133060248963627,0.43372210628079283,0.442300589484705,0.5433688935520432,3.758369544225548,10.27736328220059
rotate,anu,rotate,0.08298026025295258,0.08062401413917542,-0.31096736853942275,-0.07467471063137054,0.030190080404281616,-0.407851857598871,0.08514641225337982,-0.12287303805351257,-0.16803684597834945,-0.10619901120662689,-0.15066495537757874,-0.26026649540290236,0.07542131841182709,-0.35985296964645386,-0.2722036368213594,-0.06009085476398468,-0.37382346391677856,-0.29820202058181167,0.07214148839314699,0.0102655454115433,0.05078295979535885,0.11744192152312179,-0.524841474764269,-0.0007109377871860079,0.41888270387388116,0.44224397988367575,0.2237660387068908,7.026851341059081,7.165887582447367
rotate,anu,rotate,0.08485543727874756,0.07915359735488892,-0.28812514804303646,-0.07027310132980347,0.006603419780731201,-0.4078435804694891,0.08616405725479126,-0.12409418821334839,-0.16036622785031796,-0.10952842235565186,-0.15626853704452515,-0.26025821827352047,0.07597553730010986,-0.36107027530670166,-0.2710630502551794,-0.05887711048126221,-0.37653300166130066,-0.29569881223142147,0.05682354623621251,-0.04455808437231886,0.6921884998905047,0.13338210004748932,-0.7147472916227512,0.00025082210248167266,0.3993743044889045,0.4406438764645678,0.1866140872399444,1.2752404372005592,5.7750320341585955
rotate,anu,rotate,0.08694075047969818,0.07887095212936401,-0.25580706261098385,-0.061939045786857605,-0.02748638391494751,-0.41193326376378536,0.08662669360637665,-0.12370723485946655,-0.13345827721059322,-0.112287238240242,-0.1622157096862793,-0.26112314127385616,0.07626102864742279,-0.3602701723575592,-0.24760200642049313,-0.05831937491893768,-0.3778662085533142,-0.2938948478549719,0.06319130911971514,-0.008565006834087856,0.9793359221834017,0.25254713766502335,-1.033024354414495,-0.12392979679685515,0.3697461171683439,0.43934759202838847,0.24447331963905544,7.37698560643794,10.96456522356145
rotate,anu,rotate,0.08855798840522766,0.07399612665176392,-0.2231274303048849,-0.05185982584953308,-0.0659780502319336,-0.43530463241040707,0.0875445306301117,-0.12863361835479736,-0.11175799183547497,-0.116065114736557,-0.1704806685447693,-0.2633002009242773,0.0766359269618988,-0.36409255862236023,-0.2234498169273138,-0.058192670345306396,-0.3837052583694458,-0.2616281118243933,0.04900720986453048,-0.14772198416970228,0.99029188806362,0.3054309071916571,-1.1664141308177787,-0.7082232923218811,0.36215220213762295,0.43825099617388596,0.26185437681824153,0.3317507437314671,18.231961522952133
rotate,anu,rotate,0.08865636587142944,0.07509130239486694,-0.2137500843964517,-0.051791489124298096,-0.10475224256515503,-0.5207690051756799,0.0881648063659668,-0.12697696685791016,-0.11185730760917068,-0.11990231275558472,-0.1733894944190979,-0.3045082441531122,0.07694387435913086,-0.36271458864212036,-0.22330682491883636,-0.05782267451286316,-0.3840712606906891,-0.25997224962338805,0.0029811353394479136,0.03318714373039441,0.2841619972252453,0.002070809855605594,-1.1749755252491214,-2.589829477735513,0.3821916231295573,0.4380667893980646,0.0017624265771322843,0.08982531122154104,57.75524243368751
rotate,anu,rotate,0.08925256133079529,0.07786566019058228,-0.21129169082269073,-0.051365822553634644,-0.1654093861579895,-0.6349401525221765,0.0887623131275177,-0.12697696685791016,-0.11185730760917068,-0.1265053153038025,-0.18335092067718506,-0.3701250604353845,0.07757970690727234,-0.36271458864212036,-0.22330682491883636,-0.057363659143447876,-0.3840891718864441,-0.2575989714823663,0.018066529071692067,0.08407144835500914,0.07449677496245331,0.012898986989801438,-1.8380952603889031,-3.459731737772586,0.4361687627954571,0.440898599044301,0.007017579692519629,0.21489238656882342,33.147899843994324
rotate,anu,rotate,0.08952885866165161,0.07786566019058228,-0.20943650789558887,-0.05108952522277832,-0.22972702980041504,-0.6794360149651766,0.08940881490707397,-0.12697696685791016,-0.11178707517683506,-0.12794190645217896,-0.19452542066574097,-0.4063024986535311,0.07785600423812866,-0.36271458864212036,-0.22256753034889698,-0.057076215744018555,-0.3848055601119995,-0.25356354005634785,0.008372646389585686,0.0,0.05621766445763273,0.008372646389585686,-1.9490195043159564,-1.3483594679697208,0.4532687457921284,0.44093041961578044,0.004295822630416203,8372.646389585687,64.06936049626978
rotate,anu,rotate,0.08949293196201324,0.08009093999862671,-0.2012112010270357,-0.05233253538608551,-0.2820626497268677,-0.6794360149651766,0.08999587595462799,-0.12475168704986572,-0.11178707517683506,-0.13632579147815704,-0.200655996799469,-0.4063024986535311,0.07787998020648956,-0.3604893088340759,-0.22256753034889698,-0.057052239775657654,-0.38535943627357483,-0.2286116648465395,-0.001088687867829282,0.06743272145589119,0.249251723289487,-0.03766697464567201,-1.5859278765591533,0.0,0.46253118422468814,0.4412503927613732,0.02375073384589266,0.01614456156837495,42.337882141195315
rotate,anu,rotate,0.08950398862361908,0.08492940664291382,-0.20047945529222488,-0.05640660226345062,-0.3249305188655853,-0.6795044019818306,0.09011702239513397,-0.12126058340072632,-0.11125663667917252,-0.14229507744312286,-0.2084658145904541,-0.4063708856701851,0.0778910368680954,-0.3561522364616394,-0.22228346019983292,-0.055824682116508484,-0.38370928168296814,-0.22541410475969315,0.00033505035169197387,0.14662020134203596,0.022174113176086085,-0.123456572041369,-1.2990263375369193,-0.002072333838000475,0.4578791102689537,0.4417728954590804,0.09503770126612927,0.0022851425893747313,9.074563217925478
rotate,anu,rotate,0.08962106704711914,0.08572182059288025,-0.1880345696117729,-0.06662926077842712,-0.3757534623146057,-0.679516097297892,0.09023410081863403,-0.12352201342582703,-0.1112683319952339,-0.1461390256881714,-0.22572281956672668,-0.40638258098624647,0.07788664102554321,-0.3558795750141144,-0.21192889451049268,-0.05551379919052124,-0.384639173746109,-0.1991090530063957,0.0035478310151533256,0.024012543938376422,0.37711774789248037,-0.30977753075686026,-1.5400891954248432,-0.00035440351701143626,0.4806177665867626,0.44240301549431915,0.20114246014754109,0.14774291642490472,9.232719813051663
rotate,anu,rotate,0.08922135829925537,0.08525654673576355,-0.16719185560941696,-0.08100476861000061,-0.42265594005584717,-0.6794870123267174,0.09027373790740967,-0.12402883172035217,-0.10912329703569412,-0.14831271767616272,-0.2518990933895111,-0.3937061056494713,0.07792627811431885,-0.35586026310920715,-0.19019756466150284,-0.053773969411849976,-0.3846198618412018,-0.17548953741788864,-0.012112386298901974,-0.014099207791414973,0.631597394010779,-0.435621449441616,-1.4212872042800284,0.0008813627628665885,0.5061637229053423,0.4418607036308812,0.3064976182380164,0.8590218298964857,5.244449782820246
rotate,anu,rotate,0.08898422122001648,0.08516368269920349,-0.1671860825153999,-0.0886080265045166,-0.44632479548454285,-0.6722084592911415,0.09026864171028137,-0.12383180856704712,-0.10911752394167706,-0.14996835589408875,-0.26405028998851776,-0.39038479438750073,0.07792118191719055,-0.3556632399559021,-0.19019179156748578,-0.05356070399284363,-0.38443562388420105,-0.16227768472163007,-0.007185972098148345,-0.0028140617139412144,0.00017494224294117283,-0.23040175437927612,-0.7172380432938199,0.2205622131992731,0.5148669529399568,0.4415654302877157,0.3212342614830173,2.552687233306746,23.198350618504108
rotate,anu,rotate,0.08875139057636261,0.08509013056755066,-0.16716898372396827,-0.09620697796344757,-0.4699743390083313,-0.6721913604997098,0.09025050699710846,-0.12361547350883484,-0.10910042515024543,-0.15161968767642975,-0.2761821746826172,-0.39015878131613135,0.07792039215564728,-0.3554469048976898,-0.18136534979566932,-0.0535614937543869,-0.38421928882598877,-0.1617578505538404,-0.007055474050117184,-0.002228852474328219,0.0005181451948980434,-0.23027125633123896,-0.7166528340541877,0.0005181451948980434,0.5193408649729591,0.44089877177526116,0.32131448321230593,3.1640990295749343,6.668026814659426
rotate,anu,rotate,0.0882246196269989,0.08577936887741089,-0.16718030942138284,-0.1104390025138855,-0.49911388754844666,-0.6722026861971244,0.09021392464637756,-0.12277477979660034,-0.10911175084766,-0.1551416516304016,-0.2927665412425995,-0.38693519902881235,0.07792589068412781,-0.3545506000518799,-0.1813766754930839,-0.05356737971305847,-0.38336580991744995,-0.16176917625125498,-0.015962756041324754,0.020886009389704255,-0.0003432029519568845,-0.4312734712253986,-0.8830166224277521,-0.0003432029519568845,0.526473519781319,0.44067911473627913,0.4884086798173556,0.764243254910069,7.9066838549533704
rotate,anu,rotate,0.08735355734825134,0.08575701713562012,-0.1755559443263337,-0.12488892674446106,-0.5144573897123337,-0.6757606266764924,0.08968392014503479,-0.1222996711730957,-0.11510954785626382,-0.15879303216934204,-0.30251821875572205,-0.3836547731189057,0.0774969756603241,-0.35392332077026367,-0.18813712883275002,-0.05408903956413269,-0.3833191692829132,-0.16172365832608193,-0.026395826628713606,-0.0006773255088112496,-0.2538071183318414,-0.4378764918356183,-0.4649546110268744,-0.10781637816266462,0.5352045045709382,0.43997072396602416,0.9417597754515733,38.91321538972005,13.081995023674468
rotate,anu,rotate,0.08608224987983704,0.08580383658409119,-0.17828156042378396,-0.14154675602912903,-0.5232768207788467,-0.6778223513392732,0.08892086148262024,-0.12127098441123962,-0.12302412826102227,-0.1643344759941101,-0.3109036386013031,-0.3790239392546937,0.07690253853797913,-0.35324373841285706,-0.19014050054829568,-0.05553936958312988,-0.38318079710006714,-0.16219516086857766,-0.03852446873982705,0.0014187711657899643,-0.08259442719546141,-0.5047827055959935,-0.2672554868640292,-0.06247650493274967,0.5411982685916313,0.4393036246969714,1.8887575434335833,27.134280275647058,6.472168943616882
rotate,anu,rotate,0.08478531241416931,0.08580383658409119,-0.19421365845482796,-0.15963464975357056,-0.5232768207788467,-0.6864396332530305,0.08821949362754822,-0.11993929743766785,-0.12350311118643731,-0.16946256160736084,-0.3109036386013031,-0.3790239392546937,0.07641783356666565,-0.35307776927948,-0.19382250297348946,-0.05629509687423706,-0.38264667987823486,-0.17198358464520425,-0.039301135323265006,0.0,-0.48279084942558365,-0.5481179916497521,0.0,-0.2611297549623473,0.5432503342550326,0.4389615378028706,548117.9916497521,39301.13532326501,10.175979387533907
rotate,anu,rotate,0.08363504707813263,0.08552280068397522,-0.2128993459045887,-0.17569305002689362,-0.5235578566789627,-0.6864535845816135,0.08740009367465973,-0.11944511532783508,-0.14037473872303963,-0.17286504805088043,-0.31118467450141907,-0.37903789058327675,0.07574953138828278,-0.3529849946498871,-0.1991073228418827,-0.05716364085674286,-0.3815831243991852,-0.1719975359737873,-0.03485652533444453,-0.008516239397453445,-0.5662329530230463,-0.4866181901006934,-0.008516239397453445,-0.0004227675328200467,0.5466910200408615,0.43879549658858347,57.133323063126134,4.092467489509127,8.121149096240432
rotate,anu,rotate,0.08287172019481659,0.08539840579032898,-0.2505303658545017,-0.19142834842205048,-0.523682251572609,-0.6864535845816135,0.08664719760417938,-0.11891642212867737,-0.1648108996450901,-0.17450959980487823,-0.3113090693950653,-0.37903789058327675,0.07517741620540619,-0.353037029504776,-0.216215331107378,-0.05793674290180206,-0.38123464584350586,-0.17280777171254158,-0.023131117676244005,-0.0037695422317043097,-1.1403339378761705,-0.47682722409567,-0.0037695422317043097,0.0,0.5494937217114108,0.43984355724051016,126.46118112305057,6.134692639628277,0.3299732600147491
rotate,anu,rotate,0.08211827278137207,0.08436846733093262,-0.3036311902105808,-0.20543037354946136,-0.5078649371862411,-0.6864535845816135,0.08592396974563599,-0.11948937177658081,-0.20587683096528053,-0.17673829197883606,-0.3060486316680908,-0.383742842823267,0.07478481531143188,-0.3538500666618347,-0.25561991706490517,-0.059291452169418335,-0.3798753321170807,-0.21607283130288124,-0.02283173980134881,-0.03121025634534397,-1.609115889578137,-0.4243037917397192,0.47931255716265525,0.0,0.5089164729137284,0.4409017413010548,0.8852321938303356,0.731522613147061,14.72512223049875
rotate,anu,rotate,0.0817016214132309,0.08328157663345337,-0.3232883848249912,-0.22445115447044373,-0.492073193192482,-0.6864535845816135,0.0859280675649643,-0.12067008018493652,-0.22061904147267342,-0.17715494334697723,-0.29969146847724915,-0.383742842823267,0.0748976320028305,-0.35478731989860535,-0.27498799934983253,-0.05976901948451996,-0.3793317675590515,-0.23769976571202278,-0.01262579903458124,-0.03293608174179592,-0.5956725640730519,-0.5763873006358383,0.4785376967805881,0.0,0.49113218647063017,0.44077611053431803,1.2044737541886068,0.3833308346367424,4.6086509947622245
rotate,anu,rotate,0.081438347697258,0.08017989993095398,-0.37936768983490765,-0.2388698160648346,-0.4850724935531616,-0.6837283775676042,0.08620981872081757,-0.12377175688743591,-0.25560287688858807,-0.17741821706295013,-0.2847349941730499,-0.3837823972571641,0.07488785684108734,-0.3568713963031769,-0.30174572323448956,-0.060418084263801575,-0.3791462481021881,-0.26103503559716046,-0.007977991393118106,-0.09399020310604107,-1.6993728790883578,-0.4369291392239609,0.21214241331273626,0.08258203072755535,0.47088751459798783,0.4439390883548183,2.059593236485978,0.0848801922890307,9.449241793176666
rotate,anu,rotate,0.08131831884384155,0.07829248905181885,-0.3896063300926471,-0.24854294955730438,-0.43924981355667114,-0.668621543343761,0.08626335859298706,-0.12565916776657104,-0.26104799240420107,-0.177871435880661,-0.262874960899353,-0.38383040159533266,0.07452446222305298,-0.35843104124069214,-0.30769005745241884,-0.06087130308151245,-0.3760945498943329,-0.2690248820144916,-0.0036372379823164107,-0.057194269064700334,-0.3102618259921015,-0.2931252573475661,1.3885660604996963,0.45778285526797013,0.44596718036722494,0.44439157746542157,0.21109910042233085,0.06359333633349815,37.67128391261141
rotate,anu,rotate,0.08112381398677826,0.07695910334587097,-0.42494355025701225,-0.2579352408647537,-0.394655704498291,-0.6352594930212945,0.085996612906456,-0.1269969642162323,-0.2851187128107995,-0.17529065907001495,-0.24042066931724548,-0.35825057211332023,0.07383279502391815,-0.35948386788368225,-0.3296004373114556,-0.061857953667640686,-0.37367936968803406,-0.27070532622747123,-0.005894086577675654,-0.04040562745296658,-1.0708248534656273,-0.28461488810453,1.3513366381327527,1.0109712218929412,0.41447080681682497,0.44679518269487484,0.21061715449427157,0.1458693028646448,16.803182643888
rotate,anu,rotate,0.08213216066360474,0.07690218091011047,-0.4313893630169332,-0.2614756077528,-0.35880208015441895,-0.5382274403236806,0.08577650785446167,-0.12717494368553162,-0.2850520326755941,-0.17122256755828857,-0.23030522465705872,-0.30251547833904624,0.07343846559524536,-0.35955381393432617,-0.32986191054806113,-0.062485337257385254,-0.37059688568115234,-0.27092975517734885,0.0305559599038323,-0.001724922295772649,-0.19532765939154192,-0.10728384509230987,1.0864734649658083,2.940365233260993,0.33344309510595554,0.44819330581168615,0.09874493009431762,17.70413417723028,59.258968862533926
rotate,anu,rotate,0.08441601693630219,0.0766972005367279,-0.4313893630169332,-0.26166486740112305,-0.31179219484329224,-0.4899714603088796,0.08640091121196747,-0.12737992405891418,-0.2850520326755941,-0.16250519454479218,-0.2163698971271515,-0.27713987370952964,0.07388477027416229,-0.3595942258834839,-0.33699938794597983,-0.06134752929210663,-0.36981359124183655,-0.28385251900181174,0.06920776583931773,-0.006211526466138534,0.0,-0.005735140858274609,1.4245419791250744,1.4623024246909635,0.29322096847371865,0.4465093317254826,0.004025951440087134,11.140035574340917,46.04936192177508
rotate,anu,rotate,0.08686763048171997,0.07740169763565063,-0.43637964269146323,-0.2617053836584091,-0.27603772282600403,-0.4715371741913259,0.08722174167633057,-0.1275995969772339,-0.28947231313213706,-0.1550183892250061,-0.20239293575286865,-0.27713987370952964,0.0744091272354126,-0.359419584274292,-0.34111273428425193,-0.06034776568412781,-0.3694443106651306,-0.2945240451954305,0.0742913195581139,0.021348396937052174,-0.151220596197878,-0.001227765372305192,1.0834688490087216,0.5586147308349548,0.2839072538786964,0.4472625967706799,0.0011331790851665028,3.4797853905268994,29.270321824561734
rotate,anu,rotate,0.08803319931030273,0.07873669266700745,-0.43637964269146323,-0.26171474158763885,-0.23529008030891418,-0.46173241874203086,0.08781701326370239,-0.12757280468940735,-0.28947231313213706,-0.1463564932346344,-0.1917918622493744,-0.27713987370952964,0.07510554790496826,-0.35950443148612976,-0.3438349082134664,-0.05856138467788696,-0.3687133491039276,-0.2961444272659719,0.03532026753281063,0.040454394889599905,0.0,-0.00028357361302230985,1.234777045972406,0.29711380149378597,0.2940959673316226,0.4480925517674515,0.00022965553521725557,0.8730669328329955,9.155216891949307
rotate,anu,rotate,0.09031125903129578,0.08092540502548218,-0.43637462612241507,-0.25692757964134216,-0.20202010869979858,-0.4617274021729827,0.08897855877876282,-0.125258207321167,-0.2924691652879119,-0.1372898817062378,-0.18329226970672607,-0.27713485714048147,0.07594332098960876,-0.3589566648006439,-0.34796672221273184,-0.05805099010467529,-0.36819180846214294,-0.29900147672742605,0.06903211275736601,0.06632461692347777,0.00015201724388382894,0.14506551352414448,1.008180957852004,0.00015201724388382894,0.30601414751569156,0.4489082650963228,0.14388822612260968,1.0408061916259417,12.146127634677491
rotate,anu,rotate,0.09189112484455109,0.08161669969558716,-0.43629330140538514,-0.25309915840625763,-0.16050654649734497,-0.46164607745595276,0.08977939188480377,-0.1250530481338501,-0.29238784057088196,-0.12947584688663483,-0.17351162433624268,-0.27917986852116883,0.07650847733020782,-0.35773566365242004,-0.3599856768269092,-0.05757145583629608,-0.36675432324409485,-0.3347919855732471,0.04787472161379675,0.020948323336514328,0.002464385364543281,0.11601276469953005,1.2579867334076715,0.002464385364543281,0.3112253018516497,0.4461950006363132,0.09222090296959534,2.2852633874981487,7.621217227636022
rotate,anu,rotate,0.09251739084720612,0.08410793542861938,-0.4362358214566484,-0.24700739979743958,-0.1234012246131897,-0.46158859750721604,0.09022457897663116,-0.12315404415130615,-0.29681936523411423,-0.12563608586788177,-0.16201502084732056,-0.28734335920307785,0.0764436274766922,-0.35577645897865295,-0.36437580606434494,-0.057719096541404724,-0.3626977801322937,-0.3376897337147966,0.01897775765621331,0.07549199191006867,0.0017418166283857015,0.18459874572176216,1.1244036934592687,0.0017418166283857015,0.3293081105619914,0.4460050539221793,0.16417464885693242,0.2513843626547566,4.550400083341421
rotate,anu,rotate,0.09276959300041199,0.08835983276367188,-0.43619932990986854,-0.23868975043296814,-0.08316421508789062,-0.46155210596043617,0.09033307433128357,-0.12042266130447388,-0.29678287368733436,-0.12061619758605957,-0.15672093629837036,-0.287306867656298,0.0765521228313446,-0.3551298677921295,-0.36433931451756507,-0.05761060118675232,-0.3626977801322937,-0.36030184489209205,0.007642489491086934,0.12884537378946798,0.0011058044478748663,0.2520499807415559,1.2193033189484432,0.0011058044478748663,0.34810959142858255,0.4495664385271003,0.20671622073719031,0.059314742559806816,3.5281906198144974
rotate,anu,rotate,0.09277300536632538,0.08870655298233032,-0.43616993026807904,-0.22242729365825653,-0.06716370582580566,-0.46152270631864667,0.09033648669719696,-0.11912107467651367,-0.29675347404554486,-0.11378295719623566,-0.1552634835243225,-0.2872774680145085,0.076555535197258,-0.3547210991382599,-0.3643099148757756,-0.05760718882083893,-0.36235105991363525,-0.36027244525030255,0.00010340502767851745,0.010506673292680105,0.0008908982360453218,0.4928017204458009,0.4848639170328723,0.0008908982360453218,0.3529204674404686,0.4495052289084587,1.0163691022676953,0.009840906240447337,23.42098219974006
rotate,anu,rotate,0.09277686476707458,0.0892159640789032,-0.43385950999800116,-0.21361276507377625,-0.03633841872215271,-0.46149123983923346,0.09034034609794617,-0.11841776967048645,-0.29223300295416266,-0.10779577493667603,-0.15408751368522644,-0.2872460015350953,0.0765593945980072,-0.354211688041687,-0.3598308392101899,-0.057634562253952026,-0.3618416488170624,-0.36024097877088934,0.00011695153785474559,0.015436699896148003,0.0700127354569067,0.26710692680243714,0.9340996092016196,0.0009535296791882378,0.37487753723520134,0.4498570140638844,0.28595091810370915,0.0075757100242586795,15.234646214734274
rotate,anu,rotate,0.09278479218482971,0.08923038840293884,-0.40945453474705573,-0.20451870560646057,-0.008372753858566284,-0.4275440377969062,0.08955320715904236,-0.1184033453464508,-0.271513412692002,-0.10418730974197388,-0.1489029824733734,-0.27448932359402534,0.07588955760002136,-0.35419726371765137,-0.3502119881886756,-0.057906150817871094,-0.3626447916030884,-0.360241691567353,0.00024022478045838987,0.0004371007283528598,0.7395447045740957,0.27557755961562347,0.84744438980564,1.028703092191724,0.38927307093773633,0.447686509668961,0.3251862160449379,0.548332301024858,31.255486819158282
rotate,anu,rotate,0.09101362526416779,0.08897548913955688,-0.39048121322412044,-0.19023142755031586,0.007718384265899658,-0.4240942691685632,0.0885443240404129,-0.11837095022201538,-0.2544417177559808,-0.09966953098773956,-0.14858144521713257,-0.2719531749607995,0.07559968531131744,-0.35416486859321594,-0.3338213657261804,-0.05792413651943207,-0.3628373146057129,-0.3490509783150628,-0.053671724868544074,-0.007724220102483699,0.5749491370586545,0.43294781988318004,0.4876102461959454,0.10453844328312313,0.40055990903769095,0.4470137632275876,0.8878954766953858,6.947598146917307,30.428924968893096
rotate,anu,rotate,0.089805006980896,0.08584880828857422,-0.38257612648885697,-0.1735784411430359,0.02869737148284912,-0.4176736957160756,0.08798772096633911,-0.11850523948669434,-0.2538396305171773,-0.09442389011383057,-0.14806795120239258,-0.2647511250106618,0.07546806335449219,-0.3547947108745575,-0.33193220559041947,-0.0576232373714447,-0.3630939722061157,-0.3426859563915059,-0.0366247964627811,-0.09474790457523126,0.2395480828867691,0.504635951735751,0.635726885362098,0.19456283189356113,0.415414524686277,0.44377591829321145,0.7937923809151779,0.3865458564083004,5.6839081078421065
rotate,anu,rotate,0.08832608163356781,0.0857982337474823,-0.37799870769958943,-0.15856726467609406,0.04543587565422058,-0.40937530796509236,0.08727912604808807,-0.1185583770275116,-0.2527434806106612,-0.08955906331539154,-0.1454293429851532,-0.2581414262531325,0.0754314512014389,-0.3550482988357544,-0.331841645645909,-0.057415857911109924,-0.36342573165893555,-0.3415304700611159,-0.044815919616005145,-0.0015325618512702541,0.138709660280833,0.4548841353618687,0.507227399132463,0.2514662954843378,0.42661732624853577,0.44344380834787994,0.8968033653870304,29.223418396124018,4.517628501209189
rotate,anu,rotate,0.08618150651454926,0.08517232537269592,-0.3626021249219775,-0.14755456149578094,0.059636086225509644,-0.4016278488561511,0.0862254947423935,-0.11912301182746887,-0.23820027243345976,-0.08629955351352692,-0.14208146929740906,-0.25790376495569944,0.07496349513530731,-0.35616639256477356,-0.32422859501093626,-0.05748821794986725,-0.3641918897628784,-0.34035087656229734,-0.06498712481874512,-0.01896692044807233,0.4665631144730957,0.33371827819131167,0.43030941125119054,0.2347714881497388,0.43760366406560847,0.44314584002089835,0.7755291749064981,3.4261597098457686,4.378369319989089
rotate,anu,rotate,0.08428214490413666,0.08414402604103088,-0.35191964637488127,-0.13661377131938934,0.06574144959449768,-0.3956684125587344,0.08537660539150238,-0.12021395564079285,-0.22668422292917967,-0.08362729847431183,-0.140468567609787,-0.25791146885603666,0.07420282065868378,-0.3568677306175232,-0.31833222042769194,-0.058135345578193665,-0.3643283545970917,-0.33693098556250334,-0.05755641243674475,-0.031160585808031143,0.3237114711241253,0.3315390962542873,0.18501101118145363,0.1805889787095946,0.44109974508533323,0.4424037493851817,1.7919868777012795,1.8470309178524214,7.612745959688659
rotate,anu,rotate,0.08215411007404327,0.08407649397850037,-0.34569640876725316,-0.12448863685131073,0.07215514779090881,-0.39566417457535863,0.08443929255008698,-0.12211677432060242,-0.20984700741246343,-0.08196575939655304,-0.13821813464164734,-0.2579072308726609,0.07301338016986847,-0.3581418991088867,-0.2989150774665177,-0.05862228572368622,-0.36439746618270874,-0.332519490737468,-0.06448590394222478,-0.002046426137288444,0.18858295780691534,0.3674283172145093,0.19435449080034045,0.00012842373866023645,0.4459863361977058,0.4447798928529043,1.8904962020958025,31.496083188440764,5.582781206444116
rotate,anu,rotate,0.08051317930221558,0.08386731147766113,-0.3410684820264578,-0.11312243342399597,0.07385212182998657,-0.39566475711762905,0.08390092849731445,-0.12258243560791016,-0.20665993355214596,-0.0799468457698822,-0.13792234659194946,-0.2566779013723135,0.07265037298202515,-0.3595341145992279,-0.2962916549295187,-0.05975449085235596,-0.3644877076148987,-0.3312195595353842,-0.04972517490386908,-0.006338863661794882,0.14024020426652495,0.3444304068883222,0.05142345572962849,-1.7652796073393193e-05,0.4462545538854652,0.44572593890766204,6.697793919282585,7.843256189170377,4.386954322933617
rotate,anu,rotate,0.07725885510444641,0.08435779809951782,-0.34092698339372873,-0.10478618741035461,0.08136415481567383,-0.3956581139937043,0.08335408568382263,-0.12211310863494873,-0.20553212705999613,-0.07902729511260986,-0.13601899147033691,-0.25667125824838877,0.07222780585289001,-0.3591151237487793,-0.2940832758322358,-0.0605187714099884,-0.3630905747413635,-0.33079484943300486,-0.0986158847808827,0.014863230965354062,0.0042878373554258165,0.25261351556488687,0.2276373632026416,0.0002013067855979435,0.45133895669933033,0.44596847064264994,1.1097141624586915,6.634442441774431,6.021215221858308
rotate,anu,rotate,0.07523965835571289,0.0812511146068573,-0.3405754826962948,-0.09868824481964111,0.0822424590587616,-0.4033611975610256,0.08254551887512207,-0.12303021550178528,-0.20166296884417534,-0.07885906100273132,-0.134738951921463,-0.25972261652350426,0.07169997692108154,-0.35904112458229065,-0.285667534917593,-0.06119412183761597,-0.3623330295085907,-0.3245938681066036,-0.06118778026465311,-0.09414192402001734,0.010651536285877398,0.18478613911253328,0.026615280093569168,-0.23342677476731585,0.4530534918555122,0.44371687816007316,6.942598231718336,0.6499456109058491,9.563115522554407
idle,anu,rotate,0.0722702145576477,0.08079519867897034,-0.338999574072659,-0.09495139122009277,0.08815726637840271,-0.40335327852517366,0.08172518014907837,-0.12351760268211365,-0.1943651782348752,-0.07880350947380066,-0.1330643594264984,-0.2597146974876523,0.07138210535049438,-0.35904112458229065,-0.28293991554528475,-0.06257173418998718,-0.3623330295085907,-0.3244580077007413,-0.08998314539591372,-0.013815634178392664,0.047754806776840956,0.11323798786509996,0.17923658544366813,0.00023997078339258566,0.45849145317682716,0.443395382601301,0.6317759056215867,6.512667574034429,8.730878294025143
idle,anu,rotate,0.07090690732002258,0.08074846863746643,-0.3390012178570032,-0.08879745006561279,0.08815726637840271,-0.40335492230951786,0.0811549723148346,-0.12388649582862854,-0.1943668220192194,-0.0787661075592041,-0.13193824887275696,-0.2597163412719965,0.07113751769065857,-0.35904112458229065,-0.28294155932962894,-0.06352537870407104,-0.36204269528388977,-0.3244596514850855,-0.041312340534095264,-0.0014160618637547573,-4.981164679382866e-05,0.1864830652872751,0.0,-4.981164679382866e-05,0.4577588304228472,0.4433481981465,186483.0652872751,29.153519398673872,5.8674272376652805
idle,anu,rotate,0.07098138332366943,0.08067587018013,-0.335828545037657,-0.08725529909133911,0.08809712529182434,-0.4033814095892012,0.08065742254257202,-0.12397333979606628,-0.1933645778335631,-0.07859089970588684,-0.13149622082710266,-0.2594687365926802,0.07105743885040283,-0.3592832088470459,-0.2787609123624861,-0.06388416886329651,-0.36210283637046814,-0.3187866830267012,0.0022568485953590837,-0.002199953252618939,0.09614160058624711,0.046731847705262564,-0.0018224571690414692,-0.000802644838889431,0.4586747027807942,0.44364480353322316,25.628157600119525,1.025395969984203,4.235306900282442
idle,anu,rotate,0.07103496789932251,0.07919609546661377,-0.3196849119849503,-0.08720171451568604,0.08673036098480225,-0.4010116350837052,0.08003634214401245,-0.1254746913909912,-0.1751749557442963,-0.07906419038772583,-0.13283926248550415,-0.2586609316058457,0.07067179679870605,-0.36070045828819275,-0.26672445656731725,-0.06452420353889465,-0.3635164499282837,-0.31356217386201024,0.001623775019790213,-0.04484165798534118,0.4892010015971811,0.001623775019790213,-0.04141710021279141,0.07181134865139584,0.459220936488605,0.44307326678174436,0.039204478511757825,0.03621049894769878,2.854806979875926
idle,anu,rotate,0.07106509804725647,0.07902047038078308,-0.31772224977612495,-0.08717158436775208,0.08694282174110413,-0.39965446665883064,0.0795922577381134,-0.12555047869682312,-0.16991931572556496,-0.07943636178970337,-0.1326608955860138,-0.25866566970944405,0.07021555304527283,-0.36070311069488525,-0.2607537992298603,-0.06481555104255676,-0.36356621980667114,-0.313281524926424,0.0009130347858775646,-0.0053219722978995925,0.05947461238864631,0.0009130347858775646,0.006438204736420532,0.041126315905288764,0.4592586132081162,0.44339931646131625,0.1417930976341511,0.17152724733093982,1.7228029881529585
idle,anu,rotate,0.07111474871635437,0.07769906520843506,-0.3136990969069302,-0.08712193369865417,0.08590108156204224,-0.3986433749087155,0.07927975058555603,-0.1263408064842224,-0.16736155794933438,-0.07946741580963135,-0.13337188959121704,-0.25857311533764005,0.06968584656715393,-0.3614053726196289,-0.25976085709407926,-0.06491270661354065,-0.3643127977848053,-0.31279701041057706,0.0015045657302393892,-0.040042580980242666,0.12191372330893036,0.0015045657302393892,-0.03156788421399631,0.030639143942883185,0.45886314432715464,0.4424071459591953,0.0476597690320752,0.03757320632692005,1.1948748381012235
idle,anu,rotate,0.07135939598083496,0.07711318135261536,-0.31335518043488264,-0.0887308418750763,0.0849291980266571,-0.39635598938912153,0.07924038171768188,-0.12691697478294373,-0.16709001641720533,-0.07951638102531433,-0.13328930735588074,-0.25325998943299055,0.0695122480392456,-0.3619815409183502,-0.2587893335148692,-0.06501251459121704,-0.36487624049186707,-0.31073132436722517,0.007413553469108931,-0.017754056236960955,0.010421711274168874,-0.04875479322491348,-0.029451016223792342,0.0693147127149694,0.45849653742432783,0.4424760092161301,1.6553974727722611,0.417546042669019,1.9228183498058748
idle,anu,rotate,0.0715668797492981,0.07557809352874756,-0.30905832909047604,-0.09041586518287659,0.0826958417892456,-0.39384727738797665,0.07916849851608276,-0.12844574451446533,-0.16625072620809078,-0.07972553372383118,-0.13402843475341797,-0.24549620412290096,0.06939125061035156,-0.3635103106498718,-0.25580828450620174,-0.06532907485961914,-0.3661811947822571,-0.29890318773686886,0.006287386923125227,-0.046517812844478215,0.13020761649716842,-0.05106131235758408,-0.06767746173974165,0.07602157579226844,0.4594935485614731,0.4423108943882165,0.7544691626405602,0.13515794016810426,1.1781462691165558
idle,anu,rotate,0.07240325212478638,0.07531487941741943,-0.30671205185353756,-0.09117263555526733,0.08243262767791748,-0.39384727738797665,0.07919430732727051,-0.12870895862579346,-0.16625072620809078,-0.0800035297870636,-0.1342916488647461,-0.24549620412290096,0.06937170028686523,-0.36377352476119995,-0.25580828450620174,-0.06550326943397522,-0.3662932217121124,-0.29890318773686886,0.02534461743903923,-0.00797618519176149,0.071099310210258,-0.0229324355269927,-0.00797618519176149,0.0,0.45937804086345957,0.4420396028873706,2.874752807628984,3.1771379038829526,3.0506522988132048
idle,anu,rotate,0.07294085621833801,0.07529494166374207,-0.3058125879615545,-0.09183567762374878,0.08240637183189392,-0.39384727738797665,0.07924607396125793,-0.12860456109046936,-0.16364694200456142,-0.08035218715667725,-0.13431790471076965,-0.24549620412290096,0.0693841278553009,-0.36369678378105164,-0.25580828450620174,-0.06560733914375305,-0.366319477558136,-0.29890318773686886,0.016291033137928176,-0.0006041743538596347,0.027256481575243102,-0.02009218389337691,-0.0007956316976836146,0.0,0.45940961440734196,0.4418447868762294,25.22142158264533,26.91956959846112,0.23399625981716124
idle,anu,rotate,0.0736716240644455,0.07522803544998169,-0.3058125879615545,-0.09162549674510956,0.08233946561813354,-0.39384727738797665,0.07942138612270355,-0.128512442111969,-0.16364694200456142,-0.08062268793582916,-0.1343253254890442,-0.24549620412290096,0.06933198869228363,-0.3633419871330261,-0.25580828450620174,-0.0656718760728836,-0.3663855493068695,-0.29890318773686886,0.022144480185074998,-0.002027461023041674,0.0,0.006369117534521784,-0.002027461023041674,0.0,0.4593931971689607,0.44143281199711276,3.1398767154871443,10.916887203417586,0.8027260010885464
idle,anu,rotate,0.07433830201625824,0.07519486546516418,-0.306714354082942,-0.0914330929517746,0.08228126168251038,-0.3942955117672682,0.07953189313411713,-0.1282237470149994,-0.16625302843749523,-0.08121298253536224,-0.13438352942466736,-0.2467747014015913,0.06919620931148529,-0.3630842864513397,-0.2565398793667555,-0.06572531163692474,-0.3663690686225891,-0.29993307404220104,0.020202362176144083,-0.0010051510550759216,-0.027326246102651396,0.005830417979847394,-0.0017637556249445415,-0.013582859978531562,0.45918654004274145,0.44117177384220724,3.3038103958618175,20.07885602686136,0.4120029051931506
idle,anu,rotate,0.07472819089889526,0.07524764537811279,-0.3090548012405634,-0.09119924902915955,0.08272892236709595,-0.39661658741533756,0.07952505350112915,-0.12801402807235718,-0.16670485772192478,-0.08170744776725769,-0.1344333291053772,-0.25130964256823063,0.06914323568344116,-0.3630219101905823,-0.25674069859087467,-0.06566798686981201,-0.36641496419906616,-0.30527312494814396,0.011814814625364232,0.0015993913014729641,-0.07092264114004115,0.007086179473183294,0.013565475290471708,-0.0703356256990714,0.45904869493628064,0.44141608534259635,0.5223301794652742,7.3824536627324475,1.7818178402176295
idle,anu,rotate,0.07489922642707825,0.0753902792930603,-0.31947042141109705,-0.08998647332191467,0.08680027723312378,-0.4219611743465066,0.07959821820259094,-0.12754899263381958,-0.17323774192482233,-0.08253094553947449,-0.13222378492355347,-0.27593125496059656,0.06907042860984802,-0.36291661858558655,-0.26679878029972315,-0.0657748281955719,-0.36640238761901855,-0.32947023306041956,0.005182894793423822,0.004322239846894304,-0.3156248536525401,0.03675077900742098,0.12337438987963324,-0.7680177857930133,0.46317753983628523,0.44149882603395685,0.29787771323985723,1.1988450738274607,21.42101434473918
idle,anu,rotate,0.07496011257171631,0.07597646117210388,-0.34376553166657686,-0.08732214570045471,0.0882897675037384,-0.45072094071656466,0.07940506935119629,-0.12656334042549133,-0.19321512151509523,-0.08449381589889526,-0.13199785351753235,-0.30085224378854036,0.06878578662872314,-0.3632300794124603,-0.2825590716674924,-0.06579715013504028,-0.3668214678764343,-0.34751174319535494,0.001845034686001844,0.017763087243744625,-0.736215462287259,0.08073720065030096,0.04513606880650326,-0.8715080718199316,0.4671634622445661,0.4434937861331659,1.7887116462172328,0.10386318535175777,4.1512142641705045
rotate,anu,rotate,0.07500430941581726,0.07674005627632141,-0.348140393383801,-0.08348715305328369,0.088250070810318,-0.45073160994797945,0.07919356226921082,-0.12549588084220886,-0.19439419079571962,-0.08654820919036865,-0.13203755021095276,-0.3015981065109372,0.06867358088493347,-0.36300164461135864,-0.28543997276574373,-0.06604960560798645,-0.36686116456985474,-0.3527577565982938,0.0013392983060894444,0.02313924558234912,-0.13257156718860827,0.11621189839912056,-0.0012029301036487795,-0.00032331004287256985,0.4658639077781833,0.4442343799943932,96.52711403005408,0.057877445652998266,26.458704351367544
rotate,anu,rotate,0.07507969439029694,0.07681569457054138,-0.3507301602512598,-0.07965482771396637,0.088250070810318,-0.4521933887153864,0.07901240885257721,-0.12460163235664368,-0.20335336960852146,-0.09006942808628082,-0.13203755021095276,-0.3078278098255396,0.0686727911233902,-0.36184459924697876,-0.29630825854837894,-0.0660153180360794,-0.36686116456985474,-0.3554306421428919,0.002284393166050803,0.0022920695218173305,-0.07847778386238975,0.11613107088840555,0.0,-0.04429632628505951,0.4654839437808494,0.44206972885111984,116131.07088840555,0.9962162700764294,1.3330163987496868
rotate,anu,rotate,0.0749167799949646,0.07683083415031433,-0.3514350447803736,-0.07557454705238342,0.088250070810318,-0.4539914224296808,0.07903891801834106,-0.12450268864631653,-0.20335746742784977,-0.09430178999900818,-0.13203755021095276,-0.3135336432605982,0.06858307123184204,-0.36109086871147156,-0.2995202634483576,-0.06597158312797546,-0.36686116456985474,-0.36239747144281864,-0.004936799858555595,0.00045877514463481977,-0.02136013724587157,0.12364486853281521,0.0,-0.05448587013013375,0.46433598325219655,0.44103364749734614,123644.86853281522,10.737422229461075,0.38364636734985186
rotate,anu,rotate,0.07484906911849976,0.07678043842315674,-0.35609046556055546,-0.06994166970252991,0.08529174327850342,-0.45591253973543644,0.07931637763977051,-0.124531090259552,-0.21095138229429722,-0.09630376100540161,-0.13259828090667725,-0.3170862589031458,0.06881844997406006,-0.36096668243408203,-0.30471418239176273,-0.06555435061454773,-0.36810103058815,-0.36244664527475834,-0.002051844741358934,-0.0015271432471998055,-0.14107335697521087,0.17069325302586683,-0.08964628884286735,-0.058215675931989265,0.46294722095570756,0.4407929589481974,1.9040537112623208,1.3427044520327318,3.0700303504427713
rotate,anu,rotate,0.07554882764816284,0.0766775906085968,-0.35609304532408714,-0.06099724769592285,0.0773860514163971,-0.45823123678565025,0.08028161525726318,-0.1246587336063385,-0.2109539620578289,-0.0971885621547699,-0.13365009427070618,-0.32082268223166466,0.06988167762756348,-0.3595770299434662,-0.3047167621552944,-0.06448334455490112,-0.3684298098087311,-0.36619051918387413,0.02120480392918419,-0.0031166004412101636,-7.81746524752984e-05,0.27104309110930175,-0.23956642006382534,-0.0702635469761754,0.45523118158564535,0.4393059674243231,1.1313854406291586,6.801642586678968,5.47900969527654
rotate,anu,rotate,0.07758523523807526,0.0764358639717102,-0.3514297744259238,-0.04221738874912262,0.07224780321121216,-0.4582233866676688,0.08275289833545685,-0.12486624717712402,-0.20335219707340002,-0.09506507217884064,-0.13657915592193604,-0.3595478078350425,0.07241250574588776,-0.35744330286979675,-0.29951499309390783,-0.0616811066865921,-0.3700341284275055,-0.3661826690658927,0.061709320906436126,-0.007325049602624061,0.14131123933828083,0.5690866347515159,-0.15570449106620848,0.00023788236307375097,0.45217655519351574,0.43700461447246824,3.6548912363632127,8.423273695052917,9.622499488240031
rotate,anu,rotate,0.07783070206642151,0.074351966381073,-0.35071036219596863,-0.022267937660217285,0.04372376203536987,-0.4688756465911865,0.0828106701374054,-0.12723547220230103,-0.20333357155323029,-0.0947113037109375,-0.14397871494293213,-0.35953328013420105,0.07243415713310242,-0.3590337932109833,-0.29628846049308777,-0.061274945735931396,-0.3755585253238678,-0.36242684721946716,0.007438388737765344,-0.06314841183749213,0.02180037060470327,0.6045288208759289,-0.8643648841164466,-0.3227957552581174,0.43433918780130093,0.4368227131221074,0.6993899597204455,0.11779030906744145,23.624830758066516
rotate,anu,rotate,0.07637529075145721,0.06715163588523865,-0.335972853936255,-0.002922430634498596,0.013267725706100464,-0.489500948227942,0.08248429000377655,-0.13314905762672424,-0.20327089074999094,-0.09466533362865448,-0.15370050072669983,-0.35983137134462595,0.07220934331417084,-0.3667929172515869,-0.2834079647436738,-0.06168179214000702,-0.38514944911003113,-0.36243922356516123,-0.04410337318073571,-0.21819183320709915,0.44659115938525723,0.5862274856278327,-0.9229101917960326,-0.6250091405077346,0.42229561876401617,0.43713647513219234,0.6351938202060415,0.2021302557581014,9.344710801831875
rotate,anu,rotate,0.07754331827163696,0.06706693768501282,-0.2680955287069082,0.014703541994094849,-0.028889447450637817,-0.49357438646256924,0.08300542831420898,-0.13323375582695007,-0.1429001446813345,-0.09319153428077698,-0.15889856219291687,-0.3665164764970541,0.07290118932723999,-0.3667488396167755,-0.22302684746682644,-0.06066739559173584,-0.3856997787952423,-0.3399150427430868,0.03539477333878082,-0.002566612128055498,2.0568886433135707,0.5341203826846583,-1.277490095658756,-0.12343752226143369,0.39573423493440096,0.436175267554009,0.4181010611343884,13.785093531859099,18.680439297110105
rotate,anu,rotate,0.07774361968040466,0.06706693768501282,-0.22273288946598768,0.01778048276901245,-0.09374406933784485,-0.5014483807608485,0.08329138159751892,-0.13323375582695007,-0.10336255561560392,-0.09284830093383789,-0.16792365908622742,-0.382700907997787,0.07308498024940491,-0.366487592458725,-0.19094415288418531,-0.06055039167404175,-0.3876715898513794,-0.2965265093371272,0.006069739659627212,0.0,1.3746254315430317,0.09324062954295663,-1.9652915723395854,-0.23860588782664238,0.36677252704373586,0.4347433234714163,0.047443638089955324,6069.739659627212,25.001553312287374
rotate,anu,rotate,0.07853427529335022,0.06706693768501282,-0.21791936550289392,0.028370440006256104,-0.13967636227607727,-0.5414785454049706,0.08344897627830505,-0.13323375582695007,-0.09988919738680124,-0.08724924921989441,-0.18095645308494568,-0.3826331803575158,0.07416275143623352,-0.366487592458725,-0.16357614193111658,-0.05986931920051575,-0.38924092054367065,-0.2571291634812951,0.023959260998350582,0.0,0.14586436251799498,0.3209077950679946,-1.391887664794944,-1.2130352922461443,0.3884884745375909,0.43696890824996093,0.23055564944576326,23959.260998350583,34.948959814884105
rotate,anu,rotate,0.07886730134487152,0.066436767578125,-0.15055527538061142,0.028844788670539856,-0.202714741230011,-0.5940873697400093,0.08362947404384613,-0.1454523205757141,-0.04667758196592331,-0.08633787930011749,-0.19082427024841309,-0.38456735759973526,0.07336501777172089,-0.3652864098548889,-0.1193162053823471,-0.059394970536231995,-0.390216201543808,-0.24227077513933182,0.010091698530948413,-0.019096063845085165,2.0413360643115688,0.01437420194799234,-1.91025390769494,-1.5942067980314572,0.4083111178514405,0.4328868865555221,0.007524755931833911,0.5284424146461457,21.597327537458963
rotate,anu,rotate,0.07836450636386871,0.07810196280479431,-0.14120190031826496,0.02896617352962494,-0.24422481656074524,-0.6383600253611803,0.08371920883655548,-0.13403716683387756,-0.04532558284699917,-0.08584900200366974,-0.19094011187553406,-0.3974460382014513,0.0730525404214859,-0.3528200685977936,-0.11785389669239521,-0.05927358567714691,-0.37850555777549744,-0.22667394764721394,-0.015236211545539457,0.3534907644445207,0.2834356079498896,0.003678329063184293,-1.2578810706282968,-1.341595624883955,0.44193098912563517,0.4315867738979261,0.00292422409784966,0.04310202691562487,21.20166679688443
rotate,anu,rotate,0.07899832725524902,0.0830717384815216,-0.1075804466381669,0.030057281255722046,-0.30140507221221924,-0.6426113778725266,0.08481031656265259,-0.12910082936286926,-0.0416794428601861,-0.08475789427757263,-0.20773079991340637,-0.39814307633787394,0.07408738136291504,-0.34826213121414185,-0.09857469890266657,-0.058182477951049805,-0.3756316900253296,-0.20323235634714365,0.01920669367819152,0.15059926293113254,1.0188319296999573,0.03306387048779164,-1.732735019741664,-0.1288288639801942,0.4542573834880899,0.43145582395938115,0.019081885590813297,0.12753426391409742,39.47721965636054
rotate,anu,rotate,0.07972225546836853,0.08773848414421082,-0.1075804466381669,0.02410787343978882,-0.34051617980003357,-0.645156436599791,0.08589980006217957,-0.12970533967018127,-0.0416794428601861,-0.08350354433059692,-0.21779713034629822,-0.4021826321259141,0.07322725653648376,-0.3439999520778656,-0.09755089972168207,-0.05651277303695679,-0.3710033595561981,-0.19891164544969797,0.021937218579378755,0.1414165352330048,0.0,-0.18028508533130794,-1.185185078418603,-0.07712299173528413,0.4544926516418096,0.43190375563771044,0.15211542610411255,0.15512375140207454,17.876276465024322
rotate,anu,rotate,0.08010169863700867,0.09004700183868408,-0.1075804466381669,0.021562635898590088,-0.37081992626190186,-0.6598436767235398,0.08586207032203674,-0.127396821975708,-0.0416794428601861,-0.08204853534698486,-0.23819515109062195,-0.40735092107206583,0.07468226552009583,-0.34169143438339233,-0.09755089972168207,-0.051816970109939575,-0.3745455741882324,-0.18861872795969248,0.011498277837580085,0.06995508165070616,0.0,-0.0771284103393567,-0.9182953473293566,-0.4450678825378489,0.47691865068156913,0.43188892018451064,0.08399076241963292,0.16436423490657323,14.124426439479379
rotate,anu,rotate,0.08030106127262115,0.09004700183868408,-0.1075804466381669,-0.005584612488746643,-0.4140538275241852,-0.6600712472572923,0.08606143295764923,-0.127396821975708,-0.0416794428601861,-0.08247993886470795,-0.25639548897743225,-0.40735092107206583,0.07488162815570831,-0.34169143438339233,-0.09755089972168207,-0.05147735774517059,-0.3745455741882324,-0.18152592424303293,0.006041291988256977,0.0,0.0,-0.8226438905253243,-1.310118220069142,-0.006896076780376751,0.4823615576801811,0.43188892018451064,0.6279152903977007,6041.291988256978,28.768941556999817
rotate,anu,rotate,0.08067622780799866,0.09004700183868408,-0.11488849855959415,-0.025346308946609497,-0.4529118835926056,-0.683357322588563,0.08643659949302673,-0.127396821975708,-0.05429691635072231,-0.0896693766117096,-0.27220618724823,-0.4075032416731119,0.07525679469108582,-0.34169143438339233,-0.09770322032272816,-0.04968288540840149,-0.3745455741882324,-0.13906591571867466,0.011368682890227529,0.0,-0.2214561188311323,-0.5988392866019142,-1.177516850558213,-0.7056386464021535,0.5504422612735552,0.4321143151468962,0.5085606866325033,11368.682890227528,22.59380613774166
rotate,anu,rotate,0.08067622780799866,0.0900619626045227,-0.11720356857404113,-0.03727990388870239,-0.505044236779213,-0.6916509694419801,0.08643659949302673,-0.12338143587112427,-0.05839786445721984,-0.09769201278686523,-0.29212361574172974,-0.40751386946067214,0.07637175917625427,-0.34114471077919006,-0.10296845203265548,-0.04677867889404297,-0.3745455741882324,-0.13869610195979476,0.0,0.00045335654056434196,-0.07015363680142457,-0.3616240891543359,-1.5797682783820663,-0.2513226319217361,0.5682246150395791,0.43146304843381017,0.22890943260062394,0.0,19.74307662123143
rotate,anu,rotate,0.08070454001426697,0.08988526463508606,-0.13059432338923216,-0.05760157108306885,-0.5055755227804184,-0.6916065318509936,0.08648625016212463,-0.11881104111671448,-0.07089785020798445,-0.10648077726364136,-0.2926549017429352,-0.4056007070466876,0.07714363932609558,-0.3397313952445984,-0.12380264233797789,-0.04677867889404297,-0.37464484572410583,-0.13865166436880827,0.0008579456444942727,-0.005354483922322677,-0.4057804489451892,-0.6158080967989933,-0.01609957579410463,0.0013465936662573018,0.5683476600303734,0.4296850956123443,38.24758224016292,0.16019946225927256,48.61262574451845
rotate,anu,rotate,0.08094963431358337,0.08949294686317444,-0.13522737752646208,-0.08033350110054016,-0.5086105912923813,-0.6869137389585376,0.08655056357383728,-0.11736252903938293,-0.07289770524948835,-0.1145041286945343,-0.29568997025489807,-0.4048564834520221,0.07778748869895935,-0.3413151204586029,-0.1356596304103732,-0.04677867889404297,-0.37754765152931213,-0.13865166436880827,0.007427099979284756,-0.011888417330654735,-0.14039557991605284,-0.6888463641657713,-0.09197177308978108,0.14220584522593566,0.5647076435697337,0.43081988913810465,7.489677010101022,0.6246815779723123,5.329587835317733
rotate,anu,rotate,0.08076620101928711,0.09012165665626526,-0.1489318860694766,-0.10561525821685791,-0.5101752132177353,-0.6916065318509936,0.08618050813674927,-0.11782655119895935,-0.07693615835160017,-0.1250302791595459,-0.2972545921802521,-0.3756857020780444,0.07750356197357178,-0.34275925159454346,-0.1377992881461978,-0.04716810584068298,-0.37883260846138,-0.1390321059152484,-0.005558584675644472,0.019051811911843342,-0.4152881376671135,-0.766113852009641,-0.04741278561678875,-0.14220584522594332,0.5709688657390054,0.4330363267418902,16.158040157383418,0.2917461580665278,9.032426926764776
rotate,anu,rotate,0.08145418763160706,0.09049367904663086,-0.16373142134398222,-0.13270017504692078,-0.5065604895353317,-0.6916065318509936,0.08617088198661804,-0.11817657947540283,-0.09865688066929579,-0.1356685757637024,-0.28971701860427856,-0.3551674885675311,0.07784572243690491,-0.3436274826526642,-0.1470516873523593,-0.049373745918273926,-0.3798518180847168,-0.14165284764021635,0.020848079161210824,0.011273405768654743,-0.4484707658941167,-0.8207550554564635,0.10953708128495825,0.0,0.5704800048986105,0.434456462240163,7.492874129512158,1.8491510407735139,6.628085625209924
rotate,anu,rotate,0.08096295595169067,0.08750966191291809,-0.16373142134398222,-0.1554970145225525,-0.4842014014720917,-0.6888699634000659,0.08550530672073364,-0.12141135334968567,-0.09865688066929579,-0.13650670647621155,-0.2777337431907654,-0.3484158916398883,0.0772479772567749,-0.34717145562171936,-0.15198790561407804,-0.0526120662689209,-0.38060444593429565,-0.1453555477783084,-0.014885808482314036,-0.09042476162765622,0.0,-0.690813317443359,0.6775481231284607,0.08292631669477668,0.5627837611041323,0.43485559116741673,1.0195767271510194,0.16461911090789522,17.83503050379242
rotate,anu,rotate,0.08077967166900635,0.08549878001213074,-0.20141574274748564,-0.17568430304527283,-0.4779754877090454,-0.6869137389585376,0.08499735593795776,-0.12292566895484924,-0.10636312048882246,-0.13705191016197205,-0.2527256906032562,-0.3453161520883441,0.07729357481002808,-0.3498372733592987,-0.1722349924966693,-0.05351331830024719,-0.37977930903434753,-0.14849900733679533,-0.005554069172252396,-0.06093581517537532,-1.1419491334395158,-0.6117360158400199,0.18866405342564738,0.05927952853116217,0.560766138641765,0.43632688253363755,3.242444770414804,0.09114472353482637,15.024315273226437
rotate,anu,rotate,0.08106054365634918,0.08072227239608765,-0.23600475024431944,-0.19347421824932098,-0.4310568869113922,-0.6855517132207751,0.08467324078083038,-0.12678074836730957,-0.12568005453795195,-0.13741137087345123,-0.23172527551651,-0.32811255287379026,0.07756717503070831,-0.35444509983062744,-0.17233538161963224,-0.05443473160266876,-0.3814004361629486,-0.14859537314623594,0.008511272343722393,-0.14474265503161113,-1.0481517423283138,-0.5390883395166194,1.4217757817470893,0.04127350720492342,0.5568840571376966,0.4398143176115636,0.3791652434035277,0.058802386480178236,37.43579058979209
rotate,anu,rotate,0.08074069023132324,0.07848295569419861,-0.3659452653955668,-0.21435342729091644,-0.39176231622695923,-0.6478023387026042,0.08375203609466553,-0.1283160150051117,-0.20521661709062755,-0.13849884271621704,-0.2134518325328827,-0.31417788635008037,0.07700824737548828,-0.35702067613601685,-0.24320572684518993,-0.05593571066856384,-0.381046324968338,-0.19911167095415294,-0.009692528031089243,-0.06785808187542648,-3.9375913682196804,-0.6327033042907816,1.1907445661949578,1.1439204399445926,0.47595621724381953,0.4524846282367384,0.5313505439391161,0.14283317373616214,34.256760775549765
rotate,anu,rotate,0.08149178326129913,0.0783088207244873,-0.3941566420253366,-0.22773611545562744,-0.34012094140052795,-0.6294400168117136,0.08407653868198395,-0.12679249048233032,-0.22395151085220277,-0.13600917160511017,-0.19544881582260132,-0.3091618788894266,0.07773758471012115,-0.3568927049636841,-0.28405887610279024,-0.05635391175746918,-0.379964679479599,-0.24168642587028444,0.022760394847753412,-0.0052768172639787005,-0.8548902009020828,-0.405536004991227,1.5648901462554339,0.5564339966936334,0.4258077388875451,0.44892758884836825,0.2591464626543629,4.312463601779841,22.20056787370602
rotate,anu,rotate,0.08286495506763458,0.07727596163749695,-0.39712568069808185,-0.22791242599487305,-0.2874045968055725,-0.5295384421478957,0.08400072157382965,-0.1254914104938507,-0.23610941017977893,-0.1338488608598709,-0.1772318184375763,-0.29155354644171894,0.0783238559961319,-0.3563966155052185,-0.2866902246605605,-0.05653120577335358,-0.3779081702232361,-0.24215865577571094,0.04161126685865064,-0.03129876021182948,-0.08997086887106895,-0.005342743613503281,1.597464987725948,3.027320444358166,0.3466259670903291,0.4475360496056122,0.0033445116544289465,1.3294436307829607,75.85748323723047
rotate,anu,rotate,0.08514842391014099,0.07727596163749695,-0.41086453601019457,-0.22815440595149994,-0.21952685713768005,-0.4763534705271013,0.08401212096214294,-0.1245373785495758,-0.2364189813961275,-0.1247251033782959,-0.16104629635810852,-0.29149505897657946,0.07834842801094055,-0.35587891936302185,-0.30862126155989245,-0.05678030848503113,-0.37526166439056396,-0.2864098589052446,0.06919602553049833,0.0,-0.4163289488519072,-0.007332725958390786,2.05690120205738,1.6116658066907645,0.2995012304957934,0.4451101864135695,0.0035649366076113665,69196.02553049834,45.101290433103465
rotate,anu,rotate,0.08677846193313599,0.07727596163749695,-0.41081104686600156,-0.22832061350345612,-0.1552099883556366,-0.4646650653157849,0.08427071571350098,-0.1244833767414093,-0.2594067256723065,-0.11569514870643616,-0.15437689423561096,-0.2805946271691937,0.07818585634231567,-0.35579416155815125,-0.32838014772278257,-0.056947022676467896,-0.37423014640808105,-0.31356073429924436,0.04939509160590707,0.0,0.0016208831573638338,-0.005036592483520317,1.9489960236982127,0.3541940973126054,0.31649842988269306,0.44092903919915827,0.002584197113838279,49395.09160590707,38.24530435814531
rotate,anu,rotate,0.08803737163543701,0.0771009624004364,-0.40028125686512794,-0.22362801432609558,-0.10120931267738342,-0.45988065643177833,0.08471810817718506,-0.12422624230384827,-0.2614576880441746,-0.10803523659706116,-0.14677461981773376,-0.2672227684961399,0.0779992938041687,-0.35579416155815125,-0.3381233875261387,-0.05729058384895325,-0.3729398250579834,-0.3283849124418339,0.03814877885760744,-0.00530300718365302,0.31908454548102383,0.14219997507153362,1.6363841114622435,0.14498208739414026,0.3446690337466227,0.437450056662964,0.08689884433406166,7.192444794415473,12.240866972338333
rotate,anu,rotate,0.08811269700527191,0.07766491174697876,-0.4004556898580631,-0.21313101053237915,-0.05503666400909424,-0.4489142958627781,0.0852343887090683,-0.12310194969177246,-0.27070919318066444,-0.09768037497997284,-0.1452242136001587,-0.2766638760076603,0.0777771919965744,-0.3547617197036743,-0.3489994470583042,-0.057512685656547546,-0.3709944188594818,-0.3378731672273716,0.002282586964693973,0.017089374137647495,-0.005285848270763134,0.3180910240520181,1.3991711717663613,0.3323139566363763,0.36929188744932157,0.43559999905258434,0.2273423031637697,0.13355980075742055,10.597436714885244
rotate,anu,rotate,0.08781816065311432,0.07786950469017029,-0.40051308477995917,-0.21192511916160583,-0.017298907041549683,-0.4474720677244477,0.08521290123462677,-0.12288680672645569,-0.2852134724962525,-0.08974380791187286,-0.14497414231300354,-0.2805545350420289,0.0772487074136734,-0.35454657673835754,-0.35860401595709845,-0.058082178235054016,-0.3701925277709961,-0.3514232655870728,-0.008925344004775201,0.006199786157318805,-0.0017392400574559308,0.03654216275070514,1.1435683929558522,0.04370388297970721,0.3967706269578098,0.4345707662388063,0.0319544777744116,1.4393890997580352,14.466271733314189
rotate,anu,rotate,0.0879451334476471,0.07848340272903442,-0.40029949153540656,-0.18634027242660522,0.019795536994934082,-0.4420113583910279,0.08572337031364441,-0.12227290868759155,-0.2852134724962525,-0.0843132734298706,-0.14412713050842285,-0.2829157432424836,0.07709398865699768,-0.3542410433292389,-0.35860401595709845,-0.0581631064414978,-0.3687134385108948,-0.35342937911627814,0.003847660440387209,0.018602970874671075,0.006472522562200476,0.7752983859091218,1.1240740617116471,0.16547604040666325,0.4185873588401765,0.43486400890785204,0.6897211870607312,0.20681931111952662,22.696327306731966
rotate,anu,rotate,0.08790041506290436,0.07919111847877502,-0.4001250585424714,-0.16160769760608673,0.05480578541755676,-0.4264625927316956,0.08616973459720612,-0.12156519293785095,-0.2705529948580079,-0.08213688433170319,-0.1398772895336151,-0.2765076776850037,0.07681812345981598,-0.3547723889350891,-0.34884324873564765,-0.058211639523506165,-0.36726751923561096,-0.3514232655870728,-0.0013551025679617433,0.02144593181032157,0.005285848270763134,0.7494719642581481,1.0609166188673709,0.4711747169494704,0.4409847162274219,0.43712351454844206,0.7064374753793605,0.06318398267623461,9.491552838280102
rotate,anu,rotate,0.08746732771396637,0.07920166850090027,-0.3953366299974732,-0.1394733041524887,0.0748339593410492,-0.4262368997442536,0.08616854250431061,-0.1217586100101471,-0.2621266564237885,-0.08083997666835785,-0.13556453585624695,-0.2702427228796296,0.07612176239490509,-0.35588109493255615,-0.3484522422659211,-0.058658793568611145,-0.36554744839668274,-0.3421272953855805,-0.013123859058727127,0.00031969764015891847,0.14510389530297713,0.6707391955635871,0.6069143613179622,0.006839181437636976,0.4555668940423027,0.437748647858865,1.105161013072773,40.92284262591932,19.823009055908248
rotate,anu,rotate,0.08623209595680237,0.07928183674812317,-0.38264955455088057,-0.12176641821861267,0.08902302384376526,-0.42619846636080183,0.08548840880393982,-0.12233075499534607,-0.26208822304033674,-0.08100625872612,-0.13339248299598694,-0.2702042894961778,0.0745019018650055,-0.3577830493450165,-0.3484138088824693,-0.060476094484329224,-0.36387646198272705,-0.34208886200212874,-0.03743126536860469,0.0024293408249362832,0.384456831714914,0.5365723010265263,0.4299716515974402,0.0011646479833870684,0.46470299503094115,0.4385605983105556,1.24792192952981,15.401652716583909,6.731208133843411
rotate,anu,rotate,0.08549609780311584,0.08063706755638123,-0.35361094505060464,-0.10524952411651611,0.09063944220542908,-0.4258482876466587,0.08480265736579895,-0.12246379256248474,-0.22254536778200418,-0.08169201016426086,-0.13113340735435486,-0.270174992387183,0.07365742325782776,-0.35821086168289185,-0.31549669534433633,-0.062099069356918335,-0.36386340856552124,-0.34205956489313394,-0.02230297435413743,0.04106760025024479,0.879957863644739,0.5005119424877824,0.04898237459587407,0.010611476186155088,0.46417168501056577,0.4406590010918409,10.217996342986568,0.5430663382301297,11.600260486420792
idle,anu,rotate,0.08481007814407349,0.07847413420677185,-0.34712866554036736,-0.09663352370262146,0.08736124634742737,-0.41335282335057855,0.08461904525756836,-0.12687143683433533,-0.2162227244116366,-0.08187562227249146,-0.1325789988040924,-0.2701581181026995,0.07301783561706543,-0.3628963828086853,-0.30499771842733026,-0.06288045644760132,-0.36778801679611206,-0.3406928242184222,-0.020788474516435434,-0.06554343483664878,0.19643271243143576,0.2610909216331755,-0.0993392684242958,0.3786504332145567,0.4621467264442255,0.4435335466218415,2.6282486022487945,0.31716612658641286,14.043563630219348
idle,anu,rotate,0.0842895656824112,0.07523453235626221,-0.3243313622660935,-0.08677978813648224,0.08367025852203369,-0.41341568948701024,0.08456869423389435,-0.1305980682373047,-0.17541942419484258,-0.08192597329616547,-0.13576018810272217,-0.2702209842391312,0.0726834088563919,-0.36681294441223145,-0.2604312193579972,-0.06313566863536835,-0.37147900462150574,-0.33170958282426,-0.01577310489885675,-0.09816975304574306,0.690827371947667,0.29859804745875296,-0.11184811592101628,-0.0019050344373239894,0.46302892349514685,0.44679290824423035,2.6696504929874627,0.16067010193460782,11.594056602281121
idle,anu,rotate,0.08376123011112213,0.0739288330078125,-0.3164595374837518,-0.0782565027475357,0.08209109306335449,-0.41346556041389704,0.08416391909122467,-0.13348883390426636,-0.16982048843055964,-0.08250115811824799,-0.13698387145996094,-0.270270855166018,0.07208968698978424,-0.3687927722930908,-0.25765660498291254,-0.0636635571718216,-0.37305817008018494,-0.3309369096532464,-0.01601016882694154,-0.03956664692271902,0.23854014491944983,0.25828137542262636,-0.047853498747855286,-0.0015112402086908407,0.46280101987469313,0.44676216221804227,5.397222459345096,0.4046277722355229,2.292019160489336
idle,anu,rotate,0.08302024006843567,0.07392430305480957,-0.31578715331852436,-0.07397279143333435,0.08203011751174927,-0.4173883218318224,0.08381471037864685,-0.13357746601104736,-0.16534587182104588,-0.083598792552948,-0.13582730293273926,-0.2806993890553713,0.0719461739063263,-0.36885374784469604,-0.2542229164391756,-0.06385394930839539,-0.37325605750083923,-0.33008904941380024,-0.022454243717771945,-0.00013727130311908363,0.020375277734164362,0.12980943376367948,-0.0018477439880371389,-0.11887155811895213,0.46369068902476235,0.4471746779081576,70.2149321937764,162.39265278662802,5.4541256980439465
idle,anu,rotate,0.0822744071483612,0.07393179833889008,-0.3151354962028563,-0.07262055575847626,0.0807819813489914,-0.41343565518036485,0.08367392420768738,-0.1337934285402298,-0.16089198226109147,-0.08367642760276794,-0.1360350102186203,-0.28069479996338487,0.07194116711616516,-0.3690614551305771,-0.250809954944998,-0.06389091908931732,-0.3735140413045883,-0.32376162940636277,-0.02260099757801317,0.00022712982062136628,0.01974718532327375,0.04097683863206188,-0.03782230796235837,0.11977777731689086,0.4631441607682793,0.4477583876681072,1.0833753270031772,99.07077258226887,7.793177334140649
idle,anu,rotate,0.08152857422828674,0.07393929362297058,-0.3073368249461055,-0.07126832008361816,0.07747408747673035,-0.41343106608837843,0.0835331380367279,-0.13400113582611084,-0.15191336255520582,-0.08375406265258789,-0.13624271750450134,-0.28069021087139845,0.07193616032600403,-0.36926916241645813,-0.2410634784027934,-0.06391477584838867,-0.3737720251083374,-0.32375704031437635,-0.022600997578014387,0.0002271298206213785,0.23632337141669535,0.04097683863206408,-0.10023920825033636,0.00013906339352781345,0.4601288511215869,0.448238671213648,0.40878644754737514,99.0707725822689,4.089145670525909
idle,anu,rotate,0.0787418931722641,0.07334506511688232,-0.3073778757825494,-0.06881020963191986,0.07496726512908936,-0.41347211692482233,0.08304058015346527,-0.1347714364528656,-0.15411789808422327,-0.08489654958248138,-0.1370130181312561,-0.28073126170784235,0.07185356318950653,-0.3700313866138458,-0.2411045292392373,-0.06391267478466034,-0.3746095299720764,-0.32379809115082026,-0.08444488048553601,-0.018006924426917162,-0.0012439647407242944,0.07448819550601038,-0.07596431356487973,-0.0012439647407242944,0.4584590619014222,0.4483550864006474,0.9805553615255233,4.689317796076092,1.2546312071201946
idle,anu,rotate,0.07783202826976776,0.07251307368278503,-0.3027002355083823,-0.0656283050775528,0.07050380110740662,-0.40827698912471533,0.08326368033885956,-0.1356034278869629,-0.1519630691036582,-0.0852966457605362,-0.13795903325080872,-0.25665248837321997,0.07237540185451508,-0.37086015939712524,-0.24057337548583746,-0.06333868205547333,-0.3757210373878479,-0.3000677665695548,-0.02757166371201068,-0.02521186163931222,0.14174667497476168,0.09642135013233685,-0.1352564855055397,0.15742811515476016,0.45916346186264806,0.447738032023,0.7128725613370045,1.093555507758016,5.175829772371267
idle,anu,rotate,0.07655246555805206,0.07238081097602844,-0.2940474161878228,-0.06199131906032562,0.06451311707496643,-0.40232956502586603,0.08349575102329254,-0.13574394583702087,-0.14455288741737604,-0.08713187277317047,-0.13856276869773865,-0.24512185249477625,0.0729258805513382,-0.3709914982318878,-0.23065336141735315,-0.06277896463871002,-0.37590932846069336,-0.2860241839662194,-0.038774627627746965,-0.00400796081080566,0.26220664607755073,0.11021169749172834,-0.18153587977090782,0.1802249726923961,0.45552112199172273,0.4478961518827912,0.607103623411458,9.671989689506251,1.6182081281067122
idle,anu,rotate,0.0765787661075592,0.07223513722419739,-0.2804974829778075,-0.05874326825141907,0.06097730994224548,-0.38840394373983145,0.08444789052009583,-0.13593366742134094,-0.12949623819440603,-0.08946165442466736,-0.13881227374076843,-0.242015621624887,0.0738549530506134,-0.37113717198371887,-0.22330313082784414,-0.061821579933166504,-0.3764415681362152,-0.28293200489133596,0.0007969863487012586,-0.004414356116092637,0.41060403666713674,0.09842578208807899,-0.10714567068851526,0.4219885238192365,0.44996564400706196,0.4470543788486847,0.9186079367245236,0.18050329978967825,7.673456429442433
idle,anu,rotate,0.07618096470832825,0.06916975975036621,-0.2735908841714263,-0.05652257800102234,0.04537016153335571,-0.387907019816339,0.0846804678440094,-0.1362256407737732,-0.11722876783460379,-0.09165439009666443,-0.14275503158569336,-0.24155042227357626,0.07408508658409119,-0.37136924266815186,-0.2061864798888564,-0.06158900260925293,-0.3777643144130707,-0.28124891873449087,-0.012054587855483738,-0.0928902264797341,0.20929087292064655,0.06729364395141708,-0.47294389117848545,0.015058300711892108,0.43639936287665854,0.445670684557222,0.14228643803241978,0.12977100542550876,16.607878539531495
idle,anu,rotate,0.07482168078422546,0.048456937074661255,-0.23770152311772108,-0.05113974213600159,0.016749590635299683,-0.38846300821751356,0.08469036221504211,-0.13939812779426575,-0.08159427624195814,-0.09285125136375427,-0.14814695715904236,-0.21069321315735579,0.0740949809551239,-0.3725988566875458,-0.182794320397079,-0.061579108238220215,-0.37998703122138977,-0.2455166606232524,-0.04119042194250702,-0.6276612932031567,1.0875563955667835,0.163116238333956,-0.8672900272137862,-0.016848133368924975,0.42183241432755414,0.4246213730654282,0.1880755515919203,0.06562513375194078,12.335561749985589
idle,anu,rotate,0.07476403564214706,0.03172452747821808,-0.2277714596129954,-0.04838857799768448,-0.0018047541379928589,-0.3771760598756373,0.08454658836126328,-0.1469765156507492,-0.06066184910014272,-0.09313472360372543,-0.1505378633737564,-0.19980005035176873,0.07408671826124191,-0.37265293300151825,-0.1610796437598765,-0.06153445690870285,-0.38066577911376953,-0.22948604682460427,-0.00174682248722426,-0.5070427150437407,0.3009110152947228,0.0833686102520349,-0.5622528719179648,0.34202873763261965,0.40684251293719725,0.4098406856385314,0.14827574235753546,0.003445112197226561,14.475842224666264
idle,anu,rotate,0.074699267745018,0.014992117881774902,-0.21789746265858412,-0.04564453661441803,-0.0203590989112854,-0.36594517808407545,0.08485029637813568,-0.15455490350723267,-0.03978548850864172,-0.09342531859874725,-0.15292876958847046,-0.1889629540964961,0.07406888902187347,-0.37276914715766907,-0.13942103367298841,-0.06149168312549591,-0.3813445270061493,-0.21351149957627058,-0.0019626635493654506,-0.5070427150437407,0.29921202892155835,0.08315276918989371,-0.5622528719179648,0.3403297512594552,0.39217041919654844,0.3956232373719417,0.14789185694042858,0.0038707975094339534,0.051898237471242996
idle,anu,rotate,0.0743643194437027,-0.007248207926750183,-0.20569158997386694,-0.0442100465297699,-0.03948594629764557,-0.35744819696992636,0.086117222905159,-0.16645942628383636,-0.02510591223835945,-0.09358347952365875,-0.15578387677669525,-0.1866465350612998,0.07384438812732697,-0.37376487255096436,-0.09695072751492262,-0.06166093051433563,-0.38221465051174164,-0.17687473352998495,-0.010149948524706453,-0.6739492669250133,0.3698749298399204,0.04346939650448955,-0.5796014359503173,0.2574842761863403,0.38778121891449563,0.3823078745515811,0.07499864356714966,0.015060382082815882,2.8328253444732345
