ground_truth,person_id,video_label,left_wrist_x,left_wrist_y,left_wrist_z,right_wrist_x,right_wrist_y,right_wrist_z,left_elbow_x,left_elbow_y,left_elbow_z,right_elbow_x,right_elbow_y,right_elbow_z,left_shoulder_x,left_shoulder_y,left_shoulder_z,right_shoulder_x,right_shoulder_y,right_shoulder_z,left_wrist_x_vel,left_wrist_y_vel,left_wrist_z_vel,right_wrist_x_vel,right_wrist_y_vel,right_wrist_z_vel,right_arm_len,left_arm_len,right_horiz_ratio,left_horiz_ratio,right_wrist_acc
idle,anu,swipe_left,0.0803513377904892,0.08338996767997742,-0.31797970761545,-0.08197073638439178,0.07542136311531067,-0.3724677406717092,0.07773457467556,-0.12043067812919617,-0.19037377764470875,-0.07375575602054596,-0.12964215874671936,-0.23178958822973073,0.07187478244304657,-0.3469657003879547,-0.26951067079789937,-0.059201136231422424,-0.3516359329223633,-0.28796876897104084,0.0015027595288825758,-0.009800448562159681,0.012854735056559244,-0.03705331773468942,-0.0031464027635978928,0.007847944895426432,0.4359317205808794,0.43315944011273205,11.772664802623684,0.15332014644082906,0.0
idle,anu,swipe_left,0.08059616386890411,0.08335527777671814,-0.31224135984666646,-0.08434261381626129,0.07279101014137268,-0.36815442075021565,0.0779876857995987,-0.12009552121162415,-0.18265473772771657,-0.07351468503475189,-0.13084909319877625,-0.23010495235212147,0.07220371067523956,-0.3471428453922272,-0.2669774435926229,-0.05896006524562836,-0.3518333435058594,-0.28796876897104084,0.007418972073179302,-0.001051209189675071,0.1738893263267748,-0.07187507369301535,-0.07970766587690874,0.13070666428768274,0.4328739472797147,0.43295252561596786,0.9017222017491734,7.0508527638599405,4.511840012833654
idle,anu,swipe_left,0.08069312572479248,0.08500373363494873,-0.30884765018709004,-0.08986732363700867,0.06918001174926758,-0.35653547872789204,0.0780838131904602,-0.11806339025497437,-0.18049168516881764,-0.0734204649925232,-0.13295024633407593,-0.2170487039256841,0.07231926918029785,-0.3461042642593384,-0.26673458446748555,-0.05886584520339966,-0.3511052429676056,-0.2789307676721364,0.0029382380572232332,0.04995320782516942,0.10283968665383078,-0.16741544911355682,-0.10942419370015462,0.35208915219162445,0.4285128681563061,0.43324096946866897,1.5299534179697802,0.05881862980405031,7.361905352838809
idle,anu,swipe_left,0.08197271823883057,0.08746415376663208,-0.3046663235872984,-0.09316551685333252,0.05774974822998047,-0.34194610826671124,0.07937896251678467,-0.11516231298446655,-0.18006212823092937,-0.07230046391487122,-0.1378864049911499,-0.20946579985320568,0.07372385263442993,-0.3440287411212921,-0.2647393774241209,-0.05760642886161804,-0.3500475585460663,-0.277620954439044,0.03877553072842684,0.07455818580858635,0.1267068666603529,-0.09994524897951068,-0.34637162179657904,0.44210213518729713,0.4143679736267666,0.4334147241989339,0.2885483513711643,0.5200637628738884,7.948332274521834
idle,anu,swipe_left,0.08269524574279785,0.0902417004108429,-0.2883457506541163,-0.098364919424057,0.04257890582084656,-0.3169318998698145,0.08036625385284424,-0.11202231049537659,-0.16449969657696784,-0.0716715157032013,-0.1436794102191925,-0.17971239634789526,0.07444167137145996,-0.3420846164226532,-0.25071492441929877,-0.056561291217803955,-0.3490394055843353,-0.252631630981341,0.021894772847493506,0.08416808012760053,0.49456281615703435,-0.15755765365831792,-0.4597224972464825,0.758006315057477,0.3990576020303117,0.43403945074132916,0.3427226465517006,0.260128455892603,10.31919680842308
idle,anu,swipe_left,0.08308011293411255,0.0902417004108429,-0.2883211688604206,-0.11033442616462708,0.022250324487686157,-0.3105943219270557,0.08087563514709473,-0.11093530058860779,-0.16096456511877477,-0.0716715157032013,-0.14600107073783875,-0.17432993813417852,0.07449519634246826,-0.3423967659473419,-0.24583108886145055,-0.056118160486221313,-0.34932997822761536,-0.2430538551416248,0.011662642161051421,0.0,0.0007449028392632796,-0.3627123254718199,-0.6160176161563752,0.19204781644723615,0.38154035105569173,0.43480472658880626,0.5888009160095675,11662.642161051423,18.847062835161008
idle,anu,swipe_left,0.08451730012893677,0.09103038907051086,-0.28836283669807017,-0.12723681330680847,0.004074126482009888,-0.3106359897647053,0.08131599426269531,-0.10917523503303528,-0.16100623295642436,-0.0716715157032013,-0.1468665897846222,-0.16746016428805888,0.07458537817001343,-0.3423967659473419,-0.24587275669910014,-0.05526462197303772,-0.3493521809577942,-0.2430955229792744,0.04355112711588545,0.02389965635357483,-0.0012626617469570865,-0.5121935497630731,-0.5507938789598874,-0.0012626617469570865,0.36694940491778116,0.4356181225327831,0.9299170513899684,1.8221728504695014,7.664193713581267
idle,anu,swipe_left,0.08657079935073853,0.09139779210090637,-0.2883750102482736,-0.13986805081367493,-0.025123625993728638,-0.31064816331490874,0.08193570375442505,-0.1087099015712738,-0.1610184065066278,-0.07219374179840088,-0.15004202723503113,-0.16747233783826232,0.07467252016067505,-0.3423967659473419,-0.24588493024930358,-0.054636210203170776,-0.35022640228271484,-0.24310769652947783,0.06222724914550776,0.011133425163500226,-0.0003688954607103807,-0.3827647729353468,-0.8847803780526818,-0.0003688954607103807,0.3428089795472909,0.436032905338896,0.4326094359917192,5.588725796954026,10.85422180563954
idle,anu,swipe_left,0.08785738050937653,0.09154140949249268,-0.2918543010018766,-0.14951296150684357,-0.05829125642776489,-0.3169964044354856,0.08147741854190826,-0.10872209072113037,-0.16456420114263892,-0.07351021468639374,-0.15317374467849731,-0.16750758280977607,0.0737457424402237,-0.3424089550971985,-0.25077942898496985,-0.05508522689342499,-0.35195812582969666,-0.24400330474600196,0.038987307837515195,0.004352042169281934,-0.10543305313948437,-0.2922700210051105,-1.0050797101223115,-0.19237094304778374,0.31699340663621434,0.43611833528037536,0.2907925881589582,8.956335895993957,7.3933193791797915
idle,anu,swipe_left,0.08778427541255951,0.09143254160881042,-0.33201309078140184,-0.16712550818920135,-0.10132178664207458,-0.32392253511352465,0.08004681766033173,-0.10883095860481262,-0.18931571178836748,-0.07661516964435577,-0.153704434633255,-0.16759193473262712,0.07240502536296844,-0.34251782298088074,-0.27575730317039415,-0.05580814182758331,-0.3523079454898834,-0.24408765666885301,-0.0022153059641520163,-0.0032990267782500265,-1.2169330236219762,-0.5337135358290234,-1.3039554610396864,-0.20988274781936478,0.28593568473196856,0.43785174876817445,0.40930318747259126,0.6712993902815456,11.654986228578084
idle,anu,swipe_left,0.08924463391304016,0.0914018452167511,-0.35628608195111156,-0.17612239718437195,-0.13817629218101501,-0.4573062392883003,0.0795450508594513,-0.10886165499687195,-0.21475275186821818,-0.08053752779960632,-0.15480241179466248,-0.2212362173013389,0.07242217659950256,-0.34254851937294006,-0.2941490146331489,-0.055861711502075195,-0.35252904891967773,-0.24720955220982432,0.04425328789335312,-0.0009301936987674605,-0.735545186960901,-0.2726329998536546,-1.1168031981497109,-4.041930429538659,0.32334247287294554,0.4386991328148127,0.2441188887947817,47.52318228949285,116.52994133480611
idle,anu,swipe_left,0.09017869830131531,0.0917084813117981,-0.3834092461038381,-0.18089339137077332,-0.17755627632141113,-0.5840244733262807,0.079705148935318,-0.11001461744308472,-0.24527111579664052,-0.0863180160522461,-0.15490508079528809,-0.2804015420842916,0.07254335284233093,-0.34224435687065125,-0.31882713665254414,-0.05606871843338013,-0.3531148433685303,-0.25904796947725117,0.0283049814628832,0.009292002880212024,-0.8219140652341366,-0.1445755814061019,-1.1933328527392753,-3.8399464859994037,0.3898868265170078,0.43908646077650776,0.12115266911621707,3.045838016810925,7.60919915317807
idle,anu,swipe_left,0.09079323709011078,0.09185028076171875,-0.38858840987086296,-0.1848708540201187,-0.21182066202163696,-0.60042430087924,0.07999370992183685,-0.1132974624633789,-0.25231076404452324,-0.09288762509822845,-0.1563614010810852,-0.2927066497504711,0.0723266452550888,-0.3428221046924591,-0.329465638846159,-0.05650506913661957,-0.3544093370437622,-0.26107464358210564,0.018622387539256685,0.004296953027898611,-0.1569443565765112,-0.12052917119228468,-1.0383147181886605,-0.4969644713017972,0.3898300846279114,0.43906332088215505,0.1160814279134169,4.3328504100384935,101.4139595265172
idle,anu,swipe_left,0.09104955196380615,0.0931425392627716,-0.3933319761417806,-0.19429153203964233,-0.23196038603782654,-0.6108188643120229,0.07958543300628662,-0.113168865442276,-0.2602002932690084,-0.10262206196784973,-0.15925052762031555,-0.294125200714916,0.07121014595031738,-0.3431960642337799,-0.3302364661358297,-0.05783188343048096,-0.3538146913051605,-0.2620494975708425,0.007767117384708308,0.039159348516753324,-0.14374443245205049,-0.2854750915007165,-0.6102946671572613,-0.3149867706903913,0.39383978796937774,0.4413230362389889,0.46776522735357234,0.19834137536813368,14.953991400228292
idle,anu,swipe_left,0.09132148325443268,0.09431540966033936,-0.40721418987959623,-0.20348604023456573,-0.25521790981292725,-0.6370494617149234,0.08025600016117096,-0.11199599504470825,-0.27955504786223173,-0.11359037458896637,-0.16113907098770142,-0.31575372349470854,0.07138778269290924,-0.34202319383621216,-0.3417126191779971,-0.05832134187221527,-0.3526418209075928,-0.2638163222000003,0.008240342140197747,0.03554152719902266,-0.4206731435701699,-0.278621460452224,-0.7047734477303239,-0.7948665879666799,0.41214946868312174,0.44167769366787574,0.3953342255093167,0.231844575768499,14.822421506213047
swipe_left,anu,swipe_left,0.09204995632171631,0.09527719020843506,-0.41529622580856085,-0.2150002270936966,-0.2808799743652344,-0.6389393201097846,0.08136695623397827,-0.11103421449661255,-0.29952439572662115,-0.12511324882507324,-0.17000120878219604,-0.34212213661521673,0.0717279314994812,-0.34106141328811646,-0.36343687679618597,-0.05871054530143738,-0.35168004035949707,-0.2678251853212714,0.022074941432837263,0.02914486509380916,-0.24491017966559417,-0.34891475330699545,-0.777638319766882,-0.057268436207915746,0.40885793990008845,0.4398792489697413,0.44868455650055333,0.7573953067368783,22.56103791180009
swipe_left,anu,swipe_left,0.09334696829319,0.09644544124603271,-0.4300107965245843,-0.21992160379886627,-0.2838125228881836,-0.6559993932023644,0.08187063038349152,-0.11007469892501831,-0.318659127689898,-0.13352496922016144,-0.172008216381073,-0.3485256740823388,0.07208271324634552,-0.3401018977165222,-0.37896639201790094,-0.05951447784900665,-0.350614994764328,-0.28156423661857843,0.039303393074960516,0.03540154659386846,-0.4458960823037419,-0.14913262742938455,-0.08886510675603715,-0.5169719118963602,0.4127889324947818,0.4400355428024275,1.6781721724211032,1.1101854769331103,25.813641696796616
swipe_left,anu,swipe_left,0.09405936300754547,0.10040122270584106,-0.43029292952269316,-0.2246202528476715,-0.28208857774734497,-0.6563574327155948,0.08243884146213531,-0.10799330472946167,-0.33370041381567717,-0.138306125998497,-0.172652006149292,-0.37939837109297514,0.07267327606678009,-0.33810681104660034,-0.3957885457202792,-0.06021060049533844,-0.3488910496234894,-0.3024496091529727,0.02158771861683237,0.11987216544873776,-0.008549484791177684,-0.14238330450924946,0.052240761843594594,-0.010849682219100711,0.39590889307290145,0.44038302973849314,2.725469040181446,0.18008799997914532,15.923258652154498
swipe_left,anu,swipe_left,0.09527914226055145,0.10202145576477051,-0.44609117042273283,-0.23122289776802063,-0.2816224694252014,-0.6563574327155948,0.08276711404323578,-0.10742563009262085,-0.34514551889151335,-0.1419043093919754,-0.1741330623626709,-0.37939837109297514,0.07295762002468109,-0.33759891986846924,-0.401237721554935,-0.06055627763271332,-0.3484249413013458,-0.30310895573347807,0.03696300766684789,0.04909797148271036,-0.47873457272847453,-0.20008014910148833,0.014124494610410735,0.0,0.3979625007049752,0.4424659951930469,14.16447031554037,0.7528265165363797,2.121102011849523
swipe_left,anu,swipe_left,0.09504623711109161,0.1027744710445404,-0.4482150627300143,-0.23932404816150665,-0.28122058510780334,-0.6563574327155948,0.08268029987812042,-0.10698387026786804,-0.34514551889151335,-0.1425863355398178,-0.1751038134098053,-0.37939837109297514,0.07300110161304474,-0.3371945023536682,-0.403901900164783,-0.060993507504463196,-0.34802305698394775,-0.31678717862814665,-0.007057731801813293,0.022818644841512022,-0.064360372947924,-0.2454894058632126,0.012178312648426393,0.0,0.38932288584260055,0.4427441043410216,20.15626110845678,0.3092831571582711,1.3773013044611173
swipe_left,anu,swipe_left,0.09430280327796936,0.10410583019256592,-0.4489470673725009,-0.24434886872768402,-0.27157434821128845,-0.6563574327155948,0.08256861567497253,-0.10571259260177612,-0.34514551889151335,-0.14339616894721985,-0.17625552415847778,-0.37939837109297514,0.07324054837226868,-0.3358914852142334,-0.403901900164783,-0.06128287315368652,-0.34706568717956543,-0.3288923455402255,-0.022528297973401674,0.040344216606833815,-0.022181958863229517,-0.15226728988416305,0.2923102089853005,0.0,0.3826819623571176,0.4427982872998431,0.5209081458515679,0.5583883262529257,8.946542711844742
swipe_left,anu,swipe_left,0.09384764730930328,0.10514086484909058,-0.4489486301317811,-0.24820761382579803,-0.26313480734825134,-0.5868949079886079,0.08231152594089508,-0.10469162464141846,-0.3442374849691987,-0.14396636188030243,-0.17706912755966187,-0.3643338466063142,0.07320334017276764,-0.3349522054195404,-0.4039034629240632,-0.061605051159858704,-0.3466325104236603,-0.33296210411936045,-0.01379260511109322,0.03136468656135325,-4.735634182438702e-05,-0.11693166963981849,0.25574366251627584,2.1049249917268735,0.3259973185369209,0.44287375741218743,0.4572203716367956,0.43973547603091734,63.804215421699205
swipe_left,anu,swipe_left,0.09381113946437836,0.10601943731307983,-0.44890700094401836,-0.24824412167072296,-0.2550331950187683,-0.5609775315970182,0.08227501809597015,-0.10397487878799438,-0.34419585578143597,-0.14341004192829132,-0.18014812469482422,-0.3514986168593168,0.07323305308818817,-0.3343021869659424,-0.40386183373630047,-0.060971394181251526,-0.3473777174949646,-0.3329204749315977,-0.0011062983310583857,0.026623407999674456,0.0012614905382647647,-0.0011062983310583857,0.24550340392372802,0.7853750421693824,0.30920641388496034,0.4430977968071988,0.004506226012149601,0.041552034924942284,40.1413074378621
swipe_left,anu,swipe_left,0.09371243417263031,0.1075066328048706,-0.4488854040391743,-0.24824412167072296,-0.25352978706359863,-0.5594795872457325,0.08227501809597015,-0.103840172290802,-0.33844655053690076,-0.14149902760982513,-0.18117821216583252,-0.3477775980718434,0.07326804101467133,-0.3340897262096405,-0.4014668990857899,-0.060514166951179504,-0.3475843369960785,-0.33289887802675366,-0.002991069446910509,0.045066530054265766,0.0006544516619407764,0.0,0.04555781682332353,0.04539225306926348,0.3089135996555973,0.44460525426324454,0.0,0.06636861268653874,23.227900125178433
swipe_left,anu,swipe_left,0.09369610249996185,0.10800209641456604,-0.4427228160202503,-0.24824412167072296,-0.2533303201198578,-0.5594856329262257,0.08227501809597015,-0.10363230109214783,-0.33018263056874275,-0.1408010870218277,-0.18321838974952698,-0.34771399572491646,0.07326804101467133,-0.3339175581932068,-0.40080853179097176,-0.06015913188457489,-0.3476376533508301,-0.3329049237072468,-0.0004948991717714264,0.015014048778649569,0.18674509148254587,0.0,0.006044452840631673,-0.00018320243918534528,0.3092064913195849,0.4443726972341491,0.0,0.03296021072373346,1.82786011917545
swipe_left,anu,swipe_left,0.09383033215999603,0.10803571343421936,-0.3844373058527708,-0.24578484892845154,-0.2515800893306732,-0.5594657193869352,0.08228777348995209,-0.10358354449272156,-0.2712909411638975,-0.13773618638515472,-0.18726876378059387,-0.33280642144382,0.07346867024898529,-0.33385226130485535,-0.34865917079150677,-0.05896918475627899,-0.3490777909755707,-0.2978291641920805,0.004067565455581199,0.0010186975652521299,1.766227580832711,0.07452341643246731,0.05303729664195663,0.0006034405845584286,0.3359458010161128,0.4438013682304748,1.4050869117375575,3.9889920248808823,2.6698819755917955
swipe_left,anu,swipe_left,0.09422791004180908,0.10838758945465088,-0.3647220698185265,-0.23673978447914124,-0.25101226568222046,-0.5609500077553093,0.0819050669670105,-0.10319751501083374,-0.2534194556064904,-0.12675729393959045,-0.18833881616592407,-0.33281436236575246,0.07432055473327637,-0.3334976136684418,-0.3418624666519463,-0.0574059784412384,-0.35274314880371094,-0.2942180004902184,0.012047814600395463,0.010662909710046043,0.5974313949771014,0.27409286210031286,0.017206777225841217,-0.04497843540527615,0.3371286850275174,0.44292369206382554,15.928429250507895,1.1297746256277563,6.29760089470379
swipe_left,anu,swipe_left,0.09500996768474579,0.10890090465545654,-0.343862138222903,-0.20887692272663116,-0.24932265281677246,-0.5836532930843532,0.082659050822258,-0.10268419981002808,-0.24040498537942767,-0.1090320497751236,-0.18812578916549683,-0.3328187088482082,0.07596956193447113,-0.3329842984676361,-0.338237218093127,-0.05510099232196808,-0.355490505695343,-0.2917587975971401,0.02369871645262737,0.015555006085020057,0.6321191392613152,0.8443291440154531,0.05120038986206033,-0.6879783433043566,0.3465848326923731,0.44233099542846677,16.49035595108116,1.5234447918767844,26.063669031957563
swipe_left,anu,swipe_left,0.09527923166751862,0.10887569189071655,-0.32822628499707207,-0.1760518103837967,-0.24932265281677246,-0.700414584891405,0.08249403536319733,-0.10271835327148438,-0.21171134890755638,-0.09288068115711212,-0.18864208459854126,-0.2983889448805712,0.0766468197107315,-0.3329842984676361,-0.2957647311850451,-0.05417625606060028,-0.3592299520969391,-0.26699693681439385,0.008159514629479631,-0.0007640231739391,0.47381373411609035,0.9947003740252895,0.0,-3.538220963850062,0.4634480799844297,0.4434424092604383,994700.3740252896,10.665709101943065,86.50501974697856
swipe_left,anu,swipe_left,0.09477300941944122,0.10652852058410645,-0.3211516858136747,-0.14683286845684052,-0.2492188811302185,-0.7027233363187406,0.0820508748292923,-0.10262972116470337,-0.19466477344394661,-0.08096738159656525,-0.18909746408462524,-0.3327753068006132,0.0766034871339798,-0.33288052678108215,-0.26878313432098366,-0.053972408175468445,-0.3596442639827728,-0.24708251366973855,-0.015340068123557286,-0.07112640323060901,0.21438179343628294,0.8854224826350319,0.0031445965622410497,-0.06996216446471681,0.47793868804069506,0.4428915303230658,281.47998801353634,0.21567029621230194,105.15095033272466
swipe_left,anu,swipe_left,0.09328828752040863,0.1043628454208374,-0.24397805309854448,-0.11173944175243378,-0.24865025281906128,-0.7271977362688631,0.08098708093166351,-0.10230028629302979,-0.12679818249307573,-0.07036431133747101,-0.18869566917419434,-0.34575080848298967,0.07584016025066376,-0.33322057127952576,-0.2058480081614107,-0.0539708286523819,-0.3597474992275238,-0.21617160714231431,-0.04499157269795747,-0.06562652009906207,2.338594930761528,1.063437172860813,0.017231160944158424,-0.7416484833370461,0.5261440063985432,0.4395879707672774,61.71235147506618,0.6855595431618401,21.061154825912023
swipe_left,anu,swipe_left,0.09236042201519012,0.10192137956619263,-0.18846724275499582,-0.08377154171466827,-0.253325492143631,-0.7272245222702622,0.08009432256221771,-0.103782057762146,-0.10894368682056665,-0.06641153991222382,-0.20520806312561035,-0.34887265507131815,0.07489143311977386,-0.33313480019569397,-0.17824677471071482,-0.05396772921085358,-0.3626407980918884,-0.1300198072567582,-0.028117136521772973,-0.07398381377711459,1.682145767986327,0.8475121223565325,-0.14167391892635497,-0.0008116970120957424,0.6078581865770043,0.4355266961841482,5.982090046559925,0.38003929571922945,23.87435729962908
swipe_left,anu,swipe_left,0.090142622590065,0.10745015740394592,-0.1718011274933815,-0.04827322065830231,-0.24325361847877502,-0.7271652445197105,0.07858599722385406,-0.09854874014854431,-0.08963937312364578,-0.05371193587779999,-0.1948927342891693,-0.3910697028040886,0.07354386150836945,-0.32497677206993103,-0.1621357873082161,-0.05403165519237518,-0.35259145498275757,-0.1299605295062065,-0.06720604318560948,0.16753872235615977,0.5050337958064924,1.075706698677752,0.30520829287442164,0.0017962954712636466,0.6071584584719342,0.4328533088755907,3.524488682984995,0.4011349800541112,15.205457840124136
swipe_left,anu,swipe_left,0.08960159122943878,0.11049571633338928,-0.16704904474318027,-0.024889126420021057,-0.24884343147277832,-0.7004600409418344,0.07835479080677032,-0.09548607468605042,-0.08936161734163761,-0.05008752644062042,-0.19252607226371765,-0.3988818470388651,0.07333005964756012,-0.32288265228271484,-0.1545864436775446,-0.05429123342037201,-0.34972673654556274,-0.13010233081877232,-0.01639488971594612,0.09228966452858688,0.14400250758185568,0.7086089163115548,-0.16938827254555483,0.8092485932689745,0.5799567592806308,0.43386275427800564,4.183316367457594,0.1776440748334609,30.484033589708282
swipe_left,anu,swipe_left,0.08899867534637451,0.10947683453559875,-0.16575273592025042,0.010137379169464111,-0.2621641159057617,-0.6915470035746694,0.07742327451705933,-0.0949268639087677,-0.0882807420566678,-0.046002358198165894,-0.19542428851127625,-0.4065401526167989,0.07191699743270874,-0.3233138918876648,-0.12897491175681353,-0.05554622411727905,-0.3492752015590668,-0.12993347365409136,-0.018270178274674895,-0.03087520599365242,0.03928208554332916,1.0614092602874319,-0.40365710402980093,0.27009204142924575,0.5721122564447293,0.43468632937846,2.629475909665054,0.5917235517353041,20.775589518480665
swipe_left,anu,swipe_left,0.08757847547531128,0.10552790760993958,-0.1657472224906087,0.029666751623153687,-0.26825064420700073,-0.6447141142562032,0.0760926604270935,-0.09714612364768982,-0.08827522862702608,-0.04127615690231323,-0.19542428851127625,-0.42461344320327044,0.06928467750549316,-0.32335612177848816,-0.12981827277690172,-0.057331860065460205,-0.35038378834724426,-0.18363979179412127,-0.04303635972918868,-0.11966445229270191,0.00016707362550677605,0.591799165263318,-0.1844402515526966,1.419178464195939,0.4763445629331526,0.43077495648673025,3.208605234899067,0.35963896767733483,38.19852059819819
swipe_left,anu,swipe_left,0.08622083067893982,0.1028878390789032,-0.15684912726283073,0.053610414266586304,-0.2719399333000183,-0.639719408005476,0.07475367188453674,-0.09714612364768982,-0.08827288821339607,-0.035535573959350586,-0.19639059901237488,-0.4246111027896404,0.06792822480201721,-0.3233865201473236,-0.1298159323632717,-0.05970993638038635,-0.3504112660884857,-0.2016560696065426,-0.04114075140519586,-0.08000207669807223,0.26963924932660543,0.725565534649475,-0.11179663918235112,0.15135473487052087,0.4592371287140987,0.42752221274452656,6.489989770410251,0.5142396155645248,38.694816681967154
swipe_left,anu,swipe_left,0.08544231951236725,0.10229673981666565,-0.15684800036251545,0.0700877457857132,-0.2781061828136444,-0.6395570505410433,0.07397516071796417,-0.09717985987663269,-0.08827176131308079,-0.030063048005104065,-0.20268937945365906,-0.43955625779926777,0.06520600616931915,-0.32478561997413635,-0.12981480546295643,-0.06157340109348297,-0.35078829526901245,-0.24282530136406422,-0.023591247471896143,-0.01791209885568334,3.414849440256763e-05,0.4993130763371798,-0.186856045867458,0.004919923164627781,0.42427989331754273,0.42841527055962375,2.6721661686300773,1.3169830447517057,8.477661648056785
swipe_left,anu,swipe_left,0.08527657389640808,0.09980154037475586,-0.15684908162802458,0.08308437466621399,-0.2920474410057068,-0.6368894530460238,0.07384869456291199,-0.09999668598175049,-0.08827284257858992,-0.021956980228424072,-0.21515673398971558,-0.4558942271396518,0.061773985624313354,-0.3329542577266693,-0.12981588672846556,-0.06216701865196228,-0.35333260893821716,-0.2700558556243777,-0.005022594423005054,-0.07561210430029634,-3.276562148874442e-05,0.39383723880305266,-0.4224623694564339,0.08083628772786135,0.3992752525097115,0.43423581850460774,0.932239969845875,0.06642492025003885,8.153643206909376
swipe_left,anu,swipe_left,0.08527657389640808,0.09855839610099792,-0.15684908162802458,0.08807745575904846,-0.29984280467033386,-0.6368894530460238,0.0739164650440216,-0.10607549548149109,-0.09170493762940168,-0.01626989245414734,-0.22334495186805725,-0.46069114934653044,0.061139434576034546,-0.33551061153411865,-0.1400544000789523,-0.06242242455482483,-0.35462942719459534,-0.27725266944617033,0.0,-0.037671038598725386,0.0,0.15130548766165106,-0.23622314135233619,0.0,0.39368820670697513,0.43506386452133755,0.640516616106454,0.0,9.5846336791835
swipe_left,anu,swipe_left,0.08544966578483582,0.09871163964271545,-0.15991065930575132,0.08807745575904846,-0.30492889881134033,-0.6368894530460238,0.07429531216621399,-0.10838434100151062,-0.09673531632870436,-0.01626989245414734,-0.223434716463089,-0.4620335353538394,0.061139434576034546,-0.336106538772583,-0.1449444992467761,-0.06244632601737976,-0.35533884167671204,-0.27725266944617033,0.0052452087402343524,0.004643743688409959,-0.09277508114323432,0.0,-0.15412406487898328,0.0,0.39311218161997435,0.4357543133105335,0.0,1.1292784041717383,5.216489444556305
swipe_left,anu,swipe_left,0.08578300476074219,0.09864169359207153,-0.15991065930575132,0.08816671371459961,-0.3050726354122162,-0.6366324378177524,0.0747227668762207,-0.10986441373825073,-0.11010862421244383,-0.01618063449859619,-0.2235046625137329,-0.4620335353538394,0.06122869253158569,-0.33732619881629944,-0.14678364526480436,-0.06239017844200134,-0.35540878772735596,-0.27725266944617033,0.010101181088071906,-0.0021195772922400326,0.0,0.00270478653185296,-0.0043556545719956015,0.007788340250651061,0.39288029209997194,0.43685608151618427,0.6208402541801725,4.763410947120777,4.545308163291952
swipe_left,anu,swipe_left,0.0866762101650238,0.10130545496940613,-0.16045893263071775,0.088233083486557,-0.30513429641723633,-0.6306411875411868,0.07504037022590637,-0.10992607474327087,-0.11021458636969328,-0.016114264726638794,-0.22356632351875305,-0.4620405388996005,0.06129506230354309,-0.3382704257965088,-0.15110164415091276,-0.06240034103393555,-0.3554704487323761,-0.27725967299193144,0.027066830432776315,0.08072004173741217,-0.01661434318080097,0.002011205210830231,-0.0018685153036406591,0.18155303868380504,0.38743083465025013,0.4404074436991165,1.0757896482118374,0.33531319529826537,5.266178215864279
swipe_left,anu,swipe_left,0.08720579743385315,0.10377418994903564,-0.1684062285348773,0.08542826771736145,-0.305291086435318,-0.610018010251224,0.07562527060508728,-0.11008286476135254,-0.11646315734833479,-0.018621057271957397,-0.22255200147628784,-0.46203675400465727,0.0614338219165802,-0.33842721581459045,-0.15524942707270384,-0.06272697448730469,-0.35562723875045776,-0.2728714896366,0.01604809905543465,0.07481015089786382,-0.2408271486108943,-0.08499441724834984,-0.004751212669141344,0.6249447663625055,0.3716873422450156,0.44314713065313316,17.88523013716621,0.2145147997702157,13.692628450447799
swipe_left,anu,swipe_left,0.08795846998691559,0.10517099499702454,-0.1924193287268281,0.0801628977060318,-0.30541348457336426,-0.6099980706349015,0.0763743668794632,-0.1102052628993988,-0.12826185766607523,-0.02032656967639923,-0.2084387242794037,-0.4477535719051957,0.06156529486179352,-0.3385496139526367,-0.1603530729189515,-0.06269647181034088,-0.3544788956642151,-0.2713339263573289,0.02280825918371033,0.042327425696633184,-0.7276697027863896,-0.15955666700998983,-0.003709034486250453,0.0006042307976520438,0.37082289120736633,0.4456599861569128,43.006788104346114,0.538840242894375,19.05387749364858
swipe_left,anu,swipe_left,0.08866201341152191,0.105031818151474,-0.19816282205283642,0.07221691310405731,-0.30134317278862,-0.609972758218646,0.07651005685329437,-0.11045077443122864,-0.13061407022178173,-0.025004640221595764,-0.19085320830345154,-0.43743948452174664,0.0624537318944931,-0.3390790820121765,-0.1644537728279829,-0.06268756091594696,-0.3545292317867279,-0.2700084578245878,0.02131949771534318,-0.004217480168198105,-0.17404525230328285,-0.24078741218104566,0.12334278135588705,0.0007670429168325501,0.36959937706222623,0.44615878974182205,1.9521649939229235,5.053833813434675,4.569695400049535
swipe_left,anu,swipe_left,0.0892920047044754,0.10401648283004761,-0.20369803719222546,0.06579150259494781,-0.2939964830875397,-0.6099737267941236,0.0766720324754715,-0.11081242561340332,-0.13379068486392498,-0.034333571791648865,-0.1767110824584961,-0.4200678151100874,0.06531955301761627,-0.3390778601169586,-0.1658347975462675,-0.06271065771579742,-0.3539083003997803,-0.25555327348411083,0.019090645241014805,-0.030767737012920827,-0.1677337921026974,-0.19470940936695363,0.2226269606387967,-2.9350772048487683e-05,0.38172776789573315,0.44535480249796927,0.8745954857074777,0.6204559268389209,3.3169244666511837
swipe_left,anu,swipe_left,0.0892748087644577,0.10390660166740417,-0.21555701922625303,0.052146658301353455,-0.27740323543548584,-0.6421252591535449,0.0790710300207138,-0.10946974158287048,-0.14110853802412748,-0.046792879700660706,-0.1595461070537567,-0.4200454158708453,0.0704566091299057,-0.3384737968444824,-0.19129162561148405,-0.061650410294532776,-0.3539925515651703,-0.25553087424486876,-0.0005210890914454617,-0.003329732201316148,-0.3593630919402305,-0.41348013010892104,0.502825686425875,-0.974288859376404,0.41020837949650324,0.44344486799635097,0.8223114271200775,0.15644881063675786,31.426938668886443
swipe_left,anu,swipe_left,0.08922351896762848,0.10389739274978638,-0.21678025927394629,0.035937145352363586,-0.2564008831977844,-0.65262237098068,0.07901974022388458,-0.10830509662628174,-0.14585174527019262,-0.059551164507865906,-0.14824938774108887,-0.42004877235740423,0.07059569656848907,-0.33477583527565,-0.19512285199016333,-0.06072498857975006,-0.3533599376678467,-0.25553423073142767,-0.0015542362675522246,-0.00027905810963023674,-0.03706788023312871,-0.4911973620906,0.6364349162939796,-0.31809429779197096,0.42002811513831817,0.4396023658305834,0.7717939065269664,5.54969206070946,20.428888445265773
swipe_left,anu,swipe_left,0.0891263484954834,0.10152271389961243,-0.21759419795125723,0.01979726552963257,-0.22868415713310242,-0.6526875263080001,0.0789225697517395,-0.10966619849205017,-0.14695983286947012,-0.07383087277412415,-0.1389988362789154,-0.4200965231284499,0.07058894634246826,-0.3339758515357971,-0.21498734410852194,-0.06076022982597351,-0.35097354650497437,-0.25559938605874777,-0.0029445597619721458,-0.07195996515678654,-0.02466480840336199,-0.48908726735548663,0.8399007898388507,-0.0019744038581848192,0.4232294837762649,0.43590071284851056,0.5823148292722726,0.04091884753847619,11.392271055238758
swipe_left,anu,swipe_left,0.08864052593708038,0.0961887538433075,-0.24700135458260775,0.0033296197652816772,-0.19901570677757263,-0.6527633415535092,0.07871569693088531,-0.110056072473526,-0.17140830028802156,-0.08451221883296967,-0.14419564604759216,-0.4186507211998105,0.07044805586338043,-0.3373022675514221,-0.24840204883366823,-0.06046853959560394,-0.35438272356987,-0.29111159313470125,-0.014721895709182314,-0.16163515322136196,-0.8911259585257755,-0.4990195686166949,0.8990439501675714,-0.002297431682095389,0.3987494227947619,0.43387485931039305,0.5550551933178464,0.09108046322421794,1.8173403024781027
swipe_left,anu,swipe_left,0.0880412608385086,0.09367281198501587,-0.2693543625064194,-0.008242711424827576,-0.16863834857940674,-0.6528344345279038,0.07750923931598663,-0.11100989580154419,-0.1716347080655396,-0.09413321316242218,-0.14514946937561035,-0.41845514299347997,0.07045526802539825,-0.3380134403705597,-0.25622933031991124,-0.060276105999946594,-0.3553365468978882,-0.29596947552636266,-0.018159548441568932,-0.07624066237247319,-0.6773638764791388,-0.35067670273058194,0.9205260060050232,-0.0021543325574108958,0.4060988677274891,0.43224362816115786,0.3809521072635085,0.23818405680678573,4.542130608867899
swipe_left,anu,swipe_left,0.0871628075838089,0.08737161755561829,-0.26938284700736403,-0.021628573536872864,-0.13879349827766418,-0.6326441294513643,0.07657934725284576,-0.11458119750022888,-0.1716631925664842,-0.09735141694545746,-0.14872077107429504,-0.3942425078712404,0.07084919512271881,-0.3411675989627838,-0.25625781482085586,-0.06022678315639496,-0.3589078485965729,-0.29599796002730727,-0.026619795596960885,-0.19094528573932118,-0.0008631666952913479,-0.4056321852134946,0.9043894030831099,0.611827426561805,0.40406780667363085,0.42905041721880827,0.44851447320833476,0.1394098633230399,18.68628680464311
swipe_left,anu,swipe_left,0.08676566183567047,0.08383044600486755,-0.26936766039580107,-0.034574612975120544,-0.09240183234214783,-0.5439744247123599,0.07696099579334259,-0.11458119750022888,-0.17164800595492125,-0.09692512452602386,-0.15146824717521667,-0.344520534388721,0.07176096737384796,-0.3402569890022278,-0.2562426282092929,-0.05962078273296356,-0.3589078485965729,-0.2959827734157443,-0.012034719640558446,-0.10730822881062851,0.00046020035039294965,-0.3923042254014458,1.4058080586520143,2.686960749666806,0.3649008446580588,0.424555720555838,0.27905939500604293,0.1121499033582325,64.69378752607098
swipe_left,anu,swipe_left,0.08717316389083862,0.08253327012062073,-0.2704279955942184,-0.04896360635757446,-0.0620751678943634,-0.4644170042593032,0.07789266109466553,-0.1146446168422699,-0.17245336738415062,-0.09599345922470093,-0.15347257256507874,-0.28229328361339867,0.07324469089508057,-0.3402569890022278,-0.26094188657589257,-0.05764490365982056,-0.3592476546764374,-0.2959585424978286,0.012348547126307579,-0.03930836012869154,-0.03213136964900913,-0.43603010249860175,0.9189898317510392,2.4108309228198896,0.34170909435093194,0.4231259763161162,0.4744662160206678,0.3141375765436204,17.011626220666063
swipe_left,anu,swipe_left,0.08724212646484375,0.08225598931312561,-0.2704279955942184,-0.0618436336517334,-0.02849552035331726,-0.38038211432285607,0.07855665683746338,-0.11470934748649597,-0.17162377503700554,-0.09532946348190308,-0.15347257256507874,-0.23990313080139458,0.07435542345046997,-0.3402569890022278,-0.2593570288736373,-0.05627128481864929,-0.3599186837673187,-0.2925195333082229,0.0020897749698523373,-0.008402448711973268,0.0,-0.3903038573987566,1.0175650770014009,2.5465118162559803,0.3429171874686576,0.4228544078800872,0.38356610565175053,0.2486806359482884,5.267611007041266
swipe_left,anu,swipe_left,0.08692367374897003,0.08421272039413452,-0.2704666194040328,-0.06838221848011017,0.008015334606170654,-0.36398553219623864,0.07900901138782501,-0.11265140771865845,-0.16741142538376153,-0.09173442423343658,-0.14975613355636597,-0.21820186940021813,0.07511062920093536,-0.336540549993515,-0.2593570288736373,-0.0554569810628891,-0.35620224475860596,-0.2875378665048629,-0.009650082299203607,0.05929488124269442,-0.001170418479225855,-0.19813893419323594,1.1063895442269092,0.4968661250490143,0.3723785069929375,0.4210656546966867,0.1790858889992463,0.16274456331471673,62.440896595507475
swipe_left,anu,swipe_left,0.08592404425144196,0.08329159021377563,-0.26934342947788537,-0.07337366044521332,0.030152440071105957,-0.34425660339184105,0.07901282608509064,-0.11359196901321411,-0.1520415034610778,-0.08941952884197235,-0.14975613355636597,-0.21625090506859124,0.07547791302204132,-0.3371518552303314,-0.2569106456357986,-0.055454984307289124,-0.35620224475860596,-0.27244874206371605,-0.030291802955396324,-0.02791303576845118,0.034036058368104964,-0.15125581712433825,0.6708213777253139,0.5978463274059889,0.39337944836114797,0.4207569210228606,0.22547819236029418,1.0851817776071107,13.623382899249803
swipe_left,anu,swipe_left,0.08499516546726227,0.08262979984283447,-0.2704687376972288,-0.07639040052890778,0.05072224140167236,-0.344258721685037,0.07904596626758575,-0.1141582727432251,-0.15204362175427377,-0.08929379284381866,-0.14472031593322754,-0.2162530233617872,0.07585503160953522,-0.3379625976085663,-0.2515127023216337,-0.0554419606924057,-0.35620224475860596,-0.272450860356912,-0.028147841944838707,-0.02005425366488348,-0.034100249071012466,-0.09141636617255833,0.62332731304746,-6.419070290796615e-05,0.4137423636961887,0.4211185558937234,0.14665845311216902,1.4035146308882274,18.265801836897
idle,anu,swipe_left,0.08461256325244904,0.08199381828308105,-0.2763810898177326,-0.07829324901103973,0.0584561824798584,-0.3386097098700702,0.07907570898532867,-0.11430054903030396,-0.15204387856647372,-0.08635921776294708,-0.14008593559265137,-0.21457171393558383,0.07601125538349152,-0.3384862542152405,-0.25151295913383365,-0.055433645844459534,-0.35421448945999146,-0.27245111716911197,-0.01159400650949192,-0.01927216847737635,-0.17916218546981205,-0.05766207521612008,0.23436185085412287,0.1711821762111155,0.4185649344180566,0.4213026202018708,0.2460376079484173,0.601562038079076,12.919145363112243
idle,anu,swipe_left,0.0834854394197464,0.08058425784111023,-0.2763592307455838,-0.07861928641796112,0.05842319130897522,-0.32600119756534696,0.07880331575870514,-0.11561879515647888,-0.15202201949432492,-0.08187232911586761,-0.1375158131122589,-0.20040905522182584,0.07576937973499298,-0.34024137258529663,-0.25149110006168485,-0.05555160343647003,-0.35375329852104187,-0.27242925809696317,-0.034155267657655745,-0.04271395278699481,0.0006623961257212107,-0.009879921421860229,-0.000999732451005418,0.3820761304461604,0.4162829920440336,0.4216303745279186,9.872690160026337,0.7996091632823907,9.685337201326847
idle,anu,swipe_left,0.08200673758983612,0.08028945326805115,-0.2736095073632896,-0.07992382347583771,0.058147042989730835,-0.32518072752282023,0.07778219878673553,-0.11608389019966125,-0.15147433010861278,-0.07700233161449432,-0.13495460152626038,-0.19997071055695415,0.07448063790798187,-0.34085813164711,-0.24418832687661052,-0.05667750537395477,-0.35212934017181396,-0.26790641574189067,-0.04480914636091764,-0.008933471910881296,0.08332495097861166,-0.039531425996260305,-0.008368130886193498,0.02486272856141588,0.4149065541485116,0.4222410879077542,4.723480434685882,5.01531000465115,10.86417180985076
idle,anu,swipe_left,0.08126839995384216,0.07894352078437805,-0.2736213677562773,-0.08057203888893127,0.057159215211868286,-0.32519258791580796,0.07759478688240051,-0.11711469292640686,-0.1514861905016005,-0.07388100028038025,-0.13594242930412292,-0.19998257094994187,0.0738508403301239,-0.3422718942165375,-0.24420018726959825,-0.05725577473640442,-0.35108840465545654,-0.2679182761348784,-0.022373867757392706,-0.040785832838578756,-0.0003594058481129742,-0.019642891305865714,-0.029934175086743977,-0.0003594058481129742,0.4129044854337929,0.4223068219747281,0.6561809392778218,0.5485561442326576,1.1723803961049644
idle,anu,swipe_left,0.08036208152770996,0.0786736011505127,-0.2763761058449745,-0.07786616683006287,0.05695730447769165,-0.32519982010126114,0.07722806930541992,-0.11750411987304688,-0.15149342268705368,-0.07090219855308533,-0.13614434003829956,-0.20042593032121658,0.07308131456375122,-0.34273743629455566,-0.24420741945505142,-0.05799779295921326,-0.34965476393699646,-0.2679255083203316,-0.027464194731278552,-0.008179382844404651,-0.08347691177870196,0.08199612299601147,-0.006118507096261622,-0.00021915713494473997,0.4111064013740506,0.4226997710339639,13.399138477362419,3.357323887361085,3.1633947051252544
idle,anu,swipe_left,0.07963977754116058,0.07814830541610718,-0.2763622929342091,-0.07669572532176971,0.054387032985687256,-0.3249604036100209,0.07683472335338593,-0.11816978454589844,-0.15147960977628827,-0.06978903710842133,-0.13645416498184204,-0.19725997047498822,0.07241688668727875,-0.3433522582054138,-0.244193606544286,-0.05864359438419342,-0.3495546281337738,-0.26768984692171216,-0.021887999592405432,-0.015918052557742996,0.00041857305349725767,0.03546792449373196,-0.07788701490922427,0.007255045189098896,0.4083805353866975,0.42278803160638334,0.45537075935326604,1.3749561736172013,2.6017327824021907
idle,anu,swipe_left,0.07922261953353882,0.07777008414268494,-0.2736162953078747,-0.07711288332939148,0.050197750329971313,-0.323956947773695,0.0769805908203125,-0.1192270815372467,-0.14951739832758904,-0.06812986731529236,-0.1374576985836029,-0.19512208923697472,0.07213848829269409,-0.34397104382514954,-0.2429194413125515,-0.0588611364364624,-0.3498693108558655,-0.263908039778471,-0.012641151746114127,-0.011461250709764913,0.08321204928286169,-0.012641151746114127,-0.12694795926411978,0.03040775261593595,0.4049600610701437,0.422916139181551,0.09957664733441386,1.1028507460009478,2.197232447994927
idle,anu,swipe_left,0.07911068201065063,0.07777464389801025,-0.2722423430532217,-0.07722482085227966,0.0486983060836792,-0.32335794530808926,0.07754749059677124,-0.12034648656845093,-0.14752512238919735,-0.06824180483818054,-0.13797831535339355,-0.1951132621616125,0.0721082091331482,-0.34480950236320496,-0.24268185161054134,-0.05856892466545105,-0.34986475110054016,-0.2638992127031088,-0.003392046148126784,0.0001381744037974968,0.041634916807666074,-0.003392046148126784,-0.045437704433094486,0.018151589866840522,0.40340537167662455,0.42367466050267044,0.07465103132773844,24.37262927357188,2.5134497934877493
idle,anu,swipe_left,0.07922142744064331,0.0777750015258789,-0.2697905106469989,-0.07722482085227966,0.04794865846633911,-0.31842587422579527,0.07819867134094238,-0.12034612894058228,-0.14135661255568266,-0.06824180483818054,-0.13838446140289307,-0.19046449195593596,0.0722159743309021,-0.3458962142467499,-0.24072035681456327,-0.057946860790252686,-0.3498643934726715,-0.263917307369411,0.0033559221209901835,1.083720814098014e-05,0.07429795170372201,0.0,-0.022716594464851206,0.14945669946345452,0.40199259681979216,0.42472514558402547,0.0,283.50621878245585,4.039382188875465
idle,anu,swipe_left,0.07930737733840942,0.07785528898239136,-0.25117913354188204,-0.08412498235702515,0.04757815599441528,-0.30613685119897127,0.07861506938934326,-0.12028002738952637,-0.12840782571583986,-0.06824180483818054,-0.13861870765686035,-0.18130349088460207,0.07245582342147827,-0.34612417221069336,-0.2244886802509427,-0.057369351387023926,-0.3497982919216156,-0.2541050063446164,0.0026045423565488938,0.0024329532276500415,0.5639811243974815,-0.2090958031741061,-0.011227347634055425,0.3723946371764857,0.4016605756430578,0.42487399026244344,18.62213479567745,1.0700872666577714,9.268685084968574
idle,anu,swipe_left,0.0795762687921524,0.08054536581039429,-0.25117913354188204,-0.0904412716627121,0.04513508081436157,-0.30613685119897127,0.07904340326786041,-0.11760300397872925,-0.12840782571583986,-0.06816260516643524,-0.14156311750411987,-0.1692402558401227,0.07291372120380402,-0.34344714879989624,-0.2244886802509427,-0.05599556863307953,-0.3476303517818451,-0.24057360459119081,0.008148225870999334,0.08151747963645152,0.0,-0.1914027062329358,-0.074032581213748,0.0,0.3996870410776957,0.4248840103873059,2.585349824970947,0.09995556722031652,11.45660190142778
idle,anu,swipe_left,0.07973845303058624,0.08144164085388184,-0.25117913354188204,-0.09908054769039154,0.0414242148399353,-0.3046760009601712,0.0792744904756546,-0.1156148910522461,-0.12840782571583986,-0.06922350823879242,-0.147255539894104,-0.16782170999795198,0.0733698159456253,-0.3429158329963684,-0.2244886802509427,-0.0543169230222702,-0.34753498435020447,-0.24057360459119081,0.004914673891934494,0.027159849802653062,0.0,-0.2617962432630141,-0.1124504840735236,0.04426818905454705,0.39673940811105357,0.42524370124407673,2.328081709369395,0.1809469853721009,2.775806847173744
idle,anu,swipe_left,0.08031953871250153,0.08175092935562134,-0.25117913354188204,-0.11032874882221222,0.01000279188156128,-0.3046760009601712,0.07937438786029816,-0.1141323447227478,-0.12840782571583986,-0.07188363373279572,-0.15449869632720947,-0.16781232226639986,0.07364441454410553,-0.3429158329963684,-0.2244886802509427,-0.05250810086727142,-0.34756600856781006,-0.24057360459119081,0.017608657027735897,0.009372378840590992,0.0,-0.3408545797521426,-0.9521643320719425,0.0,0.3678420742723396,0.4255570427405246,0.35797835551356616,1.8785816008505287,25.593582034741953
idle,anu,swipe_left,0.08157892525196075,0.08280026912689209,-0.27016352070495486,-0.13385449349880219,-0.021667838096618652,-0.30467216623947024,0.07967616617679596,-0.11334365606307983,-0.1484879399649799,-0.07512138783931732,-0.1607069969177246,-0.16780848754569888,0.07393212616443634,-0.3425007164478302,-0.2408667798154056,-0.050874605774879456,-0.3479524254798889,-0.24056976987048984,0.03816322846846156,0.03179817488699256,-0.5752844594870568,-0.7129013538360613,-0.9597160599448488,0.00011620365760543159,0.34271914295935035,0.4263774160223129,0.7428245090037568,1.200132663947586,11.276467455580876
idle,anu,swipe_left,0.08231461048126221,0.08376258611679077,-0.27975910576060414,-0.15657532215118408,-0.050725698471069336,-0.3070571688003838,0.07956784963607788,-0.11120551824569702,-0.1542309639044106,-0.07878866791725159,-0.1607069969177246,-0.16782474191859365,0.07340127229690552,-0.3418470323085785,-0.24790511699393392,-0.051706165075302124,-0.34863829612731934,-0.24186627240851521,0.022293491797013773,0.02916112090602073,-0.2907753047166456,-0.6885099591630895,-0.8805412234682047,-0.07227280487616874,0.3224892384568453,0.42689304456048976,0.7819158931995845,0.7644674359885505,3.333851670676768
idle,anu,swipe_left,0.08097970485687256,0.08276158571243286,-0.2993387784808874,-0.17957693338394165,-0.07590967416763306,-0.307481249794364,0.07781809568405151,-0.11193281412124634,-0.16552305780351162,-0.08818361163139343,-0.1621694564819336,-0.16930577717721462,0.0708920955657959,-0.34317347407341003,-0.25537889264523983,-0.054417937994003296,-0.3501049280166626,-0.24346757493913174,-0.04045168558756466,-0.030333345586603003,-0.5933234157661532,-0.6970185222047671,-0.7631507786837407,-0.01285093921152014,0.30813237728097276,0.4283163627258036,0.9133419349516054,1.333527551206838,3.9953910879454866
idle,anu,swipe_left,0.08248786628246307,0.08308237791061401,-0.3393106630537659,-0.18981106579303741,-0.1068602204322815,-0.3524147442076355,0.07798032462596893,-0.1117677092552185,-0.19981202692724764,-0.09200407564640045,-0.1638522744178772,-0.1926456114742905,0.07114283740520477,-0.3440651297569275,-0.28578557283617556,-0.05470381677150726,-0.35180994868278503,-0.2651268115732819,0.04570186138153087,0.009720975702459186,-1.211269229481169,-0.31012522451805424,-0.9378953413529852,-1.361621042826414,0.2930418422200842,0.43063747894211374,0.3306604481159139,4.700882082020688,42.84855855274945
idle,anu,swipe_left,0.08413276076316833,0.08539491891860962,-0.3642800359521061,-0.19911187887191772,-0.12448090314865112,-0.3896457164082676,0.07806965708732605,-0.11181187629699707,-0.22461125836707652,-0.09749835729598999,-0.16342538595199585,-0.22392242238856852,0.07113704085350037,-0.3444117605686188,-0.30797093198634684,-0.054986923933029175,-0.3524521589279175,-0.28523894236423075,0.04984528729409895,0.07007700024229124,-0.7566476635860693,-0.2818428205721313,-0.5339600823142325,-1.128211278807036,0.2892121549381957,0.43367428521556856,0.5278340124538676,0.7112829578721042,14.163018678173112
idle,anu,swipe_left,0.08552922308444977,0.0867287814617157,-0.3788678001203607,-0.20815332233905792,-0.1336376965045929,-0.4100300918855737,0.07787837088108063,-0.111368328332901,-0.24254874396706327,-0.10266320407390594,-0.1609349548816681,-0.2413529406824182,0.07155145704746246,-0.3430059850215912,-0.32269405830288633,-0.05521990358829498,-0.3526169955730438,-0.29343851912403807,0.04231704003883141,0.04042007706382068,-0.44205345964407927,-0.27398313536788543,-0.2774785865436908,-0.6177083477971559,0.2914346561929702,0.43361600147783214,0.9873992490065399,1.0469053056655864,17.314085914906517
swipe_left,anu,swipe_left,0.08702202141284943,0.08760052919387817,-0.3975061094388366,-0.21356110274791718,-0.13390129804611206,-0.45250638481229544,0.07829655706882477,-0.11160624027252197,-0.2774407183751464,-0.10666771233081818,-0.16011911630630493,-0.2827899372205138,0.07173343002796173,-0.3421057462692261,-0.3616084372624755,-0.05533726513385773,-0.352880597114563,-0.32737343665212393,0.045236312981807934,0.026416597944317506,-0.564797252075028,-0.16387213360179595,-0.007987925500580778,-1.2871603917188434,0.2977330531282788,0.43147406302880914,20.51241228747005,1.7123552670139104,22.12153773546806
swipe_left,anu,swipe_left,0.08754880726337433,0.08893278241157532,-0.4047997014131397,-0.22109921276569366,-0.13325759768486023,-0.4584035293664783,0.07822383940219879,-0.11076334118843079,-0.2862607554998249,-0.11009837687015533,-0.15583941340446472,-0.29281389876268804,0.07124616205692291,-0.3404202461242676,-0.3679949657525867,-0.056154415011405945,-0.35223209857940674,-0.3368459658231586,0.015963207591663746,0.04037130962718627,-0.2210179386152468,-0.22842757629625782,0.019506071553085837,-0.1787013501267546,0.29988807846062643,0.43123588431468796,11.709988127875745,0.3953999099648809,33.6568975262909
swipe_left,anu,swipe_left,0.08827106654644012,0.08935782313346863,-0.4068972186651081,-0.22130750119686127,-0.13324573636054993,-0.4585145728196949,0.07843874394893646,-0.11075147986412048,-0.2903181330766529,-0.11091373860836029,-0.153768390417099,-0.2946576492395252,0.07121913135051727,-0.34008216857910156,-0.3744576589670032,-0.05636270344257355,-0.35221731662750244,-0.3400850312318653,0.021886644941387513,0.012880021875554724,-0.06356112884752609,-0.006311770641442432,0.0003594340700091698,-0.0033649531277742885,0.298631705603261,0.43100092808418083,17.51158163622505,1.6991388690149989,8.594789725913639
swipe_left,anu,swipe_left,0.08880592882633209,0.09004908800125122,-0.4105243997182697,-0.22165365517139435,-0.12740391492843628,-0.4812404231633991,0.07865311205387115,-0.11065554618835449,-0.2952149824704975,-0.11125989258289337,-0.1519564390182495,-0.3097345845308155,0.07123561203479767,-0.33892276883125305,-0.3786805884446949,-0.05670885741710663,-0.35212138295173645,-0.34965315624140203,0.016207947875514214,0.020947420235836196,-0.10991457736853424,-0.01048951437979036,0.17702489188223217,-0.6886621316274024,0.30825303819590605,0.4305108573577541,0.05925412530483728,0.7737074057635851,21.445905647502908
swipe_left,anu,swipe_left,0.08925597369670868,0.09080111980438232,-0.4148825721349567,-0.2218562215566635,-0.1255030632019043,-0.4812404231633991,0.07909701764583588,-0.10990351438522339,-0.2952149824704975,-0.11146245896816254,-0.14715707302093506,-0.31599004729650915,0.07125364243984222,-0.33769744634628296,-0.3786805884446949,-0.05691142380237579,-0.35088834166526794,-0.3625841455068439,0.013637723344745091,0.022788842519124407,-0.13206583080869766,-0.006138375311186835,0.057601567470666276,0.0,0.30345448139963327,0.430401775957033,0.10656426580833851,0.5984123555615098,21.180417744538325
swipe_left,anu,swipe_left,0.08975230157375336,0.0909557193517685,-0.4105140164028853,-0.2216051071882248,-0.10075588524341583,-0.4812300398480147,0.0791914314031601,-0.10978437960147858,-0.2913042053114623,-0.11146245896816254,-0.1430627852678299,-0.31597966398112476,0.07131581008434296,-0.33753468096256256,-0.37444727565161884,-0.05698190629482269,-0.35065238177776337,-0.3646035089623183,0.015040238698323605,0.004684834769277873,0.13238047672943667,0.007609526316324888,0.7499144835905613,0.00031464592073903017,0.3211709902201052,0.430400670501794,0.010147178559230197,3.2097245077724823,20.983317472377973
swipe_left,anu,swipe_left,0.09001284837722778,0.09123896062374115,-0.41051770048215985,-0.21674558520317078,-0.07273377478122711,-0.48123372392728925,0.07922452688217163,-0.11042357981204987,-0.2913078893907368,-0.10899326205253601,-0.13950397074222565,-0.3159833480603993,0.07134979963302612,-0.3372410386800766,-0.3744509597308934,-0.05699905753135681,-0.3498184233903885,-0.36460719304159284,0.00789535768104324,0.00858306884765627,-0.0001116387658950057,0.1472582419713342,0.8491548624905694,-0.0001116387658950057,0.3404359019029814,0.43040008013503805,0.17341721169942417,0.9197686809325777,5.191520095914643
swipe_left,anu,swipe_left,0.09014935791492462,0.09073364734649658,-0.41045648808358237,-0.211211696267128,-0.059200137853622437,-0.472235569905024,0.07922454178333282,-0.11039358377456665,-0.29124667699215934,-0.10238340497016907,-0.13890168070793152,-0.3159221356618218,0.071346715092659,-0.3372110426425934,-0.3741254603373818,-0.05700214207172394,-0.3497278690338135,-0.36454598064301535,0.004136652657479906,-0.015312523552865526,0.0018549211690145708,0.1676936041225068,0.4101102099274099,0.27267133400803417,0.346098247359438,0.4298954996787652,0.40889787955854406,0.27013068828994874,15.675437472375378
swipe_left,anu,swipe_left,0.09019576013088226,0.09075962007045746,-0.4032432845560834,-0.20562832057476044,-0.0456705242395401,-0.4632374158827588,0.07927094399929047,-0.11036761105060577,-0.27275965723674744,-0.09572406113147736,-0.13830341398715973,-0.30968813213985413,0.07139311730861664,-0.3371850699186325,-0.35588155302684754,-0.056955739855766296,-0.3496413379907608,-0.3624550214735791,0.0014061277562921733,0.0007870522412386827,0.21858192507572752,0.1691932027990172,0.40998829133582937,0.27267133400803784,0.3530706485861896,0.4309678998259701,0.4126771268775118,1.7843077942167667,0.04559231982232518
swipe_left,anu,swipe_left,0.09026727080345154,0.09021583199501038,-0.36701000871835276,-0.18117204308509827,-0.02559533715248108,-0.4092482143896632,0.07931080460548401,-0.11037608981132507,-0.23659190180478618,-0.08540698885917664,-0.13831189274787903,-0.2586712950724177,0.07143297791481018,-0.3371935486793518,-0.31146685424027964,-0.0567488968372345,-0.3496372103691101,-0.3159370833891444,0.0021669900778568205,-0.016478426528699512,1.0979780556888092,0.7410993178685524,0.6083390026381537,1.636036408881689,0.35943180450337886,0.43141459327013043,1.218232098258653,0.13149669219878068,45.203183133417824
swipe_left,anu,swipe_left,0.09070521593093872,0.09002116322517395,-0.3329416748310905,-0.14641106128692627,-0.017824620008468628,-0.3947795268322807,0.07974874973297119,-0.11042055487632751,-0.20607660079258494,-0.07505440711975098,-0.1384235918521881,-0.23725029194611125,0.07182276248931885,-0.33804237842559814,-0.28684666121262126,-0.05574551224708557,-0.3497489094734192,-0.29658665621536784,0.013271064469308596,-0.005899053631406856,1.0323737541594653,1.0533630847930935,0.235476277091287,0.43844507749644074,0.35782092666513765,0.4309520774042795,4.473310961484994,2.2493125144938957,39.16905823828124
swipe_left,anu,swipe_left,0.09112615883350372,0.08998414874076843,-0.2713137143291533,-0.11344729363918304,-0.017846137285232544,-0.39474867517128587,0.0801214724779129,-0.10961785912513733,-0.1405354463495314,-0.06445859372615814,-0.13844510912895203,-0.22865686053410172,0.07225216925144196,-0.33864378929138184,-0.2285455190576613,-0.055290237069129944,-0.3497704267501831,-0.2574686580337584,0.012755845532272833,-0.0011216510425914445,1.8675139546041621,0.9989020499316154,-0.0006520386898156385,0.000934898818024634,0.36387055427855725,0.43116963630480415,1529.6215454150483,11.362253316781487,15.155688585191323
swipe_left,anu,swipe_left,0.09118391573429108,0.0889681875705719,-0.22632769215852022,-0.07213173806667328,-0.018862098455429077,-0.39473353791981936,0.07982046902179718,-0.11063137650489807,-0.1022338317707181,-0.05682556331157684,-0.14403733611106873,-0.2286417232826352,0.07212354242801666,-0.3410481810569763,-0.19936821330338717,-0.05522240698337555,-0.35078638792037964,-0.2574535207822919,0.0017502091147682927,-0.030786702127167748,1.3632127930494906,1.251986532500299,-0.030786702127167748,0.0004587045898943248,0.3595906874764372,0.4312820290927253,40.66515023852717,0.05684766948631316,7.723414367594001
swipe_left,anu,swipe_left,0.09043686091899872,0.08984711766242981,-0.22158538876101375,-0.042128756642341614,-0.01799866557121277,-0.3947713333182037,0.0792069286108017,-0.10976794362068176,-0.10227162716910243,-0.05245943367481232,-0.15310439467430115,-0.22867951868101954,0.07181046903133392,-0.3403536081314087,-0.1914440798573196,-0.05526982247829437,-0.3520871698856354,-0.2574913161806762,-0.022638024705828794,0.026634245207815165,0.1437061635608007,0.9091812552827677,0.026164632855039366,-0.0011453151025555225,0.3614327315443811,0.43165739360136784,34.74715327237591,0.8499273999244606,10.530531304419812
swipe_left,anu,swipe_left,0.09051032364368439,0.08991783857345581,-0.21788012445904315,-0.01630084216594696,-0.03453826904296875,-0.3947388029191643,0.07854355871677399,-0.10969722270965576,-0.09289698512293398,-0.04729689657688141,-0.15576529502868652,-0.22864698828198016,0.07208974659442902,-0.34034720063209534,-0.18652325333096087,-0.05470450222492218,-0.35370635986328125,-0.25745878578163683,0.002226143172293004,0.0021430579098788228,0.11228073642335183,0.7826640750422642,-0.5012001052047279,0.000985769667860236,0.34955530951351377,0.43179922995337217,1.5615769137671112,1.0382850024880252,16.43432278625287
swipe_left,anu,swipe_left,0.08887337148189545,0.09144943952560425,-0.2160909092053771,0.01193903386592865,-0.0438961386680603,-0.395221090875566,0.07831023633480072,-0.10756152868270874,-0.08966569509357214,-0.041283175349235535,-0.1536271572113037,-0.2783010369166732,0.0720617026090622,-0.3382475674152374,-0.16888103540986776,-0.054505303502082825,-0.35156822204589844,-0.25942594464868307,-0.04960461096330135,0.04641215006510428,0.05421864405048629,0.8557538191477478,-0.28357180682095684,-0.014614786557627484,0.3428079383519495,0.4326094337482661,3.017756987143188,1.0687619972727636,6.972829619135198
swipe_left,anu,swipe_left,0.08887337148189545,0.09516075253486633,-0.21335722599178553,0.05017410218715668,-0.045191556215286255,-0.3976348200812936,0.07714776694774628,-0.10479316115379333,-0.08970546070486307,-0.03591872751712799,-0.14982613921165466,-0.29176433477550745,0.07136951386928558,-0.3358760476112366,-0.1657217899337411,-0.055248841643333435,-0.347530335187912,-0.26568801794201136,0.0,0.11246403058369982,0.08283888526035098,1.1586384339766098,-0.03925507718866531,-0.07314330926447221,0.3463129985307046,0.4340141044712188,29.51488067460678,0.0,11.924746523882789
swipe_left,anu,swipe_left,0.08887337148189545,0.08137285709381104,-0.11274960078299046,0.07323162257671356,-0.061309099197387695,-0.39848162420094013,0.07664380967617035,-0.12558382749557495,-0.0012709314469248056,-0.032036587595939636,-0.14743918180465698,-0.30471854098141193,0.07045887410640717,-0.3383273184299469,-0.08761856891214848,-0.0558457225561142,-0.3446007966995239,-0.2657422889024019,0.0,-0.41781501336531307,3.04871591541804,0.6987127390774831,-0.48841039339701453,-0.025660730898380342,0.33843001940678774,0.4208549629161552,1.4305823912455726,0.0,19.533746508735824
swipe_left,anu,swipe_left,0.08887317776679993,0.0725441575050354,-0.09921286627650261,0.08484598994255066,-0.09204554557800293,-0.4031372033059597,0.07505384087562561,-0.12889552116394043,0.016053827479481697,-0.026474416255950928,-0.14738786220550537,-0.31647562608122826,0.06940481066703796,-0.3410409986972809,-0.0656694807112217,-0.05666309595108032,-0.3440539240837097,-0.2669958136975765,-5.870154409697497e-06,-0.2675363511750163,0.41020407595417263,0.3519505262374839,-0.9314074660792393,-0.14107815469756116,0.319480081056751,0.41539963584915013,0.3778691509204532,2.1941438770758363e-05,17.40279629787815
swipe_left,anu,swipe_left,0.0885649025440216,0.06720477342605591,-0.09921286627650261,0.09468463063240051,-0.10575485229492188,-0.44582900032401085,0.0735141932964325,-0.12982958555221558,0.016053827479481697,-0.021829277276992798,-0.14680659770965576,-0.3355211280286312,0.06721743941307068,-0.34291476011276245,-0.0656694807112217,-0.058668315410614014,-0.34294888377189636,-0.2685968540608883,-0.009341673417524881,-0.1617995175448335,0.0,0.2981406269651478,-0.4154335368763327,-1.2936908187288259,0.33345069845091724,0.41204235788011695,0.7176597044792615,0.05773574497335206,38.30236567032258
swipe_left,anu,swipe_left,0.09099975228309631,0.06495773792266846,-0.09663749858736992,0.1000002920627594,-0.12140965461730957,-0.4488562308251858,0.07242730259895325,-0.13018029928207397,0.016053827479481697,-0.020031243562698364,-0.15040481090545654,-0.34585287794470787,0.06546863913536072,-0.34392592310905457,-0.0656694807112217,-0.060250937938690186,-0.3429400622844696,-0.26984235271811485,0.07378332542650645,-0.06809198495113505,0.07804144512523324,0.16108064940481515,-0.47438794916326466,-0.09173425761136164,0.3268059772909438,0.41084876065097836,0.3395539666110097,1.0835672056299912,36.70246981015762
swipe_left,anu,swipe_left,0.09062264859676361,0.0640677809715271,-0.09663749858736992,0.0996231883764267,-0.13074445724487305,-0.4819590114057064,0.07205019891262054,-0.13046777248382568,0.016053827479481697,-0.020408347249031067,-0.15349966287612915,-0.36314603313803673,0.06469897925853729,-0.3444274067878723,-0.0656694807112217,-0.06101273000240326,-0.3430606722831726,-0.2808256410062313,-0.011427384434324351,-0.02696839245882908,0.0,-0.011427384434324351,-0.28287280689586364,-1.0031145630460823,0.3336715542713403,0.41048675153495773,0.04039746401310036,0.4237167912391486,28.700843433005147
swipe_left,anu,swipe_left,0.09038081765174866,0.06393137574195862,-0.09917367622256279,0.09938135743141174,-0.1407981812953949,-0.48529815301299095,0.07180836796760559,-0.13139846920967102,0.00512017821893096,-0.02065017819404602,-0.15389862656593323,-0.36429044231772423,0.06408080458641052,-0.3447660505771637,-0.07508860900998116,-0.06152522563934326,-0.3431861102581024,-0.2807864509522915,-0.0073282104549986125,-0.004133491805105509,-0.07685386773311749,-0.0073282104549986125,-0.30465830456126897,-0.10118610931165316,0.3296617031823442,0.4102503716387664,0.024053788429510652,1.7724573660901481,27.33941924438791
swipe_left,anu,swipe_left,0.0901695191860199,0.06325328350067139,-0.10219720005989075,0.09917005896568298,-0.1497442126274109,-0.48537708818912506,0.07177981734275818,-0.13221967220306396,0.0005783389788120985,-0.02086147665977478,-0.15457671880722046,-0.3642742186784744,0.0635470449924469,-0.34558209776878357,-0.07562877237796783,-0.06213870644569397,-0.34386420249938965,-0.2807702273130417,-0.0064029838099623464,-0.020548249735976486,-0.09162193446448254,-0.0064029838099623464,-0.27109185854593615,-0.0023919750343669283,0.3249108428230808,0.4105618180730128,0.023619153393807952,0.31159209665705495,3.1619645109411048
swipe_left,anu,swipe_left,0.090050607919693,0.06372508406639099,-0.1102557573467493,0.09557345509529114,-0.16202476620674133,-0.48766628839075565,0.07180646061897278,-0.1323206126689911,-0.005511099472641945,-0.02271941304206848,-0.15467765927314758,-0.3642754349857569,0.06321582198143005,-0.34602290391921997,-0.07968301512300968,-0.06214138865470886,-0.34397611021995544,-0.28077144362032413,-0.0036033717068758965,0.01429698683998805,-0.24419870566238117,-0.10898799607248044,-0.37213798725243863,-0.06936970307971509,0.3174676996481419,0.41176232460205486,0.292869061844759,0.25201951485912183,4.812367458166836
swipe_left,anu,swipe_left,0.08945241570472717,0.05885499715805054,-0.11440630443394184,0.0861540138721466,-0.18205052614212036,-0.49771113879978657,0.07203486561775208,-0.13734549283981323,-0.008344864472746849,-0.02302950620651245,-0.15970253944396973,-0.36430169828236103,0.0633760392665863,-0.3510477840900421,-0.08152797259390354,-0.06198117136955261,-0.3490009903907776,-0.2775955367833376,-0.018127036817146114,-0.1475783911618323,-0.12577415415734988,-0.28543761282256225,-0.6068412101630024,-0.30438940633427086,0.3134762652426791,0.4120452064854644,0.4703654558668415,0.12282905271826475,11.397095429024404
swipe_left,anu,swipe_left,0.08879606425762177,0.0623738169670105,-0.13059345446527004,0.07918576896190643,-0.1923648715019226,-0.5001370217651129,0.07238148152828217,-0.13971686363220215,-0.014633280225098133,-0.03211964666843414,-0.15922808647155762,-0.3642979171127081,0.06350807845592499,-0.35341915488243103,-0.0815241914242506,-0.06184913218021393,-0.3518421947956085,-0.27759175561368465,-0.01988943779107301,0.10663090330181726,-0.4905196979190376,-0.21115893667394517,-0.3125559199940082,-0.07351160500988833,0.3079776866454719,0.41944137878932025,0.6755855435163398,0.18652426877138978,11.55597678808425
swipe_left,anu,swipe_left,0.08785445988178253,0.0630788505077362,-0.17484232876449823,0.06758035719394684,-0.19334939122200012,-0.5372952977195382,0.07276345789432526,-0.14005646109580994,-0.05700211692601442,-0.04129995405673981,-0.15194138884544373,-0.3643233636394143,0.06345845758914948,-0.35440367460250854,-0.1212947303429246,-0.06189875304698944,-0.35511982440948486,-0.2776172021403909,-0.028533465934522294,0.021364652749263933,-1.340874978764494,-0.351679144483625,-0.02983393091143991,-1.1260083622553159,0.3322156323324713,0.4216090238562339,11.787496526388034,1.3354829955057328,33.29787474812477
swipe_left,anu,swipe_left,0.08750130236148834,0.06866633892059326,-0.23932250682264566,0.03739835321903229,-0.19338828325271606,-0.6503849858418107,0.0751664787530899,-0.12916040420532227,-0.13728747610002756,-0.05751796066761017,-0.1440948247909546,-0.40040936414152384,0.06536872684955597,-0.35265836119651794,-0.19763629976660013,-0.06114418804645538,-0.3554554283618927,-0.2776374155655503,-0.010701743039217889,0.16931783069263848,-1.953944789640836,-0.9146061810580189,-0.0011785463853315904,-3.426960246129478,0.4182309686163316,0.42396001425403856,775.388058012579,0.06320468311433462,71.7874090284389
swipe_left,anu,swipe_left,0.08670315146446228,0.07686468958854675,-0.28767597605474293,0.023035168647766113,-0.19356045126914978,-0.6953074925113469,0.07537314295768738,-0.12130221724510193,-0.18622900475747883,-0.07274720072746277,-0.13912174105644226,-0.44997653295286,0.06735721230506897,-0.3497770428657532,-0.2796809964347631,-0.0610654354095459,-0.3556275963783264,-0.30650091101415455,-0.02418639081897131,0.24843486872586065,-1.4652566433968708,-0.4352480173110914,-0.005217212619203452,-1.3612880808950225,0.4295453747186397,0.42715495189999764,83.40940645257399,0.0973546651818625,64.25958928915377
swipe_left,anu,swipe_left,0.08636151254177094,0.08234623074531555,-0.28767597605474293,-0.0015150755643844604,-0.1917687952518463,-0.6953074925113469,0.07544152438640594,-0.11533120274543762,-0.18622900475747883,-0.08332665264606476,-0.13919499516487122,-0.44997653295286,0.06781677901744843,-0.34624183177948,-0.2796809964347631,-0.06091181933879852,-0.35570085048675537,-0.30650091101415455,-0.010352694627010486,0.1661073077808731,0.0,-0.743946794307595,0.054292606584953676,0.0,0.42611295418008305,0.4290635782484573,13.70229095286818,0.0623249659533439,42.33694039737565
swipe_left,anu,swipe_left,0.0873773843050003,0.08188572525978088,-0.28767597605474293,-0.01992414891719818,-0.17450645565986633,-0.6953074925113469,0.07651044428348541,-0.11250898241996765,-0.18622900475747883,-0.0920509546995163,-0.14040741324424744,-0.44997653295286,0.06947465240955353,-0.34316638112068176,-0.2796809964347631,-0.05974839627742767,-0.35705316066741943,-0.30650091101415455,0.030783992825132504,-0.013954711682868761,0.0,-0.5578507076610232,0.5231011997569704,0.0,0.43136971150331854,0.425504078296451,1.0664277610000428,2.205834680786734,15.284664962283934
swipe_left,anu,swipe_left,0.08844873309135437,0.08294853568077087,-0.28767597605474293,-0.03210914134979248,-0.14122459292411804,-0.6953074925113469,0.07768800854682922,-0.11250898241996765,-0.18622900475747883,-0.09826785326004028,-0.14040741324424744,-0.44997653295286,0.07097402215003967,-0.33936914801597595,-0.2796809964347631,-0.05852055549621582,-0.35705316066741943,-0.30650091101415455,0.03246511473800205,0.032206376393636146,0.0,-0.3692421949271009,1.008541295022678,0.0,0.44547737458469383,0.42275467021026736,0.3661147348498639,1.008002463200226,15.781603393294773
swipe_left,anu,swipe_left,0.08891540765762329,0.08294853568077087,-0.27918484644033015,-0.054962486028671265,-0.10614767670631409,-0.5801394863519818,0.0782809853553772,-0.11250898241996765,-0.1545329971704632,-0.09803861379623413,-0.14758971333503723,-0.33993398980237544,0.07157379388809204,-0.33926206827163696,-0.2606648786459118,-0.057876378297805786,-0.35705316066741943,-0.28961062268354,0.014141653523300669,0.0,0.25730695801250925,-0.6925255963296618,1.062936855084971,3.489939580586832,0.38388679747340704,0.42297223888228747,0.6515203057419585,14141.653523300669,106.22130384687773
swipe_left,anu,swipe_left,0.08982111513614655,0.08294853568077087,-0.2705688758287579,-0.06899182498455048,-0.07188829779624939,-0.49582356051541865,0.07923318445682526,-0.11250898241996765,-0.1533566100988537,-0.09708540141582489,-0.16165927052497864,-0.2844853384885937,0.07268346846103668,-0.33926206827163696,-0.25383713678456843,-0.05632777512073517,-0.35728272795677185,-0.27679645852185786,0.027445681167371044,0.0,0.26109001853249003,-0.4251314835114866,1.0381629972746764,2.5550280556533997,0.3599767080427569,0.42288939938813874,0.40950320433719084,27445.681167371044,29.476187881472008
swipe_left,anu,swipe_left,0.09060674905776978,0.0906493067741394,-0.2704745514784008,-0.08152168989181519,-0.03649264574050903,-0.4461957497987896,0.08080822229385376,-0.10517239570617676,-0.15261296764947474,-0.09541982412338257,-0.16144567728042603,-0.26395267085172236,0.07448643445968628,-0.33156129717826843,-0.25343984202481806,-0.05399543046951294,-0.35170501470565796,-0.2752229853067547,0.023807088534037332,0.23335669979904694,0.002858313647183512,-0.3796928759777194,1.0725955168406196,1.5038730520190653,0.3596501337473043,0.4228614902763861,0.3539941348086059,0.10201972574523364,31.89999736786161
swipe_left,anu,swipe_left,0.09016413986682892,0.09327292442321777,-0.2704745514784008,-0.08764491975307465,0.004075944423675537,-0.3690911813173443,0.08084388077259064,-0.1028447151184082,-0.15261296764947474,-0.09517626464366913,-0.1587560772895813,-0.23484647111035883,0.07472999393939972,-0.3288716971874237,-0.25343984202481806,-0.05372034013271332,-0.34901541471481323,-0.2752229853067547,-0.013412399725480546,0.07950356512358714,0.0,-0.18555242003816594,1.229351217096505,2.3365020751953183,0.3669272723891834,0.42277000336053744,0.15093511644401253,0.16869974327425635,26.339835240668823
swipe_left,anu,swipe_left,0.08951131999492645,0.09320574998855591,-0.2705213539302349,-0.09154422581195831,0.0244903564453125,-0.36806894466280937,0.080630823969841,-0.10288488864898682,-0.15330908820033073,-0.09369601309299469,-0.1587560772895813,-0.23479894921183586,0.07475893199443817,-0.3291686475276947,-0.25378961488604546,-0.053691402077674866,-0.34901541471481323,-0.27517546340823174,-0.01978242036068083,-0.0020355889291474366,-0.0014182561161843249,-0.11816078966314171,0.6186185461102125,0.03097686831924056,0.38674099370789944,0.4229630193295573,0.1910072037104536,9.713506774762942,72.30294461878425
swipe_left,anu,swipe_left,0.0889534056186676,0.09315407276153564,-0.2791373245418072,-0.09166327118873596,0.03580152988433838,-0.36638058349490166,0.08045879006385803,-0.10343295335769653,-0.15448547527194023,-0.09145954251289368,-0.1587560772895813,-0.2326137088239193,0.07499143481254578,-0.3303578495979309,-0.26061735674738884,-0.05345889925956726,-0.34901541471481323,-0.2767489366233349,-0.016906496250268226,-0.0015659765763716303,-0.26109001853249353,-0.0036074356599287644,0.3427628314856335,0.05116245963356724,0.39696030910663854,0.42414652446590684,0.010524551684152724,10.789246313697683,9.072015938447699
idle,anu,swipe_left,0.0882725715637207,0.09307420253753662,-0.29372231289744377,-0.09131556749343872,0.056110501289367676,-0.35618553683161736,0.08062583208084106,-0.10437250137329102,-0.18481728062033653,-0.08968284726142883,-0.15237373113632202,-0.22959720715880394,0.07532137632369995,-0.3304084539413452,-0.27875272557139397,-0.05311119556427002,-0.3485476076602936,-0.296850960701704,-0.020631334998390944,-0.0024203098181522316,-0.441969344110201,0.010536475615067941,0.6154233759099802,0.3089408079783129,0.4107655670790027,0.4239450227815725,0.017120666693594112,8.520733217913966,11.378515494753888
idle,anu,swipe_left,0.08777680993080139,0.0925871729850769,-0.3004905693233013,-0.09050270915031433,0.055925607681274414,-0.35618553683161736,0.08105424046516418,-0.10577255487442017,-0.1867944709956646,-0.08846297860145569,-0.14906799793243408,-0.2326137088239193,0.07612141966819763,-0.33071169257164,-0.27875272557139397,-0.05237513780593872,-0.34864541888237,-0.2995608262717724,-0.015023079785433517,-0.014758471286657924,-0.20509867957143849,0.024632071003769112,-0.005602836608886657,0.0,0.4102898793260294,0.42401687649757464,4.395572662612461,1.0178602941565995,21.02333010938394
idle,anu,swipe_left,0.08725729584693909,0.09232980012893677,-0.306652050698176,-0.08974400162696838,0.056180357933044434,-0.3662975544575602,0.08144345879554749,-0.1070900559425354,-0.18720806785859168,-0.08648788928985596,-0.14090925455093384,-0.23318992205895483,0.07687374949455261,-0.33112218976020813,-0.2786696965340525,-0.05167827010154724,-0.34812211990356445,-0.2994777972344309,-0.015742851026130697,-0.007799177458792146,-0.18671155681438817,0.022991137071089678,0.007719704599091624,-0.3064247765437269,0.4115511796323089,0.42450255349113636,2.977854776854782,2.018268316240137,9.29450435726822
idle,anu,swipe_left,0.08633778989315033,0.09036928415298462,-0.3066708317492157,-0.0867767184972763,0.054598987102508545,-0.3663163355085999,0.08139126002788544,-0.10914969444274902,-0.18722684890963137,-0.08389876782894135,-0.13881176710128784,-0.233878972241655,0.07720629870891571,-0.33281025290489197,-0.2786884775850922,-0.05174614489078522,-0.34871938824653625,-0.2994965782854706,-0.027863816781477188,-0.05940957502885233,-0.0005691227587786526,0.08991767059672864,-0.04792032819805671,-0.0005691227587786526,0.4103141880763456,0.4242019764927233,1.8763601506432153,0.46900432739365544,9.63629955627837
idle,anu,swipe_left,0.08581802248954773,0.08942046761512756,-0.3066663679201156,-0.08391329646110535,0.05432489514350891,-0.36631187167949975,0.0811205804347992,-0.11013928055763245,-0.18722238508053124,-0.0821152925491333,-0.1366179883480072,-0.23387450841255486,0.07741913199424744,-0.3331736624240875,-0.2777192231733352,-0.05178689956665039,-0.3481960892677307,-0.2994921144563705,-0.0157505273818968,-0.028752016298698342,0.00013526754848884666,0.08677036473245237,-0.008305816939382751,0.00013526754848884666,0.40929222839454377,0.4236676495723318,10.44568158485264,0.5477869597496743,1.2044115428410627
idle,anu,swipe_left,0.0850268304347992,0.08924001455307007,-0.3066625341307372,-0.08361902832984924,0.054252564907073975,-0.3655861362349242,0.08094409108161926,-0.11085110902786255,-0.18672374333254993,-0.07985872030258179,-0.13669031858444214,-0.23320222343318164,0.07766565680503845,-0.33327943086624146,-0.276286308420822,-0.05214416980743408,-0.34777960181236267,-0.2994857474695891,-0.023975516810562054,-0.00546827460780297,0.00011617543570923268,0.008917216098669946,-0.002191825346513263,0.021991983168956356,0.40864384394122394,0.4236739120161044,4.066541876145726,4.383673984179982,2.457388862434546
idle,anu,swipe_left,0.08468668162822723,0.08905428647994995,-0.30667961528524756,-0.08334334194660187,0.05056840181350708,-0.3656032173894346,0.08063314855098724,-0.11097627878189087,-0.1861000000499189,-0.07823590934276581,-0.13679391145706177,-0.23321930458769202,0.07769010961055756,-0.33346015214920044,-0.2743958621285856,-0.05208273231983185,-0.3478831946849823,-0.29812089493498206,-0.010307539593089598,-0.005628123427882277,-0.000517610742738747,0.008354132825677953,-0.11164130586566225,-0.000517610742738747,0.4053329055360285,0.4238037795819957,0.07482945430856985,1.8311091815883986,3.3861094293784237
swipe_left,anu,swipe_left,0.08370071649551392,0.08892214298248291,-0.3066839096136391,-0.0831114649772644,0.050502002239227295,-0.36560751171782613,0.08011901378631592,-0.11105471849441528,-0.18610429437831044,-0.07746902108192444,-0.1368280053138733,-0.23322359891608357,0.07769268751144409,-0.33351457118988037,-0.2741551217623055,-0.05214908719062805,-0.3479172885417938,-0.2981152650900185,-0.029877731294343443,-0.004004348408092216,-0.00013013116338036484,0.007026574828408093,-0.0020121083115086733,-0.00013013116338036484,0.40527990754480175,0.42372986197823426,3.490410718707034,7.459458766178716,3.3223612128263085
swipe_left,anu,swipe_left,0.08434619009494781,0.08874645829200745,-0.26938915718346834,-0.08383841812610626,0.04622378945350647,-0.3200166868045926,0.08106596767902374,-0.11101004481315613,-0.1445776866748929,-0.07614849507808685,-0.13730832934379578,-0.19031708408147097,0.07888586819171906,-0.3337327837944031,-0.24027811456471682,-0.050866976380348206,-0.3478394150733948,-0.26020330656319857,0.01955980604345127,-0.005323778499256422,1.1301440130354656,-0.022028883298237878,-0.12964281168850844,1.381540148885849,0.39993820221217413,0.42351620737764634,0.16991850988742957,3.6733558111727453,42.05626755703546
swipe_left,anu,swipe_left,0.08416996896266937,0.0881197452545166,-0.26097172405570745,-0.08968247473239899,0.04260462522506714,-0.30951791908591986,0.08095262944698334,-0.11107879877090454,-0.13812346663326025,-0.07589460909366608,-0.14395982027053833,-0.17571151163429022,0.07905028760433197,-0.33419474959373474,-0.23046268429607153,-0.05061309039592743,-0.34803643822669983,-0.24243914987891912,-0.005340034311467893,-0.018991304166389025,0.2550737311442665,-0.1770926244331109,-0.10967164328603914,0.31814447632341325,0.3982793222419216,0.4234460357627636,1.6147383625215683,0.281168322952527,32.57052766765794
swipe_left,anu,swipe_left,0.0838959664106369,0.08693245053291321,-0.26097172405570745,-0.10139958560466766,0.03030303120613098,-0.30603939201682806,0.0807151049375534,-0.11140939593315125,-0.13812346663326025,-0.07589460909366608,-0.14704325795173645,-0.1696465453132987,0.07861416041851044,-0.3354133367538452,-0.22005669679492712,-0.05061309039592743,-0.34815675020217896,-0.23261950816959143,-0.008303107637347729,-0.03597862792737613,0.0,-0.3550639658263292,-0.3727755763314046,0.10540991118460158,0.38884643959197424,0.4243558659535186,0.9524846472935881,0.23077247085787875,11.584855743386846
swipe_left,anu,swipe_left,0.0838959664106369,0.0850229561328888,-0.26097172405570745,-0.11900235712528229,-0.0070327818393707275,-0.30603939201682806,0.0807151049375534,-0.11140242218971252,-0.13812346663326025,-0.07589460909366608,-0.1530267298221588,-0.1696465453132987,0.07814328372478485,-0.3358516991138458,-0.22005669679492712,-0.05050446093082428,-0.34815099835395813,-0.23261950816959143,0.0,-0.05786346666740585,0.0,-0.5334173188064979,-1.1313882741060999,0.0,0.35558976189606667,0.42289786975449783,0.4714710763260028,0.0,23.83009943808115
swipe_left,anu,swipe_left,0.08377116918563843,0.0850229561328888,-0.26095414627343416,-0.13759291172027588,-0.055693238973617554,-0.30602181423455477,0.08059030771255493,-0.11140242218971252,-0.13810588885098696,-0.07602700591087341,-0.1530267298221588,-0.1696289675310254,0.07777845859527588,-0.33613505959510803,-0.22003911901265383,-0.05054810643196106,-0.34964340925216675,-0.23260193038731813,-0.0037817340908629124,0.0,0.0005326600688876612,-0.563350139242239,-1.4745593070984122,0.0005326600688876612,0.3152363876182609,0.4231832064814409,0.3820461845679134,3781.7340908629126,10.438618317978266
swipe_left,anu,swipe_left,0.08092191815376282,0.0850229561328888,-0.2849846566095948,-0.16107586026191711,-0.10107067227363586,-0.30954472068697214,0.07774105668067932,-0.11140242218971252,-0.14063405338674784,-0.08092001080513,-0.1530267298221588,-0.169673346914351,0.07492920756340027,-0.33613505959510803,-0.2200834983959794,-0.053089797496795654,-0.3499242067337036,-0.2326463097706437,-0.08634094035986603,0.0,-0.7281972829139514,-0.7116045012618478,-1.375073736364176,-0.10675474098234349,0.28196176507859605,0.42617149966842244,0.5175024181910254,86340.94035986603,6.312007088574271
swipe_left,anu,swipe_left,0.08096913993358612,0.08495825529098511,-0.3485573660582304,-0.18027643859386444,-0.12788265943527222,-0.3866985570639372,0.07697515189647675,-0.11093157529830933,-0.20434650592505932,-0.08826752007007599,-0.1530914306640625,-0.20468458347022533,0.07413552701473236,-0.3361997604370117,-0.28225131146609783,-0.05388347804546356,-0.3499889075756073,-0.2628565263003111,0.0014309630249485668,-0.001960631572838964,-1.9264457408677236,-0.5818357070287005,-0.8124844594435169,-2.3379950417261877,0.2839774894649656,0.4264003580592343,0.7161183012766877,0.7294759346056052,69.84030001428017
swipe_left,anu,swipe_left,0.08088046312332153,0.08314493298530579,-0.3861375690321438,-0.18825796246528625,-0.16293367743492126,-0.4764705241541378,0.07604169845581055,-0.11096659302711487,-0.24585691996617243,-0.09593534469604492,-0.14934685826301575,-0.2620913327555172,0.07314640283584595,-0.3382484018802643,-0.31992107041878626,-0.054872602224349976,-0.35203754901885986,-0.2837079704622738,-0.0026871760686239033,-0.05494916077816213,-1.1387940295125454,-0.24186435974005882,-1.0621520605954426,-2.7203626390970324,0.301179897537083,0.4266342497342068,0.2277113993386883,0.048902060168162786,17.25196539451994
swipe_left,anu,swipe_left,0.08206969499588013,0.08539751172065735,-0.3892267723567784,-0.1964648962020874,-0.19674339890480042,-0.5331430514343083,0.07601302862167358,-0.10893896222114563,-0.25813037948682904,-0.10239037871360779,-0.1499491035938263,-0.2867613513953984,0.07326740026473999,-0.3383687734603882,-0.33274144725874066,-0.05496832728385925,-0.3526397943496704,-0.2865721960552037,0.03603732947147214,0.06825996167731932,-0.09361222195862266,-0.24869496172124417,-1.0245370142387509,-1.7173493115202985,0.3242254645315779,0.42760488397597624,0.2427386375761067,0.5279346874986388,30.41641339767565
swipe_left,anu,swipe_left,0.08358326554298401,0.08855754137039185,-0.38921312685124576,-0.2102724313735962,-0.22980546951293945,-0.5923932909499854,0.07575580477714539,-0.10653936862945557,-0.26132438774220645,-0.10981094837188721,-0.15008729696273804,-0.3192398666869849,0.072927325963974,-0.33767130970954895,-0.33546079392544925,-0.05554893612861633,-0.352453351020813,-0.28912011976353824,0.045865774154663815,0.09575847423438022,0.0004135001676552289,-0.41841015671239423,-1.0018809275193807,-1.795461803505395,0.3618790946997032,0.4297370077573068,0.4176242182033974,0.4789685252699181,5.702939093757696
swipe_left,anu,swipe_left,0.08533608913421631,0.09258532524108887,-0.38921312685124576,-0.21232953667640686,-0.2458362877368927,-0.6246269464027137,0.07634919881820679,-0.10563117265701294,-0.26132438774220645,-0.1141200065612793,-0.15008729696273804,-0.33459560270421207,0.07305914163589478,-0.33704549074172974,-0.33546079392544925,-0.05574944615364075,-0.3522893786430359,-0.2896068512927741,0.0531158664009782,0.1220540566877872,0.0,-0.062336524327595344,-0.48578237042282035,-0.976777437961452,0.3848221010272957,0.4331543313611267,0.12832165142528107,0.4351795643899198,31.248731731147974
swipe_left,anu,swipe_left,0.08690190315246582,0.09538847208023071,-0.39525897498242557,-0.21236011385917664,-0.2611476182937622,-0.6246269464027137,0.07738876342773438,-0.1052364706993103,-0.2620011686813086,-0.11415058374404907,-0.1527729034423828,-0.33459560270421207,0.07353019714355469,-0.3359399437904358,-0.33546079392544925,-0.055996447801589966,-0.3522893786430359,-0.2896068512927741,0.047448909643925355,0.08494384361036031,-0.1832075191266638,-0.0009265812960538145,-0.4639797138445379,0.0,0.3807819332242614,0.4356590723453493,0.001997025454735337,0.5585849314358882,29.665114334716556
swipe_left,anu,swipe_left,0.08872285485267639,0.0955750048160553,-0.39525897498242557,-0.21239781379699707,-0.27432096004486084,-0.6246269464027137,0.0782218873500824,-0.10504993796348572,-0.2620011686813086,-0.1141882836818695,-0.16242709755897522,-0.33459560270421207,0.07372340559959412,-0.33534014225006104,-0.33546079392544925,-0.05605927109718323,-0.3521028459072113,-0.2896068512927741,0.055180354551834884,0.005652507146199482,0.0,-0.0011424223581949745,-0.39919217427571174,0.0,0.37779654025583426,0.4353029633561336,0.00286182838739105,9.760375838373065,1.9632696699201801
swipe_left,anu,swipe_left,0.09011510014533997,0.09619981050491333,-0.38708095834590495,-0.21239781379699707,-0.29526907205581665,-0.6246178953442723,0.07893511652946472,-0.10442513227462769,-0.26131533668376505,-0.1141882836818695,-0.17561256885528564,-0.33458655164577067,0.07375630736351013,-0.3345089554786682,-0.33162369416095316,-0.05605927109718323,-0.35147804021835327,-0.2895978002343327,0.04218925129283512,0.018933505722970465,0.2478186859551677,0.0,-0.63479127305926,0.0002742744982242554,0.37395140347760636,0.43457238677492843,0.0,2.228167553465791,7.139455400708063
swipe_left,anu,swipe_left,0.0903187245130539,0.09787443280220032,-0.38670785212889314,-0.21194948256015778,-0.3188619315624237,-0.6133394339121878,0.07905517518520355,-0.1027505099773407,-0.2604659297503531,-0.11282481253147125,-0.19145259261131287,-0.3211954035796225,0.07377587258815765,-0.33266153931617737,-0.3267854549922049,-0.056039705872535706,-0.35063356161117554,-0.27092049503698945,0.006170435385270651,0.05074613022081861,0.011306249000358039,0.013585795055736411,-0.7149351365638615,0.34177155854801883,0.3775818118542732,0.435000670018257,0.019002809287319976,0.12159180939731797,10.637529405946616
swipe_left,anu,swipe_left,0.09128449857234955,0.1009306013584137,-0.3833732537459582,-0.20598895847797394,-0.337556391954422,-0.6133211783599108,0.07905517518520355,-0.10075947642326355,-0.25977095286361873,-0.1118498295545578,-0.20212921500205994,-0.3105159036349505,0.07377587258815765,-0.3293323814868927,-0.30021759192459285,-0.056039705872535706,-0.3497959077358246,-0.22530172090046108,0.029265880584716474,0.09261116837010137,0.10104843584651185,0.18062194188435673,-0.5664987997575177,0.000553198553847538,0.4161654520387516,0.4385745666175183,0.31883849202006675,0.31600470110755535,12.359936672720872
swipe_left,anu,swipe_left,0.09212644398212433,0.10400378704071045,-0.36049507721327245,-0.18577344715595245,-0.3485129475593567,-0.6133133338298649,0.07942207157611847,-0.09881043434143066,-0.2311389313545078,-0.10555873811244965,-0.20647591352462769,-0.31050805910490453,0.07414276897907257,-0.32624006271362305,-0.2752041982021183,-0.05501566827297211,-0.35074371099472046,-0.2002553807105869,0.025513497265902838,0.09312683885747884,0.6932780767480643,0.612591252182479,-0.33201683651317776,0.00023771303169655455,0.4332660218376264,0.43898487087887234,1.845055249488578,0.27396208887600443,14.89415905560998
swipe_left,anu,swipe_left,0.09234413504600525,0.10584786534309387,-0.2605075055907946,-0.1581629514694214,-0.3672071695327759,-0.6131993943999987,0.07963976263999939,-0.0982305109500885,-0.1433769280265551,-0.09531024098396301,-0.21238234639167786,-0.3103941196750384,0.07392820715904236,-0.3242723047733307,-0.19926897829282098,-0.05239894986152649,-0.3505171537399292,-0.1590855086396914,0.006596698905482364,0.05588116067828493,3.0299264128023258,0.8366816874706292,-0.5664915749520905,0.003452709995943902,0.4665661816973083,0.4348478634724385,1.4769508453687838,0.11804659707880183,9.828897181126667
swipe_left,anu,swipe_left,0.09235979616641998,0.10590669512748718,-0.19593843561597168,-0.13105382025241852,-0.38281962275505066,-0.6745475803036243,0.0795632153749466,-0.09877970814704895,-0.0985345069784671,-0.08346499502658844,-0.21229514479637146,-0.31039029103703797,0.0733126550912857,-0.3241759240627289,-0.16695682448334992,-0.052083566784858704,-0.3508935272693634,-0.15737718087621033,0.00047457940650708227,0.0017827207391912091,1.9566384840855215,0.8214888247576536,-0.47310464309923056,-1.8590359364734814,0.52413814834412,0.43147860514340103,1.7363750290024593,0.2660614949861885,56.51182783585774
swipe_left,anu,swipe_left,0.09241954982280731,0.10650724172592163,-0.10171775287017226,-0.09730221331119537,-0.3965495526790619,-0.6796733415685594,0.07939766347408295,-0.09892833232879639,-0.04405838390812278,-0.07156358659267426,-0.21298199892044067,-0.313322005327791,0.07194440066814423,-0.3235883414745331,-0.09684827690944076,-0.05199520289897919,-0.3509625196456909,-0.1537985927425325,0.001810716860222123,0.018198381770741144,2.85517220441821,1.0227759679158692,-0.41605848254580147,-0.15532609893743082,0.5297878388809196,0.4306102114645879,2.458244579976081,0.09949331702756978,52.01537871192862
swipe_left,anu,swipe_left,0.09197285771369934,0.10794806480407715,-0.09865818824619055,-0.07022258639335632,-0.3991694152355194,-0.6795822298154235,0.07886818051338196,-0.09935444593429565,-0.03683662321418524,-0.06044238805770874,-0.22718709707260132,-0.37861599680036306,0.07002606987953186,-0.32272934913635254,-0.08181458618491888,-0.051979660987854004,-0.355637788772583,-0.15370748098939657,-0.013536124518423221,0.04366130539865157,0.09271407951459638,0.8205947550860229,-0.07938977443810578,0.0027609622162399565,0.5279886914344816,0.43156506265573985,10.336147504465655,0.31001854791756506,12.828407009261657
swipe_left,anu,swipe_left,0.09146717190742493,0.11168935894966125,-0.09798607882112265,-0.0378800630569458,-0.3954012393951416,-0.6861182143911719,0.0786580741405487,-0.09588095545768738,-0.03236735891550779,-0.05257710814476013,-0.22549837827682495,-0.38460138346999884,0.070349782705307,-0.3195960819721222,-0.0790514787659049,-0.05142498016357422,-0.3584873378276825,-0.15374983754009008,-0.015323812311346125,0.11337254986618685,0.020366952274785223,0.9800764647397284,0.1141871466781172,-0.1980601386590469,0.5338184987235015,0.43221706902557877,8.58299651278558,0.1351621461040304,9.736451567554662
swipe_left,anu,swipe_left,0.09093333780765533,0.1099291443824768,-0.08672434650361538,-0.014383390545845032,-0.4090411365032196,-0.6796592604368925,0.0785333663225174,-0.09637945890426636,-0.0324020329862833,-0.05093817412853241,-0.23422756791114807,-0.39556012861430645,0.06993909180164337,-0.3187163174152374,-0.07834875397384167,-0.0513274222612381,-0.3570922613143921,-0.1537845116108656,-0.01617679090210868,-0.05333983536922512,0.34126461568203464,0.7120203791242579,-0.4133302153962986,0.1957258774024046,0.5297242665440288,0.4292410055381026,1.7226387763662576,0.3032721701888052,21.538528886701734
swipe_left,anu,swipe_left,0.09074226021766663,0.10971993207931519,-0.0866837939247489,0.009264171123504639,-0.41090261936187744,-0.686112335883081,0.07853999733924866,-0.09650355577468872,-0.03687310125678778,-0.0435294508934021,-0.24622207880020142,-0.4106476819142699,0.06980738043785095,-0.31875666975975037,-0.07904560025781393,-0.05290988087654114,-0.3570922613143921,-0.15715748723596334,-0.00579022999965777,-0.0063397667624732965,0.0012288660262570101,0.716592777859073,-0.05640857147447929,-0.19554774079358725,0.5353077612762569,0.42905571842995177,12.703389852611673,0.9131750491007206,16.04942466768374
swipe_left,anu,swipe_left,0.08956322073936462,0.10943436622619629,-0.08361355774104595,0.04121866822242737,-0.42423194646835327,-0.6795741301029921,0.07844111323356628,-0.0981246829032898,-0.03957946412265301,-0.031102299690246582,-0.2732972502708435,-0.44879436306655407,0.06755009293556213,-0.31906625628471375,-0.08180648647248745,-0.05411723256111145,-0.3570922613143921,-0.20735417120158672,-0.035728469039455174,-0.00865351070057276,0.09303746011221196,0.9683180939067648,-0.4039190032265467,0.198127447881485,0.4864034959636153,0.4290694894705444,2.3973016591695364,4.128306067850913,17.646391221299453
swipe_left,anu,swipe_left,0.08826640248298645,0.1072448194026947,-0.07125632837414742,0.059317559003829956,-0.42951706051826477,-0.677975919097662,0.07848438620567322,-0.10266003012657166,-0.03954462334513664,-0.02420869469642639,-0.2864135801792145,-0.464930709451437,0.06610730290412903,-0.3202191889286041,-0.08177164569497108,-0.05488544702529907,-0.3565979599952698,-0.22079693898558617,-0.03929752292055029,-0.0663499037424716,0.3744614959666182,0.5484512358000724,-0.1601549712094376,0.04843063652515358,0.4768355499157857,0.4281671122484351,3.4244819700344302,0.5922680883605768,15.395556380473696
swipe_left,anu,swipe_left,0.08733990788459778,0.10623517632484436,-0.07097253762185574,0.07453641295433044,-0.4337952733039856,-0.6777519714087248,0.07830080389976501,-0.103051096200943,-0.04946175031363964,-0.020266950130462646,-0.29824772477149963,-0.49107141606509686,0.06610843539237976,-0.32130154967308044,-0.09340177290141582,-0.05547189712524414,-0.35675132274627686,-0.25448976270854473,-0.028075593890566262,-0.03059524478334418,0.008599719766414663,0.4611773924394161,-0.1296428116885119,0.006786293604157296,0.4494316725833197,0.4286507880506442,3.5572649896121673,0.9176156776549881,3.072728305374976
swipe_left,anu,swipe_left,0.0863509476184845,0.10155916213989258,-0.07125130482017994,0.08751758933067322,-0.43456926941871643,-0.6766076181083918,0.07770010828971863,-0.106972336769104,-0.05471927486360073,-0.01395997405052185,-0.30158674716949463,-0.49769888259470463,0.06610086560249329,-0.32150042057037354,-0.1049687061458826,-0.05583375692367554,-0.35681527853012085,-0.26087246276438236,-0.029968492912523344,-0.14169739954399185,-0.008447490858309105,0.39336898110129187,-0.023454427719115954,0.03467737273736395,0.44657699331800066,0.4248839129654091,16.770914852288104,0.2114949287286713,3.910366932146912
swipe_left,anu,swipe_left,0.08529447019100189,0.09901893138885498,-0.0759746115654707,0.09547977149486542,-0.43537458777427673,-0.6728176604956388,0.07689915597438812,-0.11012780666351318,-0.05715479515492916,-0.008918032050132751,-0.30206969380378723,-0.4977139662951231,0.06620483100414276,-0.3221309781074524,-0.10543267987668514,-0.05590714514255524,-0.35678958892822266,-0.26088754646480083,-0.032014467499472524,-0.0769766894253809,-0.14313050743305164,0.24127824739976098,-0.02440358653213012,0.11484720038645069,0.4458475293394356,0.42261026771916055,9.886594353159948,0.41589280918214716,5.209979602794025
swipe_left,anu,swipe_left,0.08484424650669098,0.09560909867286682,-0.0759645514190197,0.09550966322422028,-0.4355130195617676,-0.6728076003491879,0.07655437290668488,-0.11026760935783386,-0.0579308457672596,-0.005963847041130066,-0.3022081255912781,-0.4977039061486721,0.06628663837909698,-0.3222828209400177,-0.10882638022303581,-0.05587725341320038,-0.3568526804447174,-0.26087748631834984,-0.013643141948815765,-0.10332826412085495,0.0003048529227574715,0.000905809980450269,-0.004194902651237785,0.0003048529227574715,0.4458608149685885,0.419592589412043,0.21587964634571688,0.13203560544918436,8.091944601627421
swipe_left,anu,swipe_left,0.08379869163036346,0.09469571709632874,-0.0759645514190197,0.09555976092815399,-0.43557190895080566,-0.6645403765141964,0.07607750594615936,-0.11032649874687195,-0.057294368743896484,-0.00591374933719635,-0.30226701498031616,-0.49106135591864586,0.06640784442424774,-0.3223417103290558,-0.10882638022303581,-0.05582715570926666,-0.35679304599761963,-0.26087748631834984,-0.03168348110083343,-0.027678229592062908,0.0,0.0015181122404156143,-0.001784526940548039,0.2505219343936777,0.4382554468554228,0.41869148215896845,0.8502320552775608,1.1446662919375021,7.582710305587617
swipe_left,anu,swipe_left,0.08311279118061066,0.09452742338180542,-0.07992497272789478,0.0956130176782608,-0.4350166618824005,-0.6309653613716364,0.07575811445713043,-0.11044162511825562,-0.05713971145451069,-0.005860492587089539,-0.3020341396331787,-0.4800946805626154,0.06659819185733795,-0.32245975732803345,-0.10882135666906834,-0.05577389895915985,-0.35690486431121826,-0.25926760770380497,-0.020784862113721773,-0.005099809531009639,-0.12001276693561051,0.0016138409123276477,0.01682566873955031,1.0174247012897133,0.4088748849348644,0.4183133297804694,0.09590970959892905,4.074816357553284,23.24631950331051
swipe_left,anu,swipe_left,0.0828787088394165,0.09412199258804321,-0.08521192707121372,0.09280014038085938,-0.43507468700408936,-0.6003980729728937,0.07550352811813354,-0.11084705591201782,-0.05713971145451069,-0.005599319934844971,-0.2986932694911957,-0.46315897442400455,0.06685936450958252,-0.32286226749420166,-0.10882135666906834,-0.05508694052696228,-0.3563314974308014,-0.2506724391132593,-0.007093404278610614,-0.012285781629157654,-0.16021073767632973,-0.08523870598186052,-0.0017583370208740041,0.9262814666285558,0.38778743865955023,0.41795920580246954,48.44933345375499,0.5773199599948385,3.8564483815986565
swipe_left,anu,swipe_left,0.08305124938488007,0.09217017889022827,-0.08531259186565876,0.08492337167263031,-0.43518251180648804,-0.593518452718854,0.07571534812450409,-0.11023104190826416,-0.05729644559323788,-0.006885841488838196,-0.2931685447692871,-0.4446220565587282,0.06711016595363617,-0.32480791211128235,-0.10978415794670582,-0.054281190037727356,-0.3578382134437561,-0.24030773527920246,0.005228501377683781,-0.05914586963075674,-0.003050448316516347,-0.23868996085543,-0.003267418254505556,0.20847334103151133,0.38745046316197557,0.4179996460078465,73.02919708222558,0.0883986153506411,22.243292653380124
swipe_left,anu,swipe_left,0.08305124938488007,0.09142029285430908,-0.0879164319485426,0.08046327531337738,-0.42256101965904236,-0.5935564693063498,0.07571534812450409,-0.10997718572616577,-0.057970939204096794,-0.00880838930606842,-0.2626066207885742,-0.421646511182189,0.06722013652324677,-0.3256109654903412,-0.10982217453420162,-0.05386330187320709,-0.35674047470092773,-0.21686319075524807,0.0,-0.02272381927027822,-0.07890424493587292,-0.13515443512887518,0.3824694590135012,-0.0011520178029031337,0.4053070435889617,0.4179061570845653,0.3533722198505904,0.0,13.668491937454577
swipe_left,anu,swipe_left,0.08305124938488007,0.0907316505908966,-0.08865482360124588,0.060261473059654236,-0.38904881477355957,-0.5935534313321114,0.07571534812450409,-0.11008962988853455,-0.05925488471984863,-0.01967020332813263,-0.22358539700508118,-0.40562278777360916,0.06728862226009369,-0.3264709413051605,-0.10981913655996323,-0.053726568818092346,-0.35583657026290894,-0.21686015278100967,0.0,-0.020867947376135395,-0.022375504627372034,-0.6121758258703915,1.015521360166134,9.205982540592901e-05,0.3949609512118078,0.41803635157923474,0.6028186575529888,0.0,24.019919505783914
swipe_left,anu,swipe_left,0.08304594457149506,0.09128710627555847,-0.136634461581707,0.03522597253322601,-0.34683671593666077,-0.5936479791998863,0.0762210339307785,-0.10739502310752869,-0.07021629810333252,-0.03486411273479462,-0.1809786856174469,-0.4057173356413841,0.06917445361614227,-0.3267841935157776,-0.12219592928886414,-0.05301244556903839,-0.3551156222820282,-0.21695470064878464,-0.00016075192075787424,0.016831990444299214,-1.4539284236503602,-0.7586515311038976,1.2791545102090751,-0.0028650869022716634,0.38697853277028593,0.418550476269366,0.5930878028894999,0.009549813581241334,9.139582564868311
swipe_left,anu,swipe_left,0.08310681581497192,0.09300306439399719,-0.14207454957067966,0.017351776361465454,-0.3169437050819397,-0.6214883420616388,0.07639914751052856,-0.10682842135429382,-0.07254194654524326,-0.04662299156188965,-0.1589547097682953,-0.3980684373527765,0.07011252641677856,-0.3268274664878845,-0.13798528350889683,-0.0526147186756134,-0.3548137843608856,-0.21694801189005375,0.0018445831356626366,0.05199873086177884,-0.164851151180988,-0.5416423082351625,0.9058488137794164,-0.8436473594470365,0.41228913649003934,0.42005148293328365,0.5979383116228777,0.03547293620741513,28.64181406559767
swipe_left,anu,swipe_left,0.08299410343170166,0.09201455116271973,-0.1556755742058158,0.009287416934967041,-0.29192307591438293,-0.6473356774076819,0.07611364126205444,-0.10744237899780273,-0.09400592651218176,-0.061720967292785645,-0.14054948091506958,-0.39685273077338934,0.07122117280960083,-0.3288079500198364,-0.16336704697459936,-0.053080469369888306,-0.3514930009841919,-0.22435796167701483,-0.00341552676576562,-0.029954946402347925,-0.4121522616707983,-0.2443745280757134,0.7582008838653685,-0.783252586243743,0.43168099010692035,0.4210574048159327,0.3223079937890344,0.11401832276939558,10.223201118099558
swipe_left,anu,swipe_left,0.08311514556407928,0.09123030304908752,-0.18470640946179628,0.0006141513586044312,-0.24751883745193481,-0.647298832423985,0.07618103921413422,-0.10618856549263,-0.10743404645472765,-0.07601134479045868,-0.13190075755119324,-0.3968158857896924,0.07300584018230438,-0.3278287947177887,-0.17975028324872255,-0.053491100668907166,-0.3457234799861908,-0.23438396025449038,0.003667943405382521,-0.023765094352490714,-0.8797222804842476,-0.26282622958674284,1.3455829837105344,0.001116514657482944,0.4278670608623567,0.4192103155499996,0.19532502821710365,0.15433513605478538,29.69995475034266
swipe_left,anu,swipe_left,0.08339525759220123,0.0839400589466095,-0.2038601189851761,-0.009904399514198303,-0.20195195078849792,-0.6472880840301514,0.07601137459278107,-0.1100870668888092,-0.10742329806089401,-0.08447204530239105,-0.13949409127235413,-0.39548954367637634,0.07371796667575836,-0.3328115940093994,-0.19083231687545776,-0.05382560193538666,-0.34946244955062866,-0.2507215142250061,0.00848824327642258,-0.2209164879538772,-0.5804154401024119,-0.3187439658425036,1.3808147473768604,0.00032570890404960966,0.4253862521922808,0.41706751711066775,0.2308374353696519,0.0384226860220081,2.0029124278221824
swipe_left,anu,swipe_left,0.08347034454345703,0.07469511032104492,-0.20413515344262123,-0.017848461866378784,-0.16419023275375366,-0.6473422385752201,0.07592123746871948,-0.11801403760910034,-0.10747745260596275,-0.08505779504776001,-0.1494709849357605,-0.3895513154566288,0.07438397407531738,-0.3408846855163574,-0.19113962724804878,-0.05428987741470337,-0.35943177342414856,-0.25077566877007484,0.0022753621592666528,-0.28014995835044615,-0.008334377498337849,-0.24072916218729112,1.1442944859013595,-0.0016410468202649002,0.44352258145164863,0.4158822099316285,0.21037325162361295,0.00812191460155692,7.54734136113921
swipe_left,anu,swipe_left,0.08375546336174011,0.0746563971042633,-0.21123138442635536,-0.024192094802856445,-0.10358306765556335,-0.5231759138405323,0.07663759589195251,-0.11792799830436707,-0.10748208686709404,-0.08514335751533508,-0.14946267008781433,-0.3278261311352253,0.07471504807472229,-0.3401090204715729,-0.19741669669747353,-0.054130107164382935,-0.3599162697792053,-0.25209032371640205,0.008639964190396301,-0.0011731277812610844,-0.21503730253739553,-0.19223130110538156,1.8365807605512012,3.762615901051104,0.37428651093522824,0.4150938765176692,0.10466797897834314,7.358623420967398,115.9907325791883
swipe_left,anu,swipe_left,0.08484947681427002,0.07501918077468872,-0.22458799229934812,-0.03924897313117981,-0.06137704849243164,-0.4446786199696362,0.07744532823562622,-0.11544251441955566,-0.10750595526769757,-0.08515268564224243,-0.1496860384941101,-0.2601024364121258,0.07502079010009766,-0.3387505114078522,-0.21692314790561795,-0.05325436592102051,-0.35984283685684204,-0.26135261403396726,0.03315192280393711,0.010993444558346086,-0.404745693120999,-0.4562690402522304,1.2789702776706784,2.3787058748756773,0.350551568679291,0.4139573783506462,0.35674690137155285,3.0153340287455337,45.915364496451865
swipe_left,anu,swipe_left,0.08550313115119934,0.07702243328094482,-0.22494090162217617,-0.05209314823150635,-0.021152377128601074,-0.390335476025939,0.07756361365318298,-0.11245143413543701,-0.12247997336089611,-0.0836179256439209,-0.150071382522583,-0.2510895188897848,0.07493528723716736,-0.3391358554363251,-0.22077425383031368,-0.052849769592285156,-0.36022818088531494,-0.27532715164124966,0.019807707179676184,0.06070462140169944,-0.01069422190388032,-0.3892174272826181,1.2189294352675795,1.6467619376877762,0.3580501191829421,0.4163132973457602,0.31931061529132887,0.3262911526529843,22.347180213474218
swipe_left,anu,swipe_left,0.08560007810592651,0.07777905464172363,-0.2249411353841424,-0.06029149889945984,0.019118070602416992,-0.3835650095716119,0.07759374380111694,-0.11245143413543701,-0.12248020712286234,-0.08225828409194946,-0.150071382522583,-0.250146777369082,0.07490009069442749,-0.3391358554363251,-0.2207744875922799,-0.0527932345867157,-0.36022818088531494,-0.2842174777761102,0.0029377865068839935,0.02292792002360001,-7.0836959463176525e-06,-0.24843486872586065,1.2203165979096249,0.20516565013112217,0.39221133915193673,0.41707300671443015,0.20358214054392373,0.12812581246130317,43.89257180651156
swipe_left,anu,swipe_left,0.08552393317222595,0.07853314280509949,-0.28413856122642756,-0.06715142726898193,0.038376837968826294,-0.37295633647590876,0.07752689719200134,-0.11195817589759827,-0.16725576017051935,-0.08159342408180237,-0.1465795338153839,-0.24658168945461512,0.07479295134544373,-0.33864259719848633,-0.27467236015945673,-0.05287635326385498,-0.35916098952293396,-0.3109375247731805,-0.002307422233350386,0.02285115646593535,-1.793861389160185,-0.2078766172582486,0.5835990111033215,0.3214749422940392,0.40259959641030296,0.41742108353693214,0.3561970755710726,0.1009717501623951,19.65221275260031
swipe_left,anu,swipe_left,0.08546139299869537,0.07903406023979187,-0.28521705605089664,-0.073213592171669,0.04756370186805725,-0.3712096605449915,0.07757587730884552,-0.11148211359977722,-0.16874265111982822,-0.08091993629932404,-0.14278200268745422,-0.24463590420782566,0.07472200691699982,-0.3385106027126312,-0.27466259337961674,-0.0529358834028244,-0.35716164112091064,-0.3109277579933405,-0.0018951567736538765,0.015179316202799312,-0.03268166134754781,-0.18370196674809108,0.27838981512820776,0.0529295736641589,0.4096921972721698,0.41781607993918063,0.6598707887093564,0.12484303675468907,12.34095074300013
idle,anu,swipe_left,0.08510428667068481,0.07917532324790955,-0.288712153211236,-0.07707785069942474,0.05055594444274902,-0.36541793681681156,0.07755511999130249,-0.11160489916801453,-0.16919040121138096,-0.08050554990768433,-0.1397477686405182,-0.24463590420782566,0.07436490058898926,-0.3384391963481903,-0.27466259337961674,-0.05329298973083496,-0.35445064306259155,-0.3109277579933405,-0.010821403879108023,0.004280697215687213,-0.10591203516180034,-0.11709874326532724,0.09067401741490363,0.1755067796418189,0.4093473282216828,0.41798876961271964,1.2914113126608622,2.5273631772608156,7.08717730828121
idle,anu,swipe_left,0.0847829282283783,0.0798984169960022,-0.2890134248882532,-0.07739920914173126,0.05086597800254822,-0.36541793681681156,0.07792267203330994,-0.11147826910018921,-0.16919040121138096,-0.08027669787406921,-0.13926482200622559,-0.24463590420782566,0.07404354214668274,-0.33817246556282043,-0.27466259337961674,-0.05361434817314148,-0.3523273468017578,-0.3109277579933405,-0.009738134615348941,0.021911931760383134,-0.009129444758097231,-0.009738134615348941,0.00939495635755124,0.0,0.4075533785484542,0.41845494813888134,1.036417608253651,0.44440126596637,6.7034259127803795
idle,anu,swipe_left,0.08433647453784943,0.08011472225189209,-0.2893146965652704,-0.07784566283226013,0.05107375979423523,-0.36541793681681156,0.07781578600406647,-0.11140358448028564,-0.16961235739290714,-0.08032704889774323,-0.13905704021453857,-0.24463590420782566,0.07363612949848175,-0.33800679445266724,-0.27466259337961674,-0.05406080186367035,-0.3513655364513397,-0.3107667360454798,-0.0135288997129959,0.006554704723936067,-0.009129444758097231,-0.0135288997129959,0.006296417929909377,0.0,0.40682903106793794,0.4185149749328519,2.1483248949924127,2.063683506610576,0.14836371191419379
idle,anu,swipe_left,0.0842195451259613,0.08029209077358246,-0.2920201951637864,-0.07788355648517609,0.051240429282188416,-0.3654132718220353,0.07779577374458313,-0.11127562820911407,-0.17382844630628824,-0.08024419844150543,-0.1388903707265854,-0.2446312392130494,0.0736382007598877,-0.3378423750400543,-0.2793444627895951,-0.0541316419839859,-0.3509412556886673,-0.3107620710507035,-0.003543315511761346,0.005374803687587014,-0.08198480601563729,-0.0011482925126047028,0.005050590544036021,0.0001413634780681517,0.40657227514209193,0.4184603571917786,0.22731306161786868,0.6591229363421566,0.377088922194958
idle,anu,swipe_left,0.0840989202260971,0.08045876026153564,-0.29944002628326416,-0.07727111876010895,0.050448209047317505,-0.37119463086128235,0.07777290046215057,-0.1111476719379425,-0.18127721548080444,-0.08016134798526764,-0.1387237012386322,-0.24655689299106598,0.07364027202129364,-0.3376779556274414,-0.2819380760192871,-0.054169535636901855,-0.3505169749259949,-0.31075170636177063,-0.0036552999958847105,0.005050590544035885,-0.22484336725689902,0.01855871894142824,-0.024006673783966724,-0.17519269815899915,0.4061528148660358,0.4186335088830488,0.7730327856180088,0.723593878803243,5.41862957278318
idle,anu,swipe_left,0.0838334858417511,0.08300870656967163,-0.30755491461604834,-0.07730934023857117,0.049863070249557495,-0.37023483123630285,0.0777374804019928,-0.10865858197212219,-0.1857012053951621,-0.07978439331054688,-0.1370130479335785,-0.24145144131034613,0.07362774014472961,-0.3351280093193054,-0.2811935683712363,-0.054207757115364075,-0.3478170335292816,-0.3107554754242301,-0.00804346619230341,0.07727110024654626,-0.24590570705406986,-0.0011582266200672682,-0.01773147872000058,0.02908483712059125,0.4027666096539854,0.4190911487916325,0.06531667897962268,0.10409276008597837,6.221902678708203
idle,anu,swipe_left,0.0836881697177887,0.08375287055969238,-0.3075582948513329,-0.07730934023857117,0.04982641339302063,-0.3702382114715874,0.07773754000663757,-0.10838273167610168,-0.18570458563044667,-0.0793670117855072,-0.13684234023094177,-0.2414548215456307,0.07363536953926086,-0.33438384532928467,-0.2811969486065209,-0.054207757115364075,-0.3469754755496979,-0.31075885565951467,-0.004403518907951538,0.02255042394002254,-0.00010243137225960127,0.0,-0.0011108138344504495,-0.00010243137225960127,0.4018995098020488,0.4190874521405853,0.0,0.19526567012633336,1.0184183672796798
idle,anu,swipe_left,0.08351543545722961,0.08388257026672363,-0.30754945194348693,-0.07730934023857117,0.04978907108306885,-0.37022936856374145,0.07774010300636292,-0.10847318172454834,-0.1856957427226007,-0.07882130146026611,-0.13712173700332642,-0.24144597863778472,0.07365342974662781,-0.33424219489097595,-0.2811881056986749,-0.054176002740859985,-0.34666433930397034,-0.3107500127516687,-0.005234371532093337,0.003930294152462078,0.00026796690442345064,0.0,-0.0011315851500539945,0.00026796690442345064,0.4015572831852465,0.41907099514361074,0.0,1.331462701363919,0.011241825146239238
idle,anu,swipe_left,0.0831654965877533,0.08391040563583374,-0.3075481168925762,-0.07824769616127014,0.04938548803329468,-0.37022803351283073,0.07774683833122253,-0.10846364498138428,-0.18569440767169,-0.07868212461471558,-0.13752049207687378,-0.24029072746634483,0.07382515072822571,-0.3339875042438507,-0.2811867706477642,-0.054127901792526245,-0.3464645743370056,-0.310748677700758,-0.01060420816594921,0.0008434960336396323,4.0456088203373025e-05,-0.02843502796057544,-0.012229789387096254,4.0456088203373025e-05,0.40101973782693073,0.41883269418518815,2.3248726685274304,12.556847804538407,0.9249985548730858
idle,anu,swipe_left,0.08367334306240082,0.08383229374885559,-0.30097547732293606,-0.08324424922466278,0.04463878273963928,-0.35224384628236294,0.0787871927022934,-0.10850551724433899,-0.18232609890401363,-0.07759378850460052,-0.13763746619224548,-0.2194529976695776,0.07511429488658905,-0.33397436141967773,-0.27664355002343655,-0.053092941641807556,-0.3463793098926544,-0.2844207938760519,0.0153892871105308,-0.002367026878125714,0.19917089604969962,-0.15141069889068437,-0.14383955435319223,0.5449753706202303,0.3980002720507389,0.418602079659074,1.0526287219312578,6.498780589311289,17.391885818780025
idle,anu,swipe_left,0.08308236300945282,0.08383050560951233,-0.2541263015009463,-0.09191210567951202,0.042679816484451294,-0.3040627152658999,0.07889257371425629,-0.10850551724433899,-0.13123453268781304,-0.07607032358646393,-0.14147242903709412,-0.16794272372499108,0.07511548697948456,-0.33397436141967773,-0.2228442938067019,-0.05290962755680084,-0.3463420271873474,-0.2320990920998156,-0.017908486452969923,-5.418604070490143e-05,1.4196719946057734,-0.2626623168136176,-0.059362613793576345,1.460034273226176,0.39753987373936234,0.4190500471689973,4.424634890439233,324.5111666686274,28.050297065929197
idle,anu,swipe_left,0.08308236300945282,0.08377087116241455,-0.2541263015009463,-0.10300947725772858,0.026633024215698242,-0.3021619529463351,0.07902203500270844,-0.10856515169143677,-0.13123453268781304,-0.07427568733692169,-0.14319366216659546,-0.16029422590509057,0.07511548697948456,-0.3340316116809845,-0.2228442938067019,-0.052341923117637634,-0.34577688574790955,-0.2211031229235232,0.0,-0.001807104457508414,0.0,-0.33628398721867975,-0.4862664323864508,0.05759885816863026,0.3844826081974432,0.41904767006770055,0.6915618131535183,0.0,44.47935844755778
idle,anu,swipe_left,0.08308236300945282,0.08336332440376282,-0.2541263015009463,-0.1235656887292862,-0.008713990449905396,-0.3021619529463351,0.07951037585735321,-0.1089726984500885,-0.13123453268781304,-0.07282005250453949,-0.1439398229122162,-0.16029422590509057,0.07532595098018646,-0.33419957756996155,-0.2228442938067019,-0.0506388396024704,-0.3453897535800934,-0.2211031229235232,0.0,-0.01234990177732545,0.0,-0.6229154991381195,-1.0711216565334607,0.0,0.3538918319593247,0.41880485078096774,0.5815538447801103,0.0,19.81389271768037
swipe_left,anu,swipe_left,0.08296102285385132,0.0803149938583374,-0.2541621718555689,-0.1451408863067627,-0.04211634397506714,-0.3021978233009577,0.07992708683013916,-0.11198627948760986,-0.13127040304243565,-0.07294139266014099,-0.1469881534576416,-0.16033009625971317,0.07529890537261963,-0.33724790811538696,-0.2228801641613245,-0.04969140887260437,-0.3474794924259186,-0.2211389932781458,-0.0036769744121666705,-0.09237365289167823,-0.0010869804431091535,-0.6537938659841293,-1.0121925310654962,-0.0010869804431091535,0.33004210200963413,0.41880311502470596,0.6459178466551809,0.03980501465568071,2.0163010833580013
swipe_left,anu,swipe_left,0.0824940949678421,0.08139607310295105,-0.2865054332651198,-0.15990562736988068,-0.07864418625831604,-0.30405140155926347,0.07976438105106354,-0.10979768633842468,-0.14848543936386704,-0.07353945076465607,-0.1470242440700531,-0.16793141001835465,0.07495196163654327,-0.3362436592578888,-0.23368904227390885,-0.0494980663061142,-0.34736159443855286,-0.2273281686939299,-0.014149329879067005,0.03275997710950411,-0.980098830592441,-0.4474163958520551,-1.1069043116135908,-0.05616903813047781,0.3004751727854758,0.4210337290276843,0.40420476002580025,0.4318958446133226,7.080542450139452
swipe_left,anu,swipe_left,0.08299022912979126,0.08016330003738403,-0.3064924799837172,-0.17386490106582642,-0.11545515060424805,-0.312864335719496,0.07993268966674805,-0.11053085327148438,-0.16299477452412248,-0.07405099272727966,-0.1503843069076538,-0.16848051780834794,0.07492148876190186,-0.3382694125175476,-0.24517749482765794,-0.05000960826873779,-0.3503864109516144,-0.2273281686939299,0.01503436854391411,-0.03735675956263746,-0.6056680823817494,-0.4230082938165443,-1.1154837680585634,-0.26705861091614197,0.2790148141437657,0.42297821091858884,0.37921476467380705,0.40244299229738606,6.438504354067393
swipe_left,anu,swipe_left,0.08499611914157867,0.08032232522964478,-0.3625888607202796,-0.18936510384082794,-0.13870978355407715,-0.4267354092298774,0.07974107563495636,-0.11045867204666138,-0.2293838045297889,-0.07928965985774994,-0.14735490083694458,-0.23469125542032998,0.07465095818042755,-0.3379765748977661,-0.31277973267424386,-0.05068109929561615,-0.349837988615036,-0.2795481166540412,0.060784545811739164,0.004818945220022438,-1.699890325350358,-0.4697031143939805,-0.7046858469645105,-3.450638591223641,0.2923567532737416,0.42138099321139316,0.6665416225906026,12.611044946991369,97.28224643905976
swipe_left,anu,swipe_left,0.08586785197257996,0.08197620511054993,-0.37052062898874283,-0.19485336542129517,-0.16022661328315735,-0.5421083047986031,0.07904794812202454,-0.11111679673194885,-0.23642558604478836,-0.08915263414382935,-0.14608338475227356,-0.2937433794140816,0.07349959015846252,-0.33899131417274475,-0.31926513463258743,-0.052131980657577515,-0.3496502935886383,-0.29253289848566055,0.026416146393978657,0.05011757214864175,-0.24035661419585844,-0.16631095698385792,-0.652025143305471,-3.4961483505674997,0.3442943620880489,0.42425670518393405,0.25506792740048473,0.5270730043073375,9.432525303096044
swipe_left,anu,swipe_left,0.08686602115631104,0.08291381597518921,-0.37063846620731056,-0.2022474706172943,-0.17851370573043823,-0.5531355801504105,0.07863479852676392,-0.11257791519165039,-0.2365434232633561,-0.0993269681930542,-0.14557278156280518,-0.30012372764758766,0.07285475730895996,-0.34056103229522705,-0.31938297185115516,-0.05321943759918213,-0.350130170583725,-0.2926507357042283,0.03024755102215358,0.0284124504436143,-0.0035708248050826574,-0.22406379381815347,-0.5541543165842632,-0.3341598591456774,0.3457078532809729,0.42679548771507186,0.4043339242854363,1.064550434737907,95.87969442149549
swipe_left,anu,swipe_left,0.08764806389808655,0.08262425661087036,-0.3706591713707894,-0.20649218559265137,-0.18702101707458496,-0.5634020853321999,0.0785534679889679,-0.1140642762184143,-0.23656412842683494,-0.10570314526557922,-0.1470591425895691,-0.3062726247590035,0.07269862294197083,-0.34179335832595825,-0.32174476864747703,-0.05386698246002197,-0.34972497820854187,-0.29267144086770713,0.023698264902288005,-0.008774526191480135,-0.0006274291963288209,-0.12862772652596996,-0.25779731345898893,-0.31110621762997837,0.350802100125008,0.4274884986141088,0.4989471218803467,2.7004950341662544,9.460516113404076
swipe_left,anu,swipe_left,0.08846375346183777,0.08093622326850891,-0.3706591713707894,-0.20672070980072021,-0.19256344437599182,-0.5871792722027749,0.078453928232193,-0.11591991782188416,-0.25633099558763206,-0.10593166947364807,-0.14891478419303894,-0.3091132927220315,0.07248273491859436,-0.34356489777565,-0.33946692827157676,-0.05446133017539978,-0.3515806198120117,-0.30280810478143394,0.024717865568219203,-0.051152525526105365,0.0,-0.006924976002086403,-0.16795234246687724,-0.7205208142598585,0.35963362138169686,0.4259454786131525,0.041231546216188616,0.48320942328021643,13.226291755469287
swipe_left,anu,swipe_left,0.08954751491546631,0.08153310418128967,-0.3703998017590493,-0.20677319169044495,-0.195627361536026,-0.5881825375836343,0.07862800359725952,-0.11591991782188416,-0.25633099558763206,-0.1059841513633728,-0.14891478419303894,-0.3112645137589425,0.07253116369247437,-0.3431335687637329,-0.33946692827157676,-0.05506506562232971,-0.3515806198120117,-0.30280810478143394,0.03284125617056146,0.01808730038729561,0.007859685204245742,-0.0015903602946888142,-0.09284597454648927,-0.030401981238162543,0.35885281269508396,0.4261316486501923,0.017128832710564063,1.8156076285435665,21.036795529081274
swipe_left,anu,swipe_left,0.0925881564617157,0.08163085579872131,-0.36701017152518034,-0.2060832977294922,-0.1985773742198944,-0.5881671262905002,0.07956454157829285,-0.11615750193595886,-0.2552292598411441,-0.10529425740242004,-0.1510847508907318,-0.3112491024658084,0.07335206866264343,-0.34304696321487427,-0.33945151697844267,-0.05480474233627319,-0.3515806198120117,-0.30279269348829985,0.09214065291664963,0.0029621702252012783,0.10271606769300032,0.020905877604629388,-0.08939432375358955,0.0004670088828513191,0.3573986029362154,0.4260055826821807,0.23385873809523444,31.09529521220497,1.1621870566902837
swipe_left,anu,swipe_left,0.09419336915016174,0.08207046985626221,-0.3613065972458571,-0.20441576838493347,-0.20184487104415894,-0.6234393313061446,0.08006760478019714,-0.11573976278305054,-0.2497094019781798,-0.10433048009872437,-0.1556006669998169,-0.34423484350554645,0.07353225350379944,-0.3425215482711792,-0.3382552161347121,-0.054754674434661865,-0.3526892364025116,-0.3079148724209517,0.048642808740788704,0.013321638107299659,0.17283558422191386,0.05053119225935447,-0.09901505528074214,-1.068854697443759,0.38040524412467025,0.42571895627093836,0.5103333203497392,3.6511393876364946,32.417432439271984
swipe_left,anu,swipe_left,0.09521636366844177,0.08734416961669922,-0.36076703667640686,-0.20031356811523438,-0.20369654893875122,-0.6239217817783356,0.0801149308681488,-0.11118173599243164,-0.24970106780529022,-0.0987844169139862,-0.15415799617767334,-0.34422650933265686,0.07353225350379944,-0.3372478485107422,-0.3382468819618225,-0.054814666509628296,-0.3487492501735687,-0.30790653824806213,0.030999833887273273,0.15980908364960467,0.01635032028637131,0.12430909908178944,-0.056111451351280754,-0.014619711278514268,0.3769295035513313,0.425741400217943,2.2153567717720484,0.19397921069388013,32.051028311314965
swipe_left,anu,swipe_left,0.09533029794692993,0.09129765629768372,-0.3569237950723618,-0.18604561686515808,-0.20087525248527527,-0.6565762523096055,0.08022886514663696,-0.10825231671333313,-0.24970560404472053,-0.08624705672264099,-0.15112164616584778,-0.34423104557208717,0.0736461877822876,-0.33319661021232605,-0.3382514182012528,-0.05470117926597595,-0.3453202545642853,-0.30791107448749244,0.0034525538935806363,0.11980262669650182,0.11646186678924529,0.4323621590932279,0.08549383192351506,-0.9895294100384978,0.3996037113686213,0.42545768366727177,5.057173040354362,0.028818442219007118,31.27821282594319
swipe_left,anu,swipe_left,0.09535712003707886,0.0914803147315979,-0.35649796947836876,-0.16159051656723022,-0.20144158601760864,-0.6874827705323696,0.08025568723678589,-0.10822677612304688,-0.2496953122317791,-0.07505667209625244,-0.15417450666427612,-0.34422075375914574,0.07319992780685425,-0.33067137002944946,-0.3382411263883114,-0.05478063225746155,-0.34388628602027893,-0.307900782674551,0.0008127906105734996,0.0055351040580055326,0.012903805878577668,0.7410636453917451,-0.017161622191920238,-0.9365611582655695,0.4192628405322967,0.4231268112915238,43.17892901823711,0.14681635353261768,9.988073034226428
swipe_left,anu,swipe_left,0.09515301883220673,0.0918927788734436,-0.32892617979086936,-0.1285923272371292,-0.19994109869003296,-0.6884213129524142,0.08005158603191376,-0.10749417543411255,-0.19090366759337485,-0.06444697082042694,-0.15676438808441162,-0.3471106926444918,0.07165639102458954,-0.3295791447162628,-0.2585922221187502,-0.05524049699306488,-0.34404298663139343,-0.24491149582900107,-0.006184884996125291,0.01249891338926393,0.8355087784090861,0.9999451312151981,0.04546931295683962,-0.028440679395289586,0.4720665239066013,0.42794572026667177,21.991164480533598,0.4947942280494068,28.67802103734407
swipe_left,anu,swipe_left,0.09495815634727478,0.09357833862304688,-0.2265519289067015,-0.09970393776893616,-0.19983214139938354,-0.6936422971775755,0.07945266366004944,-0.10580861568450928,-0.13236151018645614,-0.06452950835227966,-0.1669953465461731,-0.3606394616654143,0.07045623660087585,-0.32797563076019287,-0.19942420104052871,-0.055932313203811646,-0.34240227937698364,-0.20831813791301101,-0.005904923785816475,0.05107756816979554,3.102250026792931,0.875405741460386,0.0033017360802852385,-0.15821164318670655,0.5077221079743116,0.42313591999877004,265.05470621339566,0.11560472420032034,5.598165380928431
swipe_left,anu,swipe_left,0.0936226099729538,0.09464210271835327,-0.22331595420837402,-0.0635886937379837,-0.1994950771331787,-0.6883913725614548,0.07873503863811493,-0.10474234819412231,-0.1160508245229721,-0.06363283097743988,-0.17425692081451416,-0.33931247889995575,0.06897817552089691,-0.3299545645713806,-0.19582712650299072,-0.05622439086437225,-0.3449835181236267,-0.19322997331619263,-0.04047110225215058,0.03223527561534499,0.09805983934325595,1.0944013342712744,0.010214068672873645,0.15911892776123326,0.516145261260017,0.42619867863665056,107.1359742472885,1.2554521724242138,11.685562866011429
swipe_left,anu,swipe_left,0.0905085951089859,0.10136353969573975,-0.20916227856650949,-0.025365307927131653,-0.19798344373703003,-0.6883131549693644,0.07793481647968292,-0.0979500412940979,-0.09242827305570245,-0.05162833631038666,-0.1690298318862915,-0.3392342613078654,0.06751967966556549,-0.3232027590274811,-0.16917605558410287,-0.05789013206958771,-0.3381912112236023,-0.19315175572410226,-0.09436408678690743,0.203679908405654,0.4288992618746898,1.1582844185106866,0.04580707261056684,0.0023702300633445307,0.5156557897974116,0.42706431631921515,25.285596020547214,0.46329372509950945,5.24146642250519
swipe_left,anu,swipe_left,0.09038245677947998,0.10091829299926758,-0.19231588812544942,0.012385517358779907,-0.20343095064163208,-0.6882499870844185,0.0778469443321228,-0.09741044044494629,-0.08792847068980336,-0.0462057888507843,-0.17091882228851318,-0.3485728916712105,0.06679177284240723,-0.32374393939971924,-0.13740168185904622,-0.05892181396484375,-0.3379767835140228,-0.1930885878391564,-0.0038223736213914856,-0.013492324135520093,0.5104966800321176,1.143964402603368,-0.16507596680612094,0.0019141783316929924,0.5180464534637297,0.42884741114361297,6.929885039303682,0.28327887057344114,6.4051264443438
swipe_left,anu,swipe_left,0.0901980996131897,0.09939879179000854,-0.1746490723453462,0.039374589920043945,-0.2153910994529724,-0.5791486031375825,0.07781869173049927,-0.09693431854248047,-0.08131406223401427,-0.039464205503463745,-0.17437744140625,-0.3917281753383577,0.06623107194900513,-0.32449132204055786,-0.13643394177779555,-0.059406936168670654,-0.3380483388900757,-0.20582391088828444,-0.0055865807966753375,-0.04604549118966841,0.5353580539425299,0.8178506836746808,-0.3624287518588037,3.3061025438435676,0.4051838028916993,0.42628352445601425,2.2565771145446725,0.1213247883245622,100.7909902862792
swipe_left,anu,swipe_left,0.08898848295211792,0.0994185209274292,-0.1745978333055973,0.06879603862762451,-0.22641390562057495,-0.56383291259408,0.07672691345214844,-0.09656161069869995,-0.08126282319426537,-0.029570549726486206,-0.18275439739227295,-0.39424658194184303,0.06230062246322632,-0.32735952734947205,-0.1373634673655033,-0.0608290433883667,-0.3380483388900757,-0.20814581587910652,-0.036655050335508005,0.0005978526491107297,0.0015526981742092886,0.8915590517448558,-0.3340244293212854,0.4641118346515879,0.3946874958097633,0.4292297081930332,2.669135261816554,61.20879717229133,86.15419004894457
swipe_left,anu,swipe_left,0.0883462131023407,0.09925350546836853,-0.15164737589657307,0.08106604218482971,-0.24038589000701904,-0.563828470185399,0.0765511691570282,-0.09523168206214905,-0.08010994829237461,-0.02320277690887451,-0.18898043036460876,-0.3942421395331621,0.061706870794296265,-0.32931768894195557,-0.1373590249568224,-0.06088945269584656,-0.33821335434913635,-0.245895491912961,-0.019462722720521655,-0.005000468456383853,0.6954684063340602,0.3718182896122747,-0.4233934662558769,0.00013461844487623587,0.36166691026358566,0.42963598570123807,0.8781841031138269,3.891401673378449,21.285417559515064
swipe_left,anu,swipe_left,0.08741459250450134,0.09885668754577637,-0.13984272629022598,0.09198293089866638,-0.24742716550827026,-0.5638604536652565,0.07651230692863464,-0.09562849998474121,-0.07857005298137665,-0.015547960996627808,-0.19665175676345825,-0.39427412301301956,0.06088891625404358,-0.3306691646575928,-0.13641024380922318,-0.06088945269584656,-0.339041531085968,-0.2569339945912361,-0.028230927207253644,-0.012024785533096043,0.3577166547377961,0.33081480951020736,-0.21337198488640402,-0.0009691963593165234,0.35491831303243326,0.43035781757458175,1.5504062507553489,2.3475329016603195,6.48453174136055
swipe_left,anu,swipe_left,0.08684483170509338,0.09836578369140625,-0.13257547561079264,0.09960171580314636,-0.2566634714603424,-0.5638473415747285,0.0765056312084198,-0.09609967470169067,-0.07591196242719889,-0.00956416130065918,-0.2021673321723938,-0.41159544233232737,0.06043079495429993,-0.33199289441108704,-0.13106148783117533,-0.06088945269584656,-0.34024298191070557,-0.2784144366160035,-0.01726547876993796,-0.014875874374851873,0.22021971755858383,0.23087226983272416,-0.27988805915369824,0.0003973360766063993,0.3379569395151859,0.43117117866874466,0.824870648859279,1.160558215045751,3.63822765154392
swipe_left,anu,swipe_left,0.08575373888015747,0.09809976816177368,-0.13146709091961384,0.11080825328826904,-0.25691279768943787,-0.5751758832484484,0.07651394605636597,-0.09634900093078613,-0.07589386589825153,-0.002025812864303589,-0.2086176872253418,-0.41795814223587513,0.05992609262466431,-0.3326387107372284,-0.13104339130222797,-0.06088072061538696,-0.3416211009025574,-0.2851825673133135,-0.03306341893745244,-0.008061076655532504,0.03358741488420656,0.33959204500372303,-0.00755534027562009,-0.3432891416278807,0.3474891705944101,0.43151232199867795,44.941338348590364,4.10110451068002,13.690313958173268
swipe_left,anu,swipe_left,0.08476817607879639,0.0979074239730835,-0.11681159399449825,0.11502909660339355,-0.2570588290691376,-0.5751885529607534,0.07641571760177612,-0.09792149066925049,-0.06217016093432903,0.00018987059593200684,-0.21314465999603271,-0.43413243256509304,0.059745609760284424,-0.3331485688686371,-0.12999213300645351,-0.06075376272201538,-0.34208163619041443,-0.2913973983377218,-0.029865539435184035,-0.005828611778490407,0.4441059674277401,0.12790434288255956,-0.004425193324233498,-0.0003839306759111767,0.3444791877685382,0.43198278252561345,28.89714332681329,5.123075184076459,12.211988297167013
swipe_left,anu,swipe_left,0.08380994200706482,0.09757241606712341,-0.09500727243721485,0.11518779397010803,-0.25709789991378784,-0.5751900542527437,0.0763152539730072,-0.10139843821525574,-0.037781210616230965,0.0003485679626464844,-0.21318373084068298,-0.4385309088975191,0.0596863329410553,-0.3336869180202484,-0.10759704001247883,-0.0605950653553009,-0.3426002860069275,-0.2913988996297121,-0.029037396113078262,-0.010151754726063283,0.6607370168873863,0.004809011112560002,-0.0011839649894020963,-4.549369667515683e-05,0.3445978686853856,0.43211695638964714,4.05835712917266,2.8600509808964403,3.7314685430611725
swipe_left,anu,swipe_left,0.08297564089298248,0.09684064984321594,-0.08559420332312584,0.1151961237192154,-0.2563363313674927,-0.5752035044133663,0.07593066990375519,-0.10263291001319885,-0.020368453115224838,0.0003568977117538452,-0.2133522927761078,-0.4385443590581417,0.05965949594974518,-0.33439090847969055,-0.09458840265870094,-0.06058673560619354,-0.34345993399620056,-0.2914123497903347,-0.025281851941888703,-0.0221747340578019,0.2852445186087548,0.0002524166396169924,0.0230778347362169,-0.00040758062492716947,0.34500370318287155,0.4319550846214273,0.010937148365679087,1.1400683231495556,0.7481403857475547
swipe_left,anu,swipe_left,0.08309106528759003,0.09545382857322693,-0.08350787125527859,0.11544619500637054,-0.2563101351261139,-0.5560848023742437,0.07580970227718353,-0.10429361462593079,-0.01339707337319851,0.0006069689989089966,-0.213499516248703,-0.43417500518262386,0.05905352532863617,-0.33523043990135193,-0.07679742388427258,-0.06033666431903839,-0.3436071574687958,-0.2852378096431494,0.003497708927501293,-0.04202488696936359,0.06322218387415846,0.007577917792580261,0.0007938254963267846,0.5793546072461325,0.33448240194962825,0.4314067367840707,9.534064807433749,0.08322748619323811,17.582925250052167
swipe_left,anu,swipe_left,0.08392965793609619,0.08998697996139526,-0.08350787125527859,0.10902172327041626,-0.25778821110725403,-0.5526550319045782,0.07593649625778198,-0.10822349786758423,-0.01339707337319851,-0.0019896328449249268,-0.21515625715255737,-0.4239585306495428,0.05929619073867798,-0.33759424090385437,-0.07679742388427258,-0.0597476065158844,-0.34551090002059937,-0.2625461723655462,0.025411898439581148,-0.16566207914641673,0.0,-0.1946809616955875,-0.04479018124667152,0.1039324384747146,0.34690273450888576,0.4283427812473355,4.346412759767403,0.1533950628620246,15.717104044987321
swipe_left,anu,swipe_left,0.08468113839626312,0.0892496407032013,-0.08350787125527859,0.10323308408260345,-0.2584114670753479,-0.5560848023742437,0.07656632363796234,-0.10921916365623474,-0.01339707337319851,-0.0018561333417892456,-0.20991340279579163,-0.4239585306495428,0.06004767119884491,-0.33833158016204834,-0.07679742388427258,-0.05922643840312958,-0.34624823927879333,-0.26248850487172604,0.02277213515657342,-0.022343613884665502,0.0,-0.17541330872159824,-0.018886544487692884,-0.10393243847471181,0.3468532555773396,0.4283427812473355,9.287247944585781,1.0191330794129905,6.374453138658814
swipe_left,anu,swipe_left,0.08472707867622375,0.08897668123245239,-0.08350787125527859,0.09895923733711243,-0.25832095742225647,-0.5560848023742437,0.07661226391792297,-0.10949212312698364,-0.01339707337319851,-0.007600188255310059,-0.1947590708732605,-0.39207389019429684,0.06009361147880554,-0.33860453963279724,-0.07679742388427258,-0.059438347816467285,-0.3458884060382843,-0.2525965478271246,0.0013921296957767593,-0.008271499113603203,0.0,-0.12951050743912412,0.0027427167603464274,0.0,0.3533595529876944,0.4283427812473355,47.2025791112534,0.16828405499464572,3.504797168312906
swipe_left,anu,swipe_left,0.08508053421974182,0.08756324648857117,-0.12285681068897247,0.08859089016914368,-0.25961336493492126,-0.5560482442378998,0.07685908675193787,-0.11090555787086487,-0.039145030081272125,-0.019631564617156982,-0.17807742953300476,-0.3920373320579529,0.060340434312820435,-0.34001797437667847,-0.08115192502737045,-0.05946916341781616,-0.34655237197875977,-0.24445804953575134,0.010710774046001894,-0.04283135587518818,-1.1923921040513168,-0.31419233842329203,-0.03916386402014487,0.0011078223134531999,0.3557648378472285,0.43032205435937065,8.02230127140704,0.2500626880578942,5.738786524980399
swipe_left,anu,swipe_left,0.0858745276927948,0.0923403799533844,-0.15742100775241852,0.06820383667945862,-0.2607306241989136,-0.5683232247829437,0.07740047574043274,-0.11217263340950012,-0.08668800443410873,-0.034948885440826416,-0.16368862986564636,-0.3919956088066101,0.06134876608848572,-0.33792322874069214,-0.1336866319179535,-0.05930066108703613,-0.3461017608642578,-0.24441632628440857,0.02406040827433242,0.14476162014585395,-1.047399911013505,-0.6177894996874193,-0.03385634133309992,-0.37196910742557,0.3584149924614752,0.4316151138977555,18.246840282271375,0.16620594632848332,14.576538806890953
swipe_left,anu,swipe_left,0.087050661444664,0.09563568234443665,-0.18338984157890081,0.04789452254772186,-0.2613108158111572,-0.6118994643911719,0.07753323018550873,-0.11233207583427429,-0.10990437027066946,-0.046678200364112854,-0.14927837252616882,-0.39204788114875555,0.06542031466960907,-0.33296915888786316,-0.16194756235927343,-0.05949901044368744,-0.3450930118560791,-0.244468598626554,0.03564041672330971,0.09985764821370602,-0.786934358378264,-0.6154337615677903,-0.017581564007383685,-1.3204921093402697,0.39186511508301336,0.4296856445909108,35.00250369111939,0.3569086640051063,28.747440546278074
swipe_left,anu,swipe_left,0.08767876029014587,0.09526136517524719,-0.20662071788683534,0.026044398546218872,-0.24952945113182068,-0.6624637343920767,0.07851037383079529,-0.11095502972602844,-0.13013275945559144,-0.06069943308830261,-0.1397683322429657,-0.4016225137747824,0.06645092368125916,-0.32961827516555786,-0.18982189381495118,-0.06020674109458923,-0.3422638475894928,-0.24445981765165925,0.019033298347935323,-0.011342944520892394,-0.7039659487252808,-0.6621249697425076,0.3570110508889824,-1.5322506060880074,0.43676790379563923,0.42574115412234176,1.8546291871486549,1.6778377497246462,13.116044786997241
swipe_left,anu,swipe_left,0.08840538561344147,0.09164983034133911,-0.22415089327841997,0.002929702401161194,-0.22324138879776,-0.7008379967883229,0.07855387032032013,-0.110923171043396,-0.14783766586333513,-0.07590596377849579,-0.13632464408874512,-0.4206108720973134,0.0686616450548172,-0.3308779299259186,-0.22189704794436693,-0.06020905077457428,-0.34468531608581543,-0.2552984328940511,0.022018949190775905,-0.10944044951236784,-0.5312174361086338,-0.7004453377290317,0.7966079495170026,-1.1628564362499032,0.4660907986893014,0.4229948029308413,0.8792837918199682,0.20119387388310836,17.438490527541234
swipe_left,anu,swipe_left,0.08861874043941498,0.09342828392982483,-0.3043692715000361,-0.009747669100761414,-0.2037101686000824,-0.7009060687851161,0.07857201993465424,-0.10691365599632263,-0.19177144835703075,-0.08593998849391937,-0.13642439246177673,-0.42067894409410655,0.06974010169506073,-0.3303574025630951,-0.2851571149658412,-0.06023041903972626,-0.34458062052726746,-0.3136962957214564,0.006465297756772982,0.0538925329844151,-2.4308599461095537,-0.38416277278552935,0.5918551575053757,-0.002062787781610611,0.41511974251242284,0.42464081061034353,0.6490813146301347,0.11996425913741103,36.98211740004016
swipe_left,anu,swipe_left,0.08879491686820984,0.09300565719604492,-0.3043979350477457,-0.020652860403060913,-0.18263620138168335,-0.7009347323328257,0.07857957482337952,-0.10612541437149048,-0.19180011190474033,-0.09555608034133911,-0.13692837953567505,-0.42070760764181614,0.07064893841743469,-0.33013784885406494,-0.28518577851355076,-0.06022298336029053,-0.34508460760116577,-0.313724959269166,0.00533867966045027,-0.012806870720603108,-0.0008685923548358765,-0.3304603424939206,0.6386050672242065,-0.0008685923548358765,0.4217661528265528,0.4239679353500802,0.5174713480727081,0.41682804089069364,2.157893060737832
swipe_left,anu,swipe_left,0.0890478789806366,0.09011229872703552,-0.30440861778333783,-0.030543029308319092,-0.15901336073875427,-0.7009454150684178,0.07866892218589783,-0.11017957329750061,-0.19181079464033246,-0.09825083613395691,-0.1415497362613678,-0.42071829037740827,0.07112511992454529,-0.3339933156967163,-0.2851964612491429,-0.06001001596450806,-0.3497059643268585,-0.3137356420047581,0.007665518558386723,-0.08767752936392259,-0.00032371926036748537,-0.2997020880381314,0.7158436558463471,-0.00032371926036748537,0.43262383281763006,0.4249187033264424,0.4186691701760237,0.08742754485046007,2.519377004811952
swipe_left,anu,swipe_left,0.08923065662384033,0.09011229872703552,-0.30440861778333783,-0.049468934535980225,-0.11732456088066101,-0.6737581272609532,0.07880473136901855,-0.11017957329750061,-0.19181079464033246,-0.09806805849075317,-0.14533290266990662,-0.39849496679380536,0.07132059335708618,-0.3336501121520996,-0.2851964612491429,-0.059787601232528687,-0.3497059643268585,-0.3137356420047581,0.005538716460719192,0.0,0.0,-0.5735122796260886,1.2632969653967516,0.823857206286797,0.428630121946727,0.42457562129614845,0.4539802131684517,5538.716460719193,31.109737124844614
swipe_left,anu,swipe_left,0.08949258923530579,0.09011229872703552,-0.2748490353114903,-0.06332910060882568,-0.08817049860954285,-0.5386691470630467,0.07875451445579529,-0.11017957329750061,-0.14950165944173932,-0.09780612587928772,-0.14597901701927185,-0.30877641635015607,0.07158735394477844,-0.3336501121520996,-0.2599400063045323,-0.059479862451553345,-0.3503879904747009,-0.2793210525996983,0.007937351862589644,0.0,0.8957449233893335,-0.42000503251047516,0.8834564324581402,4.093605460542686,0.3688282307202304,0.42440247109416834,0.4754106050609017,7937.351862589645,99.85801192231871
swipe_left,anu,swipe_left,0.08981232345104218,0.09011229872703552,-0.2748490353114903,-0.07103376090526581,-0.06334188580513,-0.4425506670959294,0.07875601947307587,-0.11017957329750061,-0.14950165944173932,-0.09748639166355133,-0.15187641978263855,-0.24643465178087354,0.07191191613674164,-0.3336501121520996,-0.2599400063045323,-0.0590619295835495,-0.3517642617225647,-0.2793210525996983,0.009688915628375323,0.0,0.0,-0.23347455443757698,0.7523822061943203,2.912681211124735,0.33162433373267686,0.4244022674327331,0.3103133516476666,9688.915628375324,36.44632208949642
swipe_left,anu,swipe_left,0.08917240798473358,0.08767598867416382,-0.2748059311416,-0.0749080628156662,-0.033507704734802246,-0.3848053195979446,0.07848845422267914,-0.10934817790985107,-0.14945855527184904,-0.0944710224866867,-0.15167325735092163,-0.24083028524182737,0.07217542827129364,-0.3326433598995209,-0.259896902134642,-0.05810774862766266,-0.3542903661727905,-0.279277948429808,-0.01939137776692687,-0.07382757735974779,0.0013061869663722444,-0.11740308819394994,0.9040660930402252,1.7498590150904283,0.3381121004958449,0.4209269904041746,0.12986103475920482,0.26265408951926084,35.709212882110855
swipe_left,anu,swipe_left,0.08903086185455322,0.08801418542861938,-0.27481138287112117,-0.07793852686882019,0.004794597625732422,-0.37483545718714595,0.07875430583953857,-0.10848957300186157,-0.1494640070013702,-0.09140533208847046,-0.1507168412208557,-0.23486682353541255,0.0728185772895813,-0.33192163705825806,-0.25990235386416316,-0.057205796241760254,-0.3538290858268738,-0.2792834001593292,-0.004289276672132156,0.010248386498653691,-0.00016520392488349832,-0.09183224403497091,1.1606758291071297,0.3021170427514796,0.37171358336038307,0.42051303466655604,0.07911956345817157,0.41849106506965805,44.5615230056943
swipe_left,anu,swipe_left,0.08867713809013367,0.08763116598129272,-0.29627387691289186,-0.07833880186080933,0.02344590425491333,-0.3748322920873761,0.07896587252616882,-0.1086927056312561,-0.1686294423416257,-0.0888400673866272,-0.1507168412208557,-0.23486365843564272,0.0735495388507843,-0.33202600479125977,-0.26196130085736513,-0.05613937973976135,-0.3538290858268738,-0.28831290174275637,-0.01071890195210763,-0.011606649918989574,-0.6503786073263776,-0.012129545211791859,0.5651911099751729,9.5912114237293e-05,0.38770457488831067,0.42132925143542543,0.02146092452055757,0.9234342891899253,20.376874626212214
idle,anu,swipe_left,0.087037593126297,0.08719250559806824,-0.29969346965663135,-0.07847371697425842,0.037540942430496216,-0.37484571780078113,0.07870379090309143,-0.10913851857185364,-0.1761223271023482,-0.08801597356796265,-0.15054026246070862,-0.2408459975849837,0.07360860705375671,-0.33207714557647705,-0.2746585055720061,-0.05608031153678894,-0.3536525070667267,-0.29684809292666614,-0.049683180722324125,-0.013292738885590736,-0.10362402253756182,-0.004088336771184813,0.42712236895706396,-0.0004068398001519181,0.39952147504561797,0.4202310406070449,0.009571793697843277,3.7373368884337275,4.191018758726255
idle,anu,swipe_left,0.08544383943080902,0.08688467741012573,-0.3005831381306052,-0.0781175047159195,0.046550095081329346,-0.3832022091373801,0.07869087159633636,-0.11005562543869019,-0.17863552179187536,-0.08735246956348419,-0.14444434642791748,-0.24134361650794744,0.07396964728832245,-0.3318910598754883,-0.27466682996600866,-0.05572409927845001,-0.35340821743011475,-0.2969949683174491,-0.04829556652993814,-0.00932812690734853,-0.02695965072648062,0.010794310858755282,0.27300462578281914,-0.2532270101999667,0.4097557866874786,0.41973376115499056,0.039538785429067864,5.176858135770009,8.983803941663506
idle,anu,swipe_left,0.084679514169693,0.08688071370124817,-0.3053551821503788,-0.07763263583183289,0.04702267050743103,-0.3832096664700657,0.07876977324485779,-0.11004039645195007,-0.18468067632056773,-0.08443361520767212,-0.1417543590068817,-0.24135107384063303,0.07445451617240906,-0.3318503201007843,-0.27467428729869425,-0.0552392303943634,-0.35226893424987793,-0.2983849255833775,-0.02316137154897091,-0.00012011239022919818,-0.1446073945385963,0.01469299648747323,0.014320467457627033,-0.00022597977835120937,0.40881595725124004,0.4199780310467006,1.0259421062084204,191.23866274242758,10.965435925833969
idle,anu,swipe_left,0.0837724357843399,0.08665362000465393,-0.30534280906431377,-0.07714958488941193,0.04702267050743103,-0.3748491264414042,0.0786377340555191,-0.11037662625312805,-0.18466830323450267,-0.08191375434398651,-0.14173582196235657,-0.2408494062256068,0.07483811676502228,-0.3318745493888855,-0.27414973150007427,-0.05496649444103241,-0.35155344009399414,-0.2986186302732676,-0.027487223798578132,-0.006881627169522297,0.0003749420019713274,0.01463790734608952,0.0,0.2533496978382242,0.40640631637566954,0.41978406201304835,14637.907346089522,3.9937109945889953,7.696355445647674
idle,anu,swipe_left,0.08325716853141785,0.08706715703010559,-0.3053528079763055,-0.07631108164787292,0.047571927309036255,-0.3667235979810357,0.07855477929115295,-0.10985305905342102,-0.1846783021464944,-0.07954207062721252,-0.14118656516075134,-0.23334471974521875,0.07526102662086487,-0.3313443064689636,-0.274159730412066,-0.05464819073677063,-0.35051652789115906,-0.29862862918525934,-0.015614159179456135,0.012531425013686533,-0.00030299733308228246,0.02540918913754522,0.01664414550318844,0.24622813516267955,0.4044510153054409,0.41964878072123035,1.5265225006701197,1.2459008661455442,0.638355285860612
idle,anu,swipe_left,0.08277839422225952,0.0876275897026062,-0.3053634155075997,-0.07589846849441528,0.048132359981536865,-0.36673420551232994,0.07837927341461182,-0.10989516973495483,-0.18468890967778862,-0.07707813382148743,-0.14062613248825073,-0.23335532727651298,0.07574433088302612,-0.3308250606060028,-0.2741703379433602,-0.05423557758331299,-0.3498991131782532,-0.29863923671655357,-0.014508312398737358,0.016982808257594524,-0.00032144034224929746,0.012503428892656005,0.016982808257594524,-0.00032144034224929746,0.40439492979472025,0.4196726184602565,0.7361970120608808,0.854243770224489,7.481435028397585
idle,anu,swipe_left,0.08282136917114258,0.0875808596611023,-0.30461933207698166,-0.07542836666107178,0.048007845878601074,-0.3661003310699016,0.07854878902435303,-0.11005723476409912,-0.18427429092116654,-0.07586255669593811,-0.14058125019073486,-0.2325498361606151,0.07630252838134766,-0.3309047222137451,-0.27328505110926926,-0.05376547574996948,-0.3497597873210907,-0.29863600921817124,0.0013022711782744293,-0.0014160618637547194,0.0225479827460012,0.014245510101318203,-0.003773154634417868,0.01920831643722253,0.40402946128571454,0.4197076538331602,3.7744903113953767,0.9189938785197883,0.865233102546593
swipe_left,anu,swipe_left,0.08276550471782684,0.08760881423950195,-0.30291302991099656,-0.07513494789600372,0.04669994115829468,-0.36382221174426377,0.0786781758069992,-0.11028021574020386,-0.18331830692477524,-0.07544995844364166,-0.140780508518219,-0.23246300709433854,0.07659612596035004,-0.33093032240867615,-0.27279510092921555,-0.05342094600200653,-0.34959831833839417,-0.2974401314277202,-0.0016928622216889622,0.0008471084363532924,0.05170612624197378,0.008891477729335117,-0.039633476372921736,0.06903391895872284,0.40240575163075076,0.41966672465970795,0.22433695466732018,1.9960445494068575,1.867320577234497
swipe_left,anu,swipe_left,0.08305539190769196,0.0876205563545227,-0.30235793185420334,-0.07719333469867706,0.044805288314819336,-0.36012454819865525,0.07888980209827423,-0.11025398969650269,-0.1796378989238292,-0.07516007125377655,-0.14081966876983643,-0.2297371227759868,0.07688601315021515,-0.33094391226768494,-0.272748013259843,-0.05274559557437897,-0.3495718836784363,-0.29624765110202134,0.008784460298942464,0.00035582166729550025,0.016821153236157328,-0.06237535765676551,-0.05741372252955364,0.11205041047298123,0.40026404250242315,0.41965583864210554,1.086400054004588,24.618629147505363,2.5794122951499454
swipe_left,anu,swipe_left,0.08429832756519318,0.08698636293411255,-0.2960885961074382,-0.08183108270168304,0.03986388444900513,-0.35283540678210557,0.08012790977954865,-0.11025398969650269,-0.17274828744120896,-0.07391713559627533,-0.14246654510498047,-0.22065921616740525,0.07812894880771637,-0.33110785484313965,-0.26771079492755234,-0.051098212599754333,-0.3495718836784363,-0.2862646181602031,0.037664716893976984,-0.019217982436671707,0.1899798711140981,-0.14053781827291076,-0.14973951108528144,0.22088307322878178,0.39627818095304507,0.41910158168734074,0.938542397473657,1.959766445392499,4.930925065947841
swipe_left,anu,swipe_left,0.08429832756519318,0.08696600794792175,-0.26727219414897263,-0.08841411769390106,0.03625878691673279,-0.3166158099193126,0.08012790977954865,-0.11015668511390686,-0.137220909120515,-0.07391713559627533,-0.14846917986869812,-0.17583163571543992,0.07812894880771637,-0.3312285542488098,-0.22497082245536149,-0.05027483403682709,-0.3495922386646271,-0.2316904563922435,0.0,-0.0006168177633574613,0.8732243017716981,-0.19948590885509462,-0.1092453797658302,1.0975635412967741,0.3969230839492201,0.4203738325970472,1.826018484847672,0.0,26.654323850597766
swipe_left,anu,swipe_left,0.08435197174549103,0.08691832423210144,-0.26726282062008977,-0.09862734377384186,0.019910365343093872,-0.3122683805413544,0.08012790977954865,-0.1101352870464325,-0.13721153559163213,-0.07407565414905548,-0.15326395630836487,-0.1629028064198792,0.07806630432605743,-0.33137086033821106,-0.22423039795830846,-0.04959721863269806,-0.3496399223804474,-0.2206585449166596,0.001625581221147043,-0.0014449610854640382,0.00028404632978367534,-0.30949169939215027,-0.49540671435270234,0.13174028418055297,0.3838798383753593,0.4205438632812835,0.6247211951403115,1.1242219707630383,31.695816861071087
swipe_left,anu,swipe_left,0.08541835844516754,0.08691832423210144,-0.26726282062008977,-0.1168503612279892,-0.02115800976753235,-0.3122683805413544,0.08013273775577545,-0.1101352870464325,-0.13721153559163213,-0.07442237436771393,-0.1560327112674713,-0.1629028064198792,0.07806630432605743,-0.33234700560569763,-0.22423039795830846,-0.048348501324653625,-0.3496399223804474,-0.2206585449166596,0.03231474847504465,0.0,0.0,-0.552212650125656,-1.2444962154734747,0.0,0.34782931691741936,0.42153203781434095,0.4437234919128077,32314.74847504465,24.19320843407295
swipe_left,anu,swipe_left,0.08572164177894592,0.08690106868743896,-0.2672074327711016,-0.13798415660858154,-0.0612177848815918,-0.31221299269236624,0.07935604453086853,-0.10966604948043823,-0.13715614774264395,-0.07574969530105591,-0.15611344575881958,-0.16284741857089102,0.07692179083824158,-0.3324277400970459,-0.22417501010932028,-0.048546284437179565,-0.34972065687179565,-0.22060315706767142,0.00919040405389049,-0.0005228952928022988,0.001678419666308372,-0.6404180418361419,-1.213932579213942,0.001678419666308372,0.3156349190256484,0.4216229081220989,0.5275560811579425,17.542444416194922,2.829262036965204
swipe_left,anu,swipe_left,0.08588632941246033,0.08695897459983826,-0.2840562055353075,-0.16420656442642212,-0.10519340634346008,-0.31221299269236624,0.0771200954914093,-0.1098988950252533,-0.14351956942118704,-0.08259248733520508,-0.15810778737068176,-0.16284741857089102,0.07364913821220398,-0.3344220817089081,-0.22417501010932028,-0.051490336656570435,-0.35156774520874023,-0.22060315706767142,0.004990534348921422,0.0017547246181603914,-0.5105688716426121,-0.7946184187224543,-1.3325945897536056,0.0,0.28600284061028586,0.42579044262405863,0.5962937479549799,2.842435708482798,5.89635348782781
swipe_left,anu,swipe_left,0.08832739293575287,0.088966965675354,-0.37415693717775866,-0.18521516025066376,-0.13771700859069824,-0.4509740026551299,0.07726894319057465,-0.10901892185211182,-0.23515924828825518,-0.08984999358654022,-0.15938907861709595,-0.24797281640348956,0.0732104629278183,-0.33570337295532227,-0.3104263992863707,-0.052373722195625305,-0.3516472578048706,-0.28279335814295337,0.073971621917953,0.06084821440956579,-2.7303252012862944,-0.6366241158860861,-0.985563704461725,-4.204879089780557,0.3028163277993768,0.42969174945009553,0.6459485744609574,1.2156545098522145,127.94340172421424
swipe_left,anu,swipe_left,0.08993513882160187,0.0927884578704834,-0.40685401984956115,-0.1944684535264969,-0.1658058762550354,-0.5104580385377631,0.07800866663455963,-0.10624253749847412,-0.2953382892301306,-0.09905470907688141,-0.15064823627471924,-0.30631093808915466,0.07413847744464874,-0.333829790353775,-0.3767652375390753,-0.05257560312747955,-0.35160723328590393,-0.3341772420099005,0.04871957229845529,0.11580279379180168,-0.9908206870243337,-0.28040282654040233,-0.8511778080102305,-1.8025465418980038,0.2927979584856559,0.42796962397992794,0.3294288155456898,0.42070791209177455,73.70650635293362
swipe_left,anu,swipe_left,0.09140795469284058,0.0969802737236023,-0.40682568307965994,-0.21102547645568848,-0.19979310035705566,-0.5805615996941924,0.07824212312698364,-0.10446244478225708,-0.2953099524602294,-0.10962533950805664,-0.1506529450416565,-0.3472123658284545,0.07455533742904663,-0.33135926723480225,-0.3767369007691741,-0.0528692901134491,-0.35142019391059875,-0.3341489052399993,0.04463078397693127,0.12702472282178676,0.00085868999700656,-0.5017279675512683,-1.0299158818794183,-2.1243503380736506,0.32973227134448274,0.4297256192944801,0.48715384355648433,0.35135233231104623,13.01584117575218
swipe_left,anu,swipe_left,0.09355418384075165,0.09697937965393066,-0.40687522990629077,-0.21880559623241425,-0.21455353498458862,-0.5867445836775005,0.07812850177288055,-0.10446333885192871,-0.2953594992868602,-0.1160070151090622,-0.15065383911132812,-0.3472619126550853,0.07379661500453949,-0.3306877911090851,-0.37678644759580493,-0.05403690040111542,-0.3508394956588745,-0.3341984520666301,0.06503724690639714,-2.7093020352450715e-05,-0.0015014189888130774,-0.2357612053553301,-0.4472858978040362,-0.18736315100933865,0.33091106780292967,0.4291793393159647,0.5270916865949,2315.0678029791684,61.82200953529949
swipe_left,anu,swipe_left,0.09559008479118347,0.09724444150924683,-0.40687522990629077,-0.2238808274269104,-0.22276276350021362,-0.5867445836775005,0.07854321599006653,-0.10419827699661255,-0.2953594992868602,-0.12072908878326416,-0.15038877725601196,-0.3472619126550853,0.0731026828289032,-0.3301795423030853,-0.37678644759580493,-0.054978370666503906,-0.35057443380355835,-0.3341984520666301,0.06169396819490141,0.00803217743382279,0.0,-0.15379488468169583,-0.24876450047347543,0.0,0.32961100035806895,0.42907141597401444,0.6182323689940044,7.679896118707139,8.636851303562375
swipe_left,anu,swipe_left,0.09785565733909607,0.09726890921592712,-0.3998783896677196,-0.22416263818740845,-0.22912725806236267,-0.5867445836775005,0.07937446236610413,-0.10417380928993225,-0.2894910047762096,-0.12255418300628662,-0.15036430954933167,-0.3472619126550853,0.0730377733707428,-0.33015507459640503,-0.37432125909253955,-0.05574291944503784,-0.35054996609687805,-0.32466263277456164,0.06865371357311012,0.0007414456569787346,0.21202546177488724,-0.008539720015092466,-0.19286347158027725,0.0,0.33435852714830655,0.4289059992887815,0.04427834709586686,92.46968169022036,4.716380993173148
swipe_left,anu,swipe_left,0.09953519701957703,0.09381473064422607,-0.38611528975889087,-0.22416263818740845,-0.2388758659362793,-0.5884198318235576,0.08015242218971252,-0.10533344745635986,-0.2711055646650493,-0.12255418300628662,-0.15613418817520142,-0.33499840600416064,0.0731174647808075,-0.3301254212856293,-0.3561903308145702,-0.056189656257629395,-0.3505203127861023,-0.31578779919072986,0.05089514183275708,-0.1046720779303365,0.4170636336008774,0.0,-0.29541235981566005,-0.05076509533506532,0.3391277493634104,0.42581527939092023,0.0,0.48622953331542934,3.4771055219095577
swipe_left,anu,swipe_left,0.10049137473106384,0.09389448165893555,-0.38007959770038724,-0.22416263818740845,-0.24975571036338806,-0.607837796676904,0.08081451058387756,-0.10577160120010376,-0.2639935021288693,-0.12255418300628662,-0.1625741720199585,-0.33500343607738614,0.0731174647808075,-0.3299969732761383,-0.3493247334845364,-0.05619436502456665,-0.35057464241981506,-0.3012467925436795,0.028975082166266066,0.0024166974154384738,0.18289975934858785,0.0,-0.32969225536691976,-0.5884231773741094,0.3638349099051991,0.4258863207311006,0.0,11.984577549383342,16.325750880147307
swipe_left,anu,swipe_left,0.1011713445186615,0.09056779742240906,-0.3406629250384867,-0.21888864040374756,-0.2583613991737366,-0.6109955892898142,0.0808286964893341,-0.10855409502983093,-0.22224056581035256,-0.12255418300628662,-0.16949650645256042,-0.3350468263961375,0.0731174647808075,-0.3307022452354431,-0.31491952994838357,-0.056338876485824585,-0.3514729142189026,-0.2729710624553263,0.020605145078717184,-0.10080861322807703,1.1944446261182167,0.15981811465639312,-0.26077844879844386,-0.0956906852397067,0.3864618489908908,0.42298722368419084,0.6128478121752469,0.2043966286439271,15.835363109363474
swipe_left,anu,swipe_left,0.10230709612369537,0.08681628108024597,-0.3298122971318662,-0.21552430093288422,-0.26775625348091125,-0.6135318367742002,0.08152486383914948,-0.11204555630683899,-0.20930970599874854,-0.11338047683238983,-0.17063966393470764,-0.33509803703054786,0.07381363213062286,-0.33149635791778564,-0.29572478821501136,-0.055642709136009216,-0.35299280285835266,-0.25968668749555945,0.03441671530405735,-0.1136823133988832,0.3288069062612326,0.10194968093525442,-0.2846925547628737,-0.07685598437533357,0.3975346304579,0.42066530603316776,0.3581032279433587,0.30274201441770654,1.9814071583009762
swipe_left,anu,swipe_left,0.10242044925689697,0.08631259202957153,-0.3244337560608983,-0.1924687922000885,-0.27224642038345337,-0.7048428477719426,0.08163821697235107,-0.11389070749282837,-0.20720471162348986,-0.09972837567329407,-0.16934603452682495,-0.3391071083024144,0.07381105422973633,-0.33152255415916443,-0.28958253283053637,-0.05552935600280762,-0.3526516556739807,-0.2528972150757909,0.0034349434303513585,-0.015263304565891497,0.16298609305962755,0.6986517797816618,-0.13606566371339224,-2.767000333264817,0.47903263559102016,0.4202610077499874,5.134628576278509,0.2250311119988285,83.6221988739278
swipe_left,anu,swipe_left,0.10247474908828735,0.09134870767593384,-0.3155606631189585,-0.1642814576625824,-0.2780758738517761,-0.7089755181223154,0.08169251680374146,-0.10989630222320557,-0.1957890186458826,-0.08681422472000122,-0.16504985094070435,-0.346408361569047,0.07352709770202637,-0.32709357142448425,-0.28597002662718296,-0.055475056171417236,-0.3483560085296631,-0.25186687149107456,0.0016454494360721734,0.1526095650412844,0.2688816043012113,0.8541616526517137,-0.17665010510069232,-0.12523243485978355,0.47510677237947596,0.42048485493239957,4.835303193630382,0.0107820152269736,80.20158284132404
swipe_left,anu,swipe_left,0.10249254107475281,0.09788653254508972,-0.27328902320005,-0.13737818598747253,-0.2789873480796814,-0.7087449713144451,0.08159264922142029,-0.10395577549934387,-0.17332008318044245,-0.07299914956092834,-0.16505107283592224,-0.3533145172987133,0.07320460677146912,-0.32067713141441345,-0.2513311190996319,-0.055267542600631714,-0.34084075689315796,-0.2338174565229565,0.0005391511050137692,0.19811590512593902,1.2809587854214894,0.815250656821524,-0.02762043114864509,0.006986266905159772,0.48592607076104455,0.4201612469462653,29.515149031715335,0.0027213785954865463,6.151268424008553
swipe_left,anu,swipe_left,0.10224005579948425,0.09752905368804932,-0.17552072508260608,-0.10610783100128174,-0.28950726985931396,-0.7086413870565593,0.08101233839988708,-0.10414701700210571,-0.07533538294956088,-0.059183329343795776,-0.16544216871261597,-0.35388220055028796,0.07246455550193787,-0.32120099663734436,-0.1520991395227611,-0.05521222949028015,-0.3410133123397827,-0.17997289402410388,-0.007651068947532082,-0.010832692637588211,2.962675700528651,0.9475865147330695,-0.3187855084737193,0.0031389169056307686,0.5336043573569972,0.42044025275134284,2.972479981257389,0.7062290950535364,9.69245556126476
swipe_left,anu,swipe_left,0.10150931775569916,0.09910380840301514,-0.12013332359492779,-0.0756300836801529,-0.29233425855636597,-0.7051097434014082,0.0801004022359848,-0.10259366035461426,-0.04826630465686321,-0.05650918185710907,-0.18837422132492065,-0.35390555672347546,0.07133536040782928,-0.3201654851436615,-0.12041173689067364,-0.055641308426856995,-0.3421054780483246,-0.17999625019729137,-0.022143577084395984,0.04771983984744729,1.6784061056871573,0.9235681006402331,-0.08566632415308773,0.1070195047015453,0.5278455324911574,0.42035376259422685,10.78086784863053,0.4640232056934451,7.768021780519044
swipe_left,anu,swipe_left,0.1001262217760086,0.10140475630760193,-0.11783455777913332,-0.04555611312389374,-0.2970306873321533,-0.704500955529511,0.07885552942752838,-0.10050490498542786,-0.039803446270525455,-0.04898534715175629,-0.18422874808311462,-0.35390878934413195,0.06817926466464996,-0.32190102338790894,-0.11714219022542238,-0.055923327803611755,-0.3422676622867584,-0.17999948281794786,-0.041911999384562845,0.06972569407838874,0.06965957017559105,0.9113324410987768,-0.14231602350870995,0.018448117330219102,0.5265507173291644,0.42451015366552636,6.403537810380093,0.6010897252269579,3.2075139145179348
swipe_left,anu,swipe_left,0.0977848619222641,0.10172173380851746,-0.10208640992641449,-0.012146100401878357,-0.31321030855178833,-0.6923137754201889,0.07817082107067108,-0.10022351145744324,-0.037966638803482056,-0.04405660927295685,-0.19323256611824036,-0.37637539207935333,0.06758289039134979,-0.32266557216644287,-0.08792219310998917,-0.055925801396369934,-0.3419506847858429,-0.18000449240207672,-0.07095029859831951,0.009605378815622194,0.4772166015975479,1.012424627939876,-0.4902915521101596,0.36930848816128076,0.5149790994902359,0.4256963349561063,2.064939847816418,7.3857485697876,15.284555261332397
swipe_left,anu,swipe_left,0.0962119996547699,0.10172173380851746,-0.10082975402474403,0.010045677423477173,-0.32034924626350403,-0.6616543792188168,0.07755383849143982,-0.10023936629295349,-0.03797454759478569,-0.03860068321228027,-0.19608500599861145,-0.3897477649152279,0.06610766053199768,-0.32285478711128235,-0.0879301019012928,-0.056585609912872314,-0.3419506847858429,-0.18186896666884422,-0.04766249295436794,0.0,0.03808048186880025,0.6724781159198391,-0.2163314458095584,0.9290726121627572,0.48487152184272575,0.42583787334534506,3.10854025342012,47662.49295436794,21.51202805748308
swipe_left,anu,swipe_left,0.09619735181331635,0.10172173380851746,-0.10082975402474403,0.03435985743999481,-0.32089537382125854,-0.6014617346227169,0.07693730294704437,-0.10026094317436218,-0.03981636464595795,-0.03126226365566254,-0.1966244876384735,-0.3931456468999386,0.06526879966259003,-0.32309600710868835,-0.09504465758800507,-0.056789711117744446,-0.3419506847858429,-0.18401316925883293,-0.0004438739834409842,0.0,0.0,0.7367933338338796,-0.01654931993195531,1.824019533215176,0.4278023780817987,0.4259814029707409,44.51837407754765,443.8739834409842,27.855381092522776
swipe_left,anu,swipe_left,0.09252084791660309,0.10199436545372009,-0.10078092105686665,0.05448909103870392,-0.3285839855670929,-0.6014129016548395,0.07630015909671783,-0.1005084216594696,-0.04227162152528763,-0.01731608808040619,-0.21354278922080994,-0.39829198457300663,0.06255294382572174,-0.3239347040653229,-0.10455184616148472,-0.05696360766887665,-0.3419588506221771,-0.19774043001234531,-0.11140920899131258,0.008261565006140639,0.0014797869053754175,0.6099767757184675,-0.23298823472225677,0.0014797869053754175,0.41898932614853657,0.42699867378377493,2.618047037433349,13.483610586847378,55.749170727890785
swipe_left,anu,swipe_left,0.09207919985055923,0.10194526612758636,-0.10202243644744158,0.06593240052461624,-0.3326183557510376,-0.6013898523524404,0.07614345103502274,-0.10093162953853607,-0.04734411183744669,-0.013689614832401276,-0.21926788985729218,-0.4095535995438695,0.062272198498249054,-0.3254535496234894,-0.10452879685908556,-0.05712031573057175,-0.34207291901111603,-0.2181172939017415,-0.013383274728601123,-0.0014878583676886717,-0.037621678502269246,0.3467669541185421,-0.12225364193771361,0.0006984637090653819,0.402652721095441,0.42844426344339315,2.836431800235554,8.9889508760847,8.653209020177522
swipe_left,anu,swipe_left,0.0916081964969635,0.10189616680145264,-0.10199938714504242,0.07734635472297668,-0.3366527259349823,-0.6013668030500412,0.07595738768577576,-0.10130536556243896,-0.04732106253504753,-0.010092496871948242,-0.22499299049377441,-0.42081521451473236,0.062086135149002075,-0.3269723951816559,-0.1045057475566864,-0.057306379079818726,-0.34218698740005493,-0.2384941577911377,-0.014272828896840641,-0.0014878583676887517,0.0006984637090654195,0.34587739995032196,-0.12225364193772019,0.0006984637090654195,0.38708983898795934,0.4298907738091215,2.829155559807056,9.586424878678857,0.026956186915761616
swipe_left,anu,swipe_left,0.09142681956291199,0.10210537910461426,-0.13117787428200245,0.09400805830955505,-0.34323394298553467,-0.6021140832453966,0.07594123482704163,-0.10308897495269775,-0.09711709059774876,-0.0007619559764862061,-0.23432791233062744,-0.4601427037268877,0.062069982290267944,-0.32929494976997375,-0.14056441374123096,-0.05680912733078003,-0.34392112493515015,-0.2847230453044176,-0.0054962707288338354,0.006339766762473467,-0.8841965799078938,0.5049001086842011,-0.1994308197137113,-0.022644854404709917,0.35140200151501005,0.4324999130297888,2.5316928332148607,0.8668148403379842,5.402907862706974
swipe_left,anu,swipe_left,0.09087476134300232,0.10372799634933472,-0.14446447975933552,0.10595908761024475,-0.3457459509372711,-0.6314728129655123,0.07613548636436462,-0.10441422462463379,-0.10876806266605854,0.0065879225730896,-0.24255254864692688,-0.48925398476421833,0.06206497550010681,-0.33122360706329346,-0.14574852772057056,-0.05575022101402283,-0.3442687690258026,-0.31192957051098347,-0.0167290369669599,0.04917021953698439,-0.4026244084040388,0.3621524030512087,-0.07612145308292395,-0.8896584763671554,0.35813400614922336,0.43590658385793674,4.757497799718806,0.34022009469130754,26.88776673560512
swipe_left,anu,swipe_left,0.0899352878332138,0.103934645652771,-0.14448195695877075,0.11641733348369598,-0.3459971845149994,-0.6360987424850464,0.0761132687330246,-0.10540401935577393,-0.10878553986549377,0.008904382586479187,-0.24926114082336426,-0.4934394061565399,0.062179550528526306,-0.33148878812789917,-0.1457660049200058,-0.05534102022647858,-0.3457578420639038,-0.31523972749710083,-0.028468894236014473,0.006262100104129438,-0.000529612104097982,0.3169165416197223,-0.0076131387190382415,-0.14017968241011927,0.36393886416961985,0.436309060664391,41.62211292884781,4.54549564316306,22.847322028277226
swipe_left,anu,swipe_left,0.08946019411087036,0.1038270890712738,-0.1444957908242941,0.1265040636062622,-0.3461047410964966,-0.6495032366365194,0.07622474431991577,-0.10658124089241028,-0.10879937373101711,0.011489778757095337,-0.24936869740486145,-0.511214142665267,0.062292516231536865,-0.33162111043930054,-0.14577983878552914,-0.05513972043991089,-0.3468349874019623,-0.31588939391076565,-0.014396779464953102,-0.003259290348399821,-0.0004192080461617739,0.3056584885626177,-0.003259290348399821,-0.4061967924688866,0.3798594392673735,0.4362967636340235,93.7519226508883,4.415796731729482,8.069418889272793
swipe_left,anu,swipe_left,0.08944946527481079,0.1033744215965271,-0.14449464343488216,0.12649333477020264,-0.3465574085712433,-0.6495020892471075,0.07621687650680542,-0.10895717144012451,-0.10879822634160519,0.0122622549533844,-0.24982136487960815,-0.5112129952758551,0.06235235929489136,-0.3321457803249359,-0.1457786913961172,-0.054829806089401245,-0.347642183303833,-0.3158882465213537,-0.0003251162442294086,-0.013717196204445798,3.4769376118978416e-05,-0.0003251162442294086,-0.013717196204445798,3.4769376118978416e-05,0.3797070636762716,0.43636423800921825,0.023699635096634995,0.023699635096634995,15.414666791424942
swipe_left,anu,swipe_left,0.08927381038665771,0.10284560918807983,-0.13696958869695663,0.12631767988204956,-0.345424622297287,-0.6495098546147346,0.07604122161865234,-0.11026626825332642,-0.10233448445796967,0.012086600065231323,-0.2503501772880554,-0.5112207606434822,0.06259703636169434,-0.3329887092113495,-0.14134355634450912,-0.05465403199195862,-0.3481709957122803,-0.31589601188898087,-0.005322875398577864,-0.01602461843779532,0.22803196175531043,-0.005322875398577864,0.03432685678655321,-0.00023531417051950198,0.37954775605157726,0.43667188478313546,0.15505993956089104,0.33214789302759307,1.463759192251453
swipe_left,anu,swipe_left,0.08896681666374207,0.10046356916427612,-0.11486083455383778,0.1260106861591339,-0.34460723400115967,-0.6495332214981318,0.07573124766349792,-0.11259311437606812,-0.07615015096962452,0.011779606342315674,-0.25092530250549316,-0.5112441275268793,0.06268152594566345,-0.3354988992214203,-0.12734445370733738,-0.05494999885559082,-0.34926629066467285,-0.31591937877237797,-0.009302840088353161,-0.07218303102435603,0.6699622467611882,-0.009302840088353161,0.024769342306888858,-0.0007080873756697796,0.3795611576389716,0.43693252464911886,0.37556364676341014,0.12887670522603867,0.3140565425283053
swipe_left,anu,swipe_left,0.0886993259191513,0.09896937012672424,-0.11486083455383778,0.12162213027477264,-0.34356001019477844,-0.6365255210548639,0.07554720342159271,-0.11281904578208923,-0.06669344939291477,0.011465206742286682,-0.24866726994514465,-0.49701170064508915,0.06238405406475067,-0.33655157685279846,-0.1093349102884531,-0.05526439845561981,-0.34939149022102356,-0.30699957348406315,-0.008105780139114047,-0.04527875871369405,0.0,-0.13298654195034354,0.031734054738825526,0.3941727407050918,0.3740457195691706,0.4363502316141221,4.190525053282615,0.17901553297505976,12.541099877779592
swipe_left,anu,swipe_left,0.08875764906406403,0.09682756662368774,-0.11486083455383778,0.11234410107135773,-0.34304124116897583,-0.58630789257586,0.0754096657037735,-0.1137617826461792,-0.06669344939291477,0.00830887258052826,-0.23546144366264343,-0.44632009603083134,0.062266066670417786,-0.33819979429244995,-0.10504045523703098,-0.05542118847370148,-0.34904420375823975,-0.26725886203348637,0.0017673680276582017,-0.06490313645565252,0.0,-0.2811524001034868,0.01572027350917032,1.5217463175455972,0.36051839318683054,0.4359438593824953,17.88356394534379,0.027230437444704363,34.46604021762946
swipe_left,anu,swipe_left,0.08925056457519531,0.0964956283569336,-0.11486083455383778,0.11012589931488037,-0.3401666283607483,-0.5809875223785639,0.07520556449890137,-0.11411118507385254,-0.04727048613131046,0.003358006477355957,-0.2158772349357605,-0.43899805285036564,0.06212115287780762,-0.3385148048400879,-0.09902128763496876,-0.055630236864089966,-0.3484014570713043,-0.25975228287279606,0.014936833670644483,-0.010058735356185995,0.0,-0.06721823504476582,0.08710947903719485,0.1612233393119982,0.3615729361901988,0.4361432943608118,0.7716435013067102,1.4848137790681972,41.790581800494834
swipe_left,anu,swipe_left,0.08984893560409546,0.09629425406455994,-0.11838825978338718,0.09305042028427124,-0.33357903361320496,-0.571622708812356,0.07517433166503906,-0.11434832215309143,-0.04723046161234379,-0.007830113172531128,-0.19929292798042297,-0.39564610458910465,0.06207394599914551,-0.3387112319469452,-0.09245678968727589,-0.055872321128845215,-0.34857815504074097,-0.23849489726126194,0.01813245542121685,-0.006102251284050317,-0.10689167362271104,-0.5174387585033152,0.1996240832588921,0.28378222927903135,0.36520829040756614,0.43666195626480486,2.5920528124827538,2.9709501669384912,14.544783362557903
swipe_left,anu,swipe_left,0.09114290773868561,0.0955895185470581,-0.13715028204023838,0.07185448706150055,-0.3197229206562042,-0.5716035608202219,0.07502932846546173,-0.11492359638214111,-0.049383608624339104,-0.02050192654132843,-0.18562167882919312,-0.3907277528196573,0.06201358139514923,-0.3391914963722229,-0.09243764169514179,-0.0566338449716568,-0.3475077450275421,-0.23793364502489567,0.03921127680576272,-0.02135562174248007,-0.5685461289954998,-0.6423010067506373,0.4198822108182107,0.0005802421858816529,0.3586319291988223,0.4380436836596303,1.5297134779430914,1.8360243150145923,11.511466287768144
swipe_left,anu,swipe_left,0.09131626784801483,0.08721727132797241,-0.1403220370411873,0.04645131528377533,-0.3063385784626007,-0.5715987011790276,0.07494513690471649,-0.11636245250701904,-0.06662941724061966,-0.0350814014673233,-0.16516965627670288,-0.390722893178463,0.06328122317790985,-0.34025925397872925,-0.09895725548267365,-0.05722890794277191,-0.3487260937690735,-0.23473844677209854,0.005253336646339911,-0.2537044611844053,-0.09611378790753897,-0.7697930841734624,0.40558612707887903,0.0001472618543740419,0.35499453677664405,0.430387254192465,1.8979721810148875,0.02070643896199591,3.887631406172977
swipe_left,anu,swipe_left,0.09251423180103302,0.08415311574935913,-0.14225746598094702,0.02661992609500885,-0.30037254095077515,-0.5716445138677955,0.0753716379404068,-0.11938589811325073,-0.0680242395028472,-0.04788185656070709,-0.15156733989715576,-0.3907687058672309,0.06529887020587921,-0.3392404019832611,-0.10502223577350378,-0.05736647546291351,-0.3510456681251526,-0.23478425946086645,0.036301937970248714,-0.09285319935191909,-0.058649361810901884,-0.6009511875383877,0.1807890155098684,-0.0013882632959972949,0.3508508407619685,0.42589812060322463,3.3240286298088453,0.39095634040915817,8.519608736742033
swipe_left,anu,swipe_left,0.09283767640590668,0.08389869332313538,-0.15955950412899256,0.003709748387336731,-0.28028032183647156,-0.6394859859719872,0.07537059485912323,-0.11964032053947449,-0.08029645029455423,-0.06397409737110138,-0.14116528630256653,-0.39082557056099176,0.06698755919933319,-0.33571332693099976,-0.1558616766706109,-0.05743004381656647,-0.35114961862564087,-0.22322358284145594,0.009801351662838255,-0.007709770491629059,-0.5243041863044187,-0.6942478093234086,0.608855124675876,-2.0558021849755415,0.42665550468514146,0.42042377433877626,1.1402493646475031,1.2711248082767819,63.65484158168655
swipe_left,anu,swipe_left,0.0930381566286087,0.08335480093955994,-0.18245206773281097,-0.02166469395160675,-0.25593915581703186,-0.6395207643508911,0.0753868967294693,-0.11458626389503479,-0.08885103464126587,-0.07651151716709137,-0.13183626532554626,-0.3818851709365845,0.06908310949802399,-0.33557218313217163,-0.16265343129634857,-0.05756385624408722,-0.3502747714519501,-0.21482181549072266,0.006075158263697538,-0.016481587381073297,-0.6937140486005318,-0.7689224951194703,0.7376110914981447,-0.0010538902698140756,0.436528527582623,0.42007814543392824,1.0424483329140277,0.36858037656597226,62.428250550102874
swipe_left,anu,swipe_left,0.09347493946552277,0.08367133140563965,-0.1854173894971609,-0.044707879424095154,-0.25167277455329895,-0.6395240779966116,0.07539768517017365,-0.11368107795715332,-0.08972894959151745,-0.09076552093029022,-0.12890589237213135,-0.38188848458230495,0.07044745981693268,-0.3348000645637512,-0.169300502166152,-0.05756385624408722,-0.35063958168029785,-0.21482512913644314,0.01323584354285059,0.009591832305445969,-0.08985823528333287,-0.6982783476511749,0.12928428071918116,-0.00010041350668127047,0.43626700793876305,0.4194142679032002,5.40106610564505,1.3797638821786178,18.558052103865485
swipe_left,anu,swipe_left,0.09375275671482086,0.07949051260948181,-0.20468206983059645,-0.06691928207874298,-0.23670336604118347,-0.6395363388583064,0.0756460577249527,-0.11869654059410095,-0.09678595047444105,-0.10163705050945282,-0.1339351236820221,-0.3413065252825618,0.07107038795948029,-0.33849403262138367,-0.1812970219179988,-0.057358548045158386,-0.3545600175857544,-0.21483738999813795,0.008418704524184853,-0.1266914786714516,-0.5837781919222983,-0.6730728077166116,0.45361843976108235,-0.00037154126347918094,0.44085235069294043,0.4192522276268561,1.483782987940538,0.06644991567350154,9.857946013739458
swipe_left,anu,swipe_left,0.09382708370685577,0.07855936884880066,-0.2066739764995873,-0.07970137894153595,-0.2074262797832489,-0.6255888757295907,0.07589133083820343,-0.12003245949745178,-0.09945091279223561,-0.10156272351741791,-0.13596245646476746,-0.32918114634230733,0.07226873934268951,-0.3382977545261383,-0.1814673957414925,-0.05726225674152374,-0.35333380103111267,-0.2148221549578011,0.0022523330919670694,-0.028216477596399007,-0.06036080815123886,-0.38733626856949005,0.8871844320586375,0.42265039783987807,0.43648805007171987,0.41817459898189346,0.43658997834388413,0.07982049721745867,20.295620548452213
swipe_left,anu,swipe_left,0.09383814036846161,0.07860466837882996,-0.2218885631300509,-0.09790043532848358,-0.17756786942481995,-0.6243513883091509,0.07592897117137909,-0.12000009417533875,-0.0994423539377749,-0.10155166685581207,-0.13596245646476746,-0.3186832428909838,0.07256262004375458,-0.3382403552532196,-0.1814588368870318,-0.05581952631473541,-0.3527528643608093,-0.2148135961033404,0.0003350503516919558,0.0013727130311907624,-0.4610480797110007,-0.5514865571802103,0.9048003138917522,0.03749961880120222,0.4474167951686164,0.4193411311283171,0.6095112249651182,0.24390126910387344,12.698262722105744
swipe_left,anu,swipe_left,0.09401865303516388,0.08114972710609436,-0.24488983629271388,-0.11426340043544769,-0.1600460708141327,-0.6168277966789901,0.07625605165958405,-0.11874684691429138,-0.1265329229645431,-0.1013711541891098,-0.15038886666297913,-0.31615326879546046,0.07318367063999176,-0.3365873098373413,-0.20883914409205317,-0.05347941815853119,-0.3527528643608093,-0.21478022215887904,0.0054700808091597995,0.07712299173528621,-0.6970082776564651,-0.49584742748376887,0.5309635942632587,0.22798762515639176,0.4499698356089953,0.41980707585012816,0.9338615659896933,0.07092579994996676,12.825568695423215
swipe_left,anu,swipe_left,0.09379352629184723,0.08563527464866638,-0.2587395319715142,-0.12043024599552155,-0.14208140969276428,-0.6159139880910516,0.07680167257785797,-0.11404868960380554,-0.14057660195976496,-0.09839849174022675,-0.16622307896614075,-0.3113075802102685,0.07380922138690948,-0.334195613861084,-0.2226021895185113,-0.05242694914340973,-0.3527528643608093,-0.2343788454309106,-0.00682202252474709,0.13592568310824524,-0.4196877478424414,-0.18687410788102882,0.5443836703445059,0.027691169331471567,0.4411076685792265,0.42185691283773646,0.3432758453002879,0.05018898695051928,11.165475487817202
swipe_left,anu,swipe_left,0.09303802251815796,0.08692318201065063,-0.27907114336267114,-0.13161692023277283,-0.11904633045196533,-0.4579522223211825,0.07718455791473389,-0.11263793706893921,-0.1498331637121737,-0.09519317746162415,-0.17947357892990112,-0.2339146793819964,0.07404422760009766,-0.333548903465271,-0.238885170314461,-0.05181875824928284,-0.3521405756473541,-0.24628693470731378,-0.02289405374815883,0.03902749581770316,-0.6161094360956406,-0.33899012840154114,0.6980327042666084,4.786720174844336,0.32481204993012974,0.42281491380944874,0.4856357598917123,0.5865984140176416,144.36175476674723
swipe_left,anu,swipe_left,0.09255795180797577,0.08780652284622192,-0.28298717248253524,-0.14569301903247833,-0.09163057804107666,-0.37615340459160507,0.0773920863866806,-0.11195945739746094,-0.15592580544762313,-0.0937906950712204,-0.17881298065185547,-0.21173105644993484,0.07445357739925385,-0.3327324092388153,-0.24161578225903213,-0.05139513313770294,-0.35160866379737854,-0.24911553668789566,-0.014547597278248411,0.026767904108221306,-0.11866754908679299,-0.4265484484759312,0.8307803760875487,2.4787520524114766,0.30433421798945887,0.4229566806435147,0.5134304412127084,0.5434513575690434,70.1042465133553
swipe_left,anu,swipe_left,0.09253954887390137,0.0884103775024414,-0.2876799951773137,-0.149425208568573,-0.07966238260269165,-0.3661087106447667,0.07831835746765137,-0.11049890518188477,-0.16744066285900772,-0.09337714314460754,-0.1787922978401184,-0.21173105644993484,0.07528162002563477,-0.3326232433319092,-0.24648662912659347,-0.050886452198028564,-0.3523437976837158,-0.24916779506020248,-0.0005576646689212772,0.018298625946045213,-0.14220674832662172,-0.11309665260893106,0.36267258904197575,0.3043846650557133,0.31263432053343004,0.4233958424307024,0.311841435456281,0.030474102069927598,68.06556057293469
swipe_left,anu,swipe_left,0.09253501892089844,0.09126359224319458,-0.2876799951773137,-0.14884263277053833,-0.05610978603363037,-0.3661087106447667,0.07912099361419678,-0.10691511631011963,-0.16744066285900772,-0.09204596281051636,-0.17878007888793945,-0.21173105644993484,0.07660883665084839,-0.3318701684474945,-0.2536809991579503,-0.050294578075408936,-0.35233157873153687,-0.2518753360491246,-0.00013727130311907623,0.0864610527500929,0.0,0.017653812061655935,0.7137150475472844,0.0,0.3324279371907,0.4247961328075726,0.024735063926787145,0.0015876479768048156,14.626557854792846
swipe_left,anu,swipe_left,0.09207193553447723,0.0932355523109436,-0.3070255338679999,-0.14784909784793854,-0.03675037622451782,-0.36611331696622074,0.08013127744197845,-0.105865478515625,-0.1907550662290305,-0.09102614223957062,-0.17685741186141968,-0.2117356627713889,0.0777847021818161,-0.33183667063713074,-0.2756139754783362,-0.049253836274147034,-0.35277247428894043,-0.26586033101193607,-0.014032829891551848,0.0597563656893653,-0.5862284451723192,0.030107118866660856,0.586648782094329,-0.00013958549860752212,0.34589254583265294,0.42647063880102937,0.05132042964233105,0.2348301289668329,3.8689434911837193
swipe_left,anu,swipe_left,0.09160219132900238,0.09409016370773315,-0.327077251393348,-0.14773090183734894,-0.011840879917144775,-0.36611078353598714,0.08032898604869843,-0.10543686151504517,-0.2131184902973473,-0.09049908816814423,-0.16926145553588867,-0.2227472779341042,0.07805745303630829,-0.3313291668891907,-0.29812656017020345,-0.049115195870399475,-0.352480947971344,-0.2931509134359658,-0.014234672893177607,0.025897315054229226,-0.607627803798436,0.0035816972905939846,0.7548332214355589,7.677061313932715e-05,0.3620550456385621,0.4266183414988744,0.0047450118037603555,0.5496370270950529,5.159499199460908
swipe_left,anu,swipe_left,0.09158402681350708,0.09633579850196838,-0.3403925118036568,-0.14233046770095825,0.006792932748794556,-0.36611078353598714,0.08053463697433472,-0.10365620255470276,-0.2304413286037743,-0.08850491046905518,-0.1610882580280304,-0.23336018295958638,0.07837551832199097,-0.33076632022857666,-0.31193269463256,-0.049057841300964355,-0.35173240303993225,-0.30287007661536336,-0.000550439863493957,0.06804953921925046,-0.40349273970633487,0.16364951928456886,0.5646609898769585,0.0,0.37581855495676686,0.42825301600117577,0.28981855024495023,0.008088692166281115,7.532433159339005
idle,anu,swipe_left,0.09173209965229034,0.09791707992553711,-0.3403950452338904,-0.1377570778131485,0.03350532054901123,-0.36611331696622074,0.08083231747150421,-0.10218852758407593,-0.2304438620340079,-0.0863533765077591,-0.14922469854354858,-0.23336271638981998,0.07897146046161652,-0.33005353808403015,-0.3119352280627936,-0.04875276982784271,-0.3499569892883301,-0.30287261004559696,0.004487055720704804,0.04791761889602017,-7.677061313932302e-05,0.13858757235786606,0.8094662969762322,-7.677061313932302e-05,0.398703520071685,0.4291056338309458,0.17120836490314112,0.09363908693698748,7.457116177917179
idle,anu,swipe_left,0.09185150265693665,0.09908650815486908,-0.3414216228411533,-0.13631580770015717,0.04101262986660004,-0.3722061403677799,0.0809943675994873,-0.10145889222621918,-0.23077149322489277,-0.08500073850154877,-0.14534036815166473,-0.23442757508018985,0.0792492926120758,-0.3298911601305008,-0.31284317752579227,-0.04858182370662689,-0.34906068444252014,-0.3047499545500614,0.003618272868069793,0.035437219070666326,-0.03110841234129988,0.04367485190882897,0.22749422174511896,-0.18463101216846187,0.405468592481037,0.4301132212827347,0.19198140327431312,0.10210086632329633,18.723256138057597
idle,anu,swipe_left,0.09197090566158295,0.10025593638420105,-0.3424482004484162,-0.13487453758716583,0.04851993918418884,-0.378298963769339,0.0811564177274704,-0.10072925686836243,-0.23109912441577762,-0.08364810049533844,-0.14145603775978088,-0.23549243377055973,0.0795271247625351,-0.32972878217697144,-0.31375112698879093,-0.04841087758541107,-0.3481643795967102,-0.3066272990545258,0.003618272868069793,0.035437219070666326,-0.03110841234129988,0.04367485190882897,0.22749422174511896,-0.18463101216846187,0.41227568542245807,0.43112089708612056,0.19198140327431312,0.10210086632329633,0.0
idle,anu,swipe_left,0.09201155602931976,0.10183615982532501,-0.3475073824520223,-0.12859201431274414,0.04945053160190582,-0.37061602872563526,0.08129172027111053,-0.10024325549602509,-0.23998841893626377,-0.08115284144878387,-0.13994844257831573,-0.24442395073128864,0.07968895137310028,-0.32938650250434875,-0.3212122718687169,-0.04833248257637024,-0.3472573161125183,-0.3120505313272588,0.0012318293253580262,0.04788555882193644,-0.15330854556381573,0.19037949316428648,0.02819977023384681,0.2328162134455598,0.408960421505886,0.4321993335635695,6.7508614688754625,0.0257239057401998,14.705643062149559
