ground_truth,person_id,video_label,left_wrist_x,left_wrist_y,left_wrist_z,right_wrist_x,right_wrist_y,right_wrist_z,left_elbow_x,left_elbow_y,left_elbow_z,right_elbow_x,right_elbow_y,right_elbow_z,left_shoulder_x,left_shoulder_y,left_shoulder_z,right_shoulder_x,right_shoulder_y,right_shoulder_z,left_wrist_x_vel,left_wrist_y_vel,left_wrist_z_vel,right_wrist_x_vel,right_wrist_y_vel,right_wrist_z_vel,right_arm_len,left_arm_len,right_horiz_ratio,left_horiz_ratio,right_wrist_acc
rotate,shahzaib,rotate,0.15272559970617294,0.03711394965648651,-0.1334880101494491,-0.022965259850025177,-0.2350510209798813,-0.832101374398917,0.13910343497991562,-0.1506543904542923,-0.04715446149930358,-0.15635887533426285,-0.23017214238643646,-0.46691648615524173,0.10639258474111557,-0.3593318611383438,-0.12568656308576465,-0.10241412371397018,-0.3790445625782013,-0.19195721251890063,0.0,0.0,0.0,0.0,0.0,0.0,0.6609317740738202,0.39922035487786706,0.0,0.0,0.0
rotate,shahzaib,rotate,0.15284767746925354,0.037003785371780396,-0.1224910942837596,-0.020130187273025513,-0.25766196846961975,-0.8180021746084094,0.13915196061134338,-0.14996907114982605,-0.04467081185430288,-0.15627971291542053,-0.23388877511024475,-0.46294165682047606,0.10638812184333801,-0.359651118516922,-0.1184840751811862,-0.1033625602722168,-0.37954622507095337,-0.18633777927607298,0.0036993261539574824,-0.003338311657761082,0.3332398747178641,0.08591129021211104,-0.6851802269617716,0.4272484785002289,0.6486781237662501,0.39938660379387,0.12538476950551988,1.1078109901361468,24.606992734733957
rotate,shahzaib,rotate,0.1526140570640564,0.036670029163360596,-0.12068571080453694,-0.019908249378204346,-0.2795427739620209,-0.8049463510978967,0.13911548256874084,-0.15033122897148132,-0.04253435251303017,-0.15631721913814545,-0.23681417107582092,-0.4570687294472009,0.10566052794456482,-0.3602135330438614,-0.11237822775729,-0.10304534435272217,-0.3802957981824875,-0.16607180540449917,-0.007079406218095259,-0.01011382449756969,0.0547085902794744,0.006725390752156575,-0.6630547118909431,0.3956310154700821,0.652091737093269,0.39973767663512666,0.010143025135816554,0.6999040091893085,2.6693528239117086
rotate,shahzaib,rotate,0.15238241851329803,0.03607615828514099,-0.11888032732531428,-0.020220473408699036,-0.301423579454422,-0.791890527587384,0.1390809863805771,-0.1506933867931366,-0.04039789317175746,-0.15636999905109406,-0.2397395670413971,-0.4554998534731567,0.10493491590023041,-0.3607759475708008,-0.10627238033339381,-0.10293389856815338,-0.3810453712940216,-0.14580583153292537,-0.0070193500229806605,-0.017996087218775894,0.0547085902794744,-0.009461334257414846,-0.6630547118909431,0.3956310154700821,0.6562061984720499,0.3998772558596747,0.014269290027579176,0.3900270047953957,0.4905068184718613
rotate,shahzaib,rotate,0.15238241851329803,0.036070436239242554,-0.11892699962481856,-0.020220473408699036,-0.3372848629951477,-0.8181351698003709,0.13911406695842743,-0.15069910883903503,-0.04044456547126174,-0.15636999905109406,-0.2549557387828827,-0.4630746520124376,0.10288320481777191,-0.3607816696166992,-0.07044265186414123,-0.10293389856815338,-0.38105109333992004,-0.1034666053019464,0.0,-0.0001733953302556818,-0.0014143121061903057,0.0,-1.0867055618401729,-0.7952921882723316,0.7207691382838468,0.40285543071497654,0.0,0.0,38.30508764997297
rotate,shahzaib,rotate,0.15240639448165894,0.036070436239242554,-0.07876094151288271,-0.020210564136505127,-0.37253618240356445,-0.8236665250733495,0.13913273811340332,-0.15069910883903503,-0.022518456913530827,-0.15641504526138306,-0.2729915678501129,-0.4701104583218694,0.10288619995117188,-0.3607816696166992,-0.04113560635596514,-0.10292398929595947,-0.38166871666908264,-0.08757284004241228,0.000726544495784875,0.0,1.2171532761192683,0.00030028097557299066,-1.068221800255053,-0.16761682645389528,0.7407825774315593,0.40169579215409174,0.0002811033199266056,726.544495784875,19.028713006459206
rotate,shahzaib,rotate,0.1524031162261963,0.035967081785202026,-0.05169622926041484,-0.024045884609222412,-0.3896876573562622,-0.823714807163924,0.13930988311767578,-0.15069910883903503,-0.008519481401890516,-0.1579233705997467,-0.28152257204055786,-0.4701587404124439,0.10280227661132812,-0.36136966943740845,-0.04118388844653964,-0.10271838307380676,-0.3817135989665985,-0.08762112213298678,-9.934107462565103e-05,-0.0031319531527432528,0.8201427955293293,-0.1162218325065844,-0.5197416652332653,-0.0014630936537728164,0.7403288868903376,0.4005586679526803,0.2236141850206255,0.03170844560464198,17.72183092770075
rotate,shahzaib,rotate,0.15235751867294312,0.03530299663543701,-0.04793248325586319,-0.041207700967788696,-0.41556718945503235,-0.8237002044916153,0.1394680142402649,-0.15066641569137573,-0.008504878729581833,-0.16027235984802246,-0.29366928339004517,-0.4701441377401352,0.10277140140533447,-0.36133697628974915,-0.04116928577423096,-0.10244810581207275,-0.38208717107772827,-0.0876065194606781,-0.0013817440379749644,-0.020123792417121655,0.11405290922883785,-0.5200550411686753,-0.784228245417277,0.00044250522147525436,0.7393951663072061,0.39978468203264744,0.6631416058603649,0.06865879703680382,14.628489092654405
rotate,shahzaib,rotate,0.15234389901161194,0.03476357460021973,-0.04206646140664816,-0.05949118733406067,-0.43938401341438293,-0.8236345006152987,0.13958457112312317,-0.15000170469284058,-0.008439174853265285,-0.16565614938735962,-0.3084084987640381,-0.47007843386381865,0.10277059674263,-0.36068233847618103,-0.04110358189791441,-0.10193443298339844,-0.3872000575065613,-0.08229107689112425,-0.0004127170100356593,-0.016346122279311672,0.17775823785500092,-0.5540450414021809,-0.7217219381621389,0.0019910265550468907,0.7443887870290098,0.3985422306401525,0.7676699909428564,0.02524707425465209,2.156578864194686
rotate,shahzaib,rotate,0.15242412686347961,0.034611791372299194,-0.03688189992681146,-0.08870801329612732,-0.4571448564529419,-0.8236442455090582,0.13970384001731873,-0.1501534879207611,-0.008448919747024775,-0.1720062494277954,-0.3128986656665802,-0.47008817875757813,0.10285863280296326,-0.36083412170410156,-0.042204341385513544,-0.10140189528465271,-0.3927736282348633,-0.08230082178488374,0.0024311470262932075,-0.004599491755167647,0.15710792363141535,-0.8853583624868689,-0.5382073648048173,-0.00029529981089360807,0.744241131328633,0.39857563492187115,1.6450104093197184,0.5284537296610401,11.47726393242736
rotate,shahzaib,rotate,0.1524394452571869,0.03412863612174988,-0.016874426743015647,-0.10149523615837097,-0.4934040904045105,-0.8235994295682758,0.13991019129753113,-0.1504364311695099,-0.012093859491869807,-0.17877933382987976,-0.32555198669433594,-0.4700433628167957,0.10324379801750183,-0.3611026406288147,-0.056814865907654166,-0.09841236472129822,-0.3937796652317047,-0.07986496551893651,0.00046419374870531444,-0.01464106819846412,0.6062870661756301,-0.38749160188617093,-1.0987646651990477,0.0013580588115887197,0.7503835573905304,0.4002789183930089,0.35266082128255677,0.03170274461322384,22.719160813563835
rotate,shahzaib,rotate,0.1524541676044464,0.03251573443412781,-0.016795647097751498,-0.1168556809425354,-0.5210366249084473,-0.7932752862107009,0.14043226838111877,-0.15082332491874695,-0.012015079846605659,-0.1858139932155609,-0.3368089199066162,-0.4515769376885146,0.10430309176445007,-0.3620733320713043,-0.0630898519884795,-0.09592750668525696,-0.3953925669193268,-0.07557721133343875,0.000446131735137015,-0.048875808715820354,0.002387261977701478,-0.4654680237625588,-0.837349530422327,0.9189134350780293,0.7289135370318243,0.40020271228046683,0.5558819238196396,0.009127677253458078,29.007552032318166
rotate,shahzaib,rotate,0.1524541676044464,0.03227156400680542,0.003362874500453472,-0.14365920424461365,-0.5266861021518707,-0.7932752862107009,0.14109519124031067,-0.15076369047164917,-0.012015079846605659,-0.19274437427520752,-0.34651046991348267,-0.41919596935622394,0.10524293780326843,-0.3620408773422241,-0.0709256052505225,-0.09502679109573364,-0.39638853073120117,-0.07196452911011875,0.0,-0.007399103858254166,0.6108642908546955,-0.8122279788508553,-0.1711962801037411,0.0,0.7345963361165251,0.40401730141874204,4.744397681777808,0.0,35.962490924167774
rotate,shahzaib,rotate,0.15254373848438263,0.03200909495353699,0.007514177123084664,-0.16940273344516754,-0.5281770825386047,-0.7932752862107009,0.14193107187747955,-0.15149709582328796,-0.012015079846605659,-0.1983397752046585,-0.3480014503002167,-0.41842456604354084,0.10629113018512726,-0.3627152740955353,-0.0709256052505225,-0.09508360922336578,-0.3978795111179352,-0.07196452911011875,0.002714269088976313,-0.007953607674800994,0.1257970491706423,-0.7801069454713307,-0.04518122384042454,0.0,0.7367428300650336,0.405091879398355,17.26579347281638,0.3412197307448249,3.9407404680543765
rotate,shahzaib,rotate,0.15272197127342224,0.03138962388038635,0.02756316144950688,-0.1992456316947937,-0.5287989974021912,-0.7932752862107009,0.14275982975959778,-0.15193477272987366,0.0026255634147673845,-0.20385438203811646,-0.3486233651638031,-0.41026248480193317,0.1072176992893219,-0.36290743947029114,-0.0709256052505225,-0.09541767835617065,-0.39815855026245117,-0.0717897757422179,0.005400993607260959,-0.01877185070153437,0.6075449795885515,-0.9043302499886707,-0.0188459049571644,0.0,0.7405325868179778,0.4089509140494296,47.982958053009206,0.2877023683366063,3.8480050292500705
rotate,shahzaib,rotate,0.15300308167934418,0.03039678931236267,0.08361262199468911,-0.23204080760478973,-0.5298090577125549,-0.7915362182538956,0.1431426852941513,-0.1529013216495514,0.05575793725438416,-0.20897911489009857,-0.34963342547416687,-0.40512234601192176,0.10854308307170868,-0.3633202016353607,-0.07075384142808616,-0.09584830701351166,-0.3989127576351166,-0.07084245118312538,0.008518497149149583,-0.03008589600071765,1.6984685013691598,-0.99379320939382,-0.030607888192841524,0.052699028994097896,0.7450380825742572,0.4252278982695934,32.46747164198658,0.28312981003246046,3.1665076097627667
rotate,shahzaib,rotate,0.15266020596027374,0.029913365840911865,0.10058114770799875,-0.26180894672870636,-0.5177016258239746,-0.7915594419464469,0.14257510006427765,-0.15374678373336792,0.08073790464550257,-0.21972455084323883,-0.3468219041824341,-0.4012044807896018,0.10867966711521149,-0.364218145608902,-0.04673630278557539,-0.09698237478733063,-0.39972200989723206,-0.07164123561233282,-0.010390173305164674,-0.014649196104569856,0.5141977488881706,-0.9020648219368667,0.36689187541152457,-0.0007037482591289456,0.7479098959122651,0.4230559860523704,2.458659958782431,0.7092173532014123,12.467478934857963
rotate,shahzaib,rotate,0.1519283950328827,0.029484659433364868,0.10060200747102499,-0.2895258367061615,-0.5100434124469757,-0.7915385821834207,0.1419970691204071,-0.15401503443717957,0.0807587644085288,-0.22727876901626587,-0.34634873270988464,-0.38955892715603113,0.10844883322715759,-0.364583820104599,-0.04671544302254915,-0.09839311242103577,-0.39839160442352295,-0.07179512921720743,-0.022176088708819746,-0.0129911032589999,0.0006321140310981051,-0.8399057568925792,0.23206707203026952,0.0006321140310981051,0.7530129365524123,0.4229454693930497,3.619221504899765,1.7068898135071324,4.499082806439925
rotate,shahzaib,rotate,0.1515863537788391,0.028999745845794678,0.10060186590999365,-0.3144069015979767,-0.47625988721847534,-0.7763892496004701,0.14177799224853516,-0.15455275774002075,0.08075862284749746,-0.23517680168151855,-0.3217032253742218,-0.3491224432364106,0.10778218507766724,-0.364766001701355,-0.046715584583580494,-0.10034117102622986,-0.3957170248031616,-0.07304184231907129,-0.01036488648616909,-0.014694351138490656,-4.289728222471306e-06,-0.7539716633883409,1.023743188742438,0.4590706843318373,0.739600476622841,0.4226969367725451,0.7364844378892307,0.7053173747594885,27.84420887372657
rotate,shahzaib,rotate,0.1515263170003891,0.028132528066635132,0.10060186590999365,-0.3359962999820709,-0.42427629232406616,-0.7696973765268922,0.14167921245098114,-0.155646413564682,0.08075862284749746,-0.23636563122272491,-0.2962399423122406,-0.3462972128763795,0.10724090039730072,-0.3656225800514221,-0.046715584583580494,-0.10205481946468353,-0.39518553018569946,-0.07418306265026331,-0.001819296316667035,-0.026279326641198336,0.0,-0.6542241934574006,1.5752604513457313,0.2027840325326629,0.7343807252071203,0.422737169542375,0.41531149822685176,0.06922654887458729,18.67521686799274
rotate,shahzaib,rotate,0.15202002227306366,0.027393221855163574,0.09745816048234701,-0.3560307174921036,-0.3824227452278137,-0.718883284367621,0.1422669142484665,-0.1565687656402588,0.07974014338105917,-0.23694153130054474,-0.27321481704711914,-0.33151779416948557,0.107444629073143,-0.3665553331375122,-0.07449641916900873,-0.10330258309841156,-0.39325931668281555,-0.1016086945310235,0.014960765838623033,-0.02240321852944112,-0.09526380083777679,-0.6071035609100799,1.2682893059470426,1.5398209745233695,0.6670958405303956,0.43214674258036384,0.478678704759752,0.6677655736558393,41.59491808648718
rotate,shahzaib,rotate,0.15270914137363434,0.027390897274017334,-0.07515654060989618,-0.35617534816265106,-0.33466872572898865,-0.6655116761103272,0.14259810745716095,-0.1563979983329773,-0.053305682726204395,-0.23708616197109222,-0.2517852783203125,-0.31723735574632883,0.10798491537570953,-0.3664778470993042,-0.1762779289856553,-0.10479186475276947,-0.39013516902923584,-0.1585147911682725,0.020882396986990317,-7.044185291637091e-05,-5.230748517946776,-0.004382747592348052,1.4470914999643998,1.6173214623422374,0.5686088492141261,0.4090945848729502,0.0030286575270453498,292.2992074608568,19.19521598753336
rotate,shahzaib,rotate,0.1535107046365738,0.02703613042831421,-0.13047116855159402,-0.35617534816265106,-0.2711106538772583,-0.5492226467467844,0.14284063875675201,-0.1563408374786377,-0.09242869773879647,-0.23505236208438873,-0.23779326677322388,-0.29194077709689736,0.10868765413761139,-0.36642950773239136,-0.211678980384022,-0.10640810430049896,-0.38613221049308777,-0.18197315791621804,0.024289795846650072,-0.010750510475852263,-1.6762008467181146,0.0,1.9260021773251603,3.523909980713415,0.45878733814168904,0.40425118796591664,0.0,2.2591984541339194,59.57035044169207
rotate,shahzaib,rotate,0.15403451025485992,0.02536618709564209,-0.21492479601874948,-0.35617534816265106,-0.2163824439048767,-0.4999228701926768,0.14295555651187897,-0.15801078081130981,-0.15067325392737985,-0.2312091439962387,-0.22429919242858887,-0.2741125510074198,0.10928358137607574,-0.3675961494445801,-0.2654841230250895,-0.10911281406879425,-0.38318145275115967,-0.24551600078120828,0.01587289752382219,-0.0506043434143066,-2.5592008323380417,0.0,1.658430605223683,1.4939326228517462,0.39189878834812,0.39872081601290754,0.0,0.3136605040671412,62.046537672330004
rotate,shahzaib,rotate,0.1542680710554123,0.024082601070404053,-0.21492479601874948,-0.3534960597753525,-0.15516042709350586,-0.4683918342925608,0.14311228692531586,-0.15945303440093994,-0.15067325392737985,-0.21961455047130585,-0.2105625867843628,-0.2673733518458903,0.10943739116191864,-0.3688376545906067,-0.2654841230250895,-0.11075963079929352,-0.38160327076911926,-0.297644077334553,0.007077600016738423,-0.03889654621933442,0.0,0.08119055719086611,1.8552126306475998,0.9554859363671496,0.3732989846090376,0.39868830270746713,0.043763454434368784,0.1819549227303297,17.54542592485087
rotate,shahzaib,rotate,0.15476855635643005,0.023021221160888672,-0.21492479601874948,-0.33836163580417633,-0.11340916156768799,-0.4031883464194834,0.14349690079689026,-0.16053414344787598,-0.15067325392737985,-0.20350083708763123,-0.2032681107521057,-0.2622255370952189,0.10982200503349304,-0.3699187636375427,-0.2654841230250895,-0.11209163069725037,-0.38061586022377014,-0.297644077334553,0.0151662212429625,-0.03216302756107223,0.0,0.45861890821746015,1.2651898644187265,1.975863268881138,0.36570087196292383,0.3987207916281153,0.36248989865111453,0.47152742964683975,37.50419536416062
rotate,shahzaib,rotate,0.15527547895908356,0.021604299545288086,-0.2149457996711135,-0.3321637064218521,-0.07123178243637085,-0.3635233258828521,0.14400382339954376,-0.16222727298736572,-0.15069425757974386,-0.1953095644712448,-0.19172513484954834,-0.25347166415303946,0.11032892763614655,-0.37148910760879517,-0.2655051266774535,-0.11397595703601837,-0.3785536587238312,-0.297665080986917,0.01536129098950009,-0.042937018654563175,-0.0006364743140610776,0.18781604188861253,1.2781023979187,1.2019703192918578,0.3826093805014109,0.3988719904570454,0.14694902008277072,0.35775500292833357,24.848692226727074
rotate,shahzaib,rotate,0.15568748116493225,0.019447803497314453,-0.19678119849413633,-0.3022581487894058,-0.03480464220046997,-0.3566819382831454,0.14441582560539246,-0.1642417311668396,-0.13408028613775969,-0.18786293268203735,-0.18073314428329468,-0.2426196588203311,0.11059942841529846,-0.3734724521636963,-0.2622018111869693,-0.11520794034004211,-0.3781741261482239,-0.29768198262900114,0.012484915328748286,-0.06534836509011002,0.5504424599083982,0.9062290191650383,1.1038527344212379,0.20731477574868618,0.3954382097808559,0.4008729429315147,0.8209683863960325,0.19104876247126315,37.55399909435971
rotate,shahzaib,rotate,0.15593719482421875,0.0136624276638031,-0.18535759951919317,-0.27034929394721985,-0.004536241292953491,-0.3487194022163749,0.1446569561958313,-0.1697882115840912,-0.11146518494933844,-0.18123701214790344,-0.16681072115898132,-0.23896540608257055,0.11055749654769897,-0.37903711199760437,-0.24651434924453497,-0.11590054631233215,-0.3800113797187805,-0.2925074538215995,0.0075670805844393575,-0.17531441919731355,0.3461696659073682,0.9669349952177559,0.917224269924741,0.2412889717203196,0.4098728807376942,0.4000154915786605,1.0541957651222296,0.043162664294364085,6.035527300036657
rotate,shahzaib,rotate,0.15506744384765625,0.013489305973052979,-0.16288894321769476,-0.2413705587387085,0.011569738388061523,-0.3451674720272422,0.14389479160308838,-0.17037492990493774,-0.09359338786453009,-0.17567119002342224,-0.16531717777252197,-0.2366464575752616,0.11009037494659424,-0.37932342290878296,-0.23496958520263433,-0.11607560515403748,-0.3784205913543701,-0.28868047799915075,-0.026356090198863702,-0.005246111840912803,0.6808683727726809,0.8781434911670128,0.48805999033378955,0.10763424815553634,0.4134997740999686,0.401896001034455,1.7992494965976327,5.022970921519126,13.884261696778847
rotate,shahzaib,rotate,0.15467476844787598,0.013258934020996094,-0.16113281156867743,-0.21396327018737793,0.024720430374145508,-0.32889486756175756,0.14324653148651123,-0.1713985800743103,-0.08606803324073553,-0.16636908054351807,-0.16408377885818481,-0.22573716845363379,0.1096004843711853,-0.38043197989463806,-0.23142443504184484,-0.11585906147956848,-0.37843719124794006,-0.28004331793636084,-0.011899254538796155,-0.006980968244148017,0.0532161105762828,0.8305238954948649,0.3985058177601204,0.4931092262268062,0.4177881969837884,0.40244892733767723,2.0840895525024505,1.7042836808617103,12.078657666146464
rotate,shahzaib,rotate,0.15447981655597687,0.012267976999282837,-0.16113281156867743,-0.19186924397945404,0.028636962175369263,-0.3208775660023093,0.1429733783006668,-0.17295870184898376,-0.0677960803732276,-0.15944631397724152,-0.16334936022758484,-0.22202011849731207,0.10831500589847565,-0.38200536370277405,-0.20772941317409277,-0.1158236414194107,-0.3787141740322113,-0.27647219505161047,-0.005907633087851799,-0.030029000657977555,0.0,0.669515945694665,0.1186827818552656,0.2429485321044928,0.4167609852272596,0.39969225688343896,5.641174684769795,0.19672437423947975,12.376288246036179
rotate,shahzaib,rotate,0.15420998632907867,0.011981308460235596,-0.16115827346220613,-0.17507661879062653,0.02843332290649414,-0.320903027895838,0.1425050050020218,-0.1735512614250183,-0.0678215422667563,-0.15619780123233795,-0.1627156138420105,-0.19562591100111604,0.10698153078556061,-0.38326188921928406,-0.1871718862093985,-0.11580006778240204,-0.3781832754611969,-0.25496753538027406,-0.00817667354236946,-0.008686925425673939,-0.0007715725311727202,0.508867429964468,-0.006170886935609733,-0.0007715725311727202,0.41617094653617137,0.39890402401219116,82.44924692778675,0.9411537440464599,9.620716934070238
rotate,shahzaib,rotate,0.15371154248714447,0.011798322200775146,-0.16122701670974493,-0.16089709103107452,0.02843332290649414,-0.3209717711433768,0.14190642535686493,-0.17406779527664185,-0.0678902855142951,-0.15117011964321136,-0.1627156138420105,-0.18992146756500006,0.10558579862117767,-0.38473600149154663,-0.17838603165000677,-0.11607028543949127,-0.37783581018447876,-0.23261605110019445,-0.01510435884649107,-0.005545038165468172,-0.0020831287132971267,0.42968265938036476,0.0,-0.0020831287132971267,0.4181755424058005,0.3998124421306818,429682.65938036476,2.7234502172265573,2.4071419441815336
rotate,shahzaib,rotate,0.15355201065540314,0.01177358627319336,-0.17798118852078915,-0.1521884948015213,0.02843332290649414,-0.3210036810487509,0.14174212515354156,-0.1743895411491394,-0.06792219541966915,-0.1501055806875229,-0.1627156138420105,-0.1899533774703741,0.10471738874912262,-0.3860691785812378,-0.17841794155538082,-0.11612902581691742,-0.37783581018447876,-0.2326479610055685,-0.004834297931555525,-0.0007495735630844546,-0.5077021760922468,0.2638968554410056,0.0,-0.0009669668295166668,0.41732676294516685,0.40082898672246847,263896.8554410056,6.440804964791398,5.023926097178218
rotate,shahzaib,rotate,0.15289710462093353,0.01184031367301941,-0.19224930880591273,-0.15244023501873016,0.026527494192123413,-0.3255947786383331,0.14124052226543427,-0.173587828874588,-0.061224597971886396,-0.15035732090473175,-0.16156789660453796,-0.18997330544516444,0.10371939837932587,-0.38581183552742004,-0.17843786953017116,-0.11638076603412628,-0.3766880929470062,-0.23266788898035884,-0.019845637408169883,0.0020220424189712114,-0.4323672813673825,-0.007628491430571604,-0.05775238528396159,-0.13912416938127928,0.41535346614288654,0.400919486193652,0.13208734679471812,9.809797966699131,9.396322504006994
rotate,shahzaib,rotate,0.15168927609920502,0.013039499521255493,-0.19225797103717923,-0.1525537222623825,0.027333110570907593,-0.32706593023613095,0.14081500470638275,-0.1723392903804779,-0.061233260203152895,-0.1504708081483841,-0.16173788905143738,-0.18998196767643094,0.10288016498088837,-0.38518404960632324,-0.1759965275414288,-0.11664266884326935,-0.37543627619743347,-0.23267655121162534,-0.036600864294803595,0.03633896509806324,-0.00026249185656056326,-0.0034390073834043647,0.024412617538914598,-0.04458035144842043,0.4152374471890122,0.4015330110370638,0.14086430976166012,1.0071794014120905,3.797826087222075
rotate,shahzaib,rotate,0.15080007910728455,0.014258414506912231,-0.19225654285401106,-0.15260779857635498,0.028553277254104614,-0.3270645020529628,0.14030727744102478,-0.17111912369728088,-0.06123183201998472,-0.15052488446235657,-0.16116783022880554,-0.19147762935608625,0.10226026177406311,-0.38432565331459045,-0.17599509935826063,-0.11682605743408203,-0.37432989478111267,-0.23267512302845716,-0.026945363391529316,0.03693681774717373,4.32782778234191e-05,-0.0016386761809840276,0.03697474797566716,4.32782778234191e-05,0.41533665643783824,0.40185794446849527,0.044317593847253624,0.7294790281321105,1.4058505079099681
rotate,shahzaib,rotate,0.14985975623130798,0.014290720224380493,-0.19225654285401106,-0.15548688173294067,0.028585582971572876,-0.3270645020529628,0.1397252380847931,-0.17108681797981262,-0.06123183201998472,-0.15206438302993774,-0.1615709364414215,-0.19332230370491743,0.1018587052822113,-0.38443297147750854,-0.17599509935826063,-0.11696499586105347,-0.3743951618671417,-0.23267512302845716,-0.02849463260535045,0.0009789611354018726,0.0,-0.08724494413896063,0.0009789611354018726,0.0,0.41567628182820787,0.4019317327123679,89.02898389249113,29.077308860483612,2.8141273631982737
rotate,shahzaib,rotate,0.14915141463279724,0.014480024576187134,-0.17173420172184706,-0.15651345252990723,0.029137998819351196,-0.3256020126864314,0.1390990912914276,-0.17089423537254333,-0.05161370988935232,-0.15302026271820068,-0.16221210360527039,-0.19379386585205793,0.10151192545890808,-0.38430559635162354,-0.17444369476288557,-0.11699607968330383,-0.3742832541465759,-0.23254576604813337,-0.021464896924568,0.005736495509292155,0.6218891252170925,-0.031108205968683494,0.016739874175100658,0.04431785959185987,0.4158963754827683,0.4016302201529014,1.8582187311909861,3.7411614335566012,2.219334944321048
rotate,shahzaib,rotate,0.14839446544647217,0.014656245708465576,-0.1662976322695613,-0.1565944254398346,0.029338538646697998,-0.32208033185452223,0.13865673542022705,-0.17069220542907715,-0.05158981587737799,-0.1536109745502472,-0.16251236200332642,-0.19410763960331678,0.1012411117553711,-0.3841745853424072,-0.17226827424019575,-0.11697503924369812,-0.37416478991508484,-0.2313368497416377,-0.022937854131062727,0.005340034311467928,0.16474452885714375,-0.00245372454325357,0.006076964465054573,0.10671760096694438,0.4154744414148337,0.401652983465316,0.40370827393962705,4.294646466099652,2.1056800774434024
idle,shahzaib,rotate,0.14764678478240967,0.014814645051956177,-0.16629662504419684,-0.15653559565544128,0.02945426106452942,-0.3220793246291578,0.13828599452972412,-0.17056789994239807,-0.05158880865201354,-0.15355214476585388,-0.16242721676826477,-0.19495933642610908,0.10108482837677002,-0.3841339647769928,-0.1722672670148313,-0.1169174313545227,-0.3741344213485718,-0.23133584251627326,-0.022656989820075815,0.004799980105775787,3.052198074080735e-05,0.0017827207391912332,0.0035067399342854906,3.052198074080735e-05,0.415557219959525,0.4017009554809562,0.5082248891277524,4.7192425964895115,3.2364269579235807
idle,shahzaib,rotate,0.14696499705314636,0.014995992183685303,-0.16629622224718332,-0.15648847818374634,0.029505789279937744,-0.32207892183214426,0.13789185881614685,-0.17045331001281738,-0.05158840585500002,-0.15350502729415894,-0.16237568855285645,-0.19495893362909555,0.10104283690452576,-0.3840824365615845,-0.17226686421781778,-0.11687195301055908,-0.37410491704940796,-0.23133543971925974,-0.020660234220100222,0.0054953676281553464,1.2205970106702893e-05,0.0014278021725741335,0.0015614610729795552,1.2205970106702893e-05,0.4155784533351585,0.401756251535742,0.9138161566171809,3.758888709384614,0.059923524214512414
idle,shahzaib,rotate,0.14646261930465698,0.015176653861999512,-0.16629679594188929,-0.15646329522132874,0.02952629327774048,-0.3220794955268502,0.13753390312194824,-0.17039990425109863,-0.05158897954970598,-0.15347984433174133,-0.1623551845550537,-0.19495950732380152,0.10102957487106323,-0.38406193256378174,-0.17226743791252375,-0.11685296893119812,-0.37410280108451843,-0.2313360134139657,-0.01522356813604175,0.005474596312551764,-1.738468805948886e-05,0.0007631200732606798,0.0006213332667495239,-1.738468805948886e-05,0.415595720996354,0.40185975038973787,1.2262241375051217,2.7802575769043845,0.034901385305983225
idle,shahzaib,rotate,0.14608371257781982,0.01601964235305786,-0.19721215451136231,-0.15380701422691345,0.030242860317230225,-0.3347048261202872,0.13717710971832275,-0.16963613033294678,-0.061919710133224726,-0.15338876843452454,-0.16164350509643555,-0.20285954559221864,0.10101324319839478,-0.383345365524292,-0.17646307731047273,-0.11688345670700073,-0.37341049313545227,-0.24259727681055665,-0.011482022025368459,0.02554510578964702,-0.936829047559791,0.08049336346713,0.02171415271181054,-0.3825857755586966,0.41567196139909046,0.40243543697299555,3.706783209650231,0.44946271341371086,11.859306552938195
idle,shahzaib,rotate,0.14595098793506622,0.016877084970474243,-0.21741615235805511,-0.15194331109523773,0.030987471342086792,-0.35806627571582794,0.13702405989170074,-0.16881772875785828,-0.07795998454093933,-0.1529018133878708,-0.16085633635520935,-0.21989308297634125,0.10101313889026642,-0.38254714012145996,-0.1913430541753769,-0.1169198602437973,-0.3726811707019806,-0.2575273960828781,-0.004021958871321228,0.025983109618678127,-0.6122423589906884,0.056475852475021585,0.022563970450198916,-0.7079227150163837,0.4174722517690169,0.40278893767817026,2.502810832376859,0.1547853257373163,9.88555666973119
idle,shahzaib,rotate,0.1459212750196457,0.01761859655380249,-0.2268444336950779,-0.15088702738285065,0.031219065189361572,-0.3632317818701267,0.1369401067495346,-0.1681014895439148,-0.08773919567465782,-0.15247111022472382,-0.16014999151229858,-0.22640608623623848,0.10104142129421234,-0.3817530870437622,-0.20026645436882973,-0.11697687208652496,-0.3720712959766388,-0.2658790685236454,-0.0009003913763797667,0.022470047979643908,-0.2857054950612971,0.03200859734506326,0.007017995371963056,-0.15653048952420592,0.41625781054239225,0.40276336962916093,4.56028187066765,0.04006895349052764,16.73193035308926
idle,shahzaib,rotate,0.14587102830410004,0.018246710300445557,-0.23157367249950767,-0.15075422823429108,0.031318485736846924,-0.36693658074364066,0.13682423532009125,-0.16748327016830444,-0.09163493057712913,-0.15222503244876862,-0.159559965133667,-0.23006679257377982,0.10107342898845673,-0.38110658526420593,-0.2037173374556005,-0.11697737872600555,-0.37156304717063904,-0.2698884173296392,-0.0015226277438077098,0.019033749898274787,-0.14331026680090247,0.004024216623017292,0.003012743863192479,-0.11226663253072564,0.4157796906326977,0.4028223615750139,1.3352882015508818,0.07999200157317081,1.5915458004342518
idle,shahzaib,rotate,0.14580143988132477,0.018833637237548828,-0.2321038506925106,-0.15062473714351654,0.031885504722595215,-0.377741452306509,0.13668192923069,-0.16689825057983398,-0.0923088975250721,-0.15216164290905,-0.15899163484573364,-0.2368023805320263,0.10113681852817535,-0.3805178701877594,-0.20618027076125145,-0.11691533029079437,-0.3710525631904602,-0.27581193670630455,-0.002108740084099038,0.01778566476070512,-0.016066005848573848,0.003923972447713199,0.0171823935075239,-0.3274203503899488,0.4169952479757542,0.40267677717983513,0.22835841162544834,0.11855736375926618,6.533934259243598
idle,shahzaib,rotate,0.1456960290670395,0.019339442253112793,-0.23256697738543153,-0.15052975714206696,0.03209555149078369,-0.38108390057459474,0.13662146031856537,-0.1663849949836731,-0.09285821253433824,-0.15207262337207794,-0.15852636098861694,-0.24074758077040315,0.1012258380651474,-0.38000568747520447,-0.20740355039015412,-0.1168283075094223,-0.37076249718666077,-0.27886089170351624,-0.0031942670995538966,0.015327424714059578,-0.014034142209724982,0.0028781818621086423,0.006365053581469002,-0.10128631115411292,0.41698913491144646,0.4026007061389957,0.45211398636146666,0.20838847821224857,6.860455629450157
idle,shahzaib,rotate,0.14563782513141632,0.019677311182022095,-0.23256795899942517,-0.1502964049577713,0.03219565749168396,-0.3881736327894032,0.13672097027301788,-0.1660386025905609,-0.09285919414833188,-0.1518903225660324,-0.15880087018013,-0.24666323559358716,0.10140813887119293,-0.3796924352645874,-0.20740453200414777,-0.11664600670337677,-0.37083834409713745,-0.2834564675576985,-0.0017637556249445179,0.010238452391190988,-2.974587859529445e-05,0.007071278311989541,0.0030335151787960245,-0.21484037014571156,0.41777319257408274,0.4025986308740426,2.3302827289844514,0.1722509717865263,3.4448568975322735
idle,shahzaib,rotate,0.14557187259197235,0.020006626844406128,-0.23256412986665964,-0.1501113623380661,0.03234913945198059,-0.3909109914675355,0.1368047446012497,-0.16566845774650574,-0.09285536501556635,-0.15174682438373566,-0.15922805666923523,-0.2513531232252717,0.10158638656139374,-0.37936311960220337,-0.20740070287138224,-0.11647070944309235,-0.37112000584602356,-0.2863625967875123,-0.0019985618013324074,0.009979262496485812,0.00011603432622822799,0.00560735211227877,0.004650968493837279,-0.08295026297370557,0.4181499869243953,0.402571876087143,1.2053719021758509,0.20025142645658156,3.997216617110273
idle,shahzaib,rotate,0.14550842344760895,0.020014047622680664,-0.23157792165875435,-0.15006078779697418,0.03228592872619629,-0.3958277143537998,0.1367190033197403,-0.16560351848602295,-0.09231367334723473,-0.15215401351451874,-0.15999305248260498,-0.2518203593790531,0.1016734391450882,-0.37935569882392883,-0.20750616863369942,-0.11641879379749298,-0.37179359793663025,-0.28927576914429665,-0.0019227013443455598,0.00022487206892533791,0.029885097209251362,0.001532561851270275,-0.0019154765389182398,-0.1489916026140708,0.4192438009753323,0.4024886948963047,0.7996768132289965,8.512346628308034,2.014907858938568
idle,shahzaib,rotate,0.14552588760852814,0.020031601190567017,-0.21501916833221912,-0.14993177354335785,0.03223106265068054,-0.39674379117786884,0.13672854006290436,-0.1655859649181366,-0.0790656078606844,-0.15312640368938446,-0.1609732210636139,-0.2540247905999422,0.10176779329776764,-0.3793381452560425,-0.20974998362362385,-0.11634595692157745,-0.3726769685745239,-0.2893503773957491,0.0005292169975511933,0.0005319262995864383,0.5017804038343986,0.003909522836858559,-0.0016626083489620254,-0.027759903759667248,0.42025214592265986,0.40179438709622595,2.3500259777476034,0.9930397467002032,3.6744018950676502
rotate,shahzaib,rotate,0.1455220729112625,0.01984870433807373,-0.2144098887220025,-0.1489037722349167,0.03215765953063965,-0.421493754722178,0.1366719752550125,-0.1655542254447937,-0.07862745318561792,-0.15387751162052155,-0.1623937487602234,-0.26973398122936487,0.10178317129611969,-0.37943536043167114,-0.21224477980285883,-0.11624889075756073,-0.3737606406211853,-0.29919608030468225,-0.0001155968868371215,-0.005542328863432927,0.0184630184914127,0.031151554801247414,-0.002224336970936174,-0.749998895282097,0.42519728227068315,0.4016784081702435,13.998578735759875,0.020853333743135263,21.901599891242675
rotate,shahzaib,rotate,0.14543581008911133,0.019653618335723877,-0.21335267834365368,-0.14733579754829407,0.03221040964126587,-0.43315151147544384,0.13656872510910034,-0.16544926166534424,-0.07735769264400005,-0.1544954776763916,-0.16459769010543823,-0.2777653317898512,0.10173690319061279,-0.37943118810653687,-0.2122489046305418,-0.11616748571395874,-0.3749138414859772,-0.30572175793349743,-0.0026140249136722515,-0.005911697040904666,0.03203667813178273,0.047514384443109806,0.0015984882007945708,-0.35326535615957233,0.4277381928309442,0.40147166215511415,29.705992466531665,0.4421036450181955,12.033006995218823
rotate,shahzaib,rotate,0.14510881900787354,0.0197812020778656,-0.20850609801709652,-0.14586478471755981,0.03186097741127014,-0.433472340926528,0.13619357347488403,-0.1651425063610077,-0.0768847968429327,-0.15495100617408752,-0.1656571328639984,-0.280610715970397,0.10141438245773315,-0.37899234890937805,-0.21225704811513424,-0.11623668670654297,-0.3754662275314331,-0.31184799037873745,-0.009908820643569441,0.0038661740042946393,0.14686607050173148,0.044576146385886264,-0.010588855454415942,-0.009722104578307139,0.42612880532106395,0.4011777889901783,4.20932529039366,2.562289835566057,10.417330790742188
rotate,shahzaib,rotate,0.14439082145690918,0.019535213708877563,-0.1981459315866232,-0.14492598176002502,0.030017703771591187,-0.4356978889554739,0.1353905200958252,-0.16505637764930725,-0.0724500622600317,-0.155832439661026,-0.16847798228263855,-0.2823790665715933,0.10072368383407593,-0.3789062201976776,-0.2122586276382208,-0.11623954772949219,-0.3770689070224762,-0.31430557928979397,-0.02175750154437446,-0.0074541929996375066,0.31394443728707133,0.028448574470751282,-0.05585677695996848,-0.06744084936199783,0.42576814468811186,0.40107550829180283,0.5093037356488334,2.918435719294239,2.2759042023368377
rotate,shahzaib,rotate,0.144550621509552,0.019398242235183716,-0.19788379594683647,-0.1434265375137329,0.02940419316291809,-0.43659859523177147,0.13542211055755615,-0.1649303138256073,-0.07204071059823036,-0.1556335985660553,-0.16982236504554749,-0.2867797575891018,0.1009414792060852,-0.37878015637397766,-0.21225671097636223,-0.11563658714294434,-0.3785425126552582,-0.3143036626279354,0.004842425837661293,-0.004150650717995394,0.00794350423596124,0.045437704433094486,-0.018591230565851432,-0.027294129584774895,0.42678899548850757,0.40081713423685644,2.4439081836985417,1.1663856539452424,1.7379020615599283
rotate,shahzaib,rotate,0.1446283906698227,0.019208550453186035,-0.19040310848504305,-0.13990570604801178,0.02909773588180542,-0.4365853713825345,0.1354440301656723,-0.16493016481399536,-0.06479324866086245,-0.1555158942937851,-0.1709049940109253,-0.2867665337398648,0.10113297402858734,-0.37870967388153076,-0.21224348712712526,-0.1151966005563736,-0.37940558791160583,-0.31429043877869844,0.002356641220323957,-0.005748235818111511,0.22668749884222397,0.10669186259760956,-0.009286584276141503,0.00040072270415045827,0.42713177824301285,0.40088373210410794,11.487579485193578,0.4099051238948933,2.0565140247961113
rotate,shahzaib,rotate,0.14465214312076569,0.01909574866294861,-0.1687087332829833,-0.13342861831188202,0.027564018964767456,-0.43656822200864553,0.13535673916339874,-0.16474071145057678,-0.05105296056717634,-0.1554921418428421,-0.17164954543113708,-0.28674938436597586,0.10124559700489044,-0.37823355197906494,-0.19127011951059103,-0.11493076384067535,-0.3805179297924042,-0.3142732894048095,0.0007197712406967643,-0.0034182360678008195,0.6574053091533273,0.19627538594332658,-0.04647627021327175,0.0005196779966354383,0.4264142329496819,0.4003295112065715,4.223040317184537,0.21050644834818497,2.939283744497506
rotate,shahzaib,rotate,0.1447238326072693,0.019282221794128418,-0.1669166563078761,-0.1246977150440216,0.02571547031402588,-0.4365634648129344,0.1352245807647705,-0.16436028480529785,-0.04692240711301565,-0.1553216576576233,-0.17277592420578003,-0.2867446271702647,0.10140269994735718,-0.37783175706863403,-0.19031794648617506,-0.11428943276405334,-0.381838321685791,-0.31339443009346724,0.002172408681927311,0.005650700944842728,0.05430536288203629,0.264572826298801,-0.05601662578004793,0.00014415744579199624,0.4258861782532685,0.40015478645789204,4.723028200760255,0.3843813929874811,2.0897449018825722
rotate,shahzaib,rotate,0.1447771191596985,0.019302934408187866,-0.16099326685070992,-0.1165848970413208,0.020466715097427368,-0.42730655148625374,0.13526153564453125,-0.16413214802742004,-0.038462042808532715,-0.1538366675376892,-0.17424961924552917,-0.2845230884850025,0.10186505317687988,-0.3774878680706024,-0.17927076295018196,-0.11347562074661255,-0.382442831993103,-0.30497564747929573,0.001614744013006041,0.0006276549714984331,0.17949665021715785,0.2458429697788129,-0.15905318838177346,0.2805125250509298,0.4210826769304726,0.39952278183145246,1.5456554290084,2.5685695432539273,9.069356386380749
rotate,shahzaib,rotate,0.1448444426059723,0.01930522918701172,-0.15710530150681734,-0.10566169023513794,0.009695351123809814,-0.42594963777810335,0.13516435027122498,-0.16390585899353027,-0.03342317137867212,-0.15141218900680542,-0.177534282207489,-0.28448418248444796,0.10216620564460754,-0.3771030902862549,-0.16916725505143404,-0.11278581619262695,-0.382731169462204,-0.3045971440151334,0.002040104432539484,6.953875223795496e-05,0.11781713163310702,0.33100626685402246,-0.32640496889749804,0.04111859721667794,0.4108232648869766,0.39888153426933953,1.014093792377826,28.921753898586257,9.219736599820834
rotate,shahzaib,rotate,0.14496669173240662,0.021600157022476196,-0.15437138359993696,-0.09039613604545593,-0.012140840291976929,-0.4239469198510051,0.1352771818637848,-0.16106411814689636,-0.031055270694196224,-0.1479966938495636,-0.18253609538078308,-0.27624506037682295,0.10276266932487488,-0.3733934462070465,-0.16802408080548048,-0.11147701740264893,-0.3808874785900116,-0.2975192693993449,0.003704518982858378,0.06954326774134797,0.0828459971781935,0.4625925512024862,-0.6617027701753575,0.06068842203328119,0.3903875479746054,0.39747644237187607,0.6990931169696902,0.053268502252930235,10.931061370041993
rotate,shahzaib,rotate,0.14486391842365265,0.026393532752990723,-0.1461593173444271,-0.07575203478336334,-0.027460575103759766,-0.4236385188996792,0.13512136042118073,-0.15626776218414307,-0.02458895742893219,-0.1450294703245163,-0.19034814834594727,-0.27611633762717247,0.10287852585315704,-0.368010014295578,-0.16175518557429314,-0.10988010466098785,-0.3784775733947754,-0.2942767105996609,-0.003114342689514168,0.14525381001559207,0.24885049259120828,0.44376064430583717,-0.4642343882358447,0.009345483373511945,0.3756489527330771,0.3969384866948965,0.9558957708764638,0.021440547746266476,6.209127137551585
rotate,shahzaib,rotate,0.14486604928970337,0.02884221076965332,-0.14137854892760515,-0.06526735424995422,-0.0440446138381958,-0.4236207427456975,0.13492804765701294,-0.15381908416748047,-0.015276269055902958,-0.13661697506904602,-0.19688040018081665,-0.27594367880374193,0.1026884913444519,-0.3653184771537781,-0.15729920286685228,-0.10770660638809204,-0.3777019679546356,-0.29340086597949266,6.457169850667334e-05,0.07420236414129103,0.1448717702067263,0.31771759192148924,-0.5025466283162447,0.000538671332778354,0.36067372566217426,0.39673046457305366,0.6322138918175431,0.0008701990705397402,4.000945564623037
rotate,shahzaib,rotate,0.14486676454544067,0.028951376676559448,-0.11029388755559921,-0.04958614706993103,-0.06497886776924133,-0.4236149340867996,0.1344929337501526,-0.15370991826057434,-0.0005975175590720028,-0.12903538346290588,-0.20285865664482117,-0.27569322288036346,0.10225337743759155,-0.3650036156177521,-0.11974619328975677,-0.10624450445175171,-0.3789701461791992,-0.25459180772304535,2.167441628196028e-05,0.003308057785034188,0.9419594355153338,0.4751880963643404,-0.6343713312438056,0.00017601996660232587,0.36106718159437234,0.39636571849506164,0.7490681307500364,0.006550026530206497,6.22318627162854
rotate,shahzaib,rotate,0.14570361375808716,0.02826806902885437,-0.07558994181454182,-0.03937417268753052,-0.09232756495475769,-0.4258935321122408,0.13518685102462769,-0.1537128984928131,0.01144349854439497,-0.12409275770187378,-0.2055906355381012,-0.27568032033741474,0.10224145650863647,-0.36472007632255554,-0.10561790503561497,-0.10585933923721313,-0.37976938486099243,-0.22563342936336994,0.025359067049893186,-0.020706292354699108,1.05163471942597,0.30945376916364853,-0.8287483995610926,-0.06904842501336803,0.3565770407010744,0.3965227863247243,0.373398483700303,1.2246442758190184,8.019852301026367
rotate,shahzaib,rotate,0.1462205946445465,0.028577715158462524,-0.05088422726839781,-0.020731300115585327,-0.11824807524681091,-0.4376920973882079,0.13587793707847595,-0.15341606736183167,0.024566241540014744,-0.12269172072410583,-0.20991560816764832,-0.2756791627034545,0.10216614603996277,-0.36416497826576233,-0.0639196252450347,-0.10588023066520691,-0.3796229362487793,-0.17318677064031363,0.01566608746846521,0.009383216048731971,0.7486580165498203,0.564935532483189,-0.7854700088500997,-0.35753228108991364,0.38148424111036733,0.3954207117493694,0.7192315516650749,1.6694082262291978,11.750657356450887
rotate,shahzaib,rotate,0.14669284224510193,0.028766334056854248,-0.024553204886615276,-0.0072453320026397705,-0.14538389444351196,-0.4474001629278064,0.13587555289268494,-0.154394268989563,0.025426317937672138,-0.12203055620193481,-0.21894317865371704,-0.2756617469713092,0.10175898671150208,-0.3639763593673706,-0.04125273134559393,-0.10589274764060974,-0.379715234041214,-0.1589429033920169,0.014310533350164276,0.005715724193688609,0.7979097691449272,0.4086657003922906,-0.8222975514151853,-0.29418380423025725,0.3845127825035232,0.39565736287245207,0.49697971580878036,2.5032751039421184,5.230197498280411
rotate,shahzaib,rotate,0.14823904633522034,0.028766334056854248,-0.024563833139836788,0.011751800775527954,-0.1815422773361206,-0.4530717125162482,0.13690105080604553,-0.15797698497772217,0.025415689684450626,-0.12114226818084717,-0.2326192855834961,-0.28674799110740423,0.10236969590187073,-0.3639763593673706,-0.04126335959881544,-0.1050044596195221,-0.3805719017982483,-0.151090188883245,0.04685466939752764,0.0,-0.00032206827943975357,0.5756706902475083,-1.095708572503295,-0.1718651390436928,0.3800495446263321,0.3957646961658483,0.5253862015025677,46854.66939752764,10.392044572493955
rotate,shahzaib,rotate,0.14889998733997345,0.029925167560577393,-0.02464832365512848,0.022233501076698303,-0.21192491054534912,-0.5333830118179321,0.13732518255710602,-0.1589328646659851,0.025331199169158936,-0.12078608572483063,-0.240134596824646,-0.34615424275398254,0.1019296795129776,-0.3631037473678589,-0.04134785011410713,-0.10469941794872284,-0.3807866871356964,-0.1457124799489975,0.020028515295548922,0.03511616677948932,-0.0025603186452027586,0.31762728185364775,-0.9206858548251088,-2.4336757364146697,0.441491457227776,0.3961777529987529,0.34498948278563546,0.5703340312535368,69.187907261325
rotate,shahzaib,rotate,0.14935749769210815,0.03198078274726868,-0.024684250354766846,0.02267354726791382,-0.25369992852211,-0.6480288356542587,0.13784074783325195,-0.15693172812461853,0.02529527246952057,-0.1208651065826416,-0.24268963932991028,-0.40505193173885345,0.1019333004951477,-0.3614695072174072,-0.035996317863464355,-0.10438746213912964,-0.38031235337257385,-0.14347976446151733,0.013863950064688052,0.06229136929367543,-0.0010886878678292966,0.013334733067136855,-1.2659096356594233,-3.4741158738280875,0.5354857341512556,0.3964595162489924,0.0105337080608306,0.22256257422681888,34.4747960749442
rotate,shahzaib,rotate,0.1495068222284317,0.03513145446777344,-0.03461442235857248,0.022822871804237366,-0.29201531410217285,-0.7446246268227696,0.13822157680988312,-0.15378105640411377,0.019560222513973713,-0.12087039649486542,-0.2502124309539795,-0.439086121506989,0.10205085575580597,-0.3583272099494934,-0.026161069981753826,-0.10446451604366302,-0.3778143525123596,-0.14015231747180223,0.004524985949198355,0.09547490062135534,-0.30091430314562206,0.004524985949198355,-1.1610722903049226,-2.927145186924541,0.6236588224897858,0.3964003639318171,0.003897244030142143,0.047394011679909094,16.878690303754507
rotate,shahzaib,rotate,0.14937354624271393,0.03618490695953369,-0.03461442235857248,0.022689595818519592,-0.3245355784893036,-0.7644985439255834,0.1385081559419632,-0.15272760391235352,0.019560222513973713,-0.12102644145488739,-0.26319050788879395,-0.45722798723727465,0.10182799398899078,-0.3594910204410553,-0.025225636549293995,-0.10461486876010895,-0.37831833958625793,-0.14015231747180223,-0.004038666233871932,0.03192280278061383,0.0,-0.004038666233871932,-0.9854625571857824,-0.6022399122064779,0.6394585385933473,0.398632874161678,0.0040982400662336734,0.1265095597045997,70.65284346139075
rotate,shahzaib,rotate,0.1490660011768341,0.03782328963279724,-0.034618896432220936,0.021856039762496948,-0.35184574127197266,-0.7848010221496224,0.13829031586647034,-0.1497134268283844,0.01955574844032526,-0.12169277667999268,-0.2707323133945465,-0.46407918725162745,0.09918472170829773,-0.36134469509124756,-0.025230110622942448,-0.10492241382598877,-0.3762805759906769,-0.1401567915454507,-0.009319547450903713,0.04964795979586527,-0.00013557798934705364,-0.02525927442492867,-0.8275806903839131,-0.6152266128496705,0.657446592122328,0.40238212108522664,0.030521789834682005,0.1877088158386722,4.8433355677559025
rotate,shahzaib,rotate,0.14908331632614136,0.03774330019950867,-0.038022601045668125,0.019195139408111572,-0.38420191407203674,-0.8074777061119676,0.13853609561920166,-0.14909294247627258,0.01884839218109846,-0.12226599454879761,-0.28748810291290283,-0.5039665633812547,0.09922319650650024,-0.36134469509124756,-0.02522734645754099,-0.10486730933189392,-0.3763841688632965,-0.13916257862001657,0.0005247014941591217,-0.0024239222208658913,-0.10314256404385448,-0.08063334407228433,-0.9804900848504293,-0.6871722412831872,0.6797776974585868,0.40239405819867496,0.08223771263007931,0.21637869027063528,5.388807906059743
rotate,shahzaib,rotate,0.14915017783641815,0.03703764081001282,-0.04301326349377632,0.018935546278953552,-0.4018810987472534,-0.8099297136068344,0.13899098336696625,-0.14787331223487854,0.01892421767115593,-0.12695644795894623,-0.2993721067905426,-0.5059354156255722,0.0992925614118576,-0.36134469509124756,-0.02515152096748352,-0.10478086769580841,-0.3769605755805969,-0.1351020336151123,0.002026106372024079,-0.021383617863510646,-0.15123219539721844,-0.00786645845933396,-0.5357328689459612,-0.0743032574202077,0.6865268976847773,0.40188718481653385,0.01468351902934746,0.09474597044267496,23.052469239473346
rotate,shahzaib,rotate,0.14929580688476562,0.03539267182350159,-0.04301326349377632,-0.015228509902954102,-0.4163829982280731,-0.8282060474157333,0.13945931196212769,-0.14785674214363098,0.01892421767115593,-0.13830873370170593,-0.3085114359855652,-0.5064918845891953,0.0994524359703064,-0.36134469509124756,-0.02515152096748352,-0.10349208116531372,-0.37793517112731934,-0.12831401824951172,0.004413001465074895,-0.04984754504579431,0.0,-1.035274429754766,-0.43945149941877404,-0.5538282972393553,0.7064825163520795,0.40025484603767164,2.355827833779611,0.08852818996062588,34.48135341255579
rotate,shahzaib,rotate,0.1495022177696228,0.03430148959159851,-0.03521475149318576,-0.04429253935813904,-0.4386935830116272,-0.90709277568385,0.14010483026504517,-0.14812573790550232,-0.012257515918463469,-0.15043696761131287,-0.3116416931152344,-0.5310578006319702,0.09967547655105591,-0.36159324645996094,-0.04669400630518794,-0.10266351699829102,-0.38158923387527466,-0.12829587934538722,0.006254875298702371,-0.033066128239487236,0.23631854547244188,-0.8807281653086366,-0.6760783267743676,-2.3905069172156637,0.783066206311686,0.39918306510276064,1.3026994472833033,0.18915689482926093,56.31200923573897
rotate,shahzaib,rotate,0.14957621693611145,0.03370177745819092,-0.03525195689871907,-0.074776291847229,-0.45696890354156494,-0.9071299810893834,0.1404280960559845,-0.1486639380455017,-0.012294721323996782,-0.15756916999816895,-0.3123408555984497,-0.5310950060375035,0.0999157726764679,-0.3619246482849121,-0.053296257276088,-0.10161596536636353,-0.3876652419567108,-0.1219363366253674,0.002242398984504474,-0.01817309495174528,-0.0011274365313125407,-0.923750075426971,-0.5537975918162966,-0.0011274365313125407,0.7887030016998573,0.39913910513308126,1.6680253237866536,0.12338435506463191,72.51191451200354
rotate,shahzaib,rotate,0.14958104491233826,0.03255504369735718,-0.03522952971979976,-0.10010311007499695,-0.4755183458328247,-0.907107553910464,0.14053282141685486,-0.14962655305862427,-0.012272294145077467,-0.16734343767166138,-0.3190416991710663,-0.5310725788585842,0.10240426659584045,-0.3617940843105316,-0.06379789067432284,-0.10032069683074951,-0.39321258664131165,-0.11620009643957019,0.00014630230990323188,-0.03474950790405282,0.0006796114824034968,-0.7674793402353941,-0.5621043118563579,0.0006796114824034968,0.7951785281451967,0.3981871851535834,1.3653657491703584,0.004210076880233719,4.742478429128315
rotate,shahzaib,rotate,0.14958354830741882,0.03053233027458191,-0.035142756532877684,-0.11919921636581421,-0.5053438544273376,-0.907020780723542,0.14074918627738953,-0.15145793557167053,-0.012185520958155394,-0.17591705918312073,-0.32660266757011414,-0.5064017507247627,0.10502055287361145,-0.3624301552772522,-0.06812984822317958,-0.09975060820579529,-0.39538633823394775,-0.11179714230820537,7.586045698686099e-05,-0.06129434614470526,0.0026294905127901085,-0.5786698876005245,-0.9038032907428186,0.0026294905127901085,0.8030252417086947,0.3968545373701721,0.6402601686311173,0.0012376218058671306,11.83025815024099
rotate,shahzaib,rotate,0.14997974038124084,0.029579073190689087,-0.010223977733403444,-0.14536479115486145,-0.5062971115112305,-0.9169152309186757,0.14136752486228943,-0.15235081315040588,-0.0034642196260392666,-0.18202859163284302,-0.3343871533870697,-0.47217362420633435,0.1070733368396759,-0.36190274357795715,-0.07348524825647473,-0.09781897068023682,-0.3963395953178406,-0.1045379345305264,0.012005820418849166,-0.028886578299782563,0.7551145090749788,-0.7928962057287062,-0.028886578299782563,-0.29983182409496095,0.821162670911765,0.398874617735379,27.447652326559833,0.41560494598259673,28.79354036712761
rotate,shahzaib,rotate,0.15056560933589935,0.02893182635307312,-0.00902634160593152,-0.16966430842876434,-0.5071093440055847,-0.9069813420064747,0.14199011027812958,-0.1529352366924286,-0.0030887541361153126,-0.18846260011196136,-0.33519938588142395,-0.45734696881845593,0.10846512019634247,-0.36106565594673157,-0.07348524825647473,-0.09641040861606598,-0.3971518278121948,-0.10144582437351346,0.01775360468662127,-0.01961354053381696,0.03629200386278517,-0.7363490083000795,-0.024613105889522396,0.3010269367333581,0.8162991237122524,0.3975241351573007,29.9157325317888,0.9051246780934125,18.28875367763935
rotate,shahzaib,rotate,0.15140995383262634,0.028585463762283325,0.01764177856966853,-0.19852373003959656,-0.5083197951316833,-0.9069813420064747,0.1422891914844513,-0.15399840474128723,0.01914125820621848,-0.195083349943161,-0.3364098370075226,-0.4565194179303944,0.10971471667289734,-0.3610701560974121,-0.07348524825647473,-0.09651479125022888,-0.39836227893829346,-0.10130737768486142,0.025586196870514905,-0.010495836084539266,0.8081248538060641,-0.8745279276009783,-0.03668033715450412,0.0,0.8195163303717973,0.4023358421868752,23.8412226881864,2.4375151392714116,10.043808926347491
rotate,shahzaib,rotate,0.1517588049173355,0.027742892503738403,0.05091994209215045,-0.2231907993555069,-0.50885009765625,-0.9056203891523182,0.142446830868721,-0.15523919463157654,0.04681571898981929,-0.20286409556865692,-0.3378150165081024,-0.45139890210703015,0.11013467609882355,-0.36186841130256653,-0.07348524825647473,-0.09692181646823883,-0.39959612488746643,-0.0993572105653584,0.01057124499118692,-0.02553246238014921,1.0084291976509696,-0.7474869489669819,-0.016069773471716717,0.04124099558049992,0.8233714834449243,0.4111036214134176,46.512194965755654,0.4140153353978915,4.095398804997047
rotate,shahzaib,rotate,0.15233437716960907,0.02732384204864502,0.08625944191589952,-0.25058551132678986,-0.4966433346271515,-0.9047290286980569,0.142647847533226,-0.15619713068008423,0.0760632180608809,-0.20815564692020416,-0.3368963301181793,-0.43188290810212493,0.11061958968639374,-0.3625562787055969,-0.06475937133654952,-0.0973374992609024,-0.40041017532348633,-0.09424821799620986,0.01744158340222912,-0.01269849863919348,1.0708939340530046,-0.8301427870085766,0.3699019099726831,0.027010922856403188,0.8304365831703431,0.4201824770385959,2.2442180491899397,1.3734072421095833,11.96906875808295
rotate,shahzaib,rotate,0.15241067111492157,0.026674270629882812,0.08632336929440498,-0.2730405777692795,-0.4790063798427582,-0.9046651013195515,0.14281342923641205,-0.15682369470596313,0.08018549904227257,-0.21426977217197418,-0.3279338777065277,-0.42269961908459663,0.11056791245937347,-0.3630829453468323,-0.06251885369420052,-0.09802927076816559,-0.4003014862537384,-0.09418429061770439,0.00231193773674243,-0.019683982386733596,0.0019371932880445008,-0.6804565588633237,0.5344531752846471,0.0019371932880445008,0.8328880851405069,0.4193036026580453,1.2731803591971502,0.11744677700603513,6.783533357904563
rotate,shahzaib,rotate,0.15277130901813507,0.026631861925125122,0.08635299419984221,-0.2908736765384674,-0.44660624861717224,-0.8823060267604887,0.1441018134355545,-0.15673378109931946,0.0802151239477098,-0.22007007896900177,-0.3111775815486908,-0.3937871032394469,0.11092670261859894,-0.36340898275375366,-0.062489228788763285,-0.09845469892024994,-0.39860135316848755,-0.09415466571226716,0.010928421309499909,-0.0012851122653845443,0.0008977244071888103,-0.5403969323996283,0.9818221583510782,0.677547713910984,0.8127189556401667,0.4195674426677255,0.5504014931845743,8.497253003206792,24.918697578885226
rotate,shahzaib,rotate,0.1532394289970398,0.026714682579040527,0.08635299419984221,-0.3135908246040344,-0.4094827473163605,-0.8692358010448515,0.1450209617614746,-0.15622365474700928,0.0802151239477098,-0.22162282466888428,-0.2924199104309082,-0.38763426477089524,0.11106812953948975,-0.3635900914669037,-0.062489228788763285,-0.09894710779190063,-0.39743155241012573,-0.09415466571226716,0.014185453906203797,0.0025097167853153175,0.0,-0.6883984262293052,1.1249545848730866,0.3960674459284012,0.8043431623467955,0.4198454983505048,0.6119338714221041,5.649961791457997,10.568004232740217
rotate,shahzaib,rotate,0.15351054072380066,0.026639461517333984,0.08456396823748946,-0.32433559000492096,-0.3639717400074005,-0.8219659798778594,0.14538154006004333,-0.15558362007141113,0.0802151239477098,-0.22208639979362488,-0.2716403603553772,-0.3591881566680968,0.11135169863700867,-0.3636602461338043,-0.062489228788763285,-0.09995415806770325,-0.3948321044445038,-0.0957303517498076,0.00821550687154136,-0.0022794261123194894,-0.05421290795008355,-0.325598951542017,1.3791214336048507,1.432418823242191,0.7607348924914205,0.4192086264788751,0.23609140393064507,3.6026191890887986,34.15312065124311
rotate,shahzaib,rotate,0.15396039187908173,0.026937037706375122,-0.03447554865851998,-0.3351746052503586,-0.32334059476852417,-0.7557493322528899,0.14563106000423431,-0.15469619631767273,-0.0053010848350822926,-0.2223157435655594,-0.2550157606601715,-0.35042242938652635,0.11226199567317963,-0.36381039023399353,-0.13484601909294724,-0.10071082413196564,-0.3918578624725342,-0.1471101068891585,0.013631853190335394,0.009017460273973892,-3.607258087757871,-0.3284550074375045,1.2312468254204982,2.0065650795445347,0.6558274066256454,0.40558173038659695,0.2667659594243993,1.5115499515671382,17.966374582408143
rotate,shahzaib,rotate,0.1541738063097,0.02695217728614807,-0.17411565827205777,-0.3352489024400711,-0.2786531150341034,-0.6829323773272336,0.14573033154010773,-0.15432927012443542,-0.11690855072811246,-0.22188471257686615,-0.2406693994998932,-0.32525885151699185,0.11275126039981842,-0.36382919549942017,-0.2249889080412686,-0.10155834257602692,-0.3882386088371277,-0.19780676113441586,0.006467103958129898,0.00045877514463482595,-4.231518473137519,-0.002251429991288624,1.3541660525582087,2.2065743916865608,0.5495153516582445,0.3962499163001931,0.0016625939813225865,14.065797235007913,12.17871343226994
rotate,shahzaib,rotate,0.15429235994815826,0.02728027105331421,-0.32950634113512933,-0.33527226746082306,-0.2274249792098999,-0.5589692031498998,0.14584727585315704,-0.15393972396850586,-0.21172000817023218,-0.2219080775976181,-0.22862279415130615,-0.3124030267354101,0.1130303293466568,-0.363614559173584,-0.3072328900452703,-0.10308967530727386,-0.38588061928749084,-0.2566498850937933,0.0035925344987349167,0.009942235368670864,-4.708808571608241,-0.0007080309318773692,1.5523677522485946,3.756459823555576,0.41281220432716104,0.3936971298992757,0.00045609712953303895,0.36130438087126765,47.34872628069967
rotate,shahzaib,rotate,0.15439291298389435,0.026215076446533203,-0.32950634113512933,-0.33527226746082306,-0.17561858892440796,-0.5431411897297949,0.14584727585315704,-0.15491798520088196,-0.21172000817023218,-0.2148927003145218,-0.21203631162643433,-0.3013699685689062,0.11306698620319366,-0.3645089417695999,-0.31060353270731866,-0.10412947833538055,-0.3833298981189728,-0.31382555118761957,0.0030470616889722085,-0.03227862444790892,0.0,0.0,1.5698906147118599,0.4796367703062063,0.386208025566552,0.39335786098882464,0.0,0.09439582216606605,99.29909034232222
rotate,shahzaib,rotate,0.15448221564292908,0.025767803192138672,-0.32950634113512933,-0.3215023875236511,-0.13334423303604126,-0.48353025666438043,0.14593419432640076,-0.155368834733963,-0.21172000817023218,-0.19806891679763794,-0.2062956690788269,-0.28857252351008356,0.11315390467643738,-0.36495979130268097,-0.31060353270731866,-0.10527986288070679,-0.3822948932647705,-0.3281742667313665,0.0027061411828705824,-0.013553734981652495,0.0,0.4172690890052112,1.2810410875262668,1.806391911073169,0.36450527430937896,0.3933616638076336,0.32572629195264863,0.1996454513152473,43.045523829007344
rotate,shahzaib,rotate,0.15470534563064575,0.024298399686813354,-0.32950634113512933,-0.31457822024822235,-0.09973844885826111,-0.45072386018000543,0.14615732431411743,-0.15691351890563965,-0.21172000817023218,-0.1864410936832428,-0.19943949580192566,-0.2836391960736364,0.11337703466415405,-0.3665044754743576,-0.31060353270731866,-0.10698208212852478,-0.3820820152759552,-0.3281742667313665,0.006761514779293193,-0.044527378949252155,0.0,0.20982325077056938,1.0183570962963708,0.9941332267992449,0.3712579277457952,0.3934364404678846,0.20604073511436485,0.15184731487753275,26.621877420978148
rotate,shahzaib,rotate,0.1551957204937935,0.024215444922447205,-0.30790463846642524,-0.30393899977207184,-0.08405239880084991,-0.4278366194339469,0.14661867171525955,-0.15704868733882904,-0.18743189435917884,-0.18216124922037125,-0.1977025419473648,-0.2751896010013297,0.11386740952730179,-0.366639643907547,-0.3106259332271293,-0.10699795931577682,-0.3818042278289795,-0.32819666725117713,0.014859844337810206,-0.002513780738368185,0.6545970505667923,0.32240062048941026,0.47533485022458283,0.693552749880563,0.37063465188321126,0.39304342660426256,0.6782585835616755,5.909001970268233,19.114834623108898
rotate,shahzaib,rotate,0.15568627417087555,0.024132490158081055,-0.26657552691176534,-0.293299600481987,-0.06836634874343872,-0.4049493786878884,0.147080197930336,-0.15720921754837036,-0.1631437805481255,-0.17788122594356537,-0.19596558809280396,-0.2618066784925759,0.11431778967380524,-0.36679551005363464,-0.2907402035780251,-0.10701365768909454,-0.3815264403820038,-0.32821906777098775,0.014865262941880696,-0.002513780738368185,1.252397319838182,0.32240603909348076,0.47533485022458283,0.693552749880563,0.3723697572181655,0.3938527446362414,0.678269983089121,5.911156672659506,0.00016420012334833687
rotate,shahzaib,rotate,0.15606720745563507,0.0222148597240448,-0.26500897388905287,-0.26831261813640594,-0.03707495331764221,-0.38441248517483473,0.14728815853595734,-0.1597532331943512,-0.14892375748604536,-0.17546649277210236,-0.1865963637828827,-0.25638516526669264,0.11442382633686066,-0.3691416084766388,-0.27125369291752577,-0.10850383341312408,-0.3798530697822571,-0.31365625839680433,0.011543432871500524,-0.058110013152613146,0.04747130371855915,0.7571812831994176,0.9482241038120051,0.6223301064561646,0.3847624311567144,0.3936153616276437,0.798524823014532,0.19864449516969807,19.58538144104375
rotate,shahzaib,rotate,0.15567639470100403,0.018519729375839233,-0.19019764428958297,-0.24468737840652466,-0.016151458024978638,-0.37682577734813094,0.1469304859638214,-0.16363629698753357,-0.09953029965981841,-0.1733616590499878,-0.18154999613761902,-0.24432432418689132,0.11423555016517639,-0.3729349970817566,-0.23550802236422896,-0.10960286855697632,-0.3798348009586334,-0.3042070544324815,-0.011842810746395257,-0.11197364691532047,2.2670099878627297,0.7159163554509499,0.6340453118988978,0.2299002371728426,0.3946984642060201,0.3962413113534493,1.1291231287299195,0.10576332297212998,15.28463670628621
rotate,shahzaib,rotate,0.15532277524471283,0.01849520206451416,-0.18708432465791702,-0.2272379845380783,0.005482375621795654,-0.35952796787023544,0.1467093676328659,-0.1646578311920166,-0.09887126833200455,-0.16868342459201813,-0.17777574062347412,-0.24252180010080338,0.1141347736120224,-0.37332436442375183,-0.2340775802731514,-0.10931716859340668,-0.3791329264640808,-0.3013186678290367,-0.010715741099733321,-0.0007432518583355547,0.09434301914139251,0.5287695111650422,0.6555707165689195,0.5241760447847134,0.40647579515015825,0.39677120640851193,0.8065776753342488,14.39800382050508,10.588103209968326
rotate,shahzaib,rotate,0.15513741970062256,0.0185682475566864,-0.18648473173379898,-0.20691144466400146,0.022881895303726196,-0.3578799292445183,0.14707863330841064,-0.16487661004066467,-0.09796377271413803,-0.16326892375946045,-0.1751604974269867,-0.23907410353422165,0.11417007446289062,-0.3741735517978668,-0.23355666548013687,-0.10864409804344177,-0.3790092468261719,-0.30038662999868393,-0.005616834669402165,0.0022134997627951936,0.01816948254903162,0.6159557537599059,0.5272581721797147,0.04994056441567173,0.4177061658540489,0.39766846905770553,1.168221979360767,2.5363898266182083,15.120114151741946
rotate,shahzaib,rotate,0.15452095866203308,0.018535614013671875,-0.18648473173379898,-0.18826809525489807,0.02982306480407715,-0.35721858590841293,0.14691594243049622,-0.16491597890853882,-0.08512705564498901,-0.15807095170021057,-0.16958409547805786,-0.2389001026749611,0.11406716704368591,-0.3747991621494293,-0.21575995534658432,-0.10833865404129028,-0.3787037134170532,-0.29306694120168686,-0.018680637533014518,-0.0009888952428644378,0.0,0.5649499820940437,0.21033846970760514,0.020040707154707526,0.42118674909716025,0.3964918588233006,2.6858961985564855,18.87132771641449,9.769317611556612
rotate,shahzaib,rotate,0.15394410490989685,0.01834946870803833,-0.18648473173379898,-0.17475321888923645,0.029636919498443604,-0.35721858590841293,0.14653578400611877,-0.16515928506851196,-0.08512705564498901,-0.15387752652168274,-0.16401773691177368,-0.2389001026749611,0.1137402355670929,-0.37558186054229736,-0.21575995534658432,-0.10835069417953491,-0.3786872327327728,-0.29306694120168686,-0.01748041673140073,-0.005640766837380087,0.0,0.4095417080503477,-0.005640766837380087,0.0,0.4186327054850614,0.39705828538471305,72.59103749855247,3.0983940377653485,8.085879278880578
rotate,shahzaib,rotate,0.1537160575389862,0.01838928461074829,-0.18712617876008153,-0.16222301125526428,0.029676735401153564,-0.35726044001057744,0.1462325155735016,-0.16519153118133545,-0.08516890974715352,-0.150375634431839,-0.1613837480545044,-0.238660026807338,0.11345633864402771,-0.37630462646484375,-0.21580180944874883,-0.10835069417953491,-0.3781498372554779,-0.29510245146229863,-0.00691052639123167,0.0012065425063624556,-0.019437788675228804,0.3797032616355212,0.0012065425063624556,-0.0012683061261971823,0.41603888694727875,0.39777684724106466,314.4429778950983,5.722801768733273,0.9284935171133473
rotate,shahzaib,rotate,0.15360501408576965,0.018163323402404785,-0.21718829171732068,-0.1511783003807068,0.029805541038513184,-0.3572598029859364,0.14594236016273499,-0.165080726146698,-0.08516827272251248,-0.14607453346252441,-0.16103458404541016,-0.23865938978269696,0.1132136881351471,-0.376934289932251,-0.2158011724241078,-0.10835069417953491,-0.3776249289512634,-0.2951018144376576,-0.0033649531277743336,-0.006847309343742619,-0.9109731199163401,0.3346882083199249,0.0039032011321096806,1.9303777001120875e-05,0.4143638585463033,0.39715929722810744,85.72514504115013,0.4913553052110491,1.3670949177891158
rotate,shahzaib,rotate,0.1532832533121109,0.01888221502304077,-0.22284396272152662,-0.15148670971393585,0.030044138431549072,-0.36894029658287764,0.14537115395069122,-0.16440355777740479,-0.10972762387245893,-0.14638294279575348,-0.1602790355682373,-0.23862733226269484,0.11266638338565826,-0.37687182426452637,-0.2204273222014308,-0.10865910351276398,-0.37642788887023926,-0.2948303548619151,-0.009750326474507675,0.021784594564726912,-0.17138396982442292,-0.009345737370577749,0.007230224031390584,-0.35395435142246245,0.41538656248563566,0.3978402064729644,1.2924143035823685,0.4475584288295919,14.958398798755368
rotate,shahzaib,rotate,0.15303359925746918,0.0193789005279541,-0.22283935965970159,-0.15160201489925385,0.029578745365142822,-0.3689356935210526,0.14497976005077362,-0.1638956069946289,-0.1097230208106339,-0.14649824798107147,-0.15975666046142578,-0.2386227292008698,0.11220036447048187,-0.3768184781074524,-0.22117907227948308,-0.10887791216373444,-0.3754759132862091,-0.28538929345086217,-0.007565274383082553,0.015051075906464585,0.0001394867219708186,-0.0034940965247876802,-0.014102820194128823,0.0001394867219708186,0.415781945753308,0.3982994758406315,0.24774114223621574,0.5026067121966485,10.751034575042883
idle,shahzaib,rotate,0.1526620090007782,0.02018335461616516,-0.22283585974946618,-0.15169227123260498,0.029443353414535522,-0.3689321936108172,0.1445058286190033,-0.16313186287879944,-0.10971952090039849,-0.1465885043144226,-0.1591612994670868,-0.2386192292906344,0.11175575852394104,-0.3765094578266144,-0.22117557236924767,-0.10898837447166443,-0.3746601939201355,-0.28538579354062676,-0.011260310808817573,0.02437739661245641,0.00010605788592136294,-0.002735040404579863,-0.004102786382039398,0.00010605788592136294,0.41485334846391453,0.3987997810004676,0.6664675375282741,0.4618971045480486,0.30390473823337305
idle,shahzaib,rotate,0.15216407179832458,0.020264416933059692,-0.22283585974946618,-0.1537114381790161,0.028851598501205444,-0.3689321936108172,0.14407572150230408,-0.1631251871585846,-0.10971952090039849,-0.1472121775150299,-0.1596560776233673,-0.2386192292906344,0.11157044768333435,-0.37683963775634766,-0.22117557236924767,-0.10918548703193665,-0.37457698583602905,-0.28538579354062676,-0.015089006134957813,0.0024564338452887986,0.0,-0.06118687716397305,-0.01793196707060823,0.0,0.4143877217662048,0.39917693961918926,3.4119773333135206,6.140147440341185,1.8201692943741974
idle,shahzaib,rotate,0.1517678201198578,0.02029094099998474,-0.1996514410711825,-0.156518816947937,0.028834551572799683,-0.35417831549420953,0.14370104670524597,-0.16337957978248596,-0.10703290859237313,-0.14802277088165283,-0.1607934534549713,-0.2386192292906344,0.11139628291130066,-0.37722399830818176,-0.22117557236924767,-0.1092824637889862,-0.374550461769104,-0.28463960299268365,-0.012007626620205996,0.0008037596037893604,0.7025581417661743,-0.0850720839066941,-0.0005165735880533867,0.4470872156547789,0.4120514222581628,0.4001390710964046,164.36712743912096,14.920762130288164,13.57767767242778
idle,shahzaib,rotate,0.15128037333488464,0.020454227924346924,-0.19234724948182702,-0.15854766964912415,0.028770804405212402,-0.3498700917698443,0.14337369799613953,-0.16353261470794678,-0.08948736498132348,-0.14855435490608215,-0.16147935390472412,-0.2348161698319018,0.1112888753414154,-0.37733694911003113,-0.2091036201454699,-0.10929322242736816,-0.3745432198047638,-0.2797341109253466,-0.014771114696155932,0.004948088617035849,0.2213391390713784,-0.061480384884458755,-0.00193173235112971,0.1305522340716741,0.4123193646975433,0.4001473683481811,31.810087334918663,2.984613095290012,9.61866897922751
idle,shahzaib,rotate,0.15092964470386505,0.020658910274505615,-0.1912990426644683,-0.15842001140117645,0.02899169921875,-0.34987012203782797,0.14321060478687286,-0.16357660293579102,-0.08948739524930716,-0.14881931245326996,-0.16183078289031982,-0.23481620009988546,0.11131520569324493,-0.37743380665779114,-0.20910365041345358,-0.10918469727039337,-0.37473225593566895,-0.2797341411933303,-0.010628140333927066,0.0062024954593543,0.031763842950264694,0.0038684317559907026,0.006693782228412067,-9.172116265152462e-07,0.4127180683373384,0.4004548902307963,0.5778278701245007,1.713250280194984,4.431810945145032
idle,shahzaib,rotate,0.15076175332069397,0.020955413579940796,-0.1912990426644683,-0.15825405716896057,0.02889421582221985,-0.34987012203782797,0.14309588074684143,-0.16354259848594666,-0.08948739524930716,-0.1489345133304596,-0.16170230507850647,-0.23481620009988546,0.1113414466381073,-0.3774721622467041,-0.20910365041345358,-0.10901874303817749,-0.37483665347099304,-0.2797341411933303,-0.005087617671850968,0.00898494864955095,0.0,0.005028916127753993,-0.002954042319095503,0.0,0.4127248318030186,0.40076863377158306,1.7018084970415155,0.5661747991521418,0.29446570082167234
idle,shahzaib,rotate,0.1506901979446411,0.02124837040901184,-0.1912990426644683,-0.15816348791122437,0.029190927743911743,-0.34987012203782797,0.14304333925247192,-0.16336366534233093,-0.08948739524930716,-0.1488439440727234,-0.16144677996635437,-0.23481620009988546,0.11130756139755249,-0.377392441034317,-0.20910365041345358,-0.10892817378044128,-0.3747744858264923,-0.2797341411933303,-0.002168344728874414,0.008877479668819445,0.0,0.0027445229617031838,0.008991270354299736,0.0,0.412954267840501,0.40097692286051945,0.3052091244555237,0.24422477831305717,0.3685388554449893
idle,shahzaib,rotate,0.1506522297859192,0.021728426218032837,-0.1912990426644683,-0.15677642822265625,0.02974572777748108,-0.34994260128587484,0.14297795295715332,-0.16297969222068787,-0.09202455636113882,-0.14881104230880737,-0.16101452708244324,-0.2390761887654662,0.11126822233200073,-0.37702712416648865,-0.21446322556585073,-0.10889527201652527,-0.3743734359741211,-0.28203738387674093,-0.001150550264300725,0.014547145727909008,0.0,0.04203211177479148,0.01681212222937386,-0.0021963408499053086,0.4125724447685666,0.4013647572658587,2.4999587346934313,0.07908569833016738,1.215715984638262
idle,shahzaib,rotate,0.1506561040878296,0.022659718990325928,-0.21548163797706366,-0.1538488268852234,0.03074800968170166,-0.3773909052833915,0.14294153451919556,-0.162045419216156,-0.11256345268338919,-0.14880716800689697,-0.16011685132980347,-0.2577527603134513,0.11125630140304565,-0.37621185183525085,-0.23525881674140692,-0.10887143015861511,-0.37377431988716125,-0.29816101398319006,0.00011740308819395152,0.0282209930997907,-0.7328059185634977,0.08871519204342027,0.030372178915775257,-0.8317667878035364,0.4146548649317456,0.4013004002793167,2.9208398728834823,0.004159985716771442,25.181623300481302
idle,shahzaib,rotate,0.15063926577568054,0.023350268602371216,-0.2210087995044887,-0.15100309252738953,0.03146830201148987,-0.3799099246971309,0.14291313290596008,-0.16135630011558533,-0.11807372374460101,-0.14838379621505737,-0.1594468653202057,-0.2592953066341579,0.11122354865074158,-0.3756463825702667,-0.2373962919227779,-0.10887962579727173,-0.3733213245868683,-0.29816388292238116,-0.0005102518833044816,0.020925745819554236,-0.167489743255305,0.08623437447981422,0.021827040296612418,-0.07633392162846815,0.41510413584646527,0.4012735679199571,3.950623753118015,0.024382762982082733,22.893492949285733
idle,shahzaib,rotate,0.1506573110818863,0.023702561855316162,-0.22106289817020297,-0.14892281591892242,0.03189939260482788,-0.38026197208091617,0.14292581379413605,-0.16094398498535156,-0.11958402348682284,-0.1477760523557663,-0.15896135568618774,-0.2592948223464191,0.11122579872608185,-0.3752116560935974,-0.2374580497853458,-0.10875372588634491,-0.37322720885276794,-0.29816339863464236,0.0005468274607802896,0.010675553119543853,-0.00163935350649285,0.06303868510506386,0.013063351313273144,-0.01066810253894693,0.415308674078137,0.4011934676000381,4.825244177337584,0.051217603158766695,2.127014153080626
idle,shahzaib,rotate,0.15065845847129822,0.023883074522018433,-0.22106289817020297,-0.14827820658683777,0.031852394342422485,-0.38037343276664615,0.14292630553245544,-0.16072812676429749,-0.11958402348682284,-0.14713656902313232,-0.1588311493396759,-0.2592948223464191,0.11121067404747009,-0.3749869167804718,-0.2374580497853458,-0.10861611366271973,-0.37328121066093445,-0.29816339863464236,3.476937611897795e-05,0.005470080809159726,0.0,0.019533616123777495,-0.0014241897698604735,-0.003377596537272144,0.4152888262765116,0.40115109205146254,13.705975538745161,0.006355120191382805,1.40696527566462
idle,shahzaib,rotate,0.15062101185321808,0.024036407470703125,-0.22106289817020297,-0.1483156532049179,0.032084107398986816,-0.3808257724158466,0.14288558065891266,-0.16058093309402466,-0.11958402348682284,-0.1470000296831131,-0.15870696306228638,-0.2596704210154712,0.11115951836109161,-0.37477216124534607,-0.2374580497853458,-0.10858072340488434,-0.37322476506233215,-0.2976702000014484,-0.001134746002428447,0.004646452990445173,0.0,-0.001134746002428447,0.0070216077746766215,-0.013707262096982864,0.4156549000861719,0.4010913673297599,0.16158470454811924,0.24416513835888232,0.745488222766477
idle,shahzaib,rotate,0.15062327682971954,0.024108439683914185,-0.2210083152167499,-0.14831338822841644,0.03220328688621521,-0.3808257724158466,0.14288641512393951,-0.1605348289012909,-0.11807323945686221,-0.14696918427944183,-0.15874937176704407,-0.2596704210154712,0.11115027964115143,-0.374682754278183,-0.2373958076350391,-0.10850603878498077,-0.37335148453712463,-0.296852036844939,6.863565155954182e-05,0.0021827943397291125,0.0016540288925171163,6.863565155954182e-05,0.0036114996129816804,0.0,0.4160659634717576,0.40107491045504606,0.01899949035645471,0.03142954000332086,0.4295832640887288
idle,shahzaib,rotate,0.15054090321063995,0.024103015661239624,-0.2163623245432973,-0.1483282893896103,0.03220328688621521,-0.3808297486975789,0.1428709179162979,-0.16055753827095032,-0.1135619105771184,-0.14698408544063568,-0.15882733464241028,-0.25967439729720354,0.11112500727176666,-0.37470391392707825,-0.22954360861331224,-0.10849140584468842,-0.3734056055545807,-0.29639866668730974,-0.002496170275139059,-0.00016436432347152993,0.14078759616522923,-0.00045155033920749976,0.0,-0.00012049338582790127,0.4162140777617278,0.4009667395059845,451.5503392074998,15.094974676135713,0.11062906184907358
idle,shahzaib,rotate,0.15045294165611267,0.02409866452217102,-0.21331372298300266,-0.14867517352104187,0.03246542811393738,-0.38212242163717747,0.14288625121116638,-0.16066697239875793,-0.10918834246695042,-0.14696332812309265,-0.15888068079948425,-0.2596826199442148,0.11112019419670105,-0.37477731704711914,-0.22727387584745884,-0.1084534227848053,-0.3735084533691406,-0.296406889334321,-0.0026655016523418713,-0.00013185269904858994,0.09238186546347256,-0.010511640346411387,0.007943673567338336,-0.039171907260562,0.41686896521171524,0.40105361183209604,1.3231053808964803,20.063586750066573,1.2454952018407275
idle,shahzaib,rotate,0.15037108957767487,0.024049699306488037,-0.21331589622423053,-0.14906840026378632,0.03272920846939087,-0.3855530242435634,0.14289231598377228,-0.1608770489692688,-0.10908672912046313,-0.1469464749097824,-0.1590040922164917,-0.2613543192856014,0.11111505329608917,-0.37495607137680054,-0.2272760490886867,-0.10840241611003876,-0.3735876679420471,-0.2964090625755489,-0.002480366013266863,-0.0014837944146358843,-6.585579478379557e-05,-0.011915961901347033,0.007993344104651376,-0.10395765473896973,0.4179638408113901,0.4011751827956276,1.4905490363385696,1.6705114114233268,1.9636662134207288
idle,shahzaib,rotate,0.15022478997707367,0.02397841215133667,-0.21331754745915532,-0.14970041811466217,0.03299778699874878,-0.39279380859807134,0.14285908639431,-0.16104000806808472,-0.10908838035538793,-0.14705373346805573,-0.1590849757194519,-0.26391339721158147,0.11108611524105072,-0.3750726282596588,-0.2272777003236115,-0.10836194455623627,-0.37365758419036865,-0.2964107138104737,-0.0044333212303392325,-0.002160216822768679,-5.003742196343107e-05,-0.019152056087146895,0.008138743313875976,-0.21941770771235888,0.4199609044588967,0.4012087419052445,2.352906639512578,2.0513079408015242,3.505656721271376
rotate,shahzaib,rotate,0.15007750689983368,0.023929834365844727,-0.213318875990808,-0.1499282568693161,0.033011555671691895,-0.40439372416585684,0.1428370326757431,-0.16111189126968384,-0.10908970888704062,-0.14711858332157135,-0.15951848030090332,-0.2706321394070983,0.11108224093914032,-0.37510985136032104,-0.2272790288552642,-0.1082635372877121,-0.3737318813800812,-0.30373563524335623,-0.0044631235527270476,-0.0014720541058164888,-4.025853492996974e-05,-0.006904204686482857,0.00041723251342774104,-0.35151259296320264,0.4210798300892996,0.4011834834832827,16.508053450693073,3.0298435984829046,4.026848633803719
rotate,shahzaib,rotate,0.14991989731788635,0.023895204067230225,-0.21819340204820037,-0.14984017610549927,0.033026695251464844,-0.41035344218835235,0.1428948938846588,-0.1611309051513672,-0.10908967768773437,-0.1470637321472168,-0.15997415781021118,-0.2766564986668527,0.11117032170295715,-0.3751247227191925,-0.2315098843537271,-0.10812485218048096,-0.37398579716682434,-0.31247585033997893,-0.004776047937797725,-0.0010494029883182294,-0.14771291083006985,0.002669114055055531,0.00045877514463481977,-0.18059751583319522,0.4206891491597494,0.4011181375654468,5.805259562640118,4.546872001425397,5.187363128212849
rotate,shahzaib,rotate,0.14971870183944702,0.024055153131484985,-0.2213020077906549,-0.14980295300483704,0.03329160809516907,-0.4213170907460153,0.14286917448043823,-0.16088750958442688,-0.11447154497727752,-0.14718621969223022,-0.1614421308040619,-0.2905676863156259,0.11120754480361938,-0.37487128376960754,-0.2425044677220285,-0.10804986953735352,-0.374796062707901,-0.32465471839532256,-0.006096832679979662,0.004846941341053302,-0.09420017401377256,0.0011279727473403345,0.00802766193043093,-0.33223177447463165,0.4214528221153365,0.401341445133668,0.1404932424748132,1.2576127166289135,4.600935302111802
rotate,shahzaib,rotate,0.14954519271850586,0.0244235098361969,-0.2213020077906549,-0.1496838629245758,0.03366568684577942,-0.4274189076386392,0.1429423689842224,-0.16051915287971497,-0.12868898129090667,-0.14710813760757446,-0.16361072659492493,-0.29739411687478423,0.11134767532348633,-0.3745177090167999,-0.2548922202549875,-0.10784432291984558,-0.3759734332561493,-0.3318517408333719,-0.005257852149732269,0.011162324385209695,0.0,0.0036087903109464354,0.011335719715465379,-0.18490354220072722,0.42271484383313956,0.4021709198940875,0.3183275587225976,0.47099340378376936,4.46624990110347
rotate,shahzaib,rotate,0.14921434223651886,0.025006115436553955,-0.2212990284897387,-0.1477271169424057,0.03431546688079834,-0.4417371959425509,0.14266760647296906,-0.1599365472793579,-0.12868600198999047,-0.14732740819454193,-0.16475695371627808,-0.30966671416535974,0.11118514835834503,-0.37403440475463867,-0.26336734602227807,-0.1079368144273758,-0.3769526779651642,-0.3446380109526217,-0.010025772181424118,0.017654715162334828,9.028184594529949e-05,0.05929533279303283,0.019690304091482234,-0.4338875243609554,0.42444435072808506,0.4030499965035354,3.0112445837795936,0.5678485458811791,7.735516307861463
rotate,shahzaib,rotate,0.14887844026088715,0.025504618883132935,-0.22129892278462648,-0.14402569830417633,0.0351811945438385,-0.4417370902374387,0.1423763483762741,-0.15943804383277893,-0.12868589628487825,-0.14756853878498077,-0.16660872101783752,-0.3096666084602475,0.11101709306240082,-0.3735359013080597,-0.26336724031716585,-0.10791473090648651,-0.3784964084625244,-0.3446379052475095,-0.010178847746415734,0.015106165047848103,3.2031852187532876e-06,0.11216420115846755,0.026234171607278027,3.2031852187532876e-06,0.4264521226599717,0.40303419421453623,4.275337048961842,0.6737761660891917,13.246934357650636
rotate,shahzaib,rotate,0.1482098400592804,0.02568286657333374,-0.21722429990768433,-0.1386447250843048,0.03527951240539551,-0.44173774123191833,0.14175978302955627,-0.15932661294937134,-0.1286865472793579,-0.1480320394039154,-0.16659080982208252,-0.3096672594547272,0.11055728793144226,-0.3734375834465027,-0.2633678913116455,-0.10827979445457458,-0.3791219890117645,-0.34463855624198914,-0.02026061216990131,0.005401445157600112,0.12347342051339737,0.16305979454155944,0.0029793291380910835,-1.9727105444127648e-05,0.4267070249183312,0.40353943962571,54.71200897159973,3.7502670696062244,1.6956568649783752
rotate,shahzaib,rotate,0.1473807841539383,0.02573719620704651,-0.19320518570020795,-0.1307743340730667,0.0353071391582489,-0.44171053962782025,0.14090873301029205,-0.1592825949192047,-0.11563219176605344,-0.14841164648532867,-0.1669013798236847,-0.31014180975034833,0.1098448783159256,-0.3734099566936493,-0.2633406897075474,-0.10892675817012787,-0.38020002841949463,-0.3462405581958592,-0.025122906222487664,0.0016463525367505442,0.7278519456810943,0.23849669731024278,0.0008371743288907046,0.0008242910332751907,0.4268934764504287,0.4069967847762131,284.54307068302256,15.25047350947928,2.2870312484292294
rotate,shahzaib,rotate,0.1464468389749527,0.02595999836921692,-0.18243286292999983,-0.1211967021226883,0.03552994132041931,-0.4304609326645732,0.13983847200870514,-0.1590421497821808,-0.10035944264382124,-0.14800627529621124,-0.1672777235507965,-0.31301167886704206,0.10900618135929108,-0.3731682300567627,-0.2524211732670665,-0.10942308604717255,-0.38077041506767273,-0.34668225329369307,-0.028301369060170018,0.006751580671830719,0.3264340233396452,0.29023127122359305,0.006751580671830719,0.34089718070446184,0.42480992441499626,0.40694411060118774,42.98079287439409,4.191193032055568,10.425344226025807
rotate,shahzaib,rotate,0.14649344980716705,0.02595999836921692,-0.1823269035667181,-0.11207897961139679,0.033694297075271606,-0.42888437770307064,0.13982440531253815,-0.15900281071662903,-0.10034911893308163,-0.1463325470685959,-0.1695251166820526,-0.31300135515630245,0.10917390882968903,-0.37297242879867554,-0.251287629827857,-0.10869397222995758,-0.38163819909095764,-0.34667192958295345,0.0014124494610410594,0.0,0.0032108897964159295,0.27629462155428497,-0.05562558318629348,0.047774392772804083,0.42340456690090883,0.40656538385762653,4.966952951774406,1412.4494610410595,9.091217650309668
rotate,shahzaib,rotate,0.14652274549007416,0.026124179363250732,-0.1774589791893959,-0.10082010924816132,0.029685914516448975,-0.4226788505911827,0.13981090486049652,-0.158746600151062,-0.09180259704589844,-0.1447020322084427,-0.17155945301055908,-0.310484878718853,0.10933338105678558,-0.37248021364212036,-0.22577019780874252,-0.10740529000759125,-0.382607638835907,-0.34621965140104294,0.0008877479668819684,0.0049751816373883664,0.1475128599188568,0.3411778897950198,-0.1214661381461423,0.1880462761178191,0.4193749490400491,0.40323998412188566,2.8088081682185853,0.1783994298383132,5.090640183390284
rotate,shahzaib,rotate,0.146376833319664,0.028933614492416382,-0.17742677219212055,-0.08683238923549652,0.020412415266036987,-0.4139795321971178,0.13980291783809662,-0.1559196412563324,-0.09177039004862309,-0.1423431783914566,-0.17337444424629211,-0.31045267172157764,0.10943995416164398,-0.3691467344760895,-0.22423799522221088,-0.10679276287555695,-0.38043391704559326,-0.33452978916466236,-0.0044215809215198375,0.08513439785350359,0.0009759696144046098,0.42387030341408005,-0.28101512880036017,0.2636157089110548,0.40913134848292904,0.40252153716092565,1.5083486674717044,0.0519358696030088,5.907509878748218
rotate,shahzaib,rotate,0.14676974713802338,0.0312921404838562,-0.17741727642714977,-0.07512740790843964,-0.00016134977340698242,-0.4226371478289366,0.14015845954418182,-0.15356111526489258,-0.0917608942836523,-0.1398322731256485,-0.1793850064277649,-0.31044317595660686,0.11013232171535492,-0.36611858010292053,-0.2242284994572401,-0.10570265352725983,-0.37900203466415405,-0.3345202933996916,0.011906479344223675,0.07147048458908657,0.000287750453659987,0.3546964038502143,-0.623447425437706,-0.26235198884299726,0.3901534188080969,0.4018318956733967,0.5689266174683041,0.16659062579542036,19.133836423298977
rotate,shahzaib,rotate,0.14681552350521088,0.032764434814453125,-0.17741156090050936,-0.06708650290966034,-0.024791240692138672,-0.4288262026384473,0.14020423591136932,-0.15197932720184326,-0.09175517875701189,-0.13812483847141266,-0.18498682975769043,-0.3129431800916791,0.1102859228849411,-0.36386701464653015,-0.2242227839305997,-0.10506890714168549,-0.37878909707069397,-0.33003075886517763,0.0013871626420454393,0.04461497971505781,0.00017319777698227663,0.2436637878417942,-0.746360330870649,-0.18754711543971636,0.3694829969866198,0.4010513795320617,0.3264689336967047,0.03109116175201403,5.507453270658387
rotate,shahzaib,rotate,0.14682221412658691,0.03474929928779602,-0.17298957891762257,-0.05812999606132507,-0.05237850546836853,-0.43038287945091724,0.14021092653274536,-0.14824137091636658,-0.09174562431871891,-0.132663756608963,-0.19086173176765442,-0.3284228462725878,0.11029261350631714,-0.3599889874458313,-0.2192306537181139,-0.10286837816238403,-0.3766297399997711,-0.3250753302127123,0.0002027461023041674,0.06014740828311738,0.133999454026871,0.27140929843439904,-0.8359777204918047,-0.047172024620301276,0.3438459914768761,0.3991127205860275,0.32466053474989104,0.0033707642162340433,5.1163017523262395
rotate,shahzaib,rotate,0.1479450911283493,0.03329363465309143,-0.134511087089777,-0.05388171970844269,-0.0810527503490448,-0.45172615721821785,0.14013151824474335,-0.14851483702659607,-0.03472333028912544,-0.1315205842256546,-0.20059147477149963,-0.32719387486577034,0.11017583310604095,-0.3597189486026764,-0.16585217788815498,-0.1018250435590744,-0.3770763874053955,-0.2726401574909687,0.03402657581098206,-0.044111049536503424,1.1660149038741268,0.12873564705704402,-0.8689165115356584,-0.6467659929485136,0.3492854868101807,0.3960652363201796,0.14815635011144668,0.771366920569504,18.703467796891328
rotate,shahzaib,rotate,0.14942386746406555,0.03386491537094116,-0.12452198378741741,-0.04126089811325073,-0.107979416847229,-0.5275638457387686,0.14079591631889343,-0.14761286973953247,-0.031269753351807594,-0.13106867671012878,-0.20501959323883057,-0.3271919544786215,0.11062774062156677,-0.35817453265190125,-0.16102816723287106,-0.10103622078895569,-0.3766702115535736,-0.26812133751809597,0.04481140411261307,0.017311536904537128,0.3027001000714991,0.38244913924823687,-0.8159595908540578,-2.298111773349997,0.37825685378158774,0.3956422243565357,0.4687103072562992,2.588378835505573,50.65337887612327
rotate,shahzaib,rotate,0.14965030550956726,0.034128040075302124,-0.05649220757186413,-0.03780791163444519,-0.1426909863948822,-0.5592147801071405,0.14081069827079773,-0.1471174657344818,0.018684515729546547,-0.13106867671012878,-0.221156507730484,-0.33111135102808475,0.11045786738395691,-0.3576556444168091,-0.07673340477049351,-0.10092359781265259,-0.37661269307136536,-0.18051464296877384,0.006861758954597352,0.007973475889726247,2.061508370168314,0.10463595390319991,-1.0518657438682955,-0.9591192232840142,0.4495739633973506,0.39425906293258206,0.0994764351218061,0.8604651953914062,42.05175140523576
rotate,shahzaib,rotate,0.14996695518493652,0.034102827310562134,-0.05648628529161215,-0.023877859115600586,-0.17598482966423035,-0.5601642606779933,0.1407817006111145,-0.1480940878391266,0.018690438009798527,-0.131097674369812,-0.2291712462902069,-0.33856730442494154,0.10969275236129761,-0.3576556444168091,-0.06108473148196936,-0.10095259547233582,-0.3775334656238556,-0.16503367107361555,0.00959544470815937,-0.0007640231739390897,0.00017946303793878068,0.422122803601347,-1.0089043414953873,-0.028772138510689275,0.4502116729747786,0.3938500441673337,0.4183968368882672,12.542685025804655,29.81715445340428
rotate,shahzaib,rotate,0.15006567537784576,0.03364303708076477,-0.056507804431021214,-0.013751193881034851,-0.20782986283302307,-0.6300442116335034,0.1408785730600357,-0.15053173899650574,0.01866891887038946,-0.13228215277194977,-0.23708614706993103,-0.37041979003697634,0.10839952528476715,-0.3576556444168091,-0.05991194862872362,-0.10086949169635773,-0.38002315163612366,-0.16137768793851137,0.002991520997249686,-0.013933037266586613,-0.0006520951336080306,0.3068686434716856,-0.9650010051149205,-2.117574271379072,0.5068416290671237,0.3935254939683545,0.3179979335225745,0.21469161736945117,63.40727432789743
rotate,shahzaib,rotate,0.15083500742912292,0.03506353497505188,-0.05294292140752077,-0.007842868566513062,-0.24361702799797058,-0.757610228843987,0.14094915986061096,-0.15116485953330994,0.018653920851647854,-0.1325649619102478,-0.24526658654212952,-0.4397170515730977,0.1076216995716095,-0.3555642366409302,-0.05977429170161486,-0.10079890489578247,-0.3806604743003845,-0.16100477892905474,0.023313092462944635,0.043045390735973695,0.10802675828789392,0.1790401610461177,-1.0844595504529722,-3.86563688516623,0.6191605556983502,0.39307011277092935,0.16509605717915124,0.5415806543674282,53.23625261046748
rotate,shahzaib,rotate,0.1506573110818863,0.03800076246261597,-0.05264333076775074,-0.006944522261619568,-0.2768113613128662,-0.8118488993495703,0.14077146351337433,-0.14855307340621948,0.014787434600293636,-0.1333741694688797,-0.2461029291152954,-0.45873858593404293,0.10726799070835114,-0.3533405363559723,-0.04962482489645481,-0.1009766012430191,-0.37977665662765503,-0.16080700419843197,-0.005384737795049435,0.08900689356254711,0.009078504235455384,0.02722261529980254,-1.0058888883301595,-1.6435960759267483,0.6658073543892494,0.39375088147354276,0.027063215979826374,0.06049730624470405,67.53353262970596
rotate,shahzaib,rotate,0.15066926181316376,0.03968632221221924,-0.056539127603173256,-0.006932571530342102,-0.3177790343761444,-0.8279727902263403,0.14079336822032928,-0.1468849778175354,0.009651687927544117,-0.1350509375333786,-0.26092857122421265,-0.4710062053054571,0.1062568873167038,-0.35136711597442627,-0.04962482489645481,-0.10085244476795197,-0.3786965608596802,-0.14786972664296627,0.00036214337204442456,0.051077568169796916,-0.11805444955825994,0.00036214337204442456,-1.2414446382811772,-0.4886027538415235,0.689254716862592,0.39362807078247164,0.00029171101889392765,0.007089928026967722,35.729541788647396
rotate,shahzaib,rotate,0.15075244009494781,0.0396844744682312,-0.056539127603173256,-0.006849393248558044,-0.3427635133266449,-0.830226382240653,0.14089550077915192,-0.1468849778175354,0.008825195953249931,-0.13628675043582916,-0.27763602137565613,-0.47732161544263363,0.10544456541538239,-0.3542976379394531,-0.04426752217113972,-0.10076926648616791,-0.3795972466468811,-0.14713417552411556,0.002520553993456264,-5.599224206172997e-05,0.0,0.002520553993456264,-0.7571054227424308,-0.06829066710038544,0.6905017229349567,0.39676857323265907,0.003329193780084681,44.22626487875627,19.432995349913774
rotate,shahzaib,rotate,0.15096090734004974,0.03957647085189819,-0.05264333076775074,-0.007697239518165588,-0.37745651602745056,-0.8506419267505407,0.1417907327413559,-0.1468849778175354,0.007559362333267927,-0.13766132295131683,-0.286835253238678,-0.51858832500875,0.10565154254436493,-0.35434383153915405,-0.04962482489645481,-0.10027585923671722,-0.3797867000102997,-0.1406394299119711,0.006317189245512922,-0.0032728368585759585,0.11805444955825677,-0.025692311200228322,-1.0513031121456147,-0.618652863935984,0.7160166032316494,0.39652900846185457,0.024438514891559484,1.9295980583042092,18.930223086750658
rotate,shahzaib,rotate,0.15124531090259552,0.03931748867034912,-0.05180931184440851,-0.008773431181907654,-0.39542704820632935,-0.8619011836126447,0.142166867852211,-0.1468849778175354,0.007333855144679546,-0.1398002952337265,-0.29683801531791687,-0.5241431193426251,0.10594542324542999,-0.355209082365036,-0.04974158946424723,-0.09974060952663422,-0.38092169165611267,-0.13904275465756655,0.008618289774114572,-0.007847944895426557,0.025273300707340643,-0.03261186859824493,-0.5445615811781537,-0.34118960188194297,0.7287041520507852,0.39712412486593157,0.0598863559954663,1.0980188915756435,17.508248646878126
rotate,shahzaib,rotate,0.15144601464271545,0.03822186589241028,-0.05180376302450895,-0.023537784814834595,-0.4191962778568268,-0.8867588182911277,0.14239194989204407,-0.14702525734901428,0.004808824975043535,-0.14257770776748657,-0.3066556751728058,-0.530844165943563,0.10615131258964539,-0.35553550720214844,-0.052728249691426754,-0.09813722968101501,-0.3824213743209839,-0.12898278143256903,0.006081931518785814,-0.03320069024057063,0.00016814605756239272,-0.4474046555432357,-0.7202796863787023,-0.7532616569237193,0.7623266968573752,0.39635505998536363,0.6211532031944607,0.18318138247534246,18.500571731745932
rotate,shahzaib,rotate,0.1521121710538864,0.03806769847869873,-0.05270383879542351,-0.04973803460597992,-0.4398331940174103,-0.9055019319057465,0.14307992160320282,-0.14705443382263184,-0.0017146961763501167,-0.15113450586795807,-0.30933013558387756,-0.5307934582233429,0.10685859620571136,-0.35568967461586,-0.0546184666454792,-0.09600691497325897,-0.3879232406616211,-0.12893207371234894,0.020186557914271822,-0.004671739809440918,-0.027275023361047545,-0.7939469633680528,-0.6253610957752674,-0.5679731398369418,0.7796769826039213,0.39635390839837964,1.269579606329976,4.3200688969427326,12.250557773659212
rotate,shahzaib,rotate,0.15178827941417694,0.03747522830963135,-0.05527927167713642,-0.07196064293384552,-0.4666527509689331,-0.905552463606,0.14319680631160736,-0.14690357446670532,-0.004245776450261474,-0.1578899770975113,-0.31508490443229675,-0.5308439899235964,0.10703687369823456,-0.35628214478492737,-0.05692389793694019,-0.09425093233585358,-0.39324551820755005,-0.12872731871902943,-0.009814898173014215,-0.01795364148689019,-0.07804342065796623,-0.6734123735716775,-0.8127138470158343,-0.0015312636440450327,0.7806041151262091,0.39629567493907225,0.8285961257436673,0.5466496326412692,18.444716490845018
rotate,shahzaib,rotate,0.15124496817588806,0.03604316711425781,-0.05179595947265625,-0.08961856365203857,-0.48764291405677795,-0.9055448360741138,0.14332512021064758,-0.14771252870559692,-0.01586378924548626,-0.1681799292564392,-0.3218362331390381,-0.5241297669708729,0.10891798138618469,-0.3575647175312042,-0.06361812725663185,-0.09351387619972229,-0.39503729343414307,-0.1268066205084324,-0.01646397691784465,-0.04339579379919756,0.10555491528727676,-0.5350885066119049,-0.6360655481165036,0.00023113732988183896,0.784234775314873,0.39605366343070675,0.8412461057673742,0.3793823339582539,6.799045180353252
rotate,shahzaib,rotate,0.15078827738761902,0.03462618589401245,-0.05172227811999619,-0.10520458221435547,-0.5120837688446045,-0.9054711547214538,0.14399895071983337,-0.14841479063034058,-0.0157901078928262,-0.177204430103302,-0.3287559747695923,-0.4941120233852416,0.11154815554618835,-0.3586389124393463,-0.0727961075026542,-0.09275084733963013,-0.39648008346557617,-0.1032884728629142,-0.013839114796031825,-0.042938824855920724,0.002232768262426094,-0.4723035927974892,-0.7406319632674827,0.002232768262426094,0.8105654585900526,0.39577939690454583,0.637702635747951,0.32229089993886245,3.69648371204665
rotate,shahzaib,rotate,0.1507178246974945,0.03433546423912048,-0.051685621961951256,-0.12114843726158142,-0.5220724195241928,-0.8700943682342768,0.1448611319065094,-0.14867010712623596,-0.015753451734781265,-0.18380972743034363,-0.3356024920940399,-0.46875626780092716,0.11308875679969788,-0.35861819982528687,-0.07960776425898075,-0.09070813655853271,-0.3969917595386505,-0.09856888838112354,-0.002134930003773059,-0.00880974711793832,0.0011107926680282991,-0.48314712264320536,-0.3026863842299457,1.0720238329447462,0.7821913765006293,0.39573750755135106,1.5961918065146976,0.24230975820727269,35.03070716989457
rotate,shahzaib,rotate,0.15066741406917572,0.034121423959732056,-0.04250614112243056,-0.14823807775974274,-0.5228028744459152,-0.7998354150913656,0.14647595584392548,-0.14937284588813782,-0.015730287414044142,-0.1915930062532425,-0.33633294701576233,-0.4133447124622762,0.11483518779277802,-0.35880178213119507,-0.09398487349972129,-0.08923335373401642,-0.3977222144603729,-0.07566228648647666,-0.0015275947975390129,-0.0064860690723767015,0.27816608604608606,-0.8208981969139924,-0.022134997627952235,2.129059186148858,0.7372607741858805,0.3978977936755479,37.084309942164204,0.23548304796750683,34.68484115952505
rotate,shahzaib,rotate,0.1506117731332779,0.03444504737854004,-0.0041678487323224545,-0.1745152622461319,-0.5231252461671829,-0.7998354150913656,0.14741875231266022,-0.1496601700782776,-0.006344186142086983,-0.19581352174282074,-0.33665531873703003,-0.3973468258045614,0.11667801439762115,-0.3585309684276581,-0.09398487349972129,-0.08906598389148712,-0.3978234529495239,-0.07566228648647666,-0.0016860889666008043,0.00980677026690848,1.1617664360638693,-0.7962783177693598,-0.00976884003841505,0.0,0.7398843414671535,0.4045352233352623,81.50372110888104,0.17191358695356948,64.5223466846672
rotate,shahzaib,rotate,0.1501203328371048,0.0346733033657074,0.009010979440063238,-0.19462208449840546,-0.5238976329565048,-0.7998354150913656,0.14800496399402618,-0.1501728594303131,0.0010302180889993906,-0.20156230032444,-0.33742770552635193,-0.3973468258045614,0.11870302259922028,-0.3589518368244171,-0.09398487349972129,-0.08922071754932404,-0.3983166515827179,-0.07566228648647666,-0.014892130187063743,0.006916848095980668,0.39935842946623945,-0.6092976440082994,-0.023405660282482175,0.0,0.74250033752917,0.40808815725903197,26.030951731473845,2.152711360591483,5.681130077647067
rotate,shahzaib,rotate,0.15071678161621094,0.03508669137954712,0.04359023505821824,-0.22385957837104797,-0.5145714581012726,-0.7998354150913656,0.14900362491607666,-0.15036141872406006,0.030312071088701487,-0.20475605130195618,-0.33861473202705383,-0.38986840983852744,0.1209680438041687,-0.3601762056350708,-0.09398487349972129,-0.08931192755699158,-0.3995080292224884,-0.07566228648647666,0.018074205427458592,0.012526909510294459,1.0478562308531705,-0.8859846628073392,0.2826113592494587,0.0,0.7454994186438493,0.41957675776015874,3.134982012677269,1.442715196227002,12.501684830994046
rotate,shahzaib,rotate,0.15087081491947174,0.03418600559234619,0.09735175129026175,-0.24812118709087372,-0.5065589547157288,-0.8477189177647233,0.14856447279453278,-0.15058737993240356,0.0818513697013259,-0.2132294625043869,-0.3195139765739441,-0.3842440480366349,0.12117071449756622,-0.3610522747039795,-0.0667309770360589,-0.09001369774341583,-0.39949217438697815,-0.08020226005464792,0.0046676758563879255,-0.027293508703058116,1.629136855516452,-0.7352002642371357,0.2428031328952647,-1.4510152325259758,0.7909128229458455,0.42897381727988637,3.027956136785652,0.1710115359528326,44.22338563752427
rotate,shahzaib,rotate,0.15083983540534973,0.034812599420547485,0.09728039149194956,-0.27085909247398376,-0.4808295965194702,-0.8477902775630355,0.14916613698005676,-0.15009340643882751,0.0817800099030137,-0.217462420463562,-0.30646252632141113,-0.37973160203546286,0.1213083565235138,-0.3609189987182617,-0.06680233683437109,-0.09021538496017456,-0.39739641547203064,-0.08241909649223089,-0.0009387731552124173,0.018987691763675877,-0.0021624181306723737,-0.6890274358518306,0.7796775210987562,-0.0021624181306723737,0.7908136882842556,0.4294167529864822,0.8837327401052728,0.04943853778322047,46.84284450513905
rotate,shahzaib,rotate,0.1519424021244049,0.03680136799812317,0.09738620091229677,-0.29351137578487396,-0.43796321749687195,-0.8476844681426883,0.15066096186637878,-0.14918085932731628,0.08188581932336092,-0.2175949215888977,-0.29044631123542786,-0.37962579261511564,0.12231788039207458,-0.36062395572662354,-0.06669652741402388,-0.09034788608551025,-0.39552828669548035,-0.08478634338825941,0.033411112698641325,0.06026571447198975,0.0032063460711276542,-0.6864328276027257,1.2989811825029636,0.0032063460711276542,0.7906261288705088,0.4309845031559698,0.528438986191529,0.5543874921897369,15.737511945942934
rotate,shahzaib,rotate,0.1532730907201767,0.036139994859695435,0.09738620091229677,-0.31483177840709686,-0.39794692397117615,-0.8476844681426883,0.1518143266439438,-0.149653822183609,0.08188581932336092,-0.21765057742595673,-0.27201947569847107,-0.37962579261511564,0.12348859012126923,-0.36119362711906433,-0.06669652741402388,-0.09040354192256927,-0.39456820487976074,-0.09992950689047575,0.04032389684157002,-0.02004161025538621,0.0,-0.6460728067340376,1.2126149553241345,0.0,0.7807156532000313,0.43091097150768326,0.5327925992540161,2.011908445444797,2.890460726420133
rotate,shahzaib,rotate,0.15442855656147003,0.035382986068725586,-0.01797253731638193,-0.33717530965805054,-0.36166176199913025,-0.7029316080734134,0.15226168930530548,-0.15034723281860352,9.228878479916602e-05,-0.21781297028064728,-0.25828462839126587,-0.3162253750488162,0.12420864403247833,-0.36196064949035645,-0.12517280410975218,-0.09056593477725983,-0.3938370645046234,-0.12034344207495451,0.03501411640282795,-0.022939660332419405,-3.4957193402629527,-0.6770767045743463,1.0995503627892576,4.386450305129494,0.6334511859897827,0.41265858167877506,0.6157754221292493,1.5262906950131034,132.97020497657363
rotate,shahzaib,rotate,0.15530438721179962,0.03392955660820007,-0.17606415878981352,-0.3404897600412369,-0.3201272487640381,-0.5617898954078555,0.1523856669664383,-0.151851624250412,-0.11894369404762983,-0.21685491502285004,-0.24743279814720154,-0.30132662784308195,0.12497170269489288,-0.3634660840034485,-0.2192354602739215,-0.09124352037906647,-0.3928385078907013,-0.17155965697020292,0.026540322737260008,-0.04404331698562111,-4.790655196164541,-0.10043789039958496,1.258621613184597,4.277021595925949,0.46871126952594605,0.4008829357792328,0.079799845757939,0.6025822297556452,18.4273977340285
rotate,shahzaib,rotate,0.15630514919757843,0.032637953758239746,-0.179230572655797,-0.34065617620944977,-0.26202142238616943,-0.5483572203665972,0.15244479477405548,-0.15311884880065918,-0.12027510441839695,-0.21656550467014313,-0.23864376544952393,-0.30132204480469227,0.12536628544330597,-0.3647576868534088,-0.224436791613698,-0.09231738746166229,-0.3920559883117676,-0.20807951875030994,0.0303261207811765,-0.03913948030182872,-0.09595193533283444,-0.005042914188269494,1.7607826175111994,0.40705075882601666,0.4408741958307834,0.40115347524360007,0.002864016985458702,0.7748019581599157,118.29031599181961
rotate,shahzaib,rotate,0.15711136162281036,0.03074052929878235,-0.3031017202883959,-0.3406798392534256,-0.214950829744339,-0.48538014478981495,0.15268363058567047,-0.15497145056724548,-0.17939582653343678,-0.21388350427150726,-0.225315660238266,-0.28483843989670277,0.12564589083194733,-0.3666102886199951,-0.2910976428538561,-0.09405122697353363,-0.39126166701316833,-0.2892776746302843,0.024430679552482567,-0.057497710892647776,-3.753671140381743,-0.0007170619386615097,1.4263815952069674,1.9083962295994406,0.36106420832894875,0.39877543333042287,0.0005027136064833043,0.4248909092604798,46.61036528301402
rotate,shahzaib,rotate,0.15746162831783295,0.029456496238708496,-0.3031017202883959,-0.3406817764043808,-0.1609097123146057,-0.482034744694829,0.15287695825099945,-0.15625548362731934,-0.17939582653343678,-0.19838349521160126,-0.21631866693496704,-0.2761844117194414,0.12583033740520477,-0.36789432168006897,-0.2910976428538561,-0.0949493795633316,-0.39116761088371277,-0.2892776746302843,0.010614142273411776,-0.038910092729511306,0.0,-5.870154409697655e-05,1.6376096190828526,0.10137576045412168,0.38801855467306695,0.39878855166688926,3.584584968669322e-05,0.2727793420553749,55.131037552169204
rotate,shahzaib,rotate,0.15784327685832977,0.02861654758453369,-0.303235812112689,-0.32857903838157654,-0.12249535322189331,-0.4734382163733244,0.153018519282341,-0.15709543228149414,-0.1795299183577299,-0.1858147233724594,-0.2076730728149414,-0.27631850354373455,0.12602625787258148,-0.3687383830547333,-0.2912317346781492,-0.09628404676914215,-0.38979724049568176,-0.28941176645457745,0.011565107287782483,-0.025452989520448346,-0.004063388614943489,0.3667496370546705,1.1640714876579388,0.26050085822740904,0.3990952221438477,0.39880742404766056,0.31505738769975933,0.45435342379204274,18.78072972293487
rotate,shahzaib,rotate,0.15831361711025238,0.028088778257369995,-0.3031999450176954,-0.32244807481765747,-0.08913829922676086,-0.41109031252563,0.1532486528158188,-0.15804263949394226,-0.17949405126273632,-0.17585645616054535,-0.20226648449897766,-0.27243718318641186,0.12627343833446503,-0.36970949172973633,-0.29119586758315563,-0.0967041403055191,-0.38878846168518066,-0.28937589935958385,0.014252734906745524,-0.015993009914051226,0.001086881666472452,0.18578677466421212,1.0108198180343055,1.8893304196270821,0.3944172184409968,0.39926699655214876,0.18379793070101455,0.8911295530849996,49.878818917258755
rotate,shahzaib,rotate,0.15853001177310944,0.027247875928878784,-0.2158826719969511,-0.2874651551246643,-0.057642728090286255,-0.3332773130387068,0.15346504747867584,-0.15868321061134338,-0.13531179539859295,-0.16773928701877594,-0.19792363047599792,-0.2192284595221281,0.12648983299732208,-0.3706853985786438,-0.2652221005409956,-0.0968642383813858,-0.38844868540763855,-0.2889267187565565,0.006557414025971488,-0.02548188874215831,2.6459779703256276,1.0600884755452642,0.9544112465598519,2.3579696814219533,0.3843543496218145,0.40225842840805287,1.1107238820188223,0.25732616471864317,30.10859056327672
rotate,shahzaib,rotate,0.15841364860534668,0.024363011121749878,-0.13894127123057842,-0.262590229511261,-0.02722492814064026,-0.3332732003182173,0.15334868431091309,-0.1615680754184723,-0.09196646325290203,-0.16655567288398743,-0.18467065691947937,-0.2145832758396864,0.12637346982955933,-0.3735917806625366,-0.23940388672053814,-0.09729874134063721,-0.38809096813201904,-0.2728108447045088,-0.0035261565988713656,-0.08742014567057195,2.331557598980965,0.7537856246485772,0.9217515136256261,0.00012462789362126993,0.4014987812273873,0.41168838515452766,0.8177744172170824,0.04033528240591743,72.05702128779197
rotate,shahzaib,rotate,0.1583809107542038,0.023951351642608643,-0.13523707073181868,-0.23962850868701935,-0.0012819766998291016,-0.30801579635590315,0.15302138030529022,-0.16215074062347412,-0.08647305052727461,-0.1639014631509781,-0.17403435707092285,-0.19360749702900648,0.12634073197841644,-0.373930424451828,-0.22194540780037642,-0.09795801341533661,-0.38516467809677124,-0.2696926025673747,-0.0009920560952389036,-0.012474529670946725,0.11224849996241835,0.6958097219467274,0.7861500436609566,0.7653758776458949,0.41098068670497256,0.40847866103536234,0.8850840147797466,0.07952015837445561,23.61612263085969
rotate,shahzaib,rotate,0.15761524438858032,0.02374166250228882,-0.12574878800660372,-0.2109590768814087,0.006617069244384766,-0.2940656738355756,0.15259605646133423,-0.16224080324172974,-0.08266791421920061,-0.15479102730751038,-0.1739135980606079,-0.1908871727064252,0.126112163066864,-0.3739565312862396,-0.22176550794392824,-0.09812706708908081,-0.38331714272499084,-0.2588912742212415,-0.02320201107949896,-0.0063542163733279365,0.28752371894590467,0.868770660776071,0.2393650286125388,0.42273098546446713,0.4074518259698719,0.4103358477917122,3.629465157657555,3.6508609174779565,20.24403144545548
rotate,shahzaib,rotate,0.15691906213760376,0.023730367422103882,-0.1257449435070157,-0.18936249613761902,0.012754946947097778,-0.29232453275471926,0.15190017223358154,-0.16228148341178894,-0.056408864445984364,-0.14935684204101562,-0.1700320541858673,-0.18796998728066683,0.12530380487442017,-0.3742070198059082,-0.1888080583885312,-0.09855771064758301,-0.38236236572265625,-0.24209596682339907,-0.02109643184777439,-0.0003422751571192848,0.00011649998751553495,0.654441840720892,0.1859962940216044,0.05276185093503952,0.40851696253004793,0.4041418625980651,3.5185557089065806,61.45633148874674,13.057133245753713
rotate,shahzaib,rotate,0.15648174285888672,0.023730367422103882,-0.1257294430397451,-0.17065641283988953,0.017627805471420288,-0.29230903228744864,0.15118587017059326,-0.16231271624565125,-0.04300042008981109,-0.14354267716407776,-0.16850343346595764,-0.1668920828960836,0.12455737590789795,-0.3751415014266968,-0.1583900167606771,-0.0989413857460022,-0.38236236572265625,-0.20862810453400016,-0.01325209935506206,0.0,0.00046971112941251406,0.5668510090221148,0.1476623795249269,0.00046971112941251406,0.41489478164062454,0.4014780766616487,3.8388056053290134,13252.09935506206,3.3023505950309247
rotate,shahzaib,rotate,0.15594205260276794,0.023217856884002686,-0.12583698378875852,-0.15971621870994568,0.017682135105133057,-0.29403545008972287,0.1507420837879181,-0.1635514497756958,-0.03912488790228963,-0.14041221141815186,-0.16844910383224487,-0.1668812041170895,0.12376698851585388,-0.3759925067424774,-0.15128862904384732,-0.09962606430053711,-0.3823080360889435,-0.19716052757576108,-0.016354250185417227,-0.015530622366702747,-0.0032588105761643255,0.331521034240719,0.0016463525367505442,-0.052315690978006306,0.41591791776851755,0.4013127650872501,201.24474078551208,1.0529647064094256,8.543475799471038
rotate,shahzaib,rotate,0.15481629967689514,0.0219649076461792,-0.1258351686410606,-0.149208664894104,0.01786673069000244,-0.29403363494202495,0.15032288432121277,-0.16441786289215088,-0.0391230727545917,-0.1402154266834259,-0.1682645082473755,-0.16687938896939158,0.12290951609611511,-0.3765445351600647,-0.1512868138961494,-0.10001260042190552,-0.3821234405040741,-0.19715871242806315,-0.03411372502644911,-0.03796815872192443,5.500447569471505e-05,0.31841072169217705,0.005593805602102658,5.500447569471505e-05,0.41448418597517744,0.40059406522114704,56.91184722709774,0.8984588064299384,1.6403297679406708
rotate,shahzaib,rotate,0.1532096415758133,0.021557241678237915,-0.1533590373583138,-0.14936669170856476,0.018902987241744995,-0.30339471669867635,0.1500348597764969,-0.1639823615550995,-0.03912294702604413,-0.14037345349788666,-0.16746589541435242,-0.166879263240844,0.1221093088388443,-0.37643060088157654,-0.15128668816760182,-0.10021995007991791,-0.38148489594459534,-0.19715858669951558,-0.04868660912369183,-0.012353514180038778,-0.8340566277955426,-0.0047886913472955355,0.03140171368916795,-0.28366914414094846,0.41714742541738176,0.3992065231843464,0.15249291493388822,3.940795114578841,13.055764455098055
rotate,shahzaib,rotate,0.15141089260578156,0.02224510908126831,-0.1645403397269547,-0.1494191437959671,0.019602060317993164,-0.3086414528079331,0.14986731112003326,-0.16328328847885132,-0.039127007592469454,-0.140425905585289,-0.16748690605163574,-0.1743166339583695,0.12159492075443268,-0.3761399984359741,-0.15129074873402715,-0.1003531664609909,-0.38088613748550415,-0.1971626472659409,-0.054507544546415716,0.020844466758496605,-0.338827344504266,-0.0015894571940103992,0.021184032613580643,-0.15899200331080868,0.4185997978938821,0.39971894842557204,0.07502736592397216,2.6148392443262733,3.7920008542593333
idle,shahzaib,rotate,0.15044261515140533,0.02302226424217224,-0.1657228316180408,-0.14952881634235382,0.020457535982131958,-0.308634280692786,0.1495036631822586,-0.16242781281471252,-0.04464948130771518,-0.14053557813167572,-0.16766807436943054,-0.17874310864135623,0.12119866907596588,-0.37561774253845215,-0.1563873435370624,-0.10062699019908905,-0.38007602095603943,-0.19865846587345004,-0.029341741041704124,0.023550156391028577,-0.035833087608670315,-0.003323410496567288,0.02592350497390326,0.00021733682263981558,0.4182262529766231,0.39982022800982636,0.12819571675188313,1.2458726252984067,4.826948683034537
idle,shahzaib,rotate,0.14980101585388184,0.02343583106994629,-0.1657228316180408,-0.15037551522254944,0.020898759365081787,-0.3093833322636783,0.14922112226486206,-0.1619865894317627,-0.04526578215882182,-0.14167889952659607,-0.1678905487060547,-0.18134430004283786,0.12088829278945923,-0.3753935694694519,-0.1563873435370624,-0.10087946057319641,-0.37973344326019287,-0.19951735390350223,-0.01944240295525732,0.012532328114364949,0.0,-0.025657541824109346,0.013370405543934068,-0.0226985324512826,0.4183617506504025,0.3999849842523164,1.9188365605849775,1.551256200894765,1.041618254317009
idle,shahzaib,rotate,0.1494249552488327,0.023715585470199585,-0.1657228316180408,-0.15041224658489227,0.02175763249397278,-0.30952560855075717,0.14903537929058075,-0.16168174147605896,-0.04797102836892009,-0.1422184258699417,-0.1675952970981598,-0.18233470572158694,0.12071357667446136,-0.37526610493659973,-0.1563873435370624,-0.10097531974315643,-0.37960535287857056,-0.2029239828698337,-0.011395775910579978,0.00847740606828183,0.0,-0.001113071586146517,0.026026458451242573,-0.004311402638753324,0.4182106674399056,0.40012233613885895,0.04276528145195744,1.3440941397242325,1.0053544606504443
idle,shahzaib,rotate,0.14935457706451416,0.023768454790115356,-0.16623164666816592,-0.15045437216758728,0.022194892168045044,-0.30963373137637973,0.14894574880599976,-0.16155526041984558,-0.050066962372511625,-0.14226055145263672,-0.16752347350120544,-0.182567089330405,0.12058627605438232,-0.3753257095813751,-0.15668903244659305,-0.10103997588157654,-0.3797968924045563,-0.20459815813228488,-0.0021326722520770215,0.0016021006035082093,-0.015418637882579288,-0.0012765328089396019,0.013250293153704873,-0.0032764492612896183,0.4184156415227462,0.4002434617386892,0.09633269705324582,1.330342117899465,0.3884563027555222
idle,shahzaib,rotate,0.14922462403774261,0.0237504243850708,-0.16624026745557785,-0.15058432519435883,0.02252715826034546,-0.31140226870775223,0.14874784648418427,-0.16144096851348877,-0.050266414880752563,-0.14239050447940826,-0.16741174459457397,-0.1828790083527565,0.1203557699918747,-0.37533387541770935,-0.15917003899812698,-0.10121019184589386,-0.37971946597099304,-0.20500702410936356,-0.0039379705082287116,-0.0005463759104410895,-0.0002612359821796459,-0.0039379705082287116,0.0100686694636491,-0.05359204034462205,0.41899892580121323,0.4001895516045334,0.391072469900283,7.194270761852479,1.5298873380792972
idle,shahzaib,rotate,0.14912380278110504,0.02376002073287964,-0.1662506521679461,-0.14913012087345123,0.023839473724365234,-0.3118870467878878,0.14863444864749908,-0.16142916679382324,-0.05068274820223451,-0.14249132573604584,-0.16599112749099731,-0.18322903523221612,0.12014825642108917,-0.3753242790699005,-0.1592156202532351,-0.10134999454021454,-0.37980180978775024,-0.20639566192403436,-0.0030551895950779433,0.00029079841844962986,-0.0003146882535833266,0.044066797603259905,0.03976713527332609,-0.01469024485259329,0.419925777380029,0.4001966420523512,1.108093132866028,10.47020614885659,2.07742828703608
idle,shahzaib,rotate,0.14891494810581207,0.0239887535572052,-0.16916977474465966,-0.1469794064760208,0.024213582277297974,-0.32874525198712945,0.14841587841510773,-0.16119924187660217,-0.05238858098164201,-0.14214138686656952,-0.16564717888832092,-0.19759297976270318,0.11992169916629791,-0.37509554624557495,-0.15922523150220513,-0.10155998170375824,-0.37958717346191406,-0.22485307464376092,-0.006328929554332317,0.006931297706835121,-0.08845825990041,0.06517316355849685,0.011336622816143489,-0.5108547030073167,0.41941811953627844,0.4002596416995411,5.74839757993163,0.912962746549691,15.073524800651873
idle,shahzaib,rotate,0.14902964234352112,0.02418854832649231,-0.1691738055087626,-0.14717954397201538,0.02500322461128235,-0.3287492827512324,0.14820536971092224,-0.16099855303764343,-0.052392611745744944,-0.14187291264533997,-0.16543450951576233,-0.200317217502743,0.11971345543861389,-0.37489575147628784,-0.15922926226630807,-0.10176417231559753,-0.37938737869262695,-0.23042775550857186,0.003475582960880219,0.00605438694809432,-0.00012214436675563197,-0.006064772605896092,0.023928555575284473,-0.00012214436675563197,0.41864237571287444,0.4002831636529568,0.2534427598045349,0.5739654609477952,15.631228507713168
idle,shahzaib,rotate,0.1492704451084137,0.024196475744247437,-0.16918116342276335,-0.14733672142028809,0.025108903646469116,-0.32875664066523314,0.14803913235664368,-0.1609843671321869,-0.05239996965974569,-0.14201286435127258,-0.16515466570854187,-0.20032457541674376,0.11954787373542786,-0.37483373284339905,-0.15923662018030882,-0.10193288326263428,-0.37938040494918823,-0.2304351134225726,0.007297053481593196,0.00024022478045838987,-0.00022296709093180326,-0.004762952977960708,0.0032023950056595885,-0.00022296709093180326,0.4187364708345436,0.40025920670838283,1.4868453529913654,30.250016054432283,0.6293105761189044
idle,shahzaib,rotate,0.14957202970981598,0.024198025465011597,-0.16918432014063,-0.14742542803287506,0.025110453367233276,-0.3287597973830998,0.14794375002384186,-0.16097691655158997,-0.05240312637761235,-0.14210157096385956,-0.1651531159877777,-0.20032773213461041,0.11945201456546783,-0.37481170892715454,-0.15923977689817548,-0.10204048454761505,-0.3793788552284241,-0.23043827014043927,0.009138927315220834,4.696123527758124e-05,-9.565811717149135e-05,-0.0026880791693023186,4.696123527758124e-05,-9.565811717149135e-05,0.41873442249555076,0.4002685066206231,56.04691275661995,190.5482054898759,0.11450404564942868
idle,shahzaib,rotate,0.1497570127248764,0.024201184511184692,-0.162564551923424,-0.1475001722574234,0.02566489577293396,-0.3282798887230456,0.14788423478603363,-0.16097375750541687,-0.04712712997570634,-0.14214856922626495,-0.16514995694160461,-0.20032969722524285,0.11940442025661469,-0.37479084730148315,-0.157768449280411,-0.10208927094936371,-0.37925809621810913,-0.2304402352310717,0.005605545910921902,9.572867191198996e-05,0.20059903688502814,-0.002264976501464819,0.01680128502123265,0.014542686668309138,0.4190434072933474,0.40017361722146005,0.1348016950434195,57.951234107940536,0.6743139352276452
idle,shahzaib,rotate,0.14984732866287231,0.024203062057495117,-0.1581988651305437,-0.14816680550575256,0.025729000568389893,-0.3235285598784685,0.14777827262878418,-0.16097187995910645,-0.041714249178767204,-0.1422223448753357,-0.1651480793952942,-0.19682094641029835,0.11933064460754395,-0.3747771978378296,-0.15242825634777546,-0.10216304659843445,-0.3792334198951721,-0.2279618550091982,0.002736846605936656,5.689534274014497e-05,0.13229353917818937,-0.02020100752512592,0.001942569559270664,0.14397966195687945,0.41862143148778186,0.40018722583010735,10.393766165336768,47.27231028272177,3.985328143261464
idle,shahzaib,rotate,0.14994969964027405,0.024153172969818115,-0.15819938201457262,-0.14868202805519104,0.026670753955841064,-0.3235290767624974,0.14767399430274963,-0.16099154949188232,-0.041714766062796116,-0.14242812991142273,-0.16519778966903687,-0.19682146329432726,0.11923655867576599,-0.3747824728488922,-0.15242877323180437,-0.10225769877433777,-0.37918585538864136,-0.2279623718932271,0.003102150830355607,-0.00151179053566675,-1.566315239126057e-05,-0.015612804528438932,0.028537981437914754,-1.566315239126057e-05,0.4195328363517534,0.4001577769560664,0.5470694377234125,2.050614911461196,4.439473698017497
idle,shahzaib,rotate,0.14993663132190704,0.024094223976135254,-0.15635336143895984,-0.14887908101081848,0.02677321434020996,-0.32352986140176654,0.14762736856937408,-0.1609932780265808,-0.04171555070206523,-0.1425333172082901,-0.16521108150482178,-0.19682224793359637,0.11919461190700531,-0.3747815191745758,-0.15242955787107348,-0.10229851305484772,-0.37918490171432495,-0.22796315653249621,-0.0003960096474849773,-0.0017863331419048691,0.055940017442811005,-0.005971301685679977,0.0031048601323907686,-2.3776947548894912e-05,0.41964834847907867,0.40007790049711267,1.9225919491369705,0.22156454115930838,0.8242214247782187
idle,shahzaib,rotate,0.14992356300354004,0.02404153347015381,-0.1558010969310999,-0.14907613396644592,0.026881933212280273,-0.32353064604103565,0.14758074283599854,-0.16098874807357788,-0.04105563648045063,-0.14263850450515747,-0.16521811485290527,-0.1968230325728655,0.11915379762649536,-0.374774307012558,-0.1524303425103426,-0.1023387610912323,-0.37917768955230713,-0.22796394117176533,-0.00039600964748498794,-0.0015966819994377621,0.016735288116968308,-0.005971301685680138,0.003294511274858007,-2.377694754889555e-05,0.4197639745649524,0.4000152685419086,1.8119500094677787,0.2478651243641395,0.005747004317189134
idle,shahzaib,rotate,0.14991679787635803,0.02401202917098999,-0.15525440964847803,-0.1492064893245697,0.027073562145233154,-0.3422390976920724,0.1475462019443512,-0.1608937382698059,-0.04054633993655443,-0.14285585284233093,-0.1651049256324768,-0.21253590378910303,0.11913737654685974,-0.3746289312839508,-0.16150006745010614,-0.10235518217086792,-0.37903231382369995,-0.24212741944938898,-0.0002050038540002049,-0.0008940696716308495,0.01656628129157135,-0.0039501623673872084,0.005806937362208447,-0.5669227773041374,0.42087928863163554,0.3998762263140827,0.6801317095963262,0.2290367560177527,17.179035472760468
idle,shahzaib,rotate,0.1498766988515854,0.024059176445007324,-0.1516551673412323,-0.14936815202236176,0.02728450298309326,-0.3449850231409073,0.14748160541057587,-0.16078972816467285,-0.04055846855044365,-0.14302708208560944,-0.16491693258285522,-0.21754120290279388,0.11908267438411713,-0.37444090843200684,-0.16261136531829834,-0.10240931808948517,-0.3788739740848541,-0.24547533690929413,-0.001215121962807382,0.0014287052732525293,0.1090679487044149,-0.004898869630062165,0.006392146601821367,-0.08320986208590503,0.42079926120705574,0.399838252127036,0.7662689337776969,0.8499108071714825,14.658006047531728
rotate,shahzaib,rotate,0.14963878691196442,0.02407488226890564,-0.1358326030895114,-0.15161116421222687,0.027499467134475708,-0.3469541622325778,0.14722491800785065,-0.16080781817436218,-0.03885348793119192,-0.1436445564031601,-0.16504546999931335,-0.21886987518519163,0.11883141100406647,-0.3742259442806244,-0.16264111828058958,-0.10265819728374481,-0.378759503364563,-0.24679921101778746,-0.007209452715787135,0.0004759340575247176,0.47947164399155023,-0.06797006635954994,0.006514065193407567,-0.059670881565774075,0.42127634438083145,0.40038898502221515,10.432753064133136,15.116246369999478,2.040020689176487
rotate,shahzaib,rotate,0.14971502125263214,0.02406063675880432,-0.1342641580849886,-0.15719233453273773,0.02757510542869568,-0.34772603400051594,0.14718623459339142,-0.1609044373035431,-0.03830079920589924,-0.14490218460559845,-0.16608521342277527,-0.2196578849107027,0.11879296600818634,-0.3741503059864044,-0.1693787593394518,-0.10268335044384003,-0.3789514899253845,-0.25027510710060596,0.0023101315353855688,-0.0004316821242823698,0.0475286365006904,-0.1691263733488122,0.002292069521817269,-0.023390053573882685,0.42158247737570326,0.40095032565621946,73.75544951414238,5.339096315146056,3.2590514164286195
rotate,shahzaib,rotate,0.1498422622680664,0.0240420401096344,-0.1299001295119524,-0.16179239749908447,0.026449471712112427,-0.3501009214669466,0.14716976881027222,-0.16099002957344055,-0.03471553139388561,-0.1459507942199707,-0.16917410492897034,-0.2197681237012148,0.11878222227096558,-0.37410327792167664,-0.16936892457306385,-0.10253378748893738,-0.3792867362499237,-0.25096376426517963,0.0038557883464929443,-0.0005635348233309749,0.13224329009200797,-0.13939584746505498,-0.03411011262373545,-0.07196628686153642,0.4218549860435398,0.401300643082529,4.0865230343750065,6.830027461799955,2.048241305833687
rotate,shahzaib,rotate,0.14984537661075592,0.024022996425628662,-0.11909707356244326,-0.16190771758556366,0.025905370712280273,-0.3503664480522275,0.14701779186725616,-0.16108131408691406,-0.03304686117917299,-0.14780189096927643,-0.17070508003234863,-0.22212440241128206,0.11866225302219391,-0.374089777469635,-0.16935040522366762,-0.1021905392408371,-0.37953048944473267,-0.25444716680794954,9.437402089436746e-05,-0.0005770813335071847,0.3273653318033038,-0.0034945480751268406,-0.016487909085822646,-0.00804626016002704,0.4208858355957488,0.4024817576963879,0.21193324900623614,0.16325388042164576,4.582222509709478
rotate,shahzaib,rotate,0.1497332602739334,0.023860156536102295,-0.11910037882626057,-0.16220246255397797,0.02309894561767578,-0.3566009122878313,0.14664877951145172,-0.16125762462615967,-0.026578105986118317,-0.1496698409318924,-0.17508149147033691,-0.22604219801723957,0.11836673319339752,-0.3740602135658264,-0.16960942931473255,-0.10174377262592316,-0.3800734579563141,-0.2550030369311571,-0.0033974647521972283,-0.004934542106859558,-0.00010015950961546355,-0.008931665709524346,-0.08504318468498367,-0.1889231586546588,0.42014922166824864,0.40233772398868706,0.10502382664503829,0.6883670888908706,5.863917499304058
rotate,shahzaib,rotate,0.14955724775791168,0.023585647344589233,-0.11909982934594154,-0.16241811215877533,0.019410520792007446,-0.3628994710743427,0.14636977016925812,-0.16139885783195496,-0.026577556505799294,-0.1514657884836197,-0.1781894862651825,-0.22935611382126808,0.11815108358860016,-0.3739887475967407,-0.16960887983441353,-0.10095413029193878,-0.38052165508270264,-0.25530706718564034,-0.005333712606719131,-0.008318460348880785,1.6650918758277002e-05,-0.006534836509011112,-0.1117704492626786,-0.19086541777307642,0.4186880601848547,0.4019986453236396,0.05846606223789162,0.6411128105727043,0.8152944746250408
rotate,shahzaib,rotate,0.149562805891037,0.02270328998565674,-0.11480084154754877,-0.16168537735939026,0.014361143112182617,-0.37466341350227594,0.14626482129096985,-0.16139870882034302,-0.02541492599993944,-0.1528664529323578,-0.18246012926101685,-0.23581662867218256,0.11812952160835266,-0.37389639019966125,-0.17075054440647364,-0.09947255253791809,-0.3816245198249817,-0.2564849564805627,0.0001684282765243974,-0.026738101785832892,0.1302723575270523,0.022204084829850385,-0.15301144484317497,-0.3564831038767602,0.417900979333724,0.4017582941693856,0.14511293413165005,0.006298950423743677,5.244785180978268
rotate,shahzaib,rotate,0.14977362751960754,0.022418975830078125,-0.11286943219602108,-0.15357190370559692,0.009281516075134277,-0.3761648740619421,0.1462555229663849,-0.1611783504486084,-0.02395584248006344,-0.15306830406188965,-0.18503421545028687,-0.24279147945344448,0.1179669201374054,-0.3733866214752197,-0.169346546754241,-0.09863319993019104,-0.3827117383480072,-0.26649852655828,0.006388534199107879,-0.008615580472079328,0.058527556106900656,0.24586283799374134,-0.15392809203177032,-0.045498804838369114,0.4107355359115662,0.4010778003848168,1.5972473737647739,0.7414233778479663,11.60789258258029
rotate,shahzaib,rotate,0.14996689558029175,0.022917091846466064,-0.111386445350945,-0.14295560121536255,0.004545032978057861,-0.37615799624472857,0.14632606506347656,-0.16068023443222046,-0.023442077450454235,-0.15299776196479797,-0.18597257137298584,-0.24278460163623095,0.11799484491348267,-0.37232881784439087,-0.16837712842971087,-0.09817719459533691,-0.3831663429737091,-0.26649164874106646,0.005856607899521272,0.015094424739028302,0.04493899530533539,0.3217061360677048,-0.14352979082049588,0.00020841870344046162,0.4054034096016395,0.40061138165181776,2.241373674795958,0.38797238241196147,2.7018139698971413
rotate,shahzaib,rotate,0.1506946086883545,0.022992759943008423,-0.11478285677731037,-0.12975913286209106,-0.0033620893955230713,-0.3761510122567415,0.14673060178756714,-0.16041234135627747,-0.022500282153487206,-0.1525932252407074,-0.18632379174232483,-0.2427776176482439,0.11835682392120361,-0.37158721685409546,-0.1663780529052019,-0.0974595844745636,-0.38342174887657166,-0.2664846647530794,0.022051912365537458,0.002292972622495684,-0.10292155837470722,0.3998929804021618,-0.23960976889638927,0.00021163599960731506,0.3968819892180581,0.3992507416102382,1.6689274119189552,9.612979749316493,3.7537302933411865
rotate,shahzaib,rotate,0.15152320265769958,0.02299743890762329,-0.12104014679789543,-0.11851635575294495,-0.006777524948120117,-0.3921425826847553,0.14726325869560242,-0.15976178646087646,-0.023435065522789955,-0.15202605724334717,-0.18662011623382568,-0.24277758970856667,0.11881479620933533,-0.370748907327652,-0.16078903153538704,-0.09672483801841736,-0.3835557997226715,-0.2664846368134022,0.02510890816197291,0.00014178680651115875,-0.1896148491086412,0.34069021542867567,-0.10349804704839698,-0.4845930432731532,0.39777714608542997,0.39709696405776646,3.291723210450104,175.84893713559353,15.364172641698449
rotate,shahzaib,rotate,0.15168657898902893,0.02354094386100769,-0.12104014679789543,-0.10000354051589966,-0.016432911157608032,-0.3921425826847553,0.14741507172584534,-0.15830889344215393,-0.023435065522789955,-0.1462024450302124,-0.1891004741191864,-0.24277758970856667,0.11892107129096985,-0.3695583641529083,-0.16078903153538704,-0.09638947248458862,-0.38418063521385193,-0.2664846368134022,0.0049507979190710275,0.016469847072254348,0.0,0.5609944011225784,-0.29258746089356996,0.0,0.38864041143052813,0.3964601093346033,1.9173497116369262,0.30057943573593127,17.1183735445604
rotate,shahzaib,rotate,0.1518039107322693,0.027107179164886475,-0.12104014679789543,-0.08263146877288818,-0.03272610902786255,-0.3921425826847553,0.14752155542373657,-0.1542404294013977,-0.023435065522789955,-0.13974609971046448,-0.19437772035598755,-0.24277758970856667,0.11903637647628784,-0.3652964234352112,-0.16078903153538704,-0.09516221284866333,-0.38273268938064575,-0.2664846368134022,0.003555507370919949,0.108067736481177,0.0,0.5264264164549015,-0.49373326879559926,0.0,0.3720907754808627,0.3957704795365954,1.0662140542503775,0.032900425106193724,6.184683055746864
rotate,shahzaib,rotate,0.1518278419971466,0.03416961431503296,-0.12104014679789543,-0.07067817449569702,-0.04781752824783325,-0.4103725738823414,0.14751282334327698,-0.1479002833366394,-0.024961624294519424,-0.13575032353401184,-0.19567078351974487,-0.24277758970856667,0.11893495917320251,-0.3589766025543213,-0.14305629208683968,-0.09322899580001831,-0.3787470757961273,-0.2610018737614155,0.0007251898447672447,0.21401318636807293,0.0,0.3622210387027585,-0.4573157339385011,-0.55242397568442,0.36377810686823037,0.39513364857037797,0.7920572588351188,0.003388512962967907,17.498836163287354
rotate,shahzaib,rotate,0.15169909596443176,0.03521266579627991,-0.12102197762578726,-0.05422118306159973,-0.07213976979255676,-0.5072789182886481,0.146885484457016,-0.146474689245224,-0.02494345512241125,-0.1303585171699524,-0.2021256983280182,-0.2957243015989661,0.11875119805335999,-0.35777920484542847,-0.13581196870654821,-0.091450035572052,-0.3783789575099945,-0.2509848764166236,-0.003901394930752903,0.03160762064384742,0.0005505809729749593,0.4986967101241683,-0.7370376225673908,-2.936555891100251,0.4010674051231041,0.3946478407433603,0.6766222214882235,0.12342819304620002,72.85944387626283
rotate,shahzaib,rotate,0.15152868628501892,0.03607073426246643,-0.12098933290690184,-0.04254063963890076,-0.09642711281776428,-0.5080406246706843,0.14653441309928894,-0.14562317728996277,-0.02491081040352583,-0.13030582666397095,-0.20635172724723816,-0.3086604056879878,0.11835518479347229,-0.35734957456588745,-0.12970742862671614,-0.09144556522369385,-0.3785623013973236,-0.22617875318974257,-0.0051639296791769675,0.026002074732924665,0.00098923390561883,0.35395586129390444,-0.7359800916729471,-0.023082011576854567,0.40179356761403806,0.394912681225593,0.4809306452280355,0.19858919501694483,88.39597590841625
rotate,shahzaib,rotate,0.15145522356033325,0.03819659352302551,-0.07651574816554785,-0.032873690128326416,-0.13762006163597107,-0.5170045485720038,0.14619207382202148,-0.14407923817634583,-0.024917646311223507,-0.13004156947135925,-0.21395692229270935,-0.31000140216201544,0.11820805072784424,-0.35685259103775024,-0.12453735526651144,-0.09118130803108215,-0.37934038043022156,-0.1754807075485587,-0.002226143172292974,0.06441997759269875,1.3476843861016212,0.292937863956795,-1.2482711763092829,-0.27163405761573955,0.42245357710746784,0.39934359575689526,0.2346746723322095,0.034556184266059276,17.35343904349729
rotate,shahzaib,rotate,0.15133389830589294,0.039597541093826294,-0.06984159257262945,-0.01871207356452942,-0.17336800694465637,-0.5211117854341865,0.14557024836540222,-0.1434020698070526,-0.010806835256516933,-0.1295698881149292,-0.2243920862674713,-0.311241596005857,0.1174745261669159,-0.35617542266845703,-0.09136173781007528,-0.0907096266746521,-0.38004806637763977,-0.16782635357230902,-0.003676522861827562,0.04245295669093344,0.20224713917934856,0.4291398958726431,-1.083271069960178,-0.12446172309644493,0.4155849985104127,0.3978012224439087,0.3961515373404012,0.08660024055220107,7.869208899643509
rotate,shahzaib,rotate,0.15087474882602692,0.040141761302948,-0.06774382200092077,-0.009523436427116394,-0.20907831192016602,-0.6656579365953803,0.14521993696689606,-0.14328765869140625,-0.005495091434568167,-0.12921489775180817,-0.22903645038604736,-0.38667872454971075,0.11411477625370026,-0.35606101155281067,-0.07702587451785803,-0.09172441065311432,-0.38063716888427734,-0.15933145489543676,-0.01391362060200069,0.016491521488536307,0.06356880520329261,0.2784435496185734,-1.0821304538033107,-4.380186398824008,0.5408844124553589,0.3980126747994808,0.25731028207334933,0.8436321039006576,129.04218459242435
rotate,shahzaib,rotate,0.15189281105995178,0.04240858554840088,-0.06102807354182005,-0.007902532815933228,-0.2454586625099182,-0.712715326808393,0.145839124917984,-0.1411033272743225,-0.0029120645485818386,-0.1284300982952118,-0.23787379264831543,-0.40794902946799994,0.11363503336906433,-0.35428792238235474,-0.06206335034221411,-0.09314313530921936,-0.3799344599246979,-0.1408941736444831,0.030850370724996422,0.06869164380160354,0.2035075290636615,0.049118291247975523,-1.1024348663561447,-1.425981521606468,0.5935731897664036,0.3985383905677781,0.04455432986802675,0.4491073427614422,89.79278665992221
rotate,shahzaib,rotate,0.15175609290599823,0.04553231596946716,-0.06098806019872427,-0.007887497544288635,-0.2918647527694702,-0.7554722717031837,0.14506231248378754,-0.13896897435188293,-0.0029548904858529568,-0.1286323517560959,-0.24117591977119446,-0.4114407291635871,0.11144767701625824,-0.3528418242931366,-0.049277315847575665,-0.09407414495944977,-0.3811008930206299,-0.1140997102484107,-0.00414297436222881,0.09465849760806817,0.0012125255483569387,0.0004556142922603673,-1.4062451593803482,-1.2956649968118237,0.6532610423916663,0.40057941229519883,0.000323993270467761,0.04376712814790694,10.125527428383071
rotate,shahzaib,rotate,0.1515243947505951,0.046667784452438354,-0.06098806019872427,-0.007779151201248169,-0.3348548114299774,-0.77841183450073,0.1447947919368744,-0.13952431082725525,-0.0029548904858529568,-0.12864789366722107,-0.2619742453098297,-0.4177341153845191,0.10958436131477356,-0.35332241654396057,-0.04088153224438429,-0.0939657986164093,-0.38094350695610046,-0.10485258605331182,-0.007021156224337414,0.03440813584761148,0.0,0.003283222516377731,-1.3027290503183857,-0.6951382665923072,0.6806132287995994,0.40268523658574334,0.0025202631317020096,0.20404918785034787,18.466357714189474
rotate,shahzaib,rotate,0.1516057699918747,0.04709523916244507,-0.0525290435180068,-0.008170261979103088,-0.3753156065940857,-0.7798142125830054,0.1449097841978073,-0.13910579681396484,0.0006383288418874145,-0.1301204413175583,-0.28066834807395935,-0.43838080670684576,0.10957597196102142,-0.3532571792602539,-0.03550004493445158,-0.09384436905384064,-0.3809357285499573,-0.10135787632316351,0.0024659164024122228,0.012953173030506688,0.25633383880962435,-0.011851841753179566,-1.2260847019426946,-0.04249630552349736,0.6838674130304646,0.40291258313954015,0.009666405647175146,0.1903569140697028,19.91822021341964
rotate,shahzaib,rotate,0.1516323834657669,0.04632788896560669,-0.04264823626726866,-0.009628936648368835,-0.4034896790981293,-0.8041631868109107,0.14492501318454742,-0.13976502418518066,0.0024594527203589678,-0.13282065093517303,-0.30300238728523254,-0.4826757004484534,0.1096077710390091,-0.3534247875213623,-0.03342281561344862,-0.09381256997585297,-0.3811284303665161,-0.09766215737909079,0.0008064689058245945,-0.02325303626782941,0.2994184015375162,-0.04420226270502215,-0.8537597728497961,-0.7378477038759093,0.7118501346163212,0.40206141172009335,0.051773592920506255,0.03468081396863979,23.921857208337375
rotate,shahzaib,rotate,0.15176169574260712,0.04405587911605835,-0.03990142699331045,-0.039081647992134094,-0.43625786900520325,-0.8211625246331096,0.14508353173732758,-0.14111018180847168,0.001051059807650745,-0.14400817453861237,-0.31241732835769653,-0.48267495911568403,0.10976628959178925,-0.3534861207008362,-0.033422074280679226,-0.0931561142206192,-0.38825780153274536,-0.09628803562372923,0.003918553843642788,-0.06884878331964776,0.08323664466540151,-0.8925064043565372,-0.9929754517295302,-0.5151314491575496,0.7284717422054656,0.3998065004070877,0.8988193051325659,0.05691454140748973,26.910105292524992
rotate,shahzaib,rotate,0.1517152041196823,0.04238346219062805,-0.03580088168382645,-0.07329146564006805,-0.46477508544921875,-0.8211613558232784,0.14510010182857513,-0.14134779572486877,0.0010522286174818873,-0.15400119125843048,-0.3224639594554901,-0.4826737903058529,0.10976628959178925,-0.35349175333976746,-0.035498134791851044,-0.09190346300601959,-0.39346757531166077,-0.09628686681389809,-0.0014088370583273994,-0.05067930077061453,0.12425894877224121,-1.0366611408464723,-0.8641580740610664,3.541847973158826e-05,0.7286111392674273,0.39809168461170624,1.1996184174456934,0.027798514154522773,16.674141749398373
rotate,shahzaib,rotate,0.15168039500713348,0.042056500911712646,-0.035743684973567724,-0.08661492168903351,-0.5011459589004517,-0.8211041591130197,0.14510653913021088,-0.14167475700378418,-0.0043126679956912994,-0.16385720670223236,-0.3336513340473175,-0.48261659359559417,0.1099962443113327,-0.35381871461868286,-0.04082242539152503,-0.08827801048755646,-0.39379453659057617,-0.09622967010363936,-0.0010548215923887195,-0.00990791754289096,0.0017332336442036872,-0.40374109239288813,-1.1021476803403791,0.0017332336442036872,0.7327824496758333,0.39809615458416614,0.36632180357753535,0.10645174791523918,20.490534512269896
rotate,shahzaib,rotate,0.15150825679302216,0.041493743658065796,-0.031668690498918295,-0.10614566504955292,-0.5311869531869888,-0.8210632032714784,0.14515314996242523,-0.14223751425743103,-0.004271712154150009,-0.17114917933940887,-0.3473794162273407,-0.4706632620655,0.11138193309307098,-0.35404855012893677,-0.05251959105953574,-0.08707429468631744,-0.394357293844223,-0.08416341012343764,-0.005216309518525178,-0.017053250110510895,0.12348468104998467,-0.591840707894537,-0.9103331601981106,0.0012410861073118464,0.7497382062993817,0.39811881151503686,0.6501356686051837,0.30586566308830293,8.141004697365792
rotate,shahzaib,rotate,0.1510167419910431,0.040954917669296265,-0.026932081673294306,-0.1346454620361328,-0.5482165217399597,-0.7970598977990448,0.1448233425617218,-0.14277634024620056,0.0011755129089578986,-0.17983725666999817,-0.35280418395996094,-0.43915868224576116,0.11198601126670837,-0.35411614179611206,-0.09159853728488088,-0.08606153726577759,-0.39489611983299255,-0.08064995380118489,-0.01489438793875938,-0.016328060265743193,0.14353360077648294,-0.8636302117145328,-0.516047531908203,0.7273728931040395,0.734241616394782,0.4022266655125702,1.6735445569839529,0.9121399331231804,26.358377953382035
rotate,shahzaib,rotate,0.15073254704475403,0.04012307524681091,-0.026932081673294306,-0.15610280632972717,-0.5490677356719971,-0.7970598977990448,0.14475128054618835,-0.14359548687934875,0.0011755129089578986,-0.18829643726348877,-0.3536553978919983,-0.42163360537961125,0.11309835314750671,-0.35409557819366455,-0.09359015943482518,-0.0861811637878418,-0.39503908157348633,-0.07768023433163762,-0.008611968069365667,-0.025207346135920145,0.0,-0.6502225543513546,-0.025794361576889913,0.0,0.7389999746885205,0.4015818454581576,25.20695639071365,0.34163161767658407,27.356140536185766
rotate,shahzaib,rotate,0.15063339471817017,0.03951534628868103,-0.024723697919398546,-0.1838759481906891,-0.5499217510223389,-0.7970598977990448,0.1448468565940857,-0.14444085955619812,0.0011755129089578986,-0.19571781158447266,-0.3545094132423401,-0.4155958932824433,0.1142956018447876,-0.3544822633266449,-0.09359015943482518,-0.08625802397727966,-0.39562368392944336,-0.07768023433163762,-0.0030046159570867037,-0.01841602903423867,0.06692071981502229,-0.841610359423079,-0.025879253040660227,0.0,0.7421888256008835,0.40161815334363976,32.5194022678539,0.16314335778593234,5.799631027237483
rotate,shahzaib,rotate,0.15042077004909515,0.03931403160095215,0.025079564657062292,-0.21238075196743011,-0.5510909855365753,-0.7970598977990448,0.14487330615520477,-0.14528590440750122,0.007355120964348316,-0.20182450115680695,-0.35567864775657654,-0.4103281241841614,0.1155577152967453,-0.35500743985176086,-0.09359015943482518,-0.08647064864635468,-0.39631426334381104,-0.07768023433163762,-0.006443171790151814,-0.006100445082693322,1.5091897750442513,-0.8637819326285066,-0.03543134891625568,0.0,0.7465361934036019,0.413264272410939,24.378342363642172,1.0560075036039898,0.7315663623586078
rotate,shahzaib,rotate,0.15025897324085236,0.03654429316520691,0.08763896697200835,-0.24373050034046173,-0.5401594638824463,-0.8363788125570863,0.14503969252109528,-0.14846548438072205,0.059810310835018754,-0.2113524228334427,-0.35360756516456604,-0.3951373693998903,0.11669375002384186,-0.35833874344825745,-0.09365029609762132,-0.08678729832172394,-0.39986324310302734,-0.07774037099443376,-0.004902933583115165,-0.08393146774985707,1.8957394640893046,-0.9499923749403671,0.33125823194330917,-1.191482265395216,0.7873032981268985,0.43580389364828737,2.8678215830161267,0.05841522017114186,37.8669493963994
rotate,shahzaib,rotate,0.15006722509860992,0.03638365864753723,0.08761338144540787,-0.2666247934103012,-0.5246852934360504,-0.8364043980836868,0.14518405497074127,-0.1488325297832489,0.059784725308418274,-0.21990425884723663,-0.3521830439567566,-0.3933963030576706,0.11736179888248444,-0.35876473784446716,-0.0903656855225563,-0.08706535398960114,-0.39947864413261414,-0.07968460768461227,-0.005810549764922107,-0.0048677126566568476,-0.0007753189878933272,-0.6937664566617947,0.468914255951385,-0.0007753189878933272,0.7877456051902092,0.4346129869584753,1.4795135109311124,1.1934468461550125,37.14296127694444
rotate,shahzaib,rotate,0.1500554233789444,0.03689315915107727,0.08755752351135015,-0.2866329550743103,-0.5203607976436615,-0.8364602560177445,0.14561142027378082,-0.14915743470191956,0.05972886737436056,-0.22131521999835968,-0.3369427025318146,-0.3934521609917283,0.11802829802036285,-0.3590717613697052,-0.09042154345661402,-0.08761899173259735,-0.3978237211704254,-0.0894404286518693,-0.00035762786865234944,0.015439409198183249,-0.001692664668415559,-0.6063079292124065,0.13104532704209046,-0.001692664668415559,0.7827263348024815,0.4353050692566662,4.626668620919592,0.023161812880867737,10.575942026221274
rotate,shahzaib,rotate,0.1503775268793106,0.036348164081573486,0.08755752351135015,-0.3034346103668213,-0.47200843691825867,-0.8364602560177445,0.14640624821186066,-0.15012061595916748,0.05972886737436056,-0.22141920030117035,-0.314262330532074,-0.3934521609917283,0.118984654545784,-0.35912206768989563,-0.09042154345661402,-0.08857367932796478,-0.3963746726512909,-0.1041447976604104,0.009760712132309316,-0.016515002106175097,0.0,-0.5091410694700242,1.4652230522849181,0.0,0.766923475017676,0.4348088832228657,0.3474834232184853,0.5909851590936722,40.53673940714832
rotate,shahzaib,rotate,0.1510026752948761,0.03611144423484802,0.08257223572582006,-0.31856727600097656,-0.4262832999229431,-0.8105147713795304,0.14701810479164124,-0.1506957709789276,0.05689439456909895,-0.22152331471443176,-0.2923010587692261,-0.3737082416191697,0.12020948529243469,-0.35854262113571167,-0.09042154345661402,-0.0887029767036438,-0.39517802000045776,-0.11166479531675577,0.018943891380772748,-0.007173328688650535,-0.15106932683424756,-0.4585656252774398,1.3856102119792812,0.7862268072186219,0.7363398831880904,0.43200335588957783,0.33094826406781175,2.6405106600065777,23.99588027631187
rotate,shahzaib,rotate,0.15161168575286865,0.0361047089099884,-0.004950974136590958,-0.33676978945732117,-0.39404600858688354,-0.7413634294643998,0.1475875973701477,-0.15056416392326355,-0.0077615161426365376,-0.22155022621154785,-0.27024802565574646,-0.35363098327070475,0.12086760997772217,-0.3580223321914673,-0.14408157113939524,-0.08967813849449158,-0.39233314990997314,-0.14607698563486338,0.018454862363410516,-0.0002041007533217899,-2.652218480679093,-0.5515913168589214,0.9768876162442187,2.0954952095493895,0.6445332947704095,0.41909264577777217,0.5646409505513426,89.9794957576583,41.658585319887024
rotate,shahzaib,rotate,0.15210512280464172,0.03604412078857422,-0.16510597988963127,-0.34798799455165863,-0.3567728102207184,-0.6247639767825603,0.14814206957817078,-0.1506069302558899,-0.12497128173708916,-0.2214679718017578,-0.254008948802948,-0.30634159967303276,0.12122240662574768,-0.3578649163246155,-0.2239483706653118,-0.09118255972862244,-0.388786643743515,-0.17728113755583763,0.014952637932517148,-0.0018360036792176941,-4.85318199251632,-0.33994560891931336,1.12949085958075,3.5333167479344905,0.5169282428866535,0.39947527912278163,0.3009721637529074,8.139688614496883,44.28197103227611
rotate,shahzaib,rotate,0.15232089161872864,0.03601720929145813,-0.1684984127059579,-0.34797297418117523,-0.3165368437767029,-0.4923230269923806,0.14836397767066956,-0.15063384175300598,-0.12699705455452204,-0.21978694200515747,-0.24146124720573425,-0.23626545164734125,0.12132313847541809,-0.35783612728118896,-0.2366146007552743,-0.09257012605667114,-0.3860912621021271,-0.1826769718900323,0.006538448911724773,-0.0008154999126087666,-0.10280099443414158,0.000455162741921172,1.2192717104247317,4.0133621148539955,0.40736852035858534,0.4009003947412752,0.00037330675740509015,8.007899095584754,18.03926033747407
rotate,shahzaib,rotate,0.15256637334823608,0.03599753975868225,-0.18686349946074188,-0.34793801605701447,-0.26455941796302795,-0.4315306718926877,0.14844787120819092,-0.15065351128578186,-0.138710844097659,-0.21617373824119568,-0.23190930485725403,-0.21535989898256958,0.12135809659957886,-0.35785579681396484,-0.23861430841498077,-0.09335076808929443,-0.3841437101364136,-0.18571454542689025,0.0074388402881043515,-0.0005960464477538997,-0.5565177804479935,0.0010593370957807946,1.5750735095052835,1.8421925787785538,0.3735513857463735,0.3984627378996005,0.0006725631640839154,12.459399626426741,66.6706089718496
rotate,shahzaib,rotate,0.15268588066101074,0.035717278718948364,-0.20149165648035705,-0.34793634712696075,-0.21990802884101868,-0.3554726119618863,0.1485457420349121,-0.15093061327934265,-0.14187105256132782,-0.208200603723526,-0.21803250908851624,-0.20810038107447326,0.12135976552963257,-0.35813289880752563,-0.24950267630629241,-0.09551364183425903,-0.3804228901863098,-0.1862562473397702,0.003621433720444246,-0.008492758779814884,-0.4432774854428911,5.057363799124134e-05,1.3530723976366663,2.3047896948728064,0.34368069616419994,0.39800043448667966,3.737686224529677e-05,0.42636408854115976,15.548779935345989
rotate,shahzaib,rotate,0.15311267971992493,0.03466975688934326,-0.20149165648035705,-0.33484914898872375,-0.165699303150177,-0.3536986585240811,0.1486925184726715,-0.1519501805305481,-0.14187105256132782,-0.1962490677833557,-0.20270437002182007,-0.20269125956110656,0.12150654196739197,-0.3591121733188629,-0.24950267630629241,-0.09763452410697937,-0.3784292936325073,-0.23473617690615356,0.012933304815580861,-0.03174308574560796,0.0,0.3965817617647425,1.6426886572981703,0.05375616478197299,0.3401130681715932,0.39795504083609623,0.241422206563974,0.4074240763846942,69.81719876866278
rotate,shahzaib,rotate,0.15448598563671112,0.03230935335159302,-0.20149165648035705,-0.3332522362470627,-0.1294546127319336,-0.3462829466443509,0.1496736854314804,-0.15427303314208984,-0.138710844097659,-0.18188978731632233,-0.19827502965927124,-0.17472273367457092,0.12198172509670258,-0.361616849899292,-0.23861430841498077,-0.09895117580890656,-0.37791141867637634,-0.23473617690615356,0.04161533081170351,-0.07152737993182672,0.0,0.04839129520185143,1.0983239520679995,0.22471854181001039,0.3592637654726474,0.39700437257991195,0.044059178579833845,0.5818016688112724,20.255431940792718
rotate,shahzaib,rotate,0.15546560287475586,0.030981987714767456,-0.20164637779816985,-0.30830539762973785,-0.09843805432319641,-0.27049455558881164,0.15045064687728882,-0.1555328071117401,-0.1388655654154718,-0.1702882945537567,-0.19739773869514465,-0.17240930115804076,0.12175238132476807,-0.363563597202301,-0.23876902973279357,-0.09892335534095764,-0.37789613008499146,-0.23489089822396636,0.02968537084984104,-0.04022320111592675,-0.004688524782206147,0.7559648065856129,0.9398957093556872,2.296617910773953,0.35100609134210053,0.3977196137626223,0.8043062594652957,0.7379977731387967,66.51861506281752
rotate,shahzaib,rotate,0.1563008576631546,0.030361592769622803,-0.15258669294416904,-0.2825084328651428,-0.06218498945236206,-0.2705326620489359,0.15102024376392365,-0.15642762184143066,-0.11237219162285328,-0.1643635481595993,-0.1898241639137268,-0.17244740761816502,0.121026411652565,-0.36523646116256714,-0.23543707467615604,-0.0993339866399765,-0.3767239451408386,-0.23492900468409061,0.025310751163598665,-0.018799846822565552,1.486657116787927,0.7817262049877407,1.0985777233586342,-0.0011547412158865102,0.36572565238611177,0.40571701045115893,0.7115795967700932,1.3462559108358703,69.79967920502358
rotate,shahzaib,rotate,0.1568012833595276,0.028852641582489014,-0.09522628411650658,-0.2588493227958679,-0.037117838859558105,-0.2705603800714016,0.15137654542922974,-0.1577904224395752,-0.060536839067935944,-0.16246461868286133,-0.18056917190551758,-0.17247512564063072,0.11994874477386475,-0.3674781024456024,-0.19294190034270287,-0.09970235824584961,-0.3750281035900116,-0.22959908470511436,0.015164415041605057,-0.045725793549507024,1.7381942068987968,0.7169427293719396,0.7596106240243334,-0.0008399400747183279,0.37575115575840107,0.40985913423581716,0.9438280124962556,0.33163084188675945,10.457649615736404
rotate,shahzaib,rotate,0.1568174958229065,0.027938097715377808,-0.0952510959468782,-0.2351554036140442,-0.01106300950050354,-0.2705851919017732,0.15094053745269775,-0.15883490443229675,-0.048736957367509604,-0.16073471307754517,-0.17108067870140076,-0.17249993747100234,0.11845910549163818,-0.3687264323234558,-0.17650998895987868,-0.10030388832092285,-0.3730114698410034,-0.22696357732638717,0.0004912867690577729,-0.027713450518521837,-0.0007518736476248081,0.7179975509643669,0.7895402836077267,-0.0007518736476248081,0.38870871404931595,0.40671503930077746,0.9093856975832243,0.017726736769666105,0.9075263947041551
rotate,shahzaib,rotate,0.15699832141399384,0.027792662382125854,-0.09525448083877563,-0.21897758543491364,0.009077876806259155,-0.27821165323257446,0.15078048408031464,-0.15927210450172424,-0.03728615865111351,-0.15755890309810638,-0.1682802140712738,-0.17250332236289978,0.11783526837825775,-0.36989542841911316,-0.16961166262626648,-0.10057853162288666,-0.3722647726535797,-0.22582979500293732,0.005479563366283157,-0.004407131310665316,-0.00010257248174060638,0.4902369145191155,0.6103298880837278,-0.23110488881216273,0.40272125758671173,0.40647085107248754,0.8032313685750453,1.2430581078711402,11.21841694550886
rotate,shahzaib,rotate,0.15683482587337494,0.02616390585899353,-0.09529402479529381,-0.19775249063968658,0.020270615816116333,-0.27825119718909264,0.1506708711385727,-0.160598486661911,-0.03134986758232117,-0.15404029190540314,-0.1688695251941681,-0.16360464319586754,0.11690984666347504,-0.3721258342266083,-0.1543572060763836,-0.10073579847812653,-0.37259045243263245,-0.22559664770960808,-0.004954410321784554,-0.049356258276735225,-0.0011983017126718702,0.6431846907644317,0.33917390938959857,-0.0011983017126718702,0.40807420781569426,0.4046197973473494,1.896321552563983,0.10037855615898014,11.727532133677949
rotate,shahzaib,rotate,0.15678271651268005,0.023657619953155518,-0.09610352199524641,-0.18622317910194397,0.0247194766998291,-0.2857339037582278,0.15061786770820618,-0.1630173921585083,-0.01721921656280756,-0.15086987614631653,-0.1641693115234375,-0.16364931594580412,0.1164255440235138,-0.3749637007713318,-0.14588586520403624,-0.10092639923095703,-0.37440407276153564,-0.21327426563948393,-0.0015790715362086693,-0.07594805775266826,-0.02453021818038228,0.34937307690129693,0.13481396617311633,-0.22674868391319117,0.41451845260168746,0.40373994155001885,2.591500682889063,0.020791193241014146,12.819336066059456
rotate,shahzaib,rotate,0.15660738945007324,0.023610293865203857,-0.09894255828112364,-0.17249399423599243,0.024702489376068115,-0.2963065458461642,0.15006530284881592,-0.1630343794822693,-0.01721921656280756,-0.14934402704238892,-0.1641862988471985,-0.16364931594580412,0.1156417727470398,-0.37526416778564453,-0.14588586520403624,-0.10113087296485901,-0.37442106008529663,-0.20163751672953367,-0.0053129412911155855,-0.001434123877323058,-0.0860314026023416,0.41603590502884114,-0.0005147673866965636,-0.32038309357383543,0.41635865294969243,0.40371114918215073,806.6347655161132,3.7020785279009054,5.380405343946131
rotate,shahzaib,rotate,0.1561138927936554,0.023330748081207275,-0.10119958501309156,-0.16198155283927917,0.024702489376068115,-0.2963065458461642,0.14954540133476257,-0.16235381364822388,-0.01721921656280756,-0.1466873288154602,-0.1641862988471985,-0.16364931594580412,0.11534002423286438,-0.3757700026035309,-0.14588586520403624,-0.10125979781150818,-0.37442106008529663,-0.20163751672953367,-0.01495444413387438,-0.008471084363532925,-0.0683947494535746,0.3185588302034371,0.0,0.0,0.41466729355252574,0.40365923895265643,318558.83020343713,1.7651434395818815,10.14800354233518
rotate,shahzaib,rotate,0.15609505772590637,0.02329730987548828,-0.14081048499792814,-0.15140694379806519,0.024702489376068115,-0.2963065458461642,0.14918598532676697,-0.16221868991851807,-0.03139454033225775,-0.14333024621009827,-0.1641862988471985,-0.16364931594580412,0.11514857411384583,-0.3765074908733368,-0.15440187882632017,-0.10153260827064514,-0.37442106008529663,-0.20163751672953367,-0.0005707596287582643,-0.0010132789611816022,-1.20033030257076,0.3204426982185936,0.0,0.0,0.41321820162333794,0.40212587483050494,320442.6982185936,0.5627245073617102,0.05708690955019474
rotate,shahzaib,rotate,0.15560400485992432,0.023898422718048096,-0.1814975985325873,-0.1455022394657135,0.023774385452270508,-0.29627887392416596,0.148379385471344,-0.1615595817565918,-0.05698891216889024,-0.14175182580947876,-0.1647905707359314,-0.16362164402380586,0.11442446708679199,-0.37657564878463745,-0.16085859620943666,-0.10204783082008362,-0.3745458722114563,-0.2016098448075354,-0.014880389878244348,0.018215540683631033,-1.2329428343836302,0.17893043431369027,-0.028124361327200673,0.0008385430908564499,0.41171536086224003,0.40311438165121566,6.361889265424035,0.8168614522742798,4.37219317703266
rotate,shahzaib,rotate,0.15498203039169312,0.025566399097442627,-0.19227819936349988,-0.14552441239356995,0.02552199363708496,-0.3022629697807133,0.14745831489562988,-0.15980970859527588,-0.08565355883911252,-0.1417739987373352,-0.16336041688919067,-0.17437043087556958,0.11407297849655151,-0.3751445710659027,-0.1896948297508061,-0.1023125946521759,-0.3734813630580902,-0.22285909252241254,-0.018847711158521546,0.050544738769532055,-0.3266848736640231,-0.0006719069047407777,0.052957823782256996,-0.18133623807719548,0.40911601724961094,0.40280206793754747,0.012687345691500975,0.37288427506143335,8.132227525360978
idle,shahzaib,rotate,0.15415677428245544,0.026203006505966187,-0.19502130011096597,-0.1454176902770996,0.02615860104560852,-0.3085793689824641,0.14654222130775452,-0.15889039635658264,-0.09292726824060082,-0.14166727662086487,-0.1632055938243866,-0.1920462087728083,0.11377730965614319,-0.37458088994026184,-0.19928613165393472,-0.10293823480606079,-0.37292906641960144,-0.2334246621467173,-0.02500776088598908,0.019291133591622288,-0.08312426507472677,0.0032340035294040263,0.019291133591622288,-0.1914060364166823,0.4083181362853051,0.402835477089864,0.16763327467359077,1.2962672462961191,1.0714180520028376
idle,shahzaib,rotate,0.15317896008491516,0.026463836431503296,-0.19500312861055136,-0.14515596628189087,0.026464253664016724,-0.3093836521729827,0.1459321677684784,-0.15839996933937073,-0.09290909674018621,-0.14140555262565613,-0.1629182994365692,-0.19229272659868002,0.11359134316444397,-0.37434038519859314,-0.1992679601535201,-0.10317781567573547,-0.3726670444011688,-0.2334064906463027,-0.02963073325879693,0.00790393713748829,0.0005506515277154606,0.007931030157840739,0.009262200557824484,-0.02437221789450395,0.40846112091258363,0.4027770999920916,0.8561868123584476,3.7483831614898566,5.072743391510319
idle,shahzaib,rotate,0.1526033878326416,0.0265025794506073,-0.19499907735735178,-0.14503219723701477,0.02694377303123474,-0.3093796009197831,0.1456276774406433,-0.15829244256019592,-0.09290504548698664,-0.1418432891368866,-0.16316655278205872,-0.19228867534548044,0.11341029405593872,-0.37439122796058655,-0.19926390890032053,-0.10329475998878479,-0.37271445989608765,-0.23340243939310312,-0.017441583402229354,0.0011740308819395311,0.0001227652484720423,0.003750577117457594,0.014530889915697735,0.0001227652484720423,0.4089513979537068,0.40282767060930996,0.25809286604945453,14.84351064326063,0.7697443759842182
idle,shahzaib,rotate,0.15220649540424347,0.026696473360061646,-0.19499676767736673,-0.14486564695835114,0.027137666940689087,-0.30985618475824594,0.14537478983402252,-0.15809854865074158,-0.09340263996273279,-0.14167673885822296,-0.16297265887260437,-0.192297019995749,0.11344702541828156,-0.37423431873321533,-0.2006379747763276,-0.10319571197032928,-0.3727269172668457,-0.23640915099531412,-0.012027043284791433,0.005875573013767829,6.999030257716058e-05,0.005046978141322089,0.005875573013767829,-0.014441934498873077,0.4086839071384435,0.4028394466529669,0.8588301599414935,2.0466083305038634,0.5149069339339162
idle,shahzaib,rotate,0.15199445188045502,0.02687293291091919,-0.19499676767736673,-0.14483223855495453,0.02731412649154663,-0.30985618475824594,0.14514188468456268,-0.15792208909988403,-0.09340263996273279,-0.14164333045482635,-0.16282939910888672,-0.192297019995749,0.11337678134441376,-0.37413936853408813,-0.2006379747763276,-0.10322342813014984,-0.3727915585041046,-0.23640915099531412,-0.006425561326922895,0.005347259116895356,0.0,0.0010123758605032418,0.005347259116895356,0.0,0.4089135838283926,0.4029069540295687,0.18929072776319075,1.2014304442775219,0.45467331858936466
idle,shahzaib,rotate,0.1519256979227066,0.027073800563812256,-0.19499676767736673,-0.1447102576494217,0.027717173099517822,-0.30985618475824594,0.1449749618768692,-0.15751904249191284,-0.09340263996273279,-0.1415993720293045,-0.16268658638000488,-0.192297019995749,0.11332191526889801,-0.37387508153915405,-0.2006379747763276,-0.10318432748317719,-0.37284570932388306,-0.23640915099531412,-0.00208345326510346,0.0060868985725172605,0.0,0.0036963910767526926,0.012213533574884783,0.0,0.409352528293265,0.4028425018693214,0.30262236818875504,0.34222864265657127,0.2234006777570572
idle,shahzaib,rotate,0.15192820131778717,0.02759149670600891,-0.19499676767736673,-0.14411525428295135,0.028766006231307983,-0.3306876504793763,0.14483465254306793,-0.15655091404914856,-0.09340263996273279,-0.14159686863422394,-0.16185733675956726,-0.2127663427963853,0.1132393628358841,-0.37294355034828186,-0.19926159922033548,-0.10318423807621002,-0.3721778392791748,-0.2485682750120759,7.5860456986862e-05,0.01568776188474738,0.0,0.018030405044555952,0.031782822175459934,-0.6312565370039607,0.4113087735115674,0.4024218420140135,0.5672824666907778,0.004835337392723995,19.14310413025985
idle,shahzaib,rotate,0.1519269496202469,0.02772378921508789,-0.19176836963742971,-0.14411650598049164,0.02954179048538208,-0.3306875890120864,0.1446784883737564,-0.1561104655265808,-0.09157465305179358,-0.14159812033176422,-0.16108155250549316,-0.21520847734063864,0.113094761967659,-0.37246018648147583,-0.19807646330446005,-0.10318724811077118,-0.3720739185810089,-0.24856821354478598,-3.793022849342896e-05,0.004008863911484075,0.09783024363445142,-3.793022849342896e-05,0.023508613759820222,1.8626451492308865e-06,0.41196355875951646,0.4021131000699999,0.0016133922437405034,0.00945923086935655,19.138519142307917
rotate,shahzaib,rotate,0.15192614495754242,0.027724415063858032,-0.19176879106089473,-0.1441173106431961,0.030151814222335815,-0.3306880104355514,0.14467768371105194,-0.15596887469291687,-0.09157507447525859,-0.1415989249944687,-0.16047152876853943,-0.21520889876410365,0.112943634390831,-0.37214258313179016,-0.19807688472792506,-0.10322876274585724,-0.3719552159309387,-0.248568634968251,-2.4383718317205644e-05,1.89651142467155e-05,-1.2770408030712446e-05,-2.4383718317205644e-05,0.018485567786477124,-1.2770408030712446e-05,0.4124385152661896,0.40181220043920307,0.001318996505941047,1.2213162427165702,0.1522147137627004
rotate,shahzaib,rotate,0.15223050117492676,0.027260810136795044,-0.19176777033135295,-0.14413511753082275,0.030376523733139038,-0.3306869897060096,0.1446598768234253,-0.15651163458824158,-0.09157405374571681,-0.14171886444091797,-0.16047152876853943,-0.21520787803456187,0.11277014017105103,-0.37245407700538635,-0.19807586399838328,-0.10335114598274231,-0.37228283286094666,-0.2485676142387092,0.009222915678313431,-0.014048634153424111,3.0931198235714566e-05,-0.0005396026553529768,0.00680937911524928,3.0931198235714566e-05,0.4129666834202696,0.40170748454485516,0.07923239605629881,0.6564523728943978,0.3541706673176531
rotate,shahzaib,rotate,0.15256673097610474,0.027060598134994507,-0.18672014772891998,-0.14487409591674805,0.03071090579032898,-0.33015570044517517,0.14457696676254272,-0.15678241848945618,-0.07985557615756989,-0.14269119501113892,-0.16014191508293152,-0.215211421251297,0.11258167028427124,-0.37266263365745544,-0.1867038905620575,-0.10353907942771912,-0.3724880516529083,-0.24425362050533295,0.01018878185387775,-0.0060670303575918036,0.15295826067978105,-0.022393284421977726,0.010132789611816023,0.016099674570740467,0.4143152787545408,0.40171814419742824,2.209764094161488,1.6790921029474437,0.8281286379586843
rotate,shahzaib,rotate,0.1524757444858551,0.026584893465042114,-0.1774020423181355,-0.14547646045684814,0.031338244676589966,-0.32992606656625867,0.1444261372089386,-0.15718206763267517,-0.073988885153085,-0.14358344674110413,-0.16014191508293152,-0.21274232165887952,0.11236539483070374,-0.3727080225944519,-0.18495022552087903,-0.10376930236816406,-0.3731214106082916,-0.24301403062418103,-0.002757166371201068,-0.014415293028860611,0.2823668306298373,-0.018253470912124464,0.019010269280636254,0.006958602391409262,0.4157893718947091,0.40137345207974934,0.9601395173922638,0.1912534911493111,0.4060005628995777
rotate,shahzaib,rotate,0.15218618512153625,0.02574247121810913,-0.15021942742168903,-0.14687269926071167,0.03109276294708252,-0.3298892993479967,0.14422807097434998,-0.15759098529815674,-0.05055980943143368,-0.14456406235694885,-0.16038739681243896,-0.2100915778428316,0.11206492781639099,-0.37295350432395935,-0.16384574957191944,-0.10408639907836914,-0.3736591637134552,-0.23380410857498646,-0.008774526191480371,-0.02552794687675748,0.8237156029226333,-0.04231026678374387,-0.007438840288104552,0.001114158129150235,0.41819511415677324,0.4009412336696354,5.686985895569978,0.34370889774027585,1.0978074623334961
rotate,shahzaib,rotate,0.1518731266260147,0.025145888328552246,-0.13369063334539533,-0.14973632991313934,0.030991435050964355,-0.3184434254653752,0.14408095180988312,-0.15797406435012817,-0.03587643103674054,-0.14543454349040985,-0.16048872470855713,-0.19576863246038556,0.11174751818180084,-0.3730548322200775,-0.15897700982168317,-0.10440640151500702,-0.37409666180610657,-0.2338184197433293,-0.009486621076410108,-0.018078269380510974,0.500872547766457,-0.08677668643719894,-0.003070542306610916,0.3468446631097301,0.4163082514403477,0.4010153103483293,28.251828487085614,0.5247236974430206,10.563808765182038
rotate,shahzaib,rotate,0.15174613893032074,0.02484920620918274,-0.13368278788402677,-0.15400265157222748,0.030889958143234253,-0.3184355800040066,0.14409713447093964,-0.158368319272995,-0.03586858557537198,-0.14596034586429596,-0.16070029139518738,-0.195760786999017,0.11169998347759247,-0.3731563091278076,-0.1589691643603146,-0.10455603897571564,-0.3742966055870056,-0.23381057428196073,-0.0038481119907264167,-0.008990367253621562,0.00023774125359275503,-0.12928247451782432,-0.003075057810003156,0.00023774125359275503,0.4168722952155079,0.40081352976229223,42.02862316091896,0.4279785134097894,10.5819249326133
rotate,shahzaib,rotate,0.1516268402338028,0.024384647607803345,-0.13367636362090707,-0.15770934522151947,0.03036639094352722,-0.3184291557408869,0.14403225481510162,-0.158972829580307,-0.03586216131225228,-0.1461186558008194,-0.1633608043193817,-0.1957543627358973,0.11179234087467194,-0.37312400341033936,-0.1589627400971949,-0.10468105971813202,-0.374803364276886,-0.23380415001884103,-0.0036151120156953406,-0.014077533375133391,0.00019467463999083858,-0.112324049978547,-0.01586567271839514,0.00019467463999083858,0.41729596355854515,0.4002990329850382,7.079244147282582,0.2567818620994027,0.6436736330891755
rotate,shahzaib,rotate,0.15165206789970398,0.023900002241134644,-0.13366424292325974,-0.1577383577823639,0.029133230447769165,-0.3184170350432396,0.1440359652042389,-0.15955224633216858,-0.03585004061460495,-0.14639389514923096,-0.16655585169792175,-0.19574224203824997,0.11194291710853577,-0.3730024993419647,-0.15895061939954758,-0.10471007227897644,-0.37524664402008057,-0.24042897671461105,0.0007644747242783177,-0.014686223232385118,0.0003672938681010103,-0.0008791685104370257,-0.03736849987145686,0.0003672938681010103,0.4152315247906067,0.39968464225533923,0.02352636544404337,0.05205032375300607,3.4394090212476502
rotate,shahzaib,rotate,0.1516863852739334,0.023048698902130127,-0.145448193885386,-0.1578236073255539,0.02266460657119751,-0.34823326859623194,0.1439812332391739,-0.1603487730026245,-0.03663224447518587,-0.1468886286020279,-0.17029225826263428,-0.21392534766346216,0.11198557913303375,-0.37296029925346375,-0.17662349436432123,-0.1046794205904007,-0.37552300095558167,-0.2617520848289132,0.001039920431194844,-0.02579707087892377,-0.35708942309472147,-0.002583319490606037,-0.19601890535064878,-0.9035222288785216,0.41092173283660466,0.39921320116998427,0.0131788630648754,0.04031000752247824,27.80935234241563
rotate,shahzaib,rotate,0.15176045894622803,0.02222287654876709,-0.1622515069320798,-0.1579095721244812,0.015534281730651855,-0.3709590183570981,0.1439054012298584,-0.16081386804580688,-0.041745019145309925,-0.14721143245697021,-0.1754654049873352,-0.2251261519268155,0.11207854747772217,-0.3727784752845764,-0.18976761866360903,-0.10453259944915771,-0.3765592575073242,-0.273547207005322,0.0022446567362005418,-0.025024919798880312,-0.5091913044452748,-0.0026049939068881365,-0.2160704497135081,-0.6886590836626221,0.4075236259592547,0.39794202901023806,0.012056168967913767,0.08969327618084072,6.5392953676668295
rotate,shahzaib,rotate,0.15177850425243378,0.022709518671035767,-0.16226402763277292,-0.1567186862230301,0.00861087441444397,-0.38010037783533335,0.14385531842708588,-0.15960285067558289,-0.041757539846003056,-0.14727212488651276,-0.1793282926082611,-0.22963903192430735,0.11213771998882294,-0.37153834104537964,-0.18978013936430216,-0.10373391211032867,-0.37718793749809265,-0.27478522900491953,0.0005468274607802969,0.014746730977838924,-0.0003794151725191119,0.03608745155912515,-0.20980022170327262,-0.27701089327986034,0.40340970505687024,0.3971900087777014,0.1720078237207054,0.03707875208749074,12.53061095737022
rotate,shahzaib,rotate,0.1507025957107544,0.02319180965423584,-0.1622402723878622,-0.1445905566215515,0.008919715881347656,-0.38007662259042263,0.1425604224205017,-0.15880537033081055,-0.04173378460109234,-0.1485738754272461,-0.1785902976989746,-0.22961527667939663,0.11085176467895508,-0.37064558267593384,-0.18975638411939144,-0.10446038842201233,-0.377456933259964,-0.2747614737600088,-0.032603289141798227,0.014614878278789545,0.0007198559063853367,0.3675190788326702,0.009358832330414388,0.0007198559063853367,0.4024781062052491,0.396803624903018,39.26556223004468,2.2306760168570836,14.690313505706014
rotate,shahzaib,rotate,0.15067175030708313,0.023919761180877686,-0.16224169544875622,-0.13297221064567566,0.007865190505981445,-0.38086661510169506,0.14248672127723694,-0.1580774188041687,-0.04173520766198635,-0.1486523449420929,-0.17810535430908203,-0.24899457208812237,0.11077532172203064,-0.36961182951927185,-0.18975780718028545,-0.10390371084213257,-0.37786826491355896,-0.2747628968209028,-0.0009347092021595497,0.022059137170965373,-4.312305739431739e-05,0.3520710901780618,-0.031955314405037204,-0.023939167008255848,0.4011150400368165,0.3965046964383325,11.017262057058922,0.042370960566363775,1.5312977520317883
rotate,shahzaib,rotate,0.1506670117378235,0.024172604084014893,-0.1562672248110175,-0.11898884177207947,0.0036986470222473145,-0.3851279905065894,0.14238440990447998,-0.15729504823684692,-0.04341424908488989,-0.1473838984966278,-0.17964696884155273,-0.2539158156141639,0.11076873540878296,-0.3691364526748657,-0.18721222784370184,-0.10332924127578735,-0.3783513903617859,-0.2817189684137702,-0.0001435930078679888,0.0076619061556730626,0.18104456477996364,0.42373845071504285,-0.12625889344649083,-0.12913258802710365,0.39610715722268613,0.3965368580539288,3.356081168361068,0.018738714131541715,4.800427687176578
rotate,shahzaib,rotate,0.15052162110805511,0.024816393852233887,-0.15626599919050932,-0.10007311403751373,-0.003731667995452881,-0.4002572847530246,0.1422390192747116,-0.15638959407806396,-0.04884555470198393,-0.14243246614933014,-0.18195319175720215,-0.2617793334648013,0.11074267327785492,-0.3683004379272461,-0.18312753271311522,-0.10257197916507721,-0.37884965538978577,-0.281717742793262,-0.004405776659647694,0.019508780855121345,3.7140015399817855e-05,0.5732038707444254,-0.22516106114243375,-0.45846346201319416,0.39340992844834377,0.39603629897018255,2.545739134897269,0.22582399527522992,11.361833195117983
rotate,shahzaib,rotate,0.15066279470920563,0.028163284063339233,-0.155722270719707,-0.07859869301319122,-0.019816845655441284,-0.4002572847530246,0.14238019287586212,-0.15274390578269958,-0.037771123461425304,-0.1383884698152542,-0.1857289969921112,-0.2617793334648013,0.11088384687900543,-0.3649134337902069,-0.17756677698343992,-0.10107706487178802,-0.3777327239513397,-0.2802063776180148,0.004277987913651738,0.10142091548803696,0.016476620327342015,0.6507400310400514,-0.48742962606023615,0.0,0.3781815350353273,0.39568782299042304,1.3350413294704089,0.04218011356881088,16.17697698261869
rotate,shahzaib,rotate,0.1505475789308548,0.033895015716552734,-0.13822499942034483,-0.060934409499168396,-0.034821927547454834,-0.4002572847530246,0.14224793016910553,-0.14730727672576904,-0.03741618525236845,-0.13051025569438934,-0.1864287257194519,-0.2617793334648013,0.1107686311006546,-0.3597728908061981,-0.1555641544982791,-0.09941314160823822,-0.37489110231399536,-0.27246084343641996,-0.003491387222752482,0.17368883797616946,0.5302203424049231,0.5352813186067609,-0.4546994512731451,0.0,0.36532121053164407,0.39605230919071754,1.1772174782496745,0.020101275143290225,3.6366134533313628
rotate,shahzaib,rotate,0.1505507081747055,0.034028440713882446,-0.13576035853475332,-0.043630704283714294,-0.06717726588249207,-0.4214091217145324,0.1415637582540512,-0.14678844809532166,-0.032699632458388805,-0.12328164279460907,-0.19885799288749695,-0.27136417385190725,0.1109267920255661,-0.35952281951904297,-0.13990411814302206,-0.09643281996250153,-0.37730708718299866,-0.2463299250230193,9.48255712335775e-05,0.004043181737264062,0.07468608744216806,0.5243547034986175,-0.9804647980314469,-0.6409647564093374,0.3600295746104557,0.39556266242608,0.534801626483456,0.023447406025261405,25.12383306370931
rotate,shahzaib,rotate,0.15034742653369904,0.03415223956108093,-0.12253778986632824,-0.0275639146566391,-0.09869232773780823,-0.46128435991704464,0.14171232283115387,-0.14678844809532166,-0.03270469792187214,-0.11782161891460419,-0.20617535710334778,-0.27962311170995235,0.1109560877084732,-0.35952281951904297,-0.13584143482148647,-0.09574468433856964,-0.3785463273525238,-0.22909087501466274,-0.006160049727468546,0.0037514802181358073,0.40068389904316914,0.4868724129416541,-0.9550018744034838,-1.2083405515912349,0.36997390838528915,0.3958645180933443,0.5098125105076416,1.64159419087592,17.24795074513647
rotate,shahzaib,rotate,0.14991505444049835,0.034943222999572754,-0.0437310803681612,-0.016110464930534363,-0.1387004256248474,-0.4971857275813818,0.14149226248264313,-0.14642548561096191,0.02134295180439949,-0.11672218143939972,-0.21538513898849487,-0.2869750466197729,0.1110287457704544,-0.3591598570346832,-0.06116962991654873,-0.09526588022708893,-0.3784428536891937,-0.14990279637277126,-0.013102184642445166,0.02396919510581315,2.3880821060050996,0.3470742341243915,-1.2123666026375703,-1.0879202322526584,0.42935701449237185,0.39640066309836147,0.2862780507902991,0.5466031705043435,9.596122736747876
rotate,shahzaib,rotate,0.1507490873336792,0.03638184070587158,-0.04375679790973663,0.009742200374603271,-0.17772114276885986,-0.4977168031036854,0.1421181559562683,-0.14539599418640137,0.02131723426282406,-0.1150866448879242,-0.22640544176101685,-0.30047791078686714,0.11134237051010132,-0.3581303656101227,-0.04964704439043999,-0.09392282366752625,-0.37784722447395325,-0.1316242553293705,0.02527372403578365,0.043594475948450034,-0.0007793194416797647,0.7834141001556983,-1.1824459740610023,-0.016093197645563325,0.4299077102404399,0.39651918650518125,0.6625363482179135,0.5797327242319559,35.07961448547186
rotate,shahzaib,rotate,0.15177583694458008,0.03638184070587158,-0.043867540545761585,0.025196313858032227,-0.2186753749847412,-0.5659082690253854,0.14337682723999023,-0.1509760618209839,0.021206491626799107,-0.11366996169090271,-0.24062597751617432,-0.3361175814643502,0.110573410987854,-0.3592906892299652,-0.04975778702646494,-0.09250614047050476,-0.3797367513179779,-0.13173499796539545,0.031113624572752727,0.0,-0.0033558374553014467,0.46830646919479907,-1.2410373398751453,-2.066408058233255,0.4778086060382853,0.39785560930336095,0.3773505250787926,31113.624572752728,62.88529936919382
rotate,shahzaib,rotate,0.15287435054779053,0.036569744348526,-0.043867540545761585,0.03244692087173462,-0.263778954744339,-0.6362117091193795,0.14439338445663452,-0.15092620253562927,0.021206491626799107,-0.1127861738204956,-0.24822214245796204,-0.3876819172874093,0.11115896701812744,-0.35921812057495117,-0.04975778702646494,-0.09383910894393921,-0.37982162833213806,-0.13173499796539545,0.03328829100637778,0.0056940497774067254,0.0,0.21971536405159114,-1.3667751442302576,-2.130407275575614,0.5328328213583976,0.39802374583348027,0.16075446222785128,5.8451273136256585,8.661761316846126
rotate,shahzaib,rotate,0.15286734700202942,0.037035077810287476,-0.03404791001230478,0.03281411528587341,-0.31440678238868713,-0.7338478723540902,0.14466282725334167,-0.1504608690738678,0.0007034244481474161,-0.11247378587722778,-0.2551736533641815,-0.4295430341735482,0.1106586754322052,-0.3587992489337921,-0.03858564514666796,-0.0947260856628418,-0.37936660647392273,-0.13173499796539545,-0.0002122286594275306,0.014101013992772183,0.29756456161990785,0.011127103458751508,-1.5341765952833015,-2.9586716131730983,0.6188911011703428,0.3981042290968254,0.007252813163848072,0.015049528353631322,26.375025774016102
rotate,shahzaib,rotate,0.15265116095542908,0.03858679533004761,-0.034021192230284214,0.032883793115615845,-0.35873034596443176,-0.7904421696439385,0.1445043385028839,-0.14828914403915405,0.000730142230167985,-0.1130247414112091,-0.2776801586151123,-0.4725992390885949,0.10893663763999939,-0.3637179732322693,-0.03855892736464739,-0.09491008520126343,-0.3783455789089203,-0.13170828018337488,-0.006551092321222583,0.047021743023035044,0.0008096297581990689,0.002111449386134326,-1.3431382901741011,-1.714978705753007,0.6713019959918025,0.40469825474892307,0.001572025628005145,0.13931752807388112,38.13066515743507
rotate,shahzaib,rotate,0.15227419137954712,0.03831756114959717,-0.034021192230284214,0.032888948917388916,-0.4071964621543884,-0.7999910125508904,0.14447057247161865,-0.14826011657714844,0.000730142230167985,-0.11309263110160828,-0.3033994138240814,-0.515386045910418,0.10849404335021973,-0.3637179732322693,-0.03855892736464739,-0.09490492939949036,-0.3811696171760559,-0.13170828018337488,-0.011423320481271022,-0.008158611528800886,0.0,0.00015623641736579072,-1.4686701875743888,-0.28935887596822857,0.6808894788255933,0.40443771251866756,0.0001063794392425073,1.3999833743249002,43.36779705171275
rotate,shahzaib,rotate,0.15179774165153503,0.036567628383636475,-0.03341673780232668,0.026004046201705933,-0.42376017570495605,-0.8359375605359674,0.14430609345436096,-0.14827460050582886,0.000730142230167985,-0.12058240175247192,-0.3237195909023285,-0.5205142507329583,0.10849902033805847,-0.36380302906036377,-0.03855892736464739,-0.09489995241165161,-0.3851296305656433,-0.12684954795986414,-0.014437870545820986,-0.05302826563517337,0.018316800847198316,-0.2086334156267604,-0.5019307136535724,-1.0892893328811357,0.7203581786011645,0.40273798520007764,0.415660955368038,0.2722623135147586,38.54644396879482
rotate,shahzaib,rotate,0.15182876586914062,0.03643956780433655,-0.020412021316587925,-0.013102948665618896,-0.45945295691490173,-0.8359642783179879,0.14434140920639038,-0.14840266108512878,0.027591791935265064,-0.1259053349494934,-0.3356185853481293,-0.5205409685149789,0.10853523015975952,-0.3639310896396637,-0.007699401583522558,-0.0946100652217865,-0.3874157667160034,-0.1268762657418847,0.0009401278062300399,-0.0038806236151493574,0.3940823177496655,-1.1850604505250137,-1.0815994306044316,-0.0008096297581990689,0.7173831447700599,0.4029052050753849,1.0956545661347097,0.2421996307320656,47.6655554784112
rotate,shahzaib,rotate,0.1519649624824524,0.0362609326839447,-0.010994146578013897,-0.05043026804924011,-0.48568201065063477,-0.8360498696565628,0.14451751112937927,-0.14855042099952698,0.0388385895639658,-0.1348663866519928,-0.34184157848358154,-0.5206265598535538,0.10871133208274841,-0.3640717566013336,-0.0077849929220974445,-0.09388983249664307,-0.3970569968223572,-0.1201697289943695,0.004127170100356437,-0.0054131854664193615,0.2853901435931416,-1.1311308904127213,-0.7948198101736982,-0.0025936769265116084,0.7226530997737033,0.40267534977985014,1.4231269185887656,0.7622882751162782,8.84278204421756
rotate,shahzaib,rotate,0.1519993394613266,0.0351690948009491,0.0013209893368184566,-0.07049883902072906,-0.518883153796196,-0.8001033216714859,0.14455188810825348,-0.14911577105522156,0.0388385895639658,-0.14516232907772064,-0.35498327016830444,-0.5154983550310135,0.1090753823518753,-0.36507105827331543,-0.0077849929220974445,-0.09262432157993317,-0.39980247616767883,-0.10765112191438675,0.00104172663255173,-0.03308599645441281,0.3731859368131076,-0.6081385142875537,-1.0060952468352045,1.0892893328811357,0.702965001768502,0.40263825593172886,0.6044536158449312,0.03148447257783034,37.24150999603
rotate,shahzaib,rotate,0.15197685360908508,0.035134971141815186,0.008176503702998161,-0.08534488081932068,-0.5536682903766632,-0.7985712438821793,0.1445302963256836,-0.14866721630096436,0.0388385895639658,-0.15850725769996643,-0.371166467666626,-0.48042844235897064,0.11099004745483398,-0.3629128038883209,-0.0077849929220974445,-0.09088599681854248,-0.3999144434928894,-0.08522486686706543,-0.0006813894618641355,-0.0010340502767852023,0.20774285958120647,-0.44988005450278334,-1.054095047892963,0.046426599675959544,0.7297492740651852,0.40047062171859865,0.42679227894085225,0.6583153274259161,31.996791639312605
rotate,shahzaib,rotate,0.15196940302848816,0.035134926438331604,0.008303922368213534,-0.0965881198644638,-0.5626817047595978,-0.7645307492930442,0.1446009874343872,-0.14863206446170807,0.03896600822918117,-0.1635039895772934,-0.37453319132328033,-0.4510438453871757,0.11160016059875488,-0.36202533543109894,-0.02533504134044051,-0.09008923172950745,-0.3999391943216324,-0.07975528878159821,-0.0002257751696037438,-1.354651017622463e-06,0.0038611716731929762,-0.3407042134891728,-0.2731337691798251,1.0315301390646594,0.7038783926001031,0.400621428810214,1.2473849979343408,95.88476929872752,38.23767999225854
rotate,shahzaib,rotate,0.15209996700286865,0.03513488173484802,0.008789111161604524,-0.10783135890960693,-0.5716951191425323,-0.7304902547039092,0.14467960596084595,-0.14859691262245178,0.036292345728725195,-0.16850072145462036,-0.3749343752861023,-0.4216592484153807,0.11221027374267578,-0.36113786697387695,-0.04288508975878358,-0.08929246664047241,-0.39996394515037537,-0.07428571069613099,0.0039564840721362194,-1.3546510176225358e-06,0.014702690708818092,-0.3407042134891911,-0.27313376917983984,1.031530139064715,0.6785570648248732,0.4016136228246263,1.2473849979343408,1680.2846971909394,1.8266116280042167e-12
rotate,shahzaib,rotate,0.15196307003498077,0.0350719690322876,0.009917995426803827,-0.13625679910182953,-0.5734529048204422,-0.7303664372302592,0.14469613134860992,-0.148548424243927,0.0289057488553226,-0.17710410058498383,-0.3750394880771637,-0.3992033884860575,0.11311061680316925,-0.359915554523468,-0.07436328241601586,-0.08803625404834747,-0.3991664946079254,-0.06862749019637704,-0.004148392966299412,-0.0019064455321341153,0.03420861409694914,-0.8613769755219105,-0.05326623266393573,0.0037520446560600183,0.686002483793996,0.4057437500216821,16.170860253926815,2.1748421626792394,35.54339643842378
rotate,shahzaib,rotate,0.15197505056858063,0.0350460410118103,0.016249656211584806,-0.16078026592731476,-0.5738804489374161,-0.7302429941482842,0.14511807262897491,-0.14849066734313965,0.029029191937297583,-0.18782104551792145,-0.3754670321941376,-0.3816779819317162,0.11417455971240997,-0.35926154255867004,-0.07423983933404088,-0.08769981563091278,-0.39894434809684753,-0.06473203422501683,0.0003630464727228396,-0.0007856975902210707,0.1918685086297297,-0.7431353583480491,-0.012955882332541932,0.0037406994537874296,0.6919886049428959,0.4063196972511431,57.35448846993256,0.4614816128022199,3.785575603353964
rotate,shahzaib,rotate,0.15155470371246338,0.03617987036705017,0.024992553051561117,-0.18985837697982788,-0.574399933218956,-0.7302429941482842,0.14555346965789795,-0.14819464087486267,0.029029191937297583,-0.19589588046073914,-0.3759865164756775,-0.3816779819317162,0.11553263664245605,-0.35848721861839294,-0.07423983933404088,-0.08812117576599121,-0.3988238275051117,-0.06473203422501683,-0.012737783518704018,0.03435846531029774,0.26493626787805996,-0.8811548803791521,-0.015741947925451433,0.0,0.6957602063832428,0.4085422476841408,55.97140284981821,0.370721238053912,4.18479729804171
rotate,shahzaib,rotate,0.15061263740062714,0.038329869508743286,0.04609349695965648,-0.22306780517101288,-0.5746149867773056,-0.788234677631408,0.1452188938856125,-0.14715024828910828,0.029029191937297583,-0.20519079267978668,-0.3712054491043091,-0.37990641267970204,0.11613117158412933,-0.35695385932922363,-0.07423983933404088,-0.08908654749393463,-0.39777377247810364,-0.06473203422501683,-0.028547463995038113,0.06515148914221665,0.6394225426695666,-1.0063463088238038,-0.006516774495442812,-1.7573237419128698,0.7567561479760726,0.41463032883819984,154.40029561124507,0.4381638272134764,53.38792601462301
rotate,shahzaib,rotate,0.14971274137496948,0.03804627060890198,0.04609349695965648,-0.25242048501968384,-0.5556719899177551,-0.7963261869736016,0.1455104947090149,-0.14758047461509705,0.03948591975495219,-0.2178267538547516,-0.3695571720600128,-0.3761829403229058,0.11668461561203003,-0.3561665117740631,-0.08304900350049138,-0.08999496698379517,-0.3980635106563568,-0.06473203422501683,-0.02726957653508085,-0.008593906055797367,0.0,-0.8894751469294372,0.5740302078651751,-0.24519725279374946,0.7658018581723584,0.4161398326411818,1.5495240236805237,3.1727602789430374,49.21066748773101
rotate,shahzaib,rotate,0.14945828914642334,0.0378853976726532,0.046077524311840534,-0.27621355652809143,-0.5471865385770798,-0.7963421596214175,0.14603257179260254,-0.14828768372535706,0.03946994710713625,-0.225889652967453,-0.35915547609329224,-0.3761989129707217,0.11705887317657471,-0.3565990924835205,-0.08306497614830732,-0.0906602144241333,-0.39808645844459534,-0.06900840532034636,-0.007710673592307059,-0.004874937462084036,-0.00048401963078612605,-0.7210021669214148,0.2571348891113646,-0.00048401963078612605,0.7652942354461797,0.41634783601462716,2.803973297594221,1.5813725365155566,13.163182735567922
rotate,shahzaib,rotate,0.14996318519115448,0.03632482886314392,0.04597434028983116,-0.30177420377731323,-0.5120829045772552,-0.7964453436434269,0.14703159034252167,-0.14967766404151917,0.03936676308512688,-0.22827725112438202,-0.32912102341651917,-0.3763020969927311,0.11742328107357025,-0.3581595718860626,-0.0831681601703167,-0.09135092794895172,-0.39623990654945374,-0.07739536091685295,0.015299880143368126,-0.04728996392452431,-0.0031267885457386168,-0.7745650681582488,1.0637464848431843,-0.0031267885457386168,0.7581097762603344,0.41635870739008385,0.7281474966518334,0.32352650218309176,24.49673869310471
rotate,shahzaib,rotate,0.1511189192533493,0.036148905754089355,0.04580514132976532,-0.3194398134946823,-0.4582211673259735,-0.7964453436434269,0.14823733270168304,-0.1495586633682251,0.03936676308512688,-0.22869502007961273,-0.30407750606536865,-0.36876723542809486,0.11774484813213348,-0.3586980402469635,-0.10352247580885887,-0.09208117425441742,-0.39462047815322876,-0.12038380280137062,0.03502224430893462,-0.005331003304683886,-0.0051272412141164965,-0.5353215065869503,1.6321738560994725,0.0,0.7160979021797008,0.4234579986608611,0.32798048847918615,6.56830881521949,18.688813479415675
rotate,shahzaib,rotate,0.1523265838623047,0.034533023834228516,-0.0002264441573061049,-0.3458331376314163,-0.4267748296260834,-0.7876580692827702,0.1493958830833435,-0.1506558656692505,-0.0007735303952358663,-0.22893866896629333,-0.28336331248283386,-0.36691198125481606,0.1183580756187439,-0.3617228865623474,-0.13448787108063698,-0.09318464994430542,-0.39414501190185547,-0.13533461466431618,0.0365958972410728,-0.048966118783662596,-1.3948965299112774,-0.7997977011131645,0.9529193242391102,0.2662810412320266,0.7003012585885126,0.419760332613744,0.8393122496907479,0.7473565557890792,23.516400494860076
rotate,shahzaib,rotate,0.15282176434993744,0.03384387493133545,-0.10477417334914207,-0.35687607526779175,-0.37900397181510925,-0.7292011119425297,0.14970801770687103,-0.15045851469039917,-0.07603711262345314,-0.22915641963481903,-0.2612072229385376,-0.342332873493433,0.11884735524654388,-0.3625619113445282,-0.18904249742627144,-0.0940336138010025,-0.39079004526138306,-0.15805986896157265,0.01500546932220402,-0.020883300087667887,-3.1681130058130913,-0.3346344738295457,1.4476017518476458,1.7714229497041898,0.6288301762089937,0.406685330826769,0.23116457426074621,0.7185047743622829,50.03708172090698
rotate,shahzaib,rotate,0.1535944789648056,0.032567113637924194,-0.17830194532871246,-0.3570273518562317,-0.33634868264198303,-0.5378590822219849,0.15006117522716522,-0.15173527598381042,-0.11987703293561935,-0.2260766476392746,-0.24595686793327332,-0.2565612494945526,0.11978946626186371,-0.36309170722961426,-0.22226877510547638,-0.09453772008419037,-0.38746944069862366,-0.1704234629869461,0.023415594389944738,-0.038689736163978035,-2.2281143024112593,-0.004584139043634661,1.2925845203977848,5.798243324865087,0.45444809711863005,0.3995269246681078,0.0035464880050829614,0.6051989884789319,122.5241337871229
rotate,shahzaib,rotate,0.15483401715755463,0.03152075409889221,-0.2099899798631668,-0.3570435047149658,-0.27974745631217957,-0.4746396541595459,0.1505545824766159,-0.1527816355228424,-0.15114149451255798,-0.22165228426456451,-0.22959420084953308,-0.25240957736968994,0.12048481404781342,-0.36374685168266296,-0.2578218877315521,-0.09548287093639374,-0.385962575674057,-0.2168167233467102,0.037561763416637674,-0.031707864819151485,-0.9602434707410561,-0.0004894805677009429,1.7151886766607385,1.9157402443163627,0.3823196050121239,0.3996301281746496,0.00028537984711632646,1.1845824071870008,118.34658758498934
rotate,shahzaib,rotate,0.15620969235897064,0.031062155961990356,-0.2101670354604721,-0.3570435047149658,-0.22456631064414978,-0.3930839002132416,0.1508493274450302,-0.15324023365974426,-0.15114149451255798,-0.2116282731294632,-0.21910789608955383,-0.25095629692077637,0.12048481404781342,-0.3642054498195648,-0.25962206721305847,-0.09662796556949615,-0.38484758138656616,-0.25665754079818726,0.04168712731563526,-0.01389691323944964,-0.005365321130463368,0.0,1.6721559293341726,2.4713864832212495,0.33484099259570205,0.3999481807388042,0.0,2.999524216146717,16.888191704489447
rotate,shahzaib,rotate,0.15701456367969513,0.029770106077194214,-0.2101670354604721,-0.35035304725170135,-0.1572963297367096,-0.3828733265399933,0.15106196701526642,-0.15455010533332825,-0.15114149451255798,-0.19527198374271393,-0.2035956084728241,-0.24435079097747803,0.12069745361804962,-0.36527112126350403,-0.25962206721305847,-0.09832029044628143,-0.3831173777580261,-0.29130464792251587,0.02439004002195455,-0.03915302681200494,0.0,0.20274113525044157,2.0384842699224626,0.3094113234317713,0.3505716462239018,0.39977781822873093,0.09945675754534797,0.6229254564048152,66.7316282162845
rotate,shahzaib,rotate,0.15771065652370453,0.027641713619232178,-0.21033077780157328,-0.3436351418495178,-0.11462640762329102,-0.37374840024858713,0.15156768262386322,-0.15652602910995483,-0.15130523685365915,-0.18009261786937714,-0.1979348063468933,-0.23654203955084085,0.12120316922664642,-0.3661733865737915,-0.25978580955415964,-0.09908019006252289,-0.3820743262767792,-0.29146839026361704,0.021093722545739713,-0.06449674115036576,-0.004961889124277945,0.20357289097526182,1.2930279428308866,0.27651291792140303,0.3716255019219604,0.39858365487615705,0.1574387735896851,0.3270459115236797,22.611587034771116
rotate,shahzaib,rotate,0.1582784652709961,0.02586156129837036,-0.21043189521878958,-0.31080490350723267,-0.07145214080810547,-0.3492953246459365,0.15213549137115479,-0.15875917673110962,-0.1426590597257018,-0.1717911958694458,-0.1907215714454651,-0.2339252894744277,0.1217111349105835,-0.3674950897693634,-0.25988692697137594,-0.09935033321380615,-0.3804636597633362,-0.29156950768083334,0.017206325675501316,-0.0539440097230833,-0.00306416415806961,0.9948557073419367,1.3083111156116336,0.7410022909893853,0.3788580526916185,0.39813618870250883,0.7604115986320615,0.31896047037208436,27.808086379346893
rotate,shahzaib,rotate,0.15808223187923431,0.022923529148101807,-0.1221943786367774,-0.2748880535364151,-0.033812105655670166,-0.3201105957850814,0.1518985480070114,-0.1623135209083557,-0.0709490617737174,-0.16789467632770538,-0.17996162176132202,-0.2166169499978423,0.12131457030773163,-0.3705146610736847,-0.19998160656541586,-0.100746288895607,-0.3805115520954132,-0.29156950768083334,-0.005946466417023725,-0.08903127728086671,2.6738641388488964,1.0883893930550952,1.140607125831391,0.8843857230562293,0.3890250044200415,0.40273604667480806,0.9542185159006882,0.06679000693495275,7.262112654343706
rotate,shahzaib,rotate,0.15780656039714813,0.022377848625183105,-0.11726793553680182,-0.24281848967075348,-0.007276356220245361,-0.314019656740129,0.15125583112239838,-0.16362130641937256,-0.06931670662015676,-0.16531981527805328,-0.1677064299583435,-0.2142019933089614,0.12060295045375824,-0.371366411447525,-0.19858559127897024,-0.10195566713809967,-0.37860140204429626,-0.26185164507478476,-0.00835368127533897,-0.016535773421779087,0.1492861545447171,0.9718049656261252,0.8041136192553099,0.18457391045310576,0.4005572691503862,0.4037712372970939,1.208540352774724,0.5051578722326262,23.794274024447606
rotate,shahzaib,rotate,0.15712346136569977,0.02222779393196106,-0.11726793553680182,-0.21258307993412018,0.017171710729599,-0.31118620093911886,0.15074391663074493,-0.1644074022769928,-0.06417056079953909,-0.15807290375232697,-0.16561445593833923,-0.19607057329267263,0.11998726427555084,-0.37256741523742676,-0.19842039700597525,-0.10201971232891083,-0.37824299931526184,-0.26052895840257406,-0.02069997064995076,-0.004547111915819645,0.0,0.916224537473751,0.7408505136316591,0.0858622970003084,0.4136945822674892,0.40475681133234154,1.2367181825443159,4.551332736107546,3.931856093377736
rotate,shahzaib,rotate,0.15676181018352509,0.022067993879318237,-0.11726286634802818,-0.18674226105213165,0.02119937539100647,-0.29724195972085,0.15034179389476776,-0.16484573483467102,-0.060040514916181564,-0.15144334733486176,-0.1639295518398285,-0.18490246310830116,0.11891941726207733,-0.37423714995384216,-0.19220984354615211,-0.10209740698337555,-0.3782590925693512,-0.2530984617769718,-0.010959126732565725,-0.004842425837661098,0.0001536117810191472,0.7830551176359862,0.12205044428507024,0.4225527641899498,0.4107072769702021,0.40510105297540183,6.415779200506948,2.262680817232852,21.725562903425914
rotate,shahzaib,rotate,0.15628883242607117,0.021715492010116577,-0.12221192521974444,-0.16526561975479126,0.0221576988697052,-0.2659970815293491,0.14985111355781555,-0.16512909531593323,-0.03905730647966266,-0.14500772953033447,-0.16239210963249207,-0.15524524403735995,0.11749795079231262,-0.3765878975391388,-0.15282461000606418,-0.10238313674926758,-0.37833884358406067,-0.19681642903015018,-0.014332659316785637,-0.010681874824292902,-0.14997148096110122,0.6508073120406284,0.029040105415113506,0.9468144906515575,0.41126347986002354,0.4013570219818967,22.40986707420361,1.3416481567483232,16.625037902675214
rotate,shahzaib,rotate,0.1557769477367401,0.021350383758544922,-0.11496470915153623,-0.1546497941017151,0.022604167461395264,-0.2627572719939053,0.1491776406764984,-0.16516977548599243,-0.03467734204605222,-0.13947340846061707,-0.16195648908615112,-0.1418832247145474,0.11621400713920593,-0.3774656653404236,-0.13668477581813931,-0.10284903645515442,-0.3780694007873535,-0.18399812327697873,-0.01551165725245645,-0.011063886411262457,0.21961260812752526,0.3216916864568588,0.013529351263335472,0.09817604652860104,0.4116134476575776,0.4013617178850476,23.775560604149174,1.401881291494129,27.586492871090602
rotate,shahzaib,rotate,0.15516355633735657,0.022227376699447632,-0.11497119022533298,-0.15506798028945923,0.02550491690635681,-0.25733064068481326,0.1486065685749054,-0.1644277274608612,-0.030609758105129004,-0.1398915946483612,-0.16098108887672424,-0.1289941663853824,0.114952951669693,-0.3774774670600891,-0.13556706858798862,-0.10335984826087952,-0.37707915902137756,-0.17548933578655124,-0.01858761816313702,0.026575543663717477,-0.00019639617565905666,-0.012672308719518932,0.08790149833216479,0.164443373002783,0.4140599815194933,0.4022499783195819,0.14416323722259838,0.6993993800824069,10.572321057013198
idle,shahzaib,rotate,0.15449342131614685,0.021952390670776367,-0.11497119022533298,-0.15506798028945923,0.023488640785217285,-0.25733064068481326,0.14855197072029114,-0.16494107246398926,-0.024137636180967093,-0.1398915946483612,-0.1613774299621582,-0.1289941663853824,0.11459830403327942,-0.37843209505081177,-0.13159055961295962,-0.10368743538856506,-0.3771700859069824,-0.17548933578655124,-0.020307121854840227,-0.008332909959735426,0.0,0.0,-0.06109927639816844,0.0,0.41214727326087924,0.40271026834238627,0.0,2.4366860156819974,6.735419664435646
idle,shahzaib,rotate,0.15331587195396423,0.021970003843307495,-0.11497119022533298,-0.15506798028945923,0.02318999171257019,-0.25733064068481326,0.148281067609787,-0.16517969965934753,-0.02220406336709857,-0.1398915946483612,-0.16182449460029602,-0.1289941663853824,0.1144205629825592,-0.3789167106151581,-0.13159055961295962,-0.10382568836212158,-0.3766881227493286,-0.17548933578655124,-0.03568331400553442,0.0005337325009432791,0.0,0.0,-0.009049971898396954,0.0,0.4113712169014991,0.403111902984924,0.0,66.73114864458083,1.5772516515082518
idle,shahzaib,rotate,0.15162280201911926,0.022024869918823242,-0.10615985793992877,-0.16176170110702515,0.02248823642730713,-0.25733064068481326,0.1478680670261383,-0.16513299942016602,-0.018041330855339766,-0.1421012282371521,-0.1629655361175537,-0.1289941663853824,0.1144205629825592,-0.37890928983688354,-0.13159055961295962,-0.10384827852249146,-0.3763597309589386,-0.17548933578655124,-0.0513051495407575,0.001662608348962059,0.26701006925467713,-0.202840024774728,-0.021265311674638566,0.0,0.41125620334658153,0.40345870623389785,9.53809141321989,30.839680248519596,6.157803188389878
idle,shahzaib,rotate,0.1506224274635315,0.02204194664955139,-0.10366198047995567,-0.16676020622253418,0.02250531315803528,-0.26036952063441277,0.14765620231628418,-0.16511592268943787,-0.018000051379203796,-0.14331501722335815,-0.1635741889476776,-0.12975944206118584,0.11459487676620483,-0.3788922131061554,-0.13154928013682365,-0.10367521643638611,-0.37634265422821045,-0.19047852978110313,-0.030314380472355473,0.0005174766887317808,0.07569325636281825,-0.15146985198511648,0.0005174766887317808,-0.09208727119998149,0.40980991645751513,0.4035144190117808,292.14399659051037,58.46816478192283,3.262814679260723
idle,shahzaib,rotate,0.15003657341003418,0.022245049476623535,-0.10302981082350016,-0.17078983783721924,0.02084171772003174,-0.2709846133366227,0.14750099182128906,-0.1651126742362976,-0.01798930484801531,-0.14352348446846008,-0.16465264558792114,-0.14566888753324747,0.11470264196395874,-0.37888896465301514,-0.14085825625807047,-0.1035674512386322,-0.3763394057750702,-0.20439375285059214,-0.017753153136282538,0.006154631123398388,0.01915665625622809,-0.12211004892985221,-0.05041198296980505,-0.321669475824549,0.4082965060113928,0.40446010345544514,2.4221944772240565,2.8840508439175956,7.181485516961888
idle,shahzaib,rotate,0.1496375948190689,0.022372573614120483,-0.10301641281694174,-0.17109744250774384,0.01837572455406189,-0.2745778327807784,0.1474054604768753,-0.16511204838752747,-0.018465361557900906,-0.14483337104320526,-0.1654680073261261,-0.14816018100827932,0.11496241390705109,-0.378888338804245,-0.14282431360334158,-0.10342468321323395,-0.37633877992630005,-0.20472296234220266,-0.012090260332281132,0.0038643678029378872,0.0004060001987399542,-0.009321353652260668,-0.07472706563545115,-0.1088854377016894,0.406520411937335,0.4047188616448709,0.12473698566925837,3.1278421481888175,7.33493345348562
idle,shahzaib,rotate,0.14923575520515442,0.022754371166229248,-0.10363276954740286,-0.17343616485595703,0.01595175266265869,-0.276882684789598,0.14718160033226013,-0.16473257541656494,-0.022133572958409786,-0.14613768458366394,-0.16522979736328125,-0.1555229788646102,0.11519119143486023,-0.37849339842796326,-0.14671026822179556,-0.10333472490310669,-0.3759801387786865,-0.20859465654939413,-0.01217695799740832,0.011569622791174248,-0.01867747668063931,-0.07087037418827598,-0.073453693678882,-0.06984400026725736,0.4039654369041841,0.4049870069751203,0.9648175036723485,1.0524029879097405,2.209034218424786
idle,shahzaib,rotate,0.14927232265472412,0.02300921082496643,-0.10363029222935438,-0.1775798201560974,0.015277594327926636,-0.30688855331391096,0.14700263738632202,-0.16447845101356506,-0.03833714406937361,-0.14738130569458008,-0.16585466265678406,-0.18821031134575605,0.11540156602859497,-0.3782265782356262,-0.1823280332610011,-0.1032988429069519,-0.37581443786621094,-0.23855313938111067,0.0011081045324152342,0.007722413901126869,7.507024389324886e-05,-0.1255653121254681,-0.020429040446426256,-0.9092687431610137,0.40390638769917414,0.41028127061929964,6.146111773725476,0.1434734104116262,25.541644797848747
idle,shahzaib,rotate,0.1492839902639389,0.023110508918762207,-0.11672880966216326,-0.18083827197551727,0.015257596969604492,-0.32028878945857286,0.14697758853435516,-0.16437894105911255,-0.04534291569143534,-0.1485135406255722,-0.16613584756851196,-0.20072944182902575,0.11552338302135468,-0.37811824679374695,-0.1874706419184804,-0.10329054296016693,-0.3757448196411133,-0.24534398037940264,0.00035356391559948186,0.003069639205932666,-0.39692477069118437,-0.09874096422484584,-0.000605980555216481,-0.4060677619594581,0.40560234772344794,0.40881377159163473,162.6756629619373,0.11514342515928747,15.28197551959218
idle,shahzaib,rotate,0.14929068088531494,0.02325192093849182,-0.12276028469204903,-0.18083158135414124,0.015131622552871704,-0.32048124447464943,0.14695364236831665,-0.1642650067806244,-0.045343175530433655,-0.14909622073173523,-0.16629168391227722,-0.20240797474980354,0.11560487747192383,-0.3779706060886383,-0.18747090175747871,-0.1032838523387909,-0.37562423944473267,-0.24666791036725044,0.00020274610230416195,0.004285212719079058,-0.18277197060259212,0.00020274610230416195,-0.0038174065676601005,-0.005831970184138106,0.40515700938399124,0.4078010709974049,0.05309704420197551,0.04730192260446754,12.493850097371627
idle,shahzaib,rotate,0.14948177337646484,0.02348211407661438,-0.12276503629982471,-0.18085768818855286,0.015131622552871704,-0.3204859960824251,0.14691293239593506,-0.1642685830593109,-0.04534792713820934,-0.14912232756614685,-0.1666053831577301,-0.20241272635757923,0.11568588018417358,-0.37795859575271606,-0.1874756533652544,-0.10330995917320251,-0.3758377730846405,-0.24667266197502613,0.005790681549997133,0.006975549640077645,-0.00014398811441479538,-0.0007911161942915609,0.0,-0.00014398811441479538,0.4053629569813333,0.40802483976582865,791.116194291561,0.8300208338993035,0.20975628691807294
idle,shahzaib,rotate,0.14981180429458618,0.023591727018356323,-0.12276248540729284,-0.18085923790931702,0.015390962362289429,-0.32048344518989325,0.1469113826751709,-0.16429230570793152,-0.04534537624567747,-0.149123877286911,-0.1666053831577301,-0.20241017546504736,0.11577457189559937,-0.3779485523700714,-0.18747310247272253,-0.10331150889396667,-0.3764097988605499,-0.24667011108249426,0.010000936912767974,0.0033216042952104578,7.729977369308595e-05,-4.696123527758124e-05,0.007858782103567538,7.729977369308595e-05,0.4061648619246686,0.40814285871702805,0.005974877504080633,3.009969296429415,0.23930414711080442
idle,shahzaib,rotate,0.1502600908279419,0.02362421154975891,-0.12276255805045366,-0.17968818545341492,0.015510469675064087,-0.3202913226559758,0.14690369367599487,-0.16432616114616394,-0.044990804977715015,-0.14913156628608704,-0.1666053831577301,-0.2007319750264287,0.1158633828163147,-0.37790027260780334,-0.18435366172343493,-0.10312572121620178,-0.37695226073265076,-0.2453465135768056,0.01358444040471879,0.000984379739472376,-2.2013079036366206e-06,0.03548643805763995,0.003621433720444246,0.005821894967194852,0.4068237088679401,0.4076745134929206,9.796297405625957,13.785995246860477,1.0982823054931434
idle,shahzaib,rotate,0.15063758194446564,0.0236264169216156,-0.12338811624795198,-0.1748231202363968,0.017264872789382935,-0.3076719166710973,0.146897092461586,-0.1644284427165985,-0.033665687777101994,-0.14802385866641998,-0.16670677065849304,-0.19068970996886492,0.11616118252277374,-0.3778972327709198,-0.16478746850043535,-0.10279808938503265,-0.37747418880462646,-0.23664070386439562,0.011439124743143283,6.682945020270817e-05,-0.018956309015099933,0.14742621869751343,0.053163730736932764,0.38240624196600187,0.4074947423097015,0.4051219196074475,2.773007906820801,168.64539973355943,11.999415507952358
idle,shahzaib,rotate,0.15087822079658508,0.023635119199752808,-0.12433843780308962,-0.1696750819683075,0.021150976419448853,-0.3076719166710973,0.14669910073280334,-0.16446778178215027,-0.033665687777101994,-0.14674916863441467,-0.16672959923744202,-0.18207664508372545,0.11626973748207092,-0.3778543770313263,-0.16330085415393114,-0.10286346077919006,-0.3776922821998596,-0.22470526117831469,0.00729208642786211,0.000263705398097187,-0.028797622882959072,0.15600115963907202,0.11776071606260545,0.0,0.41282345330134135,0.40485754604442414,1.3247188038270212,27.547932457292802,11.755108848509028
