ground_truth,person_id,video_label,left_wrist_x,left_wrist_y,left_wrist_z,right_wrist_x,right_wrist_y,right_wrist_z,left_elbow_x,left_elbow_y,left_elbow_z,right_elbow_x,right_elbow_y,right_elbow_z,left_shoulder_x,left_shoulder_y,left_shoulder_z,right_shoulder_x,right_shoulder_y,right_shoulder_z,left_wrist_x_vel,left_wrist_y_vel,left_wrist_z_vel,right_wrist_x_vel,right_wrist_y_vel,right_wrist_z_vel,right_arm_len,left_arm_len,right_horiz_ratio,left_horiz_ratio,right_wrist_acc
idle,shahzaib,rotate,0.11246514320373535,0.0006146728992462158,-0.1717376303859055,-0.12425774335861206,-0.1254853904247284,-0.5872749877162278,0.11479759216308594,-0.18245825171470642,-0.02289469400420785,-0.11117032170295715,-0.25808826088905334,-0.23231886746361852,0.08945250511169434,-0.38849306106567383,-0.09757394017651677,-0.058798789978027344,-0.411978155374527,-0.13287964882329106,0.0019823059891209372,-0.027778473767367157,0.0,-0.18208496498339027,-0.8110954906001201,-1.8937425179914915,0.5411451773358873,0.39678037135012667,0.2244923595325482,0.0713586587608284,0.0
idle,shahzaib,rotate,0.11270572245121002,-0.0002549290657043457,-0.1717376303859055,-0.1296398788690567,-0.148098886013031,-0.61175348283723,0.115638867020607,-0.1823062300682068,-0.02289469400420785,-0.11145336925983429,-0.2635759115219116,-0.24249743344262242,0.08940257132053375,-0.38813531398773193,-0.09757394017651677,-0.05832411348819733,-0.41213458776474,-0.13287964882329106,0.007290280226505182,-0.026351574695471627,0.0,-0.16309501546801983,-0.6852574420697778,-0.7417725794243109,0.5514716122291198,0.395593835651358,0.23800511669057606,0.2766439450699263,35.12055287381644
idle,shahzaib,rotate,0.11315928399562836,-0.0034741759300231934,-0.18016675300896168,-0.13293276727199554,-0.1630723476409912,-0.6352984327822924,0.1164989322423935,-0.18231213092803955,-0.02724323980510235,-0.11184923350811005,-0.2634434700012207,-0.25408843345940113,0.08908639848232269,-0.38776665925979614,-0.10399790294468403,-0.058380380272865295,-0.4120021462440491,-0.132923798635602,0.01374428922479797,-0.09755293528238891,-0.25542795827442843,-0.09978449705875239,-0.4537412614533376,-0.7134833316685545,0.5656008982258144,0.3925072104825782,0.21991448788380963,0.14088913158666988,7.323575098237396
idle,shahzaib,rotate,0.11647668480873108,-0.010119467973709106,-0.19856700487434864,-0.13606888055801392,-0.16306528449058533,-0.6367867011576891,0.11745265126228333,-0.18307700753211975,-0.03444799594581127,-0.11205047369003296,-0.2634364068508148,-0.2575006503611803,0.08890601992607117,-0.3875398635864258,-0.10670486278831959,-0.05858162045478821,-0.4119950830936432,-0.13782602734863758,0.10052729736674941,-0.20137248617230089,-0.5575833898602124,-0.09503373593995089,0.00021403486078435776,-0.045099041678688855,0.5629672051894734,0.3894161652206612,441.94571797943524,0.4992082089731286,24.48431479856623
idle,shahzaib,rotate,0.12026134133338928,-0.01145946979522705,-0.2184495497494936,-0.13880670070648193,-0.16346192359924316,-0.6386562008410692,0.11791953444480896,-0.18403977155685425,-0.04713249020278454,-0.11217603087425232,-0.26383304595947266,-0.2671936172991991,0.08878263831138611,-0.3879365026950836,-0.10728075541555882,-0.05870500206947327,-0.412391722202301,-0.14166502840816975,0.11468656135327916,-0.04060611580357417,-0.602501359852879,-0.08296424692327346,-0.012019366929025391,-0.05665150555697369,0.5615893092227817,0.39380752389801776,6.901972910905157,2.8242971480181964,0.627490890281535
idle,shahzaib,rotate,0.12326821684837341,-0.014453202486038208,-0.2446849960833788,-0.14162787795066833,-0.164596825838089,-0.6386562008410692,0.11946895718574524,-0.18830212950706482,-0.0644074622541666,-0.11290997266769409,-0.2617502510547638,-0.2671936172991991,0.08812615275382996,-0.38907140493392944,-0.12915696389973164,-0.05944111943244934,-0.4128424823284149,-0.15840955264866352,0.09111743984800358,-0.09071917244882256,-0.7950135252692448,-0.08549021952079967,-0.03439097693472183,0.0,0.546824846127245,0.3935994010340209,2.485760550580316,1.0043790414905254,1.8473077607635509
idle,shahzaib,rotate,0.12505431473255157,-0.021479427814483643,-0.2446849960833788,-0.14224492013454437,-0.16235750913619995,-0.6367867011576891,0.11944831907749176,-0.19655901193618774,-0.0644074622541666,-0.11352117359638214,-0.2608674168586731,-0.2671936172991991,0.08753706514835358,-0.3896847069263458,-0.1316255796700716,-0.06031407415866852,-0.4124205410480499,-0.16377812810242176,0.05412417830842928,-0.21291591904380158,0.0,-0.01869824799624361,0.06785808187542557,0.05665150555697369,0.5412774645549635,0.3869949653702551,0.27554525465831536,0.2542032758669346,4.079718765578911
idle,shahzaib,rotate,0.127628892660141,-0.02160722017288208,-0.2446849960833788,-0.14228281378746033,-0.160957932472229,-0.6367867011576891,0.12031951546669006,-0.200752854347229,-0.0644074622541666,-0.11350893974304199,-0.2608674168586731,-0.2671936172991991,0.08749917149543762,-0.39024630188941956,-0.13433593697845936,-0.06035196781158447,-0.4124205410480499,-0.16377812810242176,0.07801751295725524,-0.00387249570904357,0.0,-0.0011482925126046874,0.04241141405972578,0.0,0.5419254720142423,0.38688768646069605,0.02707444360482865,20.14137069394587,1.9556437887174276
idle,shahzaib,rotate,0.12994571030139923,-0.02165880799293518,-0.2446849960833788,-0.14228926599025726,-0.1563456952571869,-0.628035606816411,0.12114323675632477,-0.20315828919410706,-0.0644074622541666,-0.11346195638179779,-0.2608378231525421,-0.2656929511576891,0.08749271929264069,-0.39036133885383606,-0.13433593697845936,-0.06035842001438141,-0.41239094734191895,-0.16377812810242176,0.07020659518964333,-0.0015632672743363747,0.0,-0.00019552129687684872,0.1397647640921847,0.2651846770084254,0.5364763193089951,0.3871959808083812,0.0013989212461779238,44.88145749864121,8.560351053085428
idle,shahzaib,rotate,0.13135287165641785,-0.021677851676940918,-0.24465672532096505,-0.13887670636177063,-0.1558813452720642,-0.6154199675656855,0.12135306000709534,-0.20362621545791626,-0.06437919149175286,-0.11317682266235352,-0.26059019565582275,-0.26557187596336007,0.0876716673374176,-0.3902726173400879,-0.13550218800082803,-0.060452044010162354,-0.4123022258281708,-0.16374985734000802,0.0426412531823824,-0.0005770813335071925,0.0008566897701133403,0.10341089783292853,0.014071211670384297,0.3822920985068345,0.5252694395464184,0.3868912791762069,7.348588854057828,73.76341478400609,6.079312598226844
idle,shahzaib,rotate,0.1314447969198227,-0.02080082893371582,-0.24089271994307637,-0.13223005831241608,-0.15355533361434937,-0.5895176348276436,0.12132064998149872,-0.20322835445404053,-0.06435636105015874,-0.11114941537380219,-0.2587554454803467,-0.2501351651735604,0.08783863484859467,-0.3892671465873718,-0.13574538799002767,-0.0598859041929245,-0.41181057691574097,-0.16059346171095967,0.0027856140425710847,0.026576446764396786,0.1140607690269292,0.20141357725316741,0.07048520174893436,0.7849191738800536,0.5058709258415202,0.3856486562049345,2.8574894412751144,0.10481119827893702,12.672886151552476
idle,shahzaib,rotate,0.13125011324882507,-0.021273493766784668,-0.2407012484036386,-0.12029320001602173,-0.14630955457687378,-0.5061574033461511,0.1211259663105011,-0.20185887813568115,-0.06348787760362029,-0.1064431369304657,-0.25709009170532227,-0.20280994987115264,0.08779427409172058,-0.38774996995925903,-0.13572776829823852,-0.05956050753593445,-0.41049084067344666,-0.15616955375298858,-0.005899505181746064,-0.014323176759662085,0.005802167861750646,0.3617229786786175,0.21956906174168497,2.5260676206512946,0.44268691727039583,0.3836832666207118,1.6474148424850812,0.4118564913524033,53.17748419869215
idle,shahzaib,rotate,0.13118906319141388,-0.021039217710494995,-0.23514630505815148,-0.11096559464931488,-0.12480178475379944,-0.5003164620138705,0.1210649162530899,-0.20018413662910461,-0.062178628984838724,-0.10535027086734772,-0.2554153501987457,-0.20191464433446527,0.08810366690158844,-0.38604578375816345,-0.13429345795884728,-0.05903293192386627,-0.40903589129447937,-0.15577993402257562,-0.0018500017397331515,0.007099274433020407,0.16833161652991308,0.2826547080820264,0.6517506006992241,0.17699822219032274,0.449657033636782,0.38112654250182826,0.4336847163532604,0.2605535542583491,72.41828118497243
idle,shahzaib,rotate,0.13115449249744415,-0.020968347787857056,-0.22526442119851708,-0.0996551662683487,-0.10855016112327576,-0.5003164620138705,0.12101097404956818,-0.20011326670646667,-0.04864917928352952,-0.10495822131633759,-0.25434181094169617,-0.20191464433446527,0.08854116499423981,-0.3859749138355255,-0.12422399828210473,-0.05814521014690399,-0.40983954071998596,-0.15252195904031396,-0.0010475967869614064,0.0021475734132708835,0.299451026049526,0.34274025396867086,0.4924734433492004,0.0,0.46201664798316305,0.3811231507031996,0.6959554116915727,0.48757784141366434,7.441714526454004
idle,shahzaib,rotate,0.13094042241573334,-0.020862430334091187,-0.19461297104135156,-0.0886337012052536,-0.10447213053703308,-0.5003164620138705,0.12096278369426727,-0.2000073492527008,-0.029661862645298243,-0.10309477150440216,-0.25121769309043884,-0.20191464433446527,0.08866558969020844,-0.38586899638175964,-0.1158501342870295,-0.05730666220188141,-0.410839706659317,-0.1506903083063662,-0.006486972173055029,0.0032096198110869514,0.9288318229444122,0.3339837897907612,0.12357668443159654,0.0,0.46591943770148253,0.3757932133414201,2.7026221710411633,2.020473477007193,11.181838482563998
rotate,shahzaib,rotate,0.13014018535614014,-0.020862430334091187,-0.16344671556726098,-0.0787687599658966,-0.10447213053703308,-0.5003164620138705,0.12026172876358032,-0.19966557621955872,-0.015983812045305967,-0.1022651195526123,-0.24829140305519104,-0.20191464433446527,0.08814132213592529,-0.38586899638175964,-0.10175641486421227,-0.05705264210700989,-0.410839706659317,-0.1506903083063662,-0.024249607866460687,0.0,0.9444319840633532,0.29893761331384905,0.0,0.0,0.4653720327116875,0.37255790284267737,298937.6133138491,24249.607866460687,3.8924276538146754
rotate,shahzaib,rotate,0.12978495657444,-0.02071109414100647,-0.16020419914275408,-0.0642339438199997,-0.10447213053703308,-0.5149229587987065,0.11990649998188019,-0.19933512806892395,-0.006293748039752245,-0.10024629533290863,-0.2413698136806488,-0.23554579634219408,0.08786626160144806,-0.3862411379814148,-0.10088129062205553,-0.056863054633140564,-0.410839706659317,-0.15253920573741198,-0.01076450853636766,0.004585945244991399,0.09825807346990573,0.44044897411808637,0.0,-0.4426211146919998,0.47459183114465603,0.37267760519457666,440448.9741180864,2.346770663574347,14.081584285341377
rotate,shahzaib,rotate,0.1295618861913681,-0.0208013653755188,-0.12163847871124744,-0.04137934744358063,-0.10465598106384277,-0.5326755437999964,0.11968342959880829,-0.19934159517288208,0.005921626463532448,-0.09589599072933197,-0.2373420000076294,-0.24396213330328465,0.0880347341299057,-0.3864453136920929,-0.08001713640987873,-0.05625288188457489,-0.4110235571861267,-0.15250463224947453,-0.0067597085779363625,-0.0027354919549190705,1.1686581948941432,0.6925635265581552,-0.005571228085142208,-0.5379571212512088,0.4884795141200556,0.37034083954357105,124.28843830079515,2.4702095563574478,8.16956098040598
rotate,shahzaib,rotate,0.12918221950531006,-0.02053779363632202,-0.11136621097102761,-0.029888033866882324,-0.12482500076293945,-0.539458601269871,0.11930376291275024,-0.20004993677139282,0.006593800615519285,-0.09131121635437012,-0.23194772005081177,-0.2694582627154887,0.08805733919143677,-0.38764122128486633,-0.07784590730443597,-0.056059181690216064,-0.4120051860809326,-0.15249967435374856,-0.011505051092668042,0.007987022399902363,0.31128084061272293,0.3482216235363131,-0.6111824151241433,-0.20554719605680719,0.4825915446189921,0.37091750178448163,0.5697497918289921,1.4402877854734946,23.39096806399508
rotate,shahzaib,rotate,0.12900491058826447,-0.01636829972267151,-0.10170602425932884,-0.011736497282981873,-0.1623537838459015,-0.5413245968520641,0.11909712851047516,-0.2005329430103302,0.019102124497294426,-0.08717523515224457,-0.23198869824409485,-0.28170711919665337,0.08761079609394073,-0.3883160948753357,-0.07163645699620247,-0.05600757896900177,-0.412680059671402,-0.15066362544894218,-0.005372997486230112,0.12634830041365222,0.29273293065753925,0.5500465631484999,-1.1372358509988525,-0.05654532067251942,0.4660892271013627,0.37545014836738194,0.48366931010491404,0.04252494844561523,17.660898338742346
rotate,shahzaib,rotate,0.12947478890419006,-0.012574553489685059,-0.09111813269555569,-0.0042254626750946045,-0.19502472877502441,-0.5491884406656027,0.1191658079624176,-0.20109665393829346,0.019540628418326378,-0.08346959948539734,-0.2327004075050354,-0.2929576691240072,0.08762773871421814,-0.38902780413627625,-0.06935278885066509,-0.055509716272354126,-0.41339176893234253,-0.14957206510007381,0.014238736846230091,0.1149620070601942,0.3208451989022133,0.2276071093299147,-0.9900286342158353,-0.23829829737995348,0.4582657378794815,0.3793968314636715,0.22989928933813542,0.12385494438897847,12.070778053738941
rotate,shahzaib,rotate,0.1297145038843155,-0.006440997123718262,-0.07936572190374136,-0.003093525767326355,-0.22273248434066772,-0.5993215581402183,0.11911918222904205,-0.1993357539176941,0.019534599967300892,-0.08100546896457672,-0.23281431198120117,-0.314837290905416,0.0880659967660904,-0.38715553283691406,-0.06649561133235693,-0.055159375071525574,-0.4135056734085083,-0.1491678198799491,0.007264090306831146,0.18586534442323674,0.3561336603580108,0.034301118417219764,-0.8396289565346479,-1.5191853780186575,0.4916743336809199,0.3832020297370706,0.04085266152102126,0.03908233268035911,39.517974691355406
rotate,shahzaib,rotate,0.12961964309215546,-0.00507885217666626,-0.07621197868138552,0.0009274333715438843,-0.2658310532569885,-0.6216877149417996,0.11933712661266327,-0.19887644052505493,0.02112249005585909,-0.07807232439517975,-0.23281431198120117,-0.33096948731690645,0.08805005252361298,-0.3859102725982666,-0.04640453029423952,-0.05392877757549286,-0.41506925225257874,-0.14501256216317415,-0.002874569459394982,0.041277119607636525,0.09556797643502576,0.1218472466324318,-1.3060172398885124,-0.6777623273206497,0.502494224041868,0.3842513313180871,0.09329674189147101,0.06963906027500297,29.273026939635383
rotate,shahzaib,rotate,0.1296694278717041,-0.00507885217666626,-0.05341075640171766,0.0009241104125976562,-0.30145907402038574,-0.6538132159039378,0.11977660655975342,-0.19621813297271729,0.02728866133838892,-0.07723197340965271,-0.23728913068771362,-0.35587802808731794,0.08805876970291138,-0.3857195973396301,-0.03272105287760496,-0.05373978614807129,-0.41663438081741333,-0.1450137821957469,0.001508629683292277,0.0,0.6909461296869064,-0.0001006957256432738,-1.0796369928302214,-0.9735000291557047,0.5245286995244023,0.3834669315382647,9.326804568937464e-05,1508.6296832922772,11.87554474861766
rotate,shahzaib,rotate,0.13003909587860107,-0.004563450813293457,-0.05341742932796478,0.0009239315986633301,-0.3329527974128723,-0.6633773744106293,0.12017863988876343,-0.19570273160934448,0.0272819884121418,-0.0769239068031311,-0.25615090131759644,-0.3743360936641693,0.08805859088897705,-0.3852041959762573,-0.03272772580385208,-0.05350518226623535,-0.41741371154785156,-0.14502045512199402,0.011202060815059806,0.015618223132509212,-0.0002022098862763612,-5.41860407049007e-06,-0.9543552543177772,-0.289822985051257,0.5280057482897692,0.38350724049138357,5.677758222859414e-06,0.7171970539139232,21.062455199350218
rotate,shahzaib,rotate,0.13066309690475464,-0.0020721256732940674,-0.05341742932796478,0.0009214282035827637,-0.3654499351978302,-0.6938620507717133,0.12092769145965576,-0.1932114064693451,0.0272819884121418,-0.07692641019821167,-0.26518484950065613,-0.3947890102863312,0.08804404735565186,-0.38271287083625793,-0.03272772580385208,-0.05350768566131592,-0.4149223864078522,-0.12960319221019745,0.01890912200465326,0.07549470121210189,0.0,-7.586045698685996e-05,-0.9847617510593191,-0.9237780715479894,0.5690326100760753,0.38357766370658364,7.703424698513029e-05,0.25046620802327413,19.232844470567393
rotate,shahzaib,rotate,0.13216394186019897,-0.001953333616256714,-0.06377189606428146,0.0001557469367980957,-0.39407628774642944,-0.7539784610271454,0.1218070387840271,-0.1928408443927765,0.023842664435505867,-0.07695955038070679,-0.2752186357975006,-0.40369105339050293,0.08792984485626221,-0.38234230875968933,-0.03425014764070511,-0.052999407052993774,-0.41455182433128357,-0.12960319221019745,0.04548015016497999,0.0035997593041622367,-0.31377171928232445,-0.02320246262983848,-0.8674652287454337,-1.821709401679766,0.6269682562174517,0.38408848118423133,0.02674739587660359,12.630711003761895,27.45016333191439
rotate,shahzaib,rotate,0.1335352063179016,-0.004076242446899414,-0.07171708345413208,-0.0016499757766723633,-0.4032151699066162,-0.7539784610271454,0.12267863750457764,-0.19274234771728516,0.018893102183938026,-0.0770614743232727,-0.2837677001953125,-0.40369105339050293,0.08790898323059082,-0.3830268085002899,-0.034854330122470856,-0.0530703067779541,-0.4142606258392334,-0.12960319221019745,0.04155346841523152,-0.06433057062553653,-0.24076325423789807,-0.05471887010516556,-0.2769358230359633,0.0,0.6265864097211786,0.3834633572175952,0.1975861118983795,0.645926533600546,58.03915121337144
rotate,shahzaib,rotate,0.13354527950286865,-0.01181212067604065,-0.07171441335231066,-0.02430593967437744,-0.4271860420703888,-0.753975790925324,0.12349045276641846,-0.19658717513084412,-0.004657722543925047,-0.07846724987030029,-0.2900408208370209,-0.4036883832886815,0.08768469095230103,-0.3832035958766937,-0.03485166002064943,-0.053299158811569214,-0.4141140878200531,-0.12530954647809267,0.00030524802930427395,-0.23442055239821982,8.091217640674495e-05,-0.6865443605365192,-0.726390065568868,8.091217640674495e-05,0.6294701975878175,0.3760235152448749,0.9451442798224079,0.0013021329574071704,23.496332930703858
rotate,shahzaib,rotate,0.13334155082702637,-0.011626482009887695,-0.07997099636122584,-0.043654173612594604,-0.42700040340423584,-0.7540384116582572,0.12401676177978516,-0.19640153646469116,-0.015700950752943754,-0.08483278751373291,-0.2898551821708679,-0.4037510040216148,0.08743953704833984,-0.38301795721054077,-0.061728652101010084,-0.05128338932991028,-0.41392844915390015,-0.12425083247944713,-0.00617359623764502,0.0056254141258471075,-0.2501994851186426,-0.5863101193399155,0.0056254141258471075,-0.0018975979676752427,0.6299694245027215,0.3746617218835736,104.20671252165272,1.097252370614566,22.38935615794778
rotate,shahzaib,rotate,0.13274385035037994,-0.011626482009887695,-0.08736868295818567,-0.06289733946323395,-0.42700040340423584,-0.7243988672271371,0.12348677217960358,-0.19640153646469116,-0.017287240363657475,-0.09323586523532867,-0.2898551821708679,-0.3807532945647836,0.08823354542255402,-0.38301795721054077,-0.0624643350020051,-0.049305930733680725,-0.41392844915390015,-0.10664057079702616,-0.018112135655952266,0.0,-0.22417232111999538,-0.5831262378981633,0.0,0.8981680130642494,0.6180460461708411,0.3748773421315402,583126.2378981634,18112.13565595227,27.275418832628677
rotate,shahzaib,rotate,0.13208255171775818,-0.011626482009887695,-0.09864601539447904,-0.08620455861091614,-0.42700040340423584,-0.7074617897160351,0.12294450402259827,-0.19640153646469116,-0.017262146342545748,-0.1002870500087738,-0.2898551821708679,-0.3413352225907147,0.08998581767082214,-0.38301795721054077,-0.06633721338585019,-0.04920133948326111,-0.4156884551048279,-0.09365495340898633,-0.02003935250368963,0.0,-0.34173734655434057,-0.7062793681115738,0.0,0.5132447730636902,0.6150252276918451,0.37516345978302384,706279.3681115739,20039.35250368963,12.246796180577201
rotate,shahzaib,rotate,0.13181662559509277,-0.007917225360870361,-0.10268199071288109,-0.11337697505950928,-0.4095926880836487,-0.7074308358132839,0.12336277961730957,-0.1884128451347351,-0.019804859533905983,-0.10093823075294495,-0.2893756031990051,-0.3230165205895901,0.09281748533248901,-0.3825520873069763,-0.07153331115841866,-0.0493621826171875,-0.416284441947937,-0.09362399950623512,-0.00805836735349715,0.11240171663688919,-0.12230228237582005,-0.823406559048279,0.5275065248662788,0.0009379970530668918,0.6171721846603928,0.37794503960838893,1.5609380344991466,0.07169192698010372,22.563859898851693
rotate,shahzaib,rotate,0.13129858672618866,-0.00590282678604126,-0.10322884516790509,-0.12741027772426605,-0.40128564834594727,-0.7052183826453984,0.12391005456447601,-0.1832137107849121,-0.01976499566808343,-0.10188345611095428,-0.28343039751052856,-0.30187774496152997,0.09567902982234955,-0.3837200701236725,-0.07493192749097943,-0.04939867556095123,-0.419681191444397,-0.09358413564041257,-0.015698147542548942,0.06104238105542747,-0.016571347121939556,-0.4252515959017215,0.2517284769000435,0.06704403539047113,0.6168635652940853,0.38054610462766186,1.6893198251493606,0.2571637951753525,14.812910840523658
rotate,shahzaib,rotate,0.13133741915225983,-0.004556030035018921,-0.10391896334476769,-0.13804082572460175,-0.3611726760864258,-0.7028980043251067,0.1251736432313919,-0.18260815739631653,-0.025236475514248013,-0.10246674716472626,-0.2728148400783539,-0.29894406464882195,0.09773416817188263,-0.3844567537307739,-0.07661192980594933,-0.049614593386650085,-0.42203858494758606,-0.09353970107622445,0.0011767401839747602,0.0408120227582528,-0.02091267202613937,-0.3221378181919915,1.2155446139248964,0.07031449455429224,0.6187417871498072,0.38236031753007366,0.2650149977933243,0.028832468277219473,29.373386957978305
rotate,shahzaib,rotate,0.13199052214622498,-0.0039230287075042725,-0.12334709207061678,-0.14385822415351868,-0.30420443415641785,-0.6915300149703398,0.12607070803642273,-0.1806003749370575,-0.03702865878585726,-0.10293743014335632,-0.25816842913627625,-0.28842451761011034,0.09952571988105774,-0.38309961557388306,-0.11410326103214175,-0.049997180700302124,-0.4232528805732727,-0.09403406421188265,0.019790999817125773,0.01918185840953485,-0.58873117351058,-0.17628480087627107,1.7263103615153963,0.34448452590202827,0.6164282920544336,0.38067610356577514,0.10211645755579352,1.0317023352103065,18.114115303884603
rotate,shahzaib,rotate,0.13222302496433258,-0.005289971828460693,-0.22311283240560442,-0.1447245329618454,-0.2612721920013428,-0.6880314607406035,0.1264389306306839,-0.1812726855278015,-0.08016266266349703,-0.10347880423069,-0.2406272292137146,-0.28032937238458544,0.09997554123401642,-0.3839314877986908,-0.15162272343877703,-0.05084814131259918,-0.4207371771335602,-0.14477224240545183,0.007045539942654619,-0.041422518816860786,-3.0232042525753497,-0.026251782070506414,1.3009770350022607,0.10601679484049363,0.5739097809746938,0.38667833337705887,0.02017849753355813,0.1700855007949456,15.460046677820143
rotate,shahzaib,rotate,0.13199327886104584,-0.006116598844528198,-0.24274482915643603,-0.14533860981464386,-0.22882160544395447,-0.6846329827094451,0.1269489973783493,-0.181511789560318,-0.08016266266349703,-0.1037856787443161,-0.2356841266155243,-0.2779801447177306,0.10018067061901093,-0.38350921869277954,-0.15162272343877703,-0.05108825862407684,-0.4169997274875641,-0.15416839311365038,-0.006962003129901325,-0.02504930351719718,-0.5949089924494441,-0.018608389478741317,0.9833511077996481,0.10298418276237745,0.5706897713560667,0.38953879102023736,0.018923424611739036,0.2779209092265836,9.628253105701232
rotate,shahzaib,rotate,0.13219882547855377,-0.006220072507858276,-0.24274482915643603,-0.1458231657743454,-0.188400536775589,-0.6351630348945037,0.12765266001224518,-0.18266823887825012,-0.08016266266349703,-0.10420359671115875,-0.23695549368858337,-0.26418432185892016,0.09969611465930939,-0.38437899947166443,-0.15162272343877703,-0.05156032741069794,-0.4153527617454529,-0.1623598743462935,0.006228685379028336,-0.003135565555456921,0.0,-0.014683513930349675,1.2248808687383508,1.4990893277255009,0.532856100405653,0.3903381078032696,0.011987698001827675,1.985829809356868,42.93482371114565
rotate,shahzaib,rotate,0.1323113888502121,-0.00485152006149292,-0.24287811759859324,-0.13890622556209564,-0.15860116481781006,-0.6199218416586518,0.12732629477977753,-0.1813005805015564,-0.08029595110565424,-0.0979500561952591,-0.23726212978363037,-0.26171252969652414,0.09936974942684174,-0.3834647536277771,-0.15175601188093424,-0.0517377108335495,-0.4153774380683899,-0.16249316278845072,0.003411011262373499,0.041471286253495755,-0.004039043701733614,0.20960424885605372,0.9030112714478487,0.46185434048035945,0.5317644221996943,0.3908150078871553,0.23211672253355298,0.08224796775186177,33.60442733087564
rotate,shahzaib,rotate,0.1322624683380127,-0.00382956862449646,-0.24284634820651263,-0.12567266821861267,-0.1461344063282013,-0.6173410796327516,0.12708836793899536,-0.1814514696598053,-0.07670573971699923,-0.09182149171829224,-0.23748543858528137,-0.24648035399150103,0.09913182258605957,-0.38304680585861206,-0.1475715421838686,-0.051859766244888306,-0.415484756231308,-0.1624613933963701,-0.0014824397636182417,0.030968225363529167,0.0009627088509274275,0.4010168891964547,0.3777805602911756,0.07820490987576338,0.5337728772064178,0.3924036714482541,1.0615046665786716,0.04786815770225991,20.545655322775588
rotate,shahzaib,rotate,0.1313437819480896,-0.003842085599899292,-0.23084005084820092,-0.10529416799545288,-0.12986811995506287,-0.6062534239608794,0.12616664171218872,-0.18146398663520813,-0.04039934021420777,-0.08916580677032471,-0.23837950825691223,-0.24575116601772606,0.09795123338699341,-0.383003830909729,-0.11569868889637291,-0.05275309085845947,-0.41540226340293884,-0.15794170764274895,-0.027838981512821152,-0.0003793022849343049,0.3638271926761134,0.6175303097927224,0.4929177688829839,0.3359895658143099,0.5341102010347074,0.3976634565030124,1.252803400430712,73.20224625426633,10.781559561258794
rotate,shahzaib,rotate,0.13123977184295654,-0.0038638710975646973,-0.21528115239925683,-0.09167864918708801,-0.11685442924499512,-0.5843246963340789,0.12601476907730103,-0.18148577213287354,-0.033231982262805104,-0.08895736932754517,-0.23865103721618652,-0.24554392066784203,0.09771466255187988,-0.3830256164073944,-0.11569868889637291,-0.05263882875442505,-0.4152500033378601,-0.16256164875812829,-0.0031518213676683484,-0.0006601665959213647,0.4714817711801188,0.4125914790413551,0.39435426394144263,0.6645068977818271,0.5181197685074163,0.39345168584805684,1.0462431131707182,4.767060809047902,12.107504607594086
idle,shahzaib,rotate,0.1309446096420288,-0.0048896074295043945,-0.20883841183967888,-0.0820435881614685,-0.10134780406951904,-0.5534644511062652,0.12552642822265625,-0.18251150846481323,-0.030843985499814153,-0.08875784277915955,-0.23967677354812622,-0.24612970021553338,0.09724116325378418,-0.3840513527393341,-0.11569868889637291,-0.05263018608093262,-0.4160860478878021,-0.16256164875812829,-0.008944309119022276,-0.031082919149687874,0.19523456241145326,0.2919715462308949,0.46989773259018525,0.9351589462973878,0.502722897059001,0.3918859009900678,0.62134993346648,0.28774714912717464,9.266412744621093
idle,shahzaib,rotate,0.13045361638069153,-0.005003541707992554,-0.19083048379980028,-0.07284185290336609,-0.09383144974708557,-0.545786946779117,0.12491127848625183,-0.182399183511734,-0.028721544658765197,-0.08908969163894653,-0.239564448595047,-0.2461394069250673,0.09665098786354065,-0.38399451971054077,-0.11570839560590684,-0.05238085985183716,-0.41592615842819214,-0.16257135546766222,-0.014878583676887318,-0.00345255389358059,0.5456947890872319,0.2788404623667406,0.22776831280101487,0.23265164627721874,0.5010168091204221,0.38784031151571596,1.2242231358459723,4.308195017469798,22.52058721187761
idle,shahzaib,rotate,0.12966464459896088,-0.00498548150062561,-0.19083048379980028,-0.06532765924930573,-0.09114238619804382,-0.5374002156313509,0.12420056760311127,-0.18238112330436707,-0.028721544658765197,-0.08969579637050629,-0.23954638838768005,-0.24366253591142595,0.0960448831319809,-0.38412976264953613,-0.12169241136871278,-0.05205829441547394,-0.4158795177936554,-0.1685727236326784,-0.02390823581001981,0.000547279011119497,0.0,0.22770283800182978,0.0814867742133865,0.2541433681141253,0.4915933273896928,0.3868601134111748,2.794319027607256,43.60596580416796,4.740777065553289
idle,shahzaib,rotate,0.1288483589887619,-0.00498548150062561,-0.19083352223969996,-0.057918623089790344,-0.0858711302280426,-0.5251198096666485,0.12354080379009247,-0.18212780356407166,-0.02872458309866488,-0.08952780067920685,-0.23775401711463928,-0.24366557435132563,0.09558479487895966,-0.38412976264953613,-0.12235519126988947,-0.051734790205955505,-0.415836900472641,-0.17340248660184443,-0.024735927581787172,0.0,-9.20739363540305e-05,0.2245162472580424,0.15973502939397677,0.3721335140818909,0.48230770745045953,0.3867119502131036,1.4055454371179474,24735.92758178717,4.291343320871081
idle,shahzaib,rotate,0.12696582078933716,-0.004935353994369507,-0.19081079098396003,-0.054284632205963135,-0.0753735601902008,-0.514445013133809,0.12234306335449219,-0.18202868103981018,-0.028701851842924953,-0.09043610095977783,-0.23333588242530823,-0.2428564343135804,0.0944717526435852,-0.38407963514328003,-0.12312500807456672,-0.05251803994178772,-0.4157867729663849,-0.18736734124831855,-0.05704661210377948,0.0015190153410940292,0.0006888259315129407,0.1101209358735506,0.31810818296489946,0.32347868281331577,0.472084822597448,0.38650694120628987,0.34617339508146633,37.53028707112933,6.101049575100899
idle,shahzaib,rotate,0.12544295191764832,0.0018557608127593994,-0.19651170121505857,-0.05068415403366089,-0.06660065054893494,-0.48528170632198453,0.1215798556804657,-0.17520466446876526,-0.03031642595306039,-0.09041669964790344,-0.228195458650589,-0.24284605728462338,0.09428808093070984,-0.3840579390525818,-0.12666620360687375,-0.05310535430908203,-0.41572052240371704,-0.19462859677150846,-0.046147541566328686,0.20579135779178553,-0.17275485548783476,0.1091053991606744,0.265845746705027,0.8837365700552883,0.4542794043603938,0.39341886490876915,0.41040712558252007,0.22424322293357155,17.051245986519945
idle,shahzaib,rotate,0.12238407135009766,0.01030111312866211,-0.22063009487465024,-0.051529914140701294,-0.05329972505569458,-0.4479328994639218,0.12072151899337769,-0.17060112953186035,-0.05702868150547147,-0.09069690108299255,-0.22328776121139526,-0.23796801315620542,0.0943334698677063,-0.38402554392814636,-0.14538584696128964,-0.05380004644393921,-0.4156283438205719,-0.2127287839539349,-0.09269335053183839,0.2559197671485676,-0.7308604139270223,-0.025629094152739618,0.4030583482800118,1.131782026001904,0.43198166330247545,0.4024202350195241,0.06358640300022188,0.36219550122725236,9.510867107957973
idle,shahzaib,rotate,0.11944253742694855,0.012487351894378662,-0.22774043725803494,-0.051758721470832825,-0.03926563262939453,-0.44451671885326505,0.12045301496982574,-0.16964536905288696,-0.06788452761247754,-0.0904230922460556,-0.21930092573165894,-0.2363130454905331,0.09517069160938263,-0.3839928209781647,-0.15508246468380094,-0.05378971993923187,-0.4152998924255371,-0.21785344230011106,-0.08913739161057928,0.06624965956716843,-0.21546492070862794,-0.006933555458531252,0.4252755280696995,0.10352062456535596,0.43906961911868037,0.4038128662623712,0.0163036401044802,1.34545666704204,31.17185746507409
idle,shahzaib,rotate,0.11604845523834229,0.013359397649765015,-0.25381523417308927,-0.051894158124923706,-0.020922154188156128,-0.39503485010936856,0.12010985612869263,-0.1694437563419342,-0.08495515631511807,-0.08902350068092346,-0.21111354231834412,-0.22009551571682096,0.09543478488922119,-0.3839062452316284,-0.17017772840335965,-0.05359575152397156,-0.41446059942245483,-0.23049011873081326,-0.10285097541231122,0.02642562895110166,-0.7901453610622541,-0.004104141033057021,0.5558629830678318,1.4994505679968668,0.42655641118375626,0.40649741301834946,0.007383354845921354,3.891944583723518,42.485685980998646
idle,shahzaib,rotate,0.1130719780921936,0.015051811933517456,-0.27584319096058607,-0.055785953998565674,-0.006527334451675415,-0.38786183577030897,0.11942082643508911,-0.1689716875553131,-0.10186087619513273,-0.08758077025413513,-0.204289048910141,-0.20670368056744337,0.09557902812957764,-0.38426029682159424,-0.19075195770710707,-0.053495973348617554,-0.4131444990634918,-0.23193720262497663,-0.09019627715602088,0.05128528132583168,-0.6675138420453594,-0.11793320829218114,0.4362066586812348,0.2173640708805942,0.4354942637852267,0.4086522745237651,0.2703602422954306,1.7586823381283283,39.172108274546524
idle,shahzaib,rotate,0.1072731763124466,0.015540391206741333,-0.2901380187831819,-0.05984778702259064,-0.0040766894817352295,-0.3836754388175905,0.11710609495639801,-0.1688401997089386,-0.11162047600373626,-0.08816896378993988,-0.20172110199928284,-0.20669056242331862,0.09372998774051666,-0.38604970276355743,-0.19786576693877578,-0.054853156208992004,-0.41259846091270447,-0.2419827557168901,-0.17572126605293775,0.014805432521935502,-0.4331766006847175,-0.12308584921287632,0.07426196878606542,0.1268605137187409,0.43242548550511767,0.4122768365943032,1.6574323815071066,11.867900373206673,11.306783116973747
idle,shahzaib,rotate,0.10512660443782806,0.017902672290802002,-0.2917165181133896,-0.060631707310676575,-0.0007089972496032715,-0.38365671248175204,0.11645190417766571,-0.16916769742965698,-0.12652692408300936,-0.08786468207836151,-0.19833457469940186,-0.2066718360874802,0.09470419585704803,-0.3863772004842758,-0.2186521163675934,-0.05445326864719391,-0.41259869933128357,-0.26232996792532504,-0.06504763256419804,0.0715842752745659,-0.047833313036597255,-0.023755160245028467,0.10205127976157474,0.0005674647223768826,0.42943157630746515,0.41096137158391044,0.2327744201357164,0.9086733593564783,4.941230909586601
idle,shahzaib,rotate,0.10320059955120087,0.017682135105133057,-0.29171347245574,-0.06252090632915497,0.0002695322036743164,-0.3836536668241024,0.11580078303813934,-0.16884160041809082,-0.12652387842535973,-0.0882059782743454,-0.19572752714157104,-0.20666879042983055,0.09564708173274994,-0.3869279474020004,-0.21864907070994377,-0.0541999489068985,-0.4130120873451233,-0.2623269222676754,-0.058363784443248544,-0.006682945020271087,9.229265604958413e-05,-0.05724845510540601,0.029652407675078495,9.229265604958413e-05,0.430802871780076,0.411223517445603,1.930586047063964,8.731936643141543,2.4173430740470874
idle,shahzaib,rotate,0.1028117910027504,0.0179365873336792,-0.2917124746600166,-0.06303306668996811,0.00012952089309692383,-0.383652669028379,0.11593920737504959,-0.168111652135849,-0.12652288062963635,-0.08823569864034653,-0.19586753845214844,-0.20666779263410717,0.09634483605623245,-0.3870679587125778,-0.2186480729142204,-0.05371741205453873,-0.4130527228116989,-0.262325924471952,-0.011782077225771846,0.00771067359230737,3.02362340417776e-05,-0.01552001093373158,-0.004242766987193725,3.02362340417776e-05,0.4307279035294514,0.4115931372446413,3.6571307945431037,1.5278236409700778,1.6290943388576635
idle,shahzaib,rotate,0.10269668698310852,0.018191039562225342,-0.2917114768642932,-0.06354522705078125,-1.049041748046875e-05,-0.38365167123265564,0.11607763171195984,-0.16738170385360718,-0.12652188283391297,-0.08832219243049622,-0.19600754976272583,-0.2066667948383838,0.09704259037971497,-0.3867507576942444,-0.21864707511849701,-0.053234875202178955,-0.41309335827827454,-0.26232492667622864,-0.003488000595208379,0.00771067359230737,3.02362340417776e-05,-0.01552001093373158,-0.004242766987193725,3.02362340417776e-05,0.4306552426477596,0.41151942211294407,3.6571307945431037,0.4523013783529124,0.0
idle,shahzaib,rotate,0.1022506058216095,0.018839329481124878,-0.2872354064602405,-0.06473585963249207,-0.0007757246494293213,-0.38218053919263184,0.11612144112586975,-0.16616031527519226,-0.1229316417593509,-0.08874249458312988,-0.19677278399467468,-0.2066667948383838,0.09855726361274719,-0.38622599840164185,-0.2139900599140674,-0.052125751972198486,-0.4136357009410858,-0.2583029542583972,-0.013517610954515714,0.019645149057561484,0.1356384970925056,-0.036079775203357645,-0.023188916119661944,0.04457975878859962,0.43122851353764846,0.41165087321675153,1.5558389697135138,0.6880539751027189,1.5938127711000707
idle,shahzaib,rotate,0.10188429057598114,0.019931823015213013,-0.2872354064602405,-0.06572072207927704,-0.004699975252151489,-0.37807419640012085,0.11640654504299164,-0.16594550013542175,-0.12176249665208161,-0.08910880982875824,-0.19719627499580383,-0.20891968649812043,0.0993233174085617,-0.3855493664741516,-0.21147122723050416,-0.05114997923374176,-0.4135534465312958,-0.2543308411259204,-0.011100461988738116,0.0331058646693375,0.0,-0.029844316569241684,-0.11891668493097508,0.1244346300760908,0.42741769441448463,0.41250668414903274,0.2509661753553696,0.33529185259934935,3.782358053723544
idle,shahzaib,rotate,0.10130743682384491,0.022423148155212402,-0.2872354064602405,-0.066367968916893,-0.006261169910430908,-0.37807419640012085,0.11624018847942352,-0.16557914018630981,-0.12176249665208161,-0.0897163599729538,-0.1982741355895996,-0.20956900459714234,0.09916357696056366,-0.3851107060909271,-0.21147122723050416,-0.051051780581474304,-0.4137744903564453,-0.2543308411259204,-0.017480416731400966,0.0754947012121029,0.0,-0.019613540533817225,-0.04730892903877039,0.0,0.4261620700397667,0.41452219403330226,0.4145755644178618,0.23154188186543576,4.361564811776414
idle,shahzaib,rotate,0.10118459165096283,0.025721192359924316,-0.28723217523656785,-0.06669120490550995,-0.007836580276489258,-0.3780709651764482,0.11624567210674286,-0.16481739282608032,-0.12175926542840898,-0.08992098271846771,-0.19906151294708252,-0.2095657733734697,0.09952817857265472,-0.3843420445919037,-0.21146799600683153,-0.05026017129421234,-0.41391682624816895,-0.2543276099022478,-0.0037225809964266782,0.09994073347611886,9.79158688675276e-05,-0.009795029958089218,-0.04773970806237435,9.79158688675276e-05,0.4248335709527585,0.4170069697955331,0.20517144289715566,0.03724751279520473,0.29783163104373456
idle,shahzaib,rotate,0.10158698260784149,0.026258647441864014,-0.2868943957146257,-0.06710003316402435,-0.009235143661499023,-0.3717078117188066,0.1162644475698471,-0.16529643535614014,-0.12175926542840898,-0.09000103175640106,-0.20002901554107666,-0.20602302229963243,0.09972618520259857,-0.3847428858280182,-0.21146799600683153,-0.0497271865606308,-0.41446810960769653,-0.25205852068029344,0.012193665359959489,0.01628651763453632,0.010235743089155742,-0.01238873510649713,-0.04238070863665967,0.19282283204974598,0.422884766023412,0.41786943497946505,0.29231325269838276,0.7486509383175641,5.84293499419118
idle,shahzaib,rotate,0.10344052314758301,0.02593708038330078,-0.286893995013088,-0.06762856245040894,-0.010675489902496338,-0.3717074110172689,0.11680448055267334,-0.16533440351486206,-0.12175886472687125,-0.09010398387908936,-0.2008383870124817,-0.2060226215980947,0.10027414560317993,-0.3848731815814972,-0.22191557427868247,-0.049039095640182495,-0.4151167869567871,-0.2520581199787557,0.05616789514368169,-0.009744456320097844,1.2142470840251673e-05,-0.01601603898135081,-0.04364685578779693,1.2142470840251673e-05,0.4221780239250551,0.4159294320476456,0.36693758931059733,5.763495653646085,5.843907965589958
idle,shahzaib,rotate,0.1057356745004654,0.02574145793914795,-0.2868749098852277,-0.0678577572107315,-0.011509418487548828,-0.37080510426312685,0.11765553057193756,-0.1649048924446106,-0.12173977959901094,-0.08958752453327179,-0.20123088359832764,-0.20588961709290743,0.10106499493122101,-0.3841972351074219,-0.22189648915082216,-0.04821227490901947,-0.41548842191696167,-0.2520390348508954,0.0695500409964361,-0.005927952853116137,0.0005783372078881134,-0.006945295767350647,-0.025270563183408857,0.027342628913395402,0.42153334320112734,0.41508281398475866,0.2748265201066127,11.73057750996991,1.0351587899481414
idle,shahzaib,rotate,0.1108132153749466,0.025455594062805176,-0.28687135176733136,-0.06977145373821259,-0.014415740966796875,-0.3644285877235234,0.1176881343126297,-0.1651611328125,-0.12173622148111463,-0.09049363434314728,-0.2022496461868286,-0.2031743605621159,0.10073162615299225,-0.38374245166778564,-0.22189293103292584,-0.04829619824886322,-0.4160306453704834,-0.2520354767329991,0.1538648749842792,-0.008662541707356792,0.00010782175443389225,-0.05799080386306315,-0.08807037815903195,0.19322777392737842,0.4175978082265799,0.4144476736961041,0.6584523266837973,17.760043199609953,5.593133498043388
idle,shahzaib,rotate,0.1140674352645874,0.0252627432346344,-0.281904463423416,-0.07072052359580994,-0.0174274742603302,-0.35346588934771717,0.11881458759307861,-0.1649591624736786,-0.12095619435422122,-0.09027686715126038,-0.2067321240901947,-0.19357265974394977,0.10118037462234497,-0.3827134370803833,-0.22189400042407215,-0.04752930998802185,-0.4177723824977875,-0.24285854841582477,0.09861272392850957,-0.005843964490023541,0.15051176799743501,-0.028759692654465256,-0.09126464525858584,0.33220298108503754,0.4159902184045726,0.41256744382685395,0.3151206850395843,16.87139829451939,4.3046059225118425
idle,shahzaib,rotate,0.11739528179168701,0.02332422137260437,-0.2629744454752654,-0.07232913374900818,-0.022295445203781128,-0.34239027346484363,0.1194109320640564,-0.16444846987724304,-0.1004196300636977,-0.08995109796524048,-0.20848622918128967,-0.18507108534686267,0.1016380786895752,-0.38199007511138916,-0.19795006955973804,-0.04690146446228027,-0.4191739857196808,-0.2239952131640166,0.10084383415453387,-0.058743086728182854,0.5736369075197176,-0.04874576221812867,-0.14751427101366485,0.33562472372344127,0.4149416014224439,0.4107993888105478,0.3304455320670711,1.7166635787726594,1.8119011969592236
idle,shahzaib,rotate,0.11834734678268433,0.020118355751037598,-0.23506673122756183,-0.07360720634460449,-0.028912007808685303,-0.3420740708243102,0.11979341506958008,-0.1643310785293579,-0.08437218214385211,-0.08995109796524048,-0.20999926328659058,-0.18138936604373157,0.10202068090438843,-0.3817600607872009,-0.18313450063578784,-0.046461254358291626,-0.42032960057258606,-0.2163495912682265,0.028850454272645962,-0.09714744307778123,0.8456883105364734,-0.03872947259382778,-0.20050189711830882,0.009581898197983274,0.41200883412128214,0.40554873723415863,0.19316166075632837,0.29697289383780495,10.014312010598083
idle,shahzaib,rotate,0.11852386593818665,0.02001163363456726,-0.22715589846484363,-0.07548987865447998,-0.029060810804367065,-0.3398499235045165,0.12027153372764587,-0.16429850459098816,-0.08256505872122943,-0.08977457880973816,-0.21069547533988953,-0.17807241226546466,0.10258075594902039,-0.3808143734931946,-0.18142669345252216,-0.04597270488739014,-0.4213677644729614,-0.21587549592368305,0.005349065318252042,-0.0032340035294041135,0.23972220493085195,-0.05705067605683235,-0.004509181687326093,0.06739840363011142,0.4124871733010913,0.4037410444049133,12.649307724597548,1.653495976011296,6.217038652282279
idle,shahzaib,rotate,0.11959277093410492,0.019892245531082153,-0.21296537871239707,-0.0768267959356308,-0.03107878565788269,-0.33854506368516013,0.12134043872356415,-0.1641935408115387,-0.07003703917143866,-0.08870567381381989,-0.2129446566104889,-0.17387030477402732,0.10384736955165863,-0.37966057658195496,-0.17134458775399253,-0.04418368637561798,-0.42222920060157776,-0.20702002401230857,0.03239106048237202,-0.003617821317730537,0.43001575007413934,-0.04051264488335822,-0.06115075313683727,0.039541206647162284,0.4139602103745202,0.40202321520428375,0.6624935967527277,8.950721143282461,1.9773272987039698
idle,shahzaib,rotate,0.12101349234580994,0.019511818885803223,-0.21299091028049588,-0.0790291428565979,-0.0347210168838501,-0.3325337474234402,0.12276116013526917,-0.1633821725845337,-0.07006257073953748,-0.08813729882240295,-0.21585428714752197,-0.1709269587881863,0.10584017634391785,-0.37807464599609375,-0.17137011932209134,-0.042316168546676636,-0.42304638028144836,-0.20704555558040738,0.04305216399106123,-0.011528080159967624,-0.000773683881782223,-0.06673778548385174,-0.11037064321113382,0.1821610988399978,0.40974591716402925,0.4000468932710019,0.6046642374997233,3.7342236669106597,4.640500157839733
idle,shahzaib,rotate,0.12237437069416046,0.019899427890777588,-0.21301259100437164,-0.08126990497112274,-0.03578031063079834,-0.332555428147316,0.12446536123752594,-0.16294139623641968,-0.07008425146341324,-0.0883343368768692,-0.21732890605926514,-0.17094863951206207,0.10788287222385406,-0.376769483089447,-0.1713918000459671,-0.0406050831079483,-0.42361319065093994,-0.20706723630428314,0.041238737828803884,0.011745727423465642,-0.0006569916325988208,-0.06790188225832869,-0.032099810513583175,-0.0006569916325988208,0.40965260508620605,0.3991096574954751,2.115270025023094,3.5106575935714703,6.02642882832601
idle,shahzaib,rotate,0.12419068813323975,0.020822972059249878,-0.21301243756897748,-0.08321815729141235,-0.03777238726615906,-0.3325552747119218,0.1263277530670166,-0.16071447730064392,-0.07008409802801907,-0.0875760018825531,-0.22079822421073914,-0.1709484860766679,0.11022764444351196,-0.3743063509464264,-0.17139164661057293,-0.038559287786483765,-0.42325830459594727,-0.20706708286888897,0.055039922396342096,0.0279861869234028,4.649557399027287e-06,-0.05903794909968535,-0.060365958647294625,4.649557399027287e-06,0.4078493513260507,0.3975606101313465,0.9779844872527989,1.9666114549839906,0.8979019573924454
idle,shahzaib,rotate,0.123965322971344,0.021368026733398438,-0.2177953461650759,-0.08450162410736084,-0.03952980041503906,-0.32729588844813406,0.12858831882476807,-0.15992122888565063,-0.0773103276733309,-0.08596682548522949,-0.22405219078063965,-0.17094831564463675,0.11271888017654419,-0.37242749333381653,-0.17636201181448996,-0.03606805205345154,-0.4228363037109375,-0.20925239124335349,-0.006829247330174227,0.016516808307531928,-0.14493662412419306,-0.03889293381662037,-0.05325494390545411,0.15937534132689965,0.4039850908179222,0.3961289124716251,0.7303022153859003,0.41344754721848714,4.872610955805106
idle,shahzaib,rotate,0.12288549542427063,0.02246299386024475,-0.21779377129860222,-0.0871616005897522,-0.04115799069404602,-0.3272943135816604,0.13026413321495056,-0.1582692563533783,-0.07730875280685723,-0.08481517434120178,-0.22502204775810242,-0.17094674077816308,0.11535033583641052,-0.37190109491348267,-0.17636043694801629,-0.033436596393585205,-0.4226735532283783,-0.2092508163768798,-0.032722046881011116,0.03318082202564594,4.7723226474993277e-05,-0.08060534795125346,-0.04933909936384733,4.7723226474993277e-05,0.4029575260050384,0.3966062711805681,1.6336681318139972,0.9861437643695554,4.992239084345733
idle,shahzaib,rotate,0.1216258704662323,0.025344252586364746,-0.2177939754910767,-0.08895894885063171,-0.04214978218078613,-0.32611702801659703,0.13188013434410095,-0.15716123580932617,-0.07814635010436177,-0.08339980244636536,-0.22571206092834473,-0.17094694497063756,0.11868652701377869,-0.37215131521224976,-0.1769460034556687,-0.03010040521621704,-0.4229508936405182,-0.2092510205693543,-0.038170453273888884,0.08731087048848492,-6.187650741952854e-06,-0.05446509881453094,-0.030054287476973175,0.03567532015343516,0.4026555331103629,0.39959970342691686,1.812163628654669,0.4371736976923771,1.4610153636341479
idle,shahzaib,rotate,0.121712327003479,0.02821296453475952,-0.2177896846551448,-0.09102031588554382,-0.04144042730331421,-0.32440980267710984,0.13320600986480713,-0.15584832429885864,-0.07814205926842988,-0.08291363716125488,-0.22557395696640015,-0.17094265413470566,0.11994987726211548,-0.3708726763725281,-0.1769417126197368,-0.02769806981086731,-0.4217429757118225,-0.2092467297334224,0.002619895068081949,0.0869306651028722,0.00013002533126961133,-0.06246566772460953,0.021495602347634108,0.0517341011965818,0.4023708097561014,0.40117454035229705,2.9058391049171743,0.03013740810073806,1.6540249743023785
idle,shahzaib,rotate,0.1217011958360672,0.02999979257583618,-0.2071826804894954,-0.09610845148563385,-0.042164623737335205,-0.3047999639529735,0.1336919218301773,-0.15544146299362183,-0.07814205926842988,-0.08467753231525421,-0.22621625661849976,-0.15294819069094956,0.11922509968280792,-0.3700984716415405,-0.1769417126197368,-0.02745385468006134,-0.4219342768192291,-0.19358860445208848,-0.00033730810338800685,0.05414630427505044,0.3214243686560436,-0.15418592727545574,-0.021945346485484785,0.5942375370950425,0.40162969206286636,0.40124714107345083,7.025585209703748,0.006229453301582531,16.724684143393123
idle,shahzaib,rotate,0.12239010632038116,0.03274783492088318,-0.2071826804894954,-0.0993133932352066,-0.04220464825630188,-0.3047999639529735,0.13304711878299713,-0.15538892149925232,-0.07814205926842988,-0.0858888179063797,-0.22625628113746643,-0.14842026424594223,0.11805744469165802,-0.370049387216568,-0.1769417126197368,-0.027039989829063416,-0.4219743013381958,-0.19065122795291245,0.02087607528224141,0.08327401045596981,0.0,-0.09711944695675036,-0.0012128642111113607,0.0,0.40308605554181703,0.40395406948827234,80.00849359240279,0.2506883537802648,18.100948168550637
idle,shahzaib,rotate,0.12353816628456116,0.035259366035461426,-0.2071826804894954,-0.10033202171325684,-0.042334794998168945,-0.3047999639529735,0.13266131281852722,-0.15225434303283691,-0.07814205926842988,-0.0862206220626831,-0.2263864278793335,-0.14842026424594223,0.11751261353492737,-0.37017953395843506,-0.1769417126197368,-0.028484106063842773,-0.42210444808006287,-0.18993114423938096,0.03478969588424182,0.07610700347206725,0.0,-0.03086752963788548,-0.003943840662638303,0.0,0.40321453114626365,0.40660979458431545,7.82478489694976,0.4571095587471316,2.0093387983651776
idle,shahzaib,rotate,0.12320160865783691,0.03934776782989502,-0.19891218491829932,-0.10325494408607483,-0.042841315269470215,-0.3047724331263453,0.13194257020950317,-0.14845842123031616,-0.07811452844180167,-0.0873953104019165,-0.22689294815063477,-0.14839273341931403,0.11667460203170776,-0.3693939745426178,-0.17691418179310858,-0.03199118375778198,-0.42261096835136414,-0.1890906656626612,-0.010198715961340865,0.12389096346768663,0.2506210779150367,-0.08857340523691029,-0.015349099130341746,0.0008342674735820788,0.40334325860437076,0.40938530251428307,5.770217148749993,0.08231943118732542,1.782669349777522
idle,shahzaib,rotate,0.12287087738513947,0.03818580508232117,-0.19750325032509863,-0.1044335812330246,-0.04500320553779602,-0.3047724331263453,0.13218732178211212,-0.14780935645103455,-0.07811452844180167,-0.09012357890605927,-0.22729375958442688,-0.14232262619771063,0.11500437557697296,-0.36945539712905884,-0.18513607629574835,-0.03685219585895538,-0.4232628643512726,-0.1890906656626612,-0.010022159778710458,-0.03521099235072242,0.04269498767274752,-0.03571627718029561,-0.06551182631290248,0.0,0.4012852906079265,0.40790461946944084,0.5451799165205827,0.2846234793784635,2.2083552807273104
idle,shahzaib,rotate,0.12283897399902344,0.03458356857299805,-0.1957880372647196,-0.10509833693504333,-0.045394837856292725,-0.30376803525723517,0.13166344165802002,-0.1490681767463684,-0.07808419712819159,-0.09271341562271118,-0.2268008589744568,-0.14195559569634497,0.11209934949874878,-0.3700612783432007,-0.18513607629574835,-0.04003709554672241,-0.42525923252105713,-0.1890906656626612,-0.000966769276243257,-0.10915868210069941,0.05197615334481847,-0.020144112182385772,-0.01186764601505151,0.030436299063942313,0.402095539097548,0.4049274699779274,1.6972544430796515,0.00885646841066664,1.9276535509162611
idle,shahzaib,rotate,0.12345245480537415,0.03253304958343506,-0.19208776601590216,-0.10419189929962158,-0.04461735486984253,-0.30376803525723517,0.13099655508995056,-0.15094387531280518,-0.07531085261143744,-0.09313216805458069,-0.22440123558044434,-0.14232262619771063,0.11031141877174377,-0.37051263451576233,-0.18513607629574835,-0.04209300875663757,-0.42362210154533386,-0.18924094387330115,0.018590327465173265,-0.0621369390776673,0.11212943178234858,0.02746780713399295,0.023560090498491143,0.0,0.4007709132036491,0.40331976927618174,1.165812216363754,0.2991783722008689,2.02109801053839
idle,shahzaib,rotate,0.12478354573249817,0.03150516748428345,-0.1957880377303809,-0.10607513785362244,-0.038648009300231934,-0.30804249341599643,0.12911680340766907,-0.1519717574119568,-0.08223388041369617,-0.09564316272735596,-0.2210139036178589,-0.1454502313863486,0.10467299818992615,-0.37154051661491394,-0.18526759441010654,-0.047837018966674805,-0.4207867681980133,-0.18990361387841403,0.04033608870072754,-0.031147942398533336,-0.11212944589329366,-0.05706783496972224,0.18088925968516759,-0.12952903511397623,0.4042010692734772,0.4036842049437991,0.3154831833900099,1.294942479415506,6.68568315350273
idle,shahzaib,rotate,0.12751565873622894,0.029641151428222656,-0.18327535060234368,-0.1061520129442215,-0.03379058837890625,-0.29199985531158745,0.12759743630886078,-0.1536576747894287,-0.06950298813171685,-0.09760387241840363,-0.218849778175354,-0.14545671013183892,0.10117726027965546,-0.37322643399238586,-0.18514255550689995,-0.05284370481967926,-0.42040619254112244,-0.1902715947944671,0.0827913031433581,-0.05648533503214608,0.37917233721325494,-0.002329548199971554,0.14719457337350791,0.4861405486184617,0.4033138233245368,0.40373195200534245,0.01582621098299158,1.4656872869560753,18.758056689810868
idle,shahzaib,rotate,0.1264621764421463,0.027648448944091797,-0.1807400076650083,-0.10278667509555817,-0.029975414276123047,-0.2920102714560926,0.12574787437915802,-0.15561693906784058,-0.059651659335941076,-0.10007913410663605,-0.21554166078567505,-0.14443699410185218,0.09929366409778595,-0.3750108778476715,-0.1841369061730802,-0.055975541472435,-0.418278306722641,-0.19316972186788917,-0.03192370588129182,-0.06038492376154053,0.07682857385864679,0.10197993480797858,0.11561133644797458,-0.0003156407425800925,0.4034103032351951,0.4035891480638148,0.8820852336451952,0.5286613815391171,15.106526945409351
idle,shahzaib,rotate,0.12454377114772797,0.02670896053314209,-0.17676802817732096,-0.10393278300762177,-0.02589172124862671,-0.29202617052942514,0.1205512136220932,-0.1596137285232544,-0.05796786490827799,-0.10099022090435028,-0.2123192548751831,-0.14445289317518473,0.09538738429546356,-0.379352331161499,-0.17559484485536814,-0.05724926292896271,-0.4159633219242096,-0.19318562094122171,-0.05813349377025193,-0.028469345786354447,0.12036301477840321,-0.03473054278980564,0.12374827356049373,-0.000481790100986302,0.4050983324372541,0.4071083932641358,0.2806524983181249,2.041896301734232,4.150076286397233
idle,shahzaib,rotate,0.12321269512176514,0.019276738166809082,-0.17544475803151727,-0.10510724782943726,-0.027141869068145752,-0.2940367520786822,0.11656659841537476,-0.166917085647583,-0.04521028185263276,-0.10306572914123535,-0.21281826496124268,-0.14553127298131585,0.09227567911148071,-0.3846437335014343,-0.149911901447922,-0.06036865711212158,-0.414970338344574,-0.19323386857286096,-0.04033563715038942,-0.2252188595858523,0.04009909532738518,-0.03558984308531847,-0.03788326725815342,-0.060926713613850665,0.4032042713114,0.40590734553298646,0.9394359627652256,0.17909449559448704,5.229277802788568
idle,shahzaib,rotate,0.12058399617671967,0.015445739030838013,-0.17542763007804751,-0.10487283766269684,-0.027906447649002075,-0.31561513198539615,0.1159965842962265,-0.1695553958415985,-0.03920497698709369,-0.10697920620441437,-0.213582843542099,-0.16634689224883914,0.09033869206905365,-0.3870513439178467,-0.1485203648917377,-0.06295017898082733,-0.41525059938430786,-0.1932167406193912,-0.07965754378925582,-0.11609088290821294,0.0005190288930228206,0.007103338386073179,-0.023169047904736815,-0.6538903002034462,0.4083801750862618,0.4045277260245235,0.30657417780396534,0.6861594608835518,18.020624624604405
idle,shahzaib,rotate,0.12092272937297821,0.00955742597579956,-0.1705412846058607,-0.10430960357189178,-0.027804136276245117,-0.36040220968425274,0.11648450791835785,-0.16985803842544556,-0.0392072107642889,-0.10663528740406036,-0.21348053216934204,-0.16887603513896465,0.09046642482280731,-0.38837793469429016,-0.14852259866893291,-0.061431124806404114,-0.4151482880115509,-0.19321897439658642,0.010264642310865161,-0.178433728940562,0.148071074914754,0.017067699721365535,0.0031003446289987768,-1.3571841726926457,0.4240569419146881,0.3997060923839868,5.503322514297802,0.057526034151593845,21.328934648143512
idle,shahzaib,rotate,0.1192014068365097,0.0034024715423583984,-0.1649025329388678,-0.10728831589221954,-0.03259289264678955,-0.4011712917126715,0.11624310910701752,-0.17397433519363403,-0.039183559361845255,-0.10920767486095428,-0.21308422088623047,-0.18877919996157289,0.08863715827465057,-0.3899588882923126,-0.14712254190817475,-0.06227506697177887,-0.41475197672843933,-0.18721022689715028,-0.05216128898389354,-0.1865137707103362,0.1708712626361467,-0.0902640097069008,-0.1451138294104358,-1.2354267281338889,0.4402852432020527,0.394947415211423,0.6220178190858938,0.2796630464452695,6.660631740959074
idle,shahzaib,rotate,0.11766795814037323,0.0003840029239654541,-0.16424072766676545,-0.11271639168262482,-0.0332467257976532,-0.4011712917126715,0.11306051909923553,-0.17961934208869934,-0.045171736273914576,-0.11359621584415436,-0.21040549874305725,-0.18877919996157289,0.08469943702220917,-0.39249736070632935,-0.14398012543097138,-0.06770028173923492,-0.41187721490859985,-0.18219556892290711,-0.04646814230716539,-0.0914687460119064,0.020054705215222686,-0.16448714516379437,-0.019813125783746676,0.0,0.43970201797368386,0.3947824480339467,8.301509082915052,0.5080165227649888,37.69639165436637
idle,shahzaib,rotate,0.11620409786701202,0.008808284997940063,-0.1600708463229239,-0.11333660781383514,-0.0296153724193573,-0.4011712917126715,0.11236615478992462,-0.1724681556224823,-0.045171736273914576,-0.11257736384868622,-0.20287594199180603,-0.18877919996157289,0.08313091099262238,-0.38562914729118347,-0.142402405384928,-0.06862665712833405,-0.4015667736530304,-0.17731293523684144,-0.04435940222306756,0.2552812749689316,0.1263600407224733,-0.01879442821849506,0.11004101146351383,0.0,0.4364165307754194,0.39621572089714546,0.17079320859857827,0.17376608786672007,5.914020067764692
idle,shahzaib,rotate,0.11516162753105164,0.012603521347045898,-0.15985689545050263,-0.11616533994674683,-0.034439146518707275,-0.4011712917126715,0.11217203736305237,-0.174460768699646,-0.038190694991499186,-0.11538040637969971,-0.20404857397079468,-0.18877919996157289,0.0802750289440155,-0.3871218264102936,-0.13999241078272462,-0.07139962911605835,-0.39698222279548645,-0.17566306376829743,-0.031590010180617474,0.11500716209411495,0.006483359770341281,-0.0857191555427773,-0.1461749727075734,0.0,0.4292964149547712,0.40173626442208993,0.5864107072799125,0.27467624562825665,8.02461489066125
idle,shahzaib,rotate,0.11197976768016815,0.012317538261413574,-0.14926275704056025,-0.11728145182132721,-0.04529815912246704,-0.4001373955979943,0.11326675117015839,-0.1768997311592102,-0.03727591875940561,-0.11579965054988861,-0.21007013320922852,-0.1849720487371087,0.07912148535251617,-0.38716357946395874,-0.13879256043583155,-0.07045949995517731,-0.396465539932251,-0.16183333192020655,-0.09641999548131923,-0.00866615411007057,0.3210344972709866,-0.03382157195698185,-0.32906098799272543,0.03133018529324871,0.42696563244212876,0.4009669003216826,0.10278176511147057,11.12475839898665,5.838524591247706
idle,shahzaib,rotate,0.1095389723777771,0.003981232643127441,-0.1369732148014009,-0.11664575338363647,-0.05211979150772095,-0.3920059478841722,0.11434006690979004,-0.17753392457962036,-0.03189082583412528,-0.11374086141586304,-0.2119913101196289,-0.15768766170367599,0.07932278513908386,-0.38576358556747437,-0.11958559369668365,-0.06930074095726013,-0.3950912654399872,-0.14476145571097732,-0.07396349401184926,-0.2526153217662437,0.37241037088361245,0.019263589020931147,-0.20671613288647975,0.24640750647945567,0.42544191265424935,0.3913008697421206,0.09318815887171718,0.2927898462566118,7.6687954869110095
idle,shahzaib,rotate,0.11035080254077911,-0.00019466876983642578,-0.13033518940210342,-0.11979784071445465,-0.059394776821136475,-0.3920247331261635,0.11399920284748077,-0.1760319471359253,-0.03136955201625824,-0.11351193487644196,-0.21575510501861572,-0.15770644694566727,0.07924051582813263,-0.38545697927474976,-0.11960437893867493,-0.06961829960346222,-0.39520037174224854,-0.1447802409529686,0.02460091403036446,-0.12654246705951314,0.20115228482719943,-0.09551779790358263,-0.22045410040653465,-0.00056924975731157,0.4200157411769383,0.3866652921172643,0.4332755183592537,0.19440682796208436,8.263398928545193
idle,shahzaib,rotate,0.10846483707427979,-0.0002435445785522461,-0.12659326242282987,-0.12499666213989258,-0.06003069877624512,-0.369908154476434,0.1135299801826477,-0.1760319471359253,-0.03135464387014508,-0.1151394248008728,-0.2161126732826233,-0.1576915387995541,0.07832509279251099,-0.3856829106807709,-0.11494582192972302,-0.07128340005874634,-0.39520037174224854,-0.13508132146671414,-0.05715046868179721,-0.0014810851126005992,0.11339172664465201,-0.15754004319508697,-0.01927036227601926,0.6701993530220984,0.4127559396312916,0.3867913804581108,8.174826508820571,38.560854701195865,21.30396079423525
idle,shahzaib,rotate,0.11017309129238129,-0.0002435445785522461,-0.1265806662850082,-0.12661175429821014,-0.06003069877624512,-0.360496889334172,0.11368851363658905,-0.1760319471359253,-0.03134204773232341,-0.11378605663776398,-0.2161126732826233,-0.1542719709686935,0.07918818295001984,-0.3856829106807709,-0.11493322579190135,-0.0710376650094986,-0.39520037174224854,-0.1332972007803619,0.051765279336408565,0.0,0.00038170114611133963,-0.04894218661568328,0.0,0.2851898527958145,0.40871369876156055,0.38685815534418444,48942.186615683284,51765.27933640857,12.136246607099627
idle,shahzaib,rotate,0.1105927973985672,-0.0002435445785522461,-0.12659226777032018,-0.12593339383602142,-0.06003069877624512,-0.360508490819484,0.11615689098834991,-0.1760319471359253,-0.03135364921763539,-0.11166034638881683,-0.2161126732826233,-0.15428357245400548,0.08211974799633026,-0.3856829106807709,-0.11494482727721334,-0.06793530285358429,-0.39520037174224854,-0.13330880226567388,0.012718366854118781,0.0,-0.0003515601609692485,0.020556377642082773,0.0,-0.0003515601609692485,0.4090503474056623,0.3866650777528051,20556.377642082774,12718.366854118782,8.905376928775793
idle,shahzaib,rotate,0.10988850891590118,-0.001191854476928711,-0.12325392151251435,-0.12487410008907318,-0.0602872371673584,-0.34719943488016725,0.1148083359003067,-0.17561382055282593,-0.027408518362790346,-0.11163918673992157,-0.21636921167373657,-0.15048707509413362,0.08277909457683563,-0.38593944907188416,-0.10581269348040223,-0.06687600910663605,-0.3947591483592987,-0.13141205394640565,-0.02134207523230327,-0.028736663587165284,0.10116200781229659,0.032099810513582745,-0.007773890639796316,0.40330472543383644,0.4022430008144935,0.3860956207051298,4.128651064142002,0.7426517179300196,12.2392765649811
idle,shahzaib,rotate,0.11151908338069916,-0.0013664960861206055,-0.12327200639992952,-0.12278898060321808,-0.05888676643371582,-0.3342909412458539,0.11633728444576263,-0.1753925085067749,-0.03129473049193621,-0.10955406725406647,-0.21619540452957153,-0.1505051599815488,0.08484877645969391,-0.3859896659851074,-0.11173591483384371,-0.06479088962078094,-0.3949337899684906,-0.1332498835399747,0.0494113474181212,-0.005292169975512039,-0.0005480268913688169,0.06318543896530715,0.0424385070800788,0.3911664737670773,0.3958647338014428,0.38571928847677117,1.4888353638529073,9.334925507156294,1.8269833266336377
idle,shahzaib,rotate,0.11135034263134003,-0.0017285943031311035,-0.12200707662850618,-0.12258870899677277,-0.05914050340652466,-0.3342909412458539,0.11587630212306976,-0.1753840446472168,-0.03129473049193621,-0.10935379564762115,-0.21618139743804932,-0.1505051599815488,0.0850457102060318,-0.3860115110874176,-0.11173591483384371,-0.06459061801433563,-0.3952958881855011,-0.13383244443684816,-0.005113356041185728,-0.010972673242742245,0.038331205194646244,0.006068836558948797,-0.0076889991760253065,0.0,0.39566125690599896,0.3853190763301002,0.7891855928761708,0.46596576443239673,12.0751504867461
idle,shahzaib,rotate,0.11082910001277924,-0.00274813175201416,-0.12054249364882708,-0.12139655649662018,-0.055840909481048584,-0.3342909412458539,0.11462871730327606,-0.17618727684020996,-0.027426603250205517,-0.10935379564762115,-0.2164204716682434,-0.1505051599815488,0.08494977653026581,-0.38681474328041077,-0.1058307783678174,-0.06457100808620453,-0.39609912037849426,-0.1332498835399747,-0.015795230865478342,-0.030895074208577136,0.044381302414517924,0.03612583333795681,0.09998769471139508,0.0,0.3992772218882186,0.3852185562006669,0.36129917929451455,0.5112374717527507,3.387669189306769
idle,shahzaib,rotate,0.1104489415884018,-0.004399746656417847,-0.1205244087614119,-0.12024374306201935,-0.0531747043132782,-0.33427285635843873,0.11375676095485687,-0.17624357342720032,-0.027408518362790346,-0.10928086936473846,-0.21621546149253845,-0.15048707509413362,0.08458463847637177,-0.3868710398674011,-0.10581269348040223,-0.06400580704212189,-0.3989958167076111,-0.13323179865255952,-0.011519952253862044,-0.050048936497082204,0.0005480268913688169,0.03493374044244995,0.08079409599304328,0.0005480268913688169,0.4039461029752986,0.38362701530583376,0.432374514976229,0.23016916823727898,0.5829815158715157
idle,shahzaib,rotate,0.11000122129917145,-0.0047445595264434814,-0.1205594940111041,-0.10757280886173248,-0.05312946438789368,-0.3314460841938853,0.11262460052967072,-0.1762714684009552,-0.024588131345808506,-0.10951484739780426,-0.21606925129890442,-0.16602820437401533,0.0836428850889206,-0.386898934841156,-0.1049589840695262,-0.06409256160259247,-0.40152379870414734,-0.1338494447991252,-0.013567281491828538,-0.010448874849261545,-0.0010631893846121585,0.3839677030389917,0.0013709068298339694,0.08565976256222342,0.40288159052689954,0.38337984345866183,279.87884795752507,1.2983199978502413,11.149569888454083
idle,shahzaib,rotate,0.10939306020736694,-0.004877656698226929,-0.12202407699078321,-0.09143006801605225,-0.05312946438789368,-0.3276554076001048,0.11191391944885254,-0.17644265294075012,-0.027443603612482548,-0.10966789722442627,-0.21587702631950378,-0.16812148969620466,0.08221480250358582,-0.3876405954360962,-0.10584777873009443,-0.06452509760856628,-0.4034914970397949,-0.14570002537220716,-0.018429123994076185,-0.004033247629801497,-0.04438130241451912,0.48917396502062105,0.0,0.11486898769032054,0.3957084690505119,0.3840674388547951,489173.9650206211,4.568168760375024,3.308921043795831
idle,shahzaib,rotate,0.108918696641922,-0.004741787910461426,-0.1498517571017146,-0.07651332020759583,-0.052873849868774414,-0.34139108937233686,0.11143955588340759,-0.17644822597503662,-0.03707558196038008,-0.10886409878730774,-0.21562141180038452,-0.16825272422283888,0.08135947585105896,-0.38914579153060913,-0.11175291519612074,-0.06474742293357849,-0.4047577381134033,-0.14848822634667158,-0.014374653498331547,0.004117235992893983,-0.8432630336645786,0.4520226608623108,0.007745894518765451,-0.4162327809767244,0.4014626031255213,0.3872692479455934,58.34888544917807,3.4904880446713147,16.135027885070084
idle,shahzaib,rotate,0.10742777585983276,-0.0063249170780181885,-0.15088543575257063,-0.06558722257614136,-0.052505701780319214,-0.34500330965965986,0.10980033874511719,-0.1767357885837555,-0.03707558196038008,-0.10651502013206482,-0.21525326371192932,-0.16867260914295912,0.07972025871276855,-0.3895246088504791,-0.11299711745232344,-0.066173255443573,-0.4045068621635437,-0.1591172544285655,-0.04517941763906718,-0.04797361113808319,-0.03132359548048505,0.33109386761982873,0.01115600268046049,-0.10946122082796844,0.3980688205260941,0.38606377056722735,29.675879544214943,0.9417359842486116,9.99284371986284
rotate,shahzaib,rotate,0.10570956766605377,-0.0052394866943359375,-0.15082911401987076,-0.05727703869342804,-0.06167900562286377,-0.34494698792696,0.10794682800769806,-0.17592215538024902,-0.037019260227680206,-0.10337774455547333,-0.21456199884414673,-0.17849675565958023,0.07786674797534943,-0.388420969247818,-0.11294079571962357,-0.06786520779132843,-0.40393397212028503,-0.15906093269586563,-0.05206691496300058,0.03289182980855358,0.0017067191727233927,0.2518237540216197,-0.2779789043195364,0.0017067191727233927,0.38962058075308875,0.38605543105081996,0.9059063267111196,1.5829259831411917,9.689441028140156
rotate,shahzaib,rotate,0.10469995439052582,-0.005719304084777832,-0.15084041748195887,-0.046080783009529114,-0.08292281627655029,-0.36583025846630335,0.10694317519664764,-0.17617321014404297,-0.037030563689768314,-0.10123278200626373,-0.21459394693374634,-0.2008632430806756,0.0765148252248764,-0.3877730369567871,-0.11295209918171167,-0.06886886060237885,-0.4026252329349518,-0.15907223615795374,-0.03059434168266494,-0.014539920922481494,-0.00034252915418508907,0.3392804752696607,-0.6437518379904936,-0.6328263799800948,0.3814155365037715,0.3849610122741546,0.527035308036453,2.1040167844777633,22.35186458302962
rotate,shahzaib,rotate,0.10446693003177643,-0.007950931787490845,-0.14981010439805686,-0.03314746916294098,-0.11618468165397644,-0.3939325052779168,0.10672344267368317,-0.17875626683235168,-0.023775025038048625,-0.09932433068752289,-0.21983107924461365,-0.21984650078229606,0.07611466944217682,-0.38850218057632446,-0.0933956268709153,-0.0682733803987503,-0.40331193804740906,-0.14945959928445518,-0.007061344204527071,-0.0676250819003954,0.03122160860309145,0.39191860141176793,-1.007935314467475,-0.8515832367155723,0.37873855463769973,0.385753414644565,0.38883270280705295,0.10441746743405202,12.972208027641278
rotate,shahzaib,rotate,0.10523712635040283,-0.00965169072151184,-0.11930203321389854,-0.026882946491241455,-0.14476117491722107,-0.39614410581998527,0.10661429166793823,-0.17950502038002014,-0.023775025038048625,-0.09773868322372437,-0.22382625937461853,-0.2220306086819619,0.07586830854415894,-0.3863641619682312,-0.0933956268709153,-0.06795185804367065,-0.402030348777771,-0.14945959928445518,0.02333928238261804,-0.051538149515787196,0.9244870055805452,0.18983402035452895,-0.8659543413104338,-0.0670181982444987,0.35878590981206204,0.3787425977385624,0.21921918059568374,0.4528457027694816,24.924847081747306
rotate,shahzaib,rotate,0.10638421773910522,-0.006997853517532349,-0.09909897181205451,-0.020238161087036133,-0.17674562335014343,-0.42795248213224113,0.10692042112350464,-0.17674055695533752,-0.020989407552406192,-0.09645801782608032,-0.23010841012001038,-0.23532451572827995,0.07570129632949829,-0.3810276687145233,-0.07410237821750343,-0.06790867447853088,-0.3973863422870636,-0.11641130479983985,0.034760345112193336,0.08041930921149888,0.6122139818740546,0.20135713346076514,-0.9692257100885459,-0.96389019128047,0.3847241997505075,0.37611776615025044,0.20775029347093593,0.43223341781460267,27.359745514131454
rotate,shahzaib,rotate,0.10854081809520721,-0.004068434238433838,-0.08324749115854502,-0.020316794514656067,-0.214941143989563,-0.4697753945365548,0.1069137305021286,-0.17522722482681274,-0.011327960528433323,-0.095230832695961,-0.23429834842681885,-0.2606948772445321,0.07435066998004913,-0.3781651258468628,-0.05723499972373247,-0.06777097284793854,-0.3967413008213043,-0.10549187753349543,0.06535152594248558,0.08877028118480478,0.4803478985912045,-0.0023828311399980403,-1.1574400193763685,-1.2673609819489198,0.40988495559784943,0.37655537522541704,0.0020587063186009377,0.736178695071847,12.458530667615479
rotate,shahzaib,rotate,0.10958495736122131,-0.0018050670623779297,-0.07317458558827639,-0.020374566316604614,-0.2599272131919861,-0.5291163073852658,0.10695096850395203,-0.17282968759536743,-0.0017382930964231491,-0.09528860449790955,-0.23772752285003662,-0.2816752837970853,0.0737844705581665,-0.37588006258010864,-0.04750585276633501,-0.06751954555511475,-0.3963989019393921,-0.10537068266421556,0.031640583818608715,0.06858688412290556,0.3052395627354097,-0.0017506606651074767,-1.3632142182552303,-1.7982094802639503,0.447668990848374,0.37665987438484894,0.001284214437796649,0.4613144759198374,17.25260786576737
rotate,shahzaib,rotate,0.11035957932472229,-0.0013729333877563477,-0.06853559939190745,-0.02037540078163147,-0.2946503162384033,-0.6401931601576507,0.10734209418296814,-0.1726837158203125,0.0039115045219659805,-0.0952894389629364,-0.253781259059906,-0.343463774304837,0.07373586297035217,-0.3754742741584778,-0.04011858580633998,-0.0675203800201416,-0.3978002965450287,-0.10443853912875056,0.0234733928333633,0.013094959837017845,0.14057533928390928,-2.528681899562067e-05,-1.052215243830842,-3.3659652355268683,0.5476272285583298,0.3769623806524719,2.403196029701844e-05,1.7924148459139257,48.43350925068409
rotate,shahzaib,rotate,0.11160272359848022,-0.001274704933166504,-0.06853559939190745,-0.022755324840545654,-0.3412127196788788,-0.6401931601576507,0.10808789730072021,-0.17261099815368652,0.0039115045219659805,-0.09544044733047485,-0.26499778032302856,-0.343463774304837,0.07358485460281372,-0.3755604922771454,-0.04011858580633998,-0.0665304958820343,-0.3986503481864929,-0.09312388626858592,0.03767103859872488,0.0029766198360558385,0.0,-0.07211891087618662,-1.4109819224386349,0.0,0.5518153107714563,0.37728336251655226,0.051112532780724106,12.651392949015282,102.5999612780406
rotate,shahzaib,rotate,0.11335247755050659,-0.0026163458824157715,-0.06749736843630672,-0.02429795265197754,-0.37872982025146484,-0.6401931601576507,0.10864704847335815,-0.1749972105026245,0.0039115045219659805,-0.09713408350944519,-0.2780267000198364,-0.343463774304837,0.07355350255966187,-0.37614205479621887,-0.04011858580633998,-0.06641966104507446,-0.3969978392124176,-0.08947096345946193,0.05302284703110288,-0.04065578634088755,0.03146154410911379,-0.046746297316118464,-1.136881835532929,0.0,0.5526326960746979,0.37663644455652456,0.041117955039056873,1.30415735731132,8.341573180322097
rotate,shahzaib,rotate,0.11347362399101257,-0.004989564418792725,-0.06749736843630672,-0.044154852628707886,-0.41132667660713196,-0.6401931601576507,0.10874179005622864,-0.1787015199661255,0.0039115045219659805,-0.09774303436279297,-0.2868974804878235,-0.343463774304837,0.07357192039489746,-0.3768984377384186,-0.047591406386345625,-0.06639483571052551,-0.3968549966812134,-0.08947096345946193,0.003671104257756973,-0.07191571322354325,0.0,-0.6017242417190948,-0.9877835259292956,0.0,0.5513610290031716,0.3745725608328515,0.6091654869294495,0.051046607849636404,17.413852625695085
rotate,shahzaib,rotate,0.11385908722877502,-0.0051773786544799805,-0.06854297174140811,-0.06027168035507202,-0.44831740856170654,-0.6226203213445842,0.11070933938026428,-0.1787015199661255,-0.006699873600155115,-0.10153201222419739,-0.2912752032279968,-0.331585384439677,0.07443061470985413,-0.3768984377384186,-0.05085992766544223,-0.06147348880767822,-0.3968549966812134,-0.07717233849689364,0.011680704174619604,-0.005691340475371327,-0.031684948639435856,-0.488388718980726,-1.1209312713507327,0.5325102670626148,0.547871632933052,0.37422431810272944,0.4356986871224731,2.0520037803707867,16.98431316844305
rotate,shahzaib,rotate,0.11433498561382294,-0.0051773786544799805,-0.06886444403789937,-0.07476530969142914,-0.46662455797195435,-0.6044614107813686,0.11145500838756561,-0.1787015199661255,-0.014029639540240169,-0.10719634592533112,-0.305026650428772,-0.30542148067615926,0.07664759457111359,-0.3768984377384186,-0.05242327391169965,-0.05966015160083771,-0.4002314507961273,-0.05672253086231649,0.014421163183270308,0.0,-0.00974158474215971,-0.43920088898052567,-0.5547621033408513,0.5502700170671486,0.5519547907721976,0.373988231479561,0.7916908791078645,14421.163183270308,17.229674631879856
rotate,shahzaib,rotate,0.11470864713191986,-0.005411505699157715,-0.07020498532801867,-0.1035318523645401,-0.4668586850166321,-0.589317393489182,0.11190257966518402,-0.17893564701080322,-0.01721180323511362,-0.11405222117900848,-0.3052607774734497,-0.2875339509919286,0.07907946407794952,-0.3771325647830963,-0.05336614418774843,-0.05975981056690216,-0.4007812738418579,-0.05390933621674776,0.011323076305967265,-0.007094758929628237,-0.040622463336947745,-0.8717134143366863,-0.007094758929628237,0.45890961491474097,0.5412430172324966,0.3738041345712024,122.84991964663,1.5957526768120498,21.327679342999307
rotate,shahzaib,rotate,0.11547751724720001,-0.00742378830909729,-0.0701912515796721,-0.12209920585155487,-0.46887096762657166,-0.5872854762710631,0.11278881132602692,-0.18078681826591492,-0.021587191615253687,-0.11703531444072723,-0.3072730600833893,-0.27702526981011033,0.0812510997056961,-0.3768022954463959,-0.06644514435902238,-0.05976732075214386,-0.4027935564517975,-0.05363597581163049,0.0232990944024292,-0.06097826090726083,0.00041617419232022344,-0.562647075364093,-0.06097826090726083,0.06157324903390722,0.541325482042189,0.3709797332901264,9.226859541964345,0.3820822695418233,15.34128495828931
rotate,shahzaib,rotate,0.11606341600418091,-0.007702440023422241,-0.10442640446126461,-0.14224448800086975,-0.4712110459804535,-0.5476758014410734,0.11509424448013306,-0.18155500292778015,-0.03437670134007931,-0.1260426640510559,-0.3096131384372711,-0.2377327959984541,0.08331790566444397,-0.37657952308654785,-0.08064429275691509,-0.05976852774620056,-0.4051336348056793,-0.04983963631093502,0.017754507787299683,-0.008443991343180246,-1.0374288751997618,-0.6104630954337775,-0.07091146526914577,1.2002931766663405,0.5089296175297449,0.37109050067832244,8.608685272988131,2.1023713424688517,34.53838462890901
rotate,shahzaib,rotate,0.11668799817562103,-0.00636368989944458,-0.10442640446126461,-0.16042546927928925,-0.45155128836631775,-0.5433518420904875,0.1166323870420456,-0.183779776096344,-0.03437670134007931,-0.12850914895534515,-0.30957573652267456,-0.22718781046569347,0.08429403603076935,-0.37838178873062134,-0.08136388473212719,-0.060379549860954285,-0.4073619246482849,-0.04983963631093502,0.018926732467882353,0.04056818557508019,0.0,-0.5509388266187665,0.5957502307313796,0.13102907122987545,0.5054860859721698,0.37413729359375836,0.924780005812831,0.46652976143322394,38.226365098907756
rotate,shahzaib,rotate,0.11678600311279297,-0.005939066410064697,-0.10442640446126461,-0.1812981516122818,-0.43612614274024963,-0.5433518420904875,0.11713719367980957,-0.1843327283859253,-0.03437670134007931,-0.13062533736228943,-0.3039880394935608,-0.22718781046569347,0.08366495370864868,-0.3790052533149719,-0.0832438375800848,-0.06148722767829895,-0.4078454077243805,-0.05361427552998066,0.002969846580967806,0.01286737846605726,0.0,-0.6325055252422087,0.4674286553354049,0.0,0.504972614670894,0.3751320898897808,1.3531566044699355,0.23078638764016218,6.082397984154503
rotate,shahzaib,rotate,0.117882639169693,-0.006523698568344116,-0.10864334367215633,-0.19437213242053986,-0.42688775062561035,-0.5432272683829069,0.1180318295955658,-0.18485680222511292,-0.03769279085099697,-0.1342044174671173,-0.2899511754512787,-0.22718781046569347,0.08343592286109924,-0.3791080117225647,-0.08516261540353298,-0.06266295909881592,-0.40718355774879456,-0.053872501477599144,0.03323139566363674,-0.017716126008467045,-0.12778603669368718,-0.39618123661387616,0.2799512762011873,0.003774960835774698,0.5071524913149562,0.37490931073137135,1.4151741932227089,1.8756651416124375,9.141836514090098
rotate,shahzaib,rotate,0.11881382763385773,-0.00927230715751648,-0.10864285932620987,-0.20361655950546265,-0.3834679424762726,-0.5432267840369605,0.11963857710361481,-0.18735501170158386,-0.03769230650505051,-0.1349676102399826,-0.27241888642311096,-0.22471474664052948,0.08379532396793365,-0.3817789554595947,-0.0993090103729628,-0.06339950859546661,-0.4056309163570404,-0.07137387798866257,0.028217832247416627,-0.08329116936886082,1.4677149892756668e-05,-0.2801341540885739,1.3157517621011654,1.4677149892756668e-05,0.49274454205334417,0.37426543971428966,0.21290789740864324,0.33878133396254173,31.58447666053425
rotate,shahzaib,rotate,0.11920413374900818,-0.01079249382019043,-0.108634905773215,-0.2046433538198471,-0.33636176586151123,-0.5400119217811152,0.12029674649238586,-0.1894356608390808,-0.03768435295205563,-0.13599440455436707,-0.2576775550842285,-0.22373887326102704,0.08426284790039062,-0.3836824893951416,-0.11018502886872739,-0.06438872218132019,-0.40719422698020935,-0.09737156506162137,0.011827458034862041,-0.04606626250527071,0.00024101675742051553,-0.031114979223771187,1.427459897416995,0.09742006835894496,0.46970105880331114,0.37452669482728884,0.021797430164338695,0.2567432356873565,8.781453616806633
rotate,shahzaib,rotate,0.11922253668308258,-0.010304123163223267,-0.14529649005271494,-0.20534276962280273,-0.2808115780353546,-0.5265982805285603,0.12031985819339752,-0.18911656737327576,-0.0690016879234463,-0.1366938203573227,-0.2466818392276764,-0.21255957172252238,0.08489514887332916,-0.3832661807537079,-0.14329703734256327,-0.06481204926967621,-0.407189279794693,-0.13230196223594248,0.0005576646689212623,0.014799110817186597,-1.110957099378774,-0.021194418271382416,1.6833390250350304,0.4064739773501456,0.4372525511464219,0.3745438075407326,0.012590693476168821,0.03767976306458972,12.162311539594256
rotate,shahzaib,rotate,0.11886684596538544,-0.010364443063735962,-0.16346077667549253,-0.2062181532382965,-0.23620828986167908,-0.4791829292662442,0.11988084018230438,-0.1901751458644867,-0.07434982853010297,-0.13496701419353485,-0.23320218920707703,-0.20993366884067655,0.0848998874425888,-0.38384509086608887,-0.1450432394631207,-0.06463809311389923,-0.40714919567108154,-0.13660478638485074,-0.01077850659688331,-0.0018278757731120083,-0.5504329279629657,-0.026526776227084495,1.3516147931417044,1.436828826130814,0.40819785727491437,0.3754740393570821,0.01962597386157015,5.893514887860668,32.80155031264807
rotate,shahzaib,rotate,0.11860185861587524,-0.011137962341308594,-0.21454716846346855,-0.2036217302083969,-0.18523144721984863,-0.38015254959464073,0.11888629198074341,-0.19101959466934204,-0.1059112511575222,-0.1210530698299408,-0.22541987895965576,-0.16964645311236382,0.08394348621368408,-0.38490164279937744,-0.1687472127377987,-0.06456652283668518,-0.40705248713493347,-0.15018853172659874,-0.008029919682126968,-0.023439978108261313,-1.548072478423499,0.07867948575453239,1.5447528073281782,3.0009205961091623,0.3484600033866334,0.3781509322368566,0.050933349625865126,0.34255907091594356,47.86299811557523
rotate,shahzaib,rotate,0.1185493916273117,-0.010737568140029907,-0.2233846839517355,-0.19639453291893005,-0.1400717794895172,-0.31446359120309353,0.11883382499217987,-0.1895643174648285,-0.11214611493051052,-0.10956646502017975,-0.22514471411705017,-0.14989571832120419,0.08389757573604584,-0.38487109541893005,-0.1862091477960348,-0.06338073313236237,-0.40701615810394287,-0.16650057397782803,-0.0015899087443496495,0.012133157614505846,-0.26780349964445715,0.21900597846869616,1.3684747797070345,1.9905744967135832,0.3329339674378497,0.3775694175475253,0.16003643010443439,0.1310275335841183,31.368609006228393
rotate,shahzaib,rotate,0.1184091866016388,-0.010350733995437622,-0.24841095926240087,-0.1726977378129959,-0.1035291850566864,-0.30001819552853703,0.11869361996650696,-0.18479493260383606,-0.11214784206822515,-0.10543417930603027,-0.22221258282661438,-0.1498974454589188,0.08415690064430237,-0.38510701060295105,-0.19115369440987706,-0.0634269118309021,-0.40723124146461487,-0.1816863906569779,-0.004248637141603366,0.011722246805826694,-0.7583719791110635,0.7180847001798146,1.1073513464494062,0.4377392628653435,0.3437694991144129,0.38064928783385676,0.648469931438054,0.3624113022590044,50.05563737670113
rotate,shahzaib,rotate,0.11791345477104187,-0.010531425476074219,-0.24839838920161128,-0.16039419174194336,-0.054458558559417725,-0.2911597597412765,0.11819788813591003,-0.18365538120269775,-0.11213527200743556,-0.10558366775512695,-0.21264630556106567,-0.14988487539812922,0.08391073346138,-0.38528770208358765,-0.19114112434908748,-0.06392264366149902,-0.4064476191997528,-0.1970982956700027,-0.015022176684755103,-0.005475499413230142,0.00038091093301772654,0.3728347294258308,1.486988681735398,0.26843744809880105,0.3768960299906786,0.38062691220088696,0.25073121488691996,2.743025343609914,16.374439563290654
rotate,shahzaib,rotate,0.11739012598991394,-0.010530292987823486,-0.2483867926057428,-0.14004433155059814,-0.0347362756729126,-0.29114816314540803,0.11707928776741028,-0.1835019588470459,-0.11212367541156709,-0.10474321246147156,-0.20486295223236084,-0.14987327880226076,0.08396175503730774,-0.38572072982788086,-0.191129527753219,-0.06392264366149902,-0.40472355484962463,-0.2053640407975763,-0.01585844791296782,3.431782577977091e-05,0.000351411996014196,0.6166624300407739,0.5976449359547104,0.000351411996014196,0.38735515198156256,0.38100356200325763,1.0318189967370657,449.0210697525755,29.101235043951554
rotate,shahzaib,rotate,0.11669501662254333,-0.011156976222991943,-0.25852894969284534,-0.12133970856666565,-0.009280800819396973,-0.30000281520187855,0.11482873558998108,-0.18407511711120605,-0.11515176482498646,-0.10397228598594666,-0.19042110443115234,-0.15190285630524158,0.08402708172798157,-0.38660526275634766,-0.19484497793018818,-0.06388205289840698,-0.4019010365009308,-0.2063410747796297,-0.02106392022335145,-0.01899040106571061,-0.30733809354855823,0.5668067570888573,0.7713780258641014,-0.2683227895900126,0.40770645479369105,0.38220970433856727,0.73479669278526,1.1091293449319448,9.812503092725953
idle,shahzaib,rotate,0.11458246409893036,-0.012556463479995728,-0.25907370378263295,-0.10088400542736053,0.0161990225315094,-0.3000157468486577,0.11250101029872894,-0.1857636272907257,-0.11581790377385914,-0.09999643266201019,-0.18091383576393127,-0.15384538401849568,0.08402185142040253,-0.3905128538608551,-0.20031551946885884,-0.06478317081928253,-0.4023034870624542,-0.2108356945682317,-0.06401674313978817,-0.0424087047576911,-0.01650769969053367,0.6198697921001649,0.7721158591183872,-0.0003918680842175691,0.42941902906203977,0.38371540013513533,0.8028186210153992,1.5094833483408907,8.276844839503573
idle,shahzaib,rotate,0.11298362910747528,-0.006623208522796631,-0.25907370378263295,-0.08430932462215424,0.025023937225341797,-0.3065739565063268,0.11184071004390717,-0.18516528606414795,-0.11581790377385914,-0.09742562472820282,-0.1726992130279541,-0.15928225149400532,0.08407889306545258,-0.3933143615722656,-0.20031551946885884,-0.06540219485759735,-0.4014859199523926,-0.22101049055345356,-0.048449545195607895,0.179795604763607,0.0,0.5022630547032156,0.2674216573888576,-0.19873362598996955,0.43541847059073374,0.39219645056557856,1.8781619314061269,0.269468632398862,16.814414944512993
idle,shahzaib,rotate,0.11010512709617615,-0.0023610293865203857,-0.26168417860753834,-0.07102769613265991,0.024142354726791382,-0.31357371737249196,0.11107990145683289,-0.18397334218025208,-0.12029753555543721,-0.09298130869865417,-0.17358079552650452,-0.20445205201394856,0.08395174145698547,-0.39519792795181274,-0.20031551946885884,-0.06599536538124084,-0.40095075964927673,-0.24996101786382496,-0.08722733367573035,0.12915694352352117,-0.07910529772440505,0.4024735905907327,-0.026714621168194102,-0.2121139656413662,0.42985585465539095,0.3984607142232085,15.065103223947935,0.675353999112298,9.420934867331477
idle,shahzaib,rotate,0.10610945522785187,0.0026298463344573975,-0.26204454828985035,-0.06021513044834137,0.024142354726791382,-0.3180054121185094,0.1088339239358902,-0.18148109316825867,-0.1279921077657491,-0.08897538483142853,-0.17358079552650452,-0.21633124281652272,0.08220304548740387,-0.3953245282173157,-0.20387418498285115,-0.06816603243350983,-0.40015116333961487,-0.2510977976489812,-0.12108096570679829,0.15123865821145038,-0.010920293403394468,0.3276535055854156,0.0,-0.1342937801823493,0.42961009670345107,0.4028932759662779,327653.50558541564,0.8005900511723797,3.3700045326772994
idle,shahzaib,rotate,0.10027481615543365,0.004189252853393555,-0.26367467222735286,-0.05583219230175018,0.024855613708496094,-0.3297800081782043,0.1058473140001297,-0.17996585369110107,-0.132399823050946,-0.09100477397441864,-0.1728675365447998,-0.22029685555025935,0.07971222698688507,-0.39497408270835876,-0.20591185567900538,-0.07128123939037323,-0.3992924094200134,-0.2590810018591583,-0.1768072446187318,0.04725474299806485,-0.049397695075832894,0.13281630747245873,0.021613908536506184,-0.3568059412028714,0.43027731531451857,0.40384493497590956,6.144662016410598,3.741497507000835,8.986284652593676
idle,shahzaib,rotate,0.09589147567749023,0.006799846887588501,-0.27920332131907344,-0.0578647255897522,0.015802830457687378,-0.36984175024554133,0.10340315103530884,-0.17601826786994934,-0.13739832816645503,-0.09303730726242065,-0.1742628514766693,-0.23223964450880885,0.07768142223358154,-0.3935930132865906,-0.2190997707657516,-0.07391947507858276,-0.397859126329422,-0.274109389167279,-0.13282849933162091,0.07910891012712085,-0.47056512399154027,-0.06159191781824384,-0.27432676517602606,-1.2139921838587173,0.424898404835448,0.40528815096669857,0.22451944584873706,1.679037419182758,28.104221862855486
idle,shahzaib,rotate,0.09267784655094147,0.007628053426742554,-0.27920332131907344,-0.05886094272136688,0.016364365816116333,-0.36984175024554133,0.10230650007724762,-0.17434349656105042,-0.13739832816645503,-0.09403352439403534,-0.17358580231666565,-0.23223964450880885,0.07669265568256378,-0.39277732372283936,-0.2190997707657516,-0.07541368901729584,-0.39702779054641724,-0.274109389167279,-0.09738270080450702,0.025097167853152837,0.0,-0.030188397927717398,0.017016222982695423,0.0,0.42465486375363887,0.40520664995346894,1.7739908537612488,3.8800720982616976,37.84415313883971
idle,shahzaib,rotate,0.09090784192085266,0.007628053426742554,-0.27920332131907344,-0.05912378430366516,0.016364365816116333,-0.36984175024554133,0.10204365849494934,-0.17430534958839417,-0.13739832816645503,-0.09429636597633362,-0.17358580231666565,-0.23223964450880885,0.0764298141002655,-0.3928071856498718,-0.2190997707657516,-0.07627943158149719,-0.3968873620033264,-0.274109389167279,-0.05363650394208589,0.0,0.0,-0.007964896433281302,0.0,0.0,0.424542096542728,0.40517950438421085,7964.896433281303,53636.503942085896,0.8481795247568463
idle,shahzaib,rotate,0.0892660915851593,0.007640212774276733,-0.27918279729783535,-0.06254878640174866,0.016314417123794556,-0.36982122622430325,0.10204365849494934,-0.17423173785209656,-0.13737780414521694,-0.09460178017616272,-0.17357364296913147,-0.23221912048757076,0.07644578814506531,-0.39300331473350525,-0.2190792467445135,-0.07666581869125366,-0.3968237042427063,-0.2740888651460409,-0.0497500101725255,0.0003684650767933198,0.0006219400375178297,-0.10378794236616541,-0.0015135967370235393,0.0006219400375178297,0.4243195527954413,0.4053295364309029,68.52513268325653,134.65416164450056,2.9041520443562017
idle,shahzaib,rotate,0.08809682726860046,0.00753706693649292,-0.2741712110582739,-0.06756821274757385,0.015062987804412842,-0.36690390878356993,0.10204365849494934,-0.17411446571350098,-0.12042231881059706,-0.0951591432094574,-0.17349040508270264,-0.2315730380360037,0.07648834586143494,-0.3932192921638489,-0.20561452978290617,-0.07682868838310242,-0.39674046635627747,-0.2651741283480078,-0.03543225201693409,-0.0031256314479943133,0.1518662496836783,-0.15210382866136787,-0.037922100587324245,0.08840355881009944,0.42428385486032777,0.4067436966290135,4.010848962919672,11.332404412315158,3.2305953326508066
idle,shahzaib,rotate,0.08814598619937897,0.006587862968444824,-0.2711845589801669,-0.07052092254161835,0.014463245868682861,-0.3652512086555362,0.10221357643604279,-0.17410916090011597,-0.11666296701878309,-0.09535403549671173,-0.1713436245918274,-0.22781151067465544,0.07672770321369171,-0.3938922882080078,-0.20562375616282225,-0.07677905261516571,-0.39734020829200745,-0.2647693110629916,0.0014896645690455818,-0.02876375660751851,0.09050460842748627,-0.08947605436498611,-0.01817399805242394,0.050081822061629803,0.42393143407217615,0.405971609276696,4.923029653532919,0.05178783847787589,2.3039832905607947
idle,shahzaib,rotate,0.08850136399269104,0.0055619776248931885,-0.2680957857519388,-0.07258892059326172,0.01431015133857727,-0.365226024761796,0.10257741808891296,-0.17390957474708557,-0.11666692979633808,-0.09526342153549194,-0.17152342200279236,-0.2274423334747553,0.07718560099601746,-0.3940720856189728,-0.20562771894037724,-0.0764564573764801,-0.3975200057029724,-0.2647732738405466,0.010769024039759663,-0.03108743465307953,0.09359918873418359,-0.06266660762555602,-0.004639228185017853,0.0007631482951568751,0.4239219164625528,0.40464514128823154,13.505070252340385,0.34639968721271447,1.7497915425947146
idle,shahzaib,rotate,0.08884450793266296,0.005467087030410767,-0.2680957857519388,-0.07717522978782654,0.014329344034194946,-0.3651971761137247,0.10292938351631165,-0.17370769381523132,-0.11666692979633808,-0.09537476301193237,-0.17150422930717468,-0.2274423334747553,0.07760295271873474,-0.3940528929233551,-0.20562771894037724,-0.07614293694496155,-0.39767906069755554,-0.2647732738405466,0.010398301211270585,-0.002875472560073436,0.0,-0.13897906650196643,0.0005815968368992753,0.0008742014567057431,0.42407187049589623,0.40453040221602504,238.55101452600985,3.614948863272006,2.317906643695388
idle,shahzaib,rotate,0.08911579847335815,0.0055055320262908936,-0.2680957857519388,-0.08003875613212585,0.015664339065551758,-0.36510386504232883,0.10320591926574707,-0.17364093661308289,-0.11666692979633808,-0.09595233201980591,-0.17146578431129456,-0.2274423334747553,0.0778931975364685,-0.394014447927475,-0.21272514201700687,-0.07587164640426636,-0.39780929684638977,-0.26518731750547886,0.008220925475611741,0.0011649998751553493,0.0,-0.08677352558482682,0.040454394889599905,0.0028276082241173637,0.42539526192637406,0.4034948194731463,2.144918516346856,7.050537183390732,1.991504990153133
idle,shahzaib,rotate,0.09007346630096436,0.0055137574672698975,-0.2680957857519388,-0.08203679323196411,0.015610367059707642,-0.36439969576895237,0.10363918542861938,-0.17357346415519714,-0.11953023262321949,-0.09642031788825989,-0.17165866494178772,-0.2274423334747553,0.0783424973487854,-0.39398860931396484,-0.21760405041277409,-0.07550948858261108,-0.3981620669364929,-0.26853891648352146,0.029020237200187596,0.00024925578724253986,0.0,-0.06054657878297681,-0.0016355153286095642,0.021338462829589608,0.42478173436052513,0.40285130263401836,36.997257358059166,115.96230209078887,1.604076824846039
idle,shahzaib,rotate,0.09097827970981598,0.00567510724067688,-0.2659125365316868,-0.08183611929416656,0.0148562490940094,-0.3643098808825016,0.10394854843616486,-0.17336377501487732,-0.1313515640795231,-0.09690220654010773,-0.17165198922157288,-0.22980854287743568,0.07862170040607452,-0.3936372995376587,-0.22714756801724434,-0.07527916133403778,-0.3982149064540863,-0.274896714836359,0.02741858814701933,0.004889387072938939,0.06615906728036582,0.006081028418107563,-0.022852059566613764,0.002721663225780877,0.42268840474506164,0.4013798774765899,0.26609252911550585,5.606629442225683,2.1927263133475545
idle,shahzaib,rotate,0.09142827242612839,0.006205275654792786,-0.26588083105161786,-0.08263126760721207,0.014881566166877747,-0.36238958733156323,0.10408135503530502,-0.17318277060985565,-0.1313529391773045,-0.09759468585252762,-0.17181475460529327,-0.2298099179752171,0.07873942703008652,-0.39350347220897675,-0.22714894311502576,-0.07514133304357529,-0.39852504432201385,-0.27489808993414044,0.013636142918557682,0.016065709518663634,0.0009607721233006574,-0.024095403425620998,0.0007671840263135421,0.05819071366479839,0.42262972781446045,0.40178134483751216,31.36670719547898,0.8487203246388114,2.0429954383654865
idle,shahzaib,rotate,0.0918782651424408,0.006730556488037109,-0.2649484993889928,-0.08342641592025757,0.014901995658874512,-0.36046929378062487,0.10421416163444519,-0.17300665378570557,-0.13135431427508593,-0.09828716516494751,-0.17198240756988525,-0.22981129307299852,0.07884609699249268,-0.3933745324611664,-0.22715031821280718,-0.07499974966049194,-0.398840069770813,-0.27489946503192186,0.01363614291855805,0.015917601007404004,0.028252474625002705,-0.024095403425621647,0.0006190755150534988,0.05819071366479995,0.4225821825424726,0.4020977768030636,38.85882096722162,0.8566169170403639,0.004488136704849868
idle,shahzaib,rotate,0.09367690980434418,0.007379263639450073,-0.2589463577605784,-0.0858333557844162,0.014706581830978394,-0.35953169921413064,0.1046825498342514,-0.17320206761360168,-0.13135376432910562,-0.09933717548847198,-0.1734963357448578,-0.2298107431270182,0.07923276722431183,-0.3935336470603943,-0.22714976826682687,-0.0744197815656662,-0.40004763007164,-0.27489891508594155,0.05450438369404126,0.019657792467059294,0.18188307964891898,-0.07293757164116982,-0.005921631148367152,0.028411956560430794,0.42345487848966584,0.40243113488412874,12.315062311668429,2.772519410099578,1.744758019256834
idle,shahzaib,rotate,0.09549108147621155,0.007255822420120239,-0.2527015535160899,-0.08747744560241699,0.012766867876052856,-0.3529329029843211,0.10493555665016174,-0.17332550883293152,-0.12636424880474806,-0.10046061873435974,-0.17511609196662903,-0.22295815031975508,0.0793868899345398,-0.3936570882797241,-0.22633157949894667,-0.0741056501865387,-0.40087729692459106,-0.27208060305565596,0.054974899147495475,-0.003740643009994928,0.18923649225722453,-0.049820903575781075,-0.05877921075531866,0.1999635221154379,0.4216839982617567,0.4021018309840146,0.8475795329004173,14.69271627481372,5.484617750774095
idle,shahzaib,rotate,0.09682510793209076,0.007316470146179199,-0.2524148398078978,-0.08810974657535553,0.011913418769836426,-0.35291661554947495,0.10521434247493744,-0.17326486110687256,-0.12508240574970841,-0.10098402202129364,-0.17603665590286255,-0.22144398326054215,0.07952217757701874,-0.39359644055366516,-0.22453689808025956,-0.07388491928577423,-0.40166330337524414,-0.27160234982147813,0.0404250441175525,0.0018378098805745735,0.008688294187639837,-0.019160635543592354,-0.02586209412777104,0.0004935586317019108,0.42173458551863025,0.4022533194389618,0.7408485407404607,21.984352240331056,6.196347670869785
idle,shahzaib,rotate,0.09852616488933563,0.007362693548202515,-0.2473382200114429,-0.08816085755825043,0.010888129472732544,-0.34606343461200595,0.1058376282453537,-0.17338767647743225,-0.11973757995292544,-0.10083349049091339,-0.17693880200386047,-0.21215115441009402,0.07983766496181488,-0.39355021715164185,-0.22083572996780276,-0.07321847975254059,-0.40245774388313293,-0.2643466587178409,0.051547180522571345,0.0014007091522216643,0.15383696352893486,-0.0015488176634817243,-0.03106937263951123,0.2076721496202706,0.4216108598427571,0.4022223315206101,0.04984869932046263,36.774519479216295,6.3027578934831965
idle,shahzaib,rotate,0.09964889287948608,0.0065152645111083984,-0.2470731451176107,-0.08779743313789368,0.00977325439453125,-0.3456096067093313,0.10656332969665527,-0.17401188611984253,-0.11732542654499412,-0.10042384266853333,-0.17808228731155396,-0.2119224383495748,0.0801306962966919,-0.3938665986061096,-0.21906417747959495,-0.07249277830123901,-0.4029954969882965,-0.26380318542942405,0.03402206030758999,-0.025679667790731203,0.008032572540370028,0.011012861222932008,-0.03378409327882763,0.013752360687111583,0.42107548627346314,0.4018346657261002,0.3259680573335437,1.3248121343584922,5.889247959497496
idle,shahzaib,rotate,0.10036902129650116,0.006407201290130615,-0.24585783295333385,-0.08738748729228973,0.00784987211227417,-0.34513103775680065,0.10728345811367035,-0.17443042993545532,-0.11192690394818783,-0.09993438422679901,-0.1800081729888916,-0.20829345099627972,0.08053503930568695,-0.39411768317222595,-0.21177723817527294,-0.07177264988422394,-0.40374860167503357,-0.2574594598263502,0.02182207324288084,-0.0032746430599327886,0.03682764134172197,0.012422601381937527,-0.058284311583547244,0.014502089470624764,0.42112163604846575,0.4024612488869238,0.2131343394146695,6.661920375209806,0.7440058339421722
idle,shahzaib,rotate,0.10093875229358673,0.006514191627502441,-0.24566175136715174,-0.08718867599964142,0.004485189914703369,-0.3448640713468194,0.10777594149112701,-0.17438292503356934,-0.11005329433828592,-0.09958226978778839,-0.18173712491989136,-0.20741428527981043,0.08071525394916534,-0.3940695822238922,-0.21010165009647608,-0.07120291888713837,-0.403646320104599,-0.2549498388543725,0.017264575669259548,0.0032421314355098483,0.005941866247942888,0.006024584625706462,-0.10196006659305346,0.008089891211552964,0.4182241541396212,0.4026671957841771,0.059087108707402566,5.323427684806553,1.3516722563182533
idle,shahzaib,rotate,0.10106407105922699,0.006491482257843018,-0.24409519042819738,-0.08727844059467316,0.0033335089683532715,-0.34486435260623693,0.1077137440443039,-0.1743742823600769,-0.10890529211610556,-0.09980668127536774,-0.18170863389968872,-0.20699177589267492,0.08037446439266205,-0.39407622814178467,-0.20886765327304602,-0.0712108165025711,-0.40361782908439636,-0.2540477653965354,0.0037975383527351753,-0.0006881627169522482,0.04747154360467813,-0.0027201392433860517,-0.03489942261667018,-8.523012652541788e-06,0.4172711499724199,0.402645662851141,0.07794000872891371,5.510365345254603,2.0639866385014813
idle,shahzaib,rotate,0.10083100199699402,0.006408005952835083,-0.2354635358788073,-0.0874498188495636,0.0033305585384368896,-0.3344807387329638,0.10731169581413269,-0.17511340975761414,-0.10140437493100762,-0.10026580095291138,-0.18169674277305603,-0.19715217361226678,0.07921543717384338,-0.39435848593711853,-0.1952639282681048,-0.07185977697372437,-0.40360593795776367,-0.24123950907960534,-0.007062698855544504,-0.0025295850002404136,0.26156528937545404,-0.005193280451225455,-8.940696716308496e-05,0.3146549658567582,0.41777301072898787,0.4033571892460311,57.44336541958438,2.7909352402205516,9.593719481218756
idle,shahzaib,rotate,0.09965965151786804,0.003995031118392944,-0.23414521664381027,-0.0877571702003479,0.003076404333114624,-0.33448756486177444,0.10693040490150452,-0.1759336292743683,-0.10056248307228088,-0.10108727216720581,-0.18175020813941956,-0.19715899974107742,0.07781979441642761,-0.3944679796695709,-0.19501794129610062,-0.0730857253074646,-0.4036594033241272,-0.24124633520841599,-0.0354954690644241,-0.07312044952855082,0.039949067727183485,-0.009313677296494141,-0.007701642585523323,-0.00020685238820134118,0.41754424368335397,0.40097467999931846,1.2091535071351571,0.485431693344162,9.54487195864273
idle,shahzaib,rotate,0.09855411946773529,0.003956824541091919,-0.23249589651823044,-0.08788500726222992,0.0029465854167938232,-0.33448756486177444,0.1067495197057724,-0.17613258957862854,-0.09957175701856613,-0.10170768201351166,-0.18139412999153137,-0.19715899974107742,0.07686062157154083,-0.39450618624687195,-0.19501794129610062,-0.07348062098026276,-0.4034159779548645,-0.24124633520841599,-0.033500971216143614,-0.0011577750697280293,0.049979397744842904,-0.0038738503600611405,-0.003933906555175738,0.0,0.41717136306488667,0.40080915152328195,0.984483444712483,28.910676533631737,0.20061965486124175
idle,shahzaib,rotate,0.09817367792129517,0.003956824541091919,-0.2324960376136005,-0.0881754457950592,0.0029465854167938232,-0.33343204809352756,0.10651266574859619,-0.17613258957862854,-0.09957189811393619,-0.10256406664848328,-0.18130525946617126,-0.19715914083644748,0.07637465000152588,-0.39450618624687195,-0.19501808239147067,-0.07355153560638428,-0.40333136916160583,-0.24124647630378604,-0.011528531710306676,0.0,-4.275617274371013e-06,-0.008801167661493378,0.0,0.031985356613541745,0.41686186533648795,0.40081487710923086,8801.167661493379,11528.531710306677,0.987905332544122
idle,shahzaib,rotate,0.0976746529340744,0.0036043524742126465,-0.23342623095959425,-0.08860094845294952,0.002685725688934326,-0.3334285644814372,0.10646884143352509,-0.1764850616455078,-0.10055914055556059,-0.10345117747783661,-0.18163621425628662,-0.19833687227219343,0.07643644511699677,-0.3948586583137512,-0.19526741188019514,-0.07398568093776703,-0.4029252231121063,-0.24238942842930555,-0.015121969309720366,-0.010680971723614487,-0.028187677151326425,-0.012894019936070504,-0.007904840238166703,0.00010556400273785615,0.4159590991010286,0.40084900886870695,1.6309487097680737,1.4156533738327017,1.0030070105509137
idle,shahzaib,rotate,0.09788279235363007,0.0037513673305511475,-0.23413891158998013,-0.08888758718967438,0.0028430521488189697,-0.3344812598079443,0.10661445558071136,-0.1765284240245819,-0.10140489600598812,-0.10418282449245453,-0.18130913376808167,-0.1985085066407919,0.0762733668088913,-0.3946298062801361,-0.20070492289960384,-0.07453431189060211,-0.40202686190605164,-0.24884401820600033,0.006307255138050357,0.004454995646621193,-0.02159638273896569,-0.008686022324995466,0.004767468481352783,-0.03189985837900242,0.41407656413735733,0.40036528116152925,1.8215538928195452,1.4154536131185185,1.0508825771755856
idle,shahzaib,rotate,0.09855563938617706,0.004818707704544067,-0.2354640569537878,-0.08811037242412567,0.002485126256942749,-0.33451484702527523,0.10755987465381622,-0.1762707531452179,-0.11148672364652157,-0.10437311232089996,-0.1800091564655304,-0.2021355088800192,0.07711179554462433,-0.39450880885124207,-0.21312146447598934,-0.07453100383281708,-0.4018060564994812,-0.257774343714118,0.020389304016575995,0.03234364769675566,-0.04015592011538483,0.023551962592385407,-0.010846239147764437,-0.001017794464573732,0.4117339730388744,0.40052652266228456,2.1712402825782036,0.6303764445893516,1.4331691266936253
idle,shahzaib,rotate,0.09850569069385529,0.004666388034820557,-0.24229166470468044,-0.08790089190006256,0.0033437609672546387,-0.3350077476352453,0.1081211119890213,-0.17617422342300415,-0.11977182887494564,-0.10471458733081818,-0.1797693371772766,-0.20284991525113583,0.07734625041484833,-0.39397263526916504,-0.21886730752885342,-0.07481242716312408,-0.4005671739578247,-0.25976388715207577,-0.0015135967370235393,-0.004615747567379063,-0.20689720457250194,0.006347894668579032,0.02601923364581455,-0.014936382120305678,0.4110681084706432,0.3998868506500022,0.2439599411360441,0.32784914378214774,1.3029492997201537
idle,shahzaib,rotate,0.0992041826248169,0.004558950662612915,-0.24783130548894405,-0.08725523948669434,0.0033395588397979736,-0.3350077476352453,0.1102645993232727,-0.17567983269691467,-0.12395109049975872,-0.1039959192276001,-0.17983826994895935,-0.20555724762380123,0.0791240930557251,-0.39315465092658997,-0.2243096586316824,-0.07308372855186462,-0.4000786244869232,-0.2640440072864294,0.02116642215035212,-0.003255677945686161,-0.16786790255344541,0.019565224647522285,-0.00012733719565651838,0.0,0.4098571883047828,0.39891425990685725,152.4517077643386,6.499390637747722,0.9965212629611386
idle,shahzaib,rotate,0.09923852980136871,0.004808396100997925,-0.2515479903668165,-0.0873199850320816,0.0036779940128326416,-0.3364546578377485,0.11095048487186432,-0.17474016547203064,-0.13013501279056072,-0.10420627892017365,-0.17985942959785461,-0.2112810891121626,0.07983900606632233,-0.39262691140174866,-0.23202951066195965,-0.07232020795345306,-0.3997668921947479,-0.2718361299484968,0.001040823531873287,0.007558952678333546,-0.1126268144809826,-0.0019619862238565867,0.010255611304080734,-0.04384576371221783,0.40886223066704286,0.3983869177331734,0.19128990713297125,0.1376759321333103,1.5132343698168613
idle,shahzaib,rotate,0.09941083192825317,0.005017101764678955,-0.2550313104875386,-0.08699780702590942,0.003616154193878174,-0.33971398370340466,0.11135423183441162,-0.1740078330039978,-0.13045660452917218,-0.10383406281471252,-0.1799876093864441,-0.21594796376302838,0.08049574494361877,-0.39236024022102356,-0.23251666920259595,-0.07167178392410278,-0.399651437997818,-0.2738554705865681,0.00522127657225632,0.006324414050940242,-0.10555515517339446,0.009762969884005353,-0.001873933907711124,-0.09876745047442732,0.40889727517576563,0.39846385220173725,5.207100817715629,0.8254442365682295,1.7410382206988537
idle,shahzaib,rotate,0.09845079481601715,0.006027102470397949,-0.25563621846958995,-0.08698229491710663,0.003616809844970703,-0.3398515018634498,0.11097194254398346,-0.17313337326049805,-0.13366735307499766,-0.1039825826883316,-0.17972618341445923,-0.21765147475525737,0.08048944175243378,-0.3918655216693878,-0.23488410143181682,-0.07196183502674103,-0.3994600474834442,-0.2754364344291389,-0.02909203370412237,0.030606081991485158,-0.018330544910647943,0.00047006390311501994,1.9868214925130526e-05,-0.0041672169710651255,0.4084677074649063,0.3988380635173491,22.525352781801473,0.9505000742055623,2.8810435767017264
idle,shahzaib,rotate,0.09845079481601715,0.007956236600875854,-0.25619969121180475,-0.08698229491710663,0.0037463605403900146,-0.33984551182948053,0.110833540558815,-0.17178049683570862,-0.14102490595541894,-0.10410363972187042,-0.17932948470115662,-0.21848138025961816,0.08047313988208771,-0.3911638855934143,-0.2374443446751684,-0.07222382724285126,-0.39933788776397705,-0.27582174888812006,0.0,0.058458610014481334,-0.01707493158226645,0.0,0.003925778649070003,0.0001815161808873648,0.40840392483466686,0.39996478725135026,0.0,0.0,0.17770234504319488
idle,shahzaib,rotate,0.09845079481601715,0.009118586778640747,-0.25821032864041626,-0.08698229491710663,0.0032954514026641846,-0.3417370591778308,0.11076350510120392,-0.17125418782234192,-0.1423051778692752,-0.10416896641254425,-0.17947134375572205,-0.2188011680264026,0.08047313988208771,-0.3914259970188141,-0.23785267514176667,-0.07238264381885529,-0.3998764455318451,-0.27583673340268433,0.0,0.03522273265954276,-0.0609284069276227,0.0,-0.01366391326441931,-0.05731961661667626,0.4087830490947878,0.40146431191622856,0.0,0.0,1.822161688268979
idle,shahzaib,rotate,0.09843528270721436,0.009916067123413086,-0.26407501264475286,-0.08695706725120544,0.003617525100708008,-0.34173450036905706,0.11074799299240112,-0.17122864723205566,-0.1429424004163593,-0.10424372553825378,-0.17905807495117188,-0.2196200357284397,0.08045762777328491,-0.3916277587413788,-0.24088172777555883,-0.07253685593605042,-0.40020009875297546,-0.2771609441842884,-0.00047006390311500726,0.024166071053706974,-0.177717697101107,0.0007644747242782971,0.0097598090316309,7.753965981078785e-05,0.40920210164117704,0.4026146651949992,0.07832083609062923,0.019450594657100757,1.8787118108828504
idle,shahzaib,rotate,0.09826518595218658,0.010333597660064697,-0.2658907708246261,-0.08714614808559418,0.005980134010314941,-0.34173604217357934,0.11051835119724274,-0.17172402143478394,-0.14754054811783135,-0.10447336733341217,-0.17864054441452026,-0.22084234026260674,0.0802442878484726,-0.39239391684532166,-0.2411446061450988,-0.07281510531902313,-0.4010540843009949,-0.2784655031282455,-0.00515444712205361,0.012652440504594143,-0.05502297514767297,-0.005729722254203965,0.0715942093820275,-4.6721349159875995e-05,0.41217155988030446,0.4038893120330085,0.08002940844310588,0.407355384504488,1.8840793280795076
idle,shahzaib,rotate,0.09937126934528351,0.013350576162338257,-0.269548807060346,-0.08778353035449982,0.010420888662338257,-0.34976977459155023,0.10973753035068512,-0.1716085970401764,-0.15296580246649683,-0.10525418817996979,-0.17856761813163757,-0.23367531946860254,0.07947508990764618,-0.3932558596134186,-0.24955740920268,-0.07382611930370331,-0.4020586907863617,-0.2857754861470312,0.0335176785786952,0.0914235909779881,-0.11084958290060538,-0.019314614209262115,0.13456832278858746,-0.24344643690821285,0.4176475568454071,0.4075834976526685,0.1435291031344935,0.3666155704953069,7.629729548755102
idle,shahzaib,rotate,0.10064549744129181,0.017184317111968994,-0.27291194652207196,-0.0881955474615097,0.015110969543457031,-0.36053426121361554,0.10926999151706696,-0.1707475781440735,-0.15297206793911755,-0.10581602156162262,-0.1780831217765808,-0.24231293355114758,0.0789295881986618,-0.3936309814453125,-0.24956367467530072,-0.07439278066158295,-0.4023497998714447,-0.2985826537478715,0.03861297260631172,0.11617396817062713,-0.10191331702199738,-0.012485366879087368,0.14212366306420374,-0.3261965643050057,0.4222582290961356,0.41205088525711625,0.08784799632873852,0.33236912576210503,2.5264996582982944
idle,shahzaib,rotate,0.10203371942043304,0.01561349630355835,-0.2740535531193018,-0.08898569643497467,0.014144420623779297,-0.36377892829477787,0.10879294574260712,-0.17448943853378296,-0.15297641791403294,-0.1066274493932724,-0.18304342031478882,-0.24614950455725193,0.07860885560512543,-0.3988971412181854,-0.2495680246502161,-0.07521887123584747,-0.407761812210083,-0.2985870037227869,0.042067332701250224,-0.04760063055789908,-0.03459413930999565,-0.023943908286817528,-0.029289361202356055,-0.09832324488370864,0.42713508613730705,0.4158934165959574,0.81746715656383,0.8837372209357965,8.64778472689519
idle,shahzaib,rotate,0.10254563391208649,0.014436811208724976,-0.27769935317337513,-0.089149609208107,0.01405981183052063,-0.37297466583549976,0.10813947021961212,-0.17783358693122864,-0.1529784370213747,-0.10722534358501434,-0.1861073076725006,-0.24771778471767902,0.07840229570865631,-0.402914822101593,-0.24957004375755787,-0.07599060237407684,-0.41194629669189453,-0.29858902283012867,0.015512560353134447,-0.03565712408585943,-0.11047878951737254,-0.004967053731282497,-0.0025639028260201835,-0.2786587133552058,0.43265180901573996,0.41899468332498696,1.9365465548609484,0.43503579481025195,5.554244757279396
idle,shahzaib,rotate,0.1036052405834198,0.013777226209640503,-0.27769935317337513,-0.08850818872451782,0.01380959153175354,-0.3805802781134844,0.10808983445167542,-0.1787908375263214,-0.15147324092686176,-0.10751965641975403,-0.18632104992866516,-0.24771778471767902,0.07907018065452576,-0.4053460955619812,-0.2491928357630968,-0.07688245177268982,-0.4136335253715515,-0.29858902283012867,0.032109293070706105,-0.01998742421468077,0.0,0.019436984351186827,-0.0075824332959723365,-0.23047309933286472,0.4353910218305219,0.42080749702619996,2.563085029245272,1.6063944173809857,1.643809133651878
idle,shahzaib,rotate,0.10520544648170471,0.010178208351135254,-0.27405557222664356,-0.08865702152252197,0.013183355331420898,-0.3805802781134844,0.10766634345054626,-0.18302547931671143,-0.140199588611722,-0.10753324627876282,-0.18682962656021118,-0.2461515236645937,0.07925936579704285,-0.4091765284538269,-0.2432102132588625,-0.07719948887825012,-0.41697466373443604,-0.29753554053604603,0.04849108782681629,-0.10906114722743353,0.1104176044464129,-0.00451008478800463,-0.018976854555534897,0.0,0.43825064159709143,0.4212873491496099,0.23764987632330978,0.4446188623601464,7.030116538298146
idle,shahzaib,rotate,0.10860392451286316,0.00579032301902771,-0.27405557222664356,-0.08865496516227722,0.008662611246109009,-0.3805802781134844,0.10914143919944763,-0.18623170256614685,-0.13643747754395008,-0.10720276832580566,-0.1908910572528839,-0.2461515236645937,0.08124202489852905,-0.41165223717689514,-0.24052968807518482,-0.07635495066642761,-0.4200616776943207,-0.2974920589476824,0.10298418276237606,-0.13296622218507562,0.0,6.231394681063496e-05,-0.1369922450094497,0.0,0.43687464843845025,0.4196795795861035,0.00045486875507136566,0.7745080409293165,3.578907089357228
idle,shahzaib,rotate,0.1105819046497345,0.0026610195636749268,-0.2324727363884449,-0.0888625979423523,0.0034228861331939697,-0.38063644245266914,0.10989823937416077,-0.19047316908836365,-0.1149023063480854,-0.10707798600196838,-0.1967611014842987,-0.24407466128468513,0.0838300883769989,-0.41516169905662537,-0.2215968258678913,-0.07476082444190979,-0.42576470971107483,-0.28304069116711617,0.05993879202640513,-0.09482737743493433,1.2600859344908886,-0.006291902426517471,-0.15877954887621584,-0.0017019496722655133,0.44037005246886707,0.4188194948886691,0.03962640557076416,0.6320765328662469,0.689658163277446
idle,shahzaib,rotate,0.11214105784893036,0.0024500787258148193,-0.2250311456155032,-0.0904085785150528,-0.0011877119541168213,-0.3654044501017779,0.11260394752025604,-0.18851909041404724,-0.10583829204551876,-0.1065845638513565,-0.20422658324241638,-0.2395523868035525,0.08813302218914032,-0.4166802167892456,-0.2169914178084582,-0.07428772747516632,-0.4332301914691925,-0.2807240716647357,0.04724706664229832,-0.006392146601821367,0.22550275069520082,-0.046847896142438894,-0.1397150935548709,0.4615755257845777,0.4405580012166678,0.41989430529360006,0.33530780134530636,7.390267983036387,14.104238119050153
idle,shahzaib,rotate,0.11311136186122894,0.0028297007083892822,-0.18590836063958704,-0.09133152663707733,-0.01197764277458191,-0.3113407774362713,0.11620651185512543,-0.18844804167747498,-0.08540631667710841,-0.10683669149875641,-0.21501651406288147,-0.20184461609460413,0.091742143034935,-0.42211881279945374,-0.18217941955663264,-0.07248635590076447,-0.4440201222896576,-0.23697487846948206,0.029403151887835554,0.011503696441650264,1.1855389386641126,-0.02796812490983412,-0.32696760062015057,1.6382931110759396,0.43880078793770877,0.4255018068673406,0.0855376475196331,2.555752082374621,36.11129900958585
idle,shahzaib,rotate,0.11481046676635742,0.00059548020362854,-0.17566640675067902,-0.09186375141143799,-0.016553133726119995,-0.29543769359588623,0.11882281303405762,-0.19139358401298523,-0.051044758409261703,-0.1032741367816925,-0.21959200501441956,-0.16511893272399902,0.09352874755859375,-0.42503684759140015,-0.15328048169612885,-0.07016664743423462,-0.4485956132411957,-0.21215541660785675,0.051488027428136546,-0.06770365165941751,0.310362239057824,-0.016128023465474702,-0.13865124095570178,0.48191163152682825,0.44053082308374636,0.4267515901284971,0.11631996247812157,0.7604799104076732,35.505290873898566
idle,shahzaib,rotate,0.11564062535762787,0.0041686296463012695,-0.1280916533432901,-0.09311889111995697,-0.018265128135681152,-0.26711993431672454,0.1217411607503891,-0.19066518545150757,-0.000794230290921405,-0.10402844846248627,-0.22198247909545898,-0.12607415532693267,0.09420470893383026,-0.4259841740131378,-0.09997392958030105,-0.0683632642030716,-0.4503518044948578,-0.16601790999993682,0.02515632094758902,0.10827725583856637,1.441659194163285,-0.038034536621786914,-0.05187861847154965,0.8581139175503448,0.4444472480195149,0.43160345156012797,0.7331306154968109,0.23233031186884784,11.718207417074066
idle,shahzaib,rotate,0.1141519695520401,0.0037350058555603027,-0.1280916533432901,-0.09478895366191864,-0.018886089324951172,-0.26101325964555144,0.12432266771793365,-0.1910468339920044,-0.000794230290921405,-0.1054420918226242,-0.22478675842285156,-0.12583874678239226,0.09362854063510895,-0.42633727192878723,-0.09997392958030105,-0.06872294843196869,-0.4514801502227783,-0.150307213421911,-0.045110781987508855,-0.013140114870938597,0.0,-0.05060795581702111,-0.018817005735455437,0.18505074761130888,0.4472950780225416,0.4314788310482185,2.689336826041534,3.4327971736454996,20.42399945533407
idle,shahzaib,rotate,0.11547680199146271,0.0031584501266479492,-0.12809998774901032,-0.09387771785259247,-0.01991558074951172,-0.2610215940512717,0.12566150724887848,-0.19136565923690796,-0.0008025646966416389,-0.10452823340892792,-0.2258162498474121,-0.1258470811881125,0.09465403854846954,-0.4269860088825226,-0.09998226398602128,-0.07018984854221344,-0.4525452256202698,-0.15031554782763124,0.04014643755826039,-0.01747138572461658,-0.0002525577490979947,0.027613206343217025,-0.031196709835167744,-0.0002525577490979947,0.4471972198526447,0.4315651161566544,0.8851036338600062,2.2977078340079613,6.106577334387105
idle,shahzaib,rotate,0.11761192977428436,0.007599383592605591,-0.12804010696709156,-0.09126527607440948,-0.02040424942970276,-0.2609617132693529,0.12592677772045135,-0.18981823325157166,-0.0007426839147228748,-0.10107322037220001,-0.2260490357875824,-0.12578720040619373,0.0975835770368576,-0.42721879482269287,-0.09992238320410252,-0.0703476220369339,-0.4528053402900696,-0.15025566704571247,0.06470084190368755,0.13457374139265796,0.0018145691490534868,0.07916490236918258,-0.014808141823971147,0.0018145691490534868,0.44683786802165454,0.436186416092231,5.345677913695212,0.48077998318351184,1.6404090114126713
idle,shahzaib,rotate,0.1188439428806305,0.00967860221862793,-0.13153212470933795,-0.08731430768966675,-0.021673738956451416,-0.26096375985071063,0.12602761387825012,-0.19101107120513916,-0.008417521137744188,-0.10062927007675171,-0.22774869203567505,-0.12602465553209186,0.09640374779701233,-0.428756445646286,-0.10018812818452716,-0.07167884707450867,-0.45443394780158997,-0.15655795438215137,0.03733373049533687,0.06300662503097927,-0.10581871946201064,0.11972631468917252,-0.03846937959844374,-6.201761690053005e-05,0.44545082579772455,0.4401264587250437,3.1121687890497416,0.592527181860621,1.4241147332515578
idle,shahzaib,rotate,0.11824777722358704,0.013736516237258911,-0.1366703580133617,-0.08214718103408813,-0.02221497893333435,-0.27792715234681964,0.12596407532691956,-0.1904582679271698,-0.018623949494212866,-0.09929972887039185,-0.22827324271202087,-0.13412997825071216,0.09608688950538635,-0.42928099632263184,-0.11335766268894076,-0.073330819606781,-0.4550580680370331,-0.15655795438215137,-0.01806562597101365,0.12296709147366476,-0.15570403951586928,0.1565795956235926,-0.016401211420694808,-0.5140421968517825,0.44962356502771983,0.4441836367342914,9.546249076269973,0.1469131199363425,15.629455633105298
idle,shahzaib,rotate,0.1169327050447464,0.014157325029373169,-0.15189835615456104,-0.08053801953792572,-0.02346596121788025,-0.32466411776840687,0.12241657078266144,-0.18818268179893494,-0.023333774879574776,-0.10228510200977325,-0.22827324271202087,-0.16528979130089283,0.09401591122150421,-0.42928099632263184,-0.11449320800602436,-0.07579685747623444,-0.45508214831352234,-0.16447431035339832,-0.03985067208608055,0.012751781579220137,-0.4614544891272604,0.04876246958068001,-0.03790855407714904,-1.4162716794420598,0.4604082818329108,0.44560281573463495,1.2862844411581418,3.1248611793849537,27.542523058189012
idle,shahzaib,rotate,0.11901217699050903,0.013903677463531494,-0.16058240178972483,-0.07133033871650696,-0.030191898345947266,-0.3262298936024308,0.12346237897872925,-0.18800437450408936,-0.03627459052950144,-0.10162493586540222,-0.22980254888534546,-0.17670551780611277,0.09653604030609131,-0.4296287000179291,-0.1335903638973832,-0.07412666082382202,-0.457763671875,-0.19433643762022257,0.0630143013867458,-0.0076862898739900615,-0.2631528980352633,0.27902063095208063,-0.20381627660808918,-0.047447752546179854,0.4474609755800366,0.44492102299643593,1.36897438527057,8.197206352261365,42.361676116655815
idle,shahzaib,rotate,0.11849312484264374,0.013479411602020264,-0.21255569881759584,-0.06154559552669525,-0.04219341278076172,-0.364306173985824,0.1218552440404892,-0.18831849098205566,-0.06786587811075151,-0.10072426497936249,-0.23712724447250366,-0.19312278158031404,0.09605191648006439,-0.4322893023490906,-0.16322544938884676,-0.07412596046924591,-0.46096715331077576,-0.2225328756030649,-0.015728852965615263,-0.01285654125791628,-1.574948394783995,0.29650736938823824,-0.36368225560044376,-1.1538266782846598,0.4423001011461722,0.4490510301503634,0.8152901317898246,1.223317324059228,33.87896737333314
idle,shahzaib,rotate,0.11921906471252441,0.01299428939819336,-0.21256470656953752,-0.049859076738357544,-0.06364977359771729,-0.44464382505975664,0.12211060523986816,-0.18850308656692505,-0.06787488586269319,-0.09981176257133484,-0.24836373329162598,-0.25295802927576005,0.09555232524871826,-0.4329467713832855,-0.16323445714078844,-0.07406246662139893,-0.4663643538951874,-0.22254188335500658,0.021998177875171176,-0.014700672843238966,-0.0002729621800509263,0.3541369329799171,-0.6501927520289319,-2.4344742749675636,0.46053676267483595,0.44928500726872794,0.5446636973591819,1.4963044076502996,39.805169430159026
idle,shahzaib,rotate,0.11941766738891602,0.012045562267303467,-0.21255339914932847,-0.034648776054382324,-0.0870094895362854,-0.4729802184738219,0.1243254542350769,-0.18879610300064087,-0.06786357844248414,-0.0987105667591095,-0.2531052827835083,-0.26955203944817185,0.09708839654922485,-0.43375274538993835,-0.16322314972057939,-0.07266971468925476,-0.47009870409965515,-0.22253057593479753,0.006018262920957719,-0.02874930699666387,0.00034264909724395024,0.460918202544711,-0.7078701799566208,-0.858678588305021,0.4592689424916313,0.44907482779042035,0.651132883490124,0.20932864896559422,47.89279591136917
idle,shahzaib,rotate,0.1208869218826294,0.01152542233467102,-0.21257015236187726,-0.022446542978286743,-0.12720832228660583,-0.48123099573422223,0.12552380561828613,-0.18891987204551697,-0.06788033165503293,-0.09772053360939026,-0.25664201378822327,-0.2701779819326475,0.09708839654922485,-0.43411070108413696,-0.16323990293312818,-0.07186976075172424,-0.4716717004776001,-0.22254732914734632,0.04452286344586068,-0.015761816140377412,-0.0005076731075391705,0.36976463866956893,-1.2181464469794265,-0.2500235533454693,0.43360686425454864,0.4489893070135305,0.3035467008418842,2.8245500708349094,24.22635437976541
idle,shahzaib,rotate,0.12264758348464966,0.00869181752204895,-0.19789511628914624,-0.00525277853012085,-0.16869714856147766,-0.5043455279665068,0.12619632482528687,-0.19175347685813904,-0.05591115646529943,-0.09467875957489014,-0.2677890360355377,-0.28475876816082746,0.09708839654922485,-0.43811488151550293,-0.10503083385992795,-0.07144403457641602,-0.4752774238586426,-0.1542524314718321,0.05335338187940278,-0.08586681250370047,0.44469806281003793,0.5210231650959445,-1.2572371598446208,-0.7004403706753004,0.47004034272762296,0.45707031547971594,0.4144188282992751,0.6213432056057503,14.446714573474075
rotate,shahzaib,rotate,0.12296216189861298,0.006532073020935059,-0.14358665712643415,0.010195627808570862,-0.20853203535079956,-0.5047188914613798,0.12651090323925018,-0.19391322135925293,-0.030373803456313908,-0.09436418116092682,-0.2864934206008911,-0.2954519308404997,0.09740297496318817,-0.44031262397766113,-0.07015215524006635,-0.07068003714084625,-0.4779747724533081,-0.14583109982777387,0.009532679211009271,-0.06544680306405484,1.645710883718486,0.4681335254148826,-1.2071177814945573,-0.01131404529918281,0.4560051630650123,0.45355934709789214,0.38781065508340234,0.14565315816146618,20.99902394859152
rotate,shahzaib,rotate,0.12358070909976959,0.003788560628890991,-0.14358665712643415,0.023590192198753357,-0.25450798869132996,-0.5053727544145659,0.1271294504404068,-0.196656733751297,-0.030373803456313908,-0.0937456339597702,-0.30697640776634216,-0.3038439966039732,0.09754545986652374,-0.44310441613197327,-0.06386949040461332,-0.07006148993968964,-0.4814818799495697,-0.14583109982777387,0.01874385458050382,-0.08313673915285186,0.0,0.40589589061159725,-1.393210707288822,-0.019814028884425624,0.4353825745976465,0.4546932961359538,0.2913382714831382,0.22545542820261852,5.951776666593425
rotate,shahzaib,rotate,0.1237051784992218,0.003956645727157593,-0.13465216127224267,0.023714661598205566,-0.3093496859073639,-0.5839735504705459,0.127253919839859,-0.20448574423789978,-0.030532622011378407,-0.093621164560318,-0.31523892283439636,-0.34845619765110314,0.09476533532142639,-0.4464547634124756,-0.06362155941314995,-0.06993702054023743,-0.4833274483680725,-0.14598991838283837,0.003771799983400347,0.005093487826260734,0.2707422986118674,0.003771799983400347,-1.6618696126071155,-2.3818423047267054,0.4804878368647172,0.4568952816639392,0.0022696110965481297,0.7403688284340808,73.06147308881248
rotate,shahzaib,rotate,0.12320132553577423,0.0038267970085144043,-0.13304174807853997,0.024067863821983337,-0.3537769913673401,-0.7501460548955947,0.12380160391330719,-0.20478403568267822,-0.030532622011378407,-0.09366835653781891,-0.323538601398468,-0.43034889665432274,0.09238047897815704,-0.45112308859825134,-0.06362155941314995,-0.06958381831645966,-0.48657241463661194,-0.13464973238296807,-0.015268271619622778,-0.003934809655854047,0.04880039980917081,0.010703097690235079,-1.3462819836355913,-5.035530437122501,0.6365854106364616,0.46124666458466207,0.007950109910274384,3.8793216528937178,80.98171918134443
rotate,shahzaib,rotate,0.12339092791080475,0.009029418230056763,-0.13083916273899376,0.024257466197013855,-0.39089933037757874,-0.751802408369258,0.12399120628833771,-0.20484879612922668,-0.03186196577735245,-0.09362535178661346,-0.3323613107204437,-0.44201701250858605,0.08942903578281403,-0.4536544382572174,-0.06362155941314995,-0.06960092484951019,-0.48891982436180115,-0.13464399543590844,0.005745526516076382,0.15765518853158914,0.06674501028927995,0.005745526516076382,-1.1249193639466437,-0.0501925295049502,0.6319034114998621,0.468772831302882,0.005107496228372038,0.03644339349815733,151.21977280706642
rotate,shahzaib,rotate,0.12369967997074127,0.009531676769256592,-0.13083916273899376,0.02043624222278595,-0.4374292492866516,-0.7737995621282607,0.12429995834827423,-0.2047860026359558,-0.03400818374939263,-0.09379447996616364,-0.3423347473144531,-0.44688262906856835,0.08973778784275055,-0.45512089133262634,-0.06362155941314995,-0.06929217278957367,-0.4892409145832062,-0.13464399543590844,0.009356123028379647,0.015219955733328397,0.0,-0.11579466588569594,-1.4099975426992006,-0.6665804169394859,0.6474994019728932,0.4707160772243272,0.08212396139362449,0.6146869613379873,20.90635937682561
rotate,shahzaib,rotate,0.12409554421901703,0.014393031597137451,-0.1308736817445606,0.01729278266429901,-0.47647982835769653,-0.7835047559347004,0.12469582259654999,-0.20517349243164062,-0.05795715539716184,-0.09359075129032135,-0.3528667092323303,-0.4475841538514942,0.09010355174541473,-0.4551750123500824,-0.06747648282907903,-0.06894247233867645,-0.4892142415046692,-0.13467851444147527,0.011995886311386763,0.1473137826630587,-0.0010460304717223017,-0.09525635025718147,-1.183350880940774,-0.29409678201332706,0.6546557691900766,0.47504611173976863,0.08049706244726795,0.08143029568745991,13.227353951047267
rotate,shahzaib,rotate,0.12504705786705017,0.015772372484207153,-0.13083459623157978,0.005150139331817627,-0.5055074393749237,-0.7916747201234102,0.12755754590034485,-0.2036941945552826,-0.058986248448491096,-0.10015621781349182,-0.36838510632514954,-0.4475450683385134,0.09018275141716003,-0.4560905694961548,-0.06902347691357136,-0.06886327266693115,-0.48927536606788635,-0.13371522910892963,0.028833746910094122,0.0417982086990803,0.00118440948426719,-0.36795888886305833,-0.879624576279578,-0.24757467238513775,0.6623082040678463,0.477169540467473,0.41831308546001983,0.6898156163116205,12.449370354060557
rotate,shahzaib,rotate,0.12590603530406952,0.018442243337631226,-0.13081378489732742,-0.02354063093662262,-0.5267957746982574,-0.7842988148331642,0.12816159427165985,-0.19920727610588074,-0.0593951977789402,-0.10770733654499054,-0.37290236353874207,-0.446857251226902,0.09027449786663055,-0.4562804400920868,-0.07213522493839264,-0.06881691515445709,-0.4875257611274719,-0.12951000779867172,0.026029619303617024,0.08090517737648832,0.0006306464924956914,-0.8694172808618396,-0.6451010704040631,0.2235122815226099,0.6575260129425129,0.47966071969854085,1.3477204937774816,0.32172598122502993,22.027295694369798
rotate,shahzaib,rotate,0.12629348039627075,0.019521087408065796,-0.13218631129711866,-0.047783225774765015,-0.5739656686782837,-0.7843053070828319,0.1286126971244812,-0.19849184155464172,-0.08281585853546858,-0.11585813760757446,-0.3749779164791107,-0.44199812691658735,0.09037107229232788,-0.4556829035282135,-0.11018483620136976,-0.06879442930221558,-0.4937918782234192,-0.1277798293158412,0.011740760369734518,0.032692244558623865,-0.04159170908458371,-0.7346240860043267,-1.4293907266674848,-0.00019673483841347285,0.6617363601214217,0.47706741380243367,0.5139417503954955,0.35911884942106564,25.049541258598634
rotate,shahzaib,rotate,0.12656354904174805,0.02529338002204895,-0.15851525496691465,-0.07077321410179138,-0.6078183352947235,-0.7842728449031711,0.12929433584213257,-0.19816264510154724,-0.09648875426501036,-0.12666547298431396,-0.38700827956199646,-0.4418657971546054,0.09235626459121704,-0.4556829035282135,-0.12633157800883055,-0.06859910488128662,-0.4937918782234192,-0.11320642661303282,0.008183898347796505,0.1749179579994829,-0.7978467778725755,-0.6966663129401666,-1.0258383823163193,0.0009837024139635118,0.6806885465614149,0.4832640196723157,0.6791183151568151,0.046786800249637314,12.282886950761405
rotate,shahzaib,rotate,0.12757964432239532,0.032677680253982544,-0.15853352658450603,-0.09033302962779999,-0.637492448091507,-0.7842911165207624,0.13062705099582672,-0.19603922963142395,-0.09650702588260174,-0.13860653340816498,-0.396541565656662,-0.42025488428771496,0.09455181658267975,-0.4556829035282135,-0.12980502657592297,-0.06849174201488495,-0.4937918782234192,-0.10319859348237514,0.030790766080221032,0.22376667369496095,-0.0005536853815570111,-0.5927216826063308,-0.8992155392964825,-0.0005536853815570111,0.6964294081698441,0.49031849231905866,0.659153448256253,0.13760149342301722,4.964538537808647
rotate,shahzaib,rotate,0.12866760790348053,0.03362765908241272,-0.15853352658450603,-0.11294890940189362,-0.637492448091507,-0.7284089606255293,0.13112331926822662,-0.195968896150589,-0.09650702588260174,-0.14593438804149628,-0.4116487205028534,-0.3804307859390974,0.09597046673297882,-0.4553472399711609,-0.13020971231162548,-0.06846310198307037,-0.4937918782234192,-0.10051756165921688,0.03296859336621886,0.0287872372251573,0.0,-0.6853296901240602,0.0,1.6933986634919407,0.6456597011878554,0.4908847047934381,685329.6901240603,1.1452105632021279,58.18370727222658
rotate,shahzaib,rotate,0.12950806319713593,0.03558450937271118,-0.15853352658450603,-0.14205120503902435,-0.6405069231987,-0.7284089606255293,0.13204573094844818,-0.1952546238899231,-0.09650702588260174,-0.15407021343708038,-0.4165897071361542,-0.3549173157662153,0.0966985672712326,-0.45561280846595764,-0.13020971231162548,-0.06976471841335297,-0.49394479393959045,-0.09541107527911663,0.025468342231980717,0.05929849364540569,0.0,-0.8818877465796859,-0.09134773052099633,0.0,0.6537523359305705,0.49310597900428943,9.65407774744046,0.42948667292631953,51.73374753946018
rotate,shahzaib,rotate,0.13054679334163666,0.03340372443199158,-0.15681932400912046,-0.1674792319536209,-0.646848052740097,-0.7283906890079379,0.1331683248281479,-0.1980331838130951,-0.09629401098936796,-0.1596037596464157,-0.42293083667755127,-0.3538588536903262,0.09735660254955292,-0.4594341814517975,-0.1301914406940341,-0.07196883857250214,-0.493314653635025,-0.09539280366152525,0.031476671045477245,-0.06608439214301937,0.05194553258744236,-0.7705462701393019,-0.19215544064839987,0.0005536853815570111,0.6583168406911702,0.49467144086815373,4.009994499998137,0.4763030077412069,4.551453149373692
rotate,shahzaib,rotate,0.13131563365459442,0.033024489879608154,-0.15678050182759762,-0.19582603871822357,-0.6438173949718475,-0.7283518668264151,0.1346384733915329,-0.19913077354431152,-0.09399928711354733,-0.16708596050739288,-0.42873284220695496,-0.34570018015801907,0.09777180850505829,-0.4634191691875458,-0.13257100246846676,-0.07394878566265106,-0.49536511301994324,-0.09427039884030819,0.023298191301750787,-0.01149195613283118,0.001176429743116571,-0.8589941443819125,0.0918381141893806,0.001176429743116571,0.6625341144971449,0.4981642246216271,9.353249451106294,2.0271713415138133,9.013598208835374
rotate,shahzaib,rotate,0.1325189620256424,0.03036072850227356,-0.15678050182759762,-0.21581995487213135,-0.6275410354137421,-0.759443735703826,0.13620974123477936,-0.202088862657547,-0.09399928711354733,-0.16862298548221588,-0.43524569272994995,-0.3297348376363516,0.09789992868900299,-0.4678081274032593,-0.1325871255248785,-0.07658715546131134,-0.4960409998893738,-0.09427039884030819,0.03646449609236342,-0.08072004173741325,0.0,-0.605876247088124,0.4932230169122948,-0.942177844770042,0.6921947701686503,0.4999560039846665,1.2283997257089392,0.45173470643482244,31.999423165522323
rotate,shahzaib,rotate,0.132456436753273,0.02794817090034485,-0.15678050182759762,-0.2370796650648117,-0.6098077893257141,-0.7638272400945425,0.13692738115787506,-0.20499536395072937,-0.09399928711354733,-0.17506562173366547,-0.42313387989997864,-0.3296947833150625,0.09775860607624054,-0.469321608543396,-0.13344480656087399,-0.08015085756778717,-0.49542543292045593,-0.0953539814800024,-0.001894705223314618,-0.07310780611904907,0.0,-0.6442336422024108,0.5373710935765843,-0.13283346638534504,0.6961080889933685,0.4990247766146487,1.1988595051793416,0.025916238055225714,24.589535151893365
rotate,shahzaib,rotate,0.13255399465560913,0.023930221796035767,-0.17938651703298092,-0.2606343626976013,-0.5732768476009369,-0.7638272400945425,0.13821613788604736,-0.20646122097969055,-0.09399928711354733,-0.18280106782913208,-0.40759119391441345,-0.3281047996133566,0.09775668382644653,-0.47038087248802185,-0.1473789270967245,-0.08376410603523254,-0.4960533082485199,-0.09544405154883862,0.0029563000707915807,-0.12175603346391352,-0.6850307637995049,-0.7137787161451511,1.106998234084176,0.0,0.6956886152959875,0.49656701117449537,0.6447870009012812,0.024280322759898484,17.849393563956827
rotate,shahzaib,rotate,0.1325485110282898,0.021022528409957886,-0.23837469425052404,-0.2770216763019562,-0.5393784642219543,-0.7637417754158378,0.13869553804397583,-0.20615527033805847,-0.14828626718372107,-0.1838667392730713,-0.3825330436229706,-0.3219183525070548,0.09804558753967285,-0.4702746570110321,-0.19230595137923956,-0.08462539315223694,-0.49628132581710815,-0.09869576152414083,-0.00016617052482836438,-0.08811192079024022,-1.7875205217437595,-0.49658526073803394,1.027223738757063,0.0025898387486284844,0.6936568991235859,0.49465715925435516,0.48342416415992834,0.0018858814727518393,7.011971557629108
rotate,shahzaib,rotate,0.13181906938552856,0.017008483409881592,-0.24572028033435345,-0.2833324372768402,-0.486179381608963,-0.7593750040978193,0.1379372477531433,-0.20536786317825317,-0.15288260392844677,-0.18494975566864014,-0.35463857650756836,-0.30617537908256054,0.09809070825576782,-0.4724807143211365,-0.1981323193758726,-0.08570840954780579,-0.4978336691856384,-0.0989942904561758,-0.022104292204884933,-0.12163772727503461,-0.22259351769179164,-0.19123518105708467,1.6120934125148279,0.13232640357631123,0.689415524705248,0.49295221986318427,0.11862529860069577,0.18172084417576495,20.376231284849332
rotate,shahzaib,rotate,0.12923245131969452,0.014626771211624146,-0.2636288981884718,-0.28593824803829193,-0.43437620997428894,-0.6311692874878645,0.13633088767528534,-0.20774957537651062,-0.1675186436623335,-0.18755556643009186,-0.33723917603492737,-0.2363158743828535,0.09733085334300995,-0.4748624265193939,-0.20376907102763653,-0.08831422030925751,-0.4986859858036041,-0.09939550422132015,-0.07838236563133597,-0.07217309691689346,-0.5426853895187465,-0.07896396246823523,1.5697930798386333,3.8850217154532385,0.5709416434038391,0.49416655649340213,0.050302115087828794,1.0860179618401207,113.77614130017122
rotate,shahzaib,rotate,0.12830111384391785,0.014293879270553589,-0.2928390521556139,-0.2874159812927246,-0.3752008378505707,-0.5715671200305223,0.135501891374588,-0.20808246731758118,-0.17731607146561146,-0.18903329968452454,-0.3261769115924835,-0.21424091048538685,0.09674623608589172,-0.4751953184604645,-0.20819159038364887,-0.08857962489128113,-0.49893638491630554,-0.10862340964376926,-0.0282223477508087,-0.010087634577895816,-0.8851561808225021,-0.04477979558886975,1.7931930946581578,1.8061262865861545,0.5188094652387449,0.4977555401902785,0.024972085131367925,2.7974397856221125,63.36799347403138
rotate,shahzaib,rotate,0.12778595089912415,0.013481110334396362,-0.32030852511525154,-0.28838813304901123,-0.3214864432811737,-0.48581503704190254,0.1345297396183014,-0.20828911662101746,-0.18361999467015266,-0.18834081292152405,-0.29987481236457825,-0.20082661882042885,0.0957740843296051,-0.47540196776390076,-0.23363498225808144,-0.08951115608215332,-0.4990379810333252,-0.13461465016007423,-0.015610998327081262,-0.024629361701733205,-0.8324082715041394,-0.029459144129896492,1.627708926345301,2.598547969352017,0.44092891974963005,0.4975376635829132,0.018098522134125668,0.6338111683509193,24.53519904797854
rotate,shahzaib,rotate,0.12824806571006775,0.00998339056968689,-0.32030852511525154,-0.2874767333269119,-0.25784966349601746,-0.4841875322163105,0.1345297396183014,-0.20942577719688416,-0.18361999467015266,-0.1711687445640564,-0.28341028094291687,-0.17781934514641762,0.0957740843296051,-0.47711431980133057,-0.2082693912088871,-0.08943811058998108,-0.4980015456676483,-0.1428755410015583,0.01400347911950336,-0.10599150802150085,0.0,0.027618173396949053,1.9283872662168868,0.04931832804824445,0.4619373311966639,0.5008707482393782,0.014321894548306085,0.13211763152790684,77.80409723588153
rotate,shahzaib,rotate,0.12857577204704285,0.007809460163116455,-0.3203050773590803,-0.27546434104442596,-0.19922751188278198,-0.3885998409241438,0.1345297396183014,-0.20962482690811157,-0.18361654691398144,-0.15520986914634705,-0.27438491582870483,-0.16037286631762981,0.0957740843296051,-0.47822877764701843,-0.21699192933738232,-0.08934339880943298,-0.49803778529167175,-0.1650869082659483,0.009930495059851602,-0.06587667898698392,0.00010447745973413807,0.3640118873480653,1.7764288367647396,2.89659670582328,0.4169971411156245,0.49797863998855096,0.20491205439951918,0.1507414227786268,87.0031941383656
rotate,shahzaib,rotate,0.12865382432937622,0.0069824159145355225,-0.3283530715852976,-0.25051844120025635,-0.15232476592063904,-0.3790512029081583,0.1341918706893921,-0.2099381983280182,-0.18361019529402256,-0.1458238661289215,-0.26938000321388245,-0.15998589433729649,0.09579664468765259,-0.4788013696670532,-0.23568145371973515,-0.08926534652709961,-0.4981439709663391,-0.16719155944883823,0.0023652206767689476,-0.025061946926695326,-0.24387861291567872,0.7559363589142428,1.4212953321861725,0.28935266715108005,0.4364378439672942,0.4956344513306236,0.5318640045679259,0.09437121196030133,80.61657526931427
rotate,shahzaib,rotate,0.12897968292236328,0.00560036301612854,-0.33334702625870705,-0.22882941365242004,-0.10206541419029236,-0.37198490276932716,0.1330142617225647,-0.21127262711524963,-0.1909799762070179,-0.14199015498161316,-0.26123562455177307,-0.16016367450356483,0.09612250328063965,-0.4802347719669342,-0.25857484713196754,-0.0889165997505188,-0.4994121789932251,-0.18592502549290657,0.00987450281778934,-0.04188039086081606,-0.151331959800281,0.6572432590253177,1.5230106584952963,0.21413030723729912,0.46051962490801834,0.4926522621579855,0.4315418436616961,0.23577303940561956,4.86217187456285
idle,shahzaib,rotate,0.13007481396198273,0.00157204270362854,-0.32839754316955805,-0.20474205911159515,-0.06853589415550232,-0.3603132972493768,0.1327328234910965,-0.21341004967689514,-0.18805793020874262,-0.1390630155801773,-0.2555464208126068,-0.16003036592155695,0.0972176343202591,-0.4842950403690338,-0.276732892729342,-0.08781193196773529,-0.5033711493015289,-0.19932636711746454,0.03318578907937767,-0.12207031250000194,0.14998433603482053,0.7299198345704628,1.0160460616603204,0.3536850157560781,0.4781957187439955,0.4897097638118476,0.7183917577377787,0.27185575709589543,16.085472566356326
idle,shahzaib,rotate,0.13000623881816864,-0.0021401643753051758,-0.32127176225185394,-0.17311371862888336,-0.04007035493850708,-0.3603775352239609,0.13187412917613983,-0.21586591005325317,-0.18635429441928864,-0.13617993891239166,-0.2530421018600464,-0.16009460389614105,0.09752874076366425,-0.48800724744796753,-0.2816023975610733,-0.08750082552433014,-0.5066289007663727,-0.2547428756952286,-0.00207803466103297,-0.11249112360405379,0.21593275508194604,0.9584345600821907,0.862592097484718,-0.0019466052904273834,0.4859682350159272,0.48856449808432445,1.1111085433873074,0.01847271252827594,13.627638581927242
idle,shahzaib,rotate,0.1296815574169159,-0.003665834665298462,-0.3156415382400155,-0.15035870671272278,-0.02768990397453308,-0.3603991726413369,0.13348671793937683,-0.2166186273097992,-0.1860840478911996,-0.1339556872844696,-0.25172385573387146,-0.17799478862434626,0.0994325578212738,-0.48958054184913635,-0.28162403497844934,-0.08559176325798035,-0.5081382393836975,-0.2750600138679147,-0.009838830340991948,-0.04623243303009783,0.17061284884358252,0.6895458156412037,0.3751651807264706,-0.0006556793144254725,0.49224803908401926,0.48804230878300164,1.8379743459444275,0.21280769556063245,16.86896026820174
idle,shahzaib,rotate,0.12598592042922974,-0.00628739595413208,-0.3159791249781847,-0.12913760542869568,-0.012853085994720459,-0.3678451795130968,0.1326073408126831,-0.2192401885986328,-0.1859720665961504,-0.13331779837608337,-0.25280165672302246,-0.19446619041264057,0.0994422435760498,-0.49220210313796997,-0.28151205368340015,-0.08561065793037415,-0.5107003152370453,-0.282335015013814,-0.11198899962685503,-0.07944125117677757,-0.010229901156642383,0.6430636752735587,0.4496005448428139,-0.22563657187151545,0.5070093165371579,0.48785822576039517,1.43029685429213,1.4096906616814437,7.317891004954986
idle,shahzaib,rotate,0.12321358919143677,-0.00937187671661377,-0.32118584029376507,-0.10983201861381531,-0.0037332773208618164,-0.3718299102038145,0.1319313645362854,-0.2223246693611145,-0.18597648851573467,-0.13280099630355835,-0.25167691707611084,-0.20991658978164196,0.09941476583480835,-0.4953192472457886,-0.28151647560298443,-0.08598104119300842,-0.5125325918197632,-0.28233943693339825,-0.08401003750887918,-0.09346911401459813,-0.1577792519872864,0.5850177822691115,0.2763578386017814,-0.12074941487023517,0.517159701025363,0.48814433256194756,2.11687740920091,0.8987903609035773,6.38407084650526
idle,shahzaib,rotate,0.12059080600738525,-0.012772023677825928,-0.32118584029376507,-0.09477874636650085,-0.005660951137542725,-0.3843660484999418,0.12968307733535767,-0.22567719221115112,-0.18597648851573467,-0.12918874621391296,-0.2524113059043884,-0.22298265807330608,0.09933805465698242,-0.4986761212348938,-0.27783833257853985,-0.08798137307167053,-0.5130591094493866,-0.28284345380961895,-0.07947827830459259,-0.10303475640037008,0.0,0.4561597650701422,-0.058414358081240576,-0.3798829786705309,0.5174996933087167,0.48829650611880493,7.808901289892678,0.7713659906155367,13.409801938220049
idle,shahzaib,rotate,0.11648516356945038,-0.012529700994491577,-0.32118584029376507,-0.08306027948856354,-0.005443304777145386,-0.38579134456813335,0.1278763860464096,-0.22699543833732605,-0.17672221176326275,-0.12537510693073273,-0.25208571553230286,-0.22298265807330608,0.09772776067256927,-0.4996843934059143,-0.2700489293783903,-0.08912818133831024,-0.5132521390914917,-0.28284345380961895,-0.12441340721014303,0.0073431116161921635,0.0,0.355105056907178,0.006595344254464564,-0.04319078994519619,0.5181745843363802,0.4901902877045513,53.833614985578464,16.940565954340702,10.833066128865136
idle,shahzaib,rotate,0.10956971347332001,-0.015488088130950928,-0.32768322341144085,-0.07426120340824127,-0.005761921405792236,-0.3876200448721647,0.12533722817897797,-0.22733521461486816,-0.17594930343329906,-0.12429545819759369,-0.25230109691619873,-0.22298265807330608,0.09554992616176605,-0.5001025199890137,-0.2681677173823118,-0.09113352000713348,-0.5135707557201385,-0.28284345380961895,-0.2095590938221358,-0.08964809504422418,-0.19689039750532983,0.26663866910067896,-0.00965504935293502,-0.05541516072822428,0.518779935338479,0.48845654613207656,27.61363983911623,2.3375483457893207,2.7507094510143113
idle,shahzaib,rotate,0.10386677086353302,-0.016336917877197266,-0.3404838591814041,-0.07167111337184906,-0.005761921405792236,-0.39455799758434296,0.12412048876285553,-0.22788739204406738,-0.17597821354866028,-0.12379290163516998,-0.25051021575927734,-0.2218981832265854,0.09454847872257233,-0.5001034140586853,-0.26819662749767303,-0.09216819703578949,-0.5135707557201385,-0.28123776614665985,-0.17281644272082056,-0.025722113522616708,-0.38789805363525665,0.0784875768603713,0.0,-0.21024099127813153,0.5207028111115897,0.4892262229895648,78487.57686037131,6.718333010849327,7.389534908634711
idle,shahzaib,rotate,0.10111424326896667,-0.016424208879470825,-0.3404450109228492,-0.07167872786521912,-0.005686551332473755,-0.394519149325788,0.12299558520317078,-0.22831687331199646,-0.16690152790397406,-0.12380051612854004,-0.25043484568595886,-0.2147009214386344,0.09417083859443665,-0.5007846355438232,-0.2636017492040992,-0.09281876683235168,-0.5135912895202637,-0.28107896354049444,-0.08340992710806791,-0.0026451818870774626,0.0011772199562101206,-0.00023074222333502618,0.0022839416157114725,0.0011772199562101206,0.5208481545250412,0.49046724728418317,0.10098385960867491,31.520859361708048,6.8366383319914314
idle,shahzaib,rotate,0.1000538170337677,-0.01634657382965088,-0.3404450109228492,-0.07167872786521912,-0.0057596564292907715,-0.394519149325788,0.12262818217277527,-0.2291460633277893,-0.16690152790397406,-0.12380051612854004,-0.25010019540786743,-0.21465624775737524,0.09406295418739319,-0.501442015171051,-0.2629922917112708,-0.09329241514205933,-0.5137260556221008,-0.2783700516447425,-0.032134128339363376,0.0023525772672711373,0.0,0.0,-0.0022153059641520536,0.0,0.5215243302845337,0.49127629839136294,0.0,13.653313526698613,0.14110386533190591
idle,shahzaib,rotate,0.10003155469894409,-0.0163346529006958,-0.3404450109228492,-0.07170099020004272,-0.006170332431793213,-0.394519149325788,0.12231391668319702,-0.22980427742004395,-0.16690152790397406,-0.12382277846336365,-0.24755889177322388,-0.21465624775737524,0.09381204843521118,-0.5023649334907532,-0.2629922917112708,-0.09380301833152771,-0.513759970664978,-0.28107896354049444,-0.0006746162067760228,0.00036124027136600956,0.0,-0.0006746162067760228,-0.012444727348559028,0.0,0.5205808450569636,0.49220223447469447,0.05420464291740492,1.8623445820423066,0.31065582585249896
idle,shahzaib,rotate,0.10005854070186615,-0.015485823154449463,-0.3396716406568885,-0.07530127465724945,-0.005523860454559326,-0.39223074819892645,0.12219588458538055,-0.2306838035583496,-0.15790821518749,-0.12424840033054352,-0.24633365869522095,-0.2145846774801612,0.0934402197599411,-0.5035277009010315,-0.2572596361860633,-0.0944242924451828,-0.513759970664978,-0.28107896354049444,0.0008177576643047601,0.025722113522615324,0.023435462604868607,-0.1090995290062603,0.019590059916177644,0.0693454886927723,0.5205999930502199,0.49499536875348576,5.568842598259298,0.0317907730565276,4.0191216635571685
idle,shahzaib,rotate,0.10005928575992584,-0.015668630599975586,-0.3184518087655306,-0.07686145603656769,-0.005800783634185791,-0.39090617187321186,0.12219662964344025,-0.23096978664398193,-0.15744604356586933,-0.12473134696483612,-0.24591273069381714,-0.2145762611180544,0.09318812191486359,-0.504093199968338,-0.25691272504627705,-0.09498389065265656,-0.5139427781105042,-0.28107054717838764,2.2577516960375597e-05,-0.005539619561397756,0.6430252088290375,-0.04727822361570491,-0.008391611503832401,0.04013867653680634,0.5201928235172871,0.49233406512271854,5.633314921596906,0.004074908358205317,2.238712245437781
idle,shahzaib,rotate,0.10010938346385956,-0.017235636711120605,-0.31517345923930407,-0.07989783585071564,-0.006518959999084473,-0.3909066142514348,0.12215350568294525,-0.23208647966384888,-0.15477205533534288,-0.1250813752412796,-0.24648672342300415,-0.21457670349627733,0.09306620061397552,-0.5049826800823212,-0.2569131674245,-0.09535931050777435,-0.5146609544754028,-0.2829027296975255,0.0015181122404156551,-0.04748503367106195,0.09934392503716888,-0.0920115095196363,-0.021762920148445244,-1.340540069522301e-05,0.5197231790363749,0.4912647416051256,4.227708468513626,0.031969657666750854,1.8660488072664096
idle,shahzaib,rotate,0.10110913217067719,-0.017018407583236694,-0.3151737507432699,-0.0814938098192215,-0.009468704462051392,-0.39090690575540066,0.12213169038295746,-0.23309031128883362,-0.15477234683930874,-0.1253146082162857,-0.2449633777141571,-0.2145769950002432,0.09294120967388153,-0.5058528482913971,-0.25691345892846584,-0.09599916636943817,-0.5155551731586456,-0.2840410228818655,0.03029541535811039,0.006582700844967109,-8.833453510746953e-06,-0.04836284753048136,-0.08938619584748382,-8.833453510746953e-06,0.5174497425729169,0.4923617440284326,0.5410489396378434,4.6015783632194704,2.4389917098488225
idle,shahzaib,rotate,0.10306045413017273,-0.015658676624298096,-0.3151261592283845,-0.08276903629302979,-0.009956002235412598,-0.392175474204123,0.12208428978919983,-0.2333025336265564,-0.1547247553244233,-0.1255737841129303,-0.24497193098068237,-0.21880135778337717,0.09266558289527893,-0.5058677196502686,-0.25720436219125986,-0.09645393490791321,-0.5155918300151825,-0.2869608486071229,0.05913096846955971,0.041203968452683246,0.0014421671177401142,-0.03864322647903758,-0.01476659919276326,-0.03844146814310044,0.5166478338521799,0.49372856286064476,2.6167575361860025,1.435044624229269,2.56049356888993
idle,shahzaib,rotate,0.10397596657276154,-0.015459716320037842,-0.3151261592283845,-0.08384902775287628,-0.010673761367797852,-0.4078829372301698,0.1218317300081253,-0.2333025336265564,-0.15785294119268656,-0.1264154464006424,-0.24497193098068237,-0.23440314177423716,0.091843381524086,-0.5060436725616455,-0.2627002978697419,-0.09684263169765472,-0.515602320432663,-0.30455798748880625,0.027742801290570326,0.0060291001290986995,0.0,-0.032727013934742845,-0.021750276738947433,-0.4759837280620304,0.5155557474627259,0.4935263809370545,1.5046019747494848,4.600719838248682,13.261757004298298
idle,shahzaib,rotate,0.10403156280517578,-0.015453994274139404,-0.3337424183264375,-0.08476737141609192,-0.010673761367797852,-0.4078829372301698,0.12143325805664062,-0.2333025336265564,-0.18324910942465067,-0.1277364194393158,-0.24497193098068237,-0.23440314177423716,0.09100282192230225,-0.5060436725616455,-0.29631901625543833,-0.0972655713558197,-0.5157672762870789,-0.30455798748880625,0.001684734315583227,0.00017339533025568458,-0.564129063577372,-0.027828595855019754,0.0,0.0,0.5157050601402925,0.4921874557054451,27828.595855019754,9.660432496175233,14.439563368834603
idle,shahzaib,rotate,0.10520888864994049,-0.01471489667892456,-0.3337424183264375,-0.08550269901752472,-0.011232256889343262,-0.4078829372301698,0.12089373171329498,-0.23298335075378418,-0.18324910942465067,-0.12906037271022797,-0.2447177767753601,-0.23440314177423716,0.08996297419071198,-0.5056942105293274,-0.29631901625543833,-0.09774883091449738,-0.5158675909042358,-0.30455798748880625,0.03567654075044439,0.022396896824691388,0.0,-0.02228265458887189,-0.016924106713496635,0.0,0.5152502628061586,0.49263945798045666,1.31654440743366,1.5928522677680457,0.5396856995891309
idle,shahzaib,rotate,0.10626596212387085,-0.013033628463745117,-0.3337304387241602,-0.08594179153442383,-0.011560440063476562,-0.4078709576278925,0.12060916423797607,-0.23279404640197754,-0.1832371298223734,-0.13029515743255615,-0.24500948190689087,-0.23439116217195988,0.08931630849838257,-0.5053959488868713,-0.29630703665316105,-0.09813475608825684,-0.5159596800804138,-0.30454600788652897,0.03203252951304169,0.05094752167210516,0.00036301825082663913,-0.013305833845427753,-0.009944944670706243,0.00036301825082663913,0.5150177734344031,0.4940733309469728,1.3378149875111796,0.6287234341988736,0.34474115032200237
idle,shahzaib,rotate,0.10635478794574738,-0.013011932373046875,-0.3337199855595827,-0.08623693883419037,-0.011904478073120117,-0.3952071238309145,0.12029518187046051,-0.2327723503112793,-0.1832266766577959,-0.1317814737558365,-0.24507981538772583,-0.21962717361748219,0.08875437080860138,-0.5053575336933136,-0.29629658348858356,-0.09894020855426788,-0.5159379839897156,-0.30253701098263264,0.002691691572015979,0.0006574572938861374,0.0003167625629540696,-0.008943857568683189,-0.010425394231623036,0.38375253930236963,0.5126391498544264,0.4940794236207214,0.8578092646407572,4.087875701292535,11.618625310490083
idle,shahzaib,rotate,0.10652826726436615,-0.012992694973945618,-0.32628865726292133,-0.08646352589130402,-0.01208902895450592,-0.38284884579479694,0.12005211412906647,-0.23275311291217804,-0.17605353333055973,-0.13241755962371826,-0.24509616196155548,-0.20897439308464527,0.08833412826061249,-0.505268394947052,-0.28691558726131916,-0.09944984316825867,-0.5159187465906143,-0.29143589921295643,0.005256949049053571,0.0005829514879168665,0.22519176656548773,-0.006866274457989057,-0.005592450951084734,0.37449327382172987,0.5122200265632659,0.4941827901894711,1.227556032587983,9.002372898828831,0.3227062015822903
idle,shahzaib,rotate,0.10670174658298492,-0.01297345757484436,-0.31885732896625996,-0.08669011294841766,-0.012273579835891724,-0.38284884579479694,0.11980904638767242,-0.23273387551307678,-0.16888039000332355,-0.13305364549160004,-0.24511250853538513,-0.20897439308464527,0.0879138857126236,-0.5052491575479507,-0.27678696997463703,-0.09995947778224945,-0.5158995091915131,-0.2910140324383974,0.005256949049053854,0.0005829514879168979,0.22519176656549986,-0.006866274457989426,-0.005592450951085035,0.0,0.5121023195676928,0.494427207590541,1.227556032587983,9.002372898828831,11.348281024901086
idle,shahzaib,rotate,0.10649503767490387,-0.013772308826446533,-0.3146063853055239,-0.08681134879589081,-0.012853682041168213,-0.38284884579479694,0.11914928257465363,-0.23400771617889404,-0.16735552437603474,-0.1346064954996109,-0.24569261074066162,-0.20897439308464527,0.08668245375156403,-0.5058292597532272,-0.2699412275105715,-0.10121293365955353,-0.5163038074970245,-0.2910140324383974,-0.006263906305486605,-0.024207613684914715,0.12881647456776218,-0.0036738135597923173,-0.01757885470534844,0.0,0.5119600252093004,0.49447705483462795,0.20897860769432908,0.25874700579777016,0.3758866854763604
idle,shahzaib,rotate,0.10649843513965607,-0.013665109872817993,-0.31461130548268557,-0.08671577274799347,-0.012617379426956177,-0.38285376597195864,0.11902274191379547,-0.23550525307655334,-0.1490654991939664,-0.13537658751010895,-0.24545630812644958,-0.20897931326180696,0.08554346859455109,-0.5055929571390152,-0.2606331901624799,-0.10196812450885773,-0.5158602595329285,-0.2910189526155591,0.00010295347733931272,0.0032484531402588407,-0.00014909627762708035,0.0028962438756769816,0.007160685279152724,-0.00014909627762708035,0.5117808745506185,0.4953238884531847,0.40440814735433706,0.03168332420731932,0.7756822424656317
idle,shahzaib,rotate,0.10642747581005096,-0.01486554741859436,-0.31463184021413326,-0.08635224401950836,-0.012610405683517456,-0.38926022313535213,0.118708536028862,-0.23777523636817932,-0.148850804194808,-0.1354505866765976,-0.24544933438301086,-0.21639536879956722,0.08443890511989594,-0.5056810677051544,-0.2606537248939276,-0.10257969796657562,-0.5151653587818146,-0.2910394873470068,-0.002150282715306056,-0.036376895326555206,-0.0006222645893241185,0.011016022075305868,0.0002113255587491042,-0.19413506555737137,0.5123203334672944,0.49426410867944276,51.88269438783401,0.05910959652842776,5.887277584048334
idle,shahzaib,rotate,0.10653549432754517,-0.01506495475769043,-0.3146284306421876,-0.08323100209236145,-0.01095116138458252,-0.41406304482370615,0.11867886781692505,-0.2384970784187317,-0.14884739462286234,-0.13548025488853455,-0.24437808990478516,-0.2317037070170045,0.08440923690795898,-0.5060795843601227,-0.2606503153219819,-0.10260936617851257,-0.5138183534145355,-0.3009139085188508,0.003273288408915254,-0.006042646639274924,0.00010332036198991883,0.09458308870142307,0.05028013027075645,-0.751600657222861,0.5158038976794183,0.49446797134347636,1.8810851743408934,0.541608172066784,17.148897586982205
idle,shahzaib,rotate,0.10653479397296906,-0.019755691289901733,-0.31974355690181255,-0.07988573610782623,-0.008328527212142944,-0.4265738558024168,0.11859454214572906,-0.24070891737937927,-0.1488660853356123,-0.13556458055973053,-0.24317410588264465,-0.2513356637209654,0.084324911236763,-0.5066994726657867,-0.26066900603473186,-0.10269369184970856,-0.5134276747703552,-0.3176230024546385,-2.122286594275306e-05,-0.14214353127913268,-0.15500382604924362,0.10137169650106881,0.07947376280120051,-0.3791154842033591,0.5172191413263487,0.49101662667566465,1.27552059204809,0.000149304836083192,11.323912690342755
idle,shahzaib,rotate,0.10492515563964844,-0.025691986083984375,-0.32173120230436325,-0.07837828993797302,-0.0036240816116333008,-0.42662491649389267,0.11693316698074341,-0.24530565738677979,-0.14891714602708817,-0.1358695924282074,-0.23966675996780396,-0.25302406400442123,0.08266353607177734,-0.5089071094989777,-0.2614809200167656,-0.10435506701469421,-0.512505292892456,-0.31933724135160446,-0.04877691919153202,-0.1798877210328005,-0.06023167886517036,0.04568018696524707,0.1425589575911959,-0.0015472936810868572,0.5207163578949371,0.48746541592043946,0.3204278938987854,0.2711505141149908,11.722182926889582
idle,shahzaib,rotate,0.10157221555709839,-0.025289267301559448,-0.3217086335644126,-0.08045348525047302,-0.0024633705615997314,-0.426602347753942,0.11280268430709839,-0.24490293860435486,-0.16099837329238653,-0.1389543116092682,-0.23879888653755188,-0.255481137894094,0.07885998487472534,-0.5085043907165527,-0.2706158300861716,-0.10884523391723633,-0.512102484703064,-0.31956039275974035,-0.10160424492576067,0.012203599467422218,0.0006839012106259773,-0.06288470643939494,0.03517306212222993,0.0006839012106259773,0.5215324517076898,0.48643928242567197,1.7878147318006792,8.325078196705533,4.627843712293713
idle,shahzaib,rotate,0.10149770975112915,-0.02597731351852417,-0.3217198825441301,-0.08019006252288818,-0.002384185791015625,-0.4266135967336595,0.11285340785980225,-0.24482375383377075,-0.1722864038310945,-0.1388704776763916,-0.23786574602127075,-0.2554923868738115,0.07728153467178345,-0.5084252059459686,-0.27071830397471786,-0.11036992073059082,-0.5120147466659546,-0.31957164173945785,-0.0022577516960375597,-0.020849885362567655,-0.0003408781732573708,0.007982506896510396,0.0023995385025487185,-0.0003408781732573708,0.5216244938153524,0.485740211491419,3.3252984228476845,0.10828085507058448,2.3662215755819718
idle,shahzaib,rotate,0.10296514630317688,-0.025957822799682617,-0.32172980159521103,-0.08020323514938354,-0.0023646950721740723,-0.42471443861722946,0.1130809485912323,-0.2448042631149292,-0.17229632288217545,-0.13868474960327148,-0.2378462553024292,-0.2555023059248924,0.07628557085990906,-0.5084057152271271,-0.2707282230257988,-0.11023727059364319,-0.511995255947113,-0.3195815607905388,0.04446777430447736,0.0005906278436834256,-0.00030057730548310036,-0.00039917049985944053,0.0005906278436834256,0.0575502459524265,0.5212276603010375,0.4858692516203181,0.6746986371943523,75.16173347695184,1.7734152838113946
idle,shahzaib,rotate,0.10477063059806824,-0.026940733194351196,-0.3210198823362589,-0.08158445358276367,-0.002334684133529663,-0.41797676123678684,0.11477741599082947,-0.24258831143379211,-0.172283748164773,-0.13684684038162231,-0.2378162443637848,-0.2513727489858866,0.07916584610939026,-0.5073733329772949,-0.27071564830839634,-0.10730370879173279,-0.5119652450084686,-0.3193232659250498,0.05471164529973603,-0.0297851634748043,0.021512704816730725,-0.04185510404182044,0.0009094223831638801,0.2041720418315868,0.5197281027647359,0.4837371227061655,45.97328099114445,1.8368141082021472,4.617275728600483
idle,shahzaib,rotate,0.10515543818473816,-0.026682913303375244,-0.30393145978450775,-0.08356842398643494,-0.005113542079925537,-0.3956702798604965,0.11634686589241028,-0.2423143982887268,-0.1722840666770935,-0.13498535752296448,-0.237598717212677,-0.24323707818984985,0.08137932419776917,-0.5057840347290039,-0.27071596682071686,-0.1043451726436615,-0.5117477178573608,-0.29934416711330414,0.011660835959694789,0.007812723968968371,0.5178309864167093,-0.06012031526276655,-0.08420781655745208,0.6759539810997175,0.516128454309033,0.4808393256800487,0.71394323920642,1.4923531988082686,14.537774504195122
idle,shahzaib,rotate,0.1086704283952713,-0.025379866361618042,-0.29718983406201005,-0.0858037918806076,-0.00786617398262024,-0.38025459880009294,0.11864723265171051,-0.24062570929527283,-0.16489306325092912,-0.13298211991786957,-0.23804882168769836,-0.23768174881115556,0.08501608669757843,-0.5042835772037506,-0.2657111310400069,-0.09973995387554169,-0.5104446709156036,-0.2981784367002547,0.10651485486464236,0.039486270962340086,0.20429168856053967,-0.06773842103553648,-0.08341308796044684,0.4671418503152676,0.5094269904270923,0.4805197195573389,0.8120741075255367,2.6974478678515923,6.3318958127788045
idle,shahzaib,rotate,0.10993550717830658,-0.02457067370414734,-0.2971936077810824,-0.08909596502780914,-0.016043037176132202,-0.35597850987687707,0.12087427079677582,-0.2398117482662201,-0.1648216755129397,-0.13316939771175385,-0.24047544598579407,-0.21430218825116754,0.08849440515041351,-0.5029761791229248,-0.2638928205706179,-0.09648938477039337,-0.5095397233963013,-0.28322001406922936,0.038335720698037284,0.024520989620323407,-0.00011435512340429623,-0.09976282264246707,-0.24778373313671676,0.7356390582792408,0.49888620012781426,0.4800421761678895,0.40261892401345933,1.5633201584208032,9.589078861147913
idle,shahzaib,rotate,0.11098247766494751,-0.02328944206237793,-0.2967098029330373,-0.08958005905151367,-0.020271599292755127,-0.3229895504191518,0.12050831317901611,-0.23792380094528198,-0.16362337488681078,-0.13128355145454407,-0.24194103479385376,-0.18784206826239824,0.09067034721374512,-0.5002145171165466,-0.26388624031096697,-0.0940282940864563,-0.5081728994846344,-0.2684586616232991,0.031726378383058994,0.03882520126574029,0.014660752971064193,-0.01466951586983444,-0.1281382459582725,0.9996654381129034,0.49095935000437463,0.47848458295131735,0.11448105348311045,0.817138358860101,9.154617310248376
idle,shahzaib,rotate,0.10956113040447235,-0.02474638819694519,-0.29506174428388476,-0.09309501945972443,-0.02084556221961975,-0.32231420977041125,0.12068723142147064,-0.23706337809562683,-0.16244427068158984,-0.13072945177555084,-0.2420535385608673,-0.18345250887796283,0.0910739153623581,-0.49756330251693726,-0.2633277247659862,-0.09341709315776825,-0.5056841671466827,-0.26358313066884875,-0.043071129105308525,-0.04414988286567527,0.049941171186440717,-0.10651395176396396,-0.017392815965594943,0.02046486814365275,0.4883829606072694,0.4742411407521014,6.123667858430208,0.9755440052319726,29.991331880527778
idle,shahzaib,rotate,0.10829117894172668,-0.026433616876602173,-0.2967098029330373,-0.09565582871437073,-0.02256116271018982,-0.3041390450671315,0.12184634804725647,-0.23580721020698547,-0.1617559613659978,-0.1303083896636963,-0.2427949607372284,-0.16875113267451525,0.0890640914440155,-0.4967041015625,-0.26165967900305986,-0.08966174721717834,-0.503292977809906,-0.2613978357985616,-0.03848337765895813,-0.05112814180778541,-0.049941171186438024,-0.07760028044382437,-0.051987893653636465,0.5507625667660316,0.48266532714894944,0.47196665226248846,1.492631887126078,0.7526701270213435,16.12760379540215
idle,shahzaib,rotate,0.10863211750984192,-0.02653256058692932,-0.2971936077810824,-0.09682726860046387,-0.02634170651435852,-0.2824046523310244,0.12282517552375793,-0.23589089512825012,-0.14349508890882134,-0.12952658534049988,-0.24425473809242249,-0.1325807929970324,0.09161022305488586,-0.49117347598075867,-0.23810996720567346,-0.08643275499343872,-0.5020079016685486,-0.23419038066640496,0.010331471761067874,-0.002998294252337879,-0.014660752971064193,-0.03549817836645934,-0.11456193345965944,0.658617961700226,0.47821646889012553,0.4686915848748465,0.30985744947740157,3.4446342678830977,3.9881463106120707
idle,shahzaib,rotate,0.11011993885040283,-0.025438040494918823,-0.3041651058010757,-0.09769806265830994,-0.030544549226760864,-0.2824036884121597,0.12463849782943726,-0.23476377129554749,-0.14349412498995662,-0.12767595052719116,-0.2444973886013031,-0.13257982907816768,0.09527570009231567,-0.4849494695663452,-0.23810900328680873,-0.08352258801460266,-0.49729254841804504,-0.23418941674754024,0.045085495168513234,0.03316727551547017,-0.21125751575737625,-0.02638769872260858,-0.12735887007280033,2.9209662567485927e-05,0.4694456888955219,0.46447229578409405,0.20719005686426248,1.3592957266495418,19.96291112775703
idle,shahzaib,rotate,0.10798013210296631,-0.025215595960617065,-0.3064565169624984,-0.10155823826789856,-0.03109094500541687,-0.2824036884121597,0.1244497299194336,-0.23088303208351135,-0.14349412498995662,-0.12425148487091064,-0.24461689591407776,-0.13257982907816768,0.09617024660110474,-0.48080042004585266,-0.23810900328680873,-0.08180633187294006,-0.4953267276287079,-0.23418941674754024,-0.06484262871019872,0.006740743463689738,-0.06943670186129594,-0.11697501847238438,-0.016557447838061047,0.0,0.4671505278454092,0.46083444745156665,7.064370985516349,9.61808010931204,4.336936256148297
idle,shahzaib,rotate,0.10610464215278625,-0.023194849491119385,-0.31488222954794765,-0.09812465310096741,-0.03056734800338745,-0.2824036884121597,0.1236887276172638,-0.22461986541748047,-0.14349412498995662,-0.12104484438896179,-0.24311745166778564,-0.13257982907816768,0.09784677624702454,-0.47757887840270996,-0.23810900328680873,-0.07831001281738281,-0.4933059811592102,-0.23418941674754024,-0.05683302879333281,0.06123474149992739,-0.2553246238014818,0.10404803536154612,0.0158665758190727,0.0,0.46566541483841883,0.4608982169088862,6.557273558855866,0.92810223900694,6.769354297788744
idle,shahzaib,rotate,0.10361586511135101,-0.02221018075942993,-0.3166046845726669,-0.10002394020557404,-0.0309334397315979,-0.28554956195876,0.12495391070842743,-0.2236080765724182,-0.1396721857599914,-0.12057806551456451,-0.243763267993927,-0.13643291173502803,0.09704349935054779,-0.47551244497299194,-0.23756542382761836,-0.07891540229320526,-0.49229419231414795,-0.238233323674649,-0.07541748610409943,0.02983844641483239,-0.05219560680967472,-0.05755415468505026,-0.011093688733650154,-0.09532950141213309,0.4642608542637357,0.4601883782452133,5.187541179996218,2.527442535482542,5.743990154455939
idle,shahzaib,rotate,0.10626490414142609,-0.011659860610961914,-0.3166046845726669,-0.09247691929340363,-0.02500826120376587,-0.2909223842434585,0.12456156313419342,-0.2130577564239502,-0.1396721857599914,-0.1148415356874466,-0.23969852924346924,-0.13643291173502803,0.09672500193119049,-0.4649621248245239,-0.23756542382761836,-0.07497359812259674,-0.48174387216567993,-0.238233323674649,0.08027391000227622,0.3197066711657026,0.0,0.22869760339910697,0.17955086447976137,-0.16281279650601732,0.4600977305707832,0.4602403254979366,1.2737133310296824,0.2510853421489243,10.620743507275366
idle,shahzaib,rotate,0.10182982683181763,-0.0035574138164520264,-0.3165808734484017,-0.08828923106193542,-0.01793232560157776,-0.3182992753572762,0.11889088153839111,-0.20491847395896912,-0.1396483746357262,-0.11355844140052795,-0.23164913058280945,-0.13640910061076283,0.09525620937347412,-0.45682284235954285,-0.23754161270335317,-0.07608380913734436,-0.47443968057632446,-0.2382095125503838,-0.13439628210934215,0.24552869074271458,0.0007215492201573647,0.12689964337781945,0.21442229097538915,-0.8296027610247471,0.46364027820807474,0.46015211169564807,0.5918183738369382,0.5473728317858437,20.46717226054177
idle,shahzaib,rotate,0.10486027598381042,-0.004423648118972778,-0.31487141316756606,-0.08065107464790344,-0.017992287874221802,-0.32153902715072036,0.11823591589927673,-0.20158734917640686,-0.12259800499305129,-0.11032593250274658,-0.22625145316123962,-0.13642209535464644,0.09387901425361633,-0.4448486268520355,-0.22587434714660048,-0.07370162010192871,-0.46535056829452515,-0.23822250729426742,0.0918317924846317,-0.026249524318811085,0.051801826691989565,0.23145928527370013,-0.001817038564971028,-0.09817429677103662,0.45510368978957755,0.44946104142800397,127.31263776980916,3.4982841245127125,23.328999295914482
idle,shahzaib,rotate,0.1035725474357605,-0.001560896635055542,-0.2761947091494221,-0.07323116064071655,-0.013946563005447388,-0.34760792812448926,0.11641883850097656,-0.1995217502117157,-0.05554972848040052,-0.10429647564888,-0.22350409626960754,-0.14085383972269483,0.09440058469772339,-0.436303049325943,-0.12042065968853422,-0.07123246788978577,-0.4583861231803894,-0.18073630591970868,-0.039022077213634765,0.08675004496719037,1.1720213338831682,0.2248458790056669,0.12259772329619632,-0.7899666961748278,0.4747385129926406,0.4618987104465848,1.8339985357143018,0.4498167973468572,21.3006700271045
idle,shahzaib,rotate,0.10163667798042297,0.004212021827697754,-0.26431283890269697,-0.066592276096344,-0.01212930679321289,-0.3540210777428001,0.11470326781272888,-0.19199037551879883,-0.04464228986762464,-0.10233235359191895,-0.22001862525939941,-0.16421834169887006,0.09219399094581604,-0.4303362965583801,-0.11312074004672468,-0.07219383120536804,-0.455496221780777,-0.17154378234408796,-0.0586627107678047,0.17493692311373904,0.3600566741431923,0.20117831952644438,0.05506837006771291,-0.1943378672215441,0.4794825982882571,0.4601961061407145,3.6531799669957534,0.3353344416331277,18.179142954687688
idle,shahzaib,rotate,0.10123887658119202,-0.0005924999713897705,-0.2643107958137989,-0.060304611921310425,-0.031237691640853882,-0.3541089780628681,0.11456802487373352,-0.19263789057731628,-0.04464024677872658,-0.09806033968925476,-0.23311838507652283,-0.164216298609972,0.08998110890388489,-0.43220722675323486,-0.11021960899233818,-0.07018843293190002,-0.45836150646209717,-0.1715417392551899,-0.01205458785548309,-0.14559156966931341,6.191178478977662e-05,0.19053527803131307,-0.579041965080008,-0.002663646062666619,0.4646108476898499,0.45843440486517734,0.3290520557571859,0.08279672433052632,20.07671692459668
idle,shahzaib,rotate,0.10055890679359436,-0.000243455171585083,-0.2582862554118037,-0.04993268847465515,-0.05512478947639465,-0.3933392046019435,0.11523851752281189,-0.1923803985118866,-0.032869855873286724,-0.09263250231742859,-0.24840185046195984,-0.16418691258877516,0.08919653296470642,-0.4341711103916168,-0.08976719807833433,-0.06650879979133606,-0.4613036811351776,-0.17151235323399305,-0.020605145078717184,0.01057711514559676,0.18256183036349327,0.31430071050471026,-0.7238514495618531,-1.1887947436083637,0.46310172908698916,0.4656404043769648,0.43420549408233133,1.9479032696381897,36.40395050203318
idle,shahzaib,rotate,0.10100990533828735,0.00025984644889831543,-0.24244318157434464,-0.034755051136016846,-0.0728248655796051,-0.3955407664179802,0.11645948886871338,-0.19399455189704895,-0.019924908876419067,-0.08965843915939331,-0.25020673871040344,-0.191938154399395,0.08961468935012817,-0.4353344738483429,-0.08652734756469727,-0.06680530309677124,-0.4635660648345947,-0.1715308055281639,0.013666622566454557,0.015251564257072922,0.48009314658967694,0.4599284042011681,-0.5363659425215374,-0.06671399442535564,0.45153777917670673,0.46279802302684514,0.8574883493732466,0.8960213073757134,34.755124589386
idle,shahzaib,rotate,0.10552811622619629,-0.0019207596778869629,-0.23620493290945888,-0.02202087640762329,-0.10621851682662964,-0.46247058687731624,0.11669260263442993,-0.1930103898048401,-0.01840687310323119,-0.08697423338890076,-0.2564130425453186,-0.2649061935953796,0.09023040533065796,-0.43419763445854187,-0.05664510978385806,-0.06647539138793945,-0.46463289856910706,-0.16083380160853267,0.13691548145178073,-0.06607897353894532,0.18903783832986434,0.38588408267857793,-1.0119288256673717,-2.028176377555561,0.47055480357686685,0.4683364672003137,0.38133482469902086,2.071966348035647,61.201448948216054
idle,shahzaib,rotate,0.10553553700447083,-0.0014192759990692139,-0.2123415283858776,-0.016837090253829956,-0.14286282658576965,-0.5886433087289333,0.11868152022361755,-0.1892850697040558,-0.008395208045840263,-0.08571675419807434,-0.2616582214832306,-0.3177049718797207,0.08990773558616638,-0.43018248677253723,-0.0521899051964283,-0.06564179062843323,-0.46416884660720825,-0.15538423880934715,0.00022487206892534095,0.015196475115689606,0.7231334704115651,0.15708442890283084,-1.1104336290648666,-3.8234158136854277,0.5416021408268774,0.4579636028115757,0.14146211293420918,0.014796672948204862,54.92241050985732
idle,shahzaib,rotate,0.10907241702079773,-0.001059889793395996,-0.11867272295057774,-0.010656923055648804,-0.18535131216049194,-0.5957204047590494,0.11954882740974426,-0.18795859813690186,0.043080007657408714,-0.08559605479240417,-0.2895892858505249,-0.33041694201529026,0.08978268504142761,-0.428473562002182,0.028449254110455513,-0.06301519274711609,-0.46639662981033325,-0.15877998806536198,0.1071781823129382,0.010890491081006773,2.8384486495545866,0.18727779388428034,-1.287529865900696,-0.2144574554580665,0.5221539875538995,0.4524371968408242,0.14545499361933326,9.840542632389598,109.49778982221643
idle,shahzaib,rotate,0.1101483702659607,-0.008399426937103271,-0.11831991001963615,0.002220749855041504,-0.2166336178779602,-0.652015682309866,0.11954605579376221,-0.1878909468650818,0.05567087233066559,-0.08441111445426941,-0.29215168952941895,-0.37154993042349815,0.08977991342544556,-0.4265170097351074,0.02839060127735138,-0.06285268068313599,-0.46464473009109497,-0.1588386408984661,0.03260464379281585,-0.22241021647596962,0.010691300937623284,0.39023251244514606,-0.9479486581050629,-1.7059175015398305,0.5558485920810673,0.443577683392586,0.4116595318207245,0.14659622077260934,46.75865671222571
rotate,shahzaib,rotate,0.10961967706680298,-0.009451717138290405,-0.0777865331619978,0.015630006790161133,-0.2546227276325226,-0.7089298348873854,0.11901736259460449,-0.19128254055976868,0.05674765445291996,-0.08251917362213135,-0.3014121353626251,-0.4234668593853712,0.08839535713195801,-0.42468929290771484,0.028672968968749046,-0.06328457593917847,-0.46446776390075684,-0.15541118197143078,-0.016021006035082525,-0.03188758185415608,1.228284147201182,0.4063411192460558,-1.1511851440776661,-1.7246712902278887,0.5971979150496554,0.4291926626603624,0.35297603375135966,0.5024057234139588,6.204079128049858
rotate,shahzaib,rotate,0.10892260074615479,-0.00649791955947876,-0.07539940252900124,0.026629090309143066,-0.29547441005706787,-0.7301353551447392,0.1183202862739563,-0.19383859634399414,0.05760972946882248,-0.07852572202682495,-0.29849958419799805,-0.42837271466851234,0.08687776327133179,-0.42393234372138977,0.03044230490922928,-0.06398165225982666,-0.46347853541374207,-0.15202851966023445,-0.021123524868127408,0.08950901753974826,0.0723372919089878,0.333305561181276,-1.2379297704407861,-0.6425915229501249,0.6088047355594972,0.4312075374667256,0.26924410406455684,0.2359906237170291,32.96985636236884
rotate,shahzaib,rotate,0.10892260074615479,0.002557992935180664,-0.07529553025960922,0.027203917503356934,-0.35004907846450806,-0.7404903694987297,0.11804717779159546,-0.193220853805542,0.05771360173821449,-0.07307565212249756,-0.2927054762840271,-0.4311651811003685,0.08567929267883301,-0.4207195043563843,0.030546177178621292,-0.06394326686859131,-0.4600735008716583,-0.15535830706357956,0.0,0.27442159074725964,0.003147644527030764,0.01741900588526898,-1.653777830528517,-0.31378831375729455,0.602322764997782,0.43692855035664946,0.010532850925236594,0.0,18.70032078585958
rotate,shahzaib,rotate,0.10884016752243042,0.013212323188781738,-0.07529553025960922,0.027203917503356934,-0.3824115991592407,-0.74967210739851,0.11804717779159546,-0.18256652355194092,0.05771360173821449,-0.07226532697677612,-0.30158865451812744,-0.45174380391836166,0.08517193794250488,-0.4116663336753845,0.02943304553627968,-0.06394326686859131,-0.44941917061805725,-0.15884698182344437,-0.0024979764764958214,0.32285849253335364,0.0,0.0,-0.9806824452948921,-0.2782344818115129,0.6015581043112413,0.43823524816972587,0.0,0.007737038972883113,20.43208406147894
rotate,shahzaib,rotate,0.108670175075531,0.015199393033981323,-0.0717325322329998,0.027203917503356934,-0.40852421522140503,-0.7801452167332172,0.1180151104927063,-0.18057945370674133,0.05670582130551338,-0.07170802354812622,-0.3116598427295685,-0.45618297532200813,0.0834265947341919,-0.40967926383018494,0.03285645693540573,-0.06394326686859131,-0.44743210077285767,-0.15894168987870216,-0.005151286269679296,0.06021423773332171,0.10796963716998417,0.0,-0.7912913958231734,-0.9234275555972045,0.6290591820755079,0.4382898219927271,0.0,0.08554788561149687,20.376237805551717
rotate,shahzaib,rotate,0.11003279685974121,0.017027556896209717,-0.07474412396550179,0.028638005256652832,-0.4477863013744354,-0.7966599203646183,0.11924725770950317,-0.17933452129364014,0.055071935057640076,-0.07027393579483032,-0.31550735235214233,-0.4818052090704441,0.084755539894104,-0.4085598886013031,0.032847292721271515,-0.06197643280029297,-0.44618716835975647,-0.15827398374676704,0.04129156921849172,0.055398904916012806,-0.0912603555303646,0.04345720464533095,-1.1897601864554854,-0.5004455645879189,0.6447868932307991,0.43970390768046647,0.036525989534755166,0.745336463683294,17.658625709503852
rotate,shahzaib,rotate,0.11084619164466858,0.019548088312149048,-0.0663134716451168,0.027341336011886597,-0.4536595344543457,-0.8109764195978642,0.12014690041542053,-0.1730230152606964,0.04733157530426979,-0.0690126121044159,-0.32881179451942444,-0.48472270742058754,0.08588072657585144,-0.40900102257728577,0.032847292721271515,-0.06012555956840515,-0.44499942660331726,-0.15827398374676704,0.02464832681597992,0.07637973987694653,0.25547431273892907,-0.03929300741715716,-0.17797675999727441,-0.43383331009834264,0.658593899953834,0.4405797000316217,0.2207748171331008,0.3227034309393925,30.82863104788325
rotate,shahzaib,rotate,0.11119076609611511,0.0200786292552948,-0.0747307613492012,0.006800204515457153,-0.47016891837120056,-0.8561659678816795,0.12059631943702698,-0.17249247431755066,0.04446344077587128,-0.06981268525123596,-0.3301214277744293,-0.494840107858181,0.08635315299034119,-0.40847048163414,0.029342535883188248,-0.05913582444190979,-0.4444688856601715,-0.16410166770219803,0.010441650043834506,0.016076998277144254,-0.2550693849722585,-0.6224585301948415,-0.5002843611168218,-1.3693802510247304,0.6956730893019581,0.4417040849547788,1.244206963812181,0.6494371913621783,34.80514162766118
rotate,shahzaib,rotate,0.11259740591049194,0.0200786292552948,-0.07619962841272354,-0.020127296447753906,-0.4821174144744873,-0.8661284297704697,0.12237292528152466,-0.17249247431755066,0.03975684940814972,-0.07844159007072449,-0.3318699896335602,-0.4948081225156784,0.08662497997283936,-0.40847048163414,0.024326669052243233,-0.057280898094177246,-0.4444688856601715,-0.16406968235969543,0.04262544892051071,0.0,-0.04451112313704128,-0.8159848776730754,-0.36207563949354343,-0.30189278450879664,0.7040484973729926,0.4409472120733126,2.2536247541803265,42625.44892051072,33.1410928865235
rotate,shahzaib,rotate,0.11210501194000244,0.021664679050445557,-0.07613888941705227,-0.03841519355773926,-0.5150714218616486,-0.8660676907747984,0.12111616134643555,-0.1709064245223999,0.024504072964191437,-0.08075705170631409,-0.33846402168273926,-0.4846166204661131,0.08613723516464233,-0.4059019386768341,-0.010937759652733803,-0.056928396224975586,-0.44288283586502075,-0.1581678967922926,-0.014921029408772222,0.048062115004566565,0.0018405756264021204,-0.5541787003025654,-0.9986062844593941,0.0018405756264021204,0.7118118072508104,0.4332882704943028,0.554951590006251,0.3104465744127185,22.797219445841854
rotate,shahzaib,rotate,0.11243361234664917,0.019913673400878906,-0.13142299465835094,-0.05431210994720459,-0.5257591307163239,-0.8660256993025541,0.12118148803710938,-0.17058414220809937,-0.012084114365279675,-0.08901980519294739,-0.33785372972488403,-0.48457462899386883,0.0866432785987854,-0.40504738688468933,-0.032173385843634605,-0.05642235279083252,-0.4416562616825104,-0.1380466055124998,0.009957588080204053,-0.05306077725959631,-1.6752759164030169,-0.4817247390747147,-0.32386996529319584,0.0012724688558867687,0.7328241990409204,0.43715847117919926,1.4873971139667184,0.18766028192927153,20.56410612322518
rotate,shahzaib,rotate,0.11305540800094604,0.019145727157592773,-0.173322687856853,-0.06984078884124756,-0.5257591307163239,-0.8560405476018786,0.12138694524765015,-0.17058414220809937,-0.03312449436634779,-0.09928661584854126,-0.3399363160133362,-0.47563816141337156,0.0873262882232666,-0.40504738688468933,-0.036886910907924175,-0.05577194690704346,-0.4416562616825104,-0.1288702441379428,0.018842292554451058,-0.023271098281398336,-1.2696876726819009,-0.4705660270922187,0.0,0.3025803545659287,0.732152904203023,0.4463367639317655,470566.0270922187,0.8096516406306141,13.408969808156668
rotate,shahzaib,rotate,0.1136171817779541,0.019145727157592773,-0.17331252992153168,-0.09579423069953918,-0.5257591307163239,-0.8485554307699203,0.12177062034606934,-0.17058414220809937,-0.04458341747522354,-0.11262473464012146,-0.34795504808425903,-0.4201391488313675,0.088623046875,-0.4039475619792938,-0.0580814853310585,-0.054564833641052246,-0.4416562616825104,-0.11550666391849518,0.0170234477881232,0.0,0.0003078162218585208,-0.7864679350997588,0.0,0.226821722180558,0.7390085590464567,0.4392161560434996,786467.9350997588,17023.4477881232,9.844212866650157
rotate,shahzaib,rotate,0.11446601152420044,0.019145727157592773,-0.1733424086123705,-0.11473232507705688,-0.5257591307163239,-0.8083446640521288,0.12258714437484741,-0.17058414220809937,-0.044613296166062355,-0.11649125814437866,-0.34795504808425903,-0.39930701442062855,0.0908697247505188,-0.4002538323402405,-0.06790036149322987,-0.053899526596069336,-0.4416562616825104,-0.11158347316086292,0.025722113522615324,0.0,-0.0009054148739034136,-0.5738816478035449,0.0,1.2185080823572738,0.7044501963112525,0.4330944476175577,573881.6478035449,25722.113522615324,30.73382821869073
rotate,shahzaib,rotate,0.1152736246585846,0.016651272773742676,-0.17442038748413324,-0.1314418911933899,-0.521068274974823,-0.7864603409543633,0.1234617531299591,-0.16903460025787354,-0.04751404467970133,-0.11953839659690857,-0.35044950246810913,-0.38518372271209955,0.09276553988456726,-0.39917781949043274,-0.07172507140785456,-0.05377069115638733,-0.44005173444747925,-0.10441623721271753,0.024473125284368732,-0.0755895267833375,-0.03266602641705363,-0.5063504883737355,0.14214714368184633,0.6631613059929029,0.6912167927668943,0.42891348288139564,3.562132260460896,0.32375915773831293,17.491341422688556
rotate,shahzaib,rotate,0.11475211381912231,0.014468938112258911,-0.18128250492736697,-0.14960458874702454,-0.5110557377338409,-0.7517739976756275,0.12380439043045044,-0.16742053627967834,-0.051341000478714705,-0.12058195471763611,-0.3537631928920746,-0.34366534603759646,0.09461921453475952,-0.4006083011627197,-0.07903221948072314,-0.0533408522605896,-0.44051554799079895,-0.09777048928663135,-0.0158033587715845,-0.06613135337829695,-0.2079429528252678,-0.5503847743525737,0.3034102194237035,1.0511013114768615,0.6648031395205876,0.42795977506262467,1.8139895268143662,0.23896561916048165,12.800734805666593
rotate,shahzaib,rotate,0.11444923281669617,0.01381424069404602,-0.1947465157136321,-0.17328977584838867,-0.49978476762771606,-0.7508467501029372,0.12421682476997375,-0.16616281867027283,-0.0573307266458869,-0.13204041123390198,-0.35840001702308655,-0.3282110756263137,0.09593620896339417,-0.4022684395313263,-0.08451805915683508,-0.05449959635734558,-0.4401170611381531,-0.09778761770576239,-0.009178212194731394,-0.019839315703420176,-0.4080003268565038,-0.7177329424655526,0.34154454867043793,0.02809841129364283,0.6664514778651103,0.4308338908101544,2.1014267211489943,0.462604140575707,31.43338124645515
rotate,shahzaib,rotate,0.1148996353149414,0.010054051876068115,-0.19746871944516897,-0.19022154808044434,-0.47365087270736694,-0.7176158344373107,0.12491601705551147,-0.17102265357971191,-0.05734781827777624,-0.13729426264762878,-0.34681081771850586,-0.28273903485387564,0.09695184230804443,-0.4064583480358124,-0.0998644893988967,-0.057896435260772705,-0.43753519654273987,-0.09442438092082739,0.013648560552886256,-0.11394511569630197,-0.0824910221677851,-0.513084007031998,0.7919362097075617,1.006997444412941,0.6381080357459497,0.4281720311709983,0.6478847069472392,0.11978083210193367,33.236459122652576
rotate,shahzaib,rotate,0.11619395017623901,0.00536683201789856,-0.22634980618022382,-0.19856378436088562,-0.43023717403411865,-0.7160786294844002,0.12620538473129272,-0.17663529515266418,-0.0735108086373657,-0.13599994778633118,-0.3185667097568512,-0.28263219236396253,0.09876728057861328,-0.41159600019454956,-0.11339689581654966,-0.060986876487731934,-0.4413580298423767,-0.09240375994704664,0.03922166246356448,-0.1420369653990797,-0.8751844465168276,-0.2527950388012551,1.3155666264620904,0.046581968270017184,0.6387655453343435,0.43234251724704936,0.1921566278436692,0.27613506257545006,34.07355850925984
rotate,shahzaib,rotate,0.11710965633392334,0.0020296871662139893,-0.2301962727215141,-0.20152372121810913,-0.39114758372306824,-0.7159635329153389,0.12719929218292236,-0.1809094250202179,-0.0735108086373657,-0.13500025868415833,-0.30445626378059387,-0.2809450232889503,0.09976696968078613,-0.414632111787796,-0.1178739198949188,-0.06341159343719482,-0.4453161358833313,-0.09240375994704664,0.027748671444980024,-0.1011256015662007,-0.11655959216031347,-0.08969505627950175,1.1845330397288194,0.0034877748200388223,0.6409648838646146,0.43188439938534817,0.07572180559710723,0.2743953718924773,6.472979414272922
rotate,shahzaib,rotate,0.11784997582435608,0.0020296871662139893,-0.2317249069456011,-0.20076438784599304,-0.33867135643959045,-0.6357674191240221,0.12795671820640564,-0.18029388785362244,-0.07478834339417517,-0.13424092531204224,-0.29233697056770325,-0.23001732327975333,0.10052630305290222,-0.41220179200172424,-0.13366328575648367,-0.06284406781196594,-0.44284504652023315,-0.09240265586413443,0.0224339239525064,0.0,-0.04632224921475582,0.023010102185335155,1.5901887055598725,2.430185266403446,0.5701924572771724,0.4260327563957828,0.014470035936519776,22433.923952506404,74.63482993799492
rotate,shahzaib,rotate,0.11793231964111328,0.0020296871662139893,-0.24244273104704916,-0.20066875219345093,-0.29330310225486755,-0.6279759595636278,0.12799131870269775,-0.18029388785362244,-0.08598974742926657,-0.1335696280002594,-0.2704550325870514,-0.2272950599435717,0.10062193870544434,-0.41038089990615845,-0.14032133319415152,-0.06274843215942383,-0.4375765025615692,-0.09837483265437186,0.002495267174460711,0.0,-0.3247825485287342,0.0028980500770338117,1.3747955813552613,0.236104835163467,0.5659630573967704,0.4252186749390796,0.0021079846402999795,2495.267174460711,66.80967877831691
rotate,shahzaib,rotate,0.11831751465797424,0.0020296871662139893,-0.24389373161830008,-0.2001723349094391,-0.24325361847877502,-0.6015260408166796,0.12809136509895325,-0.18006572127342224,-0.08948818244971335,-0.12884145975112915,-0.26076534390449524,-0.2241073886398226,0.10109326243400574,-0.41028735041618347,-0.14229517080821097,-0.06225201487541199,-0.4375631511211395,-0.12762053706683218,0.011672576268514184,0.0,-0.04396971428033147,0.015042948000359052,1.5166510235179795,0.8015126893014747,0.5304381543953821,0.4249991551804314,0.009918523014571195,11672.576268514184,17.668420998651474
rotate,shahzaib,rotate,0.11822032928466797,0.00010085105895996094,-0.26294552185572684,-0.19380727410316467,-0.19280046224594116,-0.42389472224749625,0.12729376554489136,-0.17903435230255127,-0.09384371736086905,-0.11838096380233765,-0.2538372874259949,-0.15854749479331076,0.10122835636138916,-0.4092559814453125,-0.14950728812254965,-0.06143391132354736,-0.43653178215026855,-0.15027262666262686,-0.002945011312311234,-0.05844957900769561,-0.5773269768916981,0.19288063049315676,1.5288835222070287,5.382767229368988,0.3896109786288692,0.4251234836306498,0.12615774945168717,0.05038463882322695,138.93094728703767
rotate,shahzaib,rotate,0.11859562993049622,0.001272737979888916,-0.26294552185572684,-0.18949443101882935,-0.15114593505859375,-0.4163269291166216,0.1269075572490692,-0.1779383420944214,-0.09384371736086905,-0.11163017153739929,-0.25231343507766724,-0.14569664397276938,0.10118052363395691,-0.40808409452438354,-0.17119099595583975,-0.06078329682350159,-0.4353598952293396,-0.15722269215621054,0.011372746843280395,0.03551172487663557,0.0,0.13069221467683018,1.2622583996166084,0.22932706457196225,0.40556027521519267,0.41987521392476096,0.10353831765208159,0.3202442753347468,156.3850757183689
rotate,shahzaib,rotate,0.11787733435630798,0.0021491050720214844,-0.26299598289188,-0.17293038964271545,-0.11264640092849731,-0.3251542098587379,0.12774845957756042,-0.17721426486968994,-0.09389417839702219,-0.10613444447517395,-0.2441118359565735,-0.12639569712337106,0.10166719555854797,-0.407207727432251,-0.1712414569919929,-0.059577733278274536,-0.4344968795776367,-0.17436395061668009,-0.021766532551158905,0.02655657854947219,-0.0015291223076708633,0.501940647761035,1.1666525493968802,2.7628096744813693,0.37306066208304806,0.4198269619032187,0.43023967828368676,0.8195977848888447,77.64615657713178
rotate,shahzaib,rotate,0.11661127209663391,0.0028092563152313232,-0.26299598289188,-0.14226943254470825,-0.08856865763664246,-0.3251542098587379,0.12786588072776794,-0.17667058110237122,-0.09389417839702219,-0.10147958993911743,-0.24331626296043396,-0.12639569712337106,0.10231426358222961,-0.4066259562969208,-0.1712414569919929,-0.05783829092979431,-0.43414825201034546,-0.1757355130976066,-0.03836552302042498,0.020004583127570117,0.0,0.9291199120607891,0.7296285846016347,0.0,0.3858494792839374,0.41983388477150363,1.2734131560304982,1.9177408014442048,85.74520398531493
rotate,shahzaib,rotate,0.11523124575614929,0.004511237144470215,-0.2224562562769279,-0.12375414371490479,-0.06428462266921997,-0.3251542098587379,0.12725886702537537,-0.17902761697769165,-0.056592041975818574,-0.09977957606315613,-0.24039942026138306,-0.12639569712337106,0.1012786328792572,-0.4083685874938965,-0.16953965497668833,-0.05627015233039856,-0.4341634511947632,-0.17830863071139902,-0.0418189800146861,0.051575176643603594,1.2284765640894768,0.5610693584789018,0.7358798474976628,0.0,0.4036434825433574,0.41649080625227414,0.7624459318200747,0.8108196988632819,11.154655695771838
rotate,shahzaib,rotate,0.11460345983505249,0.006903886795043945,-0.2224562562769279,-0.11068722605705261,-0.03429216146469116,-0.3251542098587379,0.1266239881515503,-0.17944055795669556,-0.042023795074783266,-0.09838160872459412,-0.23102766275405884,-0.12639569712337106,0.09990549087524414,-0.40939581394195557,-0.16953965497668833,-0.056110113859176636,-0.43416735529899597,-0.18619906378444284,-0.019023815790812477,0.07250453486587177,0.0,0.39596720175310246,0.9088624607433117,0.0,0.42683411817755507,0.4199067013259343,0.4356729243238161,0.26237742850948825,7.246271745912938
idle,shahzaib,rotate,0.11205178499221802,0.0070612430572509766,-0.2224683950189501,-0.09346282482147217,-0.024005532264709473,-0.3293086925987154,0.12572211027145386,-0.17949485778808594,-0.04203593381680548,-0.09827807545661926,-0.22608989477157593,-0.13652818300761282,0.09784972667694092,-0.41189044713974,-0.1372173319105059,-0.05705782771110535,-0.4342941343784332,-0.18334138789214194,-0.07732348008589435,0.004768371582031326,-0.00036784066733989437,0.5219515525933551,0.3117160363630865,-0.12589341636295773,0.4369994449451178,0.42777325879538797,1.674440250950508,16.212509081324598,18.88306924288199
idle,shahzaib,rotate,0.10722440481185913,0.0070251524448394775,-0.2224683950189501,-0.07717090845108032,-0.015784651041030884,-0.3293086925987154,0.1240348219871521,-0.17992886900901794,-0.04203593381680548,-0.09701719880104065,-0.2218094766139984,-0.13652818300761282,0.09538102149963379,-0.4142438769340515,-0.1372173319105059,-0.05881524085998535,-0.4343326687812805,-0.17832076945342124,-0.1462842478896577,-0.001093654921560535,0.0,0.49369443546640085,0.24911761283873568,0.0,0.4453276620902146,0.4299716323238466,1.9817645491868114,133.63503420887702,4.345731319066663
idle,shahzaib,rotate,0.10302692651748657,0.015058577060699463,-0.2227869222406298,-0.06472083926200867,-0.015096008777618408,-0.33422294654883444,0.12195956707000732,-0.17933720350265503,-0.04203593381680548,-0.09536707401275635,-0.22008925676345825,-0.14893712499178946,0.09288054704666138,-0.4155540466308594,-0.1372173319105059,-0.06048104166984558,-0.433716744184494,-0.18334138789214194,-0.12719631195068562,0.2434371095715186,-0.009652340050899775,0.3772748239112683,0.020867947376135957,-0.14891678636724537,0.44500173116392344,0.43914955936236494,18.07828718484811,0.5224995879838493,8.980524024479767
idle,shahzaib,rotate,0.09530907869338989,0.016217738389968872,-0.268488786459784,-0.05585247278213501,-0.013334721326828003,-0.33538111233792733,0.11757683753967285,-0.17818912863731384,-0.0656399645813508,-0.09481954574584961,-0.21810367703437805,-0.15075214886746835,0.08873820304870605,-0.41473424434661865,-0.13728514993272256,-0.06380054354667664,-0.4325575828552246,-0.18627902054868173,-0.2338741764877819,0.03512610088695235,-1.384904976338029,0.2687383781779939,0.0533723469936495,-0.03509593300281544,0.445019565000084,0.45052989031723434,5.0350670009502885,6.657941321159594,4.866621637166196
idle,shahzaib,rotate,0.09131181240081787,0.017296433448791504,-0.2745774610521039,-0.0563054084777832,-0.012039601802825928,-0.33712213473336305,0.11413812637329102,-0.17740404605865479,-0.0810957698704442,-0.09258845448493958,-0.21669983863830566,-0.1511396540881833,0.08662289381027222,-0.4149811565876007,-0.14271988706605043,-0.06507304310798645,-0.43073570728302,-0.19066568450944033,-0.12112928159308697,0.03268772905523003,-0.18450529067635288,-0.013725324110550793,0.03924604618187958,-0.052758254407141054,0.4436584181253444,0.45196495508247925,0.34971610467051645,3.705536589949095,8.586899982850733
idle,shahzaib,rotate,0.0901486873626709,0.01904195547103882,-0.2817597611428937,-0.0563054084777832,-0.010510504245758057,-0.338546924162074,0.11182546615600586,-0.17875641584396362,-0.0810957698704442,-0.09258845448493958,-0.21431434154510498,-0.1556524260522565,0.0848436951637268,-0.4145307242870331,-0.14271988706605043,-0.06613633036613464,-0.42892885208129883,-0.20058510439412203,-0.035246213277181554,0.052894606734767945,-0.21764545729666393,0.0,0.046336289608118045,-0.04317543723366546,0.4406858569823671,0.45535205957383224,0.0,0.6663353622903893,0.5508874706255754
idle,shahzaib,rotate,0.08890390396118164,0.016480684280395508,-0.2817597611428937,-0.0563054084777832,-0.011214494705200195,-0.3395621700765332,0.11078917980194092,-0.18078464269638062,-0.0810957698704442,-0.09258845448493958,-0.21394389867782593,-0.15631613867299166,0.08379095792770386,-0.4146325886249542,-0.14271988706605043,-0.06778615713119507,-0.4288874864578247,-0.20067919032589998,-0.03772070913603871,-0.07761427850434398,0.0,0.0,-0.021333044225519692,-0.030765027710886204,0.44030786694498836,0.4530087006621487,0.0,0.48599592583987905,2.0847861614212575
idle,shahzaib,rotate,0.08804035186767578,0.015345454216003418,-0.2817597611428937,-0.06041845679283142,-0.011350452899932861,-0.36317884163872804,0.10960078239440918,-0.18092060089111328,-0.0810957698704442,-0.09258845448493958,-0.21010249853134155,-0.1737803442956647,0.08277696371078491,-0.4147685468196869,-0.14271988706605043,-0.06999772787094116,-0.42799144983291626,-0.2030096425296506,-0.026168245257752323,-0.034400911042183235,0.0,-0.12463782772872915,-0.0041199452949291174,-0.7156567140058766,0.4464702174870587,0.4520595577190292,30.244960514787177,0.7606625464982196,21.101606065451424
idle,shahzaib,rotate,0.08701005578041077,0.011722207069396973,-0.2815272227162495,-0.06361877918243408,-0.013286769390106201,-0.36621904524508864,0.10884079337120056,-0.18248367309570312,-0.05946165474597365,-0.09542059898376465,-0.2096347212791443,-0.17492862197104841,0.08278259634971619,-0.41633161902427673,-0.13639211806003004,-0.07130932807922363,-0.42887082695961,-0.20922789128962904,-0.03122109355348579,-0.10979536807898493,0.007046618989217349,-0.09697946635159733,-0.05867625727798093,-0.0921273820109285,0.44431461361127134,0.4520090132400492,1.6527607262241548,0.2843545200969313,18.985524522760794
idle,shahzaib,rotate,0.08634597063064575,0.005990058183670044,-0.28177046263590455,-0.06614509224891663,-0.015890032052993774,-0.36734875524416566,0.10862070322036743,-0.1849728524684906,-0.05944418394938111,-0.09787005186080933,-0.21003559231758118,-0.17678838456049562,0.08255016803741455,-0.4187946915626526,-0.1363746472634375,-0.07230702042579651,-0.43136000633239746,-0.21229280019178987,-0.020123792417121977,-0.17370148138566727,-0.007370906656212996,-0.07655494140856316,-0.07888674736023076,-0.03423363633566788,0.4435037971469802,0.4489949162988343,0.9704287924331881,0.11585207221330146,1.9585490864856487
idle,shahzaib,rotate,0.08701023459434509,0.0040666162967681885,-0.28176004718989134,-0.06632322072982788,-0.01673063635826111,-0.3729982478544116,0.10987302660942078,-0.1857694685459137,-0.0594337685033679,-0.09897029399871826,-0.21026787161827087,-0.18229843210428953,0.0838949978351593,-0.41946178674697876,-0.1363642318174243,-0.07208871841430664,-0.4321973919868469,-0.21537985932081938,0.020129211021192465,-0.05828611778490564,0.0003156195761579506,-0.005397832754886598,-0.025472857735374162,-0.1711967457650313,0.4443978199766727,0.4478012461044262,0.21189694984403246,0.34534579485426603,4.9492624100425475
idle,shahzaib,rotate,0.08755849301815033,0.002913743257522583,-0.2814845077227801,-0.06621666252613068,-0.016885846853256226,-0.3750592104624957,0.11050949990749359,-0.1857585608959198,-0.05561873014084995,-0.09972940385341644,-0.2099836766719818,-0.18519385973922908,0.08456037938594818,-0.4194190800189972,-0.13634940306656063,-0.07179976999759674,-0.43235260248184204,-0.220442347927019,0.016613891630461092,-0.0349355466438049,0.008349680821552104,0.003229036475672744,-0.004703348333185191,-0.06245341236618195,0.44333979102026866,0.4465850433071393,0.6863940012465973,0.4755447583256526,3.364988528685184
idle,shahzaib,rotate,0.08819657564163208,0.0023557543754577637,-0.2808695670682937,-0.06604772806167603,-0.0170365571975708,-0.3820236262399703,0.11070889234542847,-0.18575125932693481,-0.05444204923696816,-0.10023152828216553,-0.20982789993286133,-0.18963270750828087,0.08490139245986938,-0.4194050133228302,-0.1413998838979751,-0.07167771458625793,-0.43259817361831665,-0.22356613841839135,0.019335837075204868,-0.016908754001964493,0.018634565287467503,0.0051192261955955625,-0.004566980130744775,-0.21104290234771977,0.44478301365634,0.44423506832000514,1.1206761082739014,1.1434724049183993,4.503078015412445
idle,shahzaib,rotate,0.08952879905700684,0.0017684698104858398,-0.27789449598640203,-0.06496992707252502,-0.01761859655380249,-0.3836319139227271,0.11171233654022217,-0.18560343980789185,-0.05441275890916586,-0.09942370653152466,-0.21031254529953003,-0.1909572770819068,0.08604693412780762,-0.4194404184818268,-0.1413705935701728,-0.07068252563476562,-0.43330636620521545,-0.22388859000056982,0.0403704065265084,-0.01779650196884646,0.09015366914823343,0.032660636034879335,-0.017637556249445414,-0.048735990386569915,0.4453615218648764,0.4427954684623446,1.8516615290384801,2.2683186998475713,5.004396862570372
idle,shahzaib,rotate,0.09045389294624329,0.0014565587043762207,-0.26991575863212347,-0.06437721848487854,-0.01793050765991211,-0.38461932446807623,0.11177250742912292,-0.18540436029434204,-0.05441275890916586,-0.09920546412467957,-0.20982074737548828,-0.1916695972904563,0.08653596043586731,-0.4192892014980316,-0.1415154030546546,-0.07052299380302429,-0.43364062905311584,-0.224707736633718,0.028033148158679248,-0.009451851700291131,0.241779919826614,0.017960866292317027,-0.009451851700291131,-0.02992153167724496,0.4454485284594832,0.43991930650504346,1.90004739963961,2.965575791040483,0.764857636918327
idle,shahzaib,rotate,0.09113524854183197,0.0014521777629852295,-0.26629320066422224,-0.06387127935886383,-0.0179348886013031,-0.3884786097332835,0.11160282790660858,-0.1853991448879242,-0.05250134225934744,-0.09963436424732208,-0.20982512831687927,-0.19314936082810163,0.08636854588985443,-0.4192674458026886,-0.1427564499899745,-0.07054750621318817,-0.43366917967796326,-0.22587475460022688,0.020647139260263483,-0.00013275579972700852,0.1097744838757966,0.015331488667112652,-0.00013275579972700852,-0.11694803833961673,0.4464522219523111,0.43850775577470225,114.62298231855179,154.36444103660298,2.6534403464438068
idle,shahzaib,rotate,0.09169793128967285,0.001443713903427124,-0.2596410687547177,-0.06378132104873657,-0.01869407296180725,-0.4024321313481778,0.11131465435028076,-0.18524649739265442,-0.04870037245564163,-0.10017502307891846,-0.2098388373851776,-0.19673887151293457,0.08652114868164062,-0.4192056655883789,-0.1427391495089978,-0.07057538628578186,-0.433698832988739,-0.2269417371135205,0.017050992358814857,-0.00025648059266986675,0.2015797548334739,0.0027260093977957496,-0.02300558668194432,-0.42283398833013613,0.45063509476747576,0.4366219855531156,0.11848821537421433,66.2224371243276,9.30299471426325
idle,shahzaib,rotate,0.09206652641296387,0.0027726292610168457,-0.2500014177057892,-0.06511083245277405,-0.01920294761657715,-0.41323568136431277,0.11135071516036987,-0.18434041738510132,-0.048300462076440454,-0.10117161273956299,-0.20984011888504028,-0.2049179843161255,0.08639419078826904,-0.41892310976982117,-0.1427377185318619,-0.07092446088790894,-0.4337121248245239,-0.22837594361044466,0.011169549190637016,0.04027016235120433,0.2921106378463228,-0.040288224364772626,-0.015420444083936533,-0.32738030351924696,0.45389952512380943,0.43516085861285664,2.6124806565124548,0.2773585001899749,3.1809760268461607
idle,shahzaib,rotate,0.09233614802360535,0.003669261932373047,-0.23959706933237612,-0.06634059548377991,-0.01948416233062744,-0.41435177833773196,0.11134424805641174,-0.18414515256881714,-0.04422571719624102,-0.10188287496566772,-0.20990461111068726,-0.20926036150194705,0.08616617321968079,-0.4188794791698456,-0.142901228973642,-0.07110640406608582,-0.4337846338748932,-0.23133239359594882,0.008170351837620281,0.027170687010792945,0.31528328404280886,-0.037265546394115535,-0.008521658001523706,-0.03382112040664082,0.45294998492604566,0.43351538927566646,4.372526316021726,0.30069357984194767,8.898660345377099
idle,shahzaib,rotate,0.09280402958393097,0.0038157105445861816,-0.23958467040210962,-0.06724916398525238,-0.01965200901031494,-0.41433937940746546,0.11150331795215607,-0.1840413212776184,-0.04421331826597452,-0.10229195654392242,-0.20995938777923584,-0.212996662594378,0.08585424721240997,-0.41888126730918884,-0.1429646471515298,-0.07114703953266144,-0.4338025152683258,-0.23684075567871332,0.014178229100776667,0.004437836733731427,0.00037572515959090054,-0.027532378832499625,-0.005086263020833415,0.00037572515959090054,0.45060137227171304,0.43365477450925044,5.412021890700113,3.1941316951430196,1.082442200187233
idle,shahzaib,rotate,0.09343071281909943,0.004046261310577393,-0.23958467040210962,-0.06784726679325104,-0.019695281982421875,-0.41433937940746546,0.11199672520160675,-0.18408358097076416,-0.04421331826597452,-0.10241334140300751,-0.2100016474723816,-0.212996662594378,0.08599908649921417,-0.41881832480430603,-0.14384444151073694,-0.07118718326091766,-0.43384477496147156,-0.24173656199127436,0.01899040106571112,0.0069863868482186245,0.0,-0.018124327515111113,-0.0013113021850586146,0.0,0.4486899710900857,0.4336310398115459,13.811092994790359,2.717811605142853,0.3073972138868858
idle,shahzaib,rotate,0.09401260316371918,0.0043961405754089355,-0.23958467040210962,-0.06818689405918121,-0.019719600677490234,-0.41322328243404627,0.11250130832195282,-0.18410789966583252,-0.04421331826597452,-0.10255123674869537,-0.21002596616744995,-0.212996662594378,0.08590404689311981,-0.4187255799770355,-0.14389789197593927,-0.07160870730876923,-0.4338690936565399,-0.24173656199127436,0.017633040746052393,0.01060240196459181,0.0,-0.010291735331217059,-0.0007369301535866198,0.03382112040664082,0.4482624305347665,0.43388212529860387,13.946760789209291,1.6629606993052628,1.052151405232065
idle,shahzaib,rotate,0.09485885500907898,0.004729747772216797,-0.2440853426232934,-0.06805071234703064,-0.019733786582946777,-0.4130202988162637,0.11305496096611023,-0.18412208557128906,-0.04526346642524004,-0.1021246612071991,-0.21000325679779053,-0.212996662594378,0.08606454730033875,-0.4181191325187683,-0.14930564258247614,-0.07146289944648743,-0.43383869528770447,-0.24173656199127436,0.02564399531393381,0.010109308994177777,-0.13638400670254086,0.004126718550017451,-0.00042987592292555133,0.0061510187206847275,0.44814354501086995,0.43343016386869426,9.577510207574267,2.5364205316278086,0.945542256001945
idle,shahzaib,rotate,0.09528987109661102,0.004942893981933594,-0.2516332911327481,-0.06800191104412079,-0.01986527442932129,-0.4046780215576291,0.11319921910762787,-0.18447959423065186,-0.054308452643454075,-0.1020338386297226,-0.21003085374832153,-0.20747535396367311,0.08520840108394623,-0.4175853431224823,-0.15182522404938936,-0.07134534418582916,-0.43384990096092224,-0.24174963403493166,0.013061093561577282,0.00645897605202425,-0.22872571240772266,0.0014788273609046016,-0.003984480193167085,0.2527962805646879,0.44490460664105114,0.4342734132353695,0.3710537474104075,2.021848603832603,7.475305640941847
idle,shahzaib,rotate,0.0953337550163269,0.005179703235626221,-0.25653228047303855,-0.06785410642623901,-0.01904517412185669,-0.40083175781182945,0.11303508281707764,-0.18483978509902954,-0.058236880926415324,-0.10167703032493591,-0.21012663841247559,-0.20468948665075004,0.0851365327835083,-0.41602203249931335,-0.151829271344468,-0.0711292028427124,-0.43397173285484314,-0.24149384978227317,0.001329815748966051,0.007176037990685394,-0.14845422243303763,0.004478927814599069,0.02485152446862329,0.11655344684240955,0.4444809830957574,0.4341400760675855,0.1802202355842678,0.1852875449024976,4.221009317526172
idle,shahzaib,rotate,0.09477654099464417,0.004413127899169922,-0.25709675811231136,-0.06786665320396423,-0.02015817165374756,-0.3929418530315161,0.11293962597846985,-0.18602150678634644,-0.06105414219200611,-0.10167458653450012,-0.2112324833869934,-0.20078899525105953,0.08443525433540344,-0.4169153869152069,-0.15182181261479855,-0.07113990187644958,-0.4347778260707855,-0.24127580784261227,-0.016885273384325702,-0.023229555650191244,-0.01710538300826721,-0.00038020538561272507,-0.03372719793608748,0.2390880236458636,0.4415005789905813,0.4344047349591869,0.011272626730108351,0.7268561991622743,4.118292237290145
idle,shahzaib,rotate,0.09408451616764069,0.003639310598373413,-0.25709675811231136,-0.0681532770395279,-0.02123883366584778,-0.39223157428205013,0.11272527277469635,-0.18715843558311462,-0.06105414219200611,-0.10183386504650116,-0.21232864260673523,-0.19924684427678585,0.08410592377185822,-0.41794687509536743,-0.15182181261479855,-0.07105855643749237,-0.43587368726730347,-0.2400492038577795,-0.02097044930313606,-0.023449009115046094,0.0,-0.008685570774656492,-0.03274733370000718,0.021523598468665264,0.4416899097075127,0.43464617612893225,0.26522176224968014,0.8942618828101397,6.597730244633262
idle,shahzaib,rotate,0.09315459430217743,0.0037322044372558594,-0.25709675811231136,-0.06873591244220734,-0.021418273448944092,-0.38161315582692623,0.11167250573635101,-0.18733787536621094,-0.06105414219200611,-0.10210917890071869,-0.21249604225158691,-0.192524841055274,0.08368293941020966,-0.41812506318092346,-0.1446689274162054,-0.07116986811161041,-0.4360531270503998,-0.22447477839887142,-0.02817945046858399,0.0028149648146196292,0.0,-0.017655618263013716,-0.005437569184736858,0.3217702562158809,0.4434190519384829,0.43668442106823663,3.2463719157170146,10.007032162577064,9.13998573752132
idle,shahzaib,rotate,0.09242498874664307,0.003810703754425049,-0.2565248217433691,-0.06878054141998291,-0.021457314491271973,-0.36034186743199825,0.11034524440765381,-0.1873531937599182,-0.05822942219674587,-0.1022832989692688,-0.2125113606452942,-0.17767410539090633,0.08308136463165283,-0.41809722781181335,-0.14388524554669857,-0.07160350680351257,-0.43606844544410706,-0.2121547069400549,-0.022109259258616218,0.002378767186945045,0.01733140511946179,-0.0013523932659264255,-0.0011830618887236175,0.644584496815975,0.440306476875154,0.43678516476165885,1.1421643402307833,9.290513534224463,9.79556551118778
idle,shahzaib,rotate,0.09248442947864532,0.0038581490516662598,-0.22727533266879618,-0.06825332343578339,-0.021457314491271973,-0.357539868215099,0.11017610132694244,-0.1873304843902588,-0.03921706066466868,-0.1020951122045517,-0.21252340078353882,-0.1769987849984318,0.08332832157611847,-0.41808509826660156,-0.12906399951316416,-0.07105700671672821,-0.43606844544410706,-0.20679851458407938,0.0018012343030987651,0.001437736280036718,0.8863481537749511,0.015976302551500978,0.0,0.08490906717876728,0.4411725356869361,0.43331905592717035,15976.30255150098,1.251955850486231,16.968026700099454
idle,shahzaib,rotate,0.09222392737865448,0.006092727184295654,-0.2066481839865446,-0.06775067746639252,-0.021799743175506592,-0.3546978961676359,0.1103551834821701,-0.1873304843902588,-0.03338646702468395,-0.10151161253452301,-0.21253162622451782,-0.17545017413794994,0.08420465886592865,-0.41794392466545105,-0.12890969030559063,-0.07025618851184845,-0.43653491139411926,-0.205643055960536,-0.007894003030025723,0.06771448886755849,0.625065111583391,0.015231696042147792,-0.010376626794988623,0.08612036507463953,0.44071406005718033,0.43117822785851123,1.4677436704028717,0.11657603248593877,0.31738148274778105
idle,shahzaib,rotate,0.09182631969451904,0.007595926523208618,-0.20221122819930315,-0.06973114609718323,-0.022959917783737183,-0.34556193370372057,0.11111265420913696,-0.18575522303581238,-0.03233570326119661,-0.10098153352737427,-0.2154756486415863,-0.16897824127227068,0.08548998832702637,-0.4171021580696106,-0.12767371255904436,-0.06901812553405762,-0.43746694922447205,-0.20487163681536913,-0.012048717701073393,0.045551495118572934,0.1344532056739785,-0.06001420093304956,-0.035156806310016574,0.2768473473913637,0.4377331917397472,0.4312359602234372,1.7069950384234103,0.26450181641446063,6.258348627305746
idle,shahzaib,rotate,0.09264379739761353,0.009105414152145386,-0.20153102884069085,-0.07032009959220886,-0.022788435220718384,-0.3453376651741564,0.11215102672576904,-0.1843360960483551,-0.03233915427699685,-0.10014188289642334,-0.21618357300758362,-0.16755220899358392,0.08783155679702759,-0.41551512479782104,-0.12608519801869988,-0.06683436036109924,-0.43784287571907043,-0.19539404520764947,0.024772051608924105,0.04574204936172096,0.0206121017761306,-0.017847075606837702,0.0051964413036000474,0.006796016047398358,0.44132236304548134,0.43129784737021165,3.433819559342746,0.5415478844235959,8.372315030150798
idle,shahzaib,rotate,0.09362214803695679,0.010966688394546509,-0.20153912995010614,-0.07100725173950195,-0.02254381775856018,-0.3453457662835717,0.11345630884170532,-0.18236562609672546,-0.032347255386412144,-0.09963101148605347,-0.21710196137428284,-0.1675603101029992,0.09032076597213745,-0.4134577512741089,-0.12325807753950357,-0.06506013870239258,-0.43761205673217773,-0.181772799231112,0.029646989071008403,0.0564022497697319,-0.0002454881640997839,-0.020822792342215204,0.007412650368430516,-0.0002454881640997839,0.44617611624613135,0.43159579154354777,2.8087097863266823,0.5256255480321294,0.2411886205028057
idle,shahzaib,rotate,0.09567640721797943,0.01267746090888977,-0.20153271267190576,-0.07083748281002045,-0.022966057062149048,-0.34533934900537133,0.11569611728191376,-0.18089249730110168,-0.0333899618126452,-0.09810380637645721,-0.2193686068058014,-0.16755389282479882,0.0943356603384018,-0.4119472801685333,-0.12214411282911897,-0.06182341277599335,-0.43797585368156433,-0.1796735138632357,0.06225027821280504,0.051841591343733236,0.0001944629757693246,0.0051445130145909065,-0.01279513041178337,0.0001944629757693246,0.4469446874972428,0.43198439569301783,0.40203661959036935,1.200755529368998,0.9971718080849808
idle,shahzaib,rotate,0.09890325367450714,0.01336643099784851,-0.20333585888147354,-0.06876470148563385,-0.025452226400375366,-0.345339298248291,0.11885841190814972,-0.17966029047966003,-0.04599154368042946,-0.09583587944507599,-0.22264620661735535,-0.1675538420677185,0.09841467440128326,-0.4106692969799042,-0.12103651463985443,-0.05800347030162811,-0.4392433762550354,-0.17851659655570984,0.0977832259553867,0.020877881483598523,-0.054640794229327695,0.06281155528444332,-0.07533846479473812,1.5380933429255876e-06,0.4462832436857217,0.4319487462349317,0.833713850444425,4.683355573055992,2.577930217364867
idle,shahzaib,rotate,0.10000807046890259,0.014351308345794678,-0.20215204253327101,-0.06861427426338196,-0.025913774967193604,-0.3502352376235649,0.11987394094467163,-0.17862433195114136,-0.04628204449545592,-0.09569700062274933,-0.2236657738685608,-0.16780800267588347,0.09954947233200073,-0.4100527912378311,-0.12103842094074935,-0.056718215346336365,-0.4396893084049225,-0.1775825013173744,0.03347929679986256,0.029844768119581293,0.035873222672804406,0.004558400674299833,-0.013986320206613475,-0.1483617992507261,0.4485093930381502,0.43208618314347214,0.3258952113032011,1.1217435137109897,5.175452011371345
idle,shahzaib,rotate,0.10111288726329803,0.015390381217002869,-0.20333776518236846,-0.06846384704113007,-0.026321128010749817,-0.35512927069794387,0.12088946998119354,-0.17753417789936066,-0.04657063900958747,-0.09555812180042267,-0.2246311455965042,-0.16806025698315352,0.1006842702627182,-0.40938208997249603,-0.12214596837293357,-0.05543296039104462,-0.44008104503154755,-0.1775825013173744,0.03347929679986256,0.03148705670327902,-0.03593098936658974,0.004558400674299833,-0.012344031622915754,-0.14830403255694077,0.45043304525469924,0.4324626502509915,0.3692498175410256,1.0632379481321304,0.049797097793215145
idle,shahzaib,rotate,0.10316374897956848,0.016112446784973145,-0.20333776518236846,-0.06612306833267212,-0.02757716178894043,-0.35512927069794387,0.12362167239189148,-0.17421561479568481,-0.04689338698517531,-0.0936642587184906,-0.2271033525466919,-0.16806025698315352,0.10505130887031555,-0.4069063067436218,-0.12325351580511779,-0.050732433795928955,-0.442075252532959,-0.1775825013173744,0.06214732473546573,0.02188077478697723,0.0,0.0709326881350866,-0.03806162964213834,0.0,0.4511855429635987,0.4305367762660294,1.8635782341364693,2.8401409547662575,4.984920047055047
idle,shahzaib,rotate,0.10547178983688354,0.016920417547225952,-0.20333419274538755,-0.06521323323249817,-0.02945694327354431,-0.364805999211967,0.12566441297531128,-0.1731368601322174,-0.04688981454819441,-0.09185805916786194,-0.22994962334632874,-0.17113642673939466,0.10838288068771362,-0.40656647086143494,-0.12214239593595266,-0.04678049683570862,-0.4427843689918518,-0.1699887840077281,0.06994063203985153,0.02448396249250971,0.00010825566608797593,0.027570760611332262,-0.05696307529102763,-0.29323419739464485,0.4573106974059663,0.43120960909183825,0.4840026011213933,2.8564729090864374,9.000755805825658
idle,shahzaib,rotate,0.10498069226741791,0.018237650394439697,-0.20215389807708561,-0.06786207854747772,-0.028795719146728516,-0.39841476758010685,0.1253827065229416,-0.1718153953552246,-0.04689524252898991,-0.09417395293712616,-0.2303749918937683,-0.17625195463187993,0.10809676349163055,-0.4052298069000244,-0.12104027648456395,-0.046676501631736755,-0.4427682161331177,-0.16255988855846226,-0.01488174452926197,0.03991614688526564,0.035766505100059354,-0.08026803984786653,0.020037094751994135,-1.0184475263072847,0.47691674418991975,0.4311772453355672,4.005772047758107,0.3728158370646268,22.339985142863956
idle,shahzaib,rotate,0.10279746353626251,0.018091022968292236,-0.19716931600123644,-0.0710265189409256,-0.029776930809020996,-0.4028891297057271,0.1222691684961319,-0.1716064214706421,-0.04689618665724993,-0.09583054482936859,-0.23086637258529663,-0.17745063919574022,0.1060764342546463,-0.40474534034729004,-0.11807029414921999,-0.04895909130573273,-0.44302621483802795,-0.14874073583632708,-0.06615844639864585,-0.004443255337801678,0.15104794169239352,-0.09589213313478048,-0.029733686736134645,-0.13558673107939626,0.4856473496471663,0.4301836782687889,3.2249249499658914,14.886283836106205,26.80001827520411
idle,shahzaib,rotate,0.10357154905796051,0.0180586576461792,-0.19718529982492328,-0.07476659119129181,-0.030347883701324463,-0.40768883330747485,0.12140275537967682,-0.17150604724884033,-0.04700603289529681,-0.09819500148296356,-0.23089873790740967,-0.17746662301942706,0.10407717525959015,-0.40469443798065186,-0.12964823050424457,-0.051864221692085266,-0.443058580160141,-0.14875671966001391,0.02345713702115183,-0.000980767336758716,-0.0004843582935405577,-0.11333552273837183,-0.017301602797075027,-0.14544556368932812,0.4877504248877096,0.4281141100832236,6.550200803172283,23.89276577340113,0.7145510655710353
idle,shahzaib,rotate,0.10737615823745728,0.017497241497039795,-0.19719059439375997,-0.07512623071670532,-0.03486490249633789,-0.41082325251773,0.12230592966079712,-0.1693933606147766,-0.0470113274641335,-0.09713277220726013,-0.23145073652267456,-0.17803205223754048,0.10630583763122559,-0.4049505293369293,-0.13313647778704762,-0.05194935202598572,-0.4436105787754059,-0.1487620142288506,0.11529118725747957,-0.01701261057998222,-0.0001604414798996691,-0.0108981674367733,-0.13687935742465152,-0.09498240031076352,0.48609288021547675,0.4272776550710979,0.07961819827050357,6.776409199886603,5.010437409183151
idle,shahzaib,rotate,0.11075696349143982,0.017084896564483643,-0.19723574491217732,-0.07651343941688538,-0.03655809164047241,-0.4153889981098473,0.12114432454109192,-0.16901665925979614,-0.04705647798255086,-0.0958256721496582,-0.23145073652267456,-0.1856580344028771,0.10599663853645325,-0.40456125140190125,-0.13318162830546498,-0.05140283703804016,-0.4436105787754059,-0.14880716474726796,0.10244864406007873,-0.01249530098655027,-0.0013681975277987611,-0.042036627278184115,-0.051308761943471164,-0.13835592703386007,0.4872249413910557,0.42651033357098617,0.8192715320818791,8.198317579765716,3.0564317937915098
idle,shahzaib,rotate,0.11058777570724487,0.01360863447189331,-0.21202043537050486,-0.08255285024642944,-0.036867380142211914,-0.430465423502028,0.1187780499458313,-0.1689978837966919,-0.04706535581499338,-0.09800395369529724,-0.23100066184997559,-0.20094796363264322,0.1024513840675354,-0.4045577347278595,-0.1344039523974061,-0.05445858836174011,-0.4430025517940521,-0.1832202160730958,-0.005126902551361815,-0.10534127553303638,-0.4480209229796052,-0.18301244938011632,-0.009372378840590613,-0.4568613755206094,0.47630374531394454,0.4253864497462655,19.524704217394543,0.048668993767406965,10.631077135734412
idle,shahzaib,rotate,0.1123308390378952,0.012250244617462158,-0.21202518744394183,-0.08955736458301544,-0.037878453731536865,-0.43047017557546496,0.11741559207439423,-0.16897380352020264,-0.05142041249200702,-0.10028792917728424,-0.23100066184997559,-0.2009527157060802,0.1003323644399643,-0.40450313687324524,-0.15141143603250384,-0.055656179785728455,-0.44291263818740845,-0.2060000072233379,0.052820100928798706,-0.04116332892215679,-0.0001440022253628956,-0.2122580101995791,-0.0306385936159081,-0.0001440022253628956,0.4643154503013281,0.4213091160143392,6.927572632339829,1.283152241560488,13.883230524498087
idle,shahzaib,rotate,0.11083544790744781,0.011914372444152832,-0.21202692110091448,-0.09391923248767853,-0.04333043098449707,-0.4304719092324376,0.11704345047473907,-0.16858923435211182,-0.051422146148979664,-0.10137243568897247,-0.23061609268188477,-0.20095444936305285,0.09985949099063873,-0.4039798676967621,-0.1514131696894765,-0.05472983419895172,-0.44235649704933167,-0.20600174088031054,-0.045314882740830655,-0.010177944645737319,-5.2535059777173965e-05,-0.13217781529282288,-0.16521143190788765,-5.2535059777173965e-05,0.4595045884617938,0.42043134691979883,0.8000476342271697,4.451825244948883,4.7453708329342295
idle,shahzaib,rotate,0.11167658865451813,0.010360300540924072,-0.21203485131263733,-0.09824682772159576,-0.04480159282684326,-0.43047983944416046,0.11526943743228912,-0.1685541868209839,-0.051430076360702515,-0.10159797966480255,-0.23055696487426758,-0.2009623795747757,0.10053189098834991,-0.4039156138896942,-0.15142109990119934,-0.05298034846782684,-0.4422520101070404,-0.2060096710920334,0.02548911354758426,-0.0470930879766273,-0.00024030944614698483,-0.13113924951263856,-0.04458066188927684,-0.00024030944614698483,0.4586967896337045,0.4188350085935545,2.9415513903078896,0.5412380755782861,3.655617782445693
idle,shahzaib,rotate,0.11601261794567108,0.01084020733833313,-0.2075317413546145,-0.09908764064311981,-0.04847368597984314,-0.4202641905285418,0.11718706786632538,-0.16797050833702087,-0.051450631115585566,-0.1045437902212143,-0.23296669125556946,-0.1983626545406878,0.09992758929729462,-0.40256261825561523,-0.1514416546560824,-0.053994640707969666,-0.44156619906425476,-0.20603022584691644,0.13139482700463706,0.01454263022451713,0.1364578775158456,-0.025479179440123068,-0.11127555009090717,0.30956511865511577,0.44994587908922745,0.4175005654864774,0.22897168737984686,9.034527485657355,10.122829747385461
idle,shahzaib,rotate,0.11680611968040466,0.010763674974441528,-0.16682414803653955,-0.10290712118148804,-0.048510342836380005,-0.41697920951992273,0.11719086766242981,-0.16761168837547302,-0.02734846342355013,-0.10856166481971741,-0.2344466745853424,-0.198125378228724,0.09760162234306335,-0.40209561586380005,-0.13299757335335016,-0.05500149726867676,-0.44041842222213745,-0.20022396836429834,0.024045507113139217,-0.0023191625421697813,1.2335634338810786,-0.11574183449600867,-0.0011108138344504794,0.09954487904906431,0.4504106193893987,0.4146876461919659,104.10181175089872,10.363716625927516,7.689576326027903
idle,shahzaib,rotate,0.1152673214673996,0.011907488107681274,-0.1542012682184577,-0.10400344431400299,-0.048821598291397095,-0.41369089391082525,0.11357252299785614,-0.16822227835655212,-0.003998997621238232,-0.10874985158443451,-0.23357805609703064,-0.1976716360077262,0.09549765288829803,-0.4009166955947876,-0.1041568061336875,-0.05701817572116852,-0.4387403726577759,-0.186796217225492,-0.04663024887893962,0.03466100403756675,0.3825115096388296,-0.033221913106512485,-0.009431983485366002,0.09964592754840473,0.45356968635068823,0.4163160994132839,3.5218881871310166,1.3452842723231369,2.513286914041571
idle,shahzaib,rotate,0.11258432269096375,0.01350972056388855,-0.1126914294436574,-0.10574167966842651,-0.04682222008705139,-0.3168532671406865,0.11183300614356995,-0.16933563351631165,0.007598148658871651,-0.10772928595542908,-0.23090174794197083,-0.14340164978057146,0.09252914786338806,-0.39774805307388306,-0.07666937727481127,-0.05641472339630127,-0.43557173013687134,-0.14530367869883776,-0.08130299322533015,0.048552498672948516,1.2578739022666958,-0.05267379861889548,0.06058721831350712,2.9344735384890996,0.4277716580999902,0.4133191922199068,0.8693736189161506,1.674503289103406,85.93208846274418
idle,shahzaib,rotate,0.10967817902565002,0.013970553874969482,-0.11267390195280313,-0.10737890005111694,-0.04639524221420288,-0.3116411352530122,0.11024543642997742,-0.16958153247833252,0.007615676149725914,-0.1089804470539093,-0.23146545886993408,-0.14063011948019266,0.09173634648323059,-0.39640775322914124,-0.07551959250122309,-0.05719926953315735,-0.43270185589790344,-0.1358019197359681,-0.08806495955496264,0.013964645790331513,0.0005311360864928359,-0.04961273886940775,0.012938723419652047,0.1579433905355883,0.42739937389792265,0.41244721723808464,3.834142142022836,6.3058279493190685,84.14971687413833
idle,shahzaib,rotate,0.10473477840423584,0.016184061765670776,-0.11267390195280313,-0.10834324359893799,-0.04376062750816345,-0.2843917990103364,0.11101347208023071,-0.16587206721305847,0.007615676149725914,-0.10917499661445618,-0.2285541594028473,-0.11947658751159906,0.09012448787689209,-0.3919150233268738,-0.07551959250122309,-0.05910968780517578,-0.4278603792190552,-0.1144382068887353,-0.14980001883073527,0.06707599668791907,0.0,-0.029222531752153343,0.07983680927392335,0.8257374618992792,0.4228957149883429,0.41004727355938986,0.3660237175583175,2.2332547106676746,20.346855373412257
idle,shahzaib,rotate,0.10301825404167175,0.016137778759002686,-0.11267390195280313,-0.11138895153999329,-0.03777652978897095,-0.2585876965895295,0.10908004641532898,-0.16231060028076172,0.007615676149725914,-0.11142858862876892,-0.2230624556541443,-0.10931127611547709,0.08777955174446106,-0.3879988491535187,-0.07528416905552149,-0.06203049421310425,-0.4215868413448334,-0.11252250615507364,-0.052015889774667326,-0.0014025153535784565,0.0,-0.09229418003197523,0.18133629452097813,0.781942497600179,0.4136201789358836,0.40614852479645525,0.5089641393171779,37.061147668991026,3.8567290865596977
idle,shahzaib,rotate,0.10147206485271454,0.016390979290008545,-0.11422027740627527,-0.11229096353054047,-0.03293764591217041,-0.24221443478018045,0.10890774428844452,-0.16355574131011963,0.005085628945380449,-0.11030234396457672,-0.21794283390045166,-0.10457827243953943,0.08635379374027252,-0.38644930720329285,-0.06945356074720621,-0.0636698454618454,-0.41688647866249084,-0.10961475316435099,-0.04685421784718906,0.007672743363814042,-0.046859862226429155,-0.02733369668324832,0.14663284475153376,0.49615944876816126,0.40910071480896104,0.40560191994598327,0.18640782917180118,6.1057837910155675,8.943047266967591
idle,shahzaib,rotate,0.0980503261089325,0.01425352692604065,-0.11417522747069597,-0.11260786652565002,-0.02939864993095398,-0.24216938484460115,0.10802963376045227,-0.16445443034172058,0.004211400169879198,-0.11012032628059387,-0.2143581211566925,-0.10453322250396013,0.08433836698532104,-0.38571789860725403,-0.06633767206221819,-0.06716039776802063,-0.4135083556175232,-0.10495410580188036,-0.10368905284188176,-0.06477128375660393,0.0013651495630091104,-0.009603121063926157,0.10724230246110567,0.0013651495630091104,0.41040683622701785,0.4030553197435839,0.08954518224957644,1.6008244086547285,15.050798180105476
idle,shahzaib,rotate,0.09626327455043793,0.007293999195098877,-0.11415503732860088,-0.1094440370798111,-0.02964794635772705,-0.24214919470250607,0.10619287192821503,-0.17160958051681519,0.004231590311974287,-0.10974957048892975,-0.2142372727394104,-0.10451303236186504,0.08309559524059296,-0.3903091549873352,-0.0663174819201231,-0.06941713392734528,-0.41334256529808044,-0.10393115691840649,-0.054153077530136366,-0.21089477972550028,0.0006118224877299452,0.09587361957087298,-0.007554437174941268,0.0006118224877299452,0.4097901164604225,0.4006870196321395,12.689354348528251,0.25677648742246734,4.724183309413762
idle,shahzaib,rotate,0.09493035078048706,0.002748250961303711,-0.11402712808921933,-0.10569137334823608,-0.02979344129562378,-0.2420212854631245,0.1084972620010376,-0.17540627717971802,0.004359499551355839,-0.1086672842502594,-0.21450501680374146,-0.10438512312248349,0.0830041766166687,-0.3940732479095459,-0.06327643292024732,-0.06998386979103088,-0.4142622947692871,-0.10161774652078748,-0.040391629392451146,-0.13774994647864358,0.0038760375570167814,0.11371708277500218,-0.004408937512022147,0.0038760375570167814,0.41085822232148816,0.4002313938916178,25.7865519556666,0.293222155092149,0.5578873036608353
idle,shahzaib,rotate,0.09491108357906342,3.123283386230469e-05,-0.10690435068681836,-0.101865753531456,-0.03105950355529785,-0.26082167821004987,0.1115012913942337,-0.17626279592514038,0.004359499551355839,-0.10691146552562714,-0.21450501680374146,-0.1055031274445355,0.08491300046443939,-0.39440232515335083,-0.05304700927808881,-0.06775857508182526,-0.4149911403656006,-0.10057003842666745,-0.000583854588595313,-0.0823338826497409,0.21584173946669952,0.11592787323576216,-0.03836552302042704,-0.5697088711189592,0.41742950233410203,0.3982190434371963,3.0215892426332203,0.00709121783872671,17.41192146081167
idle,shahzaib,rotate,0.09679988026618958,-0.00021910667419433594,-0.10690435068681836,-0.09585908055305481,-0.032711565494537354,-0.2755722184665501,0.11385074257850647,-0.17654550075531006,0.030692973639816046,-0.10435459017753601,-0.21416372060775757,-0.11375363217666745,0.08621108531951904,-0.3952510356903076,-0.04414646374061704,-0.06585937738418579,-0.4169536828994751,-0.10057003842666745,0.057236263246245096,-0.007586045698685792,0.0,0.18202039328487746,-0.050062483007255736,-0.44698606837877836,0.4232821163205005,0.4001261049901223,3.635791645948747,7.543946025810733,4.238735018407242
idle,shahzaib,rotate,0.09707742929458618,-0.0003478825092315674,-0.10691376309841871,-0.09282773733139038,-0.036047667264938354,-0.29847812931984663,0.1138772964477539,-0.1774826943874359,0.03411257732659578,-0.10378473997116089,-0.21537283062934875,-0.11650087963789701,0.08490005135536194,-0.39706167578697205,-0.0347060589119792,-0.06753242015838623,-0.41719746589660645,-0.10025690775364637,0.008410576618079117,-0.0039022980314313183,-0.00028522459395004495,0.09185888550498415,-0.10109399304245618,-0.6941185107059662,0.4303564508021701,0.4034155114198819,0.9086393177395719,2.154735956709666,8.120293737772863
idle,shahzaib,rotate,0.0954870879650116,-0.0005882084369659424,-0.10691376309841871,-0.08897462487220764,-0.036048561334609985,-0.3109174994751811,0.11275041103363037,-0.17749211192131042,0.03411257732659578,-0.10378473997116089,-0.21571436524391174,-0.13311259727925062,0.08231380581855774,-0.39716795086860657,-0.03392191510647535,-0.06825783848762512,-0.4175126850605011,-0.09962455462664366,-0.04819216150226092,-0.007282603870738752,0.0,0.11676098361160002,-2.7093020352450715e-05,-0.3769506107677173,0.43656473915197674,0.40345611575849916,4156.2274951833115,6.61652697723839,10.1154996363935
idle,shahzaib,rotate,0.0947907418012619,-0.0003478825092315674,-0.10693491529673338,-0.07679413259029388,-0.036202579736709595,-0.3142431704327464,0.11276639997959137,-0.1780512034893036,0.03411257732659578,-0.10235710442066193,-0.21588775515556335,-0.13315919321030378,0.08231236040592194,-0.3973795771598816,-0.03392191510647535,-0.06817753612995148,-0.417530357837677,-0.10025690775364637,-0.02110139890150624,0.007282603870738752,-0.0006409757065050632,0.3691058267246652,-0.004667224306048844,-0.10077790780501093,0.4373502494584287,0.4038821297807037,79.06771451543084,2.8971096281442876,11.337173734586095
idle,shahzaib,rotate,0.09471441805362701,0.0002129971981048584,-0.12582679372280836,-0.06594781577587128,-0.04282060265541077,-0.32618421595543623,0.1115485280752182,-0.17753687500953674,0.03411257732659578,-0.10116724669933319,-0.21621516346931458,-0.1339848069474101,0.0816691666841507,-0.3975602686405182,-0.03392191510647535,-0.06825385987758636,-0.4179225265979767,-0.10162715893238783,-0.0023128408374207517,0.016996354767769836,-0.5724811644264929,0.3286762671037029,-0.20054614905154305,-0.3618498643239202,0.43718719451016197,0.40846083816285206,1.6388977288289903,0.13607063387335602,9.966042847481239
rotate,shahzaib,rotate,0.09437099099159241,0.002749502658843994,-0.12582679372280836,-0.054512619972229004,-0.05759328603744507,-0.3390755085274577,0.10975843667984009,-0.17500269412994385,0.02812339272350073,-0.10136851668357849,-0.22311139106750488,-0.13753366749733686,0.08129090070724487,-0.39502376317977905,-0.02865303959697485,-0.06859728693962097,-0.41750937700271606,-0.10169872920960188,-0.010406880667715527,0.0768638018405811,0.0,0.3465210849588623,-0.44765707218286477,-0.39064522945520275,0.43137652432488904,0.4096796288182737,0.7740753635227898,0.13539201843386747,7.558247577011065
rotate,shahzaib,rotate,0.09463994204998016,0.004128187894821167,-0.12582679372280836,-0.04144452512264252,-0.09082159399986267,-0.3669965295121074,0.1096651703119278,-0.17401757836341858,0.011785213835537434,-0.10085202753543854,-0.23144832253456116,-0.208801600150764,0.08093620836734772,-0.39391446113586426,-0.02865303959697485,-0.06812037527561188,-0.41998937726020813,-0.10169872920960188,0.008150032072356383,0.04177834048415742,0.0,0.3960028742298998,-1.0069184231035797,-0.8460915449893971,0.4236106152627216,0.4099615607043151,0.393281592492594,0.19507325816803753,21.9074992597762
rotate,shahzaib,rotate,0.09619215130805969,0.004327118396759033,-0.12582679372280836,-0.022598564624786377,-0.13778895139694214,-0.38851896207779646,0.11011773347854614,-0.17418229579925537,0.011785213835537434,-0.09700670838356018,-0.24087822437286377,-0.21176724415272474,0.08117255568504333,-0.3937564790248871,-0.02865303959697485,-0.06766781210899353,-0.4218612015247345,-0.10025690775364637,0.047036644184226366,0.00602819702841996,0.0,0.571089712056225,-1.4232532544568997,-0.6521949262329779,0.40721406204186883,0.4100474085758207,0.4012562831046288,7.801477371283222,14.894362993549944
rotate,shahzaib,rotate,0.09746778011322021,0.005076766014099121,-0.0718808313831687,-0.011448413133621216,-0.18776476383209229,-0.3955400427803397,0.11105364561080933,-0.17343264818191528,0.01181855145841837,-0.09309050440788269,-0.2633473873138428,-0.21612302865833044,0.08229520916938782,-0.393006831407547,-0.020471668802201748,-0.06654515862464905,-0.42415493726730347,-0.09896635916084051,0.038655418338198265,0.02271659446485151,1.6347261315042583,0.33788337852016176,-1.5144185586409376,-0.21276002128919305,0.3832387183937332,0.40167606281988116,0.2231108127151919,1.7015630065060643,15.326245288642115
rotate,shahzaib,rotate,0.09859941899776459,0.0074999332427978516,-0.05689626559615135,-0.00911681354045868,-0.23474019765853882,-0.41114288941025734,0.1116705983877182,-0.17279976606369019,0.011843923479318619,-0.08867041766643524,-0.27058422565460205,-0.2286457009613514,0.0798550695180893,-0.3907703161239624,-0.009150811471045017,-0.06582681834697723,-0.42269960045814514,-0.07920228317379951,0.03429208741043608,0.07342930996056876,0.454077751121745,0.0706545331261386,-1.4234979947408266,-0.47281353423993544,0.3856544150072279,0.40155967247432883,0.04963441027157348,0.4670018065952675,11.630429134936355
rotate,shahzaib,rotate,0.099530890583992,0.011851608753204346,-0.05658339709043503,-0.008536294102668762,-0.27878350019454956,-0.4731995202600956,0.11225111782550812,-0.1702585220336914,0.011881880462169647,-0.08557756245136261,-0.2670062184333801,-0.25066113844513893,0.077845498919487,-0.38786762952804565,-0.007652164436876774,-0.06567810475826263,-0.41921696066856384,-0.07920228317379951,0.02822641170386157,0.13186895486080497,0.009480863809585722,0.01759149811484625,-1.3346455313942862,-1.8805039651466438,0.42216177725765425,0.40328648773890546,0.013180641991006162,0.21404732968670456,42.772411093773755
rotate,shahzaib,rotate,0.10002760589122772,0.016559571027755737,-0.05121409520506859,-0.008111760020256042,-0.3296376168727875,-0.5703282095491886,0.11259745061397552,-0.16558018326759338,0.013152344152331352,-0.08515302836894989,-0.28091904520988464,-0.3174781836569309,0.0770813375711441,-0.3850758969783783,-0.004715463612228632,-0.06526218354701996,-0.41674116253852844,-0.07920228317379951,0.015051979007142393,0.1426655234712489,0.1627061177383708,0.012864669164021323,-1.5410338387344238,-2.943293614820889,0.5020536566293651,0.4049687680924669,0.008348071594920231,0.10550463164665093,32.807705815204464
rotate,shahzaib,rotate,0.10052134096622467,0.013928800821304321,-0.033704303205013275,-0.007659658789634705,-0.38809138536453247,-0.5920740701258183,0.11301474273204803,-0.16444101929664612,0.013152344152331352,-0.08470092713832855,-0.283165842294693,-0.3309301771223545,0.07745440304279327,-0.3843843936920166,-0.004715463612228632,-0.06481008231639862,-0.41399839520454407,-0.07920228317379951,0.0149616689393017,-0.07972030928640782,0.5305997575774422,0.013700037291555911,-1.7713263179316947,-0.6589654720190905,0.5166960556453821,0.4000322954081411,0.007734334108025205,0.18767465152322338,69.57294886508983
rotate,shahzaib,rotate,0.10174211859703064,0.009939223527908325,-0.03379918169230223,-0.010934323072433472,-0.41436320543289185,-0.6217214083299041,0.11288142204284668,-0.16783621907234192,0.0130574656650424,-0.08454522490501404,-0.3004302680492401,-0.35189526434987783,0.07615843415260315,-0.38565120100975037,-0.007747042924165726,-0.0646543800830841,-0.41394224762916565,-0.08174636121839285,0.03699326153957541,-0.12089628161806242,-0.00287510567542283,-0.09923225099390362,-0.7961157596472664,-0.8984041880026151,0.5426408326266822,0.39727197589312957,0.12464534855147405,0.30598919218418974,30.621361813298034
rotate,shahzaib,rotate,0.10269023478031158,0.011596351861953735,-0.03385049710050225,-0.02881963551044464,-0.44866636395454407,-0.6217727237381041,0.11249296367168427,-0.16707202792167664,0.013006150256842375,-0.08661021292209625,-0.30004897713661194,-0.3552777939476073,0.07634319365024567,-0.3844555914402008,-0.007798358332365751,-0.06446100771427155,-0.41172295808792114,-0.08204656327143312,0.028730793432754816,0.05021601012258629,-0.0015550123696976854,-0.5419791647881967,-1.03948965217124,-0.0015550123696976854,0.5421618309524311,0.39778137500908295,0.5213891665655057,0.5721326969212064,31.19290560412019
rotate,shahzaib,rotate,0.10332995653152466,0.007608205080032349,-0.03383941063657403,-0.05491691827774048,-0.498668372631073,-0.6234523230232298,0.11156606674194336,-0.16679581999778748,0.001973336096853018,-0.09003400802612305,-0.3173353970050812,-0.35526670748367906,0.0763704776763916,-0.3835059106349945,-0.036801176611334085,-0.06318655610084534,-0.4160434305667877,-0.08509629452601075,0.019385507612517696,-0.1208529327854985,0.00033595345237038887,-0.7908267505241289,-1.5152123841372644,-0.05089694803411392,0.5447223892774653,0.3920533599771554,0.5219243433322835,0.1604044416736085,16.33757366813522
rotate,shahzaib,rotate,0.1040535420179367,0.007727444171905518,-0.09216421796008945,-0.07015006244182587,-0.5447773337364197,-0.6234484608285129,0.11156316101551056,-0.1666765809059143,-0.03405730752274394,-0.10411117970943451,-0.3433407247066498,-0.3552628452889621,0.0764099508523941,-0.38338667154312134,-0.0649799327366054,-0.06179027259349823,-0.41592419147491455,-0.08509243233129382,0.02192683292157757,0.0036133058143385105,-1.7674184037429195,-0.46161042921471607,-1.3972412456165884,0.000117036203543347,0.5536246307528869,0.39303104840099695,0.3303725110394241,6.066678927552403,10.709581471167613
rotate,shahzaib,rotate,0.10530535876750946,0.007727444171905518,-0.11884292517788708,-0.09022225439548492,-0.5617430508136749,-0.6234099522698671,0.11169780790805817,-0.1666765809059143,-0.06272144918330014,-0.11639805138111115,-0.36323511600494385,-0.3552243367303163,0.07842577993869781,-0.38338667154312134,-0.09999689762480557,-0.06165562570095062,-0.41592419147491455,-0.08505392377264798,0.03793384089614262,0.0,-0.8084456732665645,-0.6082482410199483,-0.514112638704685,0.001166926019571,0.5584858148898029,0.3924894088049934,1.1831007684457397,37933.840896142625,27.127896357039283
rotate,shahzaib,rotate,0.10592363774776459,0.007727444171905518,-0.13188833429012448,-0.11162082850933075,-0.5617430508136749,-0.6233985318103805,0.11166615784168243,-0.1666765809059143,-0.06289463175926358,-0.12136410176753998,-0.36376067996025085,-0.33671753539238125,0.08019755780696869,-0.3814243674278259,-0.09998547716531903,-0.061687275767326355,-0.41592419147491455,-0.08504250331316143,0.018735726674398084,0.0,-0.3953154276435637,-0.6484416398135202,0.0,0.00034607452989528226,0.559985457710818,0.3913039176307833,648441.6398135202,18735.726674398084,15.626729131273581
rotate,shahzaib,rotate,0.10696353018283844,0.008177429437637329,-0.15045524074230343,-0.13135163486003876,-0.562252938747406,-0.6233985318103805,0.1116829663515091,-0.1671694815158844,-0.07505061908159405,-0.13218919932842255,-0.3794226050376892,-0.33261774911079556,0.08154319226741791,-0.38037604093551636,-0.10072218312416226,-0.061712846159935,-0.4121169149875641,-0.08356504573021084,0.03151189197193543,0.013635917143388446,-0.5626335288539167,-0.5979032227487371,-0.015451149507002644,0.0,0.5646331368379847,0.39254728369816133,38.69385437137907,2.310778282261051,1.6014769893340426
rotate,shahzaib,rotate,0.10764074325561523,0.005690515041351318,-0.1697119219461456,-0.1515737771987915,-0.5663174688816071,-0.6233985318103805,0.11175331473350525,-0.16928571462631226,-0.07990505977068096,-0.1385074257850647,-0.38348713517189026,-0.31991635693702847,0.08244290947914124,-0.3829551935195923,-0.10293233825359493,-0.06375342607498169,-0.4110877215862274,-0.08310772909317166,0.020521608265963796,-0.07536104231169849,-0.5835357940558324,-0.6127921920834263,-0.1231675798242762,0.0,0.5689664665142424,0.39514545474801444,4.975231450729503,0.2723069550196919,3.295168676997815
rotate,shahzaib,rotate,0.10887862741947174,0.003952831029891968,-0.19851622765418142,-0.17220711708068848,-0.560356467962265,-0.626400702050887,0.11230321228504181,-0.1706242859363556,-0.08838883822318166,-0.14368538558483124,-0.38661080598831177,-0.3142639029538259,0.08306054770946503,-0.3831988275051117,-0.10418351029511541,-0.06509555876255035,-0.40992480516433716,-0.08309569244738668,0.037511641328983616,-0.052657091256341965,-0.8728577487283253,-0.625252723693824,0.18063639149520652,-0.09097485577292169,0.5738317737436199,0.39931396358086674,3.46136931295543,0.7123623442098433,9.617503089435303
rotate,shahzaib,rotate,0.10946294665336609,0.004852920770645142,-0.20390242768917233,-0.1920509785413742,-0.5402206182479858,-0.6309008492389694,0.11224314570426941,-0.17110952734947205,-0.09336137457285076,-0.1496269553899765,-0.3885993957519531,-0.3079514993587509,0.08313751220703125,-0.3832903206348419,-0.1044052435318008,-0.0656747817993164,-0.40967994928359985,-0.08310772909317166,0.017706643451344165,0.02727544668949055,-0.16321818287851492,-0.6013291351723045,0.6101772640690756,-0.13636809660855784,0.5771387284143433,0.40155683782347973,0.9854974694808707,0.6491550623478544,13.108932794856006
rotate,shahzaib,rotate,0.10919840633869171,0.004814177751541138,-0.20558712305501103,-0.20782487094402313,-0.5312178134918213,-0.6308877957053483,0.11237253248691559,-0.17319431900978088,-0.09463634015992284,-0.15201382339000702,-0.38954001665115356,-0.27813004376366735,0.08339552581310272,-0.38498345017433167,-0.1142684337683022,-0.06644986569881439,-0.4114173948764801,-0.08355199219658971,-0.008016373171950959,-0.0011740308819395311,-0.051051374722385856,-0.4779967394742175,0.2728122653383241,0.0003955616248828055,0.5778542326669176,0.401182106272323,1.7521022626280256,6.822265946507689,11.647182486816314
rotate,shahzaib,rotate,0.10910265147686005,0.007148623466491699,-0.20597657933831215,-0.22627456486225128,-0.4682922065258026,-0.6309119053184986,0.11267246305942535,-0.1735471487045288,-0.09686402603983879,-0.15260951220989227,-0.36069563031196594,-0.27456890419125557,0.08371342718601227,-0.3857501149177551,-0.13361035659909248,-0.06757684051990509,-0.4106641411781311,-0.08548981323838234,-0.0029016624797473154,0.07074077924092342,-0.011801705554578797,-0.5590816338856803,1.9068365747277665,-0.0007305943378896147,0.5709564082801818,0.40031350405346827,0.2931983517083246,0.04101766326607646,49.57682698709887
rotate,shahzaib,rotate,0.10929377377033234,0.007191389799118042,-0.23404375172685832,-0.22662700712680817,-0.41469746828079224,-0.6264189676148817,0.11304564774036407,-0.17432472109794617,-0.10653677291702479,-0.15296195447444916,-0.32465121150016785,-0.2684640482766554,0.08423055708408356,-0.38750115036964417,-0.136849929462187,-0.06792928278446198,-0.4106219410896301,-0.09733271307777613,0.005791584650675548,0.0012959494735255593,-0.8505203754105035,-0.010680068622936072,1.6240829771215524,0.136149627382333,0.552389212759833,0.4072554544532809,0.006576056887073603,4.46554377706944,19.151660644826972
rotate,shahzaib,rotate,0.10948584973812103,0.006328701972961426,-0.2354630003683269,-0.22708992660045624,-0.35465019941329956,-0.6122765014879405,0.1128867119550705,-0.1743738055229187,-0.11242220504209399,-0.15342487394809723,-0.28828543424606323,-0.263464845251292,0.08451388776302338,-0.3878421485424042,-0.15014437539502978,-0.06839220225811005,-0.4100692570209503,-0.12537296814844012,0.005820483872384829,-0.026142055338079697,-0.04300753458995779,-0.014027862837820565,1.8196142081058677,0.4285595796042839,0.515103184261221,0.4040711893320613,0.0077092468645735815,0.2226397717143173,10.659917379808698
rotate,shahzaib,rotate,0.10909953713417053,0.006195485591888428,-0.26067093294113874,-0.22747623920440674,-0.2957509756088257,-0.5420762626454234,0.1127147376537323,-0.17393755912780762,-0.12868500035256147,-0.15231984853744507,-0.27188390493392944,-0.23186357598751783,0.08461159467697144,-0.3879753649234772,-0.17799224238842726,-0.06877851486206055,-0.41018399596214294,-0.14760530274361372,-0.011706442543954747,-0.004036860032515157,-0.763876744630674,-0.011706442543954747,1.7848249637719642,2.1272799649247958,0.44032626774299666,0.4034923600185074,0.006558870602271452,2.8991699686684975,51.48721727492557
rotate,shahzaib,rotate,0.10806974768638611,0.006087571382522583,-0.26067122304812074,-0.22419260442256927,-0.235319584608078,-0.4385001310147345,0.1121964156627655,-0.17404291033744812,-0.12868529045954347,-0.14089971780776978,-0.2560199797153473,-0.19212561333552003,0.08417123556137085,-0.388083279132843,-0.17799253249540925,-0.067668616771698,-0.410278856754303,-0.15653171623125672,-0.031205740841951053,-0.0032701275565406255,-8.791120666445775e-06,0.09950408429810118,1.8312542727498604,3.1386706554753023,0.3669014752703705,0.40345701648293,0.05433654487103989,9.539750530227755,30.86501002499101
rotate,shahzaib,rotate,0.10777795314788818,0.005564570426940918,-0.26069429493509233,-0.2143986076116562,-0.17701852321624756,-0.40575927472673357,0.1119462251663208,-0.17298096418380737,-0.12870836234651506,-0.12601882219314575,-0.245372474193573,-0.19036228931508958,0.08434268832206726,-0.3882674276828766,-0.17801560438238084,-0.06632864475250244,-0.4103856384754181,-0.18704839027486742,-0.008842258742361499,-0.015848513805505254,-0.0006991480900482809,0.2967877821488861,1.7666988300554962,0.9921471602424686,0.3524476916695805,0.4030987723178262,0.16798993077367497,0.5578883271037741,65.34960286972195
rotate,shahzaib,rotate,0.10675106942653656,0.005341589450836182,-0.2607499894220382,-0.20087425410747528,-0.12008833885192871,-0.3562602933961898,0.11163409054279327,-0.17303508520126343,-0.12876405683346093,-0.11979205906391144,-0.23159807920455933,-0.17939945426769555,0.08403055369853973,-0.3888177275657654,-0.1780712988693267,-0.06642954051494598,-0.41043975949287415,-0.18956273165531456,-0.03111768852580727,-0.006756999275901209,-0.0016877117256323766,0.4098288940660947,1.7251571019490834,1.4999691312286225,0.3607872026160925,0.40337768269631746,0.2375601943978758,4.604571154183438,15.815370770014738
rotate,shahzaib,rotate,0.10464665293693542,0.005099833011627197,-0.22964958800002933,-0.17689567804336548,-0.08104598522186279,-0.33196888817474246,0.11147040128707886,-0.17323511838912964,-0.09057244611904025,-0.11547592282295227,-0.22018086910247803,-0.1749345208518207,0.08386686444282532,-0.39032813906669617,-0.17799681378528476,-0.0665932297706604,-0.4105203151702881,-0.19672132981941104,-0.06377019665457744,-0.007325952703302279,0.9424364067275058,0.7266235170942089,1.1831016251534678,0.7361031885286796,0.37284295116173966,0.39932829826586874,0.6141677836273535,8.70350870776551,29.962850453071656
rotate,shahzaib,rotate,0.10176897048950195,0.004582256078720093,-0.21376086631789804,-0.15390413999557495,-0.04073247313499451,-0.3053208873607218,0.11147040128707886,-0.17351320385932922,-0.08386006811633706,-0.1144525408744812,-0.21055254340171814,-0.16478811064735055,0.08386686444282532,-0.39221012592315674,-0.17613260308280587,-0.0665932297706604,-0.41050228476524353,-0.19673108914867043,-0.08720249840707629,-0.01568414948203372,0.48147641461004675,0.6967132741754817,1.2216215783899675,0.8075151761824563,0.39515143035690375,0.3989743926741655,0.5703179414821492,5.559558007844354,2.6204818407231807
rotate,shahzaib,rotate,0.10121335089206696,0.004082083702087402,-0.21376086631789804,-0.1282220333814621,-0.020813584327697754,-0.3053208873607218,0.11131201684474945,-0.1740923523902893,-0.08386006811633706,-0.11042769253253937,-0.2020491361618042,-0.16478811064735055,0.08393360674381256,-0.3948705196380615,-0.17544559994712472,-0.06642962992191315,-0.41059544682502747,-0.2006071344949305,-0.0168369574980305,-0.015156738685839345,0.0,0.7782456549731291,0.6036026911302143,0.0,0.4083052430430363,0.4011606023860951,1.289332166799556,1.110782937151431,30.91318502138712
rotate,shahzaib,rotate,0.10017068684101105,0.0029768049716949463,-0.21376086631789804,-0.11151088774204254,0.0003465116024017334,-0.3053208873607218,0.11166410148143768,-0.17537984251976013,-0.08386006811633706,-0.10832084715366364,-0.1943248212337494,-0.16478811064735055,0.08454082906246185,-0.39687833189964294,-0.17544559994712472,-0.06584198772907257,-0.41069185733795166,-0.2006071344949305,-0.031595880335026326,-0.03349329486037619,0.0,0.5063983527096643,0.6412150281848087,0.0,0.42661828278776187,0.4019906498584729,0.7897468722720576,0.9433212571495067,8.316271439657262
idle,shahzaib,rotate,0.09862606227397919,0.000239640474319458,-0.21376086631789804,-0.09259553253650665,0.009203821420669556,-0.3053208873607218,0.1112360805273056,-0.17842069268226624,-0.08386006811633706,-0.10684420168399811,-0.19202479720115662,-0.1749442801810801,0.08453069627285004,-0.40107712149620056,-0.17544559994712472,-0.06642170250415802,-0.4130248427391052,-0.2119587049819529,-0.046806805061572275,-0.08294437870834945,0.0,0.5731925819859451,0.26840332782630194,0.0,0.4332188953811187,0.4033880048021658,2.135556407111614,0.5643087751296337,11.477211540543692
idle,shahzaib,rotate,0.09667961299419403,2.3037195205688477e-05,-0.2173925929237157,-0.07213731110095978,0.011283189058303833,-0.3235142969060689,0.11104701459407806,-0.1790827214717865,-0.09753637691028416,-0.10166482627391815,-0.1869889795780182,-0.18870384921319783,0.08421565592288971,-0.40239885449409485,-0.17539748479612172,-0.06736518442630768,-0.41118162870407104,-0.2299898259807378,-0.05898331150864204,-0.006563735730720393,-0.11005232138841617,0.619946104107491,0.06301114053437304,-0.5513154407681026,0.4327194496459093,0.4047991085011413,9.838518400582046,8.984872191065245,17.884451020420222
idle,shahzaib,rotate,0.09565158188343048,0.00022932887077331543,-0.22753337840549648,-0.06628550589084625,0.011071830987930298,-0.332515426678583,0.11095146834850311,-0.1800365149974823,-0.10812687198631465,-0.09958179295063019,-0.18720033764839172,-0.20733279804699123,0.08374018967151642,-0.40345102548599243,-0.18194889347068965,-0.06808383762836456,-0.4113326966762543,-0.23189821164123714,-0.031152457901926247,0.006251262895988795,-0.30729652975093724,0.1773274306095036,-0.00640479001131935,-0.27276150825800755,0.4342264880797952,0.40642053961974123,27.682367092295753,4.982589251311302,15.986741374624968
idle,shahzaib,rotate,0.0946744829416275,0.00030496716499328613,-0.2275178818963468,-0.06642065942287445,0.011071830987930298,-0.33249993016943336,0.11071045696735382,-0.1805824339389801,-0.10838707676157355,-0.09971694648265839,-0.18720033764839172,-0.21278355410322547,0.08315609395503998,-0.4041646122932434,-0.18193339696153998,-0.06900732219219208,-0.4113326966762543,-0.23188271513208747,-0.02960905884251338,0.0022920695218172074,0.0004695911863536368,-0.004095561576611913,0.0,0.0004695911863536368,0.4342304685041764,0.40719314736220796,4095.561576611913,12.912412188466421,9.940620634410223
idle,shahzaib,rotate,0.09372195601463318,0.0003635287284851074,-0.22750861034728587,-0.06687766313552856,0.008794784545898438,-0.3324906586203724,0.11009156703948975,-0.18152856826782227,-0.10837780521251261,-0.1001739501953125,-0.1871417760848999,-0.21277428255416453,0.08222058415412903,-0.405112624168396,-0.18192412541247904,-0.07031962275505066,-0.41127413511276245,-0.23187344358302653,-0.028864452333161785,0.001774592833085522,0.0002809560321497239,-0.013848597353155183,-0.0690014073342999,0.0002809560321497239,0.43196477670186073,0.4081925249064467,0.20069730735714905,16.256233859089654,2.1117432608655093
idle,shahzaib,rotate,0.09252934157848358,0.0010133087635040283,-0.22750861034728587,-0.06730879843235016,0.0033918917179107666,-0.3324906586203724,0.1095886081457138,-0.181736022233963,-0.10837780521251261,-0.1006050854921341,-0.18948426842689514,-0.21277428255416453,0.0814303606748581,-0.405511736869812,-0.18192412541247904,-0.07135005295276642,-0.41062435507774353,-0.23187344358302653,-0.03613983139847322,0.019690304091482765,0.0,-0.013064705964290943,-0.1637240250905381,0.0,0.426086385972059,0.40922334411790384,0.0797966343695248,1.8353193486105912,2.870493271585698
idle,shahzaib,rotate,0.09202323853969574,0.0013701319694519043,-0.22151297912932932,-0.07062239944934845,0.0037487149238586426,-0.3324906586203724,0.10940174758434296,-0.18271249532699585,-0.10837780521251261,-0.10142733156681061,-0.1898183822631836,-0.21277428255416453,0.08080257475376129,-0.406177818775177,-0.18141958699561656,-0.0721687525510788,-0.4107658565044403,-0.23187344358302653,-0.01533645572084311,0.0108128244226625,0.18168579448352473,-0.10041215203024743,0.0108128244226625,0.0,0.42655426981355266,0.4096690317130782,9.285535635275712,1.418226810553956,5.9143479468644955
idle,shahzaib,rotate,0.09174603223800659,0.001560807228088379,-0.2139756737742573,-0.07286715507507324,0.003960788249969482,-0.3324906586203724,0.1090913712978363,-0.18329107761383057,-0.09779239282943308,-0.10199925303459167,-0.1897808313369751,-0.2087506263051182,0.08030766248703003,-0.4070548713207245,-0.18133360729552805,-0.07286283373832703,-0.4112353026866913,-0.23187344358302653,-0.008400190960277344,0.005778038140499322,0.2284031925779437,-0.06802289774923721,0.00642646442760131,0.0,0.42721378478418665,0.4100769605360299,10.583162071987218,1.4535621250548707,0.9904520987199794
idle,shahzaib,rotate,0.09149914979934692,0.001529991626739502,-0.2117237844504416,-0.07499325275421143,0.0040724873542785645,-0.33187622809782624,0.10889309644699097,-0.18347793817520142,-0.09565850580111146,-0.10252121090888977,-0.18968921899795532,-0.20808286452665925,0.07982051372528076,-0.4078015089035034,-0.17747787619009614,-0.07347071170806885,-0.4117514193058014,-0.23187106335535645,-0.0074812860199900575,-0.0009338061014811347,0.06823907041865876,-0.0644272023981278,0.0033848213426995095,0.018619106743823693,0.4276831449291129,0.4109275484796155,19.028529823951107,8.003035076618012,0.5819852614044808
idle,shahzaib,rotate,0.09146997332572937,0.0011307001113891602,-0.2117133066058159,-0.07607153058052063,0.0041013360023498535,-0.3311455473303795,0.10887289047241211,-0.18344974517822266,-0.09563883394002914,-0.10281524062156677,-0.19003647565841675,-0.2072058841586113,0.07966086268424988,-0.40819835662841797,-0.17570071667432785,-0.07384225726127625,-0.41201502084732056,-0.2313845381140709,-0.0008841355641682608,-0.012099742889403839,0.000317510443203365,-0.03267508564573222,0.0008742014567056961,0.022141841437779655,0.4279136023278888,0.41107984433588624,37.33435930136925,0.07306456903091998,0.9710737339092054
idle,shahzaib,rotate,0.0914570689201355,0.0008782148361206055,-0.2057013027369976,-0.07703351974487305,0.0033055543899536133,-0.3302711509168148,0.10881924629211426,-0.1833820343017578,-0.08421539142727852,-0.10301867127418518,-0.19013744592666626,-0.20711518451571465,0.07950499653816223,-0.4084846079349518,-0.16932157799601555,-0.07385328412055969,-0.4127332270145416,-0.23140474781394005,-0.00039104259375370536,-0.007651068947532082,0.18218193541873876,-0.029151186798558555,-0.024114594315037968,0.026496861017112,0.42763646616450246,0.41114992043481413,1.2088106317322025,0.051102858120459435,0.7760321322521385
idle,shahzaib,rotate,0.0914570689201355,0.001130133867263794,-0.19838596344925463,-0.07795321941375732,0.003472059965133667,-0.3302808499429375,0.1088150143623352,-0.18309858441352844,-0.07930819154717028,-0.10314524173736572,-0.18996068835258484,-0.20669936598278582,0.07945922017097473,-0.40841227769851685,-0.16408472717739642,-0.07387444376945496,-0.4134020209312439,-0.23141444684006274,0.0,0.007633910034642197,0.22167694811342695,-0.027869686935887636,0.005045623490304739,-0.00029390988250573946,0.4284567672431563,0.411151444185109,5.522442280354213,0.0,1.2005913563372674
idle,shahzaib,rotate,0.09146329760551453,0.0013184547424316406,-0.1899243164807558,-0.07823434472084045,0.002173185348510742,-0.3274915385991335,0.10880020260810852,-0.18280822038650513,-0.06706659682095051,-0.10321030020713806,-0.1896677017211914,-0.20022754557430744,0.07931455969810486,-0.4082118570804596,-0.15332168526947498,-0.07388132810592651,-0.413777232170105,-0.22912477143108845,0.00018874804178873998,0.005706693186904536,0.2564135444999685,-0.00851894869948892,-0.03935983686736198,0.08452458617588018,0.4274455748638098,0.4113422185310991,0.21643210301132684,0.03306905883129714,2.9598589754763123
idle,shahzaib,rotate,0.09164701402187347,0.0020068585872650146,-0.1697618286125362,-0.07848559319972992,0.0014035403728485107,-0.31490301294252276,0.1087954193353653,-0.18211260437965393,-0.0476142312400043,-0.1031489223241806,-0.18908604979515076,-0.18527842266485095,0.07917280495166779,-0.407614141702652,-0.135997764300555,-0.07374651730060577,-0.41392967104911804,-0.21375348372384906,0.005567164132089115,0.020860722570707514,0.6109844808551167,-0.007613590269377449,-0.023322575020066735,0.38147047444273485,0.427498962117595,0.4111994428611291,0.32643324459595063,0.26686023233316863,9.011515640636816
idle,shahzaib,rotate,0.09174719452857971,0.002381831407546997,-0.16294201835989952,-0.07865935564041138,0.0009699165821075439,-0.30856604501605034,0.10870164632797241,-0.18157580494880676,-0.04760486260056496,-0.10321950912475586,-0.18867680430412292,-0.18278926238417625,0.07903745770454407,-0.40709251165390015,-0.13598839566111565,-0.07380300760269165,-0.41360214352607727,-0.20438649877905846,0.0030357729304921026,0.01136281273581783,0.20666091674656908,-0.005265528505498797,-0.013140114870938597,0.19202933110522807,0.42748912850826204,0.41055727105037165,0.4006911557514381,0.26714387160953373,5.749367568346821
