ground_truth,person_id,video_label,left_wrist_x,left_wrist_y,left_wrist_z,right_wrist_x,right_wrist_y,right_wrist_z,left_elbow_x,left_elbow_y,left_elbow_z,right_elbow_x,right_elbow_y,right_elbow_z,left_shoulder_x,left_shoulder_y,left_shoulder_z,right_shoulder_x,right_shoulder_y,right_shoulder_z,left_wrist_x_vel,left_wrist_y_vel,left_wrist_z_vel,right_wrist_x_vel,right_wrist_y_vel,right_wrist_z_vel,right_arm_len,left_arm_len,right_horiz_ratio,left_horiz_ratio,right_wrist_acc
swipe_left,shahzaib,swipe_left,0.14754348993301392,0.024750471115112305,-0.370613249251619,-0.3674026355147362,-0.08966332674026489,-0.38817711384035647,0.14703810214996338,-0.16404679417610168,-0.24594738543964922,-0.22833584249019623,-0.21750131249427795,-0.24979423196054995,0.10792389512062073,-0.37321141362190247,-0.3529970964882523,-0.11898458003997803,-0.3864980638027191,-0.32581912190653384,0.0,0.0,0.0,0.0,0.0,0.0,0.3920598303458479,0.40031700292982497,0.0,0.0,0.0
swipe_left,shahzaib,swipe_left,0.14746378362178802,0.024953693151474,-0.38303194800391793,-0.37420016527175903,-0.09774836897850037,-0.3966958955861628,0.14680151641368866,-0.16375109553337097,-0.25393454590812325,-0.23022781312465668,-0.2204103171825409,-0.2522622481919825,0.10786883533000946,-0.37300997972488403,-0.36159424344077706,-0.11922763288021088,-0.38675656914711,-0.330113394651562,-0.002415342764420943,0.006158243526111949,-0.37632420461511973,-0.20598575021281385,-0.24500127994652948,-0.2581449013880708,0.39111374492539164,0.40050270914989583,0.8407503401918105,0.3921492556969312,12.460941606835071
swipe_left,shahzaib,swipe_left,0.14732790738344193,0.025095701217651367,-0.4042004537768662,-0.3839990943670273,-0.10414376854896545,-0.41903427662327886,0.14659003168344498,-0.1635456681251526,-0.2667446774430573,-0.23316333442926407,-0.22404488921165466,-0.26401004614308476,0.10798875242471695,-0.3727094233036041,-0.3728750986047089,-0.11950304359197617,-0.38708436489105225,-0.33931732596829534,-0.004117461768063632,0.00430327473264752,-0.6414698719075231,-0.29693724531115906,-0.19379998698379053,-0.6769206374883652,0.3954343613746069,0.4009710264905682,1.5321761252742991,0.95659827121003,13.078377279201675
swipe_left,shahzaib,swipe_left,0.14719203114509583,0.025237709283828735,-0.42536895954981446,-0.39379802346229553,-0.11053916811943054,-0.4413726576603949,0.1463785469532013,-0.1633402407169342,-0.27955480897799134,-0.23609885573387146,-0.22767946124076843,-0.275757844094187,0.10810866951942444,-0.3724088668823242,-0.38415595376864076,-0.11977845430374146,-0.3874121606349945,-0.3485212572850287,-0.004117461768063632,0.00430327473264752,-0.6414698719075231,-0.29693724531115906,-0.19379998698379053,-0.6769206374883652,0.40045818860154386,0.4016824872186316,1.5321761252742991,0.95659827121003,0.0
swipe_left,shahzaib,swipe_left,0.14701655507087708,0.025736510753631592,-0.45306672202423215,-0.40738359093666077,-0.12151128053665161,-0.46383215533569455,0.1461600363254547,-0.16272377967834473,-0.29496191488578916,-0.24154755473136902,-0.23461967706680298,-0.2860942636616528,0.10836657881736755,-0.3717097043991089,-0.40459437714889646,-0.12009844183921814,-0.3880179226398468,-0.36316166864708066,-0.005317456794507575,0.015115196054632013,-0.8393261355884147,-0.41168386285955255,-0.3324882550673051,-0.6805908386454438,0.404590032090736,0.4022522626677802,1.2381869687073535,0.35177215056549643,5.455782041590393
swipe_left,shahzaib,swipe_left,0.14688032865524292,0.026571184396743774,-0.4538072436116636,-0.4174106568098068,-0.13182982802391052,-0.4663358419202268,0.1460774540901184,-0.1621570885181427,-0.2960296659730375,-0.24885258078575134,-0.24126407504081726,-0.2883899896405637,0.10859763622283936,-0.37105363607406616,-0.40724504878744483,-0.12029308080673218,-0.3882753252983093,-0.3660809784196317,-0.004128073201035008,0.025293140700369168,-0.02244004810398275,-0.30385048100442597,-0.31268325718966394,-0.07586929044037154,0.4050854042023478,0.4021680001953989,0.9717485738980467,0.1632027452498024,18.623632681564537
swipe_left,shahzaib,swipe_left,0.14678069949150085,0.02794855833053589,-0.45380962267518044,-0.4220522344112396,-0.1461489200592041,-0.46633822098374367,0.14607831835746765,-0.16131246089935303,-0.30063364282250404,-0.25256165862083435,-0.24914976954460144,-0.29144448414444923,0.1087278425693512,-0.3701019585132599,-0.4072474278509617,-0.12040078639984131,-0.3885282576084137,-0.3660833574831486,-0.0030190655679413767,0.04173860405430649,-7.209283384409818e-05,-0.14065386671008484,-0.43391187985738117,-7.209283384409818e-05,0.39974038701848724,0.4025671023151284,0.3241523200609189,0.07233095848281973,6.574761063722539
swipe_left,shahzaib,swipe_left,0.14665156602859497,0.02925834059715271,-0.4538197726942599,-0.4278015196323395,-0.15834608674049377,-0.4663483710028231,0.14618033170700073,-0.16067931056022644,-0.30448018619790673,-0.2562076151371002,-0.2552300691604614,-0.2914546341635287,0.10891973972320557,-0.3694935142993927,-0.40725757787004113,-0.12057673931121826,-0.3888024091720581,-0.366093507502228,-0.003913135239572236,0.03969037171566125,-0.0003075763357408119,-0.17422076427575311,-0.3696111115542325,-0.0003075763357408119,0.3969234433081086,0.40323041860284325,0.4713610805207341,0.09858906534157921,2.198041717352137
swipe_left,shahzaib,swipe_left,0.1464298665523529,0.0301191508769989,-0.45308567001484334,-0.43450844287872314,-0.16815796494483948,-0.46385110332630575,0.14619049429893494,-0.16019240021705627,-0.30448631360195577,-0.2620393931865692,-0.2597131133079529,-0.2914607615675777,0.10900488495826721,-0.3690006732940674,-0.40461332513950765,-0.12079975008964539,-0.38895395398139954,-0.36609963490627706,-0.006718165946729255,0.02608515999533913,0.02224553573989507,-0.20324009837526263,-0.29732964255593036,0.07567477807628385,0.3958779638781838,0.4037905787798596,0.6835491176696714,0.2575375581507437,3.297333242841696
swipe_left,shahzaib,swipe_left,0.14614850282669067,0.03082314133644104,-0.45273630507290363,-0.43761517107486725,-0.17959681153297424,-0.4623757768422365,0.14615076780319214,-0.1594681441783905,-0.3044861722737551,-0.2640218138694763,-0.26464346051216125,-0.28840850479900837,0.10900557041168213,-0.3682641386985779,-0.39824183471500874,-0.12108290195465088,-0.38900497555732727,-0.36378039605915546,-0.00852617350491611,0.02133304422551937,0.010586816422415511,-0.09414327867103353,-0.34663171479196286,0.04470686315361301,0.39212945013885936,0.40449956960882294,0.2715937493884128,0.3996510654420256,3.7472759804486295
swipe_left,shahzaib,swipe_left,0.14600417017936707,0.031774550676345825,-0.4258322585374117,-0.43776194751262665,-0.1903492510318756,-0.4623757768422365,0.14622023701667786,-0.15837755799293518,-0.3044861722737551,-0.2641685903072357,-0.27021700143814087,-0.28920351155102253,0.1090678870677948,-0.3672301471233368,-0.3706077206879854,-0.12122967839241028,-0.3886098563671112,-0.3282777238637209,-0.004373716585563887,0.028830586057720736,0.8152741374391491,-0.004447770841193918,-0.3258314999667078,0.0,0.3968403115044084,0.40449819215541244,0.013650482507571752,0.15169878538099574,3.101680085423038
swipe_left,shahzaib,swipe_left,0.14596986770629883,0.032000988721847534,-0.38345186598598957,-0.43791450560092926,-0.2032383382320404,-0.4623757768422365,0.14606767892837524,-0.15765216946601868,-0.26822911389172077,-0.26432114839553833,-0.27366673946380615,-0.28920351155102253,0.10939085483551025,-0.3665216267108917,-0.34281216748058796,-0.12111645936965942,-0.3884359896183014,-0.3080105949193239,-0.0010394688808556768,0.0068617589545972475,1.2842543197400653,-0.004622972372806437,-0.3905784000049941,0.0,0.39810523930869174,0.4022559934774897,0.011836190983823843,0.15146515967304286,1.9620344569903403
swipe_left,shahzaib,swipe_left,0.14573532342910767,0.032055675983428955,-0.3162263799458742,-0.4382321387529373,-0.21775925159454346,-0.4623757768422365,0.1457500457763672,-0.1569805145263672,-0.20125690288841724,-0.2646387815475464,-0.2807292342185974,-0.28920351155102253,0.10950136184692383,-0.365939199924469,-0.28960387594997883,-0.1199808120727539,-0.388547420501709,-0.2648842800408602,-0.007107402339126118,0.001657189744891541,2.0371359406095544,-0.009625247030547162,-0.4400276776516072,0.0,0.41164960449538557,0.40052662700486436,0.02187413575387001,4.286241885780689,1.5061105447251624
swipe_left,shahzaib,swipe_left,0.1453728973865509,0.032438308000564575,-0.2436039592139423,-0.4382093846797943,-0.23249831795692444,-0.6250842357985675,0.14538314938545227,-0.15609261393547058,-0.1372196818701923,-0.2640850841999054,-0.28854650259017944,-0.2891845847479999,0.10919931530952454,-0.36511150002479553,-0.22081229044124484,-0.11819568276405334,-0.3885060250759125,-0.2163582439534366,-0.010982607350204938,0.011594909610170316,2.200679416119151,0.0006895173679698603,-0.44663837461760586,-4.930559362313065,0.5420370010470934,0.39984226648358273,0.0015437899279708523,0.9471104656225093,149.4113510075177
swipe_left,shahzaib,swipe_left,0.14510172605514526,0.032362908124923706,-0.10021905414760113,-0.42279745638370514,-0.24967557191848755,-0.7726836334913969,0.1448470950126648,-0.15556499361991882,-0.026263432577252388,-0.26019203662872314,-0.2966700792312622,-0.31677992455661297,0.10886192321777344,-0.3648107051849365,-0.11584687046706676,-0.11697694659233093,-0.3888741731643677,-0.13764445297420025,-0.008217313072898164,-0.002284844716389972,4.344997123222456,0.46702813018451994,-0.5205228473200938,-4.4727090209948255,0.7184547275854049,0.39912959181476,0.8972271541236863,3.594869333852101,19.930032622310716
swipe_left,shahzaib,swipe_left,0.14520105719566345,0.03223946690559387,-0.00671139732003212,-0.4037872552871704,-0.2657085955142975,-0.7806224408559501,0.14432594180107117,-0.1554395854473114,0.04905458586290479,-0.2537006139755249,-0.3039488196372986,-0.3280094745568931,0.10885241627693176,-0.36451011896133423,-0.05655784113332629,-0.11614924669265747,-0.38931071758270264,-0.09428228018805385,0.003010034561157229,-0.0037406430099949724,2.8335653584111844,0.5760666998949923,-0.48584919987302877,-0.24056992013797635,0.7543712114825589,0.40151727925837727,1.185687893193294,0.8044686660690469,128.2935004566656
swipe_left,shahzaib,swipe_left,0.145257830619812,0.03220281004905701,0.01990543305873871,-0.37612879276275635,-0.28315815329551697,-0.9088637568056583,0.14346927404403687,-0.15502110123634338,0.07806185260415077,-0.24199220538139343,-0.31220734119415283,-0.3580254949629307,0.10881823301315308,-0.36410287022590637,-0.041738588362932205,-0.11562928557395935,-0.3899630308151245,-0.0887708030641079,0.0017204067923805915,-0.0011108138344504608,0.8065706175385092,0.8381352280125466,-0.5287744782187718,-3.8861004833244883,0.8670753876590692,0.40272325717416935,1.585049349935593,1.547387466383652,110.7633401479592
swipe_left,shahzaib,swipe_left,0.14527073502540588,0.032177120447158813,0.05312938895076513,-0.35669082403182983,-0.29770711064338684,-1.048056342639029,0.14263400435447693,-0.1545220911502838,0.09773614164441824,-0.23629936575889587,-0.3152698874473572,-0.407411583699286,0.10864582657814026,-0.363989919424057,-0.03586989361792803,-0.11557692289352417,-0.39073169231414795,-0.08033361379057169,0.00039104259375369874,-0.0007784727847937375,1.006786542182618,0.5890293554826211,-0.44087749538999577,-4.217957146465775,1.0016370430685246,0.40768931761432525,1.3360355781507849,0.5016757497917976,12.853217402807207
swipe_left,shahzaib,swipe_left,0.1452966332435608,0.03203779458999634,0.06811184622347355,-0.3302982747554779,-0.30719298124313354,-1.0552739333361387,0.14178454875946045,-0.15417557954788208,0.109924690797925,-0.23394158482551575,-0.316314160823822,-0.40945868007838726,0.10834556818008423,-0.36381641030311584,-0.02494516782462597,-0.11553239822387695,-0.3912479281425476,-0.05630454234778881,0.0007847944895426451,-0.004221995671590179,0.454013856748741,0.7997742204955149,-0.2874506242347493,-0.21871486960938535,1.0252460484938652,0.4083203896506168,2.7822915338351817,0.1858383362365912,121.44633429539995
swipe_left,shahzaib,swipe_left,0.14537599682807922,0.031775325536727905,0.07520697917789221,-0.2996305227279663,-0.31099843978881836,-1.0572421038523316,0.14082714915275574,-0.15413245558738708,0.12404014822095633,-0.21494144201278687,-0.3168431520462036,-0.42262471560388803,0.10829833149909973,-0.3634772002696991,-0.011917718686163425,-0.11526846885681152,-0.392514705657959,-0.04459449741989374,0.002404957106619168,-0.007953607674800982,0.21500402892177736,0.9293258190155022,-0.11531692562681245,-0.059641530793724584,1.0325160741229091,0.4064357580239601,8.058814915063175,0.3023350999745362,8.11521454235227
swipe_left,shahzaib,swipe_left,0.14544448256492615,0.03168058395385742,0.07516856864094734,-0.26537203788757324,-0.31441766023635864,-1.0572805143892765,0.13972726464271545,-0.15419429540634155,0.12400173768401146,-0.20105698704719543,-0.31692978739738464,-0.4295978285372257,0.10829660296440125,-0.3631511926651001,-0.006799495313316584,-0.11391961574554443,-0.39260134100914,-0.036908235400915146,0.00207532535899769,-0.0028709570566813124,-0.0011639556649959439,1.0381359042543343,-0.10361274083455395,-0.0011639556649959439,1.0345095996846863,0.4049578500230706,10.019287942822043,0.7226171276376362,3.7600492084325303
swipe_left,shahzaib,swipe_left,0.14534127712249756,0.031362175941467285,0.07494761701673269,-0.22474348545074463,-0.314516544342041,-1.0575014660134912,0.13854366540908813,-0.15429317951202393,0.12378078605979681,-0.1916252076625824,-0.317028671503067,-0.42288407776504755,0.10801190137863159,-0.36325007677078247,0.020389546640217304,-0.11344864964485168,-0.3927002251148224,-0.03634175378829241,-0.0031274376493511855,-0.009648727648185985,-0.006695503764080296,1.2311682556614763,-0.0029964880509810088,-0.006695503764080296,1.030177842068102,0.40011110372904174,410.7333322841915,0.32409594999700336,6.598530392519363
swipe_left,shahzaib,swipe_left,0.14541220664978027,0.030427515506744385,0.06783725693821907,-0.19017192721366882,-0.31680014729499817,-1.0483044125139713,0.13744264841079712,-0.15462487936019897,0.10965010151267052,-0.18346872925758362,-0.31736037135124207,-0.44008544459939003,0.10792124271392822,-0.3635817766189575,0.028461772948503494,-0.11282256245613098,-0.39303192496299744,-0.036344319581985474,0.0021493796146277206,-0.028323043476451502,-0.21546545692465502,1.047622976881084,-0.06920008948355004,0.2786985908945399,1.0177708179358118,0.39774278547531244,15.138822014212899,0.07588533806674552,10.476331076737223
swipe_left,shahzaib,swipe_left,0.14491426944732666,0.028835713863372803,0.04407864902168512,-0.16625604033470154,-0.31770041584968567,-1.0476767336949706,0.1355760097503662,-0.15554994344711304,0.10220813099294901,-0.1617368757724762,-0.3213502764701843,-0.4549882626160979,0.10724300146102905,-0.364482045173645,0.030904843471944332,-0.11235830187797546,-0.3937849998474121,-0.0362270949408412,-0.015089006134957965,-0.048236413435502445,-0.7199578156525432,0.7247238448171898,-0.027280865293560583,0.019020570272749105,1.0157382546053464,0.3953372397817583,26.56430698630597,0.3128071150650161,12.620538933567717
swipe_left,shahzaib,swipe_left,0.1444234549999237,0.026941120624542236,0.026490447111427784,-0.1510990560054779,-0.31749290227890015,-0.9831857020035386,0.1347511112689972,-0.15835034847259521,0.08950456138700247,-0.14997807145118713,-0.3225991129875183,-0.46392660681158304,0.10607704520225525,-0.36628568172454834,0.033907595090568066,-0.11220303177833557,-0.39334091544151306,-0.044838801957666874,-0.014873165072816778,-0.057411916328198934,-0.5329758154623432,0.4593025554310188,0.006288290023803706,1.9542736876191498,0.9422105532348337,0.39516171286475354,73.0293170918578,0.2590560804783866,59.20176064911491
swipe_left,shahzaib,swipe_left,0.14355140924453735,0.025612860918045044,0.02362833172082901,-0.11667278409004211,-0.31700316071510315,-0.9630671925842762,0.13413721323013306,-0.1611069142818451,0.08787621930241585,-0.13749220967292786,-0.3226049244403839,-0.4761563129723072,0.10238045454025269,-0.3665159046649933,0.03084103949368,-0.11219805479049683,-0.39334672689437866,-0.06831154599785805,-0.02642562895110166,-0.040250294136278654,-0.08673076941208427,1.0432203610738144,0.014840653448393887,0.6096518005837109,0.8980178341199873,0.3943501482976217,70.29003639663263,0.6565162566359359,44.423055564798
swipe_left,shahzaib,swipe_left,0.1428048312664032,0.025196343660354614,0.023305505514144897,-0.08304530382156372,-0.3155882954597473,-0.936266228556633,0.13323375582695007,-0.16368207335472107,0.08590686321258545,-0.12789630889892578,-0.336328387260437,-0.48606885969638824,0.0993681252002716,-0.3669324219226837,0.03077622316777706,-0.11218944191932678,-0.3937632441520691,-0.09582836180925369,-0.022623575094974382,-0.012621735081528161,-0.009782612323760978,1.0190145535902535,0.04287470470775254,0.8121504250800964,0.8445688315651924,0.3945979318924685,23.76671265314506,1.7922878796752406,6.238121646730256
swipe_left,shahzaib,swipe_left,0.14265602827072144,0.02511349320411682,0.020161893218755722,-0.0487406849861145,-0.31324902176856995,-0.9360563047230244,0.13323646783828735,-0.16404452919960022,0.08490040525794029,-0.12228551506996155,-0.34025028347969055,-0.4932803697884083,0.09874773025512695,-0.3670152723789215,0.03156186640262604,-0.1121867299079895,-0.3938460946083069,-0.11083267256617546,-0.004509181687326138,-0.002510619885993724,-0.09526097864815675,1.0395339041045208,0.07088708155082928,0.006361328291170519,0.8315740086346523,0.3947440522932507,14.664438384598377,1.795328071923621,24.440512768277657
swipe_left,shahzaib,swipe_left,0.14255475997924805,0.025074690580368042,-0.001452772761695087,-0.02561330795288086,-0.3038167357444763,-0.9360641930252314,0.13323968648910522,-0.1641521155834198,0.0627854373306036,-0.12018904089927673,-0.34028908610343933,-0.4932882580906153,0.09875094890594482,-0.3670540750026703,0.03386424668133259,-0.11123356223106384,-0.39542263746261597,-0.12263269163668156,-0.0030687361052541993,-0.0011758370832963413,-0.6549898781954785,0.7008296070676855,0.28582684921495816,-0.00023903946081797262,0.823039049270133,0.39614521898485944,2.4519290509743974,2.6076133636600027,12.157644845916407
swipe_left,shahzaib,swipe_left,0.14256566762924194,0.025514453649520874,-0.0014809396816417575,-0.006684482097625732,-0.28590336441993713,-0.9348412584513426,0.13325059413909912,-0.164740651845932,0.06275727041065693,-0.10939747095108032,-0.3408443033695221,-0.49331642501056194,0.09876185655593872,-0.36725789308547974,0.041839851066470146,-0.10958591103553772,-0.39625582098960876,-0.12266085855662823,0.0003305348482998943,0.013326153610691912,-0.0008535430286869879,0.573600783492581,0.5428294340769463,0.0370586234511752,0.8260770973229821,0.39757462335429167,1.0566850115321151,0.02480160865218194,8.76321606314027
swipe_left,shahzaib,swipe_left,0.14265277981758118,0.02481865882873535,-0.0015053552342578769,0.009793311357498169,-0.27194565534591675,-0.87512650154531,0.1334054172039032,-0.16609257459640503,0.06273285485804081,-0.1005687415599823,-0.3421962261199951,-0.48613577149808407,0.09884896874427795,-0.36860981583595276,0.046019064262509346,-0.10841596126556396,-0.3976077437400818,-0.12268527410924435,0.0026397632830070703,-0.021084691538955206,-0.0007398652307914959,0.4993270743976935,0.4229608810309204,1.8095380880615912,0.7719664457339771,0.3987020303309647,1.1805486423046962,0.1251921606711444,53.88121229110666
swipe_left,shahzaib,swipe_left,0.14284464716911316,0.025231212377548218,-0.0015053552342578769,0.021528512239456177,-0.26037895679473877,-0.7944534029811621,0.1344376504421234,-0.1672651469707489,0.06273285485804081,-0.09555953741073608,-0.34089216589927673,-0.4616322722285986,0.09910562634468079,-0.3698157072067261,0.04742569662630558,-0.10772037506103516,-0.3988136351108551,-0.12268527410924435,0.005814162167635846,0.012501622691299006,0.0,0.35561214793812235,0.35050601670236387,2.444639350428732,0.6979554813861548,0.400461506829165,1.0145649901214204,0.46503540186669123,19.853857725548096
swipe_left,shahzaib,swipe_left,0.14332035183906555,0.02477923035621643,0.005787583068013191,0.025377660989761353,-0.2520017623901367,-0.7203695978969336,0.13616660237312317,-0.16880175471305847,0.06979537196457386,-0.09267809987068176,-0.3412848711013794,-0.41676523350179195,0.09946104884147644,-0.37142109870910645,0.05224762670695782,-0.10725408792495728,-0.4004190266132355,-0.11236551217734814,0.01441529302886032,-0.013696424888841976,0.22099813037184962,0.11664087122136847,0.25385437589703075,2.2449637904311577,0.6397560733524575,0.40131891914764883,0.45947764867772806,1.052408985327098,9.880792696102107
swipe_left,shahzaib,swipe_left,0.14368893206119537,0.024292826652526855,0.005787583068013191,0.031054213643074036,-0.2382928729057312,-0.6197932567447424,0.13798601925373077,-0.16910487413406372,0.06979537196457386,-0.08746941387653351,-0.3305835723876953,-0.36788939498364925,0.09982748329639435,-0.37199148535728455,0.05224762670695782,-0.10689045488834381,-0.40044862031936646,-0.1100065317004919,0.011169097640297658,-0.014739506172411406,0.0,0.17201674707008174,0.4154208934668349,3.0477679137027702,0.5524542723401275,0.4014020656246919,0.4140772303417722,0.7577146611967737,24.871842081528943
swipe_left,shahzaib,swipe_left,0.14405526220798492,0.024185597896575928,0.005742901936173439,0.03125084936618805,-0.22760534286499023,-0.5413647871464491,0.13899357616901398,-0.16923600435256958,0.06975069083273411,-0.08610211312770844,-0.3182840347290039,-0.32551795057952404,0.1000535637140274,-0.3721661865711212,0.052202945575118065,-0.1066938191652298,-0.4001123011112213,-0.10458520613610744,0.011100913539077249,-0.0032493562409371905,-0.0013539736921136972,0.005958658276182207,0.32386454668911885,2.3766202908573626,0.4894525356019511,0.4014840248079787,0.018398555626239464,3.415291345380797,21.133989985978932
swipe_left,shahzaib,swipe_left,0.14455115795135498,0.024054139852523804,0.005690395832061768,0.03143399953842163,-0.22244051098823547,-0.5414172932505608,0.13917672634124756,-0.1687755286693573,0.06969818472862244,-0.08591896295547485,-0.3055921494960785,-0.3120965287089348,0.10025769472122192,-0.3724508285522461,0.05215043947100639,-0.10651066899299622,-0.39837634563446045,-0.101249560713768,0.015027143738486588,-0.003983577092488617,-0.0015910940639900478,0.005550005219199455,0.15651005687135677,-0.0015910940639900478,0.49368996572291,0.40166732068904903,0.035460786797710045,3.771327142048392,72.24522749562385
swipe_left,shahzaib,swipe_left,0.1450340449810028,0.02401554584503174,-0.03902454301714897,0.03157427906990051,-0.20447415113449097,-0.5414408519864082,0.13931700587272644,-0.16659492254257202,0.044328127056360245,-0.08577868342399597,-0.29008007049560547,-0.31212008744478226,0.10100260376930237,-0.3725225031375885,0.03765520825982094,-0.1069597601890564,-0.39689120650291443,-0.10127311944961548,0.014632940292358435,-0.0011695153785474402,-1.3549981469457832,0.00425089489329946,0.5444351470831682,-0.0007139010862870668,0.49996363467420174,0.40627697001186314,0.007807885123120035,12.501279829844945,11.755401734769574
swipe_left,shahzaib,swipe_left,0.14635953307151794,0.025021463632583618,-0.04210369475185871,0.025426417589187622,-0.18650969862937927,-0.5414138045161963,0.13931700587272644,-0.16187319159507751,0.04398310370743275,-0.08577868342399597,-0.2787286341190338,-0.3120930399745703,0.10173109173774719,-0.37064191699028015,0.02479618415236473,-0.10697969794273376,-0.3954024016857147,-0.1012460719794035,0.04016630577318579,0.030482357198541685,-0.09330762832453716,-0.18629883274887468,0.544377348639746,0.0008196203094540186,0.5048912492676184,0.40375339297545815,0.34222307557672893,1.317647052835353,5.774421427458298
idle,shahzaib,swipe_left,0.1480802595615387,0.026549071073532104,-0.05180647503584623,0.01869341731071472,-0.17108020186424255,-0.5328715136274695,0.13870617747306824,-0.1544182002544403,0.04193002823740244,-0.08808869123458862,-0.2690502405166626,-0.3056275835260749,0.10205307602882385,-0.3669719099998474,0.020122154615819454,-0.10708844661712646,-0.39322394132614136,-0.1012474512681365,0.052143226970325945,0.04629113457419667,-0.2940236449693196,-0.20403031146887626,0.46756050803444715,0.25885729965838583,0.501466100033543,0.40267976350007434,0.4363710612676109,1.1263949578032786,8.176130250843084
idle,shahzaib,swipe_left,0.14886412024497986,0.027728796005249023,-0.05207306798547506,0.01678827404975891,-0.1568896770477295,-0.5248602693900466,0.1379903256893158,-0.14734941720962524,0.041594685055315495,-0.09334695339202881,-0.2583221197128296,-0.30560127552598715,0.10333344340324402,-0.3631488084793091,-0.00559238763526082,-0.10730788111686707,-0.3931121528148651,-0.1313416874036193,0.023753354043671637,0.03574924035505824,-0.008078574231176685,-0.05773161396835804,0.4300159035306999,0.24276497689160495,0.47545534822242014,0.39625597518153843,0.13425428976011508,0.6644250166645611,4.6028566478027075
idle,shahzaib,swipe_left,0.14815542101860046,0.02949663996696472,-0.07740745414048433,0.0036003291606903076,-0.13177630305290222,-0.5387224080041051,0.13631752133369446,-0.14619138836860657,0.02685790415853262,-0.10240033268928528,-0.2363104522228241,-0.31202365178614855,0.10305824875831604,-0.36127185821533203,-0.03567931894212961,-0.10898128151893616,-0.3915863037109375,-0.14045139867812395,-0.021475734132708833,0.05357102914289972,-0.767708671363914,-0.3996346936081378,0.7610113331765808,-0.42006480648661926,0.48866722048310446,0.39556922451658644,0.5251356334003183,0.400875876391088,24.72621455042056
idle,shahzaib,swipe_left,0.14747267961502075,0.029812902212142944,-0.1300951335579157,-0.017172574996948242,-0.09847542643547058,-0.5387390945106745,0.13558441400527954,-0.14466163516044617,-0.02976713329553604,-0.11164259910583496,-0.21941927075386047,-0.31582880951464176,0.1034160852432251,-0.3606640100479126,-0.12678892351686954,-0.10966452956199646,-0.39009350538253784,-0.19665602780878544,-0.020689133441809504,0.009583704399340105,-1.5965963459827723,-0.6294819441708667,1.0091174732555068,-0.0005056517142238052,0.4589299403527841,0.392968362009747,0.6237938962113154,2.1585572783271156,16.33038989864933
idle,shahzaib,swipe_left,0.14729928970336914,0.030549079179763794,-0.14675224758684635,-0.03501003980636597,-0.07507368922233582,-0.506099471822381,0.13541102409362793,-0.14466163516044617,-0.03499961085617542,-0.120110422372818,-0.206447571516037,-0.31582880951464176,0.1037520170211792,-0.3606640100479126,-0.1441871915012598,-0.11033335328102112,-0.3889135420322418,-0.22605016268789768,-0.005254239747018538,0.02230839295820762,-0.5047610311797184,-0.5405292366490233,0.7091435519131765,0.9890794754028345,0.4273133163280148,0.3936376832238513,0.7622271583286485,0.23551693032891352,31.450628317315847
idle,shahzaib,swipe_left,0.14729928970336914,0.03167662024497986,-0.19061374105513096,-0.05366748571395874,-0.042606502771377563,-0.5034809205681086,0.13541102409362793,-0.14466163516044617,-0.06746636517345905,-0.13089588284492493,-0.1912613809108734,-0.31168476678431034,0.10474812984466553,-0.3606640100479126,-0.22906110621988773,-0.11142617464065552,-0.3872738778591156,-0.33577034808695316,0.0,0.03416791106715332,-1.3291361657055885,-0.5653771487149302,0.9838541348775186,0.07935003800825606,0.38763191524738944,0.39650973666740796,0.5746548741500593,0.0,28.80686730040069
idle,shahzaib,swipe_left,0.14681178331375122,0.03273001313209534,-0.19061374105513096,-0.07353025674819946,-0.021696895360946655,-0.4884658847004175,0.13541102409362793,-0.1436542570590973,-0.06746636517345905,-0.14164191484451294,-0.1821591556072235,-0.29099331237375736,0.10609084367752075,-0.3596566319465637,-0.22906110621988773,-0.11200082302093506,-0.3848989009857178,-0.33577034808695316,-0.014772920897512762,0.031920996579257004,0.0,-0.6019021525527507,0.6336244669827563,0.4550010868997296,0.3958681703053114,0.39636305838089303,0.9499336499508645,0.46278185829743007,15.60263589113768
idle,shahzaib,swipe_left,0.1467927098274231,0.032030731439590454,-0.19059982150793076,-0.0985928475856781,-0.004211753606796265,-0.4884519651532173,0.13557696342468262,-0.14536496996879578,-0.06745244562625885,-0.14953932166099548,-0.17567798495292664,-0.29097939282655716,0.10658389329910278,-0.3611264228820801,-0.22904718667268753,-0.11232399940490723,-0.38356253504753113,-0.33575642853975296,-0.0005779844341856036,-0.02119035431832969,0.00042180446061220855,-0.7594724496205616,0.5298527804287975,0.00042180446061220855,0.40915948823368714,0.39707366672827116,1.4333623306526933,0.027274539677988853,14.914487981963823
idle,shahzaib,swipe_left,0.14739593863487244,0.030356884002685547,-0.19059982150793076,-0.11328965425491333,0.01552492380142212,-0.4339855685830116,0.13656631112098694,-0.14852511882781982,-0.06745244562625885,-0.15604013204574585,-0.1666441559791565,-0.290071465075016,0.10736563801765442,-0.3630429804325104,-0.22904718667268753,-0.11282393336296082,-0.3827894330024719,-0.33575642853975296,0.01827966083179825,-0.05072264960317913,0.0,-0.44535777785561415,0.5980811335823768,1.6504968657638128,0.410248105036071,0.39729595793721273,0.7446431733180553,0.36037747628184397,50.94218660099291
idle,shahzaib,swipe_left,0.14746448397636414,0.028676241636276245,-0.1835770383477211,-0.13028493523597717,0.02961471676826477,-0.38038168102502823,0.13736525177955627,-0.15160009264945984,-0.06349492073059082,-0.1599881947040558,-0.16178444027900696,-0.2401677444577217,0.10752657055854797,-0.3652604818344116,-0.2116798833012581,-0.11354139447212219,-0.3810459077358246,-0.3044608011841774,0.002077131560354527,-0.05092855655785775,0.21281161091544465,-0.5150085145776935,0.4269634232376572,1.624360229029804,0.41795511083274056,0.39695207383445263,1.206209432327876,0.04078440302135427,5.654225501626612
idle,shahzaib,swipe_left,0.14740905165672302,0.026081562042236328,-0.14964135736227036,-0.15163296461105347,0.03203326463699341,-0.3198951855301857,0.13818678259849548,-0.1550607681274414,-0.06349492073059082,-0.16381514072418213,-0.16410952806472778,-0.18878843635320663,0.10768547654151917,-0.3680191934108734,-0.19041847437620163,-0.1140933632850647,-0.3803274929523468,-0.2310933843255043,-0.0016797672618519106,-0.07862665436484563,1.0283539692560788,-0.6469099810629152,0.07328932935541295,1.8329241059043113,0.4234812581030765,0.3981910862144115,8.82667586232012,0.021363568268964326,13.06838172113426
idle,shahzaib,swipe_left,0.14764893054962158,0.022441178560256958,-0.1496025174856186,-0.16184088587760925,0.028249293565750122,-0.30095773935317993,0.13912957906723022,-0.1588447391986847,-0.06345608085393906,-0.16578224301338196,-0.162862628698349,-0.18874959647655487,0.10820472240447998,-0.3718031644821167,-0.19037963449954987,-0.11452996730804443,-0.38158100843429565,-0.22361943125724792,0.0072690573605624295,-0.1103146509690721,0.001176965959144364,-0.30933094747138823,-0.11466579003767562,0.5738620053638126,0.4197385059206339,0.398305436630079,2.697650709239812,0.0658932553695429,39.9094947615852
idle,shahzaib,swipe_left,0.14785927534103394,0.020889580249786377,-0.1477314904332161,-0.16897234320640564,0.0266152024269104,-0.29500090330839157,0.1397450566291809,-0.16047883033752441,-0.06342069804668427,-0.16726264357566833,-0.15980350971221924,-0.1830325499176979,0.10865986347198486,-0.3734372556209564,-0.19034425169229507,-0.1148642897605896,-0.3805462419986725,-0.22358404844999313,0.006374084588253152,-0.04701813062032075,0.056697789466742456,-0.21610476753928498,-0.0495179132981735,0.18051018317540532,0.41690345456986544,0.3985550085005009,4.364085420009731,0.13556364195084453,12.408009442915555
idle,shahzaib,swipe_left,0.147951140999794,0.020835846662521362,-0.1457408145070076,-0.17578117549419403,0.02634367346763611,-0.293991319835186,0.14029158651828766,-0.1607503592967987,-0.061805419623851776,-0.1678360253572464,-0.16007503867149353,-0.18163412064313889,0.10938175022602081,-0.3737087845802307,-0.1873743012547493,-0.11491255462169647,-0.3792567551136017,-0.22358404844999313,0.002783807841214255,-0.0016282905231822552,0.06032351291540872,-0.2063282511451019,-0.008228150281039116,0.03059343858198673,0.41614165921728125,0.3986055834605351,25.072850063329785,1.7086012602448886,4.7213886371780065
idle,shahzaib,swipe_left,0.14791080355644226,0.02156040072441101,-0.14042817801237106,-0.17966940999031067,0.026073426008224487,-0.293991319835186,0.14066126942634583,-0.16044828295707703,-0.061805419623851776,-0.16768354177474976,-0.1602141559123993,-0.17529015988111496,0.10999491810798645,-0.37356966733932495,-0.18829134851694107,-0.11510196328163147,-0.3782501220703125,-0.22358404844999313,-0.0012223467682347183,0.021956183693625765,0.16098898468595602,-0.11782528776111054,-0.008189316951867327,0.0,0.41545597909911386,0.39982029481773756,14.38592528879451,0.05566956059986732,2.837621858978116
idle,shahzaib,swipe_left,0.14838282763957977,0.022539228200912476,-0.1457408145070076,-0.18143944442272186,0.021400898694992065,-0.29500090330839157,0.1416236013174057,-0.15948662161827087,-0.06582149863243103,-0.1670226901769638,-0.1602141559123993,-0.17529015988111496,0.11087177693843842,-0.3733181357383728,-0.19034425169229507,-0.11458028852939606,-0.3782501220703125,-0.22388707846403122,0.014303760095076067,0.029661438681862443,-0.16098898468595493,-0.05363740704276322,-0.14159173676461825,-0.03059343858198673,0.41139793534911223,0.40012447827945397,0.3788146784105832,0.4822179406247647,4.5808969860462385
idle,shahzaib,swipe_left,0.14865081012248993,0.023356735706329346,-0.1477138502523303,-0.18307162821292877,0.01519232988357544,-0.2949832631275058,0.14243881404399872,-0.15872687101364136,-0.06594585906714201,-0.16650085151195526,-0.16272205114364624,-0.17527251970022917,0.1114075630903244,-0.37304970622062683,-0.19231245946139097,-0.11406026780605316,-0.37820062041282654,-0.22413216065615416,0.008120681300307785,0.024772954709602186,-0.05978896197947604,-0.04946011485475495,-0.18813844883080733,0.0005345509359330855,0.4056358711079692,0.4006421877362277,0.2628907183587751,0.32779107718156414,1.7015624823079052
idle,shahzaib,swipe_left,0.1491004228591919,0.023848265409469604,-0.15446564089506865,-0.18233531713485718,0.014066725969314575,-0.2944549424573779,0.14322614669799805,-0.15833565592765808,-0.06867324840277433,-0.16565752029418945,-0.1641685664653778,-0.17244755756109953,0.112143874168396,-0.3728344142436981,-0.1990514351055026,-0.11333772540092468,-0.378101646900177,-0.22460521291941404,0.013624628384908074,0.014894839489098788,-0.20459971644661695,0.022312456911260485,-0.03410920952305658,0.01600971727660212,0.4042717960243006,0.4008875501600518,0.6541284038779803,0.9146599891116561,5.170711949894531
idle,shahzaib,swipe_left,0.14935965836048126,0.023935586214065552,-0.16697691939771175,-0.18197326362133026,0.014098018407821655,-0.29396351240575314,0.14358820021152496,-0.158304363489151,-0.06867567263543606,-0.16461454331874847,-0.16423162817955017,-0.1718242522329092,0.11250592768192291,-0.37273040413856506,-0.20372343622148037,-0.1130615621805191,-0.37809377908706665,-0.23078837059438229,0.007855621251192926,0.0026460849877559664,-0.3791296515952441,0.010971318591724696,0.0009482557123357559,0.014891819746205237,0.4031802663333435,0.40006550946818753,11.55781150342353,2.9676498063072887,1.1170672699461648
idle,shahzaib,swipe_left,0.14944662153720856,0.024182140827178955,-0.1730323974043131,-0.18165193498134613,0.014218688011169434,-0.29396372474730015,0.1439095288515091,-0.15818369388580322,-0.06867588497698307,-0.1639048308134079,-0.1641109585762024,-0.16846113838255405,0.11282725632190704,-0.3726097345352173,-0.20372364856302738,-0.11305601894855499,-0.37802594900131226,-0.2307885829359293,0.0026352477796150043,0.0074713519125273915,-0.1834993335333742,0.009737231514670656,0.0036566546469023824,-6.4345923337069585e-06,0.4031778187156606,0.39965825796556026,2.6621516940963748,0.3526664443087877,0.4603830979880211
idle,shahzaib,swipe_left,0.15009093284606934,0.02587038278579712,-0.17681399919092655,-0.17743462324142456,0.014748752117156982,-0.2925292495638132,0.14480513334274292,-0.15765362977981567,-0.06867588497698307,-0.1622779667377472,-0.16358089447021484,-0.16731257177889347,0.1135634183883667,-0.37207967042922974,-0.20372364856302738,-0.11233958601951599,-0.37754008173942566,-0.2307885829359293,0.019524585116993346,0.05115884723085358,-0.11459399353374163,0.1277973254521691,0.016062548666289398,0.04346894495414976,0.4024174486216206,0.4005279433393253,7.955734321667147,0.3816388471390591,3.830931168966752
idle,shahzaib,swipe_left,0.1508186161518097,0.027059495449066162,-0.1859594378620386,-0.17386800050735474,0.016211986541748047,-0.2925292495638132,0.14591774344444275,-0.15700465440750122,-0.06916145421564579,-0.1597936749458313,-0.16291749477386475,-0.16477384604513645,0.114583820104599,-0.37141627073287964,-0.20444188453257084,-0.11138859391212463,-0.3769553601741791,-0.23081217147409916,0.022051009264859193,0.03603371706875873,-0.27713450518521276,0.10807947678999422,0.04434043710881995,0.0,0.40285634722574,0.4005464985663971,2.437437391231872,0.6119379048483472,1.681198822908317
idle,shahzaib,swipe_left,0.15092802047729492,0.027451008558273315,-0.19211717881262302,-0.1719968318939209,0.016248494386672974,-0.2925292495638132,0.1468227505683899,-0.15699097514152527,-0.06916145421564579,-0.1567087471485138,-0.16225239634513855,-0.16477384604513645,0.11542457342147827,-0.3714025914669037,-0.20444188453257084,-0.11063677072525024,-0.3770520091056824,-0.23081217147409916,0.003315282590461508,0.011864033612338008,-0.18659821062377052,0.05670207919496492,0.0011062983310583894,0.0,0.4028142759162032,0.4006202533284761,51.20759022617451,0.2794161987888571,2.034781974926154
idle,shahzaib,swipe_left,0.14980773627758026,0.02756550908088684,-0.19293219223618507,-0.16983725130558014,0.016782790422439575,-0.2944427318871021,0.14703522622585297,-0.15694144368171692,-0.0755644403398037,-0.15428410470485687,-0.15992972254753113,-0.16729772463440895,0.1155415028333664,-0.37135306000709534,-0.20546144619584084,-0.11068196594715118,-0.3770284354686737,-0.23176147416234016,-0.033948006051959495,0.003469712806470475,-0.02469737647157733,0.0654418360103262,0.01619078896262433,-0.057984312826937036,0.403132198532512,0.40058355148762925,4.041668043067153,9.781277779212957,1.8347992488495937
idle,shahzaib,swipe_left,0.14849339425563812,0.02778923511505127,-0.23545481730252504,-0.1648438721895218,0.020466208457946777,-0.3033088343217969,0.14745859801769257,-0.15691310167312622,-0.0987402768805623,-0.1512458771467209,-0.1586126685142517,-0.1673116134479642,0.1160924881696701,-0.37132471799850464,-0.2151147024706006,-0.11017976701259613,-0.3770497739315033,-0.2317753629758954,-0.039828546119458845,0.006779576792861493,-1.2885643959496993,0.1513145186684352,0.11161872834870337,-0.26866977074832693,0.4075833143942947,0.4009432460542231,1.3556252188298121,5.873917121828019,7.476253894047742
idle,shahzaib,swipe_left,0.14662304520606995,0.02828076481819153,-0.28138367971405387,-0.159704327583313,0.022286027669906616,-0.34636293491348624,0.14721933007240295,-0.15670862793922424,-0.14290495356544852,-0.14792770147323608,-0.15738043189048767,-0.19845253368839622,0.11597183346748352,-0.371109277009964,-0.26445184787735343,-0.11043164134025574,-0.37688520550727844,-0.2794353826902807,-0.05667724392630775,0.014894839489098588,-1.391783709440252,0.15574377594571953,0.055146036726055114,-1.3046697148996629,0.40773124512648196,0.40092217352235054,2.824154935457046,3.8049043135693412,31.440831182930545
idle,shahzaib,swipe_left,0.1447693556547165,0.028789013624191284,-0.2813876299187541,-0.1557038277387619,0.02629038691520691,-0.3463668851181865,0.14712046086788177,-0.1566043198108673,-0.14290890377014875,-0.14560909569263458,-0.15687265992164612,-0.19845648389309645,0.11590681970119476,-0.3710853159427643,-0.26445579808205366,-0.11071167886257172,-0.3769862651824951,-0.2794393328949809,-0.05617241064707452,0.01540147896968961,-0.00011970317273428975,0.12122726801669989,0.12134421955455463,-0.00011970317273428975,0.4112610470664808,0.40127199298933985,0.9990279671643619,3.646972072327816,39.59649929599635
idle,shahzaib,swipe_left,0.14357434213161469,0.029078632593154907,-0.281381179112941,-0.15569429099559784,0.026238292455673218,-0.3463604343123734,0.14695684611797333,-0.15654948353767395,-0.14290245296433568,-0.1448913961648941,-0.15662893652915955,-0.19845003308728337,0.11584733426570892,-0.37107494473457336,-0.2644493472762406,-0.11084206402301788,-0.37706106901168823,-0.27943288208916783,-0.03621253100308514,0.008776332392837084,0.00019547896403254933,0.00028899221709280376,-0.0015786199858694404,0.00019547896403254933,0.41126803239611415,0.4014702471450662,0.18295046889631447,4.125687553161038,5.22551049556395
idle,shahzaib,swipe_left,0.1429944932460785,0.02923157811164856,-0.28137018345296383,-0.15563243627548218,0.026259511709213257,-0.3463494386523962,0.14676323533058167,-0.1565282642841339,-0.14289145730435848,-0.14482954144477844,-0.1566077172756195,-0.19843903742730618,0.11578646302223206,-0.3710467517375946,-0.2644383516162634,-0.11078020930290222,-0.37705379724502563,-0.27942188642919064,-0.017571178349581676,0.00463471268162584,0.0003332018174908386,0.0018743854580503569,0.0006430076830314884,0.0003332018174908386,0.4112817096475445,0.40155909301733855,2.9105017027548565,3.790394175900285,0.08281141692572296
idle,shahzaib,swipe_left,0.14252960681915283,0.029247432947158813,-0.27359323762357235,-0.15556934475898743,0.02627536654472351,-0.3356864061206579,0.14657384157180786,-0.15651240944862366,-0.13930725120007992,-0.1447664499282837,-0.15659186244010925,-0.2017845120280981,0.11570024490356445,-0.3710019588470459,-0.2509633209556341,-0.11071711778640747,-0.3770517408847809,-0.28142364881932735,-0.014087467482595768,0.00048044956091678625,0.23566502513307572,0.0019118641362045798,0.00048044956091678625,0.32312219793146385,0.4094251148644816,0.4017853947330916,3.9710580119004955,29.26052618216147,9.78148603703967
idle,shahzaib,swipe_left,0.14270558953285217,0.029262781143188477,-0.24320646189153194,-0.15540185570716858,0.026095032691955566,-0.33526756428182125,0.14649274945259094,-0.156497061252594,-0.11868707649409771,-0.14459046721458435,-0.1565765142440796,-0.20102920196950436,0.11573544144630432,-0.37089115381240845,-0.2509633209556341,-0.11054113507270813,-0.3770402669906616,-0.28381811641156673,0.005332809506040572,0.0004650968493837248,0.9208113858193961,0.005075425812692298,-0.005464662205089162,0.012692176934444403,0.40887357433831634,0.40113679638098365,0.9286021752252619,11.441419338259067,9.40918364335305
idle,shahzaib,swipe_left,0.14275863766670227,0.029372692108154297,-0.24321745755150914,-0.1597815454006195,0.024117767810821533,-0.33527855994179845,0.14620962738990784,-0.15635931491851807,-0.11869807215407491,-0.14503136277198792,-0.15731722116470337,-0.20104019762948155,0.11561313271522522,-0.37076157331466675,-0.2509743166156113,-0.11048075556755066,-0.3770369589328766,-0.28382911207154393,0.0016075192075787209,0.0033306353019945632,-0.0003332018174908386,-0.1327178694985133,-0.05991711761012237,-0.0003332018174908386,0.40743432397520163,0.40112900377194316,2.214987299202009,0.4825015531010675,4.50708274604502
swipe_left,shahzaib,swipe_left,0.14269384741783142,0.02902984619140625,-0.24318901542574167,-0.1693950891494751,0.022223174571990967,-0.335250117816031,0.14587834477424622,-0.15632539987564087,-0.11866963002830744,-0.14624062180519104,-0.15849173069000244,-0.20101175550371408,0.11523476243019104,-0.3707401752471924,-0.25094587448984385,-0.11051860451698303,-0.3770681917667389,-0.2843072200194001,-0.0019633408748742356,-0.010389270204486295,0.0008618825990142266,-0.2913195075410792,-0.05741191632819912,0.0008618825990142266,0.40681103046899775,0.4007870260523866,5.074110952242183,0.18895955891758304,4.806846189952142
swipe_left,shahzaib,swipe_left,0.14342036843299866,0.029010415077209473,-0.24317585304379463,-0.1810731291770935,0.018519818782806396,-0.3356557972729206,0.14540234208106995,-0.15632539987564087,-0.1186564676463604,-0.1487082839012146,-0.16130894422531128,-0.2017539031803608,0.11463788151741028,-0.3706900179386139,-0.2585715539753437,-0.11075696349143982,-0.3770681917667389,-0.29120152071118355,0.022015788338401156,-0.0005888216423265876,0.00039886005900123,-0.35388000083692234,-0.11222290270256302,-0.012293316875443345,0.4042405471398272,0.40103104033635156,3.1533389261541007,37.32617923540162,2.551781246824701
swipe_left,shahzaib,swipe_left,0.14371469616889954,0.0288580060005188,-0.2649418730288744,-0.19399017095565796,0.007889509201049805,-0.3525512833148241,0.14500918984413147,-0.1563267707824707,-0.12382952310144901,-0.15190178155899048,-0.16531860828399658,-0.20839663036167622,0.11434462666511536,-0.3705768883228302,-0.2776637990027666,-0.11084499955177307,-0.3770758807659149,-0.3146785516291857,0.008919022300026655,-0.0046184568694143694,-0.659576363184237,-0.39142550844134805,-0.3221305933865642,-0.5119844255122284,0.39565871000842506,0.40071521456796133,1.2151105836167702,1.9307512879013766,16.46327989061913
swipe_left,shahzaib,swipe_left,0.14407484233379364,0.028679102659225464,-0.26620062347501516,-0.21787141263484955,0.0020512044429779053,-0.3604734754189849,0.14462052285671234,-0.15625163912773132,-0.12929957266896963,-0.15617124736309052,-0.1684587299823761,-0.216102278791368,0.11378394067287445,-0.3705041706562042,-0.28747912403196096,-0.1112336665391922,-0.3771766424179077,-0.3258190667256713,0.010913520148306209,-0.005421313372525315,-0.03814395291335664,-0.7236739902785349,-0.17691832600217922,-0.2400664273988123,0.3954570732317079,0.40089599524590475,4.090417969767875,2.0127055370138986,13.734162896527579
swipe_left,shahzaib,swipe_left,0.14448584616184235,0.028168171644210815,-0.26744374074041843,-0.24239642918109894,-0.0007564723491668701,-0.3789831642061472,0.1439734250307083,-0.15610340237617493,-0.13719611801207066,-0.16687770187854767,-0.16966935992240906,-0.23502861894667149,0.11309881508350372,-0.37044066190719604,-0.2898415569216013,-0.11193521320819855,-0.37757229804992676,-0.3296675030142069,0.01245466145602126,-0.015482758030746752,-0.037670220163735064,-0.7431823195833067,-0.08508111491347711,-0.5608996602170333,0.40179886735837306,0.40046948707087765,8.734883004954378,0.8043694193160028,10.12994594741369
swipe_left,shahzaib,swipe_left,0.1458934247493744,0.027773529291152954,-0.2706415895372629,-0.2642801105976105,-0.005314916372299194,-0.38540094532072544,0.1437719762325287,-0.1559639871120453,-0.1500572208315134,-0.17424702644348145,-0.1714230477809906,-0.24766012467443943,0.11288240551948547,-0.3704524636268616,-0.2971967104822397,-0.11231410503387451,-0.37789514660835266,-0.3319088462740183,0.04265389659188021,-0.011958859183571586,-0.09690450899528759,-0.6631418611064118,-0.13813466736764654,-0.19447821559328068,0.40592006537022873,0.40047327410769495,4.800656294955792,3.5664213045644266,11.478643462555002
swipe_left,shahzaib,swipe_left,0.14763836562633514,0.027773529291152954,-0.2709691468626261,-0.28791989386081696,-0.013446003198623657,-0.40107771195471287,0.14453326165676117,-0.15588602423667908,-0.16599283553659916,-0.18236176669597626,-0.1745578944683075,-0.2520026210695505,0.11284331977367401,-0.37035828828811646,-0.30280166305601597,-0.11258240044116974,-0.3778937757015228,-0.3365951422601938,0.05287699627153814,0.0,-0.009925979556459394,-0.7163570685820164,-0.2463965704946813,-0.47505353436325654,0.4095404952815024,0.40091513874143475,2.90732196402675,52876.99627153814,9.254835555286887
swipe_left,shahzaib,swipe_left,0.14880739152431488,0.027773529291152954,-0.3211874905973673,-0.30977587401866913,-0.025721460580825806,-0.40328689850866795,0.14483241736888885,-0.1558840572834015,-0.21047724224627018,-0.19217441976070404,-0.17984595894813538,-0.273192698135972,0.11274544894695282,-0.37035176157951355,-0.3309787753969431,-0.11296568810939789,-0.3778937757015228,-0.348728621378541,0.03542502721150725,0.0,-1.5217679919618587,-0.662302429025825,-0.37198355703642966,-0.06694504708954799,0.4071071043577122,0.39987508073313616,1.7804567864384855,35425.02721150725,13.042507766680236
swipe_left,shahzaib,swipe_left,0.1496277004480362,0.02779930830001831,-0.3584044510498643,-0.33280226588249207,-0.0452040433883667,-0.4044096702709794,0.14494122564792633,-0.15577924251556396,-0.2547955149784684,-0.2041103094816208,-0.18887609243392944,-0.2834579283371568,0.11233009397983551,-0.37018582224845886,-0.3634739750996232,-0.11349861323833466,-0.37786799669265747,-0.35787617508322,0.024857846173373197,0.0007811820868289851,-1.1277866803787,-0.6977694504188786,-0.5903812971982103,-0.03402338673671095,0.4011542896012678,0.3997611482623546,1.1818942636496685,31.780127149355277,6.778627233886847
swipe_left,shahzaib,swipe_left,0.15030598640441895,0.02948865294456482,-0.3650624165311456,-0.3510769456624985,-0.06216248869895935,-0.4137323806062341,0.14545542001724243,-0.1542322337627411,-0.26204365584999323,-0.2158730924129486,-0.19746944308280945,-0.2924351701512933,0.11188417673110962,-0.36875036358833313,-0.37035167310386896,-0.11441421508789062,-0.3768838346004486,-0.3630447993054986,0.02055411989038618,0.05119226195595425,-0.20175652973579417,-0.5537781751517032,-0.5138922821391656,-0.28250637379559296,0.3970239344261161,0.40012313852457204,1.0776131823450001,0.401500492546667,9.006061199247137
swipe_left,shahzaib,swipe_left,0.15073640644550323,0.03094726800918579,-0.3771542413160205,-0.3679349720478058,-0.07840973138809204,-0.4348620278760791,0.1459168940782547,-0.15279704332351685,-0.2723963065072894,-0.22901375591754913,-0.20560222864151,-0.3067130846902728,0.11160941421985626,-0.3671931326389313,-0.3796724481508136,-0.1160399466753006,-0.37619712948799133,-0.37121070455759764,0.013043031548008807,0.04420045650366592,-0.3664189328749984,-0.5108492844032532,-0.4923406875494767,-0.6402923415104564,0.39519606429558074,0.4000662963991491,1.0375909603468558,0.29508148779954935,10.939274723765442
swipe_left,shahzaib,swipe_left,0.15057900547981262,0.03226828575134277,-0.4038776261731982,-0.38683998584747314,-0.09470772743225098,-0.47961295675486326,0.14562520384788513,-0.15084797143936157,-0.2830897970125079,-0.2378978729248047,-0.21226030588150024,-0.3283033771440387,0.1110105812549591,-0.36539649963378906,-0.3927736384794116,-0.11789944767951965,-0.3755304515361786,-0.3824736876413226,-0.004769726233048884,0.04003084067142381,-0.8097995411266,-0.5728792060505274,-0.49387866800481744,-1.3560887539025543,0.4007823013147312,0.3997827413405245,1.1599570566750674,0.11914831177007779,21.772143779888314
swipe_left,shahzaib,swipe_left,0.15035833418369293,0.033564090728759766,-0.4038684954866767,-0.40192297101020813,-0.11281299591064453,-0.5152659704908729,0.1452702432870865,-0.1491979956626892,-0.2830806663259864,-0.24206207692623138,-0.2236587405204773,-0.33276221062988043,0.11049897968769073,-0.3635789453983307,-0.39276450779289007,-0.11863569915294647,-0.37636658549308777,-0.3824645569548011,-0.006687008973323954,0.03926681749748471,0.0002766874703493992,-0.4570601564465158,-0.5486444993452606,-1.080394355636657,0.4090823736306659,0.3992926969377041,0.8330700916930142,0.17029235133203643,9.212357939979782
swipe_left,shahzaib,swipe_left,0.14937780797481537,0.03464612364768982,-0.4038481912575662,-0.4029034972190857,-0.13191315531730652,-0.5359790823422372,0.14428971707820892,-0.14811596274375916,-0.2830603620968759,-0.2442459911108017,-0.23361584544181824,-0.3339569172821939,0.10957090556621552,-0.3622274398803711,-0.3927442035637796,-0.11961622536182404,-0.3772907257080078,-0.3824442527256906,-0.0297129154205323,0.03278887633121383,0.0006152796700145274,-0.0297129154205323,-0.5787927092927889,-0.6276700561019523,0.40501206692215436,0.3990194399393761,0.051335933586489114,0.9061612529550024,18.88765953241058
swipe_left,shahzaib,swipe_left,0.14905843138694763,0.035386115312576294,-0.4038481912575662,-0.40322287380695343,-0.1539035141468048,-0.556552757974714,0.1439703404903412,-0.14737597107887268,-0.2830603620968759,-0.24456536769866943,-0.2405851185321808,-0.3340220949612558,0.10925152897834778,-0.36097440123558044,-0.3927442035637796,-0.11993560194969177,-0.3781810402870178,-0.3824442527256906,-0.009678078420234474,0.02242398984504474,0.0,-0.009678078420234474,-0.6663745099847983,-0.6234447161356623,0.4010808630786979,0.39850915560422595,0.014523460534219294,0.43157559878998303,2.7255583844064315
swipe_left,shahzaib,swipe_left,0.1487499475479126,0.03649458289146423,-0.35746385669335723,-0.40353135764598846,-0.1794281303882599,-0.5788880488835275,0.14366185665130615,-0.14626750349998474,-0.21665838873013854,-0.24487385153770447,-0.2547113597393036,-0.3407996795140207,0.10894304513931274,-0.3593480885028839,-0.3383918306790292,-0.1194862425327301,-0.37963536381721497,-0.3486554226838052,-0.00934799512227366,0.03358992663296749,1.4055858958851053,-0.00934799512227366,-0.7734732194380242,-0.6768269972367645,0.41685923991654705,0.39829606092989783,0.012085722946351778,0.27828928997448854,3.626237220498237
swipe_left,shahzaib,swipe_left,0.14814460277557373,0.037681788206100464,-0.27354772901162505,-0.3964734524488449,-0.20027342438697815,-0.6217123768292367,0.1432536244392395,-0.14515575766563416,-0.16836894070729613,-0.24487385153770447,-0.2599983811378479,-0.33703716611489654,0.10894304513931274,-0.3571941554546356,-0.2820425829850137,-0.1180267333984375,-0.3799789249897003,-0.2938056490384042,-0.018343780979965717,0.03597591862534041,2.5429129600524965,0.21387591506495673,-0.6316755757187368,-1.2977069074457375,0.4662075336449451,0.39690796861123245,0.33858452772544806,0.5098763785469176,20.450108357007213
swipe_left,shahzaib,swipe_left,0.14754563570022583,0.0376012921333313,-0.10735205467790365,-0.38918420672416687,-0.224814772605896,-0.7722532292827964,0.14281874895095825,-0.14613991975784302,-0.03141381498426199,-0.24231278896331787,-0.26876017451286316,-0.33659891691058874,0.10888928174972534,-0.3568255603313446,-0.1415132125839591,-0.11596101522445679,-0.38134267926216125,-0.18644003476947546,-0.018150517434784904,-0.0024392749323989466,5.036232555567327,0.22088623408115327,-0.7436772187550881,-4.561844013744243,0.6650781884871746,0.39778617416323064,0.29701856059589216,7.437898571921067,98.9716851167486
swipe_left,shahzaib,swipe_left,0.14671844244003296,0.03751266002655029,0.062290132977068424,-0.37251320481300354,-0.2458629012107849,-0.8194513013586402,0.1425275206565857,-0.14678597450256348,0.09694475773721933,-0.2412966787815094,-0.27835968136787415,-0.3369409432634711,0.10885447263717651,-0.3567361831665039,-0.036623149178922176,-0.11400043964385986,-0.3825972080230713,-0.09168070461601019,-0.025066462430087064,-0.002685821417606245,5.140672353180984,0.5051818760958597,-0.6378220789360294,-1.4302446083589069,0.7843310282641871,0.40822747084825595,0.7920407598586239,9.329411424901991,95.34117441845315
swipe_left,shahzaib,swipe_left,0.14422506093978882,0.036620497703552246,0.07187873218208551,-0.3471272736787796,-0.26303744316101074,-0.8672319268807769,0.14212089776992798,-0.14825141429901123,0.12615389470010996,-0.23339274525642395,-0.2843951880931854,-0.34068681951612234,0.1089468002319336,-0.3566244840621948,0.0012883105082437396,-0.11262473464012146,-0.38367870450019836,-0.06744865979999304,-0.07555701515891354,-0.02703522190903179,0.29056361227324584,0.7692706404310303,-0.5204406651583597,-1.4478977430950548,0.8421395543824669,0.40108500220602233,1.4781111735105932,2.794658788241147,8.773912879246767
swipe_left,shahzaib,swipe_left,0.1428358405828476,0.03590461611747742,0.09126624837517738,-0.31138722598552704,-0.2775643765926361,-0.8985693864524364,0.141993448138237,-0.14925292134284973,0.13178424909710884,-0.2205626517534256,-0.29192936420440674,-0.34322283789515495,0.10964928567409515,-0.35660454630851746,0.014568462036550045,-0.11014394462108612,-0.38509461283683777,-0.04114989563822746,-0.042097586573976,-0.021693381396206704,0.5875004906997472,1.0830317482803689,-0.44021010398864263,-0.9496199870199764,0.8872597101351772,0.4013070401130703,2.460255405798012,1.940483381625107,18.008356848567896
swipe_left,shahzaib,swipe_left,0.14177563786506653,0.035069793462753296,0.09386271517723799,-0.28443267941474915,-0.28933653235435486,-0.924908903427422,0.14168033003807068,-0.15014305710792542,0.1381613789126277,-0.20747604966163635,-0.30023932456970215,-0.34323462564498186,0.11077073216438293,-0.3568345010280609,0.023078626953065395,-0.10666966438293457,-0.38682159781455994,-0.02748944330960512,-0.03212735508427483,-0.025297656203761308,0.07868081218365486,0.816804441538726,-0.35673199277935697,-0.7981671810601717,0.9200351704685726,0.3994504567071848,2.289680119505874,1.2699233834996444,9.620127657282076
swipe_left,shahzaib,swipe_left,0.1406136155128479,0.03440496325492859,0.09381747152656317,-0.25160613656044006,-0.29500317573547363,-0.9249541470780969,0.14080464839935303,-0.15057799220085144,0.13811613526195288,-0.1966635286808014,-0.3027041554450989,-0.353359610773623,0.11133581399917603,-0.3572530448436737,0.03033038880676031,-0.10455110669136047,-0.3889674246311188,-0.02753468696027994,-0.03521279855207972,-0.02014636993408208,-0.0013710197174187898,0.9947437228578534,-0.17171646609450875,-0.0013710197174187898,0.9142298120705059,0.39784895958329447,5.792909396359091,1.7477615523658185,25.367405962977998
swipe_left,shahzaib,swipe_left,0.13962920010089874,0.03403487801551819,0.09381747152656317,-0.19796736538410187,-0.30998265743255615,-0.9249541470780969,0.1392301470041275,-0.15086200833320618,0.13811613526195288,-0.18953411281108856,-0.30529549717903137,-0.3887764820829034,0.11122436821460724,-0.3575393855571747,0.03280301298946142,-0.10452564060688019,-0.3897971212863922,-0.02753468696027994,-0.02983077005906546,-0.011214704224557615,0.0,1.6254173083738888,-0.4539236877903805,0.0,0.9057943430866475,0.3973159983156492,3.5808083413266476,2.6597322345349284,20.93744163025232
swipe_left,shahzaib,swipe_left,0.13959409296512604,0.030887752771377563,0.09385501779615879,-0.18378739058971405,-0.3148205578327179,-0.9249166008085012,0.13772572576999664,-0.15315017104148865,0.13176476396620274,-0.18493641912937164,-0.3075639605522156,-0.39902046881616116,0.11069847643375397,-0.35980942845344543,0.04168587364256382,-0.10452564060688019,-0.39188364148139954,-0.03199855051934719,-0.0010638525991728837,-0.09536743164062524,0.0011377657453219125,0.42969620589054097,-0.1466030424291441,0.0011377657453219125,0.8997353991057422,0.3952225495508434,2.9309983460941704,0.011155186059699252,37.41161888067468
swipe_left,shahzaib,swipe_left,0.13959409296512604,0.02996644377708435,0.07585439831018448,-0.15927015244960785,-0.3151877820491791,-0.9226007834076881,0.13684536516666412,-0.15449979901313782,0.13017458468675613,-0.16496162116527557,-0.30927979946136475,-0.4267894998192787,0.10969389975070953,-0.36087217926979065,0.041650883853435516,-0.10452564060688019,-0.3926540017127991,-0.04120437055826187,0.0,-0.027918454372521672,-0.5454733177567986,0.7429466103062503,-0.011128006559429774,0.0701762848731245,0.8864861044312579,0.3934701147744638,66.75767565944514,0.0,10.551618641420076
swipe_left,shahzaib,swipe_left,0.1393902450799942,0.029195189476013184,0.043649302795529366,-0.1295873373746872,-0.3157672882080078,-0.9205398876219988,0.13664080202579498,-0.15574193000793457,0.10303745232522488,-0.14562158286571503,-0.32190489768981934,-0.4381931144744158,0.10901327431201935,-0.36165618896484375,0.041615186259150505,-0.10472948849201202,-0.3932833969593048,-0.058730365708470345,-0.006177208640358597,-0.023371342456701773,-0.9759119852925685,0.8994792446945554,-0.017560792691779667,0.062451387445131255,0.8656456040596759,0.39203532750536646,51.217962794628825,0.2642956585032985,4.753184656281767
swipe_left,shahzaib,swipe_left,0.13873514533042908,0.02916780114173889,0.03659944422543049,-0.09735628962516785,-0.3157937824726105,-0.9138718564063311,0.13596072793006897,-0.1561889946460724,0.09983511082828045,-0.13126277923583984,-0.3400765657424927,-0.4626185614615679,0.10702428221702576,-0.3617520332336426,0.03640596382319927,-0.10538458824157715,-0.39330989122390747,-0.0623918566852808,-0.01985150756257958,-0.0008299495234633957,-0.21363207788178468,0.9766984166521039,-0.0008028565031109454,0.20206155198993156,0.8550388240422635,0.3922039433536317,1215.015880163009,23.890148561417476,4.861216899135452
swipe_left,shahzaib,swipe_left,0.13905347883701324,0.02854442596435547,0.03188338316977024,-0.05834905803203583,-0.31577223539352417,-0.9139239396899939,0.13592375814914703,-0.15689867734909058,0.09242198802530766,-0.12664614617824554,-0.3457864820957184,-0.49679248593747616,0.10579301416873932,-0.36237451434135437,0.036353880539536476,-0.10542155802249908,-0.39393237233161926,-0.11122595332562923,0.009646469896489948,-0.0188901568904068,-0.14291094108061392,1.1820373210040036,0.0006529417904940534,-0.001578281323115035,0.8078668730520764,0.3923568041291265,1807.557397594935,0.5106341529241422,8.763569653800968
swipe_left,shahzaib,swipe_left,0.13933849334716797,0.028534233570098877,0.025896894745528698,-0.04648056626319885,-0.31419484317302704,-0.9139333479106426,0.13587737083435059,-0.15711677074432373,0.09040824696421623,-0.1250748485326767,-0.3478344827890396,-0.4968018941581249,0.10574662685394287,-0.36237451434135437,0.03634447231888771,-0.10534004867076874,-0.3952650725841522,-0.1217568926513195,0.008636803338021965,-0.000308860432017934,-0.18140874012853206,0.35965126572233347,0.04779976425748895,-0.000285097595417139,0.7984862910741085,0.3924884897233932,7.5239647589104575,27.873204983855718,24.961739669032166
swipe_left,shahzaib,swipe_left,0.1396235078573227,0.02838568389415741,0.019910406321287155,-0.03461207449436188,-0.31277619302272797,-0.9139427561312914,0.13577808439731598,-0.15747149288654327,0.08839450590312481,-0.12350355088710785,-0.34847797453403473,-0.4968113023787737,0.10570023953914642,-0.36253325641155243,0.042616238817572594,-0.10465852916240692,-0.39680640399456024,-0.12176630087196827,0.008636803338021965,-0.0045015053315596255,-0.18140874012853206,0.35965126572233347,0.04298939849391139,-0.000285097595417139,0.7996943906485524,0.3930444769392842,8.365850941653166,1.9182216792690077,0.14576865950235066
swipe_left,shahzaib,swipe_left,0.1390048712491989,0.02838502824306488,0.016981594264507294,-0.014406636357307434,-0.3112114816904068,-0.9073040168732405,0.1350901871919632,-0.15748734772205353,0.08557815290987492,-0.11405916512012482,-0.3484795242547989,-0.4968405943363905,0.10501234233379364,-0.36252643167972565,0.04653134383261204,-0.10449419915676117,-0.3975916653871536,-0.12179559282958508,-0.01874656388253856,-1.986821492512999e-05,-0.08875188050847968,0.6122860041531583,0.04741549491882272,0.2011739169106317,0.7953620492267508,0.393497711836511,12.91293262400342,898.330976070383,9.792598351657125
swipe_left,shahzaib,swipe_left,0.13841721415519714,0.028384312987327576,0.008134746924042702,0.004255443811416626,-0.3098103851079941,-0.9039135854691267,0.13448938727378845,-0.15749229490756989,0.07188991643488407,-0.11074253916740417,-0.3484802395105362,-0.4954161625355482,0.10436299443244934,-0.36252714693546295,0.04760184325277805,-0.10494163632392883,-0.39759238064289093,-0.12179559282958508,-0.017807790727326408,-2.167441628196028e-05,-0.26808628304438226,0.5655175808704275,0.04245747219432495,0.10274034557920539,0.7945679552188597,0.39437179294735863,13.319310649760386,785.36931252754,3.305814141126725
swipe_left,shahzaib,swipe_left,0.1383167803287506,0.029432624578475952,0.004003279376775026,0.020784825086593628,-0.3080581724643707,-0.8308159988373518,0.13432446122169495,-0.15749451518058777,0.062393659725785255,-0.10709014534950256,-0.34847888350486755,-0.4800312202423811,0.10417196154594421,-0.3625257909297943,0.048636967316269875,-0.10506632924079895,-0.3975910246372223,-0.11372280679643154,-0.0030434492862585895,0.03176701791358724,-0.12519598628083897,0.5008903416720316,0.053097352837071406,2.215078382781063,0.7335375182873599,0.3959664559486633,9.433255739758607,0.09580230326415487,64.04100693933364
swipe_left,shahzaib,swipe_left,0.1387869417667389,0.030123621225357056,0.004003279376775026,0.03085055947303772,-0.3006640672683716,-0.7981101553887129,0.13434991240501404,-0.15790989995002747,0.062393659725785255,-0.10315880179405212,-0.34552955627441406,-0.47859608940780163,0.10417196154594421,-0.3627377450466156,0.04944019205868244,-0.10506057739257812,-0.3978029787540436,-0.10989128611981869,0.014247316302675225,0.02093929232973046,0.0,0.3050222541346702,0.22406379381815647,0.9910861651102726,0.7082040788264924,0.396992144757085,1.3613127209186469,0.6803780997100632,37.918170806310734
swipe_left,shahzaib,swipe_left,0.14025220274925232,0.03044399619102478,0.003990244586020708,0.03698185086250305,-0.2858269512653351,-0.739110479131341,0.13564971089363098,-0.15883395075798035,0.06238062493503094,-0.09606218338012695,-0.34544873237609863,-0.44087053276598454,0.10417196154594421,-0.36371487379074097,0.05244141258299351,-0.10504540801048279,-0.39798736572265625,-0.10376008041203022,0.044401847954952466,0.009708332292961376,-0.0003949936592217657,0.1857967087716772,0.449609575849592,1.7878689774961227,0.6606223050934621,0.39876122463306574,0.41323918686875305,4.573110345305709,25.352401127905306
swipe_left,shahzaib,swipe_left,0.1420905888080597,0.031143277883529663,0.00399881461635232,0.03698185086250305,-0.2736271321773529,-0.7176787480711937,0.1381109058856964,-0.15935781598091125,0.06238919496536255,-0.09590712189674377,-0.3373338282108307,-0.4201144501566887,0.10399588942527771,-0.3653264045715332,0.06393686681985855,-0.10504540801048279,-0.39829912781715393,-0.0962601825594902,0.055708668448707664,0.02119035431832955,0.0002596978888367133,0.0,0.3696914875146074,0.6494463957620318,0.6495197320500803,0.4027803189445,0.0,2.628839460275657,35.03786869694321
swipe_left,shahzaib,swipe_left,0.14427651464939117,0.0311850905418396,0.004695175215601921,0.03702344000339508,-0.25498563051223755,-0.7000727783888578,0.1390538364648819,-0.15949130058288574,0.0625483337789774,-0.09581167995929718,-0.3176843523979187,-0.4097123872488737,0.10403747856616974,-0.3654598891735077,0.06393204815685749,-0.10500381886959076,-0.39733147621154785,-0.09571206383407116,0.06624017701004507,0.0012670502518162615,0.021101836340897063,0.0012602769967281489,0.5648939898519819,0.5335142327980575,0.6369348124792664,0.4030575977129739,0.0022309934047359424,52.2378170069897,6.879913913068075
swipe_left,shahzaib,swipe_left,0.14510487020015717,0.03142094612121582,0.004607107490301132,0.03732399642467499,-0.23277300596237183,-0.5536014288663864,0.1393543928861618,-0.15925544500350952,0.062460266053676605,-0.09551112353801727,-0.3029925227165222,-0.3066131919622421,0.10433803498744965,-0.36522403359413147,0.0638439804315567,-0.10471843183040619,-0.3958130180835724,-0.08568156510591507,0.02510168335654525,0.0071471387689764024,-0.0026687189485087607,0.009107770341815393,0.6731098348444176,4.438525743105206,0.5154678417502873,0.4031106323362195,0.013530862779709314,3.511639066869956,118.37934986966818
swipe_left,shahzaib,swipe_left,0.14603291451931,0.03181341290473938,0.004600741900503635,0.02944527566432953,-0.20782926678657532,-0.5503834215924144,0.1393543928861618,-0.15886297821998596,0.06245390046387911,-0.09551112353801727,-0.28897663950920105,-0.2965386835858226,0.10433803498744965,-0.3648315668106079,0.0638376148417592,-0.10471843183040619,-0.39383870363235474,-0.08568793069571257,0.028122555125843465,0.01189293283404729,-0.0001928966605302064,-0.23874911394986298,0.7558708841150475,0.09751537193854674,0.5182097164895152,0.40320554315190543,0.3158592335120169,2.3644454292982475,131.78388083480553
swipe_left,shahzaib,swipe_left,0.14656011760234833,0.03258290886878967,0.004590071737766266,0.02045939862728119,-0.17687341570854187,-0.5400494672358036,0.1393543928861618,-0.14833953976631165,0.06244323030114174,-0.09551112353801727,-0.2678721249103546,-0.28876716271042824,0.10521148145198822,-0.36380305886268616,0.03539981320500374,-0.1047540158033371,-0.392043799161911,-0.08569860085844994,0.015975851001161556,0.023318059516675604,-0.00032333826476877467,-0.27229930415298065,0.9380560932737432,0.3131501320185091,0.5180843588130176,0.39972588769704603,0.2902800971342567,0.685098427307376,8.614561286851918
swipe_left,shahzaib,swipe_left,0.14667685329914093,0.033165812492370605,-0.018260512501001358,0.015260353684425354,-0.1466556191444397,-0.5208802688866854,0.13915111124515533,-0.1461104154586792,0.052707163617014885,-0.09721909463405609,-0.2426775097846985,-0.2854494024068117,0.10635162889957428,-0.3611238896846771,-0.0010055744787678123,-0.10514025390148163,-0.3895161747932434,-0.08566100336611271,0.0035374453573516007,0.017663746169119213,-0.6924419466293237,-0.1575468164501772,0.9156908049727954,0.5808847984581297,0.5127312794021524,0.3967218494762943,0.1720522293577344,0.20025452522695275,8.852956070838507
swipe_left,shahzaib,swipe_left,0.14359188079833984,0.0332922637462616,-0.060929753351956606,-0.016085386276245117,-0.1092582643032074,-0.498781428206712,0.13586729764938354,-0.1457187831401825,0.017641413491219282,-0.1042182445526123,-0.22254100441932678,-0.27605338441208005,0.1036483645439148,-0.3604193925857544,-0.06016435520723462,-0.10823419690132141,-0.38493868708610535,-0.13749101804569364,-0.09348401517578947,0.003831856178514843,-1.2930072985137813,-0.9498709078990948,1.1332531770070269,0.6696618387870643,0.46370449564317406,0.39573341867573797,0.8381799310087211,24.39017036428763,25.04343727792484
swipe_left,shahzaib,swipe_left,0.1433972418308258,0.03739878535270691,-0.1119822864420712,-0.039564937353134155,-0.07546505331993103,-0.498781428206712,0.13560166954994202,-0.14152559638023376,-0.024321256671100855,-0.11082816123962402,-0.2066018283367157,-0.27605338441208005,0.1035599410533905,-0.35622620582580566,-0.11720567243173718,-0.10864388942718506,-0.3782871663570404,-0.1753939692862332,-0.005898150530728442,0.1244400486801613,-1.5470464572762037,-0.711501547784518,1.0240366964629228,0.0,0.4483888740267239,0.3956702262929484,0.6948001526136,0.047397145823544796,21.792812898372258
idle,shahzaib,swipe_left,0.14331015944480896,0.036616355180740356,-0.1119822864420712,-0.06206825375556946,-0.04104688763618469,-0.3949676607735455,0.13551458716392517,-0.14152559638023376,-0.024321256671100855,-0.1213999092578888,-0.19503214955329895,-0.246848673094064,0.10404917597770691,-0.35622620582580566,-0.12636764394119382,-0.10944828391075134,-0.37810125946998596,-0.20772081660106778,-0.002638860182328664,-0.023710005211107717,0.0,-0.6819186788616776,1.0429747176892856,3.145871740398993,0.3884738054004883,0.39506156617844196,0.6538202829615914,0.11129263221166419,95.33538884018942
idle,shahzaib,swipe_left,0.14326494932174683,0.03631553053855896,-0.12463405774906278,-0.08421996235847473,-0.016672998666763306,-0.3869989369995892,0.135475754737854,-0.14201828837394714,-0.024321256671100855,-0.13453316688537598,-0.18326571583747864,-0.23140816437080503,0.10499674081802368,-0.35622620582580566,-0.14774617599323392,-0.1106601357460022,-0.37706905603408813,-0.21007780777290463,-0.0013700037291555728,-0.009115898247921129,-0.383387009302776,-0.6712638970577373,0.7386026960430742,0.24147647799867633,0.4023499557617968,0.3950792839162379,0.9088282398990192,0.15027081490878397,88.49453917560349
idle,shahzaib,swipe_left,0.14325296878814697,0.035445839166641235,-0.12466465309262276,-0.10576102137565613,0.008352965116500854,-0.3773973025381565,0.13702893257141113,-0.14221224188804626,-0.024351852014660835,-0.14339298009872437,-0.17216315865516663,-0.2186111845076084,0.1056511402130127,-0.3565095067024231,-0.1477767713367939,-0.1116584837436676,-0.3752813935279846,-0.21010840311646461,-0.0003630464727228347,-0.02635428399750687,-0.0009271316230297111,-0.6527593641570136,0.7583625388867946,0.2909586200434157,0.4185638267512719,0.39443258064878994,0.8607472942530994,0.013775092416275147,1.7091960821976222
idle,shahzaib,swipe_left,0.1433016061782837,0.03215491771697998,-0.12462569773197174,-0.12387073040008545,0.021377265453338623,-0.3214106559753418,0.13764697313308716,-0.14546418190002441,-0.01984587498009205,-0.15234175324440002,-0.16588318347930908,-0.18154901266098022,0.10590195655822754,-0.3597664535045624,-0.14773781597614288,-0.1122083067893982,-0.37732434272766113,-0.2100694477558136,0.0014738603071732792,-0.09972489241397632,0.0011804654742732063,-0.548779061346337,0.3946757677829584,1.696565047358003,0.4141205731889867,0.3943795950877904,1.3904518992314314,0.014779113743651208,44.10948686354301
idle,shahzaib,swipe_left,0.14338776469230652,0.030836015939712524,-0.11363215744495392,-0.1443517804145813,0.02996090054512024,-0.2916210889816284,0.13815924525260925,-0.14686772227287292,-0.017580684274435043,-0.1600724458694458,-0.16401329636573792,-0.15619702637195587,0.10600504279136658,-0.3611401617527008,-0.12635928392410278,-0.11270833015441895,-0.37737059593200684,-0.20771245658397675,0.002610864061297799,-0.039966720523256345,0.33313758445508634,-0.6206378792271485,0.26011015429641327,0.90271415132465,0.417086219572773,0.39396036796039985,2.3860486910141967,0.06532431740205434,24.49622521422067
idle,shahzaib,swipe_left,0.1439555585384369,0.026698708534240723,-0.10826205462217331,-0.15787971019744873,0.031690239906311035,-0.2818516492843628,0.1389022171497345,-0.15100502967834473,-0.017580684274435043,-0.16384044289588928,-0.16663366556167603,-0.1554132103919983,0.10660889744758606,-0.3652774691581726,-0.12635928392410278,-0.11364319920539856,-0.37966442108154297,-0.1815660297870636,0.017205874125162803,-0.125372951680964,0.16273038856910976,-0.4099372661474989,0.05240422306638788,0.29604362718986815,0.42570733080267614,0.3941669781721902,7.822450552842471,0.13723643463792357,20.45366164362747
idle,shahzaib,swipe_left,0.14397060871124268,0.02362579107284546,-0.10826205462217331,-0.16581565141677856,0.031061291694641113,-0.27775508165359497,0.13921308517456055,-0.15407794713974,-0.017580684274435043,-0.168251633644104,-0.1658949851989746,-0.1522805541753769,0.10664862394332886,-0.36835038661956787,-0.12635928392410278,-0.11504259705543518,-0.38060083985328674,-0.1815660297870636,0.0004560658425995809,-0.09311871095137186,0.0,-0.2404830672524198,-0.019059036717270408,0.12413841305357068,0.42578861809440804,0.3941646408974014,12.617135571124935,0.004897629491544959,7.6284907509965985
idle,shahzaib,swipe_left,0.14425304532051086,0.020619094371795654,-0.1136041902936995,-0.17326390743255615,0.02782517671585083,-0.27663387591019273,0.13980266451835632,-0.15731406211853027,-0.019817907828837633,-0.1704539656639099,-0.1645030379295349,-0.15225258702412248,0.10694298148155212,-0.37158650159835815,-0.14652811223641038,-0.11616554856300354,-0.38114529848098755,-0.18153806263580918,0.008558685129339065,-0.0911120212439337,-0.16188289913715778,-0.22570472775083655,-0.09806409026637246,0.03397593161824986,0.4237455437767345,0.39534953523440547,2.301580788206678,0.09393481867344952,3.660208545456209
idle,shahzaib,swipe_left,0.1447826325893402,0.020851552486419678,-0.1136041902936995,-0.17841553688049316,0.02733290195465088,-0.256564246956259,0.1404065191745758,-0.1573050618171692,-0.031724168453365564,-0.17218008637428284,-0.1627957820892334,-0.15225258702412248,0.10749509930610657,-0.37191274762153625,-0.14652811223641038,-0.1168481707572937,-0.38021206855773926,-0.18153806263580918,0.016048099055434757,0.007044185291637091,0.0,-0.15610998327081893,-0.014917417006059164,0.6081705743616292,0.4189419672161995,0.39590167998346565,10.464245851782689,2.2778817576997548,17.707351808512392
idle,shahzaib,swipe_left,0.14510302245616913,0.021474719047546387,-0.1275306516326964,-0.1818726807832718,0.02733290195465088,-0.2514985972084105,0.1407325714826584,-0.156810462474823,-0.057118060532957315,-0.17195956408977509,-0.1627957820892334,-0.14874948794022202,0.10790978372097015,-0.37172403931617737,-0.17064798111096025,-0.11721281707286835,-0.37841495871543884,-0.18964071804657578,0.009708783843300452,0.01888383518565764,-0.422013979969598,-0.10476193644783599,0.0,0.15350453781358955,0.41549804046204913,0.39730052188201903,104761.936447836,0.5141047696658707,13.872711255169232
idle,shahzaib,swipe_left,0.14548905193805695,0.022044718265533447,-0.12858741218224168,-0.18383900821208954,0.02431541681289673,-0.2514985972084105,0.14114685356616974,-0.1564280390739441,-0.057118060532957315,-0.17157353460788727,-0.1627957820892334,-0.14874948794022202,0.10832895338535309,-0.371614009141922,-0.17064798111096025,-0.11715145409107208,-0.37838536500930786,-0.19094678992405534,0.011697863087509804,0.017272703575365745,-0.03202304695591833,-0.05958567966114486,-0.09143894368952117,0.0,0.4126519973540176,0.39763948250533604,0.6516373179697534,0.6772064274735083,5.584776774040776
idle,shahzaib,swipe_left,0.146405890583992,0.02254354953765869,-0.13199926307424903,-0.18292216956615448,0.01970762014389038,-0.2545513748191297,0.1420636922121048,-0.1562272310256958,-0.06324529787525535,-0.1706566959619522,-0.1625949740409851,-0.1522385268472135,0.10924579203128815,-0.3714132010936737,-0.17678501596674323,-0.11640419065952301,-0.37818455696105957,-0.222728559281677,0.027782989270759045,0.015116099155310262,-0.10338942096991859,0.027782989270759045,-0.13963020209109991,-0.09250841244603547,0.40466716905114836,0.39823178923158814,0.1989740749537666,1.8378518911149413,4.1231599753489245
idle,shahzaib,swipe_left,0.14713764190673828,0.023200392723083496,-0.13633264461532235,-0.1821904182434082,0.016839206218719482,-0.2766194180585444,0.14279544353485107,-0.15612536668777466,-0.0707534016110003,-0.16992494463920593,-0.16325926780700684,-0.15408658841624856,0.10997754335403442,-0.37131133675575256,-0.19440346816554666,-0.11589568853378296,-0.3780826926231384,-0.22272816160693765,0.02217428250746269,0.01990433895226659,-0.1313145921537356,0.02217428250746269,-0.08692163409608687,-0.6687285830125591,0.40405762570958087,0.4004904470379166,0.25510366474801693,1.1139866827004088,17.534940475090465
idle,shahzaib,swipe_left,0.14762334525585175,0.02426883578300476,-0.14158675353974104,-0.18119682371616364,0.015748649835586548,-0.27661316376179457,0.14378903806209564,-0.15509554743766785,-0.06605021934956312,-0.16799278557300568,-0.1632682979106903,-0.1549290744587779,0.11097113788127899,-0.37028151750564575,-0.1871743081137538,-0.11495591700077057,-0.3770528733730316,-0.22144446056336164,0.01471828330646885,0.03237706242185702,-0.159215421952084,0.030108925068017687,-0.03304716312524097,0.0001895241439342529,0.40214982303873364,0.39886287207217747,0.9110619841083271,0.4545757900736265,20.33730375490058
idle,shahzaib,swipe_left,0.14863426983356476,0.02555939555168152,-0.16539444401860237,-0.17858518660068512,0.01645168662071228,-0.2784215845167637,0.1448916345834732,-0.1538802683353424,-0.06605199351906776,-0.16630540788173676,-0.16203364729881287,-0.15493084862828255,0.11215092241764069,-0.3691011965274811,-0.18717608228325844,-0.11365042626857758,-0.3759014904499054,-0.2214462347328663,0.0306340781125152,0.03910787177808314,-0.7214451660260931,0.07914051865086325,0.021304145003809838,-0.05480062893845758,0.4017508296690788,0.39694137771771604,3.714620043032382,0.7833025275273405,2.774354349667319
idle,shahzaib,swipe_left,0.1492285132408142,0.026074349880218506,-0.17971621826291084,-0.17483913898468018,0.016897261142730713,-0.2795875407755375,0.14517617225646973,-0.1545303463935852,-0.07119205221533775,-0.16277563571929932,-0.16158807277679443,-0.15530547872185707,0.11267578601837158,-0.36895886063575745,-0.19483563676476479,-0.11288031935691833,-0.3755010664463043,-0.2214462347328663,0.01800737597725637,0.015604676622333197,-0.4339931589184455,0.11351659442439405,0.013502258242983022,-0.03533200784163098,0.40149191061923617,0.3970087355383907,8.40660767806785,1.1538990851243267,1.2202798268663162
idle,shahzaib,swipe_left,0.15001799166202545,0.026429176330566406,-0.18377359583973885,-0.1715882271528244,0.017252087593078613,-0.2800951637327671,0.14608211815357208,-0.154912531375885,-0.07862332835793495,-0.15879394114017487,-0.16123324632644653,-0.15765849128365517,0.11351235210895538,-0.36894863843917847,-0.20099462941288948,-0.11163963377475739,-0.3753763437271118,-0.2242417223751545,0.023923588521552547,0.010752316677208985,-0.12295083566145329,0.0985124797532042,0.010752316677208985,-0.015382513855442688,0.4010866812055102,0.3974328146097211,9.161125140301648,2.2247636928853005,0.7610031234430743
idle,shahzaib,swipe_left,0.14899863302707672,0.026510536670684814,-0.22592329839244485,-0.16784952580928802,0.01733344793319702,-0.30667646089568734,0.14614661037921906,-0.1562817096710205,-0.08245618501678109,-0.1555325835943222,-0.1605454683303833,-0.15836857119575143,0.11332108080387115,-0.36932235956192017,-0.2049203054048121,-0.11180038750171661,-0.3753441572189331,-0.22915263334289193,-0.030889655604506645,0.0024654648520729488,-1.2772637137183498,0.1132939801071617,0.0024654648520729488,-0.8054938534218165,0.4041622834103512,0.3979920793018001,45.93375008443497,12.523858014252799,23.948274025760064
idle,shahzaib,swipe_left,0.14804014563560486,0.026821523904800415,-0.29670010320842266,-0.16299277544021606,0.019619375467300415,-0.35579474084079266,0.14671137928962708,-0.1569216549396515,-0.13186859898269176,-0.15059322118759155,-0.15925332903862,-0.195314047858119,0.11375197768211365,-0.369257390499115,-0.2589717637747526,-0.11148688197135925,-0.3750801384449005,-0.28055582754313946,-0.02904507246884479,0.009423855579260773,-2.144751661090271,0.14717425360824357,0.06927053133646757,-1.4884327256092758,0.4050943808777958,0.3993464817591526,2.124599395578319,3.081752523906887,20.81922482026629
idle,shahzaib,swipe_left,0.1459454447031021,0.027534306049346924,-0.303164548240602,-0.15586258471012115,0.023174405097961426,-0.3660280769690871,0.1463766247034073,-0.1570560336112976,-0.1509279077872634,-0.14756958186626434,-0.15737104415893555,-0.2158256834372878,0.1135684996843338,-0.36892977356910706,-0.27792373951524496,-0.112016960978508,-0.37468305230140686,-0.3003923064097762,-0.06347578583341587,0.021599458925651543,-0.19589227370240256,0.21606638576044943,0.10772817062609005,-0.31010109479679865,0.40561194448095195,0.39858390762995716,2.005644195576143,2.938631352782761,35.786974920787245
idle,shahzaib,swipe_left,0.1438528299331665,0.028042644262313843,-0.3031778079457581,-0.15130212903022766,0.02786889672279358,-0.3687428873963654,0.14591288566589355,-0.15702590346336365,-0.15199311496689916,-0.14513304829597473,-0.15533217787742615,-0.22389382543042302,0.11345988512039185,-0.36857229471206665,-0.2857348364777863,-0.11257797479629517,-0.3742881715297699,-0.3073262316174805,-0.06341256878592852,0.015404188271725062,-0.0004018092471541844,0.1381956266634414,0.14225732196461296,-0.08226698264479768,0.40865862681912446,0.39816001577968174,0.9714414225820676,4.116312483003989,7.370834496203757
idle,shahzaib,swipe_left,0.1427631974220276,0.02813240885734558,-0.3031727517955005,-0.15129682421684265,0.027958661317825317,-0.3693846012465656,0.14542019367218018,-0.1571153700351715,-0.15198805881664157,-0.14512774348258972,-0.155074805021286,-0.22674964321777225,0.11325544118881226,-0.3685527741909027,-0.2857297803275287,-0.11342248320579529,-0.3742145597934723,-0.30764935864135623,-0.03301916700420921,0.002720139243385979,0.00015321667447234477,0.00016075192075786993,0.002720139243385979,-0.019445874248489977,0.40864288280304334,0.39816340788873805,0.05907522782915087,12.134317302749515,6.244979152590894
idle,shahzaib,swipe_left,0.14231781661510468,0.028624504804611206,-0.3031727517955005,-0.15123043954372406,0.028450757265090942,-0.3697766507975757,0.14489500224590302,-0.1569022238254547,-0.15198805881664157,-0.14506135880947113,-0.15458270907402039,-0.22785897506400943,0.11309967935085297,-0.3681592047214508,-0.2863418902270496,-0.11385233700275421,-0.37375202775001526,-0.3079351927153766,-0.013496388088572961,0.014911998401988473,0.0,0.0020116567611694115,0.014911998401988473,-0.01188028942454932,0.40864234822299483,0.39821387418269516,0.1348928436082432,0.9050083507534861,0.43840573536027266
idle,shahzaib,swipe_left,0.1421249657869339,0.029037773609161377,-0.2915693963877857,-0.15102602541446686,0.028864026069641113,-0.3697766507975757,0.14463110268115997,-0.15685689449310303,-0.15198805881664157,-0.14485694468021393,-0.15416944026947021,-0.22785897506400943,0.11300493776798248,-0.3678857982158661,-0.2863418902270496,-0.11403854191303253,-0.37355658411979675,-0.3079351927153766,-0.005843964490023619,0.012523297107581136,0.351616830536819,0.006194367553248648,0.012523297107581136,0.0,0.4088212168891688,0.39802465341084436,0.49458803955545816,0.46661017698839036,0.3884728408477844
idle,shahzaib,swipe_left,0.14212198555469513,0.0292605459690094,-0.29048030776903033,-0.15331368148326874,0.02840837836265564,-0.36937572760507464,0.1444699913263321,-0.15678706765174866,-0.15154045028612018,-0.14535827934741974,-0.15378400683403015,-0.2267407695762813,0.113044872879982,-0.367664635181427,-0.2857209066860378,-0.11413989961147308,-0.3735405206680298,-0.3076404849998653,-9.031006784149995e-05,0.006750677571152121,0.03300268541682814,-0.06932291117581378,-0.013807506272286928,0.012149187651547386,0.4085446643852337,0.39801724813313494,5.020304862006824,0.01337594499882038,2.451320993522148
idle,shahzaib,swipe_left,0.142365500330925,0.029526591300964355,-0.28696449799463153,-0.1555437594652176,0.027037382125854492,-0.36937572760507464,0.14421068131923676,-0.15679967403411865,-0.14964093966409564,-0.14566494524478912,-0.1552952527999878,-0.2238798956386745,0.1131586879491806,-0.3674686849117279,-0.2856956045143306,-0.11422865092754364,-0.3734687566757202,-0.307312301825732,0.0073792356433291595,0.008061979756210917,0.10653969013329878,-0.06757812066511781,-0.041545340509126345,0.0,0.40738676246374766,0.3980702165640612,1.6265721562233177,0.9151995746541385,0.919153652440348
idle,shahzaib,swipe_left,0.14244067668914795,0.029427260160446167,-0.28498064586892724,-0.15830954909324646,0.024646908044815063,-0.36831249902024865,0.14392387866973877,-0.1567765772342682,-0.14726208755746484,-0.14614355564117432,-0.15571287274360657,-0.21982148895040154,0.11313444375991821,-0.36747172474861145,-0.28314571687951684,-0.11434942483901978,-0.37338951230049133,-0.30518256733193994,0.0022780714613018366,-0.0030100345611571936,0.060116731081947476,-0.08381180690996483,-0.07243860851634552,0.03221904802502972,0.4054021123782201,0.39798370126770116,1.1569886782457313,0.7565743318556707,1.439312161281744
idle,shahzaib,swipe_left,0.14255407452583313,0.029056280851364136,-0.28207858419045806,-0.1616755723953247,0.023075789213180542,-0.3676367006264627,0.14366421103477478,-0.15695461630821228,-0.1427618614397943,-0.1467466950416565,-0.15607914328575134,-0.21429421519860625,0.11312046647071838,-0.3677505850791931,-0.28262334084138274,-0.11437556147575378,-0.3735264241695404,-0.3002608916722238,0.0034362980813691657,-0.011241797244910217,0.08794126298391598,-0.10200070612358487,-0.04760966156468323,0.020478739205635282,0.40505568299346567,0.39789737733815495,2.142392119147684,0.30564440561487755,0.9982296139991529
idle,shahzaib,swipe_left,0.1426595002412796,0.028662294149398804,-0.2817339696921408,-0.1645636409521103,0.022334367036819458,-0.3675848343409598,0.1433720737695694,-0.15704694390296936,-0.14193649077787995,-0.14721612632274628,-0.1566379964351654,-0.21429512882605195,0.1130995899438858,-0.3680400848388672,-0.28241957211866975,-0.1143779307603836,-0.37368255853652954,-0.3002618052996695,0.003194718649893061,-0.011938990968646293,0.010442863585370846,-0.08751722899350158,-0.022467338677608358,0.0015717056213003045,0.404821443462806,0.3978027599733655,3.895135739640602,0.267564578422396,1.0494580475936437
idle,shahzaib,swipe_left,0.14292584359645844,0.02827051281929016,-0.27303682221099734,-0.16738103330135345,0.018723994493484497,-0.36758215678855777,0.14318840205669403,-0.15695109963417053,-0.13105286611244082,-0.14783893525600433,-0.1579427421092987,-0.21429245127364993,0.11319176852703094,-0.36812806129455566,-0.2755190278403461,-0.11418913304805756,-0.37386852502822876,-0.3002591277472675,0.008071010762994851,-0.011872161518443584,0.2635499236710115,-0.0853755257346404,-0.1094052285859067,8.113795157634762e-05,0.4018589987498822,0.3975199443103589,0.780353429947572,0.6797693057958885,2.6356678612584665
idle,shahzaib,swipe_left,0.14303645491600037,0.02814662456512451,-0.27048533922061324,-0.17051824927330017,0.017831921577453613,-0.3675686693750322,0.1429501473903656,-0.15688294172286987,-0.1263235486112535,-0.14912641048431396,-0.15813761949539185,-0.21427896386012435,0.11318209767341614,-0.36811330914497375,-0.26677962904796004,-0.11408352851867676,-0.3740079700946808,-0.3002456403337419,0.003351858167937361,-0.0037541895201712544,0.07731766637527705,-0.09506715066505353,-0.02703251260699691,0.00040870950077519924,0.40156664285218807,0.397400239051492,3.5166406987913184,0.8925936094390519,2.5133800323488904
idle,shahzaib,swipe_left,0.1430755853652954,0.02810448408126831,-0.26421262603253126,-0.17525255680084229,0.017356932163238525,-0.36756675224751234,0.14278459548950195,-0.15688294172286987,-0.12442934792488813,-0.15091833472251892,-0.1587468981742859,-0.22007870953530073,0.11315178871154785,-0.36811330914497375,-0.26643388252705336,-0.11404439806938171,-0.3742755651473999,-0.30095969419926405,0.0011857711907588943,-0.0012769843592788093,0.19008221782066398,-0.1434638644709716,-0.014393618612578263,5.8094773328664895e-05,0.40194396602873095,0.39735237164972653,9.966492918791918,0.9278448379665988,1.5157897078068108
idle,shahzaib,swipe_left,0.1430755853652954,0.028100967407226562,-0.26364598283544183,-0.18098494410514832,0.01723027229309082,-0.37183482060208917,0.14263147115707397,-0.15678763389587402,-0.12416916945949197,-0.1532091498374939,-0.15875941514968872,-0.22549677500501275,0.11315178871154785,-0.36811357736587524,-0.2657500565983355,-0.11404439806938171,-0.3743053376674652,-0.3049063147045672,0.0,-0.00010656588005297282,0.017171005972407356,-0.1737087061910946,-0.0038381778832638513,-0.1293354046841483,0.4028158331948061,0.39734849467731825,45.246329155089136,0.0,4.039388879207317
swipe_left,shahzaib,swipe_left,0.14306581020355225,0.02807152271270752,-0.2632365911267698,-0.18522778153419495,0.01718306541442871,-0.3718362837098539,0.14256161451339722,-0.156724214553833,-0.12353219976648688,-0.15537238121032715,-0.160336434841156,-0.22704542567953467,0.11315178871154785,-0.36811357736587524,-0.26262030890211463,-0.11404520273208618,-0.3744727373123169,-0.30666438629850745,-0.00029621702252011987,-0.0008922634702740195,0.012405809353698248,-0.12857083118322982,-0.0014305114746093594,-4.4336598930936385e-05,0.4033715452862844,0.3973133045971166,89.81474019851298,0.3316121529398842,4.150453846246537
swipe_left,shahzaib,swipe_left,0.1429540067911148,0.02758389711380005,-0.2611458390019834,-0.19064585864543915,0.013459444046020508,-0.3718575327657163,0.14244981110095978,-0.1569949984550476,-0.12419188162311912,-0.15799807012081146,-0.16361773014068604,-0.22777796676382422,0.1130385547876358,-0.36838409304618835,-0.26577276876196265,-0.11416278779506683,-0.37488505244255066,-0.30962798884138465,-0.003387982195073871,-0.014776533300226222,0.06335612499352587,-0.16418415488618612,-0.1128370111638837,-0.0006439107837098946,0.4006664750346543,0.3971233964134031,1.4550429699414704,0.22926574592946486,3.544298761028671
swipe_left,shahzaib,swipe_left,0.14278124272823334,0.026029884815216064,-0.2530597560107708,-0.20103226602077484,0.011730551719665527,-0.37186963483691216,0.1422770470380783,-0.1585242748260498,-0.11505251750349998,-0.1610470563173294,-0.16866672039031982,-0.22779006883502007,0.11285935342311859,-0.3699076771736145,-0.2557385377585888,-0.1143355518579483,-0.3766361474990845,-0.3096400909125805,-0.005235274632771894,-0.047091281775273004,0.24503281791553744,-0.31473961743441997,-0.052390676556212365,-0.00036672943017700084,0.4027623734234967,0.3970756204111492,6.0074354959175205,0.11117054505353799,4.916267061327212
swipe_left,shahzaib,swipe_left,0.14240114390850067,0.024824827909469604,-0.2526461621746421,-0.21749089658260345,0.010503679513931274,-0.3710906645283103,0.14189694821834564,-0.15972915291786194,-0.11293551232665777,-0.16866011917591095,-0.16998830437660217,-0.22708140220493078,0.11248569190502167,-0.37110692262649536,-0.25459910836070776,-0.1147000640630722,-0.37787240743637085,-0.30670036282390356,-0.011518146052504905,-0.036516875931710505,0.012533146549354762,-0.49874638066146765,-0.03717794562831029,0.023605160866722655,0.4068759652750104,0.3970651071925758,13.414753222094928,0.31541117216248216,5.641946373344283
swipe_left,shahzaib,swipe_left,0.14177249372005463,0.024588197469711304,-0.25057555083185434,-0.2308514565229416,0.010246306657791138,-0.37063241843134165,0.14110128581523895,-0.15996578335762024,-0.11092450562864542,-0.17493759095668793,-0.17062023282051086,-0.22553459648042917,0.11165277659893036,-0.3712925612926483,-0.25276333931833506,-0.11555682122707367,-0.3783358335494995,-0.3049441361799836,-0.01905000571048651,-0.00717061938661529,0.06274579826629623,-0.40486545273752567,-0.007799177458792146,0.01388624536268661,0.4106140317149668,0.39703092944527596,51.904646384829675,2.656304620130898,2.9954354570280635
swipe_left,shahzaib,swipe_left,0.14146094024181366,0.024503350257873535,-0.22187327407300472,-0.24271993339061737,0.00498729944229126,-0.3550811018794775,0.14046619832515717,-0.1600501537322998,-0.10552442632615566,-0.17947281897068024,-0.1730332374572754,-0.22179130278527737,0.11094264686107635,-0.37110084295272827,-0.2486442532390356,-0.11613430082798004,-0.3791731595993042,-0.29497756622731686,-0.009441014492150405,-0.0025711276314475035,0.8697659623893729,-0.3596508141719894,-0.15936385501514608,0.4712520167231508,0.4089200602320983,0.3976816933707057,2.2567762141647107,3.670507783798167,14.664902969197538
swipe_left,shahzaib,swipe_left,0.14147347211837769,0.02460700273513794,-0.22186978068202734,-0.25170767307281494,-0.0034061670303344727,-0.3550776084885001,0.14035767316818237,-0.15993332862854004,-0.11293139960616827,-0.18393057584762573,-0.179040789604187,-0.22178780939429998,0.11071455478668213,-0.3708062469959259,-0.25275884475558996,-0.11626681685447693,-0.38026055693626404,-0.2949740728363395,0.0003797538352735073,0.0031409841595273686,0.00010586033264795823,-0.2723557479453779,-0.25434746886744364,0.00010586033264795823,0.4049393679582382,0.39780885276428857,1.0707976704484075,0.12086433794453998,14.802681865862597
swipe_left,shahzaib,swipe_left,0.14183342456817627,0.02470335364341736,-0.221864752471447,-0.26367437839508057,-0.007974356412887573,-0.35507258027791977,0.14048296213150024,-0.15974017977714539,-0.11292637139558792,-0.18850183486938477,-0.18374839425086975,-0.22178278118371964,0.11075383424758911,-0.37056970596313477,-0.2527538165450096,-0.11620301008224487,-0.3810426592826843,-0.2949690446257591,0.010907649993896658,0.002919724493315772,0.00015237001758633482,-0.362627434008055,-0.1384299812894901,0.00015237001758633482,0.40563554833877785,0.3976944390666798,2.6195540234575097,3.7345699736005136,4.452158027937178
swipe_left,shahzaib,swipe_left,0.14216317236423492,0.02493181824684143,-0.221863123588264,-0.2754260152578354,-0.01605251431465149,-0.35507095139473677,0.1405804306268692,-0.1593579351902008,-0.11292474251240492,-0.19193409383296967,-0.1887710988521576,-0.22178115230053663,0.11080266535282135,-0.37018293142318726,-0.2527521876618266,-0.11611635982990265,-0.3820275366306305,-0.2949674157425761,0.009992357456322763,0.006923169800729386,4.936009645461982e-05,-0.3561102079622634,-0.24479266368981295,4.936009645461982e-05,0.40364553542636705,0.3975591541974138,1.4547362157768255,1.4431127115441589,3.229157943294712
swipe_left,shahzaib,swipe_left,0.1424333155155182,0.025091618299484253,-0.26214839331805706,-0.28972429037094116,-0.022319883108139038,-0.36415146104991436,0.14076051115989685,-0.1590929925441742,-0.1382098477333784,-0.19701409339904785,-0.19458648562431335,-0.22943921200931072,0.110785573720932,-0.3699370324611664,-0.28119258396327496,-0.11589261889457703,-0.3827809989452362,-0.31364728324115276,0.008186156099492983,0.004842425837661358,-1.2207657493876882,-0.4332810640335152,-0.1899202664693227,-0.27516695924781026,0.403361299599913,0.39675168012222495,2.2813720237249027,1.6901582420937116,8.819709512409556
swipe_left,shahzaib,swipe_left,0.1427324116230011,0.025307148694992065,-0.26794416550546885,-0.29892438650131226,-0.03127893805503845,-0.3648610496893525,0.14110586047172546,-0.15883353352546692,-0.1509912246838212,-0.20333316922187805,-0.20083895325660706,-0.23361679259687662,0.11084190011024475,-0.36941835284233093,-0.2894908571615815,-0.11568823456764221,-0.38384810090065,-0.3169075632467866,0.009063518408572935,0.006531224106297277,-0.17562946022459763,-0.278790791829424,-0.2714865135424035,-0.021502686043580136,0.40022498526093014,0.39659738553066637,1.0269009730566478,1.387508796557578,9.333424850373303
swipe_left,shahzaib,swipe_left,0.14290134608745575,0.02581462264060974,-0.2680634371936321,-0.3107655793428421,-0.04843840003013611,-0.37537674233317375,0.1413172334432602,-0.15832188725471497,-0.1533740572631359,-0.2113417237997055,-0.21234610676765442,-0.24328980967402458,0.11088792979717255,-0.3688678741455078,-0.2896767072379589,-0.11545367538928986,-0.38501572608947754,-0.3189326636493206,0.0051192261955954246,0.015377998352050613,-0.0036142935807054297,-0.3588240255009005,-0.5199836962150748,-0.31865735284306435,0.39321364455177144,0.3965681095775449,0.6900665117891942,0.3328712363710498,11.986258748918715
swipe_left,shahzaib,swipe_left,0.14290688931941986,0.02701130509376526,-0.2842225581407547,-0.3214208781719208,-0.06301501393318176,-0.37769509851932526,0.1412101835012436,-0.15710726380348206,-0.16231177747249603,-0.21569113433361053,-0.2227509319782257,-0.24327658116817474,0.11076991260051727,-0.3676576614379883,-0.28966347873210907,-0.11555419862270355,-0.38515883684158325,-0.31891943514347076,0.00016797672618519443,0.03626310464107687,-0.4896703317309949,-0.32288784330541953,-0.4417155728195723,-0.07025321776216792,0.3867975064448211,0.396012603376149,0.7309842174233054,0.004632038426089384,7.966984367025961
swipe_left,shahzaib,swipe_left,0.14311301708221436,0.028092890977859497,-0.2842225581407547,-0.3324243724346161,-0.07788500189781189,-0.37769509851932526,0.14123857021331787,-0.15602943301200867,-0.16231177747249603,-0.2200455665588379,-0.23035886883735657,-0.24327658116817474,0.11090987920761108,-0.3664524555206299,-0.28966347873210907,-0.11528527736663818,-0.38550102710723877,-0.31891943514347076,0.006246295842257344,0.03277532982103716,0.0,-0.3334392200816725,-0.4506056958978777,0.0,0.3810926188971112,0.3958947791389338,0.7399783960539299,0.1905733764690219,2.1695531622734032
swipe_left,shahzaib,swipe_left,0.14324961602687836,0.029890090227127075,-0.2842225581407547,-0.3431217819452286,-0.0968485176563263,-0.389201357960701,0.14118771255016327,-0.15418145060539246,-0.16231177747249603,-0.22544173896312714,-0.24270501732826233,-0.24327658116817474,0.11090855300426483,-0.36460524797439575,-0.28945140540599823,-0.11502020061016083,-0.38625818490982056,-0.31891943514347076,0.004139361959515262,0.0544605833111396,0.0,-0.32416392456401993,-0.5746519926822639,-0.3486745285265429,0.3751370890517544,0.3958533277160744,0.5641037786141941,0.076005171128923,11.218157330821102
swipe_left,shahzaib,swipe_left,0.14343032240867615,0.03170359134674072,-0.2842225581407547,-0.34317925572395325,-0.11925894021987915,-0.40050800144672394,0.14121362566947937,-0.15255951881408691,-0.16231177747249603,-0.22669458389282227,-0.2530785799026489,-0.24839304387569427,0.11092868447303772,-0.36290258169174194,-0.2827232629060745,-0.11433041095733643,-0.3870319426059723,-0.2967212349176407,0.00547595096356935,0.05495457938223114,0.0,-0.0017416296583233266,-0.6791037140470488,-0.34262556018250984,0.367213653701003,0.3959452438845263,0.0025645966259669715,0.09964322140037152,10.271917746164716
swipe_left,shahzaib,swipe_left,0.1430690437555313,0.03373447060585022,-0.27875085175037384,-0.3435405343770981,-0.14393344521522522,-0.4090214818716049,0.14085234701633453,-0.15052863955497742,-0.16115516424179077,-0.2270558625459671,-0.26152390241622925,-0.2540125995874405,0.1105768233537674,-0.36080944538116455,-0.27874426543712616,-0.11335964500904083,-0.3872782289981842,-0.2838214784860611,-0.010947837974086126,0.0615417957305918,0.1658092845569984,-0.010947837974086126,-0.7477122725862564,-0.2579842552994278,0.35759609403960924,0.39587958531905243,0.014641759582812783,0.1778898381869278,3.3134446701134084
swipe_left,shahzaib,swipe_left,0.14258120954036713,0.035762935876846313,-0.17518228758126497,-0.34402836859226227,-0.16922315955162048,-0.4755229549482465,0.14036451280117035,-0.14850017428398132,-0.08293065894395113,-0.2275436967611313,-0.27333852648735046,-0.25401215720921755,0.11008898913860321,-0.35864853858947754,-0.20933653879910707,-0.11280368268489838,-0.38726189732551575,-0.2446104334667325,-0.014782855004975127,0.06146864457563853,3.13844133845781,-0.014782855004975127,-0.7663549798907572,-2.015196153837601,0.3928439119038797,0.39721866579201426,0.019289801858246605,0.2404903283080609,53.25196887814417
swipe_left,shahzaib,swipe_left,0.1425517499446869,0.035984933376312256,-0.0815780432894826,-0.3422503024339676,-0.19448727369308472,-0.6807855861261487,0.1403350532054901,-0.14827817678451538,0.002748677507042885,-0.22757315635681152,-0.2849968671798706,-0.2814953522756696,0.11005952954292297,-0.3582204580307007,-0.11584579665213823,-0.11186501383781433,-0.3881550133228302,-0.1567575829103589,-0.000892715020613227,0.006727196953513332,2.8364922512661015,0.0538807926755957,-0.7655792164079986,-6.220079732663636,0.6043094594073102,0.3970238203452242,0.07037902955277145,0.13268265283867303,127.43770407688505
swipe_left,shahzaib,swipe_left,0.14245201647281647,0.0355910062789917,-0.015636900439858437,-0.338413804769516,-0.22291523218154907,-0.8180549889802933,0.14006175100803375,-0.1489161252975464,0.06229884549975395,-0.22632108628749847,-0.3005610406398773,-0.326981857419014,0.11000426113605499,-0.3580586314201355,-0.03812626749277115,-0.1107773631811142,-0.38946962356567383,-0.10009946674108505,-0.0030222264203158774,-0.011937184767289786,1.9982164499886426,0.11625750498338365,-0.8614532875292367,-4.159678874368083,0.771374647458769,0.39562439980047875,0.13495493221912605,0.25315627787875034,62.53252148275089
swipe_left,shahzaib,swipe_left,0.14179565012454987,0.03469574451446533,0.006463563069701195,-0.3159812390804291,-0.24987101554870605,-0.918623773381114,0.13971157371997833,-0.14902657270431519,0.08748802728950977,-0.2249213308095932,-0.3100069463253021,-0.3478794377297163,0.10983522236347198,-0.35749000310897827,-0.011525345966219902,-0.11055959761142731,-0.38961485028266907,-0.0770025234669447,-0.01988988934141195,-0.027129144379586585,0.6697110154411936,0.6797747178511111,-0.8168419202168693,-3.0475389212369586,0.8775264773424566,0.3938968525260555,0.8321976000852562,0.7331287686171554,37.80474094194974
swipe_left,shahzaib,swipe_left,0.14002330601215363,0.03374400734901428,0.060241916216909885,-0.29572688043117523,-0.2686137557029724,-0.962533856742084,0.13896234333515167,-0.1499398648738861,0.12052843440324068,-0.22485922276973724,-0.3140845000743866,-0.37982725631445646,0.10945965349674225,-0.35798606276512146,0.017808926291763783,-0.11053566634654999,-0.39094623923301697,-0.039538527838885784,-0.05370739734534147,-0.028840520165183788,1.629647065066956,0.613768443916793,-0.5679618228565654,-1.3306085866960824,0.94930574604702,0.3952051914141514,1.0806489777444384,1.8621555673121095,52.61000460644429
swipe_left,shahzaib,swipe_left,0.13878388702869415,0.03319120407104492,0.06024759542196989,-0.2701101154088974,-0.298557847738266,-1.0025459611788392,0.13842888176441193,-0.15044444799423218,0.12053411360830069,-0.21579433977603912,-0.328389048576355,-0.3825395191088319,0.10948123037815094,-0.35834482312202454,0.02174683939665556,-0.10979865491390228,-0.39328768849372864,-0.03953284863382578,-0.037558151013923,-0.016751614483919826,0.00017209712303045834,0.7762656067356833,-0.9073967283422197,-1.2124880132349922,0.9808505299122943,0.39451414992549055,0.8554855081617742,2.241927733129273,11.952379219987186
swipe_left,shahzaib,swipe_left,0.13791495561599731,0.03308948874473572,0.06024759542196989,-0.23352423310279846,-0.31716838479042053,-1.0025459611788392,0.1379731297492981,-0.1504940688610077,0.12053411360830069,-0.20676788687705994,-0.32842913269996643,-0.39989052060991526,0.10966277122497559,-0.358384907245636,0.02174683939665556,-0.10739403963088989,-0.39366692304611206,-0.03953284863382578,-0.026331254930206934,-0.0030822826154303933,0.0,1.1086631001848042,-0.5639556682471011,0.0,0.9742459171041741,0.39437633911457143,1.965865752825954,8.540006938848638,39.49366209744125
swipe_left,shahzaib,swipe_left,0.13694609701633453,0.03285634517669678,0.06024759542196989,-0.1927557736635208,-0.3389319181442261,-1.0058337533846498,0.13687218725681305,-0.1510116457939148,0.12053411360830069,-0.18777130544185638,-0.3290809988975525,-0.4478570008650422,0.10960043966770172,-0.35860738158226013,0.02174683939665556,-0.1036563366651535,-0.3938893973827362,-0.03953284863382578,-0.02935935150493322,-0.0070649566072407315,0.0,1.235407861796312,-0.6595010107213906,-0.09963006684274543,0.9719549746361393,0.39430184194137474,1.8732435105769758,4.155042712100393,5.678831318644553
swipe_left,shahzaib,swipe_left,0.13655924797058105,0.03274795413017273,0.05457253102213144,-0.1765623688697815,-0.34782907366752625,-1.012640061788261,0.13589078187942505,-0.15194597840309143,0.09868494886904955,-0.17162007093429565,-0.3291780650615692,-0.47077766340225935,0.10922908782958984,-0.3586342930793762,0.03171794209629297,-0.10346156358718872,-0.3939163088798523,-0.046532134525477886,-0.011722698356165902,-0.0032845771673953536,-0.17197164847995106,0.4907092361739134,-0.26961077343333556,-0.20625176980639723,0.9699650963320643,0.3930004240698701,1.8200586344025018,3.567926656082496,25.6764967702084
swipe_left,shahzaib,swipe_left,0.1361667811870575,0.032316356897354126,0.04182311054319143,-0.14931657910346985,-0.34792301058769226,-1.040617541410029,0.13496187329292297,-0.15220972895622253,0.08200666960328817,-0.1457940936088562,-0.336199015378952,-0.4864537278190255,0.10902878642082214,-0.3590080738067627,0.03637617360800505,-0.10336229205131531,-0.3944534361362457,-0.061419867910444736,-0.01189293283404745,-0.013078704024806376,-0.3863460751194004,0.8256299929185479,-0.002846573338364155,-0.8478024127808619,0.9813791116521685,0.3923021156555356,289.9416081037082,0.9092662044562974,23.37309243949534
swipe_left,shahzaib,swipe_left,0.13561226427555084,0.03221216797828674,0.023927957750856876,-0.1253061443567276,-0.36217251420021057,-1.0405691424384713,0.13411523401737213,-0.15269020199775696,0.07904970552772284,-0.13247187435626984,-0.3454839885234833,-0.5200638333335519,0.10734714567661285,-0.3593037724494934,0.03299954812973738,-0.10322095453739166,-0.3945167660713196,-0.08666145149618387,-0.016803542772928688,-0.0031572399717388383,-0.5422773573434655,0.727588931719454,-0.4318031397732774,0.0014666355017459592,0.9547113642757712,0.3926397105368525,1.684997582703772,5.3205402133129,28.984554671315742
swipe_left,shahzaib,swipe_left,0.1349785476922989,0.03198394179344177,0.022142143920063972,-0.09125413000583649,-0.37006840109825134,-1.0127234570682049,0.1336611658334732,-0.15493741631507874,0.07667746767401695,-0.12823601067066193,-0.3645133078098297,-0.5201614014804363,0.10411591827869415,-0.3603069484233856,0.03163454681634903,-0.10322095453739166,-0.3945167660713196,-0.11898693069815636,-0.01920353282581655,-0.006915944995302067,-0.0541155706300874,1.0318792227542648,-0.23926929994062682,0.8438086475838221,0.8941509414004024,0.3936175175905892,4.312608890490454,2.776302665245919,27.759989408379948
swipe_left,shahzaib,swipe_left,0.13406746089458466,0.03464558720588684,0.01897233910858631,-0.05712868273258209,-0.37183499336242676,-0.9637353532016277,0.1332375854253769,-0.15402749180793762,0.07542132213711739,-0.1281982809305191,-0.3634606599807739,-0.5201614014804363,0.10156331956386566,-0.35920748114585876,0.02092713676393032,-0.10323701798915863,-0.39222124218940735,-0.11898693069815636,-0.027608690839825693,0.08065592158924578,-0.09605469125690035,1.0341044628259073,-0.05353309891440737,1.4844879959569068,0.8462514254306883,0.39519688749736565,19.316743604469334,0.34229784990339673,20.214027339514697
swipe_left,shahzaib,swipe_left,0.13373714685440063,0.03739440441131592,0.012184075079858303,-0.03402584791183472,-0.3684006631374359,-0.7875121347606182,0.1329975128173828,-0.15080130100250244,0.046371426433324814,-0.12790322303771973,-0.3600263297557831,-0.5201614014804363,0.0994604229927063,-0.3579324185848236,0.02092713676393032,-0.10325470566749573,-0.3933200240135193,-0.11898693069815636,-0.010009516369212648,0.08329749107360748,-0.20570497056751313,0.7000859036590037,0.1040706128785093,5.340097528515382,0.6725619360024638,0.3969063263624345,6.726963139086421,0.12016443803727064,117.37147277781482
swipe_left,shahzaib,swipe_left,0.13316941261291504,0.040050506591796875,-0.0004063189262524247,-0.01761937141418457,-0.36574456095695496,-0.7148192040622234,0.13270092010498047,-0.14814519882202148,0.0234247874468565,-0.12622299790382385,-0.3573702275753021,-0.4644271545112133,0.09928643703460693,-0.35540372133255005,0.02092713676393032,-0.10325470566749573,-0.3948548436164856,-0.11898693069815636,-0.017204067923806205,0.08048794486306059,-0.3815270910942706,0.49716595447425477,0.08048794486306059,2.2028160817695737,0.6026582091130813,0.39747606059858065,6.176822858345394,0.21374448320916928,95.27046957433497
swipe_left,shahzaib,swipe_left,0.13286076486110687,0.040050506591796875,-0.0011968821054324508,0.005057677626609802,-0.36574456095695496,-0.7148361429572105,0.13244961202144623,-0.14814519882202148,0.023145020008087158,-0.12615449726581573,-0.35606518387794495,-0.4644440934062004,0.09930412471294403,-0.35540372133255005,0.020570607855916023,-0.10322348773479462,-0.3986254930496216,-0.11434351652860641,-0.009352962176004943,0.0,-0.023956459975152042,0.6871833042664885,0.0,-0.0005132998480941254,0.6110624852356995,0.3974719085677528,687183.3042664885,9352.962176004943,67.05975890131576
swipe_left,shahzaib,swipe_left,0.13287481665611267,0.040050506591796875,-0.004025246482342482,0.018084615468978882,-0.35961753129959106,-0.7148484978824854,0.13241776823997498,-0.14814519882202148,0.016932863742113113,-0.12386471033096313,-0.355746328830719,-0.46445644833147526,0.09931817650794983,-0.35540372133255005,0.01079200953245163,-0.10320943593978882,-0.3995874524116516,-0.11435587145388126,0.0004258119698726723,0.0,-0.08570801142151514,0.39475569219299805,0.18566756537466134,-0.00037439167499541824,0.6139228256841247,0.3971519174787937,2.1261309979770617,425.8119698726723,10.49668155312739
swipe_left,shahzaib,swipe_left,0.1330517679452896,0.04202377796173096,-0.017347749322652817,0.033083513379096985,-0.3548930287361145,-0.7140780873596668,0.13259471952915192,-0.14599835872650146,0.005937947891652584,-0.1154216080904007,-0.3533754348754883,-0.42562495544552803,0.09949512779712677,-0.35540372133255005,0.010801805183291435,-0.10304601490497589,-0.3995874524116516,-0.0902952067553997,0.005362160278089204,0.05979610211921556,-0.4037122072821378,0.454512057882374,0.1431667443477769,0.02334577341874478,0.6400265011024856,0.3998337938596763,3.174681978492955,0.08967257756736835,2.3354554026908567
swipe_left,shahzaib,swipe_left,0.1334846168756485,0.043931543827056885,-0.03149985708296299,0.04211635887622833,-0.352620393037796,-0.6509328261017799,0.1330275684595108,-0.14355206489562988,0.005892510525882244,-0.11120177805423737,-0.3535427451133728,-0.3939887061715126,0.10236550867557526,-0.35272181034088135,0.02052261121571064,-0.10263849794864655,-0.4014124274253845,-0.07467800378799438,0.013116634253299453,0.05781108682805778,-0.4288517503124248,0.27372259082215905,0.06886774843389262,1.9134927653904907,0.5961579081367303,0.4012587936428686,3.974554453895825,0.22688394370385526,57.58262178742135
swipe_left,shahzaib,swipe_left,0.1343444585800171,0.048416316509246826,-0.03149985708296299,0.04302126169204712,-0.33665916323661804,-0.6509328261017799,0.13313090801239014,-0.14466041326522827,0.005892510525882244,-0.10750144720077515,-0.3540284335613251,-0.3939887061715126,0.10246884822845459,-0.35062938928604126,0.02052261121571064,-0.10279911756515503,-0.4025207757949829,-0.07714861631393433,0.026055809223291062,0.13590220249060644,0.0,0.027421297449054576,0.48367363033873434,0.0,0.5956757964004957,0.40368287932092284,0.05669368564948399,0.19172329088486362,59.79904217749795
swipe_left,shahzaib,swipe_left,0.13590438663959503,0.04961332678794861,-0.03149985708296299,0.043541982769966125,-0.3126990497112274,-0.6240058913826942,0.13394226133823395,-0.146996408700943,0.005892510525882244,-0.10224445164203644,-0.352744996547699,-0.3733510747551918,0.1029895693063736,-0.352965384721756,0.024229418486356735,-0.1029207855463028,-0.4032125174999237,-0.08411280810832977,0.04727054725993712,0.036273038748538454,0.0,0.01577942660360608,0.7260640462239504,0.8159677187601636,0.5666820728781706,0.407748398300195,0.02173280023004855,1.3031509280681277,25.79661862595566
swipe_left,shahzaib,swipe_left,0.13740147650241852,0.04732128977775574,-0.03149985708296299,0.04426945745944977,-0.28205180168151855,-0.5992882028222084,0.1360424906015396,-0.14811453223228455,0.029106082394719124,-0.09554021060466766,-0.3428780734539032,-0.3498389199376106,0.10371704399585724,-0.3546278178691864,0.0576191209256649,-0.10272450745105743,-0.40403035283088684,-0.07714861631393433,0.04536635947949909,-0.06945566697554079,0.0,0.02204468756011014,0.9287044857487432,0.7490208654692596,0.5559817806903765,0.41308584867163445,0.023737005862883662,0.653160617331017,6.469841201373424
swipe_left,shahzaib,swipe_left,0.13870806992053986,0.04654276371002197,0.006190365646034479,0.04477490484714508,-0.2591395080089569,-0.5765195023268461,0.1374923139810562,-0.14744454622268677,0.0644232053309679,-0.09503476321697235,-0.31724444031715393,-0.3413673471659422,0.10409201681613922,-0.3539292514324188,0.05756705068051815,-0.10273174941539764,-0.40075549483299255,-0.07473007403314114,0.03959373994307148,-0.02359169902223567,1.14212796148479,0.015316587505918805,0.694311929471576,0.6899606210715953,0.5418541603819224,0.40523532645847465,0.02206006377783555,1.6782200250066823,7.327649327164183
swipe_left,shahzaib,swipe_left,0.13878120481967926,0.04506826400756836,0.006190365646034479,0.04091627895832062,-0.22805702686309814,-0.5553878676146269,0.1374923139810562,-0.14891904592514038,0.0644232053309679,-0.09503476321697235,-0.3032017946243286,-0.3053413759917021,0.10409201681613922,-0.354794979095459,0.05756705068051815,-0.10388930141925812,-0.3950357437133789,-0.07473007403314114,0.002216209064830409,-0.044681809165260516,0.0,-0.11692805723710366,0.9418933680563158,0.6403525670369395,0.5290391880759646,0.4046399840776344,0.12414136999077217,0.04959869592428048,8.637489231274714
swipe_left,shahzaib,swipe_left,0.13964588940143585,0.04497450590133667,0.006190365646034479,0.03355987370014191,-0.19264161586761475,-0.5264019500464201,0.1374923139810562,-0.14891904592514038,0.0644232053309679,-0.09503476321697235,-0.279980331659317,-0.3011939059942961,0.10409201681613922,-0.35504165291786194,0.05756705068051815,-0.10446424782276154,-0.39071208238601685,-0.07720068655908108,0.0262025630835335,-0.002841154734293665,0.0,-0.2229213714599645,1.073194272590423,0.8783611384305227,0.5099650409073238,0.4048661123598891,0.2077174370344443,9.21925986906036,8.84114422829984
swipe_left,shahzaib,swipe_left,0.14143122732639313,0.042375266551971436,0.006190365646034479,0.021322503685951233,-0.15986758470535278,-0.5264019500464201,0.1374923139810562,-0.14519059658050537,0.0644232053309679,-0.0965123325586319,-0.2602449655532837,-0.3011939059942961,0.10409201681613922,-0.3556192219257355,0.05310765467584133,-0.10446496307849884,-0.3894326984882355,-0.08416487835347652,0.054101149241128965,-0.0787648287686426,0.0,-0.37082939436941026,0.9931524594624728,0.0,0.5139029634480766,0.40248610101476434,0.37338579535343436,0.6868606613667363,27.100495974960147
swipe_left,shahzaib,swipe_left,0.13966961205005646,0.03906601667404175,-0.05997089482843876,-0.012578889727592468,-0.11277300119400024,-0.4994753133505583,0.13547106087207794,-0.14519059658050537,0.04142436571419239,-0.09876282513141632,-0.230207622051239,-0.2944182585924864,0.10308422148227692,-0.3556192219257355,-0.03884570859372616,-0.10628239810466766,-0.3868919312953949,-0.13942363671958447,-0.05338228110111206,-0.10028029933120425,-2.0048866810446757,-1.027314951925583,1.42710859125313,0.8159586877534014,0.4621241663956574,0.39693979627269843,0.7198570861145349,0.5323253832681568,34.3519272408352
idle,shahzaib,swipe_left,0.13908089697360992,0.043154239654541016,-0.10303666163235903,-0.03604327142238617,-0.07014119625091553,-0.43594485986977816,0.1344732791185379,-0.1394304633140564,-0.02096626441925764,-0.10331110656261444,-0.2071126103401184,-0.29333523381501436,0.10281957685947418,-0.3498590886592865,-0.126299356110394,-0.10807405412197113,-0.37887832522392273,-0.20887640584260225,-0.0178398508014099,0.1238855448636128,-1.3050232364824181,-0.7110418695391952,1.2918728770631591,1.925165256993316,0.38995785833484853,0.3953675663520095,0.5503957330228086,0.1440015202704205,35.1914164115885
idle,shahzaib,swipe_left,0.13908089697360992,0.042469143867492676,-0.16767988074570894,-0.0628972202539444,-0.031150877475738525,-0.43043065536767244,0.1344732791185379,-0.1394304633140564,-0.06252523604780436,-0.11110515892505646,-0.1822945475578308,-0.29333523381501436,0.10458196699619293,-0.3498590886592865,-0.19001488853245974,-0.10966648161411285,-0.37583214044570923,-0.2883128272369504,0.0,-0.02076047839540401,-1.9588854276772487,-0.8137560251987253,1.1815248113689871,0.1670971061244137,0.3757525966954098,0.3944749304835574,0.6887331765150847,0.0,53.470300334701896
idle,shahzaib,swipe_left,0.13907070457935333,0.04130810499191284,-0.1676695914939046,-0.09011854231357574,-0.005451858043670654,-0.4288624497130513,0.1344732791185379,-0.14114052057266235,-0.062514946796,-0.12906117737293243,-0.1764066219329834,-0.29332494456321,0.10575295984745026,-0.3518986701965332,-0.19000459928065538,-0.11098550260066986,-0.3747060298919678,-0.28830253798514605,-0.0003088604320179382,-0.0351829962296925,0.000311795509222787,-0.8248885472615691,0.7787581646081297,0.04752138347336816,0.39565283045108046,0.3952473817003114,1.0592344652234706,0.008778435229517347,12.736045253664452
idle,shahzaib,swipe_left,0.1392802745103836,0.0410233736038208,-0.16768258810043335,-0.11317424476146698,0.019636332988739014,-0.4191129207611084,0.13468708097934723,-0.14130544662475586,-0.06715723127126694,-0.1391649693250656,-0.16725200414657593,-0.29009339213371277,0.10661061108112335,-0.3537391424179077,-0.19903485476970673,-0.11164332926273346,-0.3739672899246216,-0.2883155345916748,0.006350603970614277,-0.008628223881576906,-0.0003938365614775412,-0.6986576499360904,0.7602482131033149,0.29544027127099437,0.4147699505768748,0.39735087213908044,0.9189850352941378,0.73594150039062,8.449093097486116
idle,shahzaib,swipe_left,0.13953079283237457,0.03681877255439758,-0.1714077591896057,-0.14448191225528717,0.03643640875816345,-0.32655689120292664,0.13504017889499664,-0.14549395442008972,-0.07298961281776428,-0.1517108827829361,-0.16188231110572815,-0.1988219916820526,0.10698844492435455,-0.3592548966407776,-0.20419108867645264,-0.11189724504947662,-0.3767392933368683,-0.2883155345916748,0.00759146430275669,-0.12741215301282682,-0.11288397239916433,-0.9487171967824451,0.509093205134082,2.804728168429795,0.4162190801658482,0.39875820057942235,1.863539571291286,0.05958148058695674,76.7937284958521
idle,shahzaib,swipe_left,0.13959132134914398,0.02868214249610901,-0.1714077591896057,-0.16782377660274506,0.036130815744400024,-0.31137579679489136,0.13534735143184662,-0.15373721718788147,-0.07298961281776428,-0.1591840237379074,-0.16605517268180847,-0.19780216366052628,0.10741029679775238,-0.3675684928894043,-0.20419108867645264,-0.1134047657251358,-0.38230764865875244,-0.26617589592933655,0.001834197477860864,-0.24656454722086318,0.0,-0.7073292226502312,-0.009260394356467406,0.4600331638798519,0.42437625790708605,0.39890466414526093,76.37394494019036,0.0074389852862041025,73.13367054399528
idle,shahzaib,swipe_left,0.13975292444229126,0.026433974504470825,-0.1713885860517621,-0.1854252815246582,0.033918946981430054,-0.31135662365704775,0.1358078122138977,-0.15605005621910095,-0.07297043967992067,-0.16496959328651428,-0.16448912024497986,-0.19778299052268267,0.10786980390548706,-0.37016287446022034,-0.20417191553860903,-0.1143084168434143,-0.38220158219337463,-0.26615672279149294,0.004897063428705335,-0.06812630277691391,0.0005810041770790499,-0.5333789370276653,-0.06702632615060444,0.0005810041770790499,0.424566760687958,0.3992246744329934,7.957634112230737,0.07188107013044391,14.989800382880313
idle,shahzaib,swipe_left,0.13976916670799255,0.025993287563323975,-0.1713700369000435,-0.19464614987373352,0.033579885959625244,-0.31133807450532913,0.13621237874031067,-0.15659332275390625,-0.07295189052820206,-0.1687866747379303,-0.16407302021980286,-0.19776444137096405,0.10793241858482361,-0.3710119426250458,-0.2041533663868904,-0.11534339189529419,-0.38056638836860657,-0.2661381736397743,0.000492189869736188,-0.013354149731722957,0.0005620955066247509,-0.2794202530022868,-0.010274576418327727,0.0005620955066247509,0.4240861881754674,0.3996266733092546,27.19265972309905,0.03685393871452239,7.885531766862952
idle,shahzaib,swipe_left,0.139760822057724,0.025287076830863953,-0.19354144483804703,-0.20073559880256653,0.03300116956233978,-0.31133465468883514,0.13639724254608154,-0.15721385180950165,-0.0926530696451664,-0.17211106419563293,-0.1638965755701065,-0.19776102155447006,0.10792407393455505,-0.3716060072183609,-0.22658947855234146,-0.11608463525772095,-0.3798125684261322,-0.26613475382328033,-0.00025286818995619986,-0.021400325226061036,-0.6718608466061605,-0.18452875541918004,-0.01753686052380167,0.0001036308028481212,0.42382071556182993,0.3995370711580395,10.521736968357407,0.011815538864307088,2.8839423191463545
idle,shahzaib,swipe_left,0.13975247740745544,0.02458086609840393,-0.21571285277605057,-0.20682504773139954,0.031112223863601685,-0.32869716733694077,0.13658210635185242,-0.15783438086509705,-0.11235424876213074,-0.17543545365333557,-0.16301169991493225,-0.2087434157729149,0.1079157292842865,-0.372200071811676,-0.2490255907177925,-0.1168258786201477,-0.37905874848365784,-0.28564082831144333,-0.0002528681899562067,-0.02140032522606161,-0.6718608466061786,-0.184528755419185,-0.05724077874964025,-0.5261367469123,0.4221302231862706,0.39944765580615943,3.2236726295013103,0.01181553886430709,15.992001451720823
idle,shahzaib,swipe_left,0.1397095024585724,0.023650765419006348,-0.2276332676410675,-0.21434089541435242,0.029854178428649902,-0.3449685722589493,0.13691887259483337,-0.15880876779556274,-0.13126787543296814,-0.18080157041549683,-0.16348648071289062,-0.2134270817041397,0.10787275433540344,-0.3731301724910736,-0.2701142877340317,-0.11856499314308167,-0.3780687749385834,-0.30944113433361053,-0.0013022711782744293,-0.02818486907265372,-0.36122469287929715,-0.22775296008947873,-0.038122588937932377,-0.49307287642449504,0.42051915317290933,0.4003165351168993,5.974069242543639,0.04620298117888828,1.7478982742499585
idle,shahzaib,swipe_left,0.13962337374687195,0.023476332426071167,-0.2582234591245651,-0.21626758575439453,0.024520546197891235,-0.3616597503423691,0.13710743188858032,-0.15898320078849792,-0.15516409277915955,-0.18331944942474365,-0.16296938061714172,-0.2512885481119156,0.1077355146408081,-0.3733046054840088,-0.3019323796033859,-0.11977982521057129,-0.37614870071411133,-0.34586815536022186,-0.0026099609606193485,-0.005285848270762992,-0.9269754994999176,-0.058384555758851306,-0.1616252191138972,-0.5057932752551398,0.4124258816173806,0.4004527662241763,0.36123195901593164,0.4936704870182858,6.363662668942293
idle,shahzaib,swipe_left,0.1396854817867279,0.02334582805633545,-0.26530246436595917,-0.21620163321495056,0.023767530918121338,-0.3753169924020767,0.13743868470191956,-0.15911370515823364,-0.16966716945171356,-0.18352919816970825,-0.16142791509628296,-0.2732645720243454,0.10756739974021912,-0.3734351098537445,-0.31424982845783234,-0.12111824750900269,-0.3747943639755249,-0.35790593922138214,0.0018820618138169097,-0.00395467787077939,-0.21451531034527746,0.0019985618013324477,-0.022818644841512407,-0.41385581999114723,0.4101165432793232,0.40107671128437683,0.08758075838659678,0.47578743145889324,5.36679256803037
idle,shahzaib,swipe_left,0.1397773176431656,0.02336058020591736,-0.2810192322358489,-0.21610979735851288,0.02332243323326111,-0.37531503196805716,0.1376042515039444,-0.15914365649223328,-0.1757527058944106,-0.18343736231327057,-0.16058793663978577,-0.27326261159032583,0.10753406584262848,-0.37345150113105774,-0.3225408112630248,-0.12174390256404877,-0.37412816286087036,-0.35885124560445547,0.002782904740535821,0.00044703483581542475,-0.4762656930269565,0.002782904740535821,-0.013487808632128019,5.940709150198669e-05,0.40883120563059594,0.4002792733911725,0.2063121226219654,6.211357952715721,12.546094805397201
idle,shahzaib,swipe_left,0.13999655842781067,0.023822635412216187,-0.2852607583627105,-0.21580538153648376,0.022854536771774292,-0.377256921492517,0.1380145251750946,-0.15904822945594788,-0.17613098677247763,-0.18313294649124146,-0.1601274311542511,-0.27326261159032583,0.10779675841331482,-0.37338611483573914,-0.32500897999852896,-0.12188494205474854,-0.37390097975730896,-0.35885124560445547,0.006643660140760123,0.01400167291814653,-0.12853109475338304,0.009224721879670262,-0.014178680651115874,-0.05884513710484454,0.40813570997108095,0.40048912534265674,0.6505592126254494,0.4744565683706275,1.795750426759443
idle,shahzaib,swipe_left,0.13992077112197876,0.024681448936462402,-0.2852607583627105,-0.21169757843017578,0.022749483585357666,-0.377256921492517,0.13840830326080322,-0.1583561897277832,-0.17613098677247763,-0.18273916840553284,-0.16023248434066772,-0.27326261159032583,0.10812705755233765,-0.37325233221054077,-0.32500897999852896,-0.12204617261886597,-0.3740060329437256,-0.35885124560445547,-0.002296585025209344,0.026024652249885042,0.0,0.12447888200933147,-0.0031834298914128734,0.0,0.40717451217518535,0.40117584115161964,39.08984849847093,0.08824313039914257,3.9355654038615024
idle,shahzaib,swipe_left,0.1400938779115677,0.02661728858947754,-0.28525982052087784,-0.20663894712924957,0.022668182849884033,-0.37725598365068436,0.13928528130054474,-0.15676933526992798,-0.176130048930645,-0.1803789883852005,-0.16031378507614136,-0.26069412380456924,0.10899926722049713,-0.37286776304244995,-0.3250080421566963,-0.12142117321491241,-0.3740873336791992,-0.35885030776262283,0.0052456602905735245,0.05866180766712471,2.8419449473872018e-05,0.15329185760382283,-0.0024636586507161187,2.8419449473872018e-05,0.4062213408870478,0.40266003329682865,62.195978968236886,0.08942054598442363,0.8733932859118109
idle,shahzaib,swipe_left,0.14104996621608734,0.027563482522964478,-0.28231862746179104,-0.2014855295419693,0.02336546778678894,-0.37420407496392727,0.14112608134746552,-0.1562877595424652,-0.1757534947246313,-0.17740122973918915,-0.15984007716178894,-0.2606680151075125,0.11074994504451752,-0.3724224865436554,-0.3225416000932455,-0.11976446211338043,-0.3738531768321991,-0.35663426481187344,0.02897237286423238,0.028672543438998593,0.0891270623965711,0.15616416931152594,0.021129846572876313,0.09248208141688292,0.40591832026085384,0.4031435901269811,7.390341355844173,1.0104217822212846,2.892722776864196
idle,shahzaib,swipe_left,0.14156997203826904,0.028725266456604004,-0.2867725882679224,-0.19824647903442383,0.023811638355255127,-0.3741647992283106,0.14264225959777832,-0.15586984157562256,-0.16959247924387455,-0.17131221294403076,-0.159293532371521,-0.2553697321563959,0.11228150129318237,-0.3720330595970154,-0.3158995006233454,-0.11819320917129517,-0.3738485276699066,-0.3561192248016596,0.01575775218732412,0.035205573746651925,-0.13496850927670648,0.09815304568319502,0.013520320256550958,0.0011901738065661675,0.40603913163059285,0.4028814061771099,7.259131787492479,0.4475798270151935,3.285805483779683
idle,shahzaib,swipe_left,0.14163094758987427,0.029628068208694458,-0.2867765575647354,-0.1870701014995575,0.025622636079788208,-0.3741687685251236,0.14349240064620972,-0.15543851256370544,-0.16959644854068756,-0.16318237781524658,-0.15849217772483826,-0.24323691427707672,0.11349600553512573,-0.37199869751930237,-0.3159034699201584,-0.11695137619972229,-0.373911052942276,-0.341119721531868,0.0018477439880371389,0.027357628851226317,-0.00012028172160640099,0.338678107117167,0.054878718925245755,-0.00012028172160640099,0.40698408299147976,0.4036632395164511,6.171279914507149,0.06753788715381165,7.395711388010943
idle,shahzaib,swipe_left,0.14149056375026703,0.030133068561553955,-0.29556217044591904,-0.17069317400455475,0.026570022106170654,-0.37420373409986496,0.14409564435482025,-0.15523040294647217,-0.16959481686353683,-0.15586771070957184,-0.15818995237350464,-0.243235282599926,0.11446766555309296,-0.3718247413635254,-0.31590183824300766,-0.11587969958782196,-0.3739985525608063,-0.34111808985471725,-0.004254055745673856,0.015303040995742168,-0.2662306933691978,0.49627053015159295,0.02870866746613442,-0.0010595628709503982,0.4056530042332779,0.40337825929620574,17.28583344746113,0.27796944263658224,4.84100992357745
idle,shahzaib,swipe_left,0.14052781462669373,0.03052598237991333,-0.30576329678297043,-0.15972191095352173,0.02708280086517334,-0.3742011711001396,0.14383187890052795,-0.15488076210021973,-0.1695922538638115,-0.15064799785614014,-0.15717560052871704,-0.24323271960020065,0.11448171734809875,-0.3714764714241028,-0.3158992752432823,-0.11571496725082397,-0.3737497925758362,-0.3411155268549919,-0.029174215865857354,0.011906479344223354,-0.3091250405167054,0.33246251669796667,0.015538750272808483,7.766665834368996e-05,0.40459614297940916,0.40297284040893383,21.39432814951415,2.450074866601433,4.980015643956696
idle,shahzaib,swipe_left,0.13974924385547638,0.03132742643356323,-0.3057629419490695,-0.1548759788274765,0.02784329652786255,-0.36804314982146025,0.14320750534534454,-0.1541387438774109,-0.16935267578810453,-0.1457022875547409,-0.15627533197402954,-0.24024927150458097,0.11439861357212067,-0.3707888126373291,-0.30412044655531645,-0.11569114029407501,-0.37329816818237305,-0.33384066354483366,-0.02359305367325329,0.02428618344393682,1.0752542452378878e-05,0.14684642806197892,0.02304532311179458,0.18660670541452937,0.4044993650777029,0.4029178848988971,6.371794205507181,0.9714199148581464,7.977399394408251
idle,shahzaib,swipe_left,0.138844296336174,0.03151160478591919,-0.305763921700418,-0.15464730560779572,0.028027474880218506,-0.36804412957280874,0.1428804248571396,-0.15395456552505493,-0.16935365553945303,-0.14547361433506012,-0.15603339672088623,-0.2327489173039794,0.11448024213314056,-0.37068045139312744,-0.30375160928815603,-0.11546246707439423,-0.37324345111846924,-0.32477234955877066,-0.02742265210007146,0.005581162192604698,-2.968943480289311e-05,0.0069294915054782915,0.005581162192604698,-2.968943480289311e-05,0.4054950734205243,0.4029343700802679,1.241363340294653,4.912550218695053,7.088246711681124
idle,shahzaib,swipe_left,0.13832591474056244,0.03151160478591919,-0.3057685690000653,-0.15441466867923737,0.028027474880218506,-0.3680487768724561,0.14285312592983246,-0.15395593643188477,-0.16935830283910036,-0.14524097740650177,-0.15564113855361938,-0.23275356460362673,0.11443613469600677,-0.3707590401172638,-0.30375625658780336,-0.11522983014583588,-0.37327244877815247,-0.324776996858418,-0.015708533200350924,0.0,-0.0001408272620403428,0.007049603895707676,0.0,-0.0001408272620403428,0.40552376902554854,0.4029844199750712,7049.603895707676,15708.533200350925,0.16919880890775849
idle,shahzaib,swipe_left,0.1383666694164276,0.03151160478591919,-0.279322462156415,-0.15411624312400818,0.028027474880218506,-0.36805002577602863,0.14307329058647156,-0.15411925315856934,-0.13598969765007496,-0.14494255185127258,-0.15564113855361938,-0.22399932332336903,0.11437651515007019,-0.37094846367836,-0.27338789589703083,-0.11493140459060669,-0.3733334541320801,-0.3039609957486391,0.001234990177732512,0.0,0.8013971770803046,0.009043198643308598,0.0,-3.7845562804828574e-05,0.4083300756475768,0.40321812122805556,9043.198643308599,1234.990177732512,0.06049250914048295
idle,shahzaib,swipe_left,0.13882356882095337,0.03125721216201782,-0.2775540081784129,-0.1543932855129242,0.02675837278366089,-0.36473146360367537,0.14343082904815674,-0.1548168659210205,-0.13388702552765608,-0.14457261562347412,-0.15565180778503418,-0.2227357355877757,0.11436057090759277,-0.3711150586605072,-0.2695945529267192,-0.11452212929725647,-0.373424232006073,-0.30282345693558455,0.01384543650078073,-0.007708867390950644,0.05358951448491211,-0.008395223906546062,-0.038457639289625374,0.10056249007131274,0.4069010046238359,0.40319379400195166,0.21829227610792676,1.795807346444328,3.3061586701085006
idle,shahzaib,swipe_left,0.1388375163078308,0.030698001384735107,-0.26215586345642805,-0.1588137447834015,0.026009798049926758,-0.35727551858872175,0.14344245195388794,-0.15539854764938354,-0.11924451868981123,-0.14500057697296143,-0.15617221593856812,-0.2164924619719386,0.11409491300582886,-0.37175512313842773,-0.2548613576218486,-0.11452114582061768,-0.37401705980300903,-0.29509866517037153,0.0004226511174982198,-0.016945781129779052,0.4666104461207483,-0.13395331122658322,-0.022684082840427958,0.2259377277258646,0.40724597288073694,0.40327896507503014,5.90490729828237,0.02493990535792859,5.398073712770161
idle,shahzaib,swipe_left,0.13885414600372314,0.030450940132141113,-0.2579160360619426,-0.16330578923225403,0.023470520973205566,-0.35727551858872175,0.14343905448913574,-0.1558550000190735,-0.11536576133221388,-0.14575940370559692,-0.1574355959892273,-0.2164924619719386,0.11375641822814941,-0.3719528019428253,-0.2548613576218486,-0.11450451612472534,-0.3741961717605591,-0.29509866517037153,0.0005039301785555697,-0.007486704624060346,0.12847961801470992,-0.13612255905613604,-0.07694779020367162,0.0,0.405445833457113,0.40319722052093226,1.7690019387678553,0.0673010226573687,7.041599622017732
idle,shahzaib,swipe_left,0.13891950249671936,0.03033304214477539,-0.25792127568274736,-0.16757792234420776,0.023452401161193848,-0.35728075820952654,0.1434401571750641,-0.1560158133506775,-0.11537100095301867,-0.14685788750648499,-0.15749984979629517,-0.2164977015927434,0.11359080672264099,-0.3720327615737915,-0.25486659724265337,-0.114503413438797,-0.37442418932914734,-0.2951039047911763,0.0019804997877641475,-0.0035726662838098345,-0.00015877638802384137,-0.12945857915011524,-0.0005490852124763345,-0.00015877638802384137,0.40618794400717534,0.4031738010983309,235.3427727448404,0.5541927058876815,2.3239077556180625
idle,shahzaib,swipe_left,0.13917383551597595,0.030189871788024902,-0.25792127568274736,-0.17376700043678284,0.02313554286956787,-0.35728075820952654,0.1434401571750641,-0.15617847442626953,-0.11537100095301867,-0.1488063931465149,-0.1581905484199524,-0.2164977015927434,0.11345812678337097,-0.3720702528953552,-0.25486659724265337,-0.114503413438797,-0.3746470510959625,-0.2951039047911763,0.007707061189593606,-0.004338495659105658,0.0,-0.18754782098712136,-0.009601766412908275,0.0,0.4069510116793186,0.40309283874348484,19.530603257725293,1.7760269383889606,1.7815337497305446
idle,shahzaib,swipe_left,0.13924472033977509,0.02975901961326599,-0.2621712265536189,-0.17947621643543243,0.020770400762557983,-0.3625101922079921,0.1434371918439865,-0.1564747393131256,-0.11925988178700209,-0.15003632009029388,-0.15926077961921692,-0.21806323807686567,0.11335979402065277,-0.3721454441547394,-0.2562130270525813,-0.1145002692937851,-0.37493443489074707,-0.2977782962843776,0.002148024963610134,-0.013056126507845999,-0.12878639002641248,-0.17300654541362692,-0.07167097293969471,-0.15846769692320065,0.40619503814821395,0.40278124031350876,2.4138660946196615,0.16450977650552676,5.176059715678471
idle,shahzaib,swipe_left,0.13924217224121094,0.029072612524032593,-0.2755702259019017,-0.184440016746521,0.01983824372291565,-0.3854223610833287,0.14343273639678955,-0.1569010317325592,-0.13247860688716173,-0.15143689513206482,-0.16057530045509338,-0.23352016229182482,0.11320668458938599,-0.3722993731498718,-0.2888863207772374,-0.11451107263565063,-0.37532612681388855,-0.32665224093943834,-7.721510800448246e-05,-0.02080021482525427,-0.4060302832812929,-0.15041819124510628,-0.028247183019464356,-0.6943081477374665,0.4055845953533458,0.40243587797785896,5.32488022827737,0.003712048005520206,16.30519440418378
idle,shahzaib,swipe_left,0.13883280754089355,0.028264731168746948,-0.30634585674852133,-0.18864506483078003,0.01414838433265686,-0.41861704643815756,0.14299577474594116,-0.15724828839302063,-0.15537219401448965,-0.1538940966129303,-0.16427239775657654,-0.2573230629786849,0.11269521713256836,-0.37239593267440796,-0.32258797343820333,-0.11486530303955078,-0.3759855329990387,-0.3629301255568862,-0.012404990918708433,-0.02448125319047381,-0.9325948741399778,-0.12742569952299962,-0.1724199815229917,-1.0058995562069233,0.4009351067938324,0.4018406992057328,0.7390382446350235,0.5066931880083362,10.427221928663133
idle,shahzaib,swipe_left,0.13819991052150726,0.027460724115371704,-0.3063439968973398,-0.20102383196353912,0.013520509004592896,-0.41861518658697605,0.14224277436733246,-0.15754929184913635,-0.16342980600893497,-0.15721257030963898,-0.1662190854549408,-0.26300340332090855,0.11191938817501068,-0.37239599227905273,-0.32483639754354954,-0.11562378704547882,-0.37651848793029785,-0.3673634175211191,-0.019178697557160656,-0.024363850102280513,5.635912671233758e-05,-0.37511415553816035,-0.01902652509284772,5.635912671233758e-05,0.4025547548276661,0.401145894136031,19.714290413899516,0.787146133739832,31.736206483144727
swipe_left,shahzaib,swipe_left,0.1378728449344635,0.026655197143554688,-0.30635055527091026,-0.22030222415924072,0.013283252716064453,-0.4200593791902065,0.14168158173561096,-0.1580163836479187,-0.1703524850308895,-0.1662500500679016,-0.16644322872161865,-0.265228446573019,0.11131373047828674,-0.37254229187965393,-0.32484295591712,-0.11619672179222107,-0.3766796290874481,-0.367639746516943,-0.009911078395265413,-0.024409908236879024,-0.00019873859304370085,-0.584193702900042,-0.007189584500861812,-0.04376341221910486,0.40700961007965125,0.40050716683324283,81.24425807526839,0.4060102270300681,6.4833290947620625
swipe_left,shahzaib,swipe_left,0.1374942660331726,0.02561473846435547,-0.3077020375058055,-0.2370026707649231,0.00879746675491333,-0.4233309654518962,0.1411803960800171,-0.15862971544265747,-0.1765081314370036,-0.17371335625648499,-0.16685551404953003,-0.26939723175019026,0.11076682806015015,-0.3729245960712433,-0.3284811405465007,-0.11672061681747437,-0.377063512802124,-0.36937937419861555,-0.011472087917906049,-0.03152905088482531,-0.040954007118037906,-0.5060741395661406,-0.13593290791367257,-0.09913897762696106,0.40775880400709247,0.39997465949214267,3.722942622142024,0.36384615932945735,4.862098571492807
swipe_left,shahzaib,swipe_left,0.13712747395038605,0.025083959102630615,-0.311658663675189,-0.2533039003610611,-4.947185516357422e-05,-0.4244352709501982,0.14081843197345734,-0.1588645577430725,-0.17801676504313946,-0.18077899515628815,-0.16837173700332642,-0.2735250722616911,0.11022581160068512,-0.3729245960712433,-0.33290366642177105,-0.11733655631542206,-0.377085417509079,-0.3713249992579222,-0.011114911599592606,-0.016084223082571143,-0.11989776270859037,-0.4939766544284188,-0.2680890487902063,-0.0334638029788476,0.40430672010392654,0.3994819890439045,1.8425773603218671,0.6910013956620826,4.48697976417634
swipe_left,shahzaib,swipe_left,0.1371895968914032,0.025045156478881836,-0.3196428995579481,-0.2763688266277313,-0.0051947832107543945,-0.4260236006230116,0.14087817072868347,-0.15919429063796997,-0.1804319005459547,-0.18891915678977966,-0.1724616289138794,-0.2742402832955122,0.10997030138969421,-0.3729034662246704,-0.3348508458584547,-0.11766886711120605,-0.3772411346435547,-0.37133300118148327,0.0018825133641560666,-0.0011758370832963294,-0.24194654190178808,-0.6989371595960598,-0.15591852592699285,-0.048131202206466606,0.4081607850250673,0.39916823269135865,4.482678839873637,1.5996380390080271,7.094156694669482
swipe_left,shahzaib,swipe_left,0.13778485357761383,0.025045156478881836,-0.32177495770156384,-0.29818664491176605,-0.013966500759124756,-0.4285441320389509,0.14120055735111237,-0.1594928503036499,-0.19054983370006084,-0.1965152770280838,-0.1792278289794922,-0.2742402832955122,0.1099335104227066,-0.37278884649276733,-0.3348508458584547,-0.11800901591777802,-0.3773757815361023,-0.37133300118148327,0.018038081400322478,0.0,-0.06460782253381081,-0.6611460086071236,-0.265809622677894,-0.07637973987695064,0.40963812913195174,0.3990220170455135,2.4872821181728773,18038.081400322477,3.623994635127408
swipe_left,shahzaib,swipe_left,0.1384173482656479,0.02564924955368042,-0.41440662555396557,-0.3211289048194885,-0.025888562202453613,-0.49616089276969433,0.14179949462413788,-0.15890192985534668,-0.27507889084517956,-0.2053276151418686,-0.18800485134124756,-0.3354561608284712,0.10998807847499847,-0.37169602513313293,-0.41066077165305614,-0.11827580630779266,-0.37707358598709106,-0.4221442621201277,0.019166505698001535,0.01830585075147204,-2.8070202379515368,-0.6952199972037036,-0.36127458919177957,-2.0489927494164446,0.41226055125263505,0.3983786165423737,1.9243481098709192,1.0469581009972657,59.85501830034296
swipe_left,shahzaib,swipe_left,0.1387961357831955,0.027101248502731323,-0.4288037996739149,-0.34365205466747284,-0.0416923463344574,-0.5157471876591444,0.14202354848384857,-0.1575990617275238,-0.29359504394233227,-0.21915636956691742,-0.19349923729896545,-0.3573319595307112,0.10974328219890594,-0.3699103593826294,-0.42354282550513744,-0.11897586286067963,-0.37641069293022156,-0.4352272432297468,0.011478409622654954,0.04399996815305838,-0.4362780036348355,-0.6825196923631719,-0.47890254945466776,-0.5935240875591026,0.4110951522014317,0.398107979003579,1.425171505077304,0.2608672059834466,44.2505872546934
swipe_left,shahzaib,swipe_left,0.13904689252376556,0.029177188873291016,-0.45171498507261276,-0.3632180243730545,-0.05808669328689575,-0.5373386964201927,0.14240364730358124,-0.15564441680908203,-0.31584643572568893,-0.22884328663349152,-0.20127946138381958,-0.3692169114947319,0.10960863530635834,-0.3672081530094147,-0.4454829916357994,-0.1194625049829483,-0.37518835067749023,-0.4401974007487297,0.007598689108183806,0.06290728395635363,-0.6942783454150788,-0.5929081728964076,-0.4967983924981265,-0.6542881442741842,0.41159038579361035,0.3975258331098297,1.193455913693863,0.12078996008627177,3.3254391657960407
swipe_left,shahzaib,swipe_left,0.13930262625217438,0.03143492341041565,-0.4619215400889516,-0.3751029670238495,-0.07575151324272156,-0.5379649372771382,0.14272554218769073,-0.15343281626701355,-0.32249626237899065,-0.23735220730304718,-0.21018651127815247,-0.3739589722827077,0.1095619946718216,-0.3643243908882141,-0.4482392342761159,-0.11991868913173676,-0.37459293007850647,-0.44320100266486406,0.0077495069214791115,0.06841619809468512,-0.30928954594965796,-0.3601497772968137,-0.535297574418958,-0.018976995665015386,0.4042343520817321,0.3971109989829995,0.6728016746312835,0.1132684052736898,20.536399928374657
swipe_left,shahzaib,swipe_left,0.13937078416347504,0.03308352828025818,-0.47718140110373497,-0.3953341841697693,-0.09372368454933167,-0.5579135976731777,0.14261816442012787,-0.15189507603645325,-0.3351830206811428,-0.24468697607517242,-0.21867862343788147,-0.37772035226225853,0.10931329429149628,-0.3620683550834656,-0.44822755083441734,-0.12018926441669464,-0.37543174624443054,-0.4431893192231655,0.0020653912515351596,0.04995772332856229,-0.46242003075101895,-0.6130671862400037,-0.5446112517154664,-0.6045048604860547,0.41015340905057884,0.39734970626479654,1.1256948118756271,0.041341954195901934,19.329838213882088
swipe_left,shahzaib,swipe_left,0.1387394219636917,0.033889710903167725,-0.4771609762683511,-0.4100279062986374,-0.110648512840271,-0.5766422310844064,0.14207907021045685,-0.1510888934135437,-0.3351625958457589,-0.250263050198555,-0.22713112831115723,-0.37769992742687464,0.10863901674747467,-0.36055004596710205,-0.44820712599903345,-0.12089155614376068,-0.376851350069046,-0.4431688943877816,-0.019132187872221765,0.024429776451804153,0.0006189344055724798,-0.44526430693539215,-0.5128735845739135,-0.5675343457948016,0.4150649480966367,0.39664478017424615,0.8681738583425991,0.7831182897508319,5.294963975633081
swipe_left,shahzaib,swipe_left,0.13807205855846405,0.03533172607421875,-0.4771609762683511,-0.4114047586917877,-0.1329251527786255,-0.5890892902389169,0.1414117068052292,-0.14965540170669556,-0.3351625958457589,-0.25739245116710663,-0.24014586210250854,-0.38616581354290247,0.10813121497631073,-0.3578358590602875,-0.44820712599903345,-0.12155891954898834,-0.3774269223213196,-0.4401274183765054,-0.02022313349174763,0.043697429425789344,0.0,-0.04172279979243489,-0.675049695101662,-0.37718361074274837,0.4074081062603636,0.39536758789805754,0.061806913310638804,0.462788566030536,14.38612997553818
swipe_left,shahzaib,swipe_left,0.13757756352424622,0.03654882311820984,-0.4771609762683511,-0.41189925372600555,-0.15648922324180603,-0.5932371178641915,0.14091721177101135,-0.14846143126487732,-0.3351625958457589,-0.25788694620132446,-0.2529633045196533,-0.386494473554194,0.10776570439338684,-0.35587164759635925,-0.44610266480594873,-0.12203025817871094,-0.37826722860336304,-0.4381780782714486,-0.01498469800660088,0.036881728605790164,0.0,-0.01498469800660088,-0.7140627413084935,-0.1256917462204428,0.3965511618961318,0.39477486177766913,0.020985098583975174,0.4062795398561823,7.754562730589909
swipe_left,shahzaib,swipe_left,0.13721990585327148,0.0367874801158905,-0.4663664260879159,-0.4122569113969803,-0.17413422465324402,-0.6127579370513558,0.14055955410003662,-0.14822450280189514,-0.298985050059855,-0.2582446038722992,-0.2620648443698883,-0.3909371653571725,0.10774165391921997,-0.3547447919845581,-0.40443818364292383,-0.12165948748588562,-0.37934550642967224,-0.4016028502956033,-0.010838111241658701,0.007232030232747511,0.3271075812253137,-0.010838111241658701,-0.5346970124678263,-0.5915399753686248,0.4136967532080938,0.3974941441651095,0.020269593282452772,1.4984191815747157,15.12736959300426
swipe_left,shahzaib,swipe_left,0.13716226816177368,0.038485586643218994,-0.3433710662648082,-0.4122569113969803,-0.19624269008636475,-0.7388626663014293,0.14047443866729736,-0.14660996198654175,-0.22506514471024275,-0.2582446038722992,-0.27020472288131714,-0.392815831117332,0.10774165391921997,-0.3527580797672272,-0.3284660903736949,-0.12038469314575195,-0.3795160949230194,-0.34414738696068525,-0.001746596712054609,0.05145777355540826,3.7271321158517083,0.0,-0.669953497973348,-3.8213554318203653,0.5240025614940775,0.3926312995101286,0.0,0.033941670027832285,97.95952980949184
swipe_left,shahzaib,swipe_left,0.13696324825286865,0.04071435332298279,-0.25001899525523186,-0.40295639634132385,-0.21200630068778992,-0.7422578893601894,0.1398630142211914,-0.14460763335227966,-0.13988950476050377,-0.25516167283058167,-0.27646028995513916,-0.3927897475659847,0.10774165391921997,-0.3505258560180664,-0.2504095397889614,-0.11891970038414001,-0.37917643785476685,-0.2957702837884426,-0.006030906330455367,0.06753838423526574,2.828850636653797,0.2818337895653434,-0.47768516974015146,-0.10288554723515542,0.5549539452422078,0.39233016135094834,0.5899978006871195,0.08929465968252527,113.15419190463754
swipe_left,shahzaib,swipe_left,0.13678273558616638,0.04202112555503845,-0.1424144245684147,-0.38948656618595123,-0.23208609223365784,-0.8486171402037144,0.13885441422462463,-0.1432911455631256,-0.05578532814979553,-0.2484852373600006,-0.2875991761684418,-0.3927641250193119,0.1079496443271637,-0.34912893176078796,-0.1564217545092106,-0.11674973368644714,-0.37997329235076904,-0.22781576588749886,-0.0054700808091597995,0.039599158547141966,3.2607445662672387,0.40817667137493435,-0.6084785316929769,-3.223007601318989,0.6940103386212939,0.3924613608774685,0.6708141360799129,0.1381328007221978,94.709604295055
swipe_left,shahzaib,swipe_left,0.13635997474193573,0.0423751175403595,-0.058593874797225,-0.36631038784980774,-0.2502383589744568,-0.8598956968635321,0.13812611997127533,-0.14300093054771423,0.03260883130133152,-0.24208344519138336,-0.29732546210289,-0.39275976084172726,0.10795949399471283,-0.3487541973590851,-0.05624177120625973,-0.1148097962141037,-0.3812054991722107,-0.1326178964227438,-0.012810934673655976,0.010727029858213364,2.540016659732993,0.702308434428583,-0.5500686891151136,-0.3417744442368961,0.7806010110284757,0.39216611361983444,1.2767626508531544,1.1941553894770291,87.78171079688516
swipe_left,shahzaib,swipe_left,0.13671547174453735,0.04224404692649841,-0.019147975370287895,-0.3361467719078064,-0.26276886463165283,-0.865951482206583,0.13800138235092163,-0.14301374554634094,0.07355554774403572,-0.2281135618686676,-0.3024890124797821,-0.38629237189888954,0.10913801193237305,-0.3487679064273834,-0.006140819285064936,-0.11171886324882507,-0.38222217559814453,-0.07216334715485573,0.010772636442473612,-0.003971836783669275,1.1953302856647798,0.9140489679394492,-0.37971229264231043,-0.18350864675912282,0.8335085980569131,0.39219899294202065,2.407208242774062,2.711572870739509,9.529973882736602
swipe_left,shahzaib,swipe_left,0.1369713544845581,0.041820257902145386,0.0490389559417963,-0.30254387855529785,-0.27362892031669617,-0.8955728802829981,0.1379009485244751,-0.14302107691764832,0.12496805749833584,-0.2226887047290802,-0.3024890124797821,-0.38630647398531437,0.11028856039047241,-0.34881752729415894,0.022968851029872894,-0.10951125621795654,-0.38335612416267395,-0.038452474400401115,0.007754022424870977,-0.012842091647060948,2.066270645820655,1.0182694955305234,-0.32909259651645223,-0.8976181235276951,0.8854134868696293,0.39241496033390477,3.0941638072244215,0.603750454949485,21.922658459207955
swipe_left,shahzaib,swipe_left,0.1365370750427246,0.04068678617477417,0.06088582053780556,-0.274090975522995,-0.2826657295227051,-0.9440017826855183,0.13770020008087158,-0.14381688833236694,0.14047449454665184,-0.20892205834388733,-0.30327683687210083,-0.38631756976246834,0.11104267835617065,-0.349612295627594,0.03267841786146164,-0.10821673274040222,-0.38546812534332275,-0.03147604689002037,-0.013159983085863728,-0.0343476281021586,0.358995896848771,0.86220918279707,-0.2738427032123956,-1.4675424970460895,0.9331590515524523,0.39214664997157433,3.148544854903357,0.3831298020614891,17.98431015637408
swipe_left,shahzaib,swipe_left,0.137004092335701,0.0394262969493866,0.06088582053780556,-0.23555000126361847,-0.2898247539997101,-0.9440017826855183,0.1384100466966629,-0.14523878693580627,0.14047449454665184,-0.1993531435728073,-0.30354246497154236,-0.38631756976246834,0.11152292788028717,-0.3501427471637726,0.05345083028078079,-0.10670126974582672,-0.3860699534416199,-0.03147604689002037,0.014152039181102631,-0.03819664319356343,0.0,1.1679083108902164,-0.2169401356668218,0.0,0.9265896354473602,0.3904722896101162,5.38352630680375,0.37049508812332554,45.458291156237934
swipe_left,shahzaib,swipe_left,0.13682889938354492,0.038617074489593506,0.060844458639621735,-0.19910040497779846,-0.2978510558605194,-0.9493658393621445,0.13786685466766357,-0.1462395191192627,0.14043313264846802,-0.18915385007858276,-0.3072899878025055,-0.40076349675655365,0.11128252744674683,-0.350847065448761,0.05859051272273064,-0.10623052716255188,-0.3860994875431061,-0.03151740878820419,-0.005308877338062718,-0.024521892721003143,-0.0012533908540552513,1.104533220782442,-0.2432212685093774,-0.1625471720189785,0.9267461040689086,0.3903075885622154,4.541250386125138,0.21648658657287273,5.346461383999834
swipe_left,shahzaib,swipe_left,0.13741977512836456,0.03744015097618103,0.06084369868040085,-0.17237956821918488,-0.30068692564964294,-0.9898503720760345,0.13772405683994293,-0.1477636992931366,0.14043237268924713,-0.17171718180179596,-0.3099457323551178,-0.40725401043891907,0.11084134876728058,-0.3515438735485077,0.05858975276350975,-0.10539384186267853,-0.38614994287490845,-0.03151816874742508,0.017905325600594508,-0.03566434889128579,-2.3029067299581868e-05,0.8097223260185629,-0.08593544815525539,-1.226804021632986,0.964464424841799,0.389897504936171,9.422338756143308,0.5020370235315255,33.802414795561425
swipe_left,shahzaib,swipe_left,0.13760626316070557,0.03527390956878662,0.05830634757876396,-0.15220972895622253,-0.3025692403316498,-1.0047758407890797,0.1369873285293579,-0.1500023603439331,0.13497492298483849,-0.14865252375602722,-0.3114473819732666,-0.42093776538968086,0.10980606079101562,-0.35416558384895325,0.05889790877699852,-0.10566958785057068,-0.38765159249305725,-0.03635698929429054,0.005651152495182012,-0.06564367901195284,-0.07688942732233112,0.611207250392808,-0.05703983884869291,-0.4522869306983442,0.973262587030827,0.3904309416912456,10.715257046168313,0.08608698496572781,24.244695265553215
swipe_left,shahzaib,swipe_left,0.13773341476917267,0.034257352352142334,0.05828449688851833,-0.12145034968852997,-0.3042711913585663,-1.0047976914793253,0.1370561271905899,-0.15180808305740356,0.13495307229459286,-0.13274727761745453,-0.3156430125236511,-0.4867450539022684,0.10831661522388458,-0.355546236038208,0.08260354213416576,-0.10690198838710785,-0.3885866701602936,-0.0660835150629282,0.0038530790444576994,-0.030804764140736463,-0.0006621421286554153,0.9321024020513047,-0.05157427354292518,-0.0006621421286554153,0.942605463482594,0.39166771832656977,18.072660366513276,0.1250765612193506,16.78931512323585
swipe_left,shahzaib,swipe_left,0.1376226395368576,0.03376877307891846,0.056532733142375946,-0.0968925803899765,-0.30431511998176575,-0.9934248812496662,0.1365274041891098,-0.15325814485549927,0.12876054272055626,-0.12376512587070465,-0.3341771066188812,-0.4969853647053242,0.10550163686275482,-0.3567633628845215,0.08256850019097328,-0.10686071217060089,-0.38863059878349304,-0.09658931568264961,-0.003356825221668463,-0.014805432521935105,-0.053083749883100634,0.7441748272288647,-0.0013311703999836736,0.34463061301995906,0.9008454336248094,0.3927148701014074,558.6183473510483,0.22671397831283588,12.009646778676007
swipe_left,shahzaib,swipe_left,0.13765008747577667,0.0333234965801239,0.05387994460761547,-0.06345577538013458,-0.30456364154815674,-0.9934644568711519,0.13605321943759918,-0.15423491597175598,0.1278350781649351,-0.1207357794046402,-0.34344959259033203,-0.4981124270707369,0.10355313122272491,-0.3577471375465393,0.09414979629218578,-0.10683326423168182,-0.38887912034988403,-0.09734875150024891,0.000831755724820237,-0.013493227236198871,-0.08038753135637931,1.0132365154497713,-0.007530956557302884,-0.0011992612571427507,0.9011182297107421,0.39461437411307043,134.52500791010948,0.06163789228248765,13.279192121393555
swipe_left,shahzaib,swipe_left,0.13768015801906586,0.033195942640304565,0.053862351924180984,-0.035931721329689026,-0.30464595556259155,-0.9934820495545864,0.1356453150510788,-0.15447446703910828,0.12450622394680977,-0.11815442144870758,-0.3459489941596985,-0.49813001975417137,0.10170780122280121,-0.3578313887119293,0.0941322036087513,-0.10680319368839264,-0.39012661576271057,-0.09791231527924538,0.0009112285845207591,-0.003865270903616302,-0.0005331116192268687,0.834062243952909,-0.002494364073782296,-0.0005331116192268687,0.9024272036084371,0.394737945063082,334.24471110890704,0.2356866880870776,5.43170559754991
swipe_left,shahzaib,swipe_left,0.1379750818014145,0.032903075218200684,0.05385462008416653,-0.015732958912849426,-0.3010369539260864,-0.9241401944309473,0.13530461490154266,-0.15455126762390137,0.12449849210679531,-0.11279867589473724,-0.346015065908432,-0.49813775159418583,0.10172782838344574,-0.3579409420490265,0.09412447176873684,-0.10646755993366241,-0.39144906401634216,-0.09792004711925983,0.008937084313595077,-0.00887477036678444,-0.00023429818225629775,0.6120837096012097,0.10936368595470256,2.1012683370800063,0.8360902160037068,0.39458151270507885,5.596721686328683,1.0069080140964541,64.13481569926107
swipe_left,shahzaib,swipe_left,0.13803724944591522,0.032297104597091675,0.05382932722568512,-0.0009502917528152466,-0.3001650869846344,-0.9183555245399475,0.13522730767726898,-0.1552313268184662,0.1244731992483139,-0.10752882063388824,-0.3460707664489746,-0.49707555770874023,0.10091458261013031,-0.35801851749420166,0.09409917891025543,-0.10562865436077118,-0.39204469323158264,-0.09739936888217926,0.0018838680151736383,-0.018362746094211693,-0.0007664502570123093,0.44795961091010966,0.026420210347030102,0.1752930269999871,0.8326874750797917,0.39413961764355954,16.954545421135975,0.10258625911667549,58.628315436662966
swipe_left,shahzaib,swipe_left,0.1381109058856964,0.0314408540725708,0.04622793197631836,0.009324878454208374,-0.289450466632843,-0.8997668623924255,0.135213702917099,-0.15735548734664917,0.11878526955842972,-0.1023784875869751,-0.3461358845233917,-0.49392858147621155,0.10090097784996033,-0.3585291802883148,0.08732771873474121,-0.10425952076911926,-0.39210981130599976,-0.09667950868606567,0.0022320133267027314,-0.02594698559154205,-0.23034531058687518,0.3113687941522359,0.3246854652058046,0.5632927923491596,0.8175510103221267,0.39389135420245364,0.9589829805651825,0.08601875158394853,15.396892802751038
swipe_left,shahzaib,swipe_left,0.1381981074810028,0.03100407123565674,0.04256970435380936,0.010175913572311401,-0.27630582451820374,-0.8555131554603577,0.135216623544693,-0.15739905834197998,0.11027555167675018,-0.10043764114379883,-0.34391531348228455,-0.47690677642822266,0.10089275240898132,-0.358959436416626,0.08586739003658295,-0.10361966490745544,-0.39215338230133057,-0.09361515939235687,0.00264247258504236,-0.01323584354285059,-0.11085538250027457,0.02578894297281942,0.39832248832240885,1.3410214221838963,0.7790113264505819,0.39412931431575327,0.06474371642363574,0.19963011396849195,25.205128769520865
swipe_left,shahzaib,swipe_left,0.1383988857269287,0.030895262956619263,0.04256970435380936,0.010177314281463623,-0.26028120517730713,-0.8318336606025696,0.13521802425384521,-0.1574699580669403,0.11027555167675018,-0.09750506281852722,-0.3420933783054352,-0.44768527150154114,0.1008194088935852,-0.3591510057449341,0.08586739003658295,-0.10361826419830322,-0.3922242820262909,-0.09235061705112457,0.0060841892704816885,-0.0032972205768930746,0.0,4.244573188550384e-05,0.48559452548169696,0.7175604502359754,0.7597325719686039,0.3942372361821704,8.740964374290492e-05,1.8446884095947875,19.09290211175262
swipe_left,shahzaib,swipe_left,0.13888508081436157,0.03088948130607605,0.04254647344350815,0.010177314281463623,-0.2509140074253082,-0.8020799607038498,0.13521802425384521,-0.1574699580669403,0.11025232076644897,-0.09750506281852722,-0.341403067111969,-0.44278906285762787,0.1008194088935852,-0.3598349690437317,0.08584415912628174,-0.10361826419830322,-0.39220374822616577,-0.09233136475086212,0.0147331844676627,-0.00017520153161251463,-0.0007039669788245111,0.0,0.28385447733330454,0.9016272696581897,0.732567603702454,0.3949547835707574,0.0,83.6155300855301,8.275537475894767
swipe_left,shahzaib,swipe_left,0.13983558118343353,0.03086245059967041,0.04252980090677738,0.010219737887382507,-0.23782682418823242,-0.7872717063874006,0.1352604478597641,-0.15718728303909302,0.11023564822971821,-0.09746263921260834,-0.3335680067539215,-0.4256026428192854,0.10092417895793915,-0.36005690693855286,0.08512855507433414,-0.10357584059238434,-0.39202645421028137,-0.089839031919837,0.028803041487029564,-0.0008191123153224267,-0.0005052283857808049,0.0012855638157237865,0.39658131021442466,0.4487349792863455,0.7232836891534746,0.39515401450305343,0.0032416065533248475,35.120849850554514,14.1427985030763
swipe_left,shahzaib,swipe_left,0.1408333033323288,0.03074556589126587,0.0349296685308218,0.00711117684841156,-0.22124040126800537,-0.6757657919079065,0.1352604478597641,-0.1572628617286682,0.10689488612115383,-0.09746263921260834,-0.312738299369812,-0.3641382846981287,0.10093657672405243,-0.36047765612602234,0.0841397549957037,-0.10499013960361481,-0.39131084084510803,-0.0898479837924242,0.030234004511976543,-0.003541960860743533,-0.23030704169561497,-0.09419881936275241,0.5026188763704976,3.378967105439087,0.6203147083820256,0.3963193041595691,0.1874156271792868,8.533541774896031,88.90013353694849
swipe_left,shahzaib,swipe_left,0.14159910380840302,0.03001764416694641,0.03176380507647991,-0.0016351491212844849,-0.19863519072532654,-0.6570810284465551,0.13443414866924286,-0.15710344910621643,0.1068988386541605,-0.09784935414791107,-0.29123103618621826,-0.3453728165477514,0.10093657672405243,-0.3603594899177551,0.08414370752871037,-0.10623057186603546,-0.38999471068382263,-0.09235303662717342,0.023206075032552453,-0.022058234070286956,-0.09593525619217996,-0.26504018089988435,0.6850063800811876,0.5662049533742937,0.6053729206714246,0.3959689408349798,0.38691580354721367,1.0519891560428316,85.57096570201531
swipe_left,shahzaib,swipe_left,0.1417969912290573,0.02993127703666687,0.03178763762116432,-0.006666138768196106,-0.17629501223564148,-0.6557715833187103,0.1342574805021286,-0.15690705180168152,0.10692267119884491,-0.09806068241596222,-0.273315966129303,-0.34436267614364624,0.10087399184703827,-0.3602164387702942,0.08416754007339478,-0.10656894743442535,-0.3879726827144623,-0.09232920408248901,0.005996588504675758,-0.0026171857660467392,0.0007221983237700143,-0.15245423172459702,0.6769751057480429,0.03968015538923731,0.6101272998957802,0.3957696125382988,0.22519883704926133,2.2903602114261545,16.317793816954637
swipe_left,shahzaib,swipe_left,0.1409645676612854,0.029578566551208496,0.018161840736865997,-0.010920226573944092,-0.14737796783447266,-0.6547992564737797,0.1333417296409607,-0.1564772129058838,0.1069478802382946,-0.10012662410736084,-0.24840602278709412,-0.339352760463953,0.1007465124130249,-0.3602616786956787,0.03216065466403961,-0.10794350504875183,-0.3836645185947418,-0.11850857362151146,-0.02522495659914924,-0.010688196529041807,-0.4129029358878346,-0.12891175168933497,0.8762740727627055,0.029464449846383765,0.5940139284144249,0.39215924772147465,0.1471133388319539,2.3598552548467775,6.089226909202484
swipe_left,shahzaib,swipe_left,0.13967575132846832,0.029682934284210205,-0.01089465245604515,-0.02998565137386322,-0.11681908369064331,-0.6383836343884468,0.13205058872699738,-0.15615618228912354,0.08801595866680145,-0.10174603760242462,-0.22631019353866577,-0.337944395840168,0.10045041143894196,-0.3600875735282898,-0.0045292992144823074,-0.10938797891139984,-0.3813682794570923,-0.14686215668916702,-0.03905504038839481,0.0031626585758092432,-0.8804997937245469,-0.5777401454520729,0.9260267922372178,0.4974430934949166,0.5638123532157989,0.3917910077729616,0.623890719366309,12.34489735618983,19.70690358016552
swipe_left,shahzaib,swipe_left,0.13832944631576538,0.04076084494590759,-0.04414490517228842,-0.05354219675064087,-0.0771954357624054,-0.502152050845325,0.13067764043807983,-0.1446302831172943,0.01754238922148943,-0.10953110456466675,-0.20326444506645203,-0.28731399308890104,0.09980756044387817,-0.3488321602344513,-0.06901979725807905,-0.1107984185218811,-0.37003475427627563,-0.15209391247481108,-0.0407971215970595,0.3356942624756838,-1.0075834156437513,-0.7138347083872129,1.2007166038860166,4.12822980433709,0.4599715661197062,0.392282303491847,0.5945067400335847,0.12153022743362264,110.41531232523612
idle,shahzaib,swipe_left,0.13856446743011475,0.04076084494590759,-0.14518703799694777,-0.07716286182403564,-0.04448285698890686,-0.4804356722161174,0.13171732425689697,-0.14442339539527893,-0.02477338071912527,-0.1247701644897461,-0.19232234358787537,-0.28045481722801924,0.10238176584243774,-0.3493429720401764,-0.15485759358853102,-0.11081516742706299,-0.3696563243865967,-0.24791795294731855,0.007121851949980878,0.0,-3.061882812868514,-0.7157777294968228,0.9912902658636078,0.6580720796729684,0.40116673758650523,0.3918975574901493,0.7220660104104125,7121.851949980878,105.34763738195787
idle,shahzaib,swipe_left,0.13905495405197144,0.04076084494590759,-0.1452407529577613,-0.09724855422973633,-0.01871904730796814,-0.42605732288211584,0.13367927074432373,-0.14442244172096252,-0.024827095679938793,-0.1372283399105072,-0.18072739243507385,-0.25586436595767736,0.10420751571655273,-0.35034552216529846,-0.15491130854934454,-0.11139675974845886,-0.3694739043712616,-0.24797166790813208,0.014863230965353663,0.0,-0.001627726085258191,-0.6086573456272704,0.7807215054829619,1.6478287676969539,0.3936288124367984,0.39277481334591224,0.7796077881100013,14863.230965353663,30.835209993916052
idle,shahzaib,swipe_left,0.13911116123199463,0.04076084494590759,-0.1452364968135953,-0.11658436059951782,0.007281512022018433,-0.4084919588640332,0.1347513198852539,-0.1437644064426422,-0.03100795391947031,-0.14718174934387207,-0.1676713526248932,-0.22126628924161196,0.10531789064407349,-0.3510385751724243,-0.15490705240517855,-0.11240792274475098,-0.36936870217323303,-0.24796741176396608,0.001703247879490735,0.0,0.0001289740656361456,-0.5859335263570243,0.787895737272333,0.5322837581237242,0.4094520200318533,0.39337296601004434,0.7436679181912883,1703.2478794907352,33.81210586707071
idle,shahzaib,swipe_left,0.1396491974592209,0.03582942485809326,-0.17341052554547787,-0.13983000814914703,0.02672964334487915,-0.3534938897937536,0.13562916219234467,-0.147832989692688,-0.040041619911789894,-0.1552974432706833,-0.16750717163085938,-0.21187675558030605,0.10624609887599945,-0.35638490319252014,-0.1804605182260275,-0.11201538145542145,-0.3730681240558624,-0.26866348646581173,0.016304128097765633,-0.14943697235801243,-0.8537584464206976,-0.7044135621099873,0.5893373128139705,1.666608153644863,0.40964387656293616,0.39369728030550377,1.1952617822292189,0.10910297992203355,35.08031976443324
idle,shahzaib,swipe_left,0.13989035785198212,0.02786022424697876,-0.17338889185339212,-0.15810386836528778,0.032349228858947754,-0.3452715212479234,0.1361551135778427,-0.15582644939422607,-0.04001998621970415,-0.1595510095357895,-0.167835533618927,-0.2118551218882203,0.10692165791988373,-0.3653292953968048,-0.18043888453394175,-0.11290265619754791,-0.38044264912605286,-0.268641852773726,0.00730789068973398,-0.2414909276095212,0.0006555664268406707,-0.553753339883032,0.17029047012328455,0.24916268320696783,0.42227051779905506,0.3946322793813474,3.2517972831060513,0.030261428454662162,45.022700330865
idle,shahzaib,swipe_left,0.14000043272972107,0.025352895259857178,-0.1734056156128645,-0.17203879356384277,0.029497087001800537,-0.34259182028472424,0.13638755679130554,-0.15788334608078003,-0.04003670997917652,-0.1625995934009552,-0.1594652533531189,-0.21187184564769268,0.10740330815315247,-0.368181437253952,-0.1982234101742506,-0.11367335915565491,-0.3801029920578003,-0.26865857653319836,0.0033356023557258906,-0.07597966627641278,-0.0005067805900718308,-0.42227046056227924,-0.08642854112567461,0.08120305949088429,0.42029141465286946,0.39566117616546714,4.88571910787156,0.043900672620995236,10.11426151693889
idle,shahzaib,swipe_left,0.14023460447788239,0.025347858667373657,-0.1844430947676301,-0.1821182519197464,0.029222220182418823,-0.3425376946106553,0.13704659044742584,-0.15775111317634583,-0.09232477191835642,-0.16474132239818573,-0.158812016248703,-0.21181771997362375,0.10808838903903961,-0.36845630407333374,-0.2192113185301423,-0.11478744447231293,-0.3771646320819855,-0.26860445085912943,0.00709611358064605,-0.00015262401465213903,-0.3344690652959328,-0.3054381319970844,-0.008329297557021765,0.0016401719414826856,0.4185090630518253,0.39664080367827786,36.66593298814697,46.19143430611579,4.893684946867013
idle,shahzaib,swipe_left,0.14001549780368805,0.02532094717025757,-0.216836579144001,-0.18990720808506012,0.02907019853591919,-0.339988611638546,0.13739319145679474,-0.15742313861846924,-0.12227808684110641,-0.16561342775821686,-0.15848642587661743,-0.2196403369307518,0.10844655334949493,-0.368415892124176,-0.25536223500967026,-0.1157074123620987,-0.37543004751205444,-0.29785873740911484,-0.006639596187707255,-0.0008154999126087666,-0.9816207386779219,-0.23602897470648015,-0.004606716560595037,0.07724493854876843,0.41340172355807625,0.3968746943701532,51.22471653855366,8.1317781976159,3.112162440907349
idle,shahzaib,swipe_left,0.13972337543964386,0.025569111108779907,-0.22278614528477192,-0.1940724104642868,0.026385575532913208,-0.339970963075757,0.13757462799549103,-0.15696004033088684,-0.12550710327923298,-0.16615547239780426,-0.1586083471775055,-0.21962268836796284,0.10854299366474152,-0.36838287115097046,-0.25796778686344624,-0.11653538048267365,-0.3743177354335785,-0.2978410888463259,-0.008852192849823587,0.007520119349161499,-0.18028988305365717,-0.12621825391595534,-0.08135221221229938,0.0005348049329988681,0.41030483879728524,0.39674693248743037,1.5514845755146844,1.1769781117501459,4.67813526838027
idle,shahzaib,swipe_left,0.13955806195735931,0.02579718828201294,-0.24263079278171062,-0.19781197607517242,0.0218813419342041,-0.3399661909788847,0.13791190087795258,-0.15652060508728027,-0.1294959168881178,-0.16923992335796356,-0.15908557176589966,-0.2196179162710905,0.10864423215389252,-0.3685639500617981,-0.2594688665121794,-0.1179310530424118,-0.3726769983768463,-0.29783631674945354,-0.005009499463168137,0.006911429491910178,-0.6013529544526977,-0.11332017002683878,-0.13649192723361145,0.0001446089961312057,0.4047618708279773,0.3959291515358485,0.8302274141493657,0.7247089419184534,1.7160456480577786
idle,shahzaib,swipe_left,0.1394156813621521,0.02581566572189331,-0.24286666605621576,-0.19773221015930176,0.020373046398162842,-0.3399660447612405,0.13836419582366943,-0.15710198879241943,-0.1330541530624032,-0.17100363969802856,-0.16035723686218262,-0.2196177700534463,0.10872399806976318,-0.3696822226047516,-0.260264084674418,-0.11861959099769592,-0.37357020378112793,-0.29871870670467615,-0.004314563491127777,0.0005599224206173148,-0.007147674985004308,0.0024171489657778115,-0.045705925334584355,4.430837703473711e-06,0.4039200833942094,0.39706829295315504,0.052883648333021095,7.691907708697842,4.457455738483308
idle,shahzaib,swipe_left,0.13896864652633667,0.025896310806274414,-0.2465916033834219,-0.19757306575775146,0.01868116855621338,-0.33680818043649197,0.13862097263336182,-0.1575908660888672,-0.1404883023351431,-0.17168182134628296,-0.16176164150238037,-0.2182785328477621,0.10877019166946411,-0.3705707788467407,-0.27424696646630764,-0.11926993727684021,-0.3743952810764313,-0.30050972662866116,-0.013546510176224628,0.002443790435790923,-0.11287688870321193,0.004822557622735968,-0.051269025513618144,0.09569285832570898,0.4024401234153254,0.39857611438835716,0.09406193139995647,5.540969883515659,2.905460049415073
idle,shahzaib,swipe_left,0.13862359523773193,0.026964694261550903,-0.24818681553006172,-0.19725513458251953,0.018412262201309204,-0.3367850221693516,0.13897031545639038,-0.1573779284954071,-0.14702867344021797,-0.17136389017105103,-0.16143903136253357,-0.21825537458062172,0.10896754264831543,-0.3704385459423065,-0.27661535516381264,-0.11953642964363098,-0.37445634603500366,-0.30517101660370827,-0.010456099654689147,0.03237525622050019,-0.04833976201938937,0.009634278037331474,-0.00814867742133876,0.0007017656709208744,0.4017279997496067,0.3995209614593692,1.1821667949832593,0.3229557977141437,3.1645744511740252
idle,shahzaib,swipe_left,0.13890643417835236,0.028549522161483765,-0.24818523600697517,-0.1944245547056198,0.018391162157058716,-0.33678344264626503,0.13999606668949127,-0.15671953558921814,-0.15287825837731361,-0.17033813893795013,-0.16146013140678406,-0.21825379505753517,0.10986484587192535,-0.3700557053089142,-0.28609586134552956,-0.1191924661397934,-0.3744674026966095,-0.3051694370806217,0.008570876988497783,0.048025087876754136,4.7864335955996266e-05,0.08577514778484134,-0.0006393952803178369,4.7864335955996266e-05,0.4012445195597875,0.4014557967343951,133.94094307233175,0.17846294310901614,2.3185776946862044
idle,shahzaib,swipe_left,0.13898800313472748,0.029720038175582886,-0.2671851124614477,-0.19109223783016205,0.018390268087387085,-0.3343751933425665,0.14130602777004242,-0.15646347403526306,-0.15524727664887905,-0.169028177857399,-0.1614610254764557,-0.21629354916512966,0.1109311431646347,-0.3698900043964386,-0.29612102173268795,-0.11853225529193878,-0.3744143545627594,-0.305180748924613,0.0024717865568219203,0.03547018224542848,-0.5757538319537225,0.10097929925629748,-2.7093020352450715e-05,0.07297725162722964,0.4005155904907376,0.4016374738008739,3594.462182756667,0.06968435784630449,2.257573045901423
idle,shahzaib,swipe_left,0.1394260972738266,0.03141981363296509,-0.2774418406188488,-0.1870032697916031,0.01842731237411499,-0.33666379377245903,0.1426442712545395,-0.1561679244041443,-0.16359373554587364,-0.16753210127353668,-0.15992659330368042,-0.21629255637526512,0.11194448173046112,-0.3697887659072876,-0.3001297228038311,-0.11774022877216339,-0.37422454357147217,-0.30517975613474846,0.013275579972700137,0.05150834719339811,-0.3108099441636575,0.12390812238056985,0.0011225541432698142,-0.06935152817855919,0.3999551143000268,0.40278816205000395,110.2822886843417,0.2577314739178378,4.368740089769978
idle,shahzaib,swipe_left,0.1392262727022171,0.034149736166000366,-0.27979419752955437,-0.18387289345264435,0.02137121558189392,-0.33679376170039177,0.1435614377260208,-0.15581324696540833,-0.16359373554587364,-0.16254349052906036,-0.15983083844184875,-0.21629255637526512,0.11308737099170685,-0.36974450945854187,-0.3001297228038311,-0.11623920500278473,-0.37418028712272644,-0.30517975613474846,-0.006055290048772735,0.0827249252434946,-0.07128354274865466,0.09485988905935727,0.08920918811451448,-0.003938422058567919,0.40253540521688336,0.4052497222940819,1.0633302211804616,0.07319700602863805,3.4393511405337764
idle,shahzaib,swipe_left,0.13917109370231628,0.03406605124473572,-0.2854267591610551,-0.17871242761611938,0.023461967706680298,-0.33838620129972696,0.14393576979637146,-0.15589693188667297,-0.1684678876772523,-0.15561538934707642,-0.15985801815986633,-0.2182785803452134,0.1142587959766388,-0.3698281943798065,-0.3001441890373826,-0.11476248502731323,-0.3742639720439911,-0.30783622805029154,-0.0016720909060854168,-0.002535906704989387,-0.17068368580305487,0.15637775262197107,0.06335612499352758,-0.048255745434400574,0.4039911127403764,0.4049293604676691,2.4681952130552998,0.6591061873883186,2.4274322879580277
idle,shahzaib,swipe_left,0.13836468756198883,0.0340939462184906,-0.2907647071406245,-0.16747896373271942,0.024350792169570923,-0.3477066634222865,0.14322413504123688,-0.1558690369129181,-0.16847753804177046,-0.15066848695278168,-0.15932562947273254,-0.22231713216751814,0.11450554430484772,-0.36980029940605164,-0.30015383940190077,-0.11438615620136261,-0.3742360770702362,-0.3076676903292537,-0.024436549706891606,0.0008453022349964168,-0.16175599938088583,0.34040799646665265,0.02693407463304822,-0.2824382461381574,0.404095852377004,0.4047072721983169,12.638093679123731,28.874495063805508,9.092683667093945
idle,shahzaib,swipe_left,0.13697019219398499,0.03431352972984314,-0.2994846971705556,-0.15831458568572998,0.02574661374092102,-0.3491335781291127,0.14241686463356018,-0.15564945340156555,-0.1636347295716405,-0.1461808681488037,-0.15753313899040222,-0.22233400959521532,0.11438390612602234,-0.36989566683769226,-0.29619130212813616,-0.1143137514591217,-0.3741413950920105,-0.30768456775695086,-0.04225743539405659,0.006654045798561896,-0.2642421221191275,0.2777084256663511,0.04229762337424606,-0.04323983960079493,0.40443109855924253,0.40485313554302843,6.565424676100374,6.349683634512041,7.507764728593232
idle,shahzaib,swipe_left,0.1358955204486847,0.03412503004074097,-0.3145496314391494,-0.15231627225875854,0.02593851089477539,-0.37745199259370565,0.14182445406913757,-0.15580111742019653,-0.16317958291620016,-0.14194989204406738,-0.1560039520263672,-0.22235181089490652,0.11400249600410461,-0.36998653411865234,-0.29336393531411886,-0.11427852511405945,-0.3740081787109375,-0.30770236905664206,-0.03256581046364576,-0.005712111790975026,-0.4565131596543645,0.18176707354459185,0.005815065268314339,-0.858133771654345,0.40776124719984685,0.4052583059321358,31.252584893579282,5.700187858233373,24.88887774931617
idle,shahzaib,swipe_left,0.13516631722450256,0.03375568985939026,-0.3145470302551985,-0.1522943377494812,0.02635762095451355,-0.37744939140975475,0.1414155662059784,-0.15573617815971375,-0.16299953870475292,-0.14192795753479004,-0.15558484196662903,-0.22256833128631115,0.11368182301521301,-0.3698015809059143,-0.2926905732601881,-0.1142565906047821,-0.37364739179611206,-0.3078779559582472,-0.022097067399457614,-0.011192126707596789,7.882375608790706e-05,0.0006646820993134217,0.012700304840549797,7.882375608790706e-05,0.4077880148609759,0.4047193583106015,0.052331796430188655,1.9741639647892406,26.579995889398823
idle,shahzaib,swipe_left,0.13513197004795074,0.03351914882659912,-0.3145470302551985,-0.15206117928028107,0.02703118324279785,-0.37744939140975475,0.14136792719364166,-0.1557607650756836,-0.1621581595391035,-0.1416947990655899,-0.15491127967834473,-0.22883797995746136,0.11343611776828766,-0.3692287504673004,-0.2920424323529005,-0.11402343213558197,-0.3731783628463745,-0.312331972643733,-0.001040823531873315,-0.007167910084580045,0.0,0.007065408157579939,0.020410978432857954,0.0,0.4072527829438307,0.4039592025422049,0.3461402911442664,0.14518574226674605,0.30368111099631667
idle,shahzaib,swipe_left,0.1353921741247177,0.03302866220474243,-0.3145470302551985,-0.1518009752035141,0.026912152767181396,-0.37744939140975475,0.14143185317516327,-0.15574389696121216,-0.15866011194884777,-0.14143459498882294,-0.15482085943222046,-0.23055134527385235,0.11346451938152313,-0.36924004554748535,-0.2920424323529005,-0.1139955073595047,-0.3733825981616974,-0.3147487323731184,0.007884972023241574,-0.014863230965354463,0.0,0.007884972023241574,-0.0036069841095896053,0.0,0.40693551536299466,0.4034939803837575,2.185423157015639,0.530466193751958,0.7282406498512728
idle,shahzaib,swipe_left,0.13575997948646545,0.033931225538253784,-0.31119013018906116,-0.15226703882217407,0.026798337697982788,-0.3639832157641649,0.14169660210609436,-0.15489259362220764,-0.15830637700855732,-0.14149954915046692,-0.15530505776405334,-0.23179048486053944,0.11376014351844788,-0.3683239817619324,-0.28937682695686817,-0.11369851231575012,-0.3728528618812561,-0.3147552628070116,0.011145617022659017,0.027350404045799,0.10172424442840507,-0.014123139959393351,-0.003448941490866976,0.40806592865424374,0.4045145286814221,0.4034464831680096,4.093733182658753,0.40749707049758976,12.383606276313989
idle,shahzaib,swipe_left,0.136219322681427,0.03430032730102539,-0.2947911908850074,-0.15646770596504211,0.026943504810333252,-0.36138495709747076,0.1421312689781189,-0.15483486652374268,-0.1560412785038352,-0.14266294240951538,-0.1550912857055664,-0.23177799489349127,0.11408132314682007,-0.36795300245285034,-0.28936433698982,-0.11331191658973694,-0.372689813375473,-0.31474277283996344,0.013919490756410014,0.011184901902169468,0.49693755466827766,-0.1272929437232692,0.004399003404559345,0.07873511111194138,0.40465380822761926,0.4028986014677567,28.930192097434848,1.2443780464148695,10.555193261169197
idle,shahzaib,swipe_left,0.1365620493888855,0.03357440233230591,-0.29467796720564365,-0.16056343913078308,0.027016878128051758,-0.35752215422689915,0.1421312689781189,-0.15513819456100464,-0.15519375540316105,-0.14386093616485596,-0.15491431951522827,-0.23054383136332035,0.11389374732971191,-0.3677317500114441,-0.28783481754362583,-0.11340019106864929,-0.3724069595336914,-0.312324458733201,0.010385657801772774,-0.021997726324833152,0.003431020586779678,-0.12411312623457672,0.002223433870257789,0.1170546324415659,0.4047302876461632,0.40200411505914685,55.79537692446361,0.4721026866927735,1.1670523002923239
idle,shahzaib,swipe_left,0.13776051998138428,0.033576905727386475,-0.2689869161695242,-0.16550326347351074,0.02703118324279785,-0.35694104991853237,0.1421312689781189,-0.15500479936599731,-0.1466075237840414,-0.14515507221221924,-0.1548088788986206,-0.23028421960771084,0.1137700080871582,-0.3675629198551178,-0.27829540334641933,-0.11345168948173523,-0.37222450971603394,-0.3121363278478384,0.03631729068178177,7.5860456986862e-05,0.7785166980642385,-0.14969164674932545,0.00043348832563921144,0.017609221465660144,0.4051196586625862,0.4019643669068583,344.5239789333851,472.50942949753215,3.1120569437970595
idle,shahzaib,swipe_left,0.1386619210243225,0.03318880498409271,-0.25906755588948727,-0.16845405101776123,0.027108773589134216,-0.356936177238822,0.1421312689781189,-0.1548658162355423,-0.13285001926124096,-0.1460646390914917,-0.15471000969409943,-0.23027934692800045,0.11362338066101074,-0.3674943596124649,-0.27601288817822933,-0.11345380544662476,-0.37207598984241486,-0.312131455168128,0.02731518311933934,-0.011760628584659014,0.3005866751526227,-0.08941780437122353,0.002351222616253388,0.00014765696092084845,0.4054392253946567,0.40182218851254736,38.01417593443935,2.322398035503962,1.902470486753569
idle,shahzaib,swipe_left,0.1392064392566681,0.03306443989276886,-0.2590669970959425,-0.17221984267234802,0.026521757245063782,-0.3569356184452772,0.14210274815559387,-0.15487556159496307,-0.1328494604676962,-0.14714765548706055,-0.1549377292394638,-0.23175805620849133,0.11341336369514465,-0.367485448718071,-0.27601232938468456,-0.11354365944862366,-0.37207965552806854,-0.31213089637458324,0.0165005524953209,-0.0037686391310258944,1.6933137720281697e-05,-0.114114898623844,-0.017788374062740725,1.6933137720281697e-05,0.4053806160416075,0.401737028788055,6.414778744961803,4.377223368548366,0.9656957732996125
swipe_left,shahzaib,swipe_left,0.13962683081626892,0.033045247197151184,-0.25906411465257406,-0.17755207419395447,0.02556498348712921,-0.3569327360019088,0.14219555258750916,-0.15494512021541595,-0.13284657802432775,-0.14872801303863525,-0.15523885190486908,-0.2317551737651229,0.1133030354976654,-0.36749182641506195,-0.27600944694131613,-0.11356452107429504,-0.3721012622117996,-0.3121280139312148,0.012739138169722327,-0.0005815968368992753,8.734676874045309e-05,-0.16158277338201607,-0.028993144179835926,8.734676874045309e-05,0.4052657313940499,0.40175867610318894,5.572945087801189,21.866129993982074,1.4779527465211688
swipe_left,shahzaib,swipe_left,0.13970030844211578,0.03303726017475128,-0.25906390929594636,-0.18129004538059235,0.024844631552696228,-0.3644194998778403,0.14212597906589508,-0.15494807064533234,-0.13284637266770005,-0.15008465945720673,-0.15594397485256195,-0.23346358770504594,0.11310647428035736,-0.36749182641506195,-0.2760092415846884,-0.1137552261352539,-0.3721012622117996,-0.3191340514458716,0.0022265947226321214,-0.00024203098181521337,6.2229281122031885e-06,-0.11327185414053748,-0.021828846497968367,-0.2268716326039763,0.4051885563866278,0.40176849740400145,5.188852525879159,9.161773145142023,7.034980836453463
swipe_left,shahzaib,swipe_left,0.13977378606796265,0.03298017382621765,-0.26271496526896954,-0.18502801656723022,0.024075180292129517,-0.3719062637537718,0.142056405544281,-0.15500012040138245,-0.13403706066310406,-0.1514413058757782,-0.15669819712638855,-0.23665126971900463,0.11291655898094177,-0.3675409257411957,-0.28240071050822735,-0.11394551396369934,-0.37215036153793335,-0.3274009358137846,0.0022265947226322415,-0.0017298893495039781,-0.11063805978858286,-0.11327185414054358,-0.023316704865658292,-0.22687163260398852,0.40500385972229164,0.4019029614361141,4.857761721968075,1.2863876730597008,0.04508661720272573
swipe_left,shahzaib,swipe_left,0.139381542801857,0.03274187445640564,-0.2627162653952837,-0.19250662624835968,0.01953151822090149,-0.37817850895226,0.14132912456989288,-0.15518519282341003,-0.13403836078941822,-0.1552722305059433,-0.15918049216270447,-0.24221736378967762,0.11193649470806122,-0.3677235543727875,-0.2824020106345415,-0.11492599546909332,-0.3723378926515579,-0.32740223594009876,-0.011886159578959337,-0.007221193024606531,-3.939776709585542e-05,-0.2266245357918053,-0.13768672943115454,-0.19006803631782834,0.4026892342124915,0.40188719675780327,1.6459312440410327,1.6457825951843625,5.005399990918901
swipe_left,shahzaib,swipe_left,0.13852167129516602,0.0317361056804657,-0.2627262147143483,-0.21296954154968262,0.018351703882217407,-0.386871543712914,0.14000952243804932,-0.15611496567726135,-0.13404831010848284,-0.16806373000144958,-0.16052880883216858,-0.24398717004805803,0.11003801226615906,-0.36865487694740295,-0.28241195995360613,-0.1168552041053772,-0.3732741177082062,-0.3274121852591634,-0.026056712323969475,-0.030477841695150224,-0.0003014945171096156,-0.6200883424643413,-0.03575194965709397,-0.2634252957773973,0.40760785726782023,0.4018852900605046,17.34369746864524,0.8549115017095812,12.515766145456782
swipe_left,shahzaib,swipe_left,0.13807286322116852,0.030090034008026123,-0.27737827971577644,-0.23102279007434845,0.014169454574584961,-0.3869016654789448,0.13981737196445465,-0.15751314163208008,-0.14414263144135475,-0.17632563412189484,-0.16164547204971313,-0.24773171916604042,0.1089036613702774,-0.3697461783885956,-0.29699327424168587,-0.11804454028606415,-0.37436985969543457,-0.3351532109081745,-0.01360024466659032,-0.04988095977089433,-0.44400196974022943,-0.5470681371110651,-0.12673482750400872,-0.0009127807888117357,0.40792742762543444,0.40137835902119323,4.31660208391949,0.2726485633093738,8.70507778401099
swipe_left,shahzaib,swipe_left,0.1384991556406021,0.02843797206878662,-0.28653222508728504,-0.25425924360752106,0.005185365676879883,-0.3874263782054186,0.14058883488178253,-0.15922129154205322,-0.15719574876129627,-0.1853857785463333,-0.16643238067626953,-0.25133845396339893,0.10871578752994537,-0.3698652386665344,-0.2998501379042864,-0.11838184297084808,-0.3743921220302582,-0.3462220449000597,0.0129179521040485,-0.050062483007258435,-0.27739228398511345,-0.7041349555506963,-0.2722451181122794,-0.015900385650721716,0.4052647705648501,0.3996371648131361,2.5863911685245697,0.25803142985827804,6.504067980918784
swipe_left,shahzaib,swipe_left,0.13920480012893677,0.027201354503631592,-0.29261453822255135,-0.27330440282821655,-0.003987908363342285,-0.39429907873272896,0.14146679639816284,-0.16049695014953613,-0.16345687583088875,-0.192622572183609,-0.17302942276000977,-0.259123969823122,0.10858273506164551,-0.3701544404029846,-0.30987145379185677,-0.11862251162528992,-0.3748262822628021,-0.3532411940395832,0.021383166313171727,-0.037473259550153,-0.184312519250497,-0.5771260369907818,-0.277978001218858,-0.20826365234274186,0.4038976812485871,0.3989074325577557,2.076149761169909,0.5706094415168884,6.987313554033995
swipe_left,shahzaib,swipe_left,0.14041118323802948,0.025814354419708252,-0.29261453822255135,-0.2930545061826706,-0.019963443279266357,-0.39429907873272896,0.14256678521633148,-0.16135215759277344,-0.16345687583088875,-0.19892369210720062,-0.1874253749847412,-0.259123969823122,0.10893659293651581,-0.3701544404029846,-0.30987145379185677,-0.11871643364429474,-0.37595152854919434,-0.3532411940395832,0.03655706391189899,-0.04203030557343295,0.0,-0.5984879804379786,-0.48410711866434747,0.0,0.3985059978043256,0.39759242628972463,1.236269249293329,0.869757991410238,8.903074374018319
swipe_left,shahzaib,swipe_left,0.14163897931575775,0.02598145604133606,-0.34654678776860237,-0.3242126703262329,-0.029709666967391968,-0.4241417534649372,0.14350365102291107,-0.16129496693611145,-0.221120435744524,-0.2162228673696518,-0.1945071518421173,-0.2912229783833027,0.10866044461727142,-0.36983779072761536,-0.3342573828995228,-0.11953718960285187,-0.3762897551059723,-0.3579527623951435,0.03720594174934215,0.005063685503873039,-1.6343105923046026,-0.9441867922291761,-0.29534011176138686,-0.9043234767335978,0.4079102749898934,0.397380786319162,3.1969365409310413,7.346150461048415,29.89024308562328
swipe_left,shahzaib,swipe_left,0.1408587396144867,0.027727246284484863,-0.4094269759953022,-0.35068580508232117,-0.044632136821746826,-0.4684184081852436,0.14266833662986755,-0.15946954488754272,-0.2729947455227375,-0.2272925078868866,-0.20553719997406006,-0.32179446890950203,0.1072017252445221,-0.3677150011062622,-0.3837129659950733,-0.12133780121803284,-0.3763396739959717,-0.3864673860371113,-0.02364362731124453,0.05290273464087368,-1.9054602492939645,-0.8022162047299599,-0.4521960561925787,-1.3417168097062757,0.4115171528938339,0.39770413116792824,1.7740411923166466,0.4469179250150206,14.723417713039453
swipe_left,shahzaib,swipe_left,0.1408972442150116,0.029653191566467285,-0.4439018778502941,-0.36472533643245697,-0.06891906261444092,-0.5116354636847973,0.14260420203208923,-0.1575492024421692,-0.27298472449183464,-0.23891261219978333,-0.21498215198516846,-0.33763233944773674,0.10680553317070007,-0.3655693233013153,-0.3880969099700451,-0.12202915549278259,-0.37554773688316345,-0.40017012879252434,0.001166806076512211,0.0583619782418925,-1.044693995605832,-0.425440343943516,-0.735967448263469,-1.3096077424107384,0.4066289475789249,0.4005961500819236,0.5780687269234845,0.01999222986318896,14.326548603445312
swipe_left,shahzaib,swipe_left,0.14062649011611938,0.03167995810508728,-0.4439018778502941,-0.38356785476207733,-0.08982321619987488,-0.5531432442367077,0.14216315746307373,-0.1554698646068573,-0.27298472449183464,-0.24538910388946533,-0.2252291738986969,-0.3535508029162884,0.10630077123641968,-0.36327025294303894,-0.3880969099700451,-0.12267106771469116,-0.3754291832447052,-0.40017012879252434,-0.00820466966340005,0.06141716783696722,0.0,-0.5709854039278681,-0.6334591995585809,-1.257811531876025,0.41597917730574124,0.40034749733660535,0.9013753418537619,0.13358701427204914,5.618262965984651
swipe_left,shahzaib,swipe_left,0.1401432752609253,0.033118098974227905,-0.4439018778502941,-0.39965610206127167,-0.11035820841789246,-0.5555928163230419,0.1417664885520935,-0.15395542979240417,-0.27298472449183464,-0.24877476692199707,-0.24100318551063538,-0.3553599826991558,0.10582000017166138,-0.36141499876976013,-0.3880969099700451,-0.12334167957305908,-0.37619540095329285,-0.40017012879252434,-0.014642874399821197,0.04358002633759539,0.0,-0.4875226454301392,-0.622272491455088,-0.07422945716164447,0.41373334988771077,0.39993580343404633,0.7834539830551751,0.33599195866549497,35.956785894509856
swipe_left,shahzaib,swipe_left,0.13988468050956726,0.03387725353240967,-0.44390090461820364,-0.40205584466457367,-0.1375787854194641,-0.5674344515427947,0.14141526818275452,-0.15308904647827148,-0.2695628022775054,-0.25496000051498413,-0.25494417548179626,-0.36569716688245535,0.10533758997917175,-0.36029791831970215,-0.3880959367379546,-0.12328535318374634,-0.377462238073349,-0.40016915556043386,-0.007836204586607162,0.0230046835812659,2.949188152949062e-05,-0.07271947282733456,-0.8248659697446088,-0.35883743090160536,0.40402318871282306,0.3996020045105791,0.08815903108576356,0.3406203757835032,16.433841770507733
swipe_left,shahzaib,swipe_left,0.13934989273548126,0.03465008735656738,-0.42463073320686817,-0.402793288230896,-0.1661241054534912,-0.6248672623187304,0.1407497078180313,-0.15239542722702026,-0.26203113980591297,-0.25569744408130646,-0.2688577473163605,-0.37125939317047596,0.1048903614282608,-0.3591286838054657,-0.3707233089953661,-0.12246908247470856,-0.37935757637023926,-0.3979830462485552,-0.016205690123817524,0.02341920679265714,0.5839445882222648,-0.022346774737039356,-0.8650096980007884,-1.7403882053313173,0.41895897287660383,0.398942590231869,0.0258341021546753,0.6919533318936552,41.91065171569778
swipe_left,shahzaib,swipe_left,0.1392066329717636,0.03607162833213806,-0.38376097194850445,-0.40293654799461365,-0.19081297516822815,-0.7863114904612303,0.14060644805431366,-0.1512017548084259,-0.21678496710956097,-0.2558407038450241,-0.27786779403686523,-0.42097686044871807,0.10485772788524628,-0.35754773020744324,-0.3215340208262205,-0.12143747508525848,-0.37978148460388184,-0.3726093005388975,-0.00434120496114102,0.043076999259718224,1.2384776138898295,-0.00434120496114102,-0.7481475671132525,-4.892249337651591,0.5348834710043797,0.3999852999095456,0.00580259744116286,0.10077545465767333,95.57812854042149
swipe_left,shahzaib,swipe_left,0.13910426199436188,0.0360758900642395,-0.19666553102433681,-0.4030389189720154,-0.21957910060882568,-0.8578632082790136,0.14050407707691193,-0.15157008171081543,-0.07368274591863155,-0.25594307482242584,-0.29556339979171753,-0.42239331267774105,0.10475535690784454,-0.35717856884002686,-0.15746352635324,-0.12092168629169464,-0.38157573342323303,-0.2387851234525442,-0.003102150830355607,0.0001291433970133484,5.669558815883958,-0.003102150830355607,-0.8717007709272119,-2.168233873266197,0.6993502106461522,0.3966934759974792,0.0035587295263331984,23.836405853440485,82.6307972235903
swipe_left,shahzaib,swipe_left,0.1390494555234909,0.035772860050201416,-0.07895403355360031,-0.39287666976451874,-0.24953043460845947,-0.9443565979599953,0.14044927060604095,-0.15193748474121094,0.03314748778939247,-0.25296224653720856,-0.3121740520000458,-0.42645541578531265,0.10470055043697357,-0.3569583594799042,-0.04691396653652191,-0.11954836547374725,-0.383367657661438,-0.14437130838632584,-0.0016608021476051396,-0.009182727698123469,3.567015074870668,0.3079469456817048,-0.9076161818070502,-2.6210118085144956,0.8559189375958853,0.39553030726950045,0.33929166597373983,0.1808418326628407,16.681792470387972
swipe_left,shahzaib,swipe_left,0.13896892964839935,0.03574556112289429,-0.07669160142540932,-0.3777145892381668,-0.2780529856681824,-1.122715625911951,0.1395650953054428,-0.1520490050315857,0.05134085938334465,-0.2512618750333786,-0.32315531373023987,-0.49090609326958656,0.10470055043697357,-0.35683467984199524,-0.024189455434679985,-0.11851586401462555,-0.38486939668655396,-0.13357937708497047,-0.0024401780330773944,-0.0008272402214281619,0.06855854933912213,0.45945698564703547,-0.8643197290825259,-5.404819028847231,1.0280973901162598,0.39755508139559814,0.5315815879306144,2.946220154425385,84.4928288207684
swipe_left,shahzaib,swipe_left,0.13861916959285736,0.03570592403411865,-0.06737924739718437,-0.3545912355184555,-0.2991454005241394,-1.122715625911951,0.13885335624217987,-0.15210294723510742,0.05986413359642029,-0.24758969247341156,-0.32789453864097595,-0.49090609326958656,0.10462461411952972,-0.35677221417427063,-0.023020831868052483,-0.11764715611934662,-0.3862643241882324,-0.13079312816262245,-0.01059878956187872,-0.0012011239022919817,0.2821925463098513,0.7007076884761113,-0.6391640865441627,0.0,1.0235440611736986,0.39643711708366536,1.0962859255418613,8.816719758812681,164.0873854502123
swipe_left,shahzaib,swipe_left,0.13797669112682343,0.03568652272224426,-0.03688802011311054,-0.3205546587705612,-0.31710880994796753,-1.1607867535203695,0.1384427398443222,-0.1521642506122589,0.07054690457880497,-0.2371467500925064,-0.3375353515148163,-0.5013208445161581,0.10456542670726776,-0.35664767026901245,-0.020756995305418968,-0.11638547480106354,-0.3882545530796051,-0.11273774318397045,-0.019469044425271084,-0.0005879185416481805,0.9239765843658884,1.0314114166028736,-0.5443457401160124,-1.1536705335884567,1.0701184516284303,0.3940845614098077,1.89476916199233,33.05897683367876,36.481012265431815
swipe_left,shahzaib,swipe_left,0.13782306015491486,0.03552868962287903,0.03316900692880154,-0.2896602600812912,-0.3309665024280548,-1.1607867535203695,0.1382399946451187,-0.15237995982170105,0.09430844523012638,-0.23233862221240997,-0.3450486660003662,-0.5123857911676168,0.10494716465473175,-0.3566752076148987,-0.0027067605406045914,-0.11520980298519135,-0.3901275098323822,-0.08518549613654613,-0.004655483997229197,-0.004782821192885709,2.1229402133911948,0.9361938996748136,-0.4199300751541441,0.0,1.0912612206359185,0.3952110729786795,2.2293989539382504,0.9731726604147811,35.28060587435199
swipe_left,shahzaib,swipe_left,0.13768135011196136,0.03542912006378174,0.054363492876291275,-0.26195232570171356,-0.34552550315856934,-1.1607388593256474,0.13727329671382904,-0.15241026878356934,0.0973745845258236,-0.22666363418102264,-0.3450734317302704,-0.5123378969728947,0.10536210238933563,-0.35669997334480286,0.025408489629626274,-0.11335740983486176,-0.3901522755622864,-0.07758641615509987,-0.0042942437258634385,-0.0030172593665845947,0.6422571499239417,0.8396343751387296,-0.44118184031862906,0.0014513392340053442,1.0942080300303851,0.39452268868065027,1.9031437726189278,1.4227550400092763,2.996399076542994
swipe_left,shahzaib,swipe_left,0.13733085989952087,0.03498917818069458,0.056735631078481674,-0.20252221822738647,-0.3545962870121002,-1.1054080165922642,0.1357947289943695,-0.15264081954956055,0.09733390435576439,-0.18538117408752441,-0.34717482328414917,-0.5013136304914951,0.10547259449958801,-0.35682913661003113,0.031787287443876266,-0.10851079225540161,-0.39028143882751465,-0.07762709632515907,-0.010620915528499888,-0.013331572214762583,0.07188297582395263,1.8009123477069102,-0.27487223798578875,1.6766922040419412,1.0326883355293952,0.393902222296152,6.551792240319953,0.7966141384735802,58.74526868388184
swipe_left,shahzaib,swipe_left,0.1369589865207672,0.034620195627212524,0.05674988590180874,-0.17521482706069946,-0.35858920216560364,-1.0950444880872965,0.13382652401924133,-0.15316131711006165,0.09734815917909145,-0.16926789283752441,-0.34772443771362305,-0.5012993756681681,0.10536262392997742,-0.35703134536743164,0.03574243001639843,-0.10769104957580566,-0.39048364758491516,-0.07761284150183201,-0.01126889026526206,-0.011181289499455809,0.00043196434324436285,0.8274967020207872,-0.12099742889403839,0.3140463183323423,1.020168550607224,0.39348516223007135,6.838904517887984,1.0077444575022376,50.95974469532682
swipe_left,shahzaib,swipe_left,0.13694164156913757,0.033061087131500244,0.05666433274745941,-0.15871486067771912,-0.3607292175292969,-1.0320094376802444,0.13322284817695618,-0.15463244915008545,0.09726260602474213,-0.15030699968338013,-0.3559143841266632,-0.5124498754739761,0.10529789328575134,-0.3584865927696228,0.042179085314273834,-0.10769104957580566,-0.39114126563072205,-0.07769839465618134,-0.0005256045948375438,-0.047245711991281976,-0.0025925198287675287,0.4999989813024427,-0.06484895041494762,1.9101530426379711,0.9561578785989071,0.3930912550980691,7.7100904180058585,0.011124680907626526,49.40382949958453
swipe_left,shahzaib,swipe_left,0.1368219554424286,0.03293687105178833,0.056585945188999176,-0.13489586114883423,-0.3642262816429138,-0.9953833408653736,0.13302025198936462,-0.1549391746520996,0.09250065311789513,-0.14012178778648376,-0.3593987822532654,-0.5124691314995289,0.1047225296497345,-0.3585990369319916,0.042159829288721085,-0.10751804709434509,-0.39114126563072205,-0.08596771582961082,-0.0036268523245147357,-0.0037641236276338193,-0.0023753805594011164,0.7217878645116748,-0.10597163980657573,1.1098817216627703,0.9102256534094462,0.39311430042275475,6.811077518018825,0.9632757601624943,25.1955724292953
swipe_left,shahzaib,swipe_left,0.1366606205701828,0.03292614221572876,0.05660260654985905,-0.10744167864322662,-0.3642262816429138,-0.9905875790864229,0.13275061547756195,-0.15498477220535278,0.09176529012620449,-0.13587094843387604,-0.363299697637558,-0.49954803474247456,0.10272340476512909,-0.3594039976596832,0.035654282197356224,-0.10741017758846283,-0.39114126563072205,-0.08733433671295643,-0.004888935522599731,-0.0003251162442294086,0.0005048897230263993,0.8319449244123649,0.0,0.14532611451365962,0.9036541579683903,0.3943520071768835,831944.924412365,14.991389141476123,29.593699314090795
swipe_left,shahzaib,swipe_left,0.13632595539093018,0.03273212909698486,0.04476708360016346,-0.06439808011054993,-0.3642262816429138,-0.8922861684113741,0.13189423084259033,-0.1565268635749817,0.08659864775836468,-0.13592055439949036,-0.363299697637558,-0.4883281160145998,0.09971123933792114,-0.36183324456214905,0.035323312506079674,-0.1076994240283966,-0.39114126563072205,-0.08752642013132572,-0.010141369068260965,-0.0058791854164814885,-0.3586522105968224,1.304351470687123,0.0,2.978830626516518,0.8063731612596753,0.39637312766494637,1304351.4706871232,1.724668245976711,87.04893320318128
swipe_left,shahzaib,swipe_left,0.1360243409872055,0.03364282846450806,0.02835792489349842,-0.038342490792274475,-0.3622136116027832,-0.8320831395685673,0.13100604712963104,-0.15685009956359863,0.07194181904196739,-0.1359759122133255,-0.36128702759742737,-0.49952996149659157,0.09746979176998138,-0.3618595600128174,0.03173146769404411,-0.10783322155475616,-0.3918333649635315,-0.088655736297369,-0.009139830415899249,0.0275969505310063,-0.49724723353531214,0.7895633126750262,0.06099000121608022,1.8243342073578113,0.7472553749459498,0.39739146109049667,12.945570607666276,0.33117786792286075,38.3496624668408
swipe_left,shahzaib,swipe_left,0.1360243409872055,0.03753659129142761,0.01444325689226389,-0.012467935681343079,-0.3521340489387512,-0.8321178741753101,0.13009868562221527,-0.1550060212612152,0.030927713960409164,-0.13485319912433624,-0.35708796977996826,-0.5152245350182056,0.09746979176998138,-0.3576605021953583,0.027920862659811974,-0.10731272399425507,-0.3928512632846832,-0.09580707177519798,0.0,0.11799281293695811,-0.4216566060980228,0.7840774276039942,0.30544129284945887,-0.0010525638406927104,0.7435099347993345,0.3973019529564034,2.5670231201100786,0.0,55.80879888056305
swipe_left,shahzaib,swipe_left,0.1360127180814743,0.03753659129142761,-0.0015317698707804084,0.005590006709098816,-0.3485681116580963,-0.8320986181497574,0.1298147290945053,-0.15517303347587585,0.02350369095802307,-0.12983565032482147,-0.35574963688850403,-0.5075436383485794,0.09745816886425018,-0.3576605021953583,0.027940118685364723,-0.10732434689998627,-0.39371737837791443,-0.09789467602968216,-0.00035220926458184035,0.0,-0.4840917200922331,0.5472103754679155,0.10805870547438703,0.0005835159258408759,0.7442066488287735,0.3981655286194582,5.063963232785404,352.2092645818404,9.343391026334645
swipe_left,shahzaib,swipe_left,0.13601087033748627,0.03753659129142761,-0.03317875973880291,0.023196682333946228,-0.33715203404426575,-0.8304093461483717,0.12981288135051727,-0.15521743893623352,0.023548351600766182,-0.11696271598339081,-0.3550572395324707,-0.5003737788647413,0.09745632112026215,-0.357949435710907,0.027984779328107834,-0.1073261946439743,-0.39371737837791443,-0.12634648196399212,-5.599224206173148e-05,0.0,-0.9589996929703941,0.5335356249953846,0.34594174587365906,0.05119006064805199,0.7182898971290699,0.40204058169620666,1.542265682282108,55.99224206173148,7.381532193221748
swipe_left,shahzaib,swipe_left,0.13638243079185486,0.03753659129142761,-0.0331939235329628,0.031540364027023315,-0.31617408990859985,-0.8304245099425316,0.13015547394752502,-0.15522626042366028,0.023533187806606293,-0.10719937086105347,-0.35054391622543335,-0.5003889426589012,0.09830430150032043,-0.3588755428791046,0.027969615533947945,-0.10698360204696655,-0.39371737837791443,-0.126361645758152,0.01125940770813931,0.0,-0.0004595089139360443,0.25283883918415817,0.6356952768383706,-0.0004595089139360443,0.721738434259265,0.4029063198302657,0.39773528396555935,11259.40770813931,12.324636659363305
swipe_left,shahzaib,swipe_left,0.13667307794094086,0.03713005781173706,-0.033194130286574364,0.03158663213253021,-0.2973345220088959,-0.8304247166961432,0.13020174205303192,-0.1578770875930786,0.023532981052994728,-0.1053173691034317,-0.3455267548561096,-0.5003891494125128,0.09839849174022675,-0.3606281280517578,0.04254653491079807,-0.1071125715970993,-0.3954699635505676,-0.12636185251176357,0.008807489366242045,-0.012319196354258677,-6.265260956503891e-06,0.001402063803239249,0.570895996960705,-6.265260956503891e-06,0.7242738092222611,0.4067101753519266,0.002455896266232687,0.7148822237072214,7.868268275375502
swipe_left,shahzaib,swipe_left,0.13672992587089539,0.03498837351799011,-0.033194130286574364,0.03159096837043762,-0.2761722803115845,-0.8304247166961432,0.13033166527748108,-0.1602860987186432,0.029573002830147743,-0.10036575794219971,-0.33483949303627014,-0.5003891494125128,0.09842368960380554,-0.36190617084503174,0.049586160108447075,-0.10719659924507141,-0.39547452330589294,-0.12636185251176357,0.001722664544076658,-0.06489952405293886,0.0,0.00013140114870938596,0.641280051433689,0.0,0.7274610167092218,0.4072409895380927,0.00020490414992867343,0.02654315306716928,2.13319768570363
swipe_left,shahzaib,swipe_left,0.13677677512168884,0.03473323583602905,-0.014084378257393837,0.03162303566932678,-0.2531534433364868,-0.7593203689903021,0.1311606466770172,-0.16054123640060425,0.05340384133160114,-0.10033369064331055,-0.31454744935035706,-0.440983047708869,0.09846082329750061,-0.36214324831962585,0.050195926800370216,-0.10721653699874878,-0.39447784423828125,-0.11966526322066784,0.0014196742664684175,-0.0077314449079110194,0.5790833948236616,0.0009717363299745656,0.6975405143969098,2.1546772032073394,0.6696324869404612,0.40387004525994064,0.0013930874505938518,0.1835996613459162,65.31550746215727
swipe_left,shahzaib,swipe_left,0.13676902651786804,0.0346943736076355,-0.0005220677703619003,0.028239041566848755,-0.22930186986923218,-0.5820394661277533,0.13114961981773376,-0.1605800986289978,0.07847792096436024,-0.10035061836242676,-0.3009459972381592,-0.33075456880033016,0.09850826859474182,-0.3621821105480194,0.050195926800370216,-0.10731688141822815,-0.3919236660003662,-0.11966526322066784,-0.0002348061763879062,-0.0011776432846531911,0.410979105667641,-0.10254527583266913,0.7227749535531823,5.372148571592474,0.5085382584891867,0.4019292776669581,0.1418769887522604,0.1992173369544939,97.55257843974906
swipe_left,shahzaib,swipe_left,0.1368979513645172,0.034619420766830444,-0.0005989987403154373,0.02069440484046936,-0.20438888669013977,-0.5664658863097429,0.13136723637580872,-0.16065505146980286,0.0784009899944067,-0.1003524661064148,-0.2814830541610718,-0.31285384483635426,0.09923616051673889,-0.36225706338882446,0.05011899583041668,-0.1074129045009613,-0.38940784335136414,-0.11974219419062138,0.003906813534823183,-0.0022712982062136626,-0.0023312415137434566,-0.22862535534482148,0.7549388842148929,0.4719266611518103,0.5002055118961093,0.401872702654575,0.30283915332223127,1.7193225449634613,148.54391365880556
swipe_left,shahzaib,swipe_left,0.1388987898826599,0.03383210301399231,-0.0005786493420600891,0.014900505542755127,-0.1752813160419464,-0.564596600830555,0.13136976957321167,-0.1545843780040741,0.07842133939266205,-0.1027660071849823,-0.25871410965919495,-0.29484332352876663,0.10108214616775513,-0.3584706783294678,0.049529578536748886,-0.10763433575630188,-0.3874322175979614,-0.11972184479236603,0.060631470246749454,-0.0238581137223681,0.0006166484319802584,-0.1755727059913432,0.8820475953998128,0.05664501452084834,0.5078743357595983,0.3972938525736704,0.1990510578521584,2.541228938856475,13.25840011605179
swipe_left,shahzaib,swipe_left,0.138523131608963,0.031579554080963135,-0.0005560368299484253,-0.0055074989795684814,-0.14076411724090576,-0.5270380228757858,0.13009294867515564,-0.15236908197402954,0.07844395190477371,-0.10498112440109253,-0.2358253002166748,-0.29393230378627777,0.10123541951179504,-0.35771575570106506,-0.004726559855043888,-0.10909512639045715,-0.38398611545562744,-0.1251240223646164,-0.011383584051421376,-0.06825905857664274,0.0006852276397473993,-0.6184243794643616,1.0459757212436727,1.1381387259021132,0.4810636140627053,0.39109922648099094,0.5912410543219846,0.16676786233108531,35.76038359414718
swipe_left,shahzaib,swipe_left,0.13672876358032227,0.028750211000442505,-0.0419595530256629,-0.032446324825286865,-0.10180822014808655,-0.5166516592726111,0.1280498504638672,-0.15234598517417908,0.05360958445817232,-0.10941976308822632,-0.2141280472278595,-0.2939293673262,0.0995364785194397,-0.3576926589012146,-0.04935105424374342,-0.11125057935714722,-0.38178250193595886,-0.1563217332586646,-0.05437478874668725,-0.0857376691066825,-1.254652005930694,-0.8163280559308291,1.180481730085386,0.3147382910052816,0.4630695029649149,0.38829884374813156,0.6915205408145048,0.6341921248979273,25.983784018513532
swipe_left,shahzaib,swipe_left,0.13727957010269165,0.040230244398117065,-0.11437592562288046,-0.059420257806777954,-0.05896243453025818,-0.516677781008184,0.1287459135055542,-0.1403772532939911,-0.03715002443641424,-0.11776605248451233,-0.19144853949546814,-0.2896585604175925,0.10029548406600952,-0.3457239270210266,-0.15908679272979498,-0.11132553219795227,-0.3691016733646393,-0.23033505585044622,0.016691106738466473,0.34787979992953766,-2.194435533249052,-0.8173919085300461,1.2983571399342138,-0.0007915677446307684,0.4252912663400838,0.3902915662594551,0.6295581191268708,0.047979384725593405,10.206987100398429
swipe_left,shahzaib,swipe_left,0.13895410299301147,0.039555102586746216,-0.17032745573669672,-0.08267214894294739,-0.027214854955673218,-0.4774688193574548,0.13194942474365234,-0.1403772532939911,-0.04268146771937609,-0.13446587324142456,-0.1815977394580841,-0.28966251108795404,0.1013113260269165,-0.3460610508918762,-0.1928516337648034,-0.11187407374382019,-0.36895808577537537,-0.27282402012497187,0.05074342091878336,-0.02045884276881395,-1.6955009125399136,-0.7046027617021152,0.9620478658965292,1.1881503530524182,0.3994004031996804,0.3881032531134073,0.7323981002207189,2.4801471591037516,37.597845542218046
idle,shahzaib,swipe_left,0.14114123582839966,0.039555102586746216,-0.17025354132056236,-0.1052161157131195,-0.005066007375717163,-0.4512418769299984,0.13441920280456543,-0.14054802060127258,-0.04747067019343376,-0.1446671485900879,-0.16665557026863098,-0.27420317754149437,0.10203701257705688,-0.34763410687446594,-0.19277771934866905,-0.11384162306785583,-0.36791202425956726,-0.2727501057088375,0.06627675258751821,0.0,0.002239830791950141,-0.6831505081870081,0.6711771993925822,0.7947558311350117,0.404463773086378,0.38981016250879236,1.0178377498036448,66276.75258751822,14.83998500341842
idle,shahzaib,swipe_left,0.142729714512825,0.039555102586746216,-0.17178866267204285,-0.12449254095554352,0.022078901529312134,-0.40889598429203033,0.13707484304904938,-0.1409684717655182,-0.04845486953854561,-0.15039031207561493,-0.1598905622959137,-0.25447215139865875,0.10364200174808502,-0.3484623432159424,-0.19593922793865204,-0.11325980722904205,-0.36615806818008423,-0.272798553109169,0.04813571770985998,0.0,-0.04651882883274268,-0.5841340982552824,0.822572997122113,1.2832088678172344,0.41155392080586345,0.39072834212418983,0.7101295449393672,48135.71770985998,15.78410662928065
idle,shahzaib,swipe_left,0.1428476870059967,0.03676903247833252,-0.17885266244411469,-0.15026473999023438,0.03710049390792847,-0.35457761585712433,0.13861849904060364,-0.1438133716583252,-0.05678361654281616,-0.15816059708595276,-0.16001689434051514,-0.2183520644903183,0.10402926802635193,-0.35270872712135315,-0.20390905439853668,-0.11354875564575195,-0.3670845627784729,-0.2798975557088852,0.003574924035505872,-0.08442636692162851,-0.2140605991536955,-0.7809757283239778,0.45519976904898707,1.6460111646941475,0.4126629798500447,0.3922086404614812,1.7156731302444965,0.04234318996143005,16.744589813384422
idle,shahzaib,swipe_left,0.14301830530166626,0.03226986527442932,-0.17883990239351988,-0.1657983660697937,0.04191574454307556,-0.3307927055284381,0.14013218879699707,-0.14932867884635925,-0.056770856492221355,-0.1617232859134674,-0.16115906834602356,-0.21447897981852293,0.10441488027572632,-0.3590274453163147,-0.20389629434794188,-0.1137610375881195,-0.37053796648979187,-0.27804530691355467,0.0051702513839260115,-0.1363384001182809,0.0003866681998426326,-0.47071594180483556,0.14591668591355064,0.7207548584450489,0.41905636298823956,0.3939944574192081,3.2259005401422867,0.03792191677123834,31.022021753895984
idle,shahzaib,swipe_left,0.14347918331623077,0.029625236988067627,-0.1788246799260378,-0.17733560502529144,0.04166746139526367,-0.32215346582233906,0.14151336252689362,-0.1538742184638977,-0.07960923947393894,-0.16507993638515472,-0.14971548318862915,-0.2142238039523363,0.10501231253147125,-0.36379683017730713,-0.2137277740985155,-0.11571170389652252,-0.3711061179637909,-0.2727705705910921,0.013966000441348384,-0.08014025110186648,0.0004612868933966491,-0.3496133016817365,-0.007523731751875159,0.2617951426090517,0.42025968560954585,0.39683604808971285,46.46189568081454,0.17426731239316923,15.116742886579711
idle,shahzaib,swipe_left,0.14385290443897247,0.028483211994171143,-0.17879969626665115,-0.18578951060771942,0.03977924585342407,-0.3184215798974037,0.14264942705631256,-0.1557624340057373,-0.084102563560009,-0.1666725128889084,-0.15160369873046875,-0.21229726821184158,0.10560949146747589,-0.36568504571914673,-0.21370279043912888,-0.11699546873569489,-0.37019604444503784,-0.2725302055478096,0.0113248825073244,-0.034606817996863715,0.0007570805874737947,-0.25617895704327615,-0.05721865278301908,0.1130874522707697,0.41823244385400393,0.3975542730335996,4.4771148474934765,0.3272348030826647,5.530908152867986
idle,shahzaib,swipe_left,0.1440066248178482,0.028361469507217407,-0.1800655461847782,-0.19243933260440826,0.039153844118118286,-0.3161373473703861,0.14356417953968048,-0.1563878357410431,-0.08950702473521233,-0.1687009483575821,-0.15222910046577454,-0.2056533880531788,0.10584677755832672,-0.3663104474544525,-0.2159058190882206,-0.11796616017818451,-0.36874356865882874,-0.27030450478196144,0.0046581932992646935,-0.0036891662713253726,-0.03835908842809334,-0.20150975747542269,-0.018951567736539277,0.06921916748538272,0.4171656771848428,0.39812890016031555,10.632319603159914,1.2623261275410338,2.4199806458553232
idle,shahzaib,swipe_left,0.14396554231643677,0.028377443552017212,-0.1905454359948635,-0.19416087865829468,0.03870818018913269,-0.31840210780501366,0.14407920837402344,-0.1568334996700287,-0.0945102833211422,-0.1690891683101654,-0.15192827582359314,-0.2056506983935833,0.1058078408241272,-0.3667561113834381,-0.22418807074427605,-0.11882516741752625,-0.36831459403038025,-0.27030181512236595,-0.0012449242851950435,0.00048406196363042674,-0.3175724184874212,-0.05216806223898025,-0.01350496754501754,-0.06862910407961961,0.41672130528406803,0.39839473301235934,3.8625934843317076,2.566526296717759,6.1608939820924045
idle,shahzaib,swipe_left,0.14406037330627441,0.02819785475730896,-0.19278803560882807,-0.1941555142402649,0.035306721925735474,-0.3184021571651101,0.14459103345870972,-0.15721097588539124,-0.09677802864462137,-0.16908380389213562,-0.15252026915550232,-0.20434965286403894,0.10581320524215698,-0.36710086464881897,-0.22888821456581354,-0.11947393417358398,-0.3675515055656433,-0.2696812907233834,0.002873666358716606,-0.005442084688128934,-0.06795756405953313,0.0001625581221147043,-0.10307449283022033,-1.4957604986248833e-06,0.4126085465493706,0.39878207877207306,0.0015770782913690272,0.5279481256251465,3.7691588711240347
idle,shahzaib,swipe_left,0.14409223198890686,0.028844445943832397,-0.19517134595662355,-0.19412365555763245,0.03208252787590027,-0.3161394940689206,0.14492002129554749,-0.15667101740837097,-0.09752532560378313,-0.16905194520950317,-0.15257737040519714,-0.20324510801583529,0.10584506392478943,-0.3669830858707428,-0.22777593601495028,-0.11977338790893555,-0.3671751320362091,-0.268861030228436,0.0009654146252256605,0.019593672318892356,-0.07222152569077346,0.0009654146252256605,-0.09770284999500777,0.06856554836937985,0.40886415157242934,0.39900543868500704,0.009881029511887084,0.04926924061367683,2.0842975545024283
idle,shahzaib,swipe_left,0.1445290595293045,0.02982419729232788,-0.2014846708625555,-0.1936868280172348,0.0318986177444458,-0.3120237048715353,0.1454760581254959,-0.15621721744537354,-0.09752031974494457,-0.16861511766910553,-0.1527612805366516,-0.20263241790235043,0.10628445446491241,-0.3669787049293518,-0.22777093015611172,-0.11958841979503632,-0.3665250539779663,-0.2688207682222128,0.013237198193868212,0.02968943480289391,-0.19131287593733484,0.013237198193868212,-0.005573034286499112,0.12472088476925385,0.4075518249559893,0.3995073972478198,2.37479669364971,0.4458404965015194,3.2906246627215974
idle,shahzaib,swipe_left,0.14497269690036774,0.03119051456451416,-0.20605250168591738,-0.19052766263484955,0.03177088499069214,-0.30799967516213655,0.14596153795719147,-0.15605324506759644,-0.10240556765347719,-0.16732580959796906,-0.15197765827178955,-0.19680339563637972,0.10672809183597565,-0.3670886754989624,-0.22777644265443087,-0.11914478242397308,-0.36665278673171997,-0.2669792817905545,0.013443556698885322,0.04140355370261296,-0.13841911585944547,0.09573228431470103,-0.003870689507686584,0.12194029422419982,0.40684101372443765,0.4007005024520854,24.72622975696806,0.3246878784262062,2.5018026367132706
idle,shahzaib,swipe_left,0.14515060186386108,0.032401323318481445,-0.20767495967447758,-0.18649420142173767,0.031440138816833496,-0.3142902497202158,0.14634597301483154,-0.15614908933639526,-0.10415775515139103,-0.16660147905349731,-0.15134918689727783,-0.18970207311213017,0.10711252689361572,-0.367409884929657,-0.22863529063761234,-0.11876755952835083,-0.3669835329055786,-0.2561408821493387,0.005391059499798485,0.03669117436264559,-0.04916539359273411,0.12222609736702854,-0.010022611329049936,-0.19062347145694977,0.40830095415001966,0.4021631918293399,12.193818510580005,0.14692668378047513,9.50742186952275
idle,shahzaib,swipe_left,0.145199716091156,0.03303247690200806,-0.216572443023324,-0.18378189206123352,0.031281471252441406,-0.3143018428236246,0.14678305387496948,-0.15646851062774658,-0.10457179136574268,-0.1642719805240631,-0.15151512622833252,-0.18971366621553898,0.10755163431167603,-0.3678116202354431,-0.22890464402735233,-0.11833053827285767,-0.36742621660232544,-0.25615247525274754,0.0014883099180279594,0.019125866167473374,-0.26962070754080536,0.08219119274255132,-0.004808108011881587,-0.00035130616390344427,0.4082071153423447,0.40279703506011133,17.09073544189198,0.07781253368933685,5.894191123271319
idle,shahzaib,swipe_left,0.14519935846328735,0.03329712152481079,-0.2303231144323945,-0.177573561668396,0.031200706958770752,-0.31432629469782114,0.1473388671875,-0.15660202503204346,-0.10459624323993921,-0.16016745567321777,-0.15122830867767334,-0.1897381180897355,0.1081128716468811,-0.36796092987060547,-0.22892909590154886,-0.11777472496032715,-0.3677089214324951,-0.25617692712694407,-1.0837208140979703e-05,0.00801953402432498,-0.4166870123960597,0.1881312240253724,-0.002447402838504583,-0.0007409658847432867,0.407536674967774,0.4029706870253646,76.83834582559044,0.0013511828648955554,3.2111226280588396
