ground_truth,person_id,video_label,left_wrist_x,left_wrist_y,left_wrist_z,right_wrist_x,right_wrist_y,right_wrist_z,left_elbow_x,left_elbow_y,left_elbow_z,right_elbow_x,right_elbow_y,right_elbow_z,left_shoulder_x,left_shoulder_y,left_shoulder_z,right_shoulder_x,right_shoulder_y,right_shoulder_z,left_wrist_x_vel,left_wrist_y_vel,left_wrist_z_vel,right_wrist_x_vel,right_wrist_y_vel,right_wrist_z_vel,right_arm_len,left_arm_len,right_horiz_ratio,left_horiz_ratio,right_wrist_acc
idle,shahzaib,swipe_left,0.10684654116630554,-0.029255032539367676,-0.22782942769117653,-0.11590135097503662,-0.004044950008392334,-0.34062676248140633,0.10135695338249207,-0.2027266025543213,-0.06851010140962899,-0.11450406908988953,-0.1825208067893982,-0.18929714080877602,0.07324633002281189,-0.4129880964756012,-0.17503260192461312,-0.08010450005531311,-0.40788909792900085,-0.23451596614904702,-0.0037889588962901817,-4.786433595599562e-05,0.2175693781199786,0.11585923758420105,-4.786433595599562e-05,-0.017704604419343444,0.41908353754803906,0.3888027049260353,2371.038822435593,77.54037422512603,0.0
idle,shahzaib,swipe_left,0.10681764781475067,-0.029059886932373047,-0.2241955129429698,-0.10670842230319977,-0.007372617721557617,-0.3400564519688487,0.1013203114271164,-0.20273542404174805,-0.06660963129252195,-0.11147354543209076,-0.18365508317947388,-0.1893076477572322,0.07311128079891205,-0.4132581949234009,-0.17239976208657026,-0.08009208738803864,-0.40949276089668274,-0.2334176329895854,-0.0008755561077233421,0.005913503242261417,0.1101186287335362,0.2785735961162652,-0.10083841555046202,0.017282136744170288,0.41687033540993446,0.38913655552691695,2.762546714452758,0.1480354430220199,5.896160658309899
idle,shahzaib,swipe_left,0.10676546394824982,-0.028358489274978638,-0.22335396381095052,-0.10676060616970062,-0.009731203317642212,-0.3394147423096001,0.10125137865543365,-0.2027672827243805,-0.06608438910916448,-0.10981960594654083,-0.1848600208759308,-0.1875467118807137,0.07294966280460358,-0.4133821129798889,-0.1711636302061379,-0.08014331758022308,-0.4098334312438965,-0.23322130413725972,-0.0015813292879046856,0.0212544744664973,0.025501488849069196,-0.0015813292879046856,-0.07147229079044244,0.019445747249957335,0.41480997957410637,0.39001349994535905,0.022124758359610107,0.07439632977363847,8.536306769426776
idle,shahzaib,swipe_left,0.1067325621843338,-0.028352856636047363,-0.2224270310252905,-0.10679350793361664,-0.009725570678710938,-0.3386465962976217,0.10121847689151764,-0.20276504755020142,-0.05841239355504513,-0.10985250771045685,-0.18566787242889404,-0.186512878164649,0.07291336357593536,-0.41345497965812683,-0.15853906236588955,-0.08013524115085602,-0.41025635600090027,-0.2252784427255392,-0.0009970231489701729,0.00017068602822043722,0.028088872292728204,-0.0009970231489701729,0.00017068602822043722,0.02327715187813302,0.41711858196802243,0.39182783960567646,5.807246863967518,5.807246863967518,2.174173729783419
idle,shahzaib,swipe_left,0.10660770535469055,-0.027973085641860962,-0.2224270310252905,-0.10705891251564026,-0.009345799684524536,-0.3394458945840597,0.10095307230949402,-0.20307734608650208,-0.05841239355504513,-0.11011791229248047,-0.18528810143470764,-0.186512878164649,0.07264795899391174,-0.413281112909317,-0.15853906236588955,-0.0802728533744812,-0.40987658500671387,-0.2252784427255392,-0.0037835402922196918,0.011508211945042495,0.0,-0.008042563091624887,0.011508211945042495,-0.024221160195090612,0.41734471365885417,0.39204236096250067,0.6987935516374916,0.32874017007301903,1.4951002855711948
idle,shahzaib,swipe_left,0.10643717646598816,-0.027973085641860962,-0.2224270310252905,-0.1088157594203949,-0.009345799684524536,-0.34110031090676785,0.10040441155433655,-0.203894704580307,-0.05841239355504513,-0.11066657304763794,-0.18528810143470764,-0.18252632580697536,0.07209929823875427,-0.41361168026924133,-0.15853906236588955,-0.08075970411300659,-0.40987658500671387,-0.2252784427255392,-0.005167542081890697,0.0,0.0,-0.05323778499256494,0.0,-0.05013382796085254,0.417883664886785,0.3924001632093875,53237.78499256494,5167.542081890698,1.6167492738504228
idle,shahzaib,swipe_left,0.10615028440952301,-0.028455466032028198,-0.2224270310252905,-0.11205331981182098,-0.009345799684524536,-0.34110031090676785,0.10007019340991974,-0.20444896817207336,-0.05841239355504513,-0.11134271323680878,-0.18528810143470764,-0.1821041014045477,0.0715835839509964,-0.41383233666419983,-0.15853906236588955,-0.08125822246074677,-0.40987658500671387,-0.2252784427255392,-0.008693698680761993,-0.014617587580825183,0.0,-0.09810789064927426,0.0,0.0,0.4180764919971724,0.3921630550399408,98107.89064927427,0.5947016859662482,2.038816859154395
idle,shahzaib,swipe_left,0.10626021027565002,-0.028744131326675415,-0.24875779496505857,-0.12743857502937317,-0.010125070810317993,-0.3410901580937207,0.10005077719688416,-0.20447269082069397,-0.08676248090341687,-0.11417275667190552,-0.18562421202659607,-0.18160809623077512,0.07154431939125061,-0.4139687418937683,-0.1940072630532086,-0.08139175176620483,-0.4094988703727722,-0.24295952962711453,0.003331086852333771,-0.008747433171127804,-0.7979019375687315,-0.4662198550773401,-0.023614276539195726,0.0003076610014294141,0.4138228630136715,0.390641542095943,19.742299197874154,0.3807638221810117,11.177840594463479
idle,shahzaib,swipe_left,0.10647237300872803,-0.02906385064125061,-0.2563983940053731,-0.1462751030921936,-0.01015809178352356,-0.341093733208254,0.10018426179885864,-0.20450571179389954,-0.08979763765819371,-0.11775484681129456,-0.18574759364128113,-0.18002565135248005,0.07173067331314087,-0.4140017628669739,-0.1973856680560857,-0.08142662048339844,-0.40835320949554443,-0.24312119116075337,0.006429173729636468,-0.009688464078036245,-0.23153330425195678,-0.5708038806915298,-0.0010006355516838329,-0.00010833680403955081,0.4151665888069543,0.39098169239799796,569.8718258671638,0.6635221182366429,3.242476383969848
idle,shahzaib,swipe_left,0.1073475033044815,-0.029140353202819824,-0.25820878404192626,-0.16547326743602753,-0.01017141342163086,-0.3410934235434979,0.10037238895893097,-0.20451903343200684,-0.09493564325384796,-0.12274162471294403,-0.18623560667037964,-0.180025341687724,0.07144005596637726,-0.4140150845050812,-0.20483951526694,-0.08186985552310944,-0.40800145268440247,-0.24382269638590515,0.026519099871317613,-0.002318259441491335,-0.05486030413797421,-0.5817625558737567,-0.0004036860032515102,9.383780486655982e-06,0.41799505378062346,0.3902129962198893,1437.5653005033491,11.43429639517399,0.3325925220444414
idle,shahzaib,swipe_left,0.1085037887096405,-0.029185771942138672,-0.25820878404192626,-0.181887686252594,-0.02852541208267212,-0.3410934235434979,0.10025963187217712,-0.20481914281845093,-0.11746027576737106,-0.13006070256233215,-0.19459694623947144,-0.1800061936955899,0.07093265652656555,-0.4140150845050812,-0.21297738212160766,-0.08277952671051025,-0.40800145268440247,-0.24382269638590515,0.03503895167148483,-0.0013763254339044777,0.0,-0.4974066308050457,-0.5561817776073122,0.0,0.4040867320766076,0.3892956068347836,0.8943222459078642,25.43984944223059,17.034648676909544
idle,shahzaib,swipe_left,0.10888203978538513,-0.029235541820526123,-0.25820878404192626,-0.19899049401283264,-0.047705650329589844,-0.3410881485324353,0.10025909543037415,-0.20481914281845093,-0.11746027576737106,-0.13868147134780884,-0.20588940382003784,-0.1800061936955899,0.07035383582115173,-0.41398346424102783,-0.21297738212160766,-0.08341798186302185,-0.40800145268440247,-0.2431208814959973,0.011462153810443328,-0.0015081781329530696,0.0,-0.5182669018254148,-0.58121934081569,0.00015984882007945707,0.3908550321662817,0.38930870273765955,0.8916874813742309,7.594964146488706,0.987551549305816
idle,shahzaib,swipe_left,0.10903878509998322,-0.029353827238082886,-0.2670342947822064,-0.2187834233045578,-0.06971117854118347,-0.34036821383051574,0.10053224861621857,-0.2049330770969391,-0.1180707539897412,-0.14334706962108612,-0.22307470440864563,-0.1800061936955899,0.07018972933292389,-0.41402629017829895,-0.21297738212160766,-0.08340679109096527,-0.4081153869628906,-0.24295752006582916,0.00474985801812369,-0.0035844065926291333,-0.2674397194024259,-0.599785736112877,-0.6668341882301027,0.021816203088471143,0.37727057145599635,0.3903899367105658,0.899451238775826,1.3247752787336398,3.641942705221401
idle,shahzaib,swipe_left,0.10911636054515839,-0.02989983558654785,-0.2735302282962948,-0.23555205762386322,-0.09355449676513672,-0.3307395412120968,0.10063211619853973,-0.2049410343170166,-0.11953519121743739,-0.15335805714130402,-0.23489022254943848,-0.17994561628438532,0.07000230252742767,-0.41387683153152466,-0.21291680471040308,-0.08359421789646149,-0.4088450074195862,-0.22456414834596217,0.0023507710659142755,-0.016545707529241428,-0.19684647012389117,-0.5081404339183473,-0.7225247946652517,0.2917779581339078,0.3657492381586601,0.3906945482961669,0.7032834504597448,0.1420688110767644,8.802477646379883
idle,shahzaib,swipe_left,0.10933440923690796,-0.030233263969421387,-0.2735302282962948,-0.24810969829559326,-0.12310445308685303,-0.33020447031594813,0.1009359359741211,-0.20515203475952148,-0.11953519121743739,-0.16102498769760132,-0.24889355897903442,-0.17994561628438532,0.0700230598449707,-0.4131802022457123,-0.20680108503438532,-0.08357346057891846,-0.40930575132369995,-0.21257951692678034,0.006607536113623433,-0.01010389039010715,0.0,-0.3805345658100022,-0.8954532218701934,0.01621426958026312,0.35045539843783063,0.39070003619998395,0.4249626128460704,0.6538948824316113,10.589720961688206
swipe_left,shahzaib,swipe_left,0.10956932604312897,-0.03037402033805847,-0.2735302282962948,-0.2637781351804733,-0.14129945635795593,-0.32153595821000636,0.10108061134815216,-0.20567753911018372,-0.1215362458024174,-0.17049084603786469,-0.25721874833106995,-0.17342637316323817,0.0699627548456192,-0.4128692150115967,-0.20680108503438532,-0.08348338305950165,-0.4093256890773773,-0.19786397949792445,0.00711869109760633,-0.0042653445041541,0.0,-0.47480111772363953,-0.5513637354879682,0.2626821850285392,0.34588873555912414,0.3902871160963935,0.861137985735398,1.668569214388319,13.140135797360882
swipe_left,shahzaib,swipe_left,0.10985945165157318,-0.03060758113861084,-0.32039750809781253,-0.2774937152862549,-0.16780930757522583,-0.3063067316543311,0.10129372775554657,-0.2060827612876892,-0.14919843967072666,-0.17559807002544403,-0.27071571350097656,-0.15401860768906772,0.0699651688337326,-0.41267406940460205,-0.20674127037636936,-0.08341409265995026,-0.4095090627670288,-0.1859318136703223,0.00879168510437014,-0.007077600016738446,-1.4202206000459952,-0.41562363956913906,-0.8033288247657565,0.4614917138083426,0.3325293858566535,0.4006046625171128,0.5173760848358033,1.2420090248892208,9.889825070068934
swipe_left,shahzaib,swipe_left,0.11056320369243622,-0.03201368451118469,-0.3254683205159381,-0.2867080122232437,-0.1901130974292755,-0.3037005850346759,0.10143093764781952,-0.20694610476493835,-0.1539665349991992,-0.1831306368112564,-0.2762981951236725,-0.14726423111278564,0.07004545629024506,-0.41265052556991577,-0.20672703173477203,-0.08424507081508636,-0.4095019996166229,-0.1858727225335315,0.0213258194200918,-0.042609193108298096,-0.15366098236743983,-0.2792211193026888,-0.6758724198196799,0.0789741399895504,0.32094569358101854,0.40078121997809446,0.4131263504595043,0.5004863358842351,12.89821981356619
swipe_left,shahzaib,swipe_left,0.11100031435489655,-0.03204652667045593,-0.347669233175111,-0.295062318444252,-0.21072229743003845,-0.3018400264700176,0.10159464180469513,-0.20765933394432068,-0.16209267506201286,-0.18770338594913483,-0.28581586480140686,-0.14645873436529655,0.0701538473367691,-0.41251200437545776,-0.20824994573195,-0.08587251603603363,-0.40940389037132263,-0.18583652803499717,0.013245777650312977,-0.000995216947613343,-0.6727549290658471,-0.25316079457600976,-0.6245212121443331,0.05638056256540246,0.31095266593878784,0.407259317025795,0.40536715853030675,13.296077407683292,1.8745202742034959
swipe_left,shahzaib,swipe_left,0.11120457947254181,-0.03179430961608887,-0.3652696916688001,-0.3023177683353424,-0.2252875566482544,-0.3011365244019544,0.10172857344150543,-0.2077174186706543,-0.16989359351282474,-0.19314436614513397,-0.2969125509262085,-0.14634542258863803,0.07025708258152008,-0.41217276453971863,-0.2104619601595914,-0.087397500872612,-0.40916135907173157,-0.18323886486177798,0.0061898520498564905,0.007642941041426244,-0.5333472270814884,-0.21986211791183063,-0.4413714914610903,0.021318244486765028,0.30643132135761,0.4127104314246919,0.4981328065643911,0.809772343390754,5.740164119309243
swipe_left,shahzaib,swipe_left,0.11134026944637299,-0.030759692192077637,-0.3864855658612214,-0.3045174479484558,-0.23659658432006836,-0.30067466612672433,0.10186426341533661,-0.20734918117523193,-0.18424432392930612,-0.19338704645633698,-0.3043568730354309,-0.14332259114598855,0.07037870585918427,-0.4111292362213135,-0.21987817104673013,-0.0880822092294693,-0.4081854522228241,-0.1824716966948472,0.004111817388823548,0.031352043151855545,-0.6429052785582235,-0.0666569579731336,-0.34269780823678764,0.013995705310001327,0.30043118035584676,0.4172731284463305,0.19450595208103846,0.1311457190585406,5.526622799781309
swipe_left,shahzaib,swipe_left,0.11143635213375092,-0.029524385929107666,-0.3864813460968435,-0.30593428015708923,-0.25127315521240234,-0.3011386408470571,0.10195998847484589,-0.20612305402755737,-0.1842401041649282,-0.1942884773015976,-0.314680814743042,-0.14331837138161063,0.07045184075832367,-0.40988683700561523,-0.2215522094629705,-0.08817027509212494,-0.40760818123817444,-0.18038572510704398,0.002911596587209998,0.03743352312030224,0.00012787164781581303,-0.04293430935252807,-0.44474457249497035,-0.014059840010084021,0.2940120217340225,0.41660166162943457,0.09653678868947846,0.0777783806101412,3.2866454573197466
swipe_left,shahzaib,swipe_left,0.11144691705703735,-0.028457820415496826,-0.38647474721074104,-0.3059237152338028,-0.2618926763534546,-0.30113204196095467,0.10196906328201294,-0.205066978931427,-0.18423350527882576,-0.19508928060531616,-0.3221971392631531,-0.1433117724955082,0.0704163908958435,-0.40867647528648376,-0.22154561057686806,-0.08860915899276733,-0.4072558879852295,-0.18037912622094154,0.00032014919049812166,0.03232016707911644,0.00019996624552842392,0.00032014919049812166,-0.32180367094097795,0.00019996624552842392,0.2879884482229401,0.4164749088477742,0.0009948556357556417,0.009905248461927555,3.972905889381591
swipe_left,shahzaib,swipe_left,0.11130113899707794,-0.02681446075439453,-0.38647474721074104,-0.30590730905532837,-0.2760244607925415,-0.300663847476244,0.1018759161233902,-0.20349860191345215,-0.18423350527882576,-0.19507287442684174,-0.3269079923629761,-0.14278854802250862,0.0703214555978775,-0.4069812297821045,-0.22154561057686806,-0.0889313668012619,-0.4070187211036682,-0.17898302152752876,-0.0044175169684669705,0.049798777609159905,0.0,0.0004971569234674572,-0.42823589209353813,0.014187711657899643,0.28114814449869796,0.4164225340147452,0.0011609390331528589,0.08870555613996228,3.252957410218602
swipe_left,shahzaib,swipe_left,0.11085529625415802,-0.026263266801834106,-0.3834128864109516,-0.3056991696357727,-0.2817979156970978,-0.2996223457157612,0.10177971422672272,-0.20295634865760803,-0.18260309472680092,-0.19486473500728607,-0.3306342661380768,-0.14088896289467812,0.07028384506702423,-0.4062340557575226,-0.22154561057686806,-0.08903612196445465,-0.40733522176742554,-0.17864036932587624,-0.013510386149088576,0.01670284704728564,0.09278366059967989,0.006307255138050442,-0.17495317892594814,0.03156065940856941,0.27809913709470885,0.41499982903247756,0.03605089730791785,0.8088188374117087,7.695281928075672
swipe_left,shahzaib,swipe_left,0.11002108454704285,-0.025917381048202515,-0.3756248243153095,-0.30474992096424103,-0.29050692915916443,-0.2976299710571766,0.10098442435264587,-0.20233985781669617,-0.1746511347591877,-0.19466397166252136,-0.33312246203422546,-0.13472003117203712,0.07006677985191345,-0.4050734043121338,-0.20901552215218544,-0.08886891603469849,-0.407635897397995,-0.17115377262234688,-0.0252791426398538,0.010481386473684625,0.23600188168612452,0.028765111258535744,-0.2639094988505052,0.060374989654078774,0.27626080478527637,0.4160700614178737,0.10899570643769667,2.4115827729988304,2.9141130550571686
swipe_left,shahzaib,swipe_left,0.1095510870218277,-0.0263957679271698,-0.37356330023612827,-0.30337532609701157,-0.29359155893325806,-0.29762813018169254,0.10076142847537994,-0.20199927687644958,-0.1689316959818825,-0.19425837695598602,-0.3339204788208008,-0.1305311502655968,0.06998278200626373,-0.4046349823474884,-0.20312699244823307,-0.08875055611133575,-0.4079066812992096,-0.16618328855838627,-0.014242349248943941,-0.014496572089917769,0.062470426641856334,0.04165438991604439,-0.09347362951798896,5.578410557725226e-05,0.2764226573244726,0.41674823226916585,0.44562241252882534,0.9823954770225755,5.492538190453856
swipe_left,shahzaib,swipe_left,0.10908108949661255,-0.026874154806137085,-0.371501776156947,-0.3020007312297821,-0.2966761887073517,-0.2976262893062085,0.10053843259811401,-0.20165500044822693,-0.16321225720457733,-0.19354090094566345,-0.3347184956073761,-0.13052930939011276,0.06989878416061401,-0.404196560382843,-0.1972384627442807,-0.08863219618797302,-0.4081774652004242,-0.16121280449442565,-0.014242349248943941,-0.014496572089917769,0.062470426641856334,0.04165438991604439,-0.09347362951798896,5.578410557725226e-05,0.2767079782802925,0.41746275666602495,0.44562241252882534,0.9823954770225755,0.0
swipe_left,shahzaib,swipe_left,0.10844115912914276,-0.026466429233551025,-0.36734836106188595,-0.29971735179424286,-0.3021320700645447,-0.2976291358936578,0.1003902405500412,-0.2011355757713318,-0.15015289490111172,-0.19221697747707367,-0.3361195921897888,-0.13053215597756207,0.06992702186107635,-0.4035519063472748,-0.18467651610262692,-0.08824078738689423,-0.4087619185447693,-0.15518513624556363,-0.019391829317266077,0.012355320381395609,0.1258610634866975,0.06919331622846123,-0.16532973809675555,-8.62602257367327e-05,0.2763739403710078,0.4207681056834129,0.41851453047991366,1.5693854415157071,2.3318990040763463
swipe_left,shahzaib,swipe_left,0.10788053274154663,-0.025962918996810913,-0.3458659225143492,-0.29760000109672546,-0.3061681091785431,-0.30633230740204453,0.1001858115196228,-0.20065930485725403,-0.13498743111267686,-0.18871992826461792,-0.33567455410957336,-0.130523303989321,0.06996315717697144,-0.4029182493686676,-0.16861896449699998,-0.08711642026901245,-0.40907323360443115,-0.13972538942471147,-0.016988678412003994,0.015257885961821623,0.6509829862889934,0.06416214234901213,-0.1223042155757098,-0.2637324699511137,0.2874902912257555,0.4182696888275131,0.5246067557053138,1.1133629581157094,8.096402187139397
swipe_left,shahzaib,swipe_left,0.10722894966602325,-0.024288266897201538,-0.24278981960378587,-0.28300854563713074,-0.3059476315975189,-0.4771213380154222,0.09975661337375641,-0.1990949809551239,-0.07070224708877504,-0.18206994235515594,-0.3340582549571991,-0.19204212701879442,0.06993158161640167,-0.40120697021484375,-0.12762188888154924,-0.08559511601924896,-0.4089793264865875,-0.1306289432104677,-0.01974494168252661,0.05074703332149634,3.123518270017079,0.44216531695741706,0.006681138818914256,-5.1754251701023675,0.41187931727980825,0.3958818698057839,66.17122585149497,0.3890779679566983,149.33045796862095
swipe_left,shahzaib,swipe_left,0.10715417563915253,-0.02295246720314026,-0.17701532784849405,-0.2706301808357239,-0.3082854449748993,-0.5565043622627854,0.09936694800853729,-0.19778141379356384,-0.02627690974622965,-0.1764194220304489,-0.3328193128108978,-0.22616406623274088,0.0701427310705185,-0.39985471963882446,-0.10579084698110819,-0.08428420126438141,-0.4081204831600189,-0.1274454677477479,-0.0022658796021432642,0.040478778607917654,1.9931664168270298,0.3751019636789967,-0.07084282961758717,-2.4055461893140424,0.47831307102596893,0.3853544882247745,5.2947725398780054,0.055975592754355354,83.99318387693857
swipe_left,shahzaib,swipe_left,0.10689802467823029,-0.021949976682662964,-0.08754468010738492,-0.25088833272457123,-0.3113376200199127,-0.726498865056783,0.09918011724948883,-0.19620206952095032,0.01727116061374545,-0.16636262834072113,-0.3312050402164459,-0.3045372893102467,0.07024998962879181,-0.39824044704437256,-0.08055147575214505,-0.08352486789226532,-0.4068155586719513,-0.12450946914032102,-0.007762150330977026,0.030378500620524163,2.7112317497305867,0.5982378215500818,-0.09249015287919501,-5.151348569515089,0.6320742036547479,0.37813555964121603,6.468054542810759,0.2555061858302231,83.48300019287139
swipe_left,shahzaib,swipe_left,0.10626749694347382,-0.02220901846885681,-0.07492813840508461,-0.2376093715429306,-0.31346622109413147,-0.7699877433478832,0.09896056354045868,-0.19558432698249817,0.024775365367531776,-0.1594097763299942,-0.33060768246650696,-0.3254718594253063,0.07027773559093475,-0.3976568281650543,-0.07271846011281013,-0.08270628750324249,-0.40729546546936035,-0.123307716101408,-0.019106901053226145,-0.007849751096783176,0.3823194455242476,0.40239276308001454,-0.06450306285511292,-1.3178447966999935,0.6715608313358776,0.37717529532836613,6.238254541948109,2.433767268593593,116.32136913985195
swipe_left,shahzaib,swipe_left,0.10565677285194397,-0.022054582834243774,-0.07472628960385919,-0.21748465299606323,-0.32544800639152527,-0.8146845609880984,0.09975054860115051,-0.1944883167743683,0.030059596057981253,-0.14972496032714844,-0.3329305946826935,-0.3426519245840609,0.07083287835121155,-0.3965998589992523,-0.06668596575036645,-0.08055207133293152,-0.4088359475135803,-0.12332459399476647,-0.018506790652419627,0.004679867715546591,0.006116630340164373,0.6098399559656794,-0.36308440295132816,-1.3544490194004628,0.7097060550724691,0.3762466137168409,1.6796047183627179,3.9537093925882427,11.073053336879472
swipe_left,shahzaib,swipe_left,0.10520064830780029,-0.02027013897895813,-0.07205528952181339,-0.19727319478988647,-0.3296237289905548,-0.8389023188501596,0.10020220279693604,-0.19216063618659973,0.03357972018420696,-0.14055541157722473,-0.33527329564094543,-0.365969592705369,0.07056951522827148,-0.3947165310382843,-0.0654281172901392,-0.0796404778957367,-0.4097403883934021,-0.12062780000269413,-0.013821955883141755,0.05407405622077724,0.0809393964256303,0.6124684304902063,-0.12653704845544095,-0.7338714503654946,0.7322393185450567,0.37610282545655904,4.840191847165089,0.25560687032315926,20.125366470245737
swipe_left,shahzaib,swipe_left,0.10485650599002838,-0.019545674324035645,-0.07204385194927454,-0.18116183578968048,-0.33498674631118774,-0.8515988299623132,0.1002361923456192,-0.19092261791229248,0.033591157756745815,-0.13814811408519745,-0.33401066064834595,-0.3778966972604394,0.07020904123783112,-0.39346420764923096,-0.0627261446788907,-0.07887117564678192,-0.4104127883911133,-0.11887662205845118,-0.010428555083997348,0.02195347439159052,0.0003465931072379612,0.48822300000624347,-0.1625156763828166,-0.38474276097435034,0.7436627602158273,0.37563590888864246,3.004140934166094,0.47500818730563277,11.282426196578065
swipe_left,shahzaib,swipe_left,0.10381533205509186,-0.018096953630447388,-0.07199944742023945,-0.1567908376455307,-0.33698466420173645,-0.8515544254332781,0.09886111319065094,-0.19018420577049255,0.03011409379541874,-0.13337109982967377,-0.3316058814525604,-0.3778522927314043,0.06827391684055328,-0.3912416100502014,-0.03704502247273922,-0.0787421315908432,-0.40921550989151,-0.11632664687931538,-0.03155072530110685,0.04390062707843213,0.001345591788942167,0.7385150952772679,-0.06054296638026397,0.001345591788942167,0.7428787128079964,0.3764597437090438,12.19799658712165,0.7186687009285585,14.281338928102539
swipe_left,shahzaib,swipe_left,0.10367682576179504,-0.015930652618408203,-0.07197748310863972,-0.13634714484214783,-0.35098904371261597,-0.8515324611216784,0.09808334708213806,-0.1879788041114807,0.03013605810701847,-0.11943838000297546,-0.3294004797935486,-0.3825963754206896,0.06681743264198303,-0.3890362083911896,-0.034385060891509056,-0.07813537120819092,-0.4079161584377289,-0.11292027868330479,-0.004197160402933767,0.06564548521330879,0.0006655851999918637,0.6195058425267552,-0.4243751366933197,0.0006655851999918637,0.7430863092716178,0.37680175267350857,1.4598036716999672,0.06393579777037109,11.600066210661929
swipe_left,shahzaib,swipe_left,0.10338635742664337,-0.015757650136947632,-0.05941805336624384,-0.11666686832904816,-0.37073323130607605,-0.8388788485899568,0.09720183908939362,-0.18774989247322083,0.03601172845810652,-0.10851486027240753,-0.3268658220767975,-0.3951137447729707,0.06554515659809113,-0.3889382779598236,-0.033584398217499256,-0.07795442640781403,-0.4078015387058258,-0.11297461483627558,-0.008802070762171793,0.005242499438199073,0.38058878007259817,0.5963720155484683,-0.5983087149533293,0.38344280399155917,0.7278802574287245,0.3759828655680561,0.996761377332788,1.678663431915031,12.759931504331087
swipe_left,shahzaib,swipe_left,0.10301312804222107,-0.01388406753540039,-0.04644416831433773,-0.09669229388237,-0.36860454082489014,-0.7979534287005663,0.09610268473625183,-0.18564945459365845,0.04488094709813595,-0.10365539789199829,-0.3215651512145996,-0.4053866881877184,0.0638059675693512,-0.38688036799430847,-0.019168678671121597,-0.07778841257095337,-0.40915754437446594,-0.11295639909803867,-0.011309981346130399,0.05677523034991654,0.39314803187594366,0.6052901347478246,0.06450577215714905,1.2401642390724414,0.6864567236103192,0.376041744921564,9.383357971675265,0.19920275221560255,32.824969142013444
swipe_left,shahzaib,swipe_left,0.10306079685688019,-0.011571168899536133,-0.0465129092335701,-0.07782430946826935,-0.36602962017059326,-0.7934146709740162,0.09583134949207306,-0.18323683738708496,0.04481220617890358,-0.10000832378864288,-0.31876909732818604,-0.38270123675465584,0.061624422669410706,-0.3843054473400116,-0.010271372273564339,-0.07686509191989899,-0.40963324904441833,-0.11231784895062447,0.0014445095351248113,0.07008783745043223,-0.0020830581585566253,0.5717571034575968,0.07802789861505702,0.137538112925761,0.6824918149836195,0.37677747336003165,7.327504470853397,0.02060969460574072,33.430872253167706
swipe_left,shahzaib,swipe_left,0.10142120718955994,-0.010952651500701904,-0.04414700623601675,-0.05011603236198425,-0.36439645290374756,-0.7744719972833991,0.09443768858909607,-0.18200844526290894,0.05324454698711634,-0.09431609511375427,-0.3162825107574463,-0.38285601045936346,0.059843868017196655,-0.3826722800731659,0.006256414111703634,-0.07650241255760193,-0.40832188725471497,-0.11247262265533209,-0.049684535373341075,0.018742951479825153,0.07169403022888952,0.8396447607965201,0.04948991717714264,0.5740204148671858,0.6639795605669655,0.37741841791498904,16.9656334674741,2.6506969689298696,15.543269184426848
swipe_left,shahzaib,swipe_left,0.10059314966201782,-0.00999024510383606,-0.025541044771671295,-0.026700198650360107,-0.36032068729400635,-0.7259240057319403,0.09194391965866089,-0.1813664734363556,0.053355300799012184,-0.09131398797035217,-0.31506988406181335,-0.3747739102691412,0.055591702461242676,-0.3846144676208496,0.006367167923599482,-0.07745361328125,-0.41208773851394653,-0.1151700746268034,-0.0250926523497611,0.029163830208055973,0.5638170140710758,0.7095707185340667,0.123508048780037,1.47115125913512,0.6150415441651736,0.3786641947478632,5.745090951172122,0.8603736819571797,27.561463028530877
swipe_left,shahzaib,swipe_left,0.09908738732337952,-0.00999024510383606,-0.021491196006536484,0.006227463483810425,-0.35963428020477295,-0.5754818823188543,0.09058049321174622,-0.1922110617160797,0.053355300799012184,-0.08298778533935547,-0.31490156054496765,-0.35222851298749447,0.05254581570625305,-0.3964657783508301,0.006367167923599482,-0.07772907614707947,-0.4185740053653717,-0.12098228745162487,-0.04562916177691785,0.0,0.12272268985256869,0.9978079434597021,0.02080021482525427,4.558852224638918,0.4659318335156719,0.39026342914498713,47.968734126445675,45629.161776917856,94.02501889156241
swipe_left,shahzaib,swipe_left,0.09802412986755371,-0.00999024510383606,-0.010669230483472347,0.029200255870819092,-0.3560088276863098,-0.5540237417444587,0.08719313144683838,-0.19360104203224182,0.060556487180292606,-0.07414171099662781,-0.3019268214702606,-0.3409253051504493,0.05193215608596802,-0.3983496129512787,0.006911400705575943,-0.07839187979698181,-0.4185740053653717,-0.1243901988491416,-0.03221992290381237,0.0,0.3279383491837625,0.6961452238487492,0.10986219752918618,0.6502466840725972,0.4472979435413864,0.39147994486940574,6.336473355090651,32219.92290381237,118.82547992128396
swipe_left,shahzaib,swipe_left,0.09718886017799377,-0.010054558515548706,-0.0080260643735528,0.04691395163536072,-0.3357509970664978,-0.5113502833992243,0.08678099513053894,-0.1942208707332611,0.06215645186603069,-0.06346660852432251,-0.29860231280326843,-0.32940212823450565,0.051771730184555054,-0.3983817994594574,0.01605849340558052,-0.0785125195980072,-0.4185740053653717,-0.12460965849459171,-0.025311202713937532,-0.0019488912640195952,0.08009594272483499,0.5367786595315658,0.61387365514582,1.2931351013707424,0.41492139176156717,0.3917152379974078,0.8744108508667118,12.980827793320055,25.221348259242212
swipe_left,shahzaib,swipe_left,0.09606260061264038,-0.013139307498931885,-0.010696480050683022,0.06140100955963135,-0.3094947338104248,-0.4398150537163019,0.08599352836608887,-0.19710516929626465,0.06215645186603069,-0.059464603662490845,-0.27893251180648804,-0.29610452987253666,0.04881119728088379,-0.4011743664741516,0.01605849340558052,-0.07867628335952759,-0.4213665723800659,-0.12460965849459171,-0.034129077737981704,-0.09347724192070261,-0.08092168718576451,0.4390017552809293,0.7956443410931231,2.1677342328158344,0.3626174257166721,0.3918159398434014,0.5517555782803837,0.36510183585751776,27.231021073819054
swipe_left,shahzaib,swipe_left,0.09267625212669373,-0.014681577682495117,-0.010679686442017555,0.07379016280174255,-0.2862061858177185,-0.4180701021105051,0.07864674925804138,-0.1995423436164856,0.06534448079764843,-0.05162695050239563,-0.26156699657440186,-0.2918145302683115,0.04542455077171326,-0.4026365876197815,0.016075287014245987,-0.07869943976402283,-0.42225971817970276,-0.12915135361254215,-0.10261662078626253,-0.046735460107976856,0.0005088972322868591,0.3754288861245829,0.7057135755365562,0.65893792744839,0.35388936942562677,0.3917366993543311,0.5319840331186919,2.195643841000876,45.84273976479904
swipe_left,shahzaib,swipe_left,0.0924566388130188,-0.017921268939971924,-0.010694369673728943,0.08202898502349854,-0.2676088213920593,-0.3726014941930771,0.078319251537323,-0.2015487551689148,0.07125262171030045,-0.04663729667663574,-0.2604803442955017,-0.2820403128862381,0.045527875423431396,-0.404610812664032,0.01654663495719433,-0.07885831594467163,-0.42386558651924133,-0.14465127885341644,-0.006654948899240221,-0.09817246234778226,-0.0004449464154965961,0.24966127944715158,0.5635564977472493,1.3778366035584282,0.3197846164752638,0.39047814841819206,0.44300941863987503,0.06778765605378037,22.531305273457676
swipe_left,shahzaib,swipe_left,0.09422263503074646,-0.029218316078186035,-0.010716661810874939,0.08606883883476257,-0.23799675703048706,-0.31892429292201996,0.07777431607246399,-0.20337128639221191,0.07123032957315445,-0.04359439015388489,-0.25272631645202637,-0.2614115923643112,0.04735550284385681,-0.4063950777053833,0.018948394805192947,-0.07702574133872986,-0.4253632724285126,-0.15297381579875946,0.05351503690083763,-0.34233476176406025,-0.0006755193074544196,0.12241981246254527,0.8973352836839982,1.626581856698683,0.2987400442388065,0.3812333316684645,0.1364257911871711,0.1563232442473261,13.190448927281555
swipe_left,shahzaib,swipe_left,0.0944596379995346,-0.040345460176467896,-0.013033848255872726,0.08775399625301361,-0.21370556950569153,-0.25950946286320686,0.07775072753429413,-0.20553788542747498,0.07121026888489723,-0.0392557829618454,-0.23797735571861267,-0.22976404801011086,0.04765312373638153,-0.4070975184440613,0.021866142749786377,-0.0768241435289383,-0.42575499415397644,-0.15681518986821175,0.007181908145095477,-0.33718618479642537,-0.07021777106054013,0.051065376310638316,0.7360965916604824,1.8004493957216376,0.2873970011912563,0.37137034264084423,0.06937310607883596,0.021299469460654353,7.503858358007249
swipe_left,shahzaib,swipe_left,0.09441819787025452,-0.05280664563179016,-0.020622313022613525,0.08791723847389221,-0.195902019739151,-0.25687467120587826,0.07791396975517273,-0.2026061713695526,0.06525618024170399,-0.0390925407409668,-0.228566974401474,-0.22653025947511196,0.047890275716781616,-0.4097452163696289,0.01889706961810589,-0.07690200209617615,-0.4271430969238281,-0.15863499604165554,-0.0012557614933360569,-0.37761168046430693,-0.22995347778002168,0.0049467339660181605,0.5395015080769797,0.07984217143419929,0.30048103370428536,0.3621212123372426,0.009169065744755218,0.0033255278710237995,52.49745961172795
swipe_left,shahzaib,swipe_left,0.09251146018505096,-0.05701017379760742,-0.0644518081098795,0.08797065913677216,-0.16469740867614746,-0.2569639924913645,0.07796739041805267,-0.19966256618499756,0.0637258943170309,-0.03903912007808685,-0.218963623046875,-0.22661958076059818,0.04794369637966156,-0.40907689929008484,0.018807748332619667,-0.07775743305683136,-0.42430344223976135,-0.1591306123882532,-0.05777992985465246,-0.12737964138840044,-1.3281665177959239,0.0016188079660588866,0.9455942746364605,-0.0027067056207945557,0.32316012047770315,0.3645125766123991,0.0017119459133097365,0.453600556763361,12.557918243195534
swipe_left,shahzaib,swipe_left,0.08988088369369507,-0.06810426712036133,-0.13511554710566998,0.08800697326660156,-0.13702791929244995,-0.2569132577627897,0.07800370454788208,-0.2001628279685974,0.028151383623480797,-0.039002805948257446,-0.20807510614395142,-0.22656884603202343,0.047984421253204346,-0.4077889621257782,0.01885848306119442,-0.07938644289970398,-0.4198073446750641,-0.16043788008391857,-0.07971443913199812,-0.3361846461440631,-2.141325424114897,0.0011004281766487066,0.8384693752635742,0.0015374160174167761,0.34247957266649964,0.3752985578866204,0.0013124234428709368,0.23711434454830557,3.2487937087082512
swipe_left,shahzaib,swipe_left,0.08751718699932098,-0.06832638382911682,-0.13516523875296116,0.08561109006404877,-0.11646947264671326,-0.25962900556623936,0.08081798255443573,-0.200382798910141,0.011952640488743782,-0.03999201953411102,-0.19981876015663147,-0.22543399967253208,0.04807148873806,-0.40480053424835205,0.01712890900671482,-0.08125008642673492,-0.41417789459228516,-0.16218974627554417,-0.07162717255678966,-0.006730809356226991,-0.00150580749367221,-0.07260252128947785,0.622983231688984,-0.08229538798332124,0.3549188160246375,0.3714354916449296,0.11653990196933849,10.640107104419677,7.353986809967474
idle,shahzaib,swipe_left,0.08153650164604187,-0.07009899616241455,-0.13516523875296116,0.07962188124656677,-0.10280358791351318,-0.26676529087126255,0.08106586337089539,-0.20215541124343872,0.011892399750649929,-0.04260101914405823,-0.2008073925971985,-0.22543399967253208,0.048475056886672974,-0.40431517362594604,0.017110344022512436,-0.08210873603820801,-0.4141044020652771,-0.16683574952185154,-0.18123288949330937,-0.0537155252514472,0.0,-0.18149117628733608,0.4141177191878876,-0.21625106984919112,0.36476143257363297,0.36875651250862224,0.43825880811003065,3.3738758909843427,8.211263860184989
idle,shahzaib,swipe_left,0.08154597878456116,-0.07149755954742432,-0.14223089255392551,0.07391217350959778,-0.08156907558441162,-0.27461504377424717,0.08264783024787903,-0.2035561203956604,0.01164235919713974,-0.046993523836135864,-0.19028842449188232,-0.22169033624231815,0.049480170011520386,-0.40510615706443787,0.00017253600526601076,-0.08296230435371399,-0.4111778736114502,-0.17009378410875797,0.00028718601573596986,-0.0423807086366591,-0.21411072124134176,-0.1730214465748161,0.6434700705788282,-0.23787130009044039,0.3797054849008326,0.3641450931908196,0.2688876850658979,0.00677617833197884,6.985599234329371
idle,shahzaib,swipe_left,0.08156262338161469,-0.07063540816307068,-0.14223193563520908,0.05911044776439667,-0.06688550114631653,-0.2785373870283365,0.08413730561733246,-0.20393475890159607,0.008481888100504875,-0.0501108318567276,-0.18488416075706482,-0.22169137932360172,0.04957805573940277,-0.40548479557037354,-0.00567165482789278,-0.08357007801532745,-0.4092247784137726,-0.17302911914885044,0.0005043817288947773,0.02612579952586752,-3.160852374452498e-05,-0.44853714379396814,0.44495680115439185,-0.11885888648755492,0.3855981169400495,0.3630369610776268,1.0080442294309486,0.01930514789595262,10.904054904242896
idle,shahzaib,swipe_left,0.08160176873207092,-0.06352081894874573,-0.1421878468245268,0.046103209257125854,-0.049303799867630005,-0.2843772601336241,0.08478322625160217,-0.20465931296348572,0.0027144334744662046,-0.05267176032066345,-0.17643901705741882,-0.22810093872249126,0.04968956112861633,-0.4056711196899414,-0.02978234551846981,-0.08463466167449951,-0.40569013357162476,-0.17745338194072247,0.0011862227410981338,0.215593612555305,0.001336024566130226,-0.39415874264457634,0.5327788266268728,-0.17696585167538317,0.39438093954262027,0.3615525051984602,0.7398154414743289,0.005502098253006393,3.59140618896487
idle,shahzaib,swipe_left,0.0819513350725174,-0.051134347915649414,-0.1421878468245268,0.03494538366794586,-0.03598904609680176,-0.2972357999533415,0.08522237837314606,-0.20611882209777832,-0.021011002361774445,-0.05928720533847809,-0.1726105809211731,-0.22968788258731365,0.05028928816318512,-0.407130628824234,-0.08113977126777172,-0.08540184795856476,-0.4041783809661865,-0.20983594469726086,0.010592919407468737,0.37534760706352055,0.0,-0.33811592694484455,0.4034773869947909,-0.38965272180961413,0.397096433087114,0.3625778602788867,0.8380025742226679,0.02822154980230442,7.731452476816003
idle,shahzaib,swipe_left,0.08389623463153839,-0.04198679327964783,-0.17852450720965862,0.016544118523597717,-0.025680333375930786,-0.37634007446467876,0.08522452414035797,-0.20698782801628113,-0.02080921083688736,-0.0660049170255661,-0.1689603626728058,-0.2623452376574278,0.05045337975025177,-0.4083372950553894,-0.09877512417733669,-0.08691342175006866,-0.3977816700935364,-0.25518391840159893,0.058936350273364455,0.27719862533338585,-1.1011109207615883,-0.557614095283286,0.312385233965792,-2.3970992276163194,0.4047736176907872,0.37641875456462637,1.785014941933542,0.212613383594881,61.256499813837486
idle,shahzaib,swipe_left,0.08424724638462067,-0.03961542248725891,-0.18000354059040546,-0.0007651299238204956,0.0017711222171783447,-0.40328465588390827,0.08522452414035797,-0.2109145224094391,-0.023529604077339172,-0.076899453997612,-0.16493824124336243,-0.27227689512073994,0.05045337975025177,-0.41228827834129333,-0.10911612398922443,-0.08803550899028778,-0.3948422074317932,-0.2648185361176729,0.010636719790371865,0.07185972098148151,-0.0448191933559644,-0.5245226802247885,0.8318622907002675,-0.81650246724937,0.4290584093579406,0.3808570712811997,0.6305395202416519,0.1480185509565503,50.427352514687065
idle,shahzaib,swipe_left,0.08655673265457153,-0.04254469275474548,-0.18936508614569902,-0.018355876207351685,0.016826361417770386,-0.40674733836203814,0.08523786067962646,-0.2182803452014923,-0.04035383928567171,-0.08849230408668518,-0.16530165076255798,-0.27613764721900225,0.05046886205673218,-0.4194270372390747,-0.11580170411616564,-0.08975481986999512,-0.39967426657676697,-0.2758313389495015,0.06998443242275276,-0.0887657656814103,-0.28368319864525626,-0.5330529176827574,0.45621936971490534,-0.10492977206454017,0.4423907562078672,0.3856866696736019,1.1684110422685976,0.7884080476011872,24.384358547109414
idle,shahzaib,swipe_left,0.08872312307357788,-0.043052881956100464,-0.21231078822165728,-0.035300761461257935,0.02484878897666931,-0.42487615067511797,0.08537781238555908,-0.2187885344028473,-0.05939225945621729,-0.09676411747932434,-0.1630822718143463,-0.28478428442031145,0.05065280199050903,-0.41995489597320557,-0.1443485589697957,-0.09156298637390137,-0.39702004194259644,-0.28262164909392595,0.06564819451534491,-0.015399672768332987,-0.6953243053320793,-0.5134813713305006,0.24310386542118345,-0.5493579488812158,0.44874836119302125,0.3848679541380402,2.11218056224784,4.262683553041356,14.947648710423888
idle,shahzaib,swipe_left,0.08995741605758667,-0.04311603307723999,-0.23363199550658464,-0.049082159996032715,0.04185593128204346,-0.42487615067511797,0.08535200357437134,-0.21885168552398682,-0.06290532369166613,-0.10270091891288757,-0.1562090516090393,-0.28478428442031145,0.049677491188049316,-0.42035573720932007,-0.15471672732383013,-0.09450984001159668,-0.3943760395050049,-0.28692799527198076,0.03740281769723562,-0.0019136703375613841,-0.6460971904523374,-0.417618137417413,0.5153679486476958,0.0,0.45977353123845305,0.38750469193741505,0.8103284812040454,19.534860369160803,18.805261915051307
idle,shahzaib,swipe_left,0.09085959196090698,-0.04354718327522278,-0.23363199550658464,-0.0597575306892395,0.041617900133132935,-0.4248651238158345,0.08535200357437134,-0.21999624371528625,-0.05939225945621729,-0.10812187194824219,-0.1556667983531952,-0.27613764721900225,0.047903478145599365,-0.42192205786705017,-0.15921510476619005,-0.09637537598609924,-0.3946159780025482,-0.28262164909392595,0.0273386637369796,-0.01306515751463015,0.0,-0.323496081612332,-0.007213065118500795,0.0003341472510135588,0.4602978048268787,0.38800856570952474,44.84241219041837,2.0923262027392946,16.090594900552805
idle,shahzaib,swipe_left,0.0939083844423294,-0.0437544584274292,-0.23369035497307777,-0.06990902125835419,0.04154270887374878,-0.42492348328232765,0.08650518953800201,-0.2233862280845642,-0.05945061892271042,-0.11297090351581573,-0.15571719408035278,-0.27233872190117836,0.0484747439622879,-0.4232315719127655,-0.16156839206814766,-0.09701143205165863,-0.3938688337802887,-0.2826800085604191,0.09238765095219366,-0.006281065218376322,-0.0017684686816099725,-0.30762092633680527,-0.0022785230116410438,-0.0017684686816099725,0.4588583204521195,0.38893273567506836,134.9496911265427,14.706573036195316,0.5077826395090242
idle,shahzaib,swipe_left,0.09618261456489563,-0.045893311500549316,-0.23373857140541077,-0.08123824000358582,0.041376352310180664,-0.42497169971466064,0.08816179633140564,-0.2250538468360901,-0.05949883535504341,-0.1142740249633789,-0.15422022342681885,-0.25897538661956787,0.04851976037025452,-0.4248475730419159,-0.16161660850048065,-0.09856638312339783,-0.3938703238964081,-0.2827282249927521,0.06891606432018968,-0.06481372948848943,-0.0014611040100907067,-0.34330965894641846,-0.005041107986912663,-0.0014611040100907067,0.45822826167078134,0.38868966740010236,68.08851770678372,1.0632778207063043,1.0847519781297406
idle,shahzaib,swipe_left,0.09806349873542786,-0.04857635498046875,-0.2274030987173319,-0.08065760135650635,0.04118746519088745,-0.4168973956257105,0.08908644318580627,-0.22641146183013916,-0.05931551568210125,-0.11305385828018188,-0.15390604734420776,-0.2506666872650385,0.047963112592697144,-0.4262855648994446,-0.1616117898374796,-0.09977596998214722,-0.39390990138053894,-0.28115163184702396,0.05699649001612745,-0.08130434787634558,0.19198402085087304,0.017595110517559437,-0.005723852099794267,0.2446758814833354,0.4561821377478025,0.3866559093992898,3.0734611498857323,0.7010177252154605,13.237816769675778
idle,shahzaib,swipe_left,0.09945249557495117,-0.05353569984436035,-0.22698825877159834,-0.07971104979515076,0.04063987731933594,-0.4142543999478221,0.0897374153137207,-0.22859978675842285,-0.05564096476882696,-0.11243331432342529,-0.15422189235687256,-0.23842075746506453,0.04792755842208862,-0.4278908669948578,-0.1616228399798274,-0.10001116991043091,-0.3931715786457062,-0.2799152759835124,0.042090813318887886,-0.15028317769368324,0.01257090744647099,0.028683380647138802,-0.016593571865197203,0.08009077811782922,0.4545893470272952,0.383496086413808,1.728479702889758,0.28007481535867,5.009573643724544
idle,shahzaib,swipe_left,0.10033728182315826,-0.056911319494247437,-0.22371426317840815,-0.07991515100002289,0.03823772072792053,-0.40673078689724207,0.08995182812213898,-0.22981581091880798,-0.05483793932944536,-0.11200778186321259,-0.15447142720222473,-0.23448316846042871,0.04801161587238312,-0.4291580617427826,-0.15581050608307123,-0.10095430910587311,-0.39257103204727173,-0.277427957393229,0.026811704491124435,-0.1022915045420345,0.09921198767243168,-0.006184884996125291,-0.07279262398228617,0.22798827426000437,0.45028663022486415,0.38199022586906856,0.08496465291562266,0.2621082024646962,4.909446187382864
idle,shahzaib,swipe_left,0.10095840692520142,-0.058986276388168335,-0.22369604837149382,-0.07986205816268921,0.03223833441734314,-0.3887760443612933,0.09009319543838501,-0.2313518226146698,-0.049785311333835125,-0.11340615153312683,-0.15426382422447205,-0.2201662017032504,0.04770618677139282,-0.4306940734386444,-0.15074687730520964,-0.10222575068473816,-0.3921581208705902,-0.2564559383317828,0.018821972789186212,-0.06287748163396593,0.0005519638458887675,0.0016088738585963217,-0.1817995851690099,0.5440831071499562,0.4451079604588582,0.3825232893546295,0.00884966270653442,0.29933885647484987,10.13495726276464
idle,shahzaib,swipe_left,0.10126259922981262,-0.059314221143722534,-0.22580312378704548,-0.08050748705863953,0.02872195839881897,-0.3763273525983095,0.0900513231754303,-0.231679767370224,-0.0497992355376482,-0.113528311252594,-0.15418049693107605,-0.2058109063655138,0.047911375761032104,-0.4310220181941986,-0.1507608015090227,-0.10341858863830566,-0.3917068541049957,-0.2378756869584322,0.009217948624582148,-0.009937719865278923,-0.0638507701682332,-0.019558451392434173,-0.10655684904618866,0.3772330837267878,0.4432315068645481,0.3829417574078496,0.18354773081011,0.9274784629744118,5.583365635681759
idle,shahzaib,swipe_left,0.1022927314043045,-0.059314221143722534,-0.22582386480644345,-0.07937018573284149,0.026798218488693237,-0.37455107318237424,0.09111465513706207,-0.231557697057724,-0.049819976557046175,-0.11399005353450775,-0.15418049693107605,-0.20583164738491178,0.04903550446033478,-0.4310220181941986,-0.1507815425284207,-0.10342325270175934,-0.3913947641849518,-0.23789642797783017,0.031216126499753666,0.0,-0.0006285157393325389,0.03446367653933401,-0.05829514879168822,0.053826648967735105,0.4406114079822158,0.38292867317916796,0.5911827325418071,31216.126499753667,10.043034310637289
idle,shahzaib,swipe_left,0.1022944450378418,-0.059314221143722534,-0.2258175970055163,-0.07982531189918518,0.026798218488693237,-0.3745448053814471,0.09167087078094482,-0.22903993725776672,-0.04981370875611901,-0.11518451571464539,-0.15418049693107605,-0.2058253795839846,0.049586713314056396,-0.4309975206851959,-0.15077527472749352,-0.10507464408874512,-0.3913947641849518,-0.237890160176903,5.192828900886248e-05,0.0,0.0001899333614291546,-0.013791702010414665,0.0,0.0001899333614291546,0.4406783312002964,0.3828288524580949,13791.702010414665,51.92828900886248,2.810808731181099
idle,shahzaib,swipe_left,0.10261136293411255,-0.05768117308616638,-0.2513581542298198,-0.08424127101898193,0.026798218488693237,-0.3745306162163615,0.09229826927185059,-0.22795161604881287,-0.07230706047266722,-0.11667868494987488,-0.15418049693107605,-0.20581119041889906,0.050143420696258545,-0.4309975206851959,-0.16881256084889174,-0.10557219386100769,-0.3913947641849518,-0.23787597101181746,0.009603572614265364,0.04948630477442965,-0.7739562795243603,-0.13381694302414615,0.0,0.000429974699562253,0.44047119211448077,0.38591677254812823,133816.94302414617,0.19406133872191764,3.6371357892632723
idle,shahzaib,swipe_left,0.10261319577693939,-0.056798070669174194,-0.25134584307670593,-0.08910082280635834,0.02732589840888977,-0.37448927760124207,0.09251426160335541,-0.22742393612861633,-0.0961105078458786,-0.11812402307987213,-0.1541050374507904,-0.2084757685661316,0.050163790583610535,-0.4304698407649994,-0.20137417316436768,-0.10607464611530304,-0.3909892141819,-0.2581218481063843,5.5540691722522476e-05,0.026760679302793265,0.00037306524587399625,-0.14725914507201063,0.015990300612015982,0.0012526853066502058,0.43453080759229157,0.38062934682642235,9.208703447258005,0.002075381409892517,0.6335140834587242
idle,shahzaib,swipe_left,0.10272419452667236,-0.052748411893844604,-0.25134584307670593,-0.09330666065216064,0.03190383315086365,-0.37448927760124207,0.09266811609268188,-0.22383776307106018,-0.09693730622529984,-0.1194462776184082,-0.1508091390132904,-0.2305823713541031,0.04993307590484619,-0.42688366770744324,-0.21301274001598358,-0.1069459319114685,-0.38740304112434387,-0.28635352849960327,0.0033635984767567562,0.1227169325857471,0.0,-0.12744963169098103,0.1387252952113318,0.0,0.4286865927512041,0.3797808824023592,0.9187128618754489,0.027409184671576,3.767565525769794
idle,shahzaib,swipe_left,0.10326418280601501,-0.049978405237197876,-0.2520348131656647,-0.09682634472846985,0.03574475646018982,-0.37418121099472046,0.09335049986839294,-0.22202548384666443,-0.09895448386669159,-0.11987066268920898,-0.14928677678108215,-0.2413303405046463,0.05027249455451965,-0.42533496022224426,-0.21603277325630188,-0.10650750994682312,-0.3859313428401947,-0.2936384975910187,0.016363281192201377,0.08393959565596054,-0.02087788148359796,-0.10665709322148986,0.11639161543412514,0.009335351712775851,0.4294084144070813,0.38078446563853047,0.9163561865473733,0.1949388262536047,0.9669809026620998
idle,shahzaib,swipe_left,0.10311529040336609,-0.046484917402267456,-0.25445109605789185,-0.10058078169822693,0.040290266275405884,-0.37448927760124207,0.09335049986839294,-0.22181078791618347,-0.10408104956150055,-0.12131103873252869,-0.14912793040275574,-0.2418810874223709,0.04986986517906189,-0.4254710078239441,-0.2187245637178421,-0.10650750994682312,-0.38579416275024414,-0.29497748613357544,-0.004511890989361338,0.10586326772516308,-0.07322069370385292,-0.11377081726536481,0.13774272167321255,-0.009335351712775851,0.43348032452262997,0.384372107668427,0.8259600937404479,0.042619583418597604,0.8861084708137227
idle,shahzaib,swipe_left,0.10298123955726624,-0.044585853815078735,-0.25445109605789185,-0.10472550988197327,0.04041513800621033,-0.3748175799846649,0.09337428212165833,-0.22168591618537903,-0.10809881240129471,-0.12166145443916321,-0.14912429451942444,-0.24240048229694366,0.04986986517906189,-0.42534831166267395,-0.2233591377735138,-0.10650750994682312,-0.3858323097229004,-0.29606640338897705,-0.004062146851510778,0.05754738142996215,0.0,-0.12559782374989104,0.00378399184255895,-0.009948557073419902,0.43346488904525743,0.38570400213692496,33.18311610018612,0.07058663946012998,4.075188132017135
idle,shahzaib,swipe_left,0.10298123955726624,-0.044479310512542725,-0.2595336139202118,-0.10770756006240845,0.04052168130874634,-0.3748175799846649,0.09352698922157288,-0.2210373878479004,-0.114026740193367,-0.12166145443916321,-0.1491917371749878,-0.24247556924819946,0.04986986517906189,-0.4253738522529602,-0.22671277821063995,-0.10650750994682312,-0.38575977087020874,-0.29608839750289917,0.0,0.0032285849253336236,-0.15401569279757243,-0.09036515698288328,0.0032285849253336236,0.0,0.4334923306891667,0.38597756058177674,27.980424442174513,0.0,1.1095309080031548
idle,shahzaib,swipe_left,0.10284256935119629,-0.04418662190437317,-0.27774307131767273,-0.10937550663948059,0.040814369916915894,-0.3748175799846649,0.0936058759689331,-0.22074469923973083,-0.1310376673936844,-0.12180012464523315,-0.14899775385856628,-0.2429526001214981,0.04973119497299194,-0.4253544509410858,-0.23635108768939972,-0.10611134767532349,-0.38676491379737854,-0.29608839750289917,-0.004202127456665106,0.008869351762713949,-0.5518017393170069,-0.05054383566885364,0.008869351762713949,0.0,0.4347792345197957,0.3870697976975026,5.698064408371263,0.47372726235373497,1.2187530251744356
idle,shahzaib,swipe_left,0.10227915644645691,-0.04128807783126831,-0.2960370294749737,-0.11065340042114258,0.04318571090698242,-0.3811692111194134,0.09355643391609192,-0.21784615516662598,-0.1366613619029522,-0.12236353754997253,-0.14867359399795532,-0.2441403977572918,0.049503833055496216,-0.4228918254375458,-0.24522925540804863,-0.10527962446212769,-0.386893630027771,-0.298221867531538,-0.017073118325435566,0.08783466888196444,-0.554362368403053,-0.038724053989756764,0.0718588178808031,-0.1924736707499512,0.438038101967414,0.3885718528815639,0.5388832748503479,0.19437568521711618,6.1473708993400145
idle,shahzaib,swipe_left,0.10145942866802216,-0.039883166551589966,-0.29602605756372213,-0.11237634718418121,0.04200819134712219,-0.38115823920816183,0.09284214675426483,-0.21618172526359558,-0.13665038999170065,-0.12324129045009613,-0.15052810311317444,-0.24412942584604025,0.04885636270046234,-0.4213612675666809,-0.24521828349679708,-0.10489805042743683,-0.3873423635959625,-0.29821089562028646,-0.02484023571014377,0.04257306908116149,0.0003324821591377222,-0.05221050797086716,-0.03568241090485505,0.0003324821591377222,0.43735350205594764,0.3884250944634024,1.4631591164331055,0.5834592804082067,6.702466750469797
idle,shahzaib,swipe_left,0.10121768712997437,-0.039075374603271484,-0.29600468277931213,-0.11357074975967407,0.04221123456954956,-0.38113686442375183,0.09193068742752075,-0.21593761444091797,-0.13662901520729065,-0.12423110008239746,-0.15208369493484497,-0.24410805106163025,0.0482860803604126,-0.4207538962364197,-0.24519690871238708,-0.10455027222633362,-0.38760218024253845,-0.29818952083587646,-0.007325501152963466,0.024478543888439223,0.0006477207396969754,-0.03619401743917812,0.006152824922041557,0.0006477207396969754,0.43783695866799843,0.3886665393070373,5.881548126197032,0.29924990377059385,1.357499423248427
idle,shahzaib,swipe_left,0.10036484897136688,-0.038799822330474854,-0.29600468277931213,-0.11529327929019928,0.04265660047531128,-0.38113686442375183,0.0910739153623581,-0.21632826328277588,-0.13662901520729065,-0.1258166879415512,-0.1519264578819275,-0.24410805106163025,0.04751674830913544,-0.420478492975235,-0.24519690871238708,-0.10499124228954315,-0.38845521211624146,-0.29818952083587646,-0.025843580563862836,0.008350068872625085,0.0,-0.05219786456136935,0.013495936538233753,0.0,0.4391398282217431,0.388655321942711,3.867386085242727,3.0946434472093074,0.53393900962645
idle,shahzaib,swipe_left,0.09962932765483856,-0.04052180051803589,-0.29068875312805176,-0.11772467195987701,0.04262959957122803,-0.3733038306236267,0.08978186547756195,-0.21815937757492065,-0.1330835223197937,-0.1277754157781601,-0.15193355083465576,-0.23137471079826355,0.04561649262905121,-0.42057284712791443,-0.24047981202602386,-0.1064617782831192,-0.3886716961860657,-0.29451557993888855,-0.02228852474328279,-0.05218115719882008,0.16108877731092305,-0.0736785657478113,-0.0008182092146440116,0.23736466060985598,0.43858322920724596,0.38713966748884554,89.93864379300031,0.4271292322845321,7.235275881301261
idle,shahzaib,swipe_left,0.09871925413608551,-0.04394480586051941,-0.27479973435401917,-0.11998869478702545,0.03980949521064758,-0.37225520610809326,0.08820535242557526,-0.22034499049186707,-0.12299884110689163,-0.12920521199703217,-0.15354445576667786,-0.22796405851840973,0.044143930077552795,-0.4205947816371918,-0.24009482562541962,-0.10676153004169464,-0.3890596330165863,-0.28899282217025757,-0.027577985416758842,-0.1037274346207116,0.4814854173949218,-0.06860675233783069,-0.08545770789637616,0.03177650047071017,0.43707700878975464,0.3821624012622411,0.802805869953247,0.26586717053621,6.739005576459921
idle,shahzaib,swipe_left,0.09865231812000275,-0.04537850618362427,-0.23795886663720012,-0.12142248451709747,0.0338892936706543,-0.35718567995354533,0.08701689541339874,-0.22184693813323975,-0.08957331208512187,-0.1290486603975296,-0.15675073862075806,-0.21471424726769328,0.045660391449928284,-0.42055776715278625,-0.21176545647904277,-0.10480518639087677,-0.3893590569496155,-0.2731889965943992,-0.0020283641237201435,-0.04344546433651155,1.1163899308127163,-0.0434481736385468,-0.17940004666646608,0.4566523077135809,0.43182258360943926,0.37980747345107174,0.24218461623205342,0.04668651764179453,13.208004942465474
idle,shahzaib,swipe_left,0.09903085231781006,-0.046981990337371826,-0.2266080784611404,-0.12254500389099121,0.033965110778808594,-0.35296093998476863,0.0866321325302124,-0.22177112102508545,-0.0843774857930839,-0.12825211882591248,-0.1587854027748108,-0.21378273842856288,0.04650545120239258,-0.42048195004463196,-0.2117363172583282,-0.10388773679733276,-0.3895353376865387,-0.27317604003474116,0.011470733266888116,-0.048590428901440635,0.34396327806241206,-0.03401573860284016,0.002297488125887759,0.12802242329626232,0.43135409320625473,0.37746828601212834,14.799179608422845,0.23606495067585948,11.382834930239898
idle,shahzaib,swipe_left,0.09795336425304413,-0.04854011535644531,-0.2257635579444468,-0.12189774215221405,0.03405553102493286,-0.3518980578519404,0.0854969471693039,-0.22168070077896118,-0.08287769416347146,-0.12763570249080658,-0.15869498252868652,-0.21379494527354836,0.047357067465782166,-0.4203915297985077,-0.2085799560882151,-0.10363893210887909,-0.3900423049926758,-0.27318824687972665,-0.0326511534777551,-0.047215909668893004,0.025591530808896448,0.01961399208415617,0.0027400074583111087,0.03220854947964315,0.43172629408260355,0.3756710473857423,7.155760202214651,0.6915139873981635,3.3273558322494026
idle,shahzaib,swipe_left,0.1024189442396164,-0.048498183488845825,-0.20910501759499311,-0.12002019584178925,0.03409746289253235,-0.3511036513373256,0.08700649440288544,-0.2216387689113617,-0.07505716662853956,-0.12729324400424957,-0.15865305066108704,-0.2130078999325633,0.05103926360607147,-0.4203495979309082,-0.20669643860310316,-0.101316437125206,-0.3900434374809265,-0.2713260529562831,0.13532060565370718,0.0012706626545299386,0.5048042530137562,0.0568953427401465,0.0012706626545299386,0.024072924685297974,0.4319835635335949,0.3753919914666903,44.74090871307177,106.41234542169325,1.1571816208600572
idle,shahzaib,swipe_left,0.10412633419036865,-0.04849296808242798,-0.20632369723170996,-0.11762535572052002,0.03674209117889404,-0.3500441750511527,0.08718740940093994,-0.22131502628326416,-0.07379934098571539,-0.12489187717437744,-0.15881246328353882,-0.2130132308229804,0.051367342472076416,-0.42015981674194336,-0.20536194648593664,-0.10151529312133789,-0.39005357027053833,-0.2713313838467002,0.05173908941673453,0.00015804261872262492,0.08428243525100385,0.07257091276573333,0.08014025110186865,0.032105342005238034,0.43429226823442735,0.375394036399252,0.905537557349678,325.3158796823451,2.4488627081450707
idle,shahzaib,swipe_left,0.10480453073978424,-0.04809841513633728,-0.20492069190368056,-0.11722446978092194,0.03831705451011658,-0.3476421660743654,0.08774395287036896,-0.21971675753593445,-0.06862675165757537,-0.12221969664096832,-0.1587555706501007,-0.21163430577144027,0.052719131112098694,-0.4184292256832123,-0.20210967725142837,-0.10107950866222382,-0.3896919786930084,-0.2709371573291719,0.02055141058835149,0.011956149881536501,0.04251531297058838,0.012148058775699693,0.04772616155219877,0.0727881508117384,0.43512762569112784,0.3739862295567262,0.25453134820124323,1.718754953476474,2.416024977602257
idle,shahzaib,swipe_left,0.10618969798088074,-0.04625999927520752,-0.17361242836341262,-0.11589092016220093,0.039104461669921875,-0.3150861687026918,0.08953544497489929,-0.2188321352005005,-0.06190273677930236,-0.12101119756698608,-0.15846377611160278,-0.19801233476027846,0.054382890462875366,-0.41755419969558716,-0.19275769358500838,-0.09687536954879761,-0.3894331157207489,-0.2570494539104402,0.041974764881711556,0.05570957154938608,0.9487352587959879,0.040410594506696776,0.023860823024402702,0.9865453748991887,0.43286753939845524,0.37537963417242276,1.6935250280487868,0.753443443754691,27.712292523634662
idle,shahzaib,swipe_left,0.10514990985393524,-0.040733903646469116,-0.1714517748914659,-0.11367662250995636,0.039324551820755005,-0.3004413372837007,0.09366481006145477,-0.21788176894187927,-0.05443589901551604,-0.11947654187679291,-0.15867862105369568,-0.18276786571368575,0.05765251815319061,-0.4166836738586426,-0.1779253757558763,-0.09413649141788483,-0.38977178931236267,-0.23901904886588454,-0.031508731119560124,0.1674574432951013,0.06547434763474826,0.06709992885589526,0.006669398510094772,0.4437827702724524,0.43391034121279665,0.37899358760948937,10.059358335839805,0.18815850965504502,16.475462753283356
idle,shahzaib,swipe_left,0.10396693646907806,-0.03679424524307251,-0.1692370600067079,-0.11214269697666168,0.03870499134063721,-0.2970230705104768,0.09403936564922333,-0.2158728837966919,-0.050193128641694784,-0.11757098138332367,-0.15933966636657715,-0.17467610305175185,0.06027911603450775,-0.4167994260787964,-0.16547484463080764,-0.09225098788738251,-0.390570729970932,-0.22355265682563186,-0.035847678329005955,0.11938358798171725,0.06711257226539488,0.04648259191802128,-0.01877456000356993,0.10358384161284641,0.4359715893095361,0.38252675381056567,2.4756966987500353,0.3002705703896698,10.356713116744857
idle,shahzaib,swipe_left,0.1031668484210968,-0.03504365682601929,-0.16920417407527566,-0.11259406805038452,0.0384523868560791,-0.2969901845790446,0.09579774737358093,-0.21244901418685913,-0.05016024271026254,-0.11602941155433655,-0.1595514416694641,-0.1746432171203196,0.06165072321891785,-0.415310263633728,-0.1654419586993754,-0.0913245677947998,-0.39079269766807556,-0.2235197708941996,-0.024245092363068287,0.05304813385009707,0.0009965433767347516,-0.013677911324934375,-0.0076546813502455366,0.0009965433767347516,0.43600646315885416,0.38254468388593016,1.786635401758942,0.45703088068466025,3.619543372452418
idle,shahzaib,swipe_left,0.10335683822631836,-0.032815396785736084,-0.16920072538778186,-0.11060917377471924,0.03792649507522583,-0.2969867358915508,0.09628939628601074,-0.20963066816329956,-0.04949278337880969,-0.11257803440093994,-0.15990734100341797,-0.17445922596380115,0.06494301557540894,-0.4133392572402954,-0.1654385100118816,-0.08729785680770874,-0.3911162316799164,-0.22147395415231586,0.005757266824895777,0.0675230315237345,0.00010450568163033855,0.06014831138379742,-0.01593611457131151,0.00010450568163033855,0.43626054037263257,0.38247638412120444,3.7741029666731976,0.08526248648041868,2.2513518083584794
idle,shahzaib,swipe_left,0.10388818383216858,-0.028725653886795044,-0.16919896099716425,-0.1132885217666626,0.03385689854621887,-0.29698497150093317,0.09901580214500427,-0.20557448267936707,-0.04949101898819208,-0.11269611120223999,-0.16203531622886658,-0.17377592716366053,0.06678244471549988,-0.41069936752319336,-0.16543674562126398,-0.08560574054718018,-0.39055874943733215,-0.2213417449966073,0.016101381995461028,0.12393160299821197,5.346638235178802e-05,-0.08119236339222212,-0.12332110693960344,5.346638235178802e-05,0.43199175495063324,0.38379018753625027,0.6583763885252608,0.1299204697225098,5.37899918808898
idle,shahzaib,swipe_left,0.10308057069778442,-0.023995518684387207,-0.1856720638461411,-0.11352020502090454,0.02494204044342041,-0.3129909229464829,0.0988842248916626,-0.2022005319595337,-0.05015334906056523,-0.11232131719589233,-0.16547352075576782,-0.17338952841237187,0.06866109371185303,-0.4065620005130768,-0.16563837649300694,-0.08446705341339111,-0.39091190695762634,-0.22147050919011235,-0.024473125284368073,0.14333743037599347,-0.49918493481747483,-0.007020704673998206,-0.2701472152363141,-0.4850288316833197,0.42679570911795606,0.3846338025235552,0.025988343724043468,0.1707366630161374,15.521665800145964
idle,shahzaib,swipe_left,0.10547712445259094,-0.022049039602279663,-0.18568720063194633,-0.11390095949172974,0.015119701623916626,-0.31329538067802787,0.10037121176719666,-0.20082655549049377,-0.04950447520241141,-0.1112065315246582,-0.1684199869632721,-0.17101563652977347,0.06902167201042175,-0.40527844429016113,-0.16888551553711295,-0.08233815431594849,-0.3911685049533844,-0.22352801403030753,0.07262284105474415,0.058984214609320455,-0.0004586904789462307,-0.011538014267430344,-0.2976466308940588,-0.009225991864999282,0.417282275671074,0.3853259311961982,0.03876400505111714,1.2312041506630165,14.44297759359913
idle,shahzaib,swipe_left,0.1065950095653534,-0.01991245150566101,-0.18567890068516135,-0.11305239796638489,0.013327449560165405,-0.3223640932701528,0.10100957751274109,-0.2008863389492035,-0.04949617525562644,-0.10950371623039246,-0.1742335855960846,-0.17339636525139213,0.07003220915794373,-0.40550583600997925,-0.16973970970138907,-0.0813215970993042,-0.39436593651771545,-0.22391000529751182,0.03387530644734663,0.06474509383692814,0.0002515135389385774,0.025713985616510282,-0.054310668598521246,-0.2748094724886315,0.42061139810261783,0.38765081498217474,0.47345232212604865,0.523202319087638,10.973492028190192
idle,shahzaib,swipe_left,0.10658058524131775,-0.019964754581451416,-0.18567890068516135,-0.11060634255409241,0.011049330234527588,-0.3223640932701528,0.10161939263343811,-0.20090705156326294,-0.04949617525562644,-0.10852736234664917,-0.1755182147026062,-0.17177289864048362,0.07180783152580261,-0.40555813908576965,-0.16973970970138907,-0.08092525601387024,-0.39535707235336304,-0.2275188728235662,-0.00043710072835287156,-0.0015849416906183668,0.0,0.0741228912815915,-0.06903391895872284,0.0,0.4183811023507161,0.3874860776643105,1.0737014310962087,0.2756095832138972,8.467538751335294
idle,shahzaib,swipe_left,0.10848104953765869,-0.019732773303985596,-0.18567201402038336,-0.11084508895874023,0.009693264961242676,-0.3240199675783515,0.10122770071029663,-0.20067507028579712,-0.049489288590848446,-0.10791841149330139,-0.17669659852981567,-0.17176601197570562,0.07305455207824707,-0.40532615780830383,-0.16973282303661108,-0.07834780216217041,-0.3953312337398529,-0.2275119861587882,0.05758982716184611,0.007029735680782356,0.00020868681145436608,-0.0072347395347825616,-0.04109288706923931,-0.05017800933935371,0.4176298704294163,0.38754529116601827,0.1760539109525636,8.191152359668527,3.0177920486371845
idle,shahzaib,swipe_left,0.10834693908691406,-0.019227266311645508,-0.18567997496575117,-0.1111932098865509,0.007305622100830078,-0.3240279285237193,0.10053867101669312,-0.200201153755188,-0.05066424887627363,-0.10706144571304321,-0.17696905136108398,-0.17177397292107344,0.07590329647064209,-0.4048278033733368,-0.17087495606392622,-0.07641816139221191,-0.39613646268844604,-0.22989441733807325,-0.004063953052867498,0.015318393707275222,-0.00024124076872160676,-0.010549119024565609,-0.0723528139518961,-0.00024124076872160676,0.4157354179102849,0.38724611387741587,0.14579907330910175,0.26528158558504283,1.7880968011371867
idle,shahzaib,swipe_left,0.10969352722167969,-0.01989161968231201,-0.18567951628938317,-0.10801449418067932,0.005795180797576904,-0.3240274698473513,0.10147124528884888,-0.1984245777130127,-0.050663790199905634,-0.10535717010498047,-0.17967373132705688,-0.17177351424470544,0.07851743698120117,-0.4038065969944,-0.17482758173719049,-0.07469284534454346,-0.39824378490448,-0.2324832291342318,0.04080570105350444,-0.020131920323227713,1.3899283878731227e-05,0.09632471835974644,-0.04577094858343024,1.3899283878731227e-05,0.41561781253272606,0.38533157525791806,2.1044487145696187,2.0268148087004625,3.337281103060853
idle,shahzaib,swipe_left,0.10916012525558472,-0.019610613584518433,-0.19226623186841607,-0.10617130994796753,0.003050774335861206,-0.3297428102232516,0.10055357217788696,-0.19673553109169006,-0.05120912054553628,-0.10490381717681885,-0.18080368638038635,-0.17458843300119042,0.0792311429977417,-0.4036155939102173,-0.18423183867707849,-0.07312875986099243,-0.40093329548835754,-0.23650824138894677,-0.016163695942271662,0.00851533629677503,-0.1995974417888735,0.05585406765793248,-0.08316383217320206,-0.17319213260303654,0.4159178087239211,0.3852533197363569,0.6716068102152698,1.897963558389837,5.507856546833167
idle,shahzaib,swipe_left,0.10782968997955322,-0.018669039011001587,-0.20541509799659252,-0.10625854134559631,0.0002658069133758545,-0.3299752902239561,0.10016697645187378,-0.19620564579963684,-0.05925737880170345,-0.10444366931915283,-0.18154796957969666,-0.17874218337237835,0.0771360993385315,-0.4036214053630829,-0.19308548979461193,-0.07111656665802002,-0.4012354910373688,-0.24088105373084545,-0.040316220485803494,0.028532562833844265,-0.39845048873262606,-0.0026433756857207748,-0.08439295219652715,-0.007044848506197897,0.41276631841438466,0.3863708582501014,0.031321861542461936,1.4129402879188844,5.33784086608058
idle,shahzaib,swipe_left,0.10535171627998352,-0.018653035163879395,-0.22586897388100624,-0.10885724425315857,-0.004520058631896973,-0.3299702890217304,0.09865507483482361,-0.19599103927612305,-0.06132045015692711,-0.10501670837402344,-0.18536025285720825,-0.17873718217015266,0.07685962319374084,-0.40337228775024414,-0.194918442517519,-0.07077804207801819,-0.4043467342853546,-0.24869069829583168,-0.07509011210817197,0.00048496506430885475,-0.6198144207398029,-0.07874857295643113,-0.14502622864462952,0.0001515515825965171,0.4097777056782861,0.38701245208743407,0.5429916415861075,154.5175108728567,2.956709920250909
idle,shahzaib,swipe_left,0.10373848676681519,-0.018365025520324707,-0.2270408987533301,-0.10936731100082397,-0.005518436431884766,-0.3332051008474082,0.09836757183074951,-0.19570916891098022,-0.07275537843815982,-0.10595819354057312,-0.18577301502227783,-0.18003144557587802,0.07728147506713867,-0.40289306640625,-0.19903801078908145,-0.07021987438201904,-0.4040210247039795,-0.24966151709668338,-0.04888574282328234,0.008727564956202557,-0.03551287491890478,-0.015456568111072717,-0.030253872726902484,-0.09802460077811263,0.4090432312596021,0.3864530365128251,0.5108786359999727,5.600662086903979,4.962404891507443
idle,shahzaib,swipe_left,0.10133981704711914,-0.018248140811920166,-0.23540751542896032,-0.11020463705062866,-0.006249785423278809,-0.34090627636760473,0.0969051718711853,-0.19558662176132202,-0.07596767600625753,-0.1068461537361145,-0.18544918298721313,-0.18339560832828283,0.07500940561294556,-0.4025692343711853,-0.19903769996017218,-0.07111728191375732,-0.4040767550468445,-0.255203022621572,-0.07268696120291161,0.0035419608607437235,-0.253533838655465,-0.02537351666074851,-0.022162090648304687,-0.23336895515747513,0.40882657300391106,0.38693508111583264,1.1448546172277374,20.515880377987994,4.119642868358914
idle,shahzaib,swipe_left,0.09932804107666016,-0.020688623189926147,-0.2462858222424984,-0.11250084638595581,-0.0055818259716033936,-0.34090201184153557,0.0948948860168457,-0.19522199034690857,-0.07674835249781609,-0.10902136564254761,-0.1847045123577118,-0.18339134380221367,0.07278990745544434,-0.40154141187667847,-0.20227492973208427,-0.07282596826553345,-0.40337109565734863,-0.2557250075042248,-0.06096290819572613,-0.0739540114547259,-0.32964566101630166,-0.06958210107051889,0.020241195505315383,0.00012922806270194634,0.4087364934757688,0.38430466799941,3.437477967854197,0.824324234376553,7.3151439318119715
idle,shahzaib,swipe_left,0.09756287932395935,-0.021877914667129517,-0.25495526590384543,-0.1147177517414093,-0.005565375089645386,-0.34089872636832297,0.09382084012031555,-0.19521000981330872,-0.0786417166236788,-0.11090090870857239,-0.18467894196510315,-0.18461905815638602,0.07065591216087341,-0.40138357877731323,-0.20560154714621603,-0.07476010918617249,-0.40353846549987793,-0.2563978473190218,-0.05348975008184345,-0.036039135672829944,-0.26271041398021727,-0.06717895016525838,0.0004985115744850932,9.955979432120626e-05,0.40880263263505023,0.38364609150730855,134.48927631858746,1.4841717180928504,0.6026796477613837
idle,shahzaib,swipe_left,0.09725579619407654,-0.024020403623580933,-0.2606202468741685,-0.11502483487129211,-0.011539965867996216,-0.3409127101767808,0.09368541836738586,-0.1952395737171173,-0.08200712804682553,-0.11108329892158508,-0.1840067207813263,-0.18463304196484387,0.07089349627494812,-0.4003334641456604,-0.2059012905228883,-0.07495757937431335,-0.4033131003379822,-0.2610880241263658,-0.009305549390388156,-0.06492390777125431,-0.17166609000978858,-0.009305549390388156,-0.18104820540456862,-0.00042375177145003806,0.4018252783966499,0.38118322964250884,0.05139790240776908,0.14332788000521757,5.774203646261451
idle,shahzaib,swipe_left,0.096902996301651,-0.024252116680145264,-0.2606130437925458,-0.11577042937278748,-0.01225900650024414,-0.3339637415483594,0.09326699376106262,-0.19502711296081543,-0.09458184707909822,-0.11135894060134888,-0.18334168195724487,-0.18425591755658388,0.0704408586025238,-0.39987292885780334,-0.20589408744126558,-0.0747552216053009,-0.40295323729515076,-0.26108082104474306,-0.010690905831077053,-0.007021607774676811,0.0002182752006884812,-0.022593772772587065,-0.02178911006811928,0.21057480692186475,0.3995449278188503,0.38050677189346366,1.0368819938015645,1.52235553715928,8.020888025569915
idle,shahzaib,swipe_left,0.09666657447814941,-0.022792518138885498,-0.26138132670894265,-0.11642217636108398,-0.011691272258758545,-0.33388781407848,0.09317737817764282,-0.19354552030563354,-0.09678632626309991,-0.11170437932014465,-0.1813676357269287,-0.18425328889861703,0.0701369047164917,-0.3979257047176361,-0.2077138409949839,-0.07512742280960083,-0.40131378173828125,-0.25955611327663064,-0.007164297681866191,0.04423025882605302,-0.02328130049687418,-0.019749908736257624,0.01720406792380574,0.0023008324205875145,0.39879337796419606,0.37988015224969085,1.147912279319207,0.16197363294680386,6.421569194179363
idle,shahzaib,swipe_left,0.09634166955947876,-0.02227535843849182,-0.26365913776680827,-0.11902317404747009,-0.012158006429672241,-0.33263905672356486,0.09354346990585327,-0.19365569949150085,-0.09681790648028255,-0.11202928423881531,-0.18077608942985535,-0.18425339786335826,0.06983232498168945,-0.39737898111343384,-0.20774542121216655,-0.07545232772827148,-0.400767058134079,-0.2592674377374351,-0.009845603596080325,0.015671506072535486,-0.06902457751107863,-0.07881811170866909,-0.014143459724657309,0.0378411319671251,0.3978678275359988,0.38017340358415663,5.57236637121385,0.6282086317601605,2.2948084867244503
idle,shahzaib,swipe_left,0.09599128365516663,-0.02221590280532837,-0.2648187461309135,-0.12108001112937927,-0.009973585605621338,-0.33263905672356486,0.09425356984138489,-0.19241440296173096,-0.09681790648028255,-0.11237967014312744,-0.17851269245147705,-0.18425339786335826,0.06980618834495544,-0.39533016085624695,-0.20774542121216655,-0.07580271363258362,-0.3985036611557007,-0.2592674377374351,-0.010617754676125435,0.0018016858534379726,-0.035139647397128576,-0.06232839642149129,0.066194570425786,0.0,0.39798121532078556,0.3783612998108728,0.9415795652273995,5.889963942345196,2.7370298640720354
idle,shahzaib,swipe_left,0.0960250198841095,-0.023015648126602173,-0.26780619053170085,-0.12261542677879333,-0.010206490755081177,-0.33264150051400065,0.09447047114372253,-0.19165536761283875,-0.09713866887614131,-0.11239570379257202,-0.1774177849292755,-0.18425339786335826,0.06998839974403381,-0.39501529932022095,-0.20774542121216655,-0.07602927088737488,-0.39740875363349915,-0.2592674377374351,0.0010223099679657795,-0.024234706705266514,-0.09052861820567638,-0.04652774695194078,-0.007057731801813221,-7.405425563002997e-05,0.3968370136305917,0.377715424741626,6.591516473254997,0.04218197473662394,2.2708205717711114
idle,shahzaib,swipe_left,0.0960577130317688,-0.0237407386302948,-0.28006837517023087,-0.12799939513206482,-0.01118442416191101,-0.3339216187596321,0.0951012372970581,-0.1915191113948822,-0.09773992002010345,-0.11266592144966125,-0.17713674902915955,-0.17957753688097,0.07041668891906738,-0.39512884616851807,-0.20774764567613602,-0.07604634761810303,-0.39634960889816284,-0.25895047932863235,0.0009907014442212812,-0.02197243950583753,-0.3715813526827337,-0.16315055615974455,-0.029634345661510592,-0.038791461988832626,0.395818153230093,0.37923195600177084,5.505269215457106,0.045086316321033326,3.7860141813673183
idle,shahzaib,swipe_left,0.09606656432151794,-0.0236147940158844,-0.28538716584444046,-0.13354015350341797,-0.013726264238357544,-0.3339216187596321,0.09533670544624329,-0.19141051173210144,-0.09773992002010345,-0.11280453205108643,-0.17860624194145203,-0.1773245707154274,0.07138088345527649,-0.39521169662475586,-0.20774764567613602,-0.07604500651359558,-0.39615878462791443,-0.2589196041226387,0.0002682209014892549,0.003816503466981788,-0.16117547497604656,-0.16790176882888147,-0.07702545686201531,0.0,0.39393606940530074,0.3804228383789564,2.1797934848497524,0.07026081411821661,1.8614224262436525
idle,shahzaib,swipe_left,0.09627464413642883,-0.023599207401275635,-0.2862231209874153,-0.14384037256240845,-0.014004647731781006,-0.3326437249779701,0.09585735201835632,-0.19168323278427124,-0.09998060017824173,-0.11471107602119446,-0.17906194925308228,-0.17685269564390182,0.07164618372917175,-0.3952670991420746,-0.21168801933526993,-0.07592299580574036,-0.39575543999671936,-0.25864625722169876,0.0063054489366935265,0.0004723216548110448,-0.025331974029540738,-0.31212785027243534,-0.00843586343707451,0.038724053989756764,0.39474303375076264,0.3798671665087386,36.995721526182,13.32169967843692,4.979779798658195
idle,shahzaib,swipe_left,0.09669321775436401,-0.023646146059036255,-0.2865503504872322,-0.14830881357192993,-0.017359107732772827,-0.33265117555856705,0.09681510925292969,-0.191668301820755,-0.10178805142641068,-0.11598142981529236,-0.18166211247444153,-0.1696721836924553,0.07213824987411499,-0.3952428102493286,-0.21169791370630264,-0.07553702592849731,-0.3957311511039734,-0.24921051412820816,0.01268404902833901,-0.0014223835685036625,-0.009916045448996961,-0.13540730331883502,-0.10165030306035984,-0.00022577516960375595,0.39423784732272255,0.37985512314169995,1.332076414587928,8.911195343974054,6.1684475621731245
idle,shahzaib,swipe_left,0.09680621325969696,-0.02364295721054077,-0.2948055972228758,-0.15209364891052246,-0.020706623792648315,-0.32773924962384626,0.09705375134944916,-0.19167447090148926,-0.10859052435262129,-0.11684547364711761,-0.18416038155555725,-0.16227896109921858,0.07219900190830231,-0.39523962140083313,-0.21168382064206526,-0.07527686655521393,-0.3957279622554779,-0.2439933304558508,0.0034241062222104706,9.663177259040496e-05,-0.2501589919891971,-0.11469197995734812,-0.10143988060228641,0.14884624044608274,0.39186120161502014,0.38157414145850516,1.1306287886736173,35.07163837509783,4.560745466439263
idle,shahzaib,swipe_left,0.09681841731071472,-0.02363768219947815,-0.2952277362346649,-0.1558772623538971,-0.024052053689956665,-0.32059139013290405,0.09727835655212402,-0.1917039453983307,-0.10971764475107193,-0.11770829558372498,-0.18665656447410583,-0.1548277884721756,0.07226097583770752,-0.3952343463897705,-0.2116117775440216,-0.07501548528671265,-0.3957226872444153,-0.2387181967496872,0.00036981972781095226,0.00015984882007945923,-0.01279209126633697,-0.11465495282953618,-0.10137666355480009,0.216601802755828,0.38907699319286576,0.38167889294118484,1.1309685862661354,2.2991758822244486,2.053200058130765
idle,shahzaib,swipe_left,0.09686031937599182,-0.022479236125946045,-0.2952277362346649,-0.16653931140899658,-0.03383612632751465,-0.3083193302154541,0.09733551740646362,-0.1904362440109253,-0.10971764475107193,-0.1188204288482666,-0.1958986520767212,-0.14993155002593994,0.07239609956741333,-0.3939843475818634,-0.20392046868801117,-0.07421374320983887,-0.39502134919166565,-0.21619363129138947,0.0012697595538514893,0.03510442647066945,0.0,-0.3230923956090718,-0.29648704962296596,0.37188060355908537,0.3840129166590248,0.38334261828754734,1.089731596332256,0.03616989398810956,9.848519173974507
idle,shahzaib,swipe_left,0.09686881303787231,-0.02206289768218994,-0.2952277362346649,-0.1755017340183258,-0.03867137432098389,-0.3083193302154541,0.09730714559555054,-0.18960684537887573,-0.11167696863412857,-0.12101536989212036,-0.19949769973754883,-0.14993155002593994,0.0723501443862915,-0.39315661787986755,-0.20276765525341034,-0.0740092396736145,-0.3942461907863617,-0.21619363129138947,0.00025738369334827487,0.012616316477457543,0.0,-0.2715885639190644,-0.1465226664687632,0.0,0.3810791530836419,0.38322393043448943,1.8535474197744246,0.020399242089878932,12.250715171756436
idle,shahzaib,swipe_left,0.09692421555519104,-0.022112905979156494,-0.29473355412483215,-0.18346408009529114,-0.050410568714141846,-0.3083193302154541,0.09736952185630798,-0.189597487449646,-0.11383899301290512,-0.12533670663833618,-0.2075522541999817,-0.14993155002593994,0.07242879271507263,-0.393135130405426,-0.20276765525341034,-0.0734994113445282,-0.39434507489204407,-0.21619363129138947,0.0016788641611735293,-0.00151540293838041,0.014975215449477925,-0.24128321445349876,-0.3557331634290347,0.0,0.3726530790367227,0.383034258668284,0.6782683229737991,1.10713591927396,6.405880437003337
idle,shahzaib,swipe_left,0.09698718786239624,-0.022112905979156494,-0.29470573435537517,-0.1944381594657898,-0.06317925453186035,-0.3082915104459971,0.09752827882766724,-0.1893569827079773,-0.11381117324344814,-0.12983456254005432,-0.21817892789840698,-0.14990373025648296,0.07263857126235962,-0.392472505569458,-0.20273983548395336,-0.07335281372070312,-0.3947181701660156,-0.21616581152193248,0.001908251733490894,0.0,0.0008430233168782518,-0.33254785971207684,-0.3869298732641929,0.0008430233168782518,0.36478330271042575,0.38238307323187387,0.8594503119036877,1908.2517334908941,2.9228181280984624
idle,shahzaib,swipe_left,0.09734374284744263,-0.022112905979156494,-0.2948378515429795,-0.2063334584236145,-0.07757407426834106,-0.31380658270791173,0.09831023216247559,-0.1889844536781311,-0.117083337623626,-0.13497787714004517,-0.2248772382736206,-0.17453961493447423,0.0728563666343689,-0.39153194427490234,-0.20241076173260808,-0.07317161560058594,-0.394928902387619,-0.21614417852833867,0.010804696516557346,0.0,-0.004003551139524553,-0.3604636047825726,-0.4362066586812407,-0.167123401876203,0.35774866667085664,0.38159248470058843,0.8263578082795238,10804.696516557347,5.371438461361142
idle,shahzaib,swipe_left,0.09879282116889954,-0.022473633289337158,-0.2882537597324699,-0.22031736373901367,-0.08772140741348267,-0.31379858194850385,0.09911832213401794,-0.18884700536727905,-0.12169915973208845,-0.1436338722705841,-0.22891128063201904,-0.17453161417506635,0.0730690062046051,-0.3912643492221832,-0.2017369174864143,-0.07301530241966248,-0.3953321874141693,-0.2161361777689308,0.04391146428657252,-0.010931130611535155,0.19951793365180273,-0.4237547065272429,-0.30749494379216635,0.0002424472547841768,0.3547678599192647,0.3796754809133812,1.378082264440063,4.016734326265629,6.67931283788202
idle,shahzaib,swipe_left,0.09965839982032776,-0.02287822961807251,-0.2882537597324699,-0.22868451476097107,-0.1073642373085022,-0.31379858194850385,0.09985634684562683,-0.18863379955291748,-0.12293434678576887,-0.15010470151901245,-0.23599207401275635,-0.17453161417506635,0.07359817624092102,-0.3913717567920685,-0.2010905051138252,-0.07269659638404846,-0.3959701955318451,-0.21409807144664228,0.026229656103885248,-0.012260494810162033,0.0,-0.2535500309684032,-0.5952372695460398,0.0,0.34287872724319196,0.37955770019570917,0.42596392728877097,2.1391891045899833,10.130703968398409
idle,shahzaib,swipe_left,0.10013806819915771,-0.024733901023864746,-0.2904515916015953,-0.2375779151916504,-0.12889593839645386,-0.31379858194850385,0.10050368309020996,-0.1910029649734497,-0.12293434678576887,-0.15615397691726685,-0.24395805597305298,-0.17453161417506635,0.07407784461975098,-0.3939005434513092,-0.2010905051138252,-0.07269763946533203,-0.39858075976371765,-0.207924043526873,0.01453540541908981,-0.056232466842189875,-0.06660096573107277,-0.2694969827478625,-0.6524757905440001,0.0,0.3333539051600763,0.3807210907113448,0.4130368875238771,0.25848318155238537,1.800559436860155
idle,shahzaib,swipe_left,0.10106238722801208,-0.025432616472244263,-0.2904643788933754,-0.23904713988304138,-0.15654626488685608,-0.31381136924028397,0.10142800211906433,-0.19175514578819275,-0.12294713407754898,-0.15770050883293152,-0.25386902689933777,-0.15672744065523148,0.07500216364860535,-0.3946581780910492,-0.19318611174821854,-0.07230457663536072,-0.399725079536438,-0.19699441641569138,0.02800966754104121,-0.021173195405439663,-0.00038749369030648584,-0.044521960345181064,-0.8378886815273309,-0.00038749369030648584,0.31715172829421184,0.3827136159904624,0.05313582602428649,1.322820867792951,8.834352090493551
idle,shahzaib,swipe_left,0.10194370150566101,-0.02553650736808777,-0.2904643788933754,-0.24665567278862,-0.17352446913719177,-0.31381136924028397,0.10230931639671326,-0.19183149933815002,-0.12198105454444885,-0.1600489616394043,-0.26235541701316833,-0.15672744065523148,0.07588347792625427,-0.39437955617904663,-0.19270994514226913,-0.07233938574790955,-0.40013110637664795,-0.1961028352379799,0.026706493262089084,-0.003148208964954773,0.0,-0.2305616031993556,-0.5144910378889685,0.0,0.30917961599304283,0.3824660236245456,0.4481344437231361,8.480381441589293,11.305789523301593
swipe_left,shahzaib,swipe_left,0.10321822762489319,-0.025490373373031616,-0.2852517142891884,-0.24654141068458557,-0.1920158565044403,-0.31381136924028397,0.1036008894443512,-0.19145354628562927,-0.12171194702386856,-0.16166803240776062,-0.2707746922969818,-0.15672744065523148,0.077058345079422,-0.3934902250766754,-0.19102422147989273,-0.07378485798835754,-0.4001534879207611,-0.19364266842603683,0.03862200361309587,0.0013979998501864193,0.15795953346021074,0.0034624880010431084,-0.560345071734798,0.0,0.29598414951896473,0.38077165166254506,0.006179195635874545,27.606867583259152,7.22648605604322
swipe_left,shahzaib,swipe_left,0.1048249900341034,-0.025490373373031616,-0.28170374780893326,-0.24493464827537537,-0.2106841504573822,-0.3353656902909279,0.1051466166973114,-0.19145354628562927,-0.10563988238573074,-0.16097140312194824,-0.28480902314186096,-0.15672744065523148,0.0786447823047638,-0.3929763436317444,-0.17962785810232162,-0.07270494103431702,-0.4001794159412384,-0.18910492211580276,0.048689769976066284,0.0,0.10751413576530569,0.048689769976066284,-0.5657058773618694,-0.6531612439588995,0.29489615121990914,0.38229678114409393,0.08606890233176462,48689.76997606629,19.840823316179783
swipe_left,shahzaib,swipe_left,0.10573217272758484,-0.025189518928527832,-0.26524597965180874,-0.24401578307151794,-0.23017829656600952,-0.3778086956590414,0.10592839121818542,-0.1911526918411255,-0.09288647584617138,-0.16040772199630737,-0.2957611083984375,-0.17393097840249538,0.07937672734260559,-0.3926754891872406,-0.17148022912442684,-0.07234105467796326,-0.40010738372802734,-0.18603316508233547,0.027490384650953326,0.009116801348599666,0.49872024718559943,0.027844400116892015,-0.5907317002614433,-1.2861516778216422,0.30842496844564077,0.3801743860524948,0.047135362753016365,3.0150234250470227,19.206903760959424
swipe_left,shahzaib,swipe_left,0.10624104738235474,-0.024354904890060425,-0.23054421413689852,-0.24350035190582275,-0.24751010537147522,-0.46818307507783175,0.10611367225646973,-0.19031807780265808,-0.06862803269177675,-0.15989229083061218,-0.30551424622535706,-0.20807138551026583,0.0797346830368042,-0.3918408751487732,-0.14982679951936007,-0.07195818424224854,-0.4006914794445038,-0.1739498870447278,0.015420444083936117,0.025291334499012063,1.051568651966965,0.015619126233187418,-0.5252063274383487,-2.738617558145132,0.37344935076894004,0.37717877287878515,0.029738972434692208,0.6096884447158664,44.060441053721505
swipe_left,shahzaib,swipe_left,0.10661295056343079,-0.021659880876541138,-0.23024584213271737,-0.2410992980003357,-0.26548418402671814,-0.5320774302817881,0.10598310828208923,-0.1879444420337677,-0.0648383186198771,-0.15951555967330933,-0.31425395607948303,-0.2367161945439875,0.07986459136009216,-0.38890212774276733,-0.14098274568095803,-0.07158145308494568,-0.3999387323856354,-0.17122104624286294,0.011269793365941083,0.08166739434907061,0.009041575884277314,0.0727592092571848,-0.544669050158885,-1.9361925819381025,0.4207512985372795,0.37888024888027766,0.13358400968799425,0.13799455047164563,24.384613860324574
swipe_left,shahzaib,swipe_left,0.10701140761375427,-0.019685596227645874,-0.21465459279716015,-0.2382434904575348,-0.27853187918663025,-0.5942019652575254,0.10568210482597351,-0.18687346577644348,-0.05003025569021702,-0.15906041860580444,-0.3169576823711395,-0.2515425216406584,0.07975170016288757,-0.38681551814079285,-0.12628440372645855,-0.0711263120174408,-0.39947113394737244,-0.15942607633769512,0.012074456070408544,0.059826807542280064,0.4724621010774864,0.08653962250911733,-0.3953847018155141,-1.8825616659314137,0.4812323017606887,0.3785984172321007,0.21887393021990584,0.20182013291855255,4.824942046252191
swipe_left,shahzaib,swipe_left,0.10582226514816284,-0.017739057540893555,-0.2043269732967019,-0.23774683475494385,-0.2912907004356384,-0.6196846077218652,0.10468298196792603,-0.18635421991348267,-0.03857316169887781,-0.1581180989742279,-0.3186401128768921,-0.2558116326108575,0.07920432090759277,-0.38559690117836,-0.106968411244452,-0.07101958990097046,-0.3994594216346741,-0.13735562656074762,-0.03603462016943787,0.05898602081067728,0.3129581666805577,0.015050172805786372,-0.38663094693964795,-0.772201286798186,0.5216700992872346,0.38145327064541285,0.03892635599544923,0.6108906616100065,33.71799460163875
swipe_left,shahzaib,swipe_left,0.10458466410636902,-0.016415178775787354,-0.18342286068946123,-0.23252001404762268,-0.3030090928077698,-0.625067156739533,0.10406717658042908,-0.18591487407684326,-0.01882417593151331,-0.15745818614959717,-0.32011717557907104,-0.2578967334702611,0.07896056771278381,-0.3845119774341583,-0.09561045933514833,-0.07076272368431091,-0.3997700810432434,-0.13313859421759844,-0.037503061872539684,0.04011753833655111,0.6334579577951651,0.15838850628245787,-0.3551027991554915,-0.16310754598993066,0.5268033982947368,0.37929258538777155,0.4460343895478948,0.9348062872562702,18.985642611709842
swipe_left,shahzaib,swipe_left,0.104053795337677,-0.015502750873565674,-0.16221125796437263,-0.2196437120437622,-0.31109023094177246,-0.6624812223017216,0.10379248857498169,-0.18522191047668457,-0.007821352686733007,-0.1513148844242096,-0.3208538293838501,-0.26670465245842934,0.07905226945877075,-0.38307878375053406,-0.09410003200173378,-0.07039302587509155,-0.3993281424045563,-0.1331353671848774,-0.016086932384606387,0.027649330370353626,0.6427758401541929,0.39019096981394946,-0.24488297375765444,-1.1337595624905519,0.5570177112718374,0.37466832711610065,1.5933707862814077,0.5817989213559132,30.424697104333646
swipe_left,shahzaib,swipe_left,0.10343697667121887,-0.014401674270629883,-0.1609668079763651,-0.20220160484313965,-0.3195388913154602,-0.6928238663822412,0.10361680388450623,-0.1844625473022461,-0.006252968218177557,-0.14242097735404968,-0.32513177394866943,-0.2841560337692499,0.07957330346107483,-0.38154760003089905,-0.09228082187473774,-0.06955268979072571,-0.3999570310115814,-0.1331342998892069,-0.018691474741155747,0.033365957664721474,0.037710605697198946,0.5285487030491769,-0.25602001132387514,-0.9194740630460655,0.5807884491774334,0.3742771304637762,2.064473928589186,0.5601791727304537,7.7367838806154205
swipe_left,shahzaib,swipe_left,0.10287630558013916,-0.014162629842758179,-0.12738685635849833,-0.18938347697257996,-0.3246931731700897,-0.7331588747911155,0.10341185331344604,-0.18419042229652405,0.006957182660698891,-0.13544821739196777,-0.3284231722354889,-0.3053151252679527,0.07981723546981812,-0.38113242387771606,-0.08768408326432109,-0.06886106729507446,-0.400820255279541,-0.12867711810395122,-0.016990033063021385,0.007243770541566712,1.0175742914504966,0.3884281172896834,-0.15619035923119576,-1.2222729820870857,0.6210629420860431,0.3698308540938409,2.4868732764834247,2.345144399748956,10.553415810702585
swipe_left,shahzaib,swipe_left,0.10179564356803894,-0.01272284984588623,-0.0798697997815907,-0.1801050901412964,-0.3320915102958679,-0.7917116587050259,0.1024419367313385,-0.1827506422996521,0.024059349205344915,-0.12893837690353394,-0.33222439885139465,-0.3488439326174557,0.07955560088157654,-0.3796926438808441,-0.08540669130161405,-0.06766054034233093,-0.40141594409942627,-0.13276386307552457,-0.03274733370000718,0.04362969687490822,1.4399108053608605,0.2811632373116278,-0.22419203411449443,-1.77432678527004,0.6720579225532982,0.3676847921800133,1.25411228061635,0.7505572004475591,17.165894600638616
swipe_left,shahzaib,swipe_left,0.10065463185310364,-0.01075628399848938,-0.07705658627673984,-0.16923877596855164,-0.3356958329677582,-0.8284801985137165,0.10138657689094543,-0.18062952160835266,0.030911867041140795,-0.12223228812217712,-0.331079363822937,-0.3799378420226276,0.07920637726783752,-0.3773241639137268,-0.07697786344215274,-0.06598487496376038,-0.4027264714241028,-0.13274960173293948,-0.034576112573796676,0.059592904466570576,0.08524889408638889,0.3292822476589282,-0.10922189914818846,-1.1141981760209134,0.7065377115635856,0.36719483167331074,3.0147730029778246,0.580195455949564,20.357307634890034
swipe_left,shahzaib,swipe_left,0.09983620047569275,-0.009918272495269775,-0.07012768089771271,-0.15501412749290466,-0.3391776382923126,-0.8394380360841751,0.10103228688240051,-0.1798190474510193,0.03197827562689781,-0.1185656487941742,-0.3302316963672638,-0.3805321007966995,0.07903686165809631,-0.37594935297966003,-0.056535039097070694,-0.06425383687019348,-0.4041231870651245,-0.13275198638439178,-0.024800950830632718,0.025394287976351373,0.20996682966748642,0.4310499538074793,-0.1055092522592244,-0.33205568395328877,0.7154442867894084,0.36687344451041953,4.085384543944108,0.9765965581381824,23.901337753928445
swipe_left,shahzaib,swipe_left,0.09917178750038147,-0.008568882942199707,-0.06514448672533035,-0.13778594136238098,-0.3411783277988434,-0.8394443914294243,0.10041472315788269,-0.17843377590179443,0.03710739687085152,-0.11553901433944702,-0.32880207896232605,-0.38138531893491745,0.07869413495063782,-0.3745197355747223,-0.05012344941496849,-0.06305286288261414,-0.4042415916919708,-0.12867572158575058,-0.020133726524584544,0.04089059251727545,0.1510058840115889,0.5220662463795138,-0.06062695474335738,-0.00019258621967200383,0.7174636647965265,0.36683101335396595,8.610982319780684,0.4923683643790263,10.516133993976233
swipe_left,shahzaib,swipe_left,0.0981675386428833,-0.005317270755767822,-0.05542445182800293,-0.12555032968521118,-0.33952459692955017,-0.8394909650087357,0.09979993104934692,-0.17518216371536255,0.05173906683921814,-0.10948559641838074,-0.32555046677589417,-0.3851187974214554,0.07837784290313721,-0.3712681233882904,-0.03312020003795624,-0.06162095069885254,-0.4029090702533722,-0.12869979441165924,-0.03043178356055024,0.09853370261914694,0.2945465120402217,0.3707761114293838,0.05011305664524832,-0.0014113205851930405,0.7164695702923342,0.3671636396048168,7.398644936171612,0.3088433085161292,5.681599217520605
swipe_left,shahzaib,swipe_left,0.09727612137794495,-0.0038969814777374268,-0.043139430694282055,-0.11007717251777649,-0.33599793910980225,-0.8395177712664008,0.0987522304058075,-0.17218086123466492,0.059311249293386936,-0.10264855623245239,-0.32067012786865234,-0.3937061419710517,0.07775261998176575,-0.3677414655685425,-0.020152459852397442,-0.060370951890945435,-0.4017741084098816,-0.1287266006693244,-0.02701264439207178,0.04303906903122479,0.37227336768851726,0.46888355052833147,0.10686841878024185,-0.0008123108383381135,0.7155566371822416,0.36509228496170165,4.387443628682102,0.6276161957936125,3.434631538015856
swipe_left,shahzaib,swipe_left,0.09606602787971497,-0.0030672848224639893,-0.03483874350786209,-0.0960979163646698,-0.33258187770843506,-0.8395227268338203,0.09754696488380432,-0.16953232884407043,0.06099846214056015,-0.09936651587486267,-0.31616640090942383,-0.39592645317316055,0.07627663016319275,-0.3643547594547272,-0.01587875746190548,-0.06057581305503845,-0.4006955325603485,-0.12875405699014664,-0.03666949994636264,0.025142322887073586,0.25153597534605676,0.4236138228214102,0.1035170121626409,-0.00015016870968269415,0.7149079603922248,0.36232546233877044,4.092175013521851,1.4584190049603494,1.3757103867136562
swipe_left,shahzaib,swipe_left,0.09557127952575684,-0.006927073001861572,-0.03158179670572281,-0.08186519145965576,-0.33029934763908386,-0.839568056166172,0.09649395942687988,-0.1696985960006714,0.08195279538631439,-0.0938558578491211,-0.297153115272522,-0.4065430834889412,0.07398074865341187,-0.36291247606277466,-0.0051855240017175674,-0.06068164110183716,-0.4000769257545471,-0.12879938632249832,-0.014992374362367408,-0.11696327816356183,0.09869535764058322,0.43129469409132976,0.0691675778591264,-0.0013736161318692144,0.7144996537751205,0.35761504642346165,6.235413643601794,0.12817908679265477,1.0672416855875693
swipe_left,shahzaib,swipe_left,0.09482425451278687,-0.00573122501373291,-0.03162064217031002,-0.06296437978744507,-0.3249819874763489,-0.8380348887294531,0.09423333406448364,-0.16829568147659302,0.08191394992172718,-0.08601027727127075,-0.2946738600730896,-0.41928394697606564,0.07113385200500488,-0.3614955246448517,-0.003909189719706774,-0.060469746589660645,-0.4011419117450714,-0.14038859866559505,-0.022637121605150988,0.03623781782208125,-0.0011771352905215826,0.5727518688548786,0.16113212614348696,0.046459619294514094,0.7017954853796609,0.35762745512603367,3.554525891497013,0.624665012978365,5.314328125002391
swipe_left,shahzaib,swipe_left,0.09367695450782776,-0.005720198154449463,-0.031554751098155975,-0.04148343205451965,-0.31783202290534973,-0.8088310286402702,0.09262451529502869,-0.16832095384597778,0.08197984099388123,-0.07534947991371155,-0.2905980348587036,-0.4256882593035698,0.0694907009601593,-0.3626304268836975,-0.0038432986475527287,-0.06039068102836609,-0.40182989835739136,-0.1588687226176262,-0.03476666681694224,0.0003341472510135498,0.001996699156183163,0.6509378100886418,0.21666559306057778,0.8849654572479555,0.6556402415917505,0.358800516762669,3.0043293748872775,103.73549749192674,25.574914671526415
swipe_left,shahzaib,swipe_left,0.09300002455711365,-0.005556464195251465,-0.031552067026495934,-0.014875799417495728,-0.3112035095691681,-0.7548184897750616,0.08961483836174011,-0.1705307960510254,0.08198252506554127,-0.07168218493461609,-0.27015018463134766,-0.4278058912605047,0.0661417543888092,-0.36769887804985046,-0.003840614575892687,-0.06039324402809143,-0.4021972715854645,-0.18091309629380703,-0.02051302880951885,0.004961635127212141,8.133550484975309e-05,0.8062918980916469,0.20086404049035594,1.636743601976045,0.5828542726588102,0.36419283241957323,4.014097705221926,4.13349526686691,23.2674189142821
swipe_left,shahzaib,swipe_left,0.09220308065414429,-0.005556464195251465,-0.04406157322227955,0.0067629218101501465,-0.3110176920890808,-0.7402638699859381,0.08926701545715332,-0.17607080936431885,0.07701996900141239,-0.06675499677658081,-0.2671447992324829,-0.4333278741687536,0.06474393606185913,-0.3730353116989136,-0.003840614575892687,-0.06039726734161377,-0.40568307042121887,-0.18111187778413296,-0.024149815241495502,0.0,-0.3790759453267721,0.6557188250801708,0.005630832729917522,0.4410490845188902,0.5710717776645201,0.37069183090377666,116.43080619153505,24149.815241495504,36.995441046481744
swipe_left,shahzaib,swipe_left,0.09109362959861755,-0.005556464195251465,-0.07127512991428375,0.03586491942405701,-0.30790215730667114,-0.7079704329371452,0.0874616801738739,-0.17619669437408447,0.04166524112224579,-0.05683794617652893,-0.26598286628723145,-0.4348232075572014,0.061612457036972046,-0.3784846067428589,-0.018911072984337807,-0.06038501858711243,-0.4092121422290802,-0.21393335610628128,-0.033619728955355185,0.0,-0.8246532330910274,0.8818787155729255,0.09441014492150406,0.9785890014785601,0.5134202926411437,0.37773871061592396,9.340832761917493,33619.72895535519,17.875686034621523
swipe_left,shahzaib,swipe_left,0.09044376015663147,-0.005714058876037598,-0.07928285747766495,0.05623939633369446,-0.30199307203292847,-0.70538579672575,0.08456894755363464,-0.17670977115631104,0.04166524112224579,-0.047348469495773315,-0.26590025424957275,-0.4348232075572014,0.06010738015174866,-0.37944772839546204,-0.018911072984337807,-0.059943825006484985,-0.412354052066803,-0.2222335860133171,-0.01969301339351801,-0.004775596387458646,-0.24265841101155522,0.6174083912011448,0.17906319011341726,0.07832230943622136,0.5090325584393689,0.3797919220404296,3.4479724327353516,4.12281293961191,28.549102374758917
swipe_left,shahzaib,swipe_left,0.08944693207740784,-0.006563127040863037,-0.09355157427489758,0.07112422585487366,-0.2889033555984497,-0.6515206154435873,0.08346417546272278,-0.17756032943725586,0.04168394394218922,-0.041238218545913696,-0.2665824294090271,-0.43480450473725796,0.06025764346122742,-0.38051867485046387,-0.01889237016439438,-0.05961772799491882,-0.41295361518859863,-0.23028927110135555,-0.030206911491624903,-0.025729338328043336,-0.43238535749189305,0.45105544003572834,0.3966580737720793,1.632278220671578,0.4581678413607926,0.3824509943324911,1.1371363214923083,1.1739803459444829,47.81545304480362
swipe_left,shahzaib,swipe_left,0.08889126777648926,-0.012538820505142212,-0.09850933402776718,0.08542746305465698,-0.2885776460170746,-0.6383747309446335,0.08126741647720337,-0.18455126881599426,0.04155971109867096,-0.02998286485671997,-0.2724755108356476,-0.4356260746717453,0.05742692947387695,-0.3896831274032593,-0.018936457112431526,-0.05918341875076294,-0.4189293086528778,-0.24392801523208618,-0.01683831214904812,-0.18108162012967485,-0.1502351440263541,0.4334314302964713,0.009869987314397796,0.3983601363319403,0.4398773404312553,0.3867294604126579,43.909632997326355,0.09298690364094608,39.18908822386118
swipe_left,shahzaib,swipe_left,0.08868727087974548,-0.017903059720993042,-0.10874865762889385,0.09877243638038635,-0.28715482354164124,-0.6120353024452925,0.07913634181022644,-0.19911977648735046,0.03308095596730709,-0.0207233726978302,-0.27681872248649597,-0.43563768081367016,0.053894490003585815,-0.39891526103019714,-0.01462229248136282,-0.05897679924964905,-0.42330750823020935,-0.25288799218833447,-0.0061817241437506715,-0.16255270351062942,-0.31028253336747147,0.40439313108270375,0.04311583258888891,0.7981644999800219,0.41522182668372903,0.3940058473721783,9.379008308391251,0.03802881146504575,12.188903345921052
swipe_left,shahzaib,swipe_left,0.08876663446426392,-0.02182382345199585,-0.10873533971607685,0.10797607898712158,-0.28295260667800903,-0.5798120517283678,0.07824516296386719,-0.20176482200622559,0.03309427388012409,-0.010192036628723145,-0.2776802182197571,-0.43484687991440296,0.05144089460372925,-0.40401017665863037,-0.014608974568545818,-0.058897435665130615,-0.424482524394989,-0.26228645630180836,0.0024049571066192084,-0.11881102215160212,0.0004035731156667138,0.2788982608101629,0.1273399049585536,0.9764621429371267,0.38561637835076673,0.39537247254887264,2.1901702434181503,0.02024169829843081,7.0829213178057495
swipe_left,shahzaib,swipe_left,0.08860445022583008,-0.022675246000289917,-0.09848817437887192,0.11195152997970581,-0.276822954416275,-0.5723497718572617,0.07764941453933716,-0.20261624455451965,0.04382184520363808,-0.0053716301918029785,-0.27727362513542175,-0.4344318360090256,0.05127871036529541,-0.4056549668312073,-0.014589526690542698,-0.05905961990356445,-0.4251267611980438,-0.2743825167417526,-0.004914673891934428,-0.025800683281638124,0.3105201617334794,0.12046821189649046,0.18574703823436187,0.22612969306382016,0.37419689684901636,0.39383455981896015,0.6485571155507623,0.19047880862222566,23.30597094873579
swipe_left,shahzaib,swipe_left,0.08828413486480713,-0.02304130792617798,-0.0935853160917759,0.1128736138343811,-0.2657996416091919,-0.5674157254397869,0.07709312438964844,-0.20298230648040771,0.04381103068590164,-0.00500798225402832,-0.2736518383026123,-0.43376655504107475,0.05132800340652466,-0.40602102875709534,-0.014600341208279133,-0.059010326862335205,-0.42522111535072327,-0.2789056710898876,-0.009706526091604415,-0.01109278563297144,0.1485714632453324,0.027941934990160087,0.3340397820328184,0.1495165581052937,0.3717490374168249,0.3927821896133223,0.08364827438170375,0.8749516542627253,5.783150712782191
swipe_left,shahzaib,swipe_left,0.08854219317436218,-0.024155139923095703,-0.0935853160917759,0.11313167214393616,-0.250846266746521,-0.4987824372947216,0.07735118269920349,-0.20311683416366577,0.03310290724039078,-0.004749923944473267,-0.2643834352493286,-0.40419406816363335,0.05158606171607971,-0.4061555564403534,-0.016920950263738632,-0.05878511071205139,-0.42437806725502014,-0.2794479541480541,0.007819948774395692,-0.0337524847550831,0.0,0.007819948774395692,0.45313257159609505,2.0797966104565577,0.32829298121112804,0.391366195345913,0.017257491531362586,0.23167826466326705,58.607729813593416
swipe_left,shahzaib,swipe_left,0.0886252224445343,-0.02462366223335266,-0.10600249841809273,0.11321470141410828,-0.22972926497459412,-0.4435567073523998,0.07743421196937561,-0.20272865891456604,0.029603153467178345,-0.0046668946743011475,-0.2550083100795746,-0.3717695288360119,0.05180981755256653,-0.4065965414047241,-0.01739068143069744,-0.058709532022476196,-0.42285868525505066,-0.28060341998934746,0.002516038490064189,-0.014197645765362208,-0.3762782523126272,0.002516038490064189,0.6399091446038379,1.6735069679491263,0.3056316228452938,0.3938409686277372,0.00393186217046433,0.17720270874016025,13.551415314372878
swipe_left,shahzaib,swipe_left,0.08856943249702454,-0.025946766138076782,-0.10599168390035629,0.11320438981056213,-0.21104368567466736,-0.41567955911159515,0.07742390036582947,-0.20053914189338684,0.015162210911512375,-0.00467720627784729,-0.23870030045509338,-0.33866582810878754,0.053085118532180786,-0.4030457139015198,-0.058086562901735306,-0.05872640013694763,-0.4168625771999359,-0.28203268349170685,-0.0016906044699929246,-0.040094057718913396,0.0003277126586798518,-0.00031247283473159824,0.5662296757553653,0.8447620679031853,0.2996382819394459,0.3817822069711264,0.0005518472384329089,0.04216490924754157,25.212681629084123
swipe_left,shahzaib,swipe_left,0.08815953135490417,-0.03510883450508118,-0.10604016855359077,0.10868391394615173,-0.18715813755989075,-0.41572804376482964,0.07830479741096497,-0.1978071630001068,0.004468237049877644,-0.006474226713180542,-0.21515396237373352,-0.3251478485763073,0.056001216173172,-0.40012282133102417,-0.07625610753893852,-0.0589849054813385,-0.4129381775856018,-0.2854098789393902,-0.01242124673091957,-0.277638435363759,-0.0014692319161963628,-0.13698411710334027,0.7238044883265365,-0.0014692319161963628,0.30995529284993734,0.36763631227671434,0.1892554274768658,0.04473876960110311,26.41090107841804
swipe_left,shahzaib,swipe_left,0.08807188272476196,-0.04423221945762634,-0.1924955490976572,0.10457700490951538,-0.1565798819065094,-0.41576228477060795,0.08092796802520752,-0.19755658507347107,-0.029653389006853104,-0.02471679449081421,-0.2044132649898529,-0.3251820895820856,0.060140132904052734,-0.3979646563529968,-0.08221044577658176,-0.059156715869903564,-0.4102252423763275,-0.28590590693056583,-0.002656019095218585,-0.27646621068319127,-2.619860016486903,-0.12445178898898236,0.9266138076782374,-0.0010376062357064615,0.32864476121470804,0.3715772107846823,0.13430800798533932,0.00960699494401224,6.157473272574977
idle,shahzaib,swipe_left,0.08744397759437561,-0.04430052638053894,-0.20793342404067516,0.0782114565372467,-0.12556973099708557,-0.4373758863657713,0.08887645602226257,-0.19713011384010315,-0.04739554040133953,-0.041970282793045044,-0.1901327669620514,-0.3251713942736387,0.06379231810569763,-0.3933486044406891,-0.10652711801230907,-0.06029054522514343,-0.4056629538536072,-0.2941694688051939,-0.01902742819352614,-0.0020699067549272347,-0.4678143922126729,-0.7989560112808817,0.939701542709828,-0.6549576240958694,0.343719501938538,0.36424881701437506,0.850222251157186,9.187969544381877,28.470960903066
idle,shahzaib,swipe_left,0.08453631401062012,-0.04502153396606445,-0.24828199110925198,0.05943495035171509,-0.06945806741714478,-0.4435549732297659,0.08920842409133911,-0.19398963451385498,-0.08624990843236446,-0.05111581087112427,-0.17706578969955444,-0.3251084443181753,0.0646212100982666,-0.39065197110176086,-0.15837605856359005,-0.06366842985153198,-0.39894723892211914,-0.33250547014176846,-0.0881110176895618,-0.021848714712894672,-1.2226838505629531,-0.5689850359252095,1.7003534418164148,-0.18724505648468778,0.3688489507814693,0.357687135839909,0.3346273117723547,4.032593507390868,27.94184251122171
idle,shahzaib,swipe_left,0.08561787009239197,-0.04823189973831177,-0.2926367800682783,0.031155794858932495,-0.03956121206283569,-0.4521120171993971,0.08857461810112,-0.19707173109054565,-0.09089668653905392,-0.06326684355735779,-0.17461997270584106,-0.32377844862639904,0.06481048464775085,-0.3934241831302643,-0.16475200466811657,-0.06580063700675964,-0.39384323358535767,-0.33347192220389843,0.032774426720357866,-0.09728381128021796,-1.344084513909838,-0.8569441058418643,0.9059653137669076,-0.259304362716087,0.38599452404762463,0.36870743901031033,0.9458895908378597,0.3368915074106976,25.698067935861335
idle,shahzaib,swipe_left,0.08587515354156494,-0.04663512110710144,-0.2937721172347665,-0.0016269087791442871,-0.0114804208278656,-0.45210833940654993,0.08803665637969971,-0.2022845447063446,-0.09153472725301981,-0.07550108432769775,-0.1748199760913849,-0.32003547344356775,0.06597352027893066,-0.40247106552124023,-0.17907640431076288,-0.06782948970794678,-0.396819531917572,-0.3334682444110513,0.007796468156756901,0.04838723124879856,-0.034404156560248145,-0.9934152617599183,0.85093306772638,0.00011144826809565404,0.40858840462937845,0.37439337722076216,1.1674409327790052,0.1611232309085586,9.037697170593031
idle,shahzaib,swipe_left,0.08930471539497375,-0.03776144981384277,-0.30447910353541374,-0.03719088435173035,0.011141777038574219,-0.45205704495310783,0.0894726812839508,-0.20202630758285522,-0.1034943126142025,-0.0865989625453949,-0.16695255041122437,-0.2970605306327343,0.0665726363658905,-0.40221649408340454,-0.17967906221747398,-0.06817570328712463,-0.3968612253665924,-0.3334169499576092,0.1039261167699657,0.26889913009875177,-0.32445413032264936,-1.077696229472322,0.6855211474678843,0.0015543773770332584,0.4260304931769914,0.38590060510897384,1.572080834226892,0.3864859296713599,5.625802008047627
idle,shahzaib,swipe_left,0.09246742725372314,-0.032707035541534424,-0.3143739039078355,-0.06320434808731079,0.02317070960998535,-0.4520204896107316,0.09134608507156372,-0.20184624195098877,-0.12545614782720804,-0.09240591526031494,-0.166995108127594,-0.2866087192669511,0.06666982173919678,-0.4022582769393921,-0.22006743494421244,-0.0691404938697815,-0.39655035734176636,-0.33237620536237955,0.09583975329543241,0.15316406885782297,-0.29984243552792017,-0.7882867798660442,0.36451310822456595,0.0011077376477645685,0.4364811182894033,0.38226606775565053,2.1625686415967333,0.6257285294233547,13.097227370710007
idle,shahzaib,swipe_left,0.09474122524261475,-0.03106793761253357,-0.31580062210559845,-0.08990126848220825,0.02262672781944275,-0.4356931298971176,0.09373641014099121,-0.20223310589790344,-0.1381625533103943,-0.09702116250991821,-0.1675390899181366,-0.2731200307607651,0.06850606203079224,-0.40215206146240234,-0.23386293649673462,-0.06865078210830688,-0.39709433913230896,-0.3286833316087723,0.06890296936035266,0.0496696342121479,-0.04323388478069663,-0.8089975877241784,-0.01648429668310943,0.4947684761701287,0.43366859944427216,0.38092715193999066,49.073887068897236,1.3871972937986188,18.90697552432652
idle,shahzaib,swipe_left,0.0957958996295929,-0.025600343942642212,-0.3210377001669258,-0.10840684175491333,0.022725731134414673,-0.3639991784002632,0.09556779265403748,-0.19981274008750916,-0.14487577020190656,-0.10110864043235779,-0.16744008660316467,-0.22850867151282728,0.070275217294693,-0.40185561776161194,-0.24200644134543836,-0.0686999261379242,-0.3966759443283081,-0.3002753162290901,0.03195982990842928,0.16568465666337712,-0.15869933519174004,-0.5607749476577386,0.0030001004536947093,2.172543984753199,0.42606940178656855,0.38531192062319547,186.85644026588926,0.19289436727381862,51.3984844507446
idle,shahzaib,swipe_left,0.09649637341499329,-0.023391634225845337,-0.3210356693016365,-0.11711505055427551,0.02282741665840149,-0.33574743673671037,0.09675213694572449,-0.19716480374336243,-0.1448737393366173,-0.10222020745277405,-0.17066100239753723,-0.20184452936518937,0.07259950041770935,-0.4016619026660919,-0.2469293634640053,-0.06915298104286194,-0.3965742588043213,-0.2860616307007149,0.02122647834546672,0.06693059747869425,6.154137240214879e-05,-0.26388511513219154,0.0030813795147520613,0.8561133837440386,0.42504917928894215,0.3862009853558184,85.61084508551107,0.3171368851942248,40.893746915203
idle,shahzaib,swipe_left,0.09829223155975342,-0.021594852209091187,-0.3158021057606675,-0.12806716561317444,0.017428189516067505,-0.30865211138734594,0.09802639484405518,-0.19388321042060852,-0.14486058900365606,-0.10476982593536377,-0.17214295268058777,-0.18544940004358068,0.07369023561477661,-0.39962178468704224,-0.2480147714377381,-0.06974595785140991,-0.3948378264904022,-0.28401494870195165,0.05441994378060799,0.054447939901638855,0.1585928345748135,-0.3318822745120761,-0.16361294370708424,0.8210704651322244,0.4170990541991485,0.38484378983916917,2.0284473743035023,0.9994674621565959,5.557828323046542
idle,shahzaib,swipe_left,0.09991008043289185,-0.02004021406173706,-0.31447488913545385,-0.13301175832748413,0.009420454502105713,-0.307889946794603,0.09914100170135498,-0.1922892928123474,-0.14486058900365606,-0.10871449112892151,-0.17249178886413574,-0.17667707154760137,0.07354509830474854,-0.39794889092445374,-0.2480147714377381,-0.07072222232818604,-0.3934345841407776,-0.27959061512956396,0.04902572342843799,0.047110246889519716,0.04021868561253467,-0.14983614285787186,-0.24265863678672484,0.02309589674978582,0.40862332364618487,0.3846128281468791,0.6174745204517216,1.040637356582981,24.91772370183617
idle,shahzaib,swipe_left,0.10027927160263062,-0.01857510209083557,-0.31431455264100805,-0.13542971014976501,0.003576129674911499,-0.305103697872255,0.09985816478729248,-0.19082418084144592,-0.14546182105550542,-0.11262530088424683,-0.17206117510795593,-0.17667707154760137,0.07347047328948975,-0.3962304890155792,-0.2505457783699967,-0.07121056318283081,-0.3919694721698761,-0.2644853080273606,0.011187611204205316,0.04439733245156099,0.004858681649872828,-0.07327126734184614,-0.17710075233922143,0.084431785525699,0.4027781964921981,0.3839384840209427,0.4137241239798805,0.25198268913390176,3.5755145818756082
idle,shahzaib,swipe_left,0.10068252682685852,-0.018045157194137573,-0.3063819269882515,-0.13535088300704956,0.0012179315090179443,-0.30511684820521623,0.1003548800945282,-0.19029423594474792,-0.14192035899031907,-0.11325573921203613,-0.17243239283561707,-0.17606568441260606,0.07361963391304016,-0.3951667547225952,-0.24802792177069932,-0.07157334685325623,-0.3914395272731781,-0.26236941025126725,0.01221985527963303,0.016058936263575088,0.24038259553806793,0.0023887012944076094,-0.07146055048162016,-0.00039849493821912034,0.40009348595892824,0.3825680193380138,0.033426384934398826,0.7608906460823511,4.702387841362705
idle,shahzaib,swipe_left,0.10088232159614563,-0.0178145170211792,-0.3009085747617064,-0.1352633237838745,0.0005803108215332031,-0.3051033410447417,0.10061278939247131,-0.19010287523269653,-0.14155053526337724,-0.11316817998886108,-0.17290621995925903,-0.17605217725213151,0.07370719313621521,-0.39493611454963684,-0.24771174222405534,-0.07215932011604309,-0.3912088871002197,-0.2623559030907927,0.00605438694809432,0.0069890961502538694,0.16585915838015727,0.00265330979318334,-0.019321839014689434,0.0004093078931680748,0.39913435624950516,0.3818233752944791,0.13731469745032107,0.8661378639082717,1.5801709164985889
idle,shahzaib,swipe_left,0.10160201787948608,-0.017359137535095215,-0.2999645737654646,-0.13512691855430603,0.0009660720825195312,-0.3051077691561659,0.10089683532714844,-0.18964749574661255,-0.1403576103693922,-0.1130317747592926,-0.17294812202453613,-0.17605660536355572,0.07392758131027222,-0.39448073506355286,-0.24692028441495495,-0.07268822193145752,-0.3908771276473999,-0.26127051987714367,0.02180897828304441,0.013799378366181565,0.02860609079520687,0.004133491805105564,0.011689735181404069,-0.00013418519467284947,0.39920093741735224,0.3818380159105953,0.3535698774257179,1.5803174162592726,0.9409586468405975
idle,shahzaib,swipe_left,0.10199856758117676,-0.015888988971710205,-0.29699205640463333,-0.13187196850776672,0.0018900632858276367,-0.3051163781037758,0.10124003887176514,-0.1881728172302246,-0.1399692821851204,-0.11272808909416199,-0.1726616621017456,-0.17606521431116562,0.07441037893295288,-0.3931017220020294,-0.2449070740094612,-0.07292520999908447,-0.3896116018295288,-0.25917365435270767,0.01201665762698966,0.04454995646621073,0.09007628366154997,0.09863484989512676,0.02799973343357789,-0.00026087720030000517,0.39857120818298525,0.3817897320570555,3.522580939856594,0.26972838700115415,2.906017754085411
idle,shahzaib,swipe_left,0.10247328877449036,-0.014869153499603271,-0.27798527509730775,-0.12753286957740784,0.002017199993133545,-0.3051220479683252,0.10167798399925232,-0.1880456805229187,-0.13917583257716615,-0.11092904210090637,-0.1730402708053589,-0.17607088417571504,0.0749986469745636,-0.3932441771030426,-0.2436438950971933,-0.07256516814231873,-0.3897411525249481,-0.2572450342850061,0.014385490706472916,0.030904105215362118,0.5759630699189662,0.1314878463745138,0.0038526274941184917,-0.00017181407725509303,0.39848245056460313,0.380922360605478,34.12053878461113,0.4654729568538167,1.235535237613556
idle,shahzaib,swipe_left,0.10293671488761902,-0.01410520076751709,-0.2634335141920019,-0.12307265400886536,0.002017199993133545,-0.3051228802942205,0.10212090611457825,-0.18732041120529175,-0.12970068867434748,-0.10995078086853027,-0.17338424921035767,-0.17607171650161035,0.0755821168422699,-0.39330360293388367,-0.2359376680396963,-0.07252278923988342,-0.3913837671279907,-0.25724586661090143,0.014043215549353621,0.02315008279049072,0.440962451675942,0.13515804753159247,0.0,-2.5221996827785214e-05,0.39951447808462587,0.3811767618774515,135158.04753159249,0.6065900103437863,0.1613038141491046
idle,shahzaib,swipe_left,0.10295119881629944,-0.013269364833831787,-0.2634291150898207,-0.12158459424972534,0.0019832849502563477,-0.29458887365763076,0.102349191904068,-0.18674403429031372,-0.12520572033827193,-0.10944932699203491,-0.17395687103271484,-0.17501301554148085,0.07559660077095032,-0.39335837960243225,-0.23322547462885268,-0.07286348938941956,-0.39190226793289185,-0.2556415596336592,0.0004389069297097016,0.02532836162682776,0.00013330612670291766,0.04509271997394056,-0.0010277285720362971,0.31921232232090707,0.3987937663737412,0.3822671749955565,43.83344761649094,0.017327990186883763,10.051539779256798
idle,shahzaib,swipe_left,0.10303187370300293,-0.012195587158203125,-0.2634321320510935,-0.11527156829833984,0.0026915669441223145,-0.2926595378376078,0.10242986679077148,-0.1867261528968811,-0.11567529474268667,-0.1091330349445343,-0.17400890588760376,-0.16390720193157904,0.07567727565765381,-0.3933737874031067,-0.21848838214646094,-0.07298427820205688,-0.39307335019111633,-0.24328480844269507,0.002444693536469338,0.03253871744329156,-9.142306887290348e-05,0.19130381670864421,0.0214630907232103,0.05846472181887568,0.401068508414174,0.38479219720734537,8.912737985298248,0.07512952565521862,9.084484241212076
idle,shahzaib,swipe_left,0.10309931635856628,-0.012297391891479492,-0.2634373959735967,-0.10563012957572937,0.003367185592651367,-0.292664801760111,0.10250714421272278,-0.18711262941360474,-0.11159565119305626,-0.10838061571121216,-0.17449814081192017,-0.15902293293038383,0.07574471831321716,-0.3937925696372986,-0.20941855577984825,-0.07346072793006897,-0.3944319188594818,-0.23574384121457115,0.002043716835253199,-0.0030849919174657215,-0.00015951280312782238,0.2921648097760796,0.020473292379668592,-0.00015951280312782238,0.40313644545561234,0.38627047489215954,14.269836747384025,0.6622560557227708,3.5353028073551993
idle,shahzaib,swipe_left,0.10302755236625671,-0.010078072547912598,-0.26835565478540957,-0.1018800437450409,0.0038137435913085938,-0.29266993911005557,0.10266759991645813,-0.18644022941589355,-0.1095021537039429,-0.1070062518119812,-0.17461079359054565,-0.15626639337278903,0.07584014534950256,-0.3937925696372986,-0.20742054493166506,-0.07361218333244324,-0.39504000544548035,-0.23314906866289675,-0.0021746664336233777,0.06725210132020999,-0.14903814581251293,0.11363896456631928,0.013532060565370718,-0.00015567727104732733,0.40425996471552234,0.38947279492891795,8.397137071647053,0.03233555614438075,5.413961657416972
idle,shahzaib,swipe_left,0.10272353887557983,-0.008867144584655762,-0.2684200966032222,-0.10172027349472046,0.003949582576751709,-0.2926842534216121,0.10282737016677856,-0.1861385703086853,-0.10524087038356811,-0.10646644234657288,-0.1753332018852234,-0.1561243647010997,0.0758962631225586,-0.393787682056427,-0.20390513178426772,-0.07352316379547119,-0.3961483836174011,-0.23247259494382888,-0.009212530020511162,0.03669478676535728,-0.001952782357958156,0.004841522736982682,0.004116332892215457,-0.0004337670168641677,0.40558464389660287,0.3912105616895802,1.1758880964267993,0.25105143757833986,3.3092264111074785
idle,shahzaib,swipe_left,0.10217633843421936,-0.0055158138275146484,-0.27444191358517855,-0.10154297947883606,0.004042446613311768,-0.29268761060666293,0.1030261218547821,-0.18556761741638184,-0.10524422756861895,-0.10603061318397522,-0.17872768640518188,-0.1540277012391016,0.076073557138443,-0.39369481801986694,-0.20390848896931857,-0.07334992289543152,-0.3977212607860565,-0.22928737185429782,-0.016581831556378254,0.10155547748912626,-0.18247930248352906,0.005372545935890977,0.0028140617139412144,-0.00010173288032864242,0.4077113136726245,0.39539759543424463,1.908500232618051,0.16327694664433084,0.04378911110111975
idle,shahzaib,swipe_left,0.10226225852966309,-0.004276663064956665,-0.2766003123251721,-0.10051989555358887,0.004088550806045532,-0.2926850429503247,0.1040492057800293,-0.18459531664848328,-0.10524165991228074,-0.10491976141929626,-0.1792028248310089,-0.14895012590568513,0.07709664106369019,-0.3935008943080902,-0.20390592131298035,-0.07235711812973022,-0.39789214730262756,-0.22782598051708192,0.0026036392558705136,0.03755002310781828,-0.06540602242404868,0.031002543189309353,0.001397096749508042,7.78077678246944e-05,0.40815232654473654,0.3967534309541449,22.174819589716115,0.06933604041612451,0.777871636333728
idle,shahzaib,swipe_left,0.1017799973487854,-0.0003336966037750244,-0.2766502248123288,-0.10254141688346863,0.004084676504135132,-0.2926831291988492,0.10484760999679565,-0.18223771452903748,-0.10523974616080523,-0.10412135720252991,-0.1804441511631012,-0.1489482121542096,0.07789504528045654,-0.39324676990509033,-0.20390400756150484,-0.07155871391296387,-0.39782074093818665,-0.2278240667656064,-0.01461397517811113,0.11948383215701489,-0.0015124996108087053,-0.06125822211756619,-0.00011740308819394679,5.7992468954936634e-05,0.4082824885205888,0.40030386736914647,517.3701383297023,0.12230820359614282,2.796157490236534
idle,shahzaib,swipe_left,0.10136398673057556,0.001582324504852295,-0.278956865076907,-0.10512867569923401,-0.0024431347846984863,-0.2937190282391384,0.10602250695228577,-0.1803033947944641,-0.10897957265842706,-0.1029464602470398,-0.18244874477386475,-0.15548578382004052,0.07927516102790833,-0.39232373237609863,-0.2051345306681469,-0.07039645314216614,-0.3971596658229828,-0.22928238392341882,-0.012606382369995318,0.0580612457159803,-0.06989818983570305,-0.07840178229592189,-0.19781246329799157,-0.03139088000876484,0.40144681875601046,0.4013721900256426,0.3963419930513795,0.21711840826242276,6.08829056234948
idle,shahzaib,swipe_left,0.10049563646316528,0.002443969249725342,-0.27902108954731375,-0.10979700088500977,-0.004427552223205566,-0.29372594284359366,0.1065550446510315,-0.17853814363479614,-0.11322418379131705,-0.10229066014289856,-0.1815871000289917,-0.15549269842449576,0.08007699251174927,-0.3913438320159912,-0.2073809258872643,-0.06976211071014404,-0.3963225185871124,-0.23247787880245596,-0.02631364446697855,0.02611044681433517,-0.0019461960729324765,-0.1414643995689646,-0.060133861772942776,-0.00020953346834038576,0.3986675086352894,0.40077183845143216,2.352452394471378,1.0077436403306603,4.685182412664378
idle,shahzaib,swipe_left,0.09976103901863098,0.0032251477241516113,-0.27966603194363415,-0.11194267868995667,-0.0037246346473693848,-0.2937229231465608,0.10690703988075256,-0.17775696516036987,-0.1161285147536546,-0.10236269235610962,-0.18106085062026978,-0.1554896787274629,0.08058437705039978,-0.3904530704021454,-0.2178382829297334,-0.06930002570152283,-0.39592593908309937,-0.24026520107872784,-0.022260528622251922,0.023672074982614606,-0.01954370897940645,-0.06502053954384647,0.021300532601096753,9.150597069299728e-05,0.3981180567415422,0.3989648535140232,3.052387861542824,0.9403310993016306,3.3846348305308926
idle,shahzaib,swipe_left,0.09970909357070923,0.003689795732498169,-0.2828530198894441,-0.11363708972930908,-0.0032902657985687256,-0.3024397022090852,0.10765504837036133,-0.1772576868534088,-0.12313582515344024,-0.10201820731163025,-0.18059620261192322,-0.16655575996264815,0.08155369758605957,-0.3899315893650055,-0.22689044242724776,-0.0683789849281311,-0.3954923450946808,-0.2510859495960176,-0.0015741044824773018,0.014080242677167879,-0.09657539229726787,-0.05134578907128342,0.013162692387898264,-0.2641448200764881,0.39813060038363335,0.39799399905733385,3.900561298324396,0.11178732719589043,8.02166827054863
idle,shahzaib,swipe_left,0.10015174746513367,0.004561692476272583,-0.2834280321840197,-0.11343064904212952,-0.0024540722370147705,-0.3032239864114672,0.10860291123390198,-0.17640051245689392,-0.13203215994872153,-0.10152450203895569,-0.17950507998466492,-0.1669876764062792,0.08273079991340637,-0.38909539580345154,-0.23116556205786765,-0.06761613488197327,-0.39465615153312683,-0.25128461816348135,0.01341375437649835,0.026421113447709938,-0.017424614987138824,0.00625577839938087,0.02533919883496874,-0.02376618795096912,0.3982701830239427,0.3974930922043268,0.24687171715275089,0.5076715154919202,7.499500728216286
idle,shahzaib,swipe_left,0.10046553611755371,0.004558950662612915,-0.28343002242036164,-0.11252403259277344,-0.0024540722370147705,-0.30322597664780915,0.1091541051864624,-0.17638465762138367,-0.13203415018506348,-0.10097506642341614,-0.17944666743278503,-0.16698966664262116,0.08363872766494751,-0.38909539580345154,-0.2311675522942096,-0.06680130958557129,-0.39465615153312683,-0.2512866083998233,0.009508747043031786,-8.308526241418219e-05,-6.0310192180403315e-05,0.02747322573806344,0.0,-6.0310192180403315e-05,0.39825963438112455,0.3974647805252837,27473.22573806344,113.08458545558395,1.232489365575124
idle,shahzaib,swipe_left,0.10025233030319214,0.004515200853347778,-0.28342291968874633,-0.11288240551948547,-0.002345532178878784,-0.30321887391619384,0.10890144109725952,-0.17638465762138367,-0.13202704745344818,-0.10155224800109863,-0.17941346764564514,-0.16698256391100585,0.08377110958099365,-0.3890431523323059,-0.2311604495625943,-0.06734228134155273,-0.39465615153312683,-0.251279505668208,-0.006460782253380733,-0.0013257517959131837,0.00021523429137286902,-0.010859785657940078,0.0032890926707873397,0.00021523429137286902,0.39834560740926356,0.3973552236757238,3.300753730848944,4.869623898970397,1.1659044413026658
idle,shahzaib,swipe_left,0.10080030560493469,0.004515200853347778,-0.28342291968874633,-0.11359217762947083,-0.0018913447856903076,-0.3024347748141736,0.10928329825401306,-0.17598828673362732,-0.13202704745344818,-0.1026456356048584,-0.177985280752182,-0.1665508325677365,0.0843190848827362,-0.3890115022659302,-0.2311604495625943,-0.06794330477714539,-0.3945758044719696,-0.251279505668208,0.016605312174017044,0.0,0.0,-0.02150824575713221,0.013763254339044963,0.023760578849099278,0.3986248437230036,0.39732387606096503,1.5626161234263103,16605.312174017046,0.844949895808601
idle,shahzaib,swipe_left,0.10174247622489929,0.0024022459983825684,-0.262120547471568,-0.1141563355922699,-0.001822054386138916,-0.28633153694681823,0.10946032404899597,-0.1773114800453186,-0.11690929788164794,-0.1038571298122406,-0.1755719780921936,-0.16371834534220397,0.08482375741004944,-0.3911561071872711,-0.21237731236033142,-0.06920656561851501,-0.3945980966091156,-0.236509996233508,0.028550624847412564,-0.06402893499894678,0.6455264308235965,-0.0170956958423964,0.0020997090773149304,0.4879769050713819,0.3984666699789169,0.3970501351817821,8.138059680423552,0.4458949528510717,14.072236125905302
idle,shahzaib,swipe_left,0.10367849469184875,-0.0005813837051391602,-0.26125282305292785,-0.11428660154342651,0.0031157732009887695,-0.2798226203303784,0.11000153422355652,-0.17959201335906982,-0.1154859762173146,-0.10443282127380371,-0.17410743236541748,-0.16101545351557434,0.0855163037776947,-0.3940931558609009,-0.2109759773593396,-0.07044777274131775,-0.3965952694416046,-0.23564636963419616,0.05866722627119678,-0.0904130213188417,0.026294679352731835,-0.003947453065352069,0.14963113900387165,0.19723989746787646,0.40452725698862574,0.3971261024119004,0.026381050833270057,0.6488730997187813,9.887633458195168
idle,shahzaib,swipe_left,0.10535970330238342,-0.003204911947250366,-0.25961215887218714,-0.11487296223640442,0.005146294832229614,-0.27877019438892603,0.11049345135688782,-0.18073561787605286,-0.11491240654140711,-0.10492315888404846,-0.17514583468437195,-0.1606890121474862,0.08643409609794617,-0.3964023292064667,-0.2096939692273736,-0.07089629769325256,-0.39841315150260925,-0.23460619244724512,0.050945715470745584,-0.07950085582154869,0.04971709638608036,-0.01776850584781464,0.061530958522447506,0.03189169519552558,0.4083437679430499,0.3968050065268714,0.28876873537728365,0.6408116508009482,5.69283306422439
idle,shahzaib,swipe_left,0.10643494129180908,-0.004183977842330933,-0.25955964624881744,-0.11507830023765564,0.004158586263656616,-0.2735452204942703,0.11007851362228394,-0.18135616183280945,-0.10656294226646423,-0.10483312606811523,-0.17590078711509705,-0.1474943608045578,0.08632034063339233,-0.3973325490951538,-0.1973431557416916,-0.07136332988739014,-0.39939752221107483,-0.2193784862756729,0.032582969376535646,-0.029668663487290362,0.0015912916172634724,-0.006222363674279514,-0.029930562684030722,0.1583325422622966,0.40951503808273265,0.398548978080244,0.20788636196396484,1.0981914031648272,4.741800817524318
idle,shahzaib,swipe_left,0.10948264598846436,-0.009125947952270508,-0.2287968546152115,-0.11278930306434631,-0.0004220008850097656,-0.2724866718053818,0.11165797710418701,-0.18539273738861084,-0.08558165282011032,-0.10390517115592957,-0.18086636066436768,-0.14688420295715332,0.08773571252822876,-0.40229812264442444,-0.18948478996753693,-0.07034707069396973,-0.4040443003177643,-0.21845172345638275,0.092354687777434,-0.14975666999817133,0.9322058070789833,0.06936355070634433,-0.13880567117171075,0.03207723299662323,0.40942896738145457,0.39573062364940176,0.4997133791973022,0.61669420857417,5.54697965604885
idle,shahzaib,swipe_left,0.1114453375339508,-0.01169314980506897,-0.19505397649481893,-0.11341989040374756,-0.0033645331859588623,-0.2706638243980706,0.11193445324897766,-0.1884237825870514,-0.05892670201137662,-0.1051446795463562,-0.18384847044944763,-0.14495879085734487,0.0869731605052948,-0.40533679723739624,-0.16829411359503865,-0.0706111490726471,-0.4066304564476013,-0.21058664890006185,0.059475501378375026,-0.07779399553934438,1.0225114581936752,-0.019108707254582462,-0.08916764548330258,0.055237800221549456,0.40995763221854586,0.3953103829584587,0.21429850314548843,0.7645157759318287,3.153217182749418
idle,shahzaib,swipe_left,0.1122911274433136,-0.015636473894119263,-0.18262574006803334,-0.11391031742095947,-0.007307857275009155,-0.24639514018781483,0.1125974953174591,-0.19108399748802185,-0.058365437434986234,-0.10686114430427551,-0.18772479891777039,-0.12913179327733815,0.08669152855873108,-0.40928012132644653,-0.15796753694303334,-0.07221242785453796,-0.41031786799430847,-0.19229014148004353,0.025629997253418378,-0.1194946693651623,0.3766132250541147,-0.014861424763997632,-0.1194946693651623,0.7354146730380645,0.4087580379875497,0.39524509814573494,0.1243678941919072,0.2144847373095726,20.632299383978367
idle,shahzaib,swipe_left,0.1135125458240509,-0.018800705671310425,-0.18004932068288326,-0.11520716547966003,-0.009296566247940063,-0.23922505043447018,0.11293616890907288,-0.1947331726551056,-0.05503385700285435,-0.10757359862327576,-0.19138643145561218,-0.12783675454556942,0.08575043082237244,-0.41326022148132324,-0.15285818837583065,-0.07300230860710144,-0.41326838731765747,-0.18517196737229824,0.03701267820416134,-0.09588581143003674,0.07807331470151867,-0.039298426021229765,-0.06026390827063454,0.21727544707105362,0.40975140994332526,0.39636902290488824,0.6520946791248802,0.3860038482056255,15.820785446237826
idle,shahzaib,swipe_left,0.11613905429840088,-0.02043306827545166,-0.17907125712372363,-0.11611142754554749,-0.004306614398956299,-0.23329808772541583,0.11531627178192139,-0.1994531750679016,-0.0550636185798794,-0.10911723971366882,-0.19626784324645996,-0.12621206999756396,0.08561402559280396,-0.4185855984687805,-0.1486387348268181,-0.07402104139328003,-0.41643771529197693,-0.18479814589954913,0.07959116588939018,-0.04946553345882344,0.029638289671503015,-0.02740188078446718,0.15121066209041137,0.17960493057739776,0.4171041707857314,0.4004789046756131,0.18121539308312903,1.6089901661623986,6.519173495055641
idle,shahzaib,swipe_left,0.11652526259422302,-0.018888801336288452,-0.17907125712372363,-0.12014108896255493,-0.0017240345478057861,-0.2284346914384514,0.11603507399559021,-0.2008572518825531,-0.0550636185798794,-0.1110963225364685,-0.19773247838020325,-0.12137320102192461,0.08484968543052673,-0.4214564859867096,-0.1486387348268181,-0.07551160454750061,-0.41779783368110657,-0.18193505168892443,0.011703281691580294,0.04679596785343129,0.0,-0.12211095203053061,0.07825999548941072,0.14737564505953013,0.4210361192358771,0.4049570610901924,1.5603040987007777,0.2500863245720347,3.7519917916739627
idle,shahzaib,swipe_left,0.11585450172424316,-0.02295956015586853,-0.17907287296839058,-0.12304320931434631,-0.006755441427230835,-0.22399972495622933,0.11650025844573975,-0.20516660809516907,-0.05698879179544747,-0.11359363794326782,-0.1984368860721588,-0.11733863619156182,0.08424025774002075,-0.4279851019382477,-0.1503514361102134,-0.07826042175292969,-0.42136380076408386,-0.17915189382620156,-0.020326086969086943,-0.12335632786606494,-4.8964989907814574e-05,-0.08794304096337661,-0.15246687513409482,0.13439292370370154,0.41942450768980527,0.40727149526329726,0.5767971835774002,0.16477405372428272,7.078912801682428
idle,shahzaib,swipe_left,0.11572551727294922,-0.02529284358024597,-0.18008850561454892,-0.12591373920440674,-0.00926855206489563,-0.22400753246620297,0.11637687683105469,-0.20856711268424988,-0.05763260321691632,-0.11691227555274963,-0.19559064507484436,-0.11734644370153546,0.08213144540786743,-0.4325132668018341,-0.1528973733074963,-0.08200070261955261,-0.4220633804798126,-0.1791597013361752,-0.003908619736180223,-0.07070555831446905,-0.030776746853283448,-0.08698575424425668,-0.0761548678080253,-0.0002365912113225859,0.41753952280625,0.4095074998451009,1.142206854809028,0.05527945114789135,4.689588055536052
idle,shahzaib,swipe_left,0.11492210626602173,-0.027581512928009033,-0.18209637748077512,-0.13179075717926025,-0.002706468105316162,-0.22400753246620297,0.11403459310531616,-0.21143531799316406,-0.0584011715836823,-0.12174397706985474,-0.192682147026062,-0.11734644370153546,0.07795244455337524,-0.43622589111328125,-0.1528973733074963,-0.08671939373016357,-0.42218443751335144,-0.1791597013361752,-0.024345788088710903,-0.06935361659887802,-0.06084460200685213,-0.1780914537834331,0.19885102907815816,0.0,0.4242693985888172,0.41135090318885464,0.8955978704820499,0.351033417566391,8.77891642179987
idle,shahzaib,swipe_left,0.11436066031455994,-0.029160380363464355,-0.18273701472207904,-0.1385096311569214,0.0004000067710876465,-0.228449038695544,0.11258265376091003,-0.2159983515739441,-0.058760717045515776,-0.1263122856616974,-0.19243162870407104,-0.11735136760398746,0.0752967894077301,-0.44250035285949707,-0.15316878957673907,-0.09056705236434937,-0.42457351088523865,-0.18194939894601703,-0.017013513680660633,-0.04784446774107114,-0.019413249736482757,-0.2036022417473103,0.09413560231526842,-0.13459109785882123,0.43018972333995803,0.41623334658757466,2.1628382238126216,0.3555930056475553,5.225044279276507
idle,shahzaib,swipe_left,0.11438089609146118,-0.0322420597076416,-0.18497883481904864,-0.14341548085212708,0.0010034441947937012,-0.23725835187360644,0.11168009042739868,-0.22103559970855713,-0.06102765304967761,-0.13133224844932556,-0.1938818097114563,-0.1266896049492061,0.07308816909790039,-0.4487682580947876,-0.15316878957673907,-0.09425234794616699,-0.4281837046146393,-0.18286193115636706,0.0006132053606438012,-0.09338422255082712,-0.06793394233241334,-0.14866211197593232,0.018285982536547403,-0.26694888418371454,0.4354050906077539,0.4197749899931279,8.12939541440607,0.006566406802854163,4.91340684582481
idle,shahzaib,swipe_left,0.11505568027496338,-0.02962195873260498,-0.19930877489969134,-0.1516769528388977,0.0005411505699157715,-0.26003345055505633,0.11133885383605957,-0.22149789333343506,-0.06753554148599505,-0.13400673866271973,-0.19434410333633423,-0.14043935341760516,0.07045984268188477,-0.45021525025367737,-0.15316878957673907,-0.09531423449516296,-0.42839542031288147,-0.1949455658905208,0.02044800556067187,0.07939699924353097,-0.4342406085043078,-0.25034763596273685,-0.014008897723573097,-0.6901545054984554,0.4374925948972074,0.4254602259304156,17.869340726271055,0.2575380457378199,13.225663861051936
idle,shahzaib,swipe_left,0.11494427919387817,-0.028547465801239014,-0.2013109396211803,-0.16032052040100098,0.0005411505699157715,-0.26114924950525165,0.10983562469482422,-0.22149789333343506,-0.06753554148599505,-0.13672828674316406,-0.19434410333633423,-0.1409907559864223,0.06829476356506348,-0.45154082775115967,-0.15316878957673907,-0.09760001301765442,-0.42839542031288147,-0.19612719817087054,-0.0033757903359153594,0.03256039185957527,-0.06067165822693892,-0.26192628976070936,0.0,-0.03381208939985849,0.43834724938893854,0.42827237614980623,261926.28976070936,0.10367463253640512,19.896787896633885
idle,shahzaib,swipe_left,0.11470833420753479,-0.028397947549819946,-0.20140155963599682,-0.16790124773979187,0.0005411505699157715,-0.2679485213011503,0.10929092764854431,-0.222303569316864,-0.06762616150081158,-0.14031469821929932,-0.19434410333633423,-0.14108137600123882,0.0671248733997345,-0.4526256024837494,-0.15265209786593914,-0.09791439771652222,-0.42839542031288147,-0.19621781818568707,-0.007149848071011744,0.004530856103608175,-0.002746061055046183,-0.22971901026639438,0.0,-0.20603853926966012,0.4404884048261785,0.4296624244404657,229719.01026639438,1.5776864727278466,5.309455751195574
idle,shahzaib,swipe_left,0.11467145383358002,-0.028054267168045044,-0.20142520708031952,-0.1717708706855774,-0.001100391149520874,-0.26940640551038086,0.10890601575374603,-0.22310489416122437,-0.06764980894513428,-0.14138972759246826,-0.19442057609558105,-0.14110502344556153,0.06626172363758087,-0.45356079936027527,-0.15240569156594574,-0.09851919114589691,-0.42820054292678833,-0.19624146563000977,-0.001117587089538532,0.010414557023481494,-0.0007165892219001325,-0.11726130138743564,-0.04974368846777525,-0.04417830937062082,0.4394695172947121,0.43104782080086057,2.357262755065756,0.10729979078593421,6.159787306535373
idle,shahzaib,swipe_left,0.11465036869049072,-0.02751791477203369,-0.19944668980315328,-0.17562469840049744,-0.0024011731147766113,-0.26943005295470357,0.10853689908981323,-0.2235654592514038,-0.0664217215962708,-0.14244896173477173,-0.19415628910064697,-0.1405772683210671,0.06541436910629272,-0.45415523648262024,-0.15215928526595235,-0.09910818934440613,-0.42770054936408997,-0.19508348079398274,-0.0006389437299786294,0.016253102909435185,0.059955069005038754,-0.11678265802788199,-0.03941763531078055,-0.0007165892219001711,0.43847662239649127,0.43206444722900145,2.962625598455035,0.03930968897752796,1.3537614135048588
idle,shahzaib,swipe_left,0.11444401741027832,-0.025719106197357178,-0.19945126539096236,-0.18019020557403564,-0.01459270715713501,-0.26943462854251266,0.1080697774887085,-0.2228730320930481,-0.06403965270146728,-0.14491331577301025,-0.1968165636062622,-0.12627480691298842,0.06486678123474121,-0.45420438051223755,-0.13350088661536574,-0.09991514682769775,-0.4270399212837219,-0.17404912179335952,-0.0062530690973456255,0.05450935074777401,-0.00013865417603290664,-0.13834870222843276,-0.36944042552601797,-0.00013865417603290664,0.43087722659163985,0.4363564885642792,0.37448075031501726,0.11471342619458336,10.022035883197884
idle,shahzaib,swipe_left,0.11392015218734741,-0.02431553602218628,-0.20508926874026656,-0.18475934863090515,-0.02770984172821045,-0.269434807356447,0.10753172636032104,-0.22232967615127563,-0.0640398315154016,-0.14715486764907837,-0.2068694829940796,-0.1245135641656816,0.0648961067199707,-0.45362502336502075,-0.13350106542930007,-0.10117647051811218,-0.4265546500682831,-0.17404930060729384,-0.01587470372517929,0.042532429550633966,-0.1708485863425542,-0.1384588805111994,-0.3974889263962318,-5.418604070490143e-06,0.41852320551104455,0.4379895704350128,0.348333055296548,0.3732288671027863,0.8499707184704386
idle,shahzaib,swipe_left,0.11370423436164856,-0.02217245101928711,-0.20612317509949207,-0.1944054365158081,-0.02900385856628418,-0.2536045331507921,0.107298344373703,-0.2222381830215454,-0.0640257690101862,-0.15127035975456238,-0.20781821012496948,-0.12447007186710835,0.06493303179740906,-0.4535335302352905,-0.13348700292408466,-0.10160127282142639,-0.4265133738517761,-0.17246523685753345,-0.006542964415116496,0.06494196978482086,-0.03133049573410522,-0.2923056934818966,-0.039212631456778224,0.47970527895922,0.41618507054492665,0.44014432220608357,7.4541857671121265,0.10074938729774234,18.732888702247017
idle,shahzaib,swipe_left,0.11363840103149414,-0.022094786167144775,-0.20527292974293232,-0.20418015122413635,-0.03300154209136963,-0.2533793170005083,0.10717576742172241,-0.2222381830215454,-0.0640257690101862,-0.1540248990058899,-0.21246671676635742,-0.12400090135633945,0.06493908166885376,-0.4535335302352905,-0.13348700292408466,-0.101702481508255,-0.4265133738517761,-0.17057016678154469,-0.001994949398618788,0.002353480367949552,0.025765010804841424,-0.2962034760099516,-0.1211419250025913,0.006824731826782335,0.4149826380534668,0.44007298585430615,2.445074493649676,0.8472992282182972,14.54367456614664
idle,shahzaib,swipe_left,0.11329695582389832,-0.021813929080963135,-0.20612317509949207,-0.21386966109275818,-0.04005509614944458,-0.25001692958176136,0.10679617524147034,-0.22220218181610107,-0.07256201840937138,-0.15721678733825684,-0.2156713604927063,-0.12342770583927631,0.06501123309135437,-0.4531297981739044,-0.13671761937439442,-0.10169273614883423,-0.42658308148384094,-0.16807240433990955,-0.010346824472600928,0.008510820793383184,-0.025765010804841424,-0.29362151117036306,-0.213744062365911,0.10189052784081824,0.410734039438728,0.43952476735300483,1.3736996210359762,1.2155829785143288,4.022358079100139
idle,shahzaib,swipe_left,0.11332571506500244,-0.02208581566810608,-0.21164649911224842,-0.22542715072631836,-0.04735925793647766,-0.25001692958176136,0.10676103830337524,-0.22212263941764832,-0.07397311367094517,-0.15894559025764465,-0.2195352017879486,-0.12152877636253834,0.06528699398040771,-0.4528406858444214,-0.1369848418980837,-0.1016639769077301,-0.42686358094215393,-0.15971246547996998,0.0008714921546704511,-0.00823898748917982,-0.1673734549320042,-0.35022695859271946,-0.22133823597069105,0.0,0.4092624471049824,0.4398088675345498,1.5823085186717427,0.10576377158519164,3.5395609931394696
idle,shahzaib,swipe_left,0.11323580145835876,-0.025068551301956177,-0.22953279130160809,-0.2407601773738861,-0.05137231945991516,-0.2533752452582121,0.10667112469673157,-0.22369179129600525,-0.08287307433784008,-0.1650468409061432,-0.2227669656276703,-0.12152470462024212,0.06542739272117615,-0.4556036591529846,-0.13782249204814434,-0.10164663195610046,-0.4299033582210541,-0.15957037918269634,-0.002724654746778127,-0.09038592829848925,-0.5420088542230288,-0.46463717113842407,-0.12160792495265345,-0.10176714171062978,0.41405033356312926,0.4427831320493567,3.8207489402551937,0.030144344963027887,5.53744933064811
idle,shahzaib,swipe_left,0.11314138770103455,-0.02503979206085205,-0.23060858715325594,-0.24907541275024414,-0.06137281656265259,-0.25363576877862215,0.10657671093940735,-0.22315579652786255,-0.08726110029965639,-0.16933807730674744,-0.22609364986419678,-0.12045322079211473,0.0653853714466095,-0.4554659426212311,-0.1401173071935773,-0.10157710313796997,-0.4300098717212677,-0.1514644669368863,-0.0028610229492187955,0.0008714921546704981,-0.03259987429235973,-0.25197682958661105,-0.30304536674962385,-0.007894652133638335,0.40998537131772056,0.44242059165850306,0.8314794606819811,3.2791388826863184,8.9358498600804
idle,shahzaib,swipe_left,0.11305999755859375,-0.02515864372253418,-0.23458791663870215,-0.2554742693901062,-0.07526528835296631,-0.2660026936791837,0.1064298152923584,-0.22326719760894775,-0.08955016126856208,-0.1730460226535797,-0.23440033197402954,-0.11910551181063056,0.06560331583023071,-0.45556193590164185,-0.1401044367812574,-0.10137906670570374,-0.43133455514907837,-0.1509790956042707,-0.00246636795275143,-0.003601565505519115,-0.12058574198322054,-0.19390474666248977,-0.420983993645877,-0.3747553000170233,0.40467404458547507,0.4432000208994282,0.46059776379012224,0.6846143252559779,11.809189333060862
idle,shahzaib,swipe_left,0.11291328072547913,-0.025256097316741943,-0.2420085109770298,-0.26195377111434937,-0.0957534909248352,-0.2701098658144474,0.10642871260643005,-0.2231186032295227,-0.09429453685879707,-0.17527860403060913,-0.24357908964157104,-0.11834894493222237,0.06664177775382996,-0.4556468427181244,-0.14181970432400703,-0.1011309027671814,-0.4335913062095642,-0.14568157866597176,-0.004445964639836923,-0.002953139218416969,-0.22486649510082923,-0.19634853709827027,-0.620854623389943,-0.1244597616746523,0.39431051604347644,0.4443141261460969,0.3162547453886053,1.5049949616861242,9.706533979320879
idle,shahzaib,swipe_left,0.11329951882362366,-0.0252973735332489,-0.2481653280556202,-0.2709704637527466,-0.11450591683387756,-0.27131833508610725,0.1071767508983612,-0.2219679057598114,-0.10023516789078712,-0.17877325415611267,-0.25265297293663025,-0.11659732088446617,0.06742462515830994,-0.45566534996032715,-0.14932020381093025,-0.10054123401641846,-0.43617796897888184,-0.14014289155602455,0.01170418479225871,-0.001250794439604808,-0.18657021450274217,-0.27323311025446545,-0.5682553305770502,-0.03662028095939001,0.3869444772380275,0.4439498390468119,0.4808272174935631,9.349925532464999,3.8799356216382166
idle,shahzaib,swipe_left,0.11422422528266907,-0.027267396450042725,-0.29368115577381104,-0.28446364402770996,-0.13016915321350098,-0.27153722557704896,0.10807892680168152,-0.22238224744796753,-0.11866082611959428,-0.1831749975681305,-0.26082926988601685,-0.10422010335605592,0.06917896866798401,-0.4574870467185974,-0.15311982843559235,-0.09990018606185913,-0.43976035714149475,-0.13424709055107087,0.02802140784986136,-0.05969766414526832,-1.3792675066118658,-0.40888425075647256,-0.4746435266552625,-0.0066330451800517215,0.3856928372958828,0.4548356949094499,0.8614536306524144,0.4693808186674864,5.076425651436001
idle,shahzaib,swipe_left,0.11596667766571045,-0.02645203471183777,-0.29821025556884706,-0.295077919960022,-0.15036150813102722,-0.2721384090837091,0.11007696390151978,-0.2221302092075348,-0.120466343825683,-0.18808692693710327,-0.27190962433815,-0.10421677655540407,0.07026875019073486,-0.45886531472206116,-0.1531165016349405,-0.09875091910362244,-0.44262948632240295,-0.1322982085403055,0.05280158736488836,0.024707931460755308,-0.1372454483344196,-0.3216447252215639,-0.6118895429553176,-0.01821768202000426,0.378840525854036,0.45839038246383507,0.5256572910378376,2.1369433740488555,4.940547143359723
idle,shahzaib,swipe_left,0.11785551905632019,-0.026665955781936646,-0.29823985206894577,-0.2951783239841461,-0.17394503951072693,-0.2857775043230504,0.11072251200675964,-0.22389701008796692,-0.1204959403257817,-0.19207045435905457,-0.28187301754951477,-0.10424637305550277,0.07053694128990173,-0.4615827798843384,-0.1531460981350392,-0.0988251268863678,-0.4455976188182831,-0.12695425259880722,0.057237617897265794,-0.006482456669663041,-0.0008968636393547201,-0.0030425461855802154,-0.7146524660515177,-0.4133059163436811,0.37091040312079326,0.46091635805185854,0.004257372740931876,8.828256409129445,15.692238661986956
idle,shahzaib,swipe_left,0.1192343533039093,-0.02799534797668457,-0.29823985206894577,-0.2954326570034027,-0.19807004928588867,-0.29968171822838485,0.11111494898796082,-0.22569406032562256,-0.1204959403257817,-0.19232478737831116,-0.2921956181526184,-0.10424637305550277,0.07076820731163025,-0.46364626288414,-0.1531460981350392,-0.09905824065208435,-0.4484331011772156,-0.11993871885351837,0.041782855987549494,-0.04028461196205897,0.0,-0.007707061189593814,-0.7310609022776402,-0.42133981531317255,0.36544782797813075,0.46172814988657657,0.010542282624196785,1.0371657262374623,0.5713853223960099
idle,shahzaib,swipe_left,0.1193060576915741,-0.027706444263458252,-0.29823985206894577,-0.29600074887275696,-0.22161918878555298,-0.4950909267645329,0.11082807183265686,-0.225691020488739,-0.1204959403257817,-0.1928928792476654,-0.3031003475189209,-0.1808272849302739,0.07069185376167297,-0.4634913504123688,-0.14485148596577346,-0.09938424825668335,-0.4497040808200836,-0.10414719092659652,0.0021728602322664305,0.00875465797655477,0.0,-0.01721490513194626,-0.7136102878685883,-5.921491167761839,0.4934751978365642,0.4645425880441465,0.024123644657252658,0.24816641285951888,166.67234101326844
idle,shahzaib,swipe_left,0.11948385834693909,-0.026574790477752686,-0.2245555322151631,-0.2940759062767029,-0.24875307083129883,-0.5540914188604802,0.1108756959438324,-0.225691020488739,-0.08153162407688797,-0.19306537508964539,-0.3200465440750122,-0.21025870251469314,0.07130542397499084,-0.46328696608543396,-0.12202586489729583,-0.09762594103813171,-0.4534999430179596,-0.10275899874977767,0.005387898647424032,0.03429253896077528,2.2328581773873886,0.058328563516791145,-0.8222388498710994,-1.7878936998772184,0.5331180206628174,0.45116628701936373,0.07093862396226013,0.1571111880166895,125.32468394719962
idle,shahzaib,swipe_left,0.1194898784160614,-0.026574790477752686,-0.20253374916501343,-0.29248467087745667,-0.26967668533325195,-0.6512627874035388,0.11098864674568176,-0.225691020488739,-0.0560785096604377,-0.1924525499343872,-0.33104604482650757,-0.25260483962483704,0.07238635420799255,-0.46290355920791626,-0.10646634292788804,-0.09611862897872925,-0.45689913630485535,-0.10268556815572083,0.0001824263370398348,0.0,0.6673267590954555,0.04821925452261337,-0.63404892430162,-2.944586925547278,0.6120039493634464,0.4492554762666,0.07604961797878125,182.4263370398348,35.51350788064002
idle,shahzaib,swipe_left,0.11947000026702881,-0.02518361806869507,-0.18491057370556518,-0.28594622015953064,-0.28773266077041626,-0.7178077778662555,0.11104214191436768,-0.22430288791656494,-0.05140221555484459,-0.19175216555595398,-0.34193307161331177,-0.28182969306362793,0.07372152805328369,-0.4612368047237396,-0.1048968291725032,-0.09400519728660583,-0.459441602230072,-0.10268507216824219,-0.000602368152502821,0.042156739668413316,0.5340356199832887,0.19813487024018575,-0.5471507708231695,-2.016514862506598,0.6668592504449082,0.44568767496545497,0.3621204952733666,0.014288435699842448,28.609394629647277
idle,shahzaib,swipe_left,0.1194276213645935,-0.024206340312957764,-0.18363915593363345,-0.27334123849868774,-0.30548691749572754,-0.7666002830956131,0.11103594303131104,-0.22332769632339478,-0.04338796273805201,-0.1890023648738861,-0.3463967442512512,-0.3006736955139786,0.07449078559875488,-0.4600256681442261,-0.09835519106127322,-0.09301713109016418,-0.4600525200366974,-0.10268110246397555,-0.0012842091647060948,0.029614477446583867,0.038527811270657256,0.381969141237649,-0.5380077795548669,-1.4785607645259327,0.7051212573821036,0.4463531789785914,0.7099682305438945,0.043362770936999626,17.229431250307176
idle,shahzaib,swipe_left,0.11938595771789551,-0.023029983043670654,-0.1745836022309959,-0.2522481679916382,-0.31856203079223633,-0.796661991160363,0.11108070611953735,-0.22200429439544678,-0.021874051075428724,-0.17704781889915466,-0.35138005018234253,-0.315427232068032,0.07484722137451172,-0.4579164683818817,-0.08380306838080287,-0.09161821007728577,-0.46174129843711853,-0.1027992176823318,-0.0012625347484242033,0.035647189978397824,0.2744107182617484,0.6391839547590877,-0.3962155544396666,-0.9109608504469793,0.7264625485746096,0.4464874684590975,1.6132186997159372,0.035416517618125275,19.36631929676276
swipe_left,shahzaib,swipe_left,0.11925780773162842,-0.022543132305145264,-0.15950429486110806,-0.23132789134979248,-0.32921868562698364,-0.8748912517912686,0.11096817255020142,-0.2216690182685852,-0.021611052099615335,-0.16867172718048096,-0.35232895612716675,-0.3634398584254086,0.0752936601638794,-0.4567403197288513,-0.08360599773004651,-0.09080448746681213,-0.4637773931026459,-0.11274443613365293,-0.0038833329171846028,0.01475305268258783,0.4569487081784263,0.6339477770256374,-0.3229289343862874,-2.3705836554820263,0.7865879743635951,0.4429679394103039,1.9631124572902303,0.2632044903680983,44.28699580511413
swipe_left,shahzaib,swipe_left,0.11903613805770874,-0.021976441144943237,-0.14525884250178933,-0.2118912935256958,-0.33574727177619934,-0.8848852054215968,0.11082518100738525,-0.22203609347343445,-0.004318032879382372,-0.158555805683136,-0.3515683114528656,-0.3966247574426234,0.07588255405426025,-0.4557727873325348,-0.07787771383300424,-0.08948570489883423,-0.4645147919654846,-0.12887909868732095,-0.006717262846050586,0.017172459400060753,0.43168037452479374,0.5889878128513922,-0.19783594391561973,-0.302847079706903,0.7766012077007759,0.4411141782789654,2.9771376427175498,0.3911420925493219,62.788026510892614
swipe_left,shahzaib,swipe_left,0.11726334691047668,-0.02379506826400757,-0.11211613845080137,-0.1905401349067688,-0.3463960289955139,-0.8916905773803592,0.11051568388938904,-0.22266829013824463,0.018955263309180737,-0.15247157216072083,-0.3499562740325928,-0.40629913937300444,0.07603111863136292,-0.45414814352989197,-0.05777545180171728,-0.0873633623123169,-0.46515294909477234,-0.1415999485179782,-0.05372094385551769,-0.05510991269892,1.0043243651814693,0.6470048066341619,-0.3226896127065074,-0.20622339268977322,0.7664102060787232,0.43572557449059474,2.005031386588936,0.9747787003456839,5.096907277292257
swipe_left,shahzaib,swipe_left,0.1160513162612915,-0.02427464723587036,-0.09273041971027851,-0.1647118330001831,-0.348693311214447,-0.8916945848613977,0.11007028818130493,-0.2213795781135559,0.0404228363186121,-0.14697495102882385,-0.34573042392730713,-0.4234097097069025,0.07613980770111084,-0.4499222934246063,-0.04443099908530712,-0.0857158899307251,-0.4628199338912964,-0.14161218143999577,-0.036728201490460605,-0.014532696117054563,0.587446022440096,0.7826758153510941,-0.0696146126949437,-0.00012143881935062024,0.7628163979277608,0.4302344491719237,11.242820181455375,2.527106745225112,10.710807155540168
swipe_left,shahzaib,swipe_left,0.11508849263191223,-0.021553993225097656,-0.08260470069944859,-0.15227213501930237,-0.3446449637413025,-0.8917137775570154,0.10894784331321716,-0.21612519025802612,0.0466753076761961,-0.14277464151382446,-0.3292887806892395,-0.42834613658487797,0.0756317675113678,-0.4430689513683319,-0.038153765723109245,-0.08530396223068237,-0.45845240354537964,-0.1434538159519434,-0.029176473617554176,0.08244406093250753,0.3068399700251542,0.3769605448751799,0.12267719615589684,-0.0005815968368992753,0.7598222421478783,0.4256848349612674,3.072759110316119,0.35388989088672124,13.605393524643235
swipe_left,shahzaib,swipe_left,0.11456272006034851,-0.019823342561721802,-0.08262302540242672,-0.13933229446411133,-0.3444763720035553,-0.8917321022599936,0.1084069311618805,-0.21354541182518005,0.052977992221713066,-0.1374768614768982,-0.3248846232891083,-0.42947027646005154,0.07530537247657776,-0.4386647939682007,-0.02903570607304573,-0.08330407738685608,-0.4556366801261902,-0.1440515425056219,-0.01593250216859699,0.05244395949623603,-0.0005552940296404079,0.3921163804603197,0.005108840537793515,-0.0005552940296404079,0.7579722914760049,0.4240765279386586,76.73749847184855,0.30379472730340207,3.5921578556021174
swipe_left,shahzaib,swipe_left,0.11351698637008667,-0.01748594641685486,-0.08264528028666973,-0.11876294016838074,-0.3522636592388153,-0.8917543571442366,0.10677486658096313,-0.2119235098361969,0.052955737337470055,-0.12620258331298828,-0.32134100794792175,-0.42949253134429455,0.07435327768325806,-0.4358537793159485,-0.029057960957288742,-0.08138507604598999,-0.45563116669654846,-0.14783900789916515,-0.03168889970490477,0.07083018620809033,-0.0006743904316064191,0.6233137665373005,-0.2359784010684889,-0.0006743904316064191,0.7519920166908642,0.4236000949901921,2.641390577800452,0.44738626304814405,10.122087767334131
swipe_left,shahzaib,swipe_left,0.11234274506568909,-0.016039103269577026,-0.08259611949324608,-0.09566298127174377,-0.35608938336372375,-0.8917051963508129,0.10501787066459656,-0.20971956849098206,0.05300489813089371,-0.11589264869689941,-0.3189832270145416,-0.45063645765185356,0.07317903637886047,-0.4346846342086792,-0.02900880016386509,-0.08172774314880371,-0.45998120307922363,-0.15655094012618065,-0.03558306983023035,0.04384373173569258,0.0014897210128379827,0.6999987544435555,-0.11593103408813661,0.0014897210128379827,0.7425897127691261,0.4238743651676739,6.0380097696844155,0.8115700204242172,4.317160013868681
swipe_left,shahzaib,swipe_left,0.11192375421524048,-0.015623390674591064,-0.09083092585206032,-0.06304490566253662,-0.3589467406272888,-0.9050242118537426,0.10457909107208252,-0.20935195684432983,0.050995949655771255,-0.10085684061050415,-0.3194319009780884,-0.4861568622291088,0.0726327896118164,-0.43525466322898865,-0.02900880016386509,-0.08079826831817627,-0.46651026606559753,-0.18708665296435356,-0.012696692437836136,0.01259735136321049,-0.24953958663072506,0.9884265336123005,-0.08658658374439258,-0.4036065303917934,0.7261676337832438,0.42597671301339657,11.415337983447436,1.007805868545056,15.095491985885038
swipe_left,shahzaib,swipe_left,0.11090373992919922,-0.013745307922363281,-0.09540710039436817,-0.03516966104507446,-0.3646931052207947,-0.9050362426787615,0.10354572534561157,-0.20747387409210205,0.05098391883075237,-0.09211128950119019,-0.3224884867668152,-0.5219076592475176,0.07103639841079712,-0.43525779247283936,-0.03252032585442066,-0.08089202642440796,-0.46982166171073914,-0.2362328339368105,-0.030909523819432606,0.05691159855235797,-0.13867195582751293,0.8447043823473516,-0.17413226040927124,-0.00036457045511766495,0.6785576966112712,0.42803846318257244,4.850907749398447,0.5431051226908349,13.240877120653877
swipe_left,shahzaib,swipe_left,0.10898372530937195,-0.010755598545074463,-0.10157107934355736,-0.01109650731086731,-0.3695472776889801,-0.9050191901624203,0.10125598311424255,-0.20448416471481323,0.03367132321000099,-0.09167724847793579,-0.3199845552444458,-0.5265288017690182,0.06682905554771423,-0.4394289255142212,-0.03250327333807945,-0.08259931206703186,-0.4729572534561157,-0.23792469128966331,-0.058182261206887916,0.09059725385723837,-0.18678724088452375,0.7294895070971981,-0.14709613539956068,0.0005167429194305965,0.6788382315415452,0.43624327990689066,4.95923666436931,0.6422006907392447,3.586296263365036
swipe_left,shahzaib,swipe_left,0.10903117060661316,-0.0069329142570495605,-0.10157107934355736,0.02138015627861023,-0.3721272647380829,-0.9050191901624203,0.10076013207435608,-0.2044360637664795,0.03367132321000099,-0.07903233170509338,-0.32543814182281494,-0.5531988404691219,0.06656906008720398,-0.44080299139022827,-0.03250327333807945,-0.08158770203590393,-0.47763943672180176,-0.2544584535062313,0.0014377362800366406,0.11583891781893205,0.0,0.9841413208932215,-0.0781814257303844,0.0,0.6670565720845893,0.4413803761923759,12.587756285371304,0.012411406250166273,7.994319063147759
swipe_left,shahzaib,swipe_left,0.10938438773155212,0.0070067644119262695,-0.10740644112229347,0.04561176896095276,-0.37747666239738464,-0.8925347067415714,0.09967592358589172,-0.2038324475288391,0.021859804168343544,-0.06514975428581238,-0.33126819133758545,-0.5591485239565372,0.0650726854801178,-0.4408269226551056,-0.03252217546105385,-0.08041313290596008,-0.47902992367744446,-0.2580653764307499,0.010703549240574864,0.42241450512048645,-0.1768291448101881,0.7342912934043307,-0.16210295937278313,0.37831767941966804,0.6547875013103438,0.4562084956158698,4.529755449808072,0.025338911831661738,13.972034465799222
swipe_left,shahzaib,swipe_left,0.10827738046646118,0.0070067644119262695,-0.12822058238089085,0.07001739740371704,-0.3840521275997162,-0.8850621227174997,0.0985640287399292,-0.20019817352294922,0.021839939057826996,-0.053969740867614746,-0.3409000635147095,-0.5711665395647287,0.06394171714782715,-0.44155406951904297,-0.0298377126455307,-0.0789002776145935,-0.48323899507522583,-0.2622007969766855,-0.03354567469972606,0.0,-0.6307315532908395,0.7395644982655961,-0.1992565212827772,0.22644194012338825,0.6480514946484331,0.46135849600512907,3.711601416621257,33545.67469972606,4.740699080049885
swipe_left,shahzaib,swipe_left,0.10672736167907715,0.0018393099308013916,-0.14928102679550648,0.0913381576538086,-0.38921958208084106,-0.8135000485926867,0.09249234199523926,-0.2053656280040741,0.01601429097354412,-0.04255324602127075,-0.34606751799583435,-0.5711348075419664,0.05980801582336426,-0.4491965174674988,-0.004575931467115879,-0.07969069480895996,-0.4886113703250885,-0.2770508248358965,-0.04697026628436539,-0.1565895297310594,-0.6381952852913929,0.6460836439421785,-0.1565895297310594,2.168547700751946,0.5717581355909013,0.47599822187314506,4.125943280553506,0.29995598306638166,58.934010253144805
swipe_left,shahzaib,swipe_left,0.10540163516998291,-0.002852499485015869,-0.148949908092618,0.10827481746673584,-0.3939113914966583,-0.7815268207341433,0.08764040470123291,-0.21005743741989136,0.022014766931533813,-0.038955748081207275,-0.3507593274116516,-0.5711196232587099,0.05468177795410156,-0.4560104012489319,-0.0037554334849119186,-0.08043360710144043,-0.49330607056617737,-0.28659109957516193,-0.04017353057861176,-0.14217604290354796,0.010033900087529583,0.5132321155432304,-0.14217604290354796,0.9688856926830965,0.5389355618341554,0.47854573794328387,3.609810030240986,0.2825598968594757,36.57823308642237
swipe_left,shahzaib,swipe_left,0.10326918959617615,-0.012248307466506958,-0.14894045889377594,0.1211911141872406,-0.3981247544288635,-0.7734442204236984,0.08558431267738342,-0.21427080035209656,0.022024216130375862,-0.03577122092247009,-0.3549726903438568,-0.5711101740598679,0.052074044942855835,-0.46040940284729004,0.00544047961011529,-0.08017215132713318,-0.49751943349838257,-0.29501084983348846,-0.06461956284263021,-0.284721453984583,0.0002863393588499635,0.39140293092439293,-0.12767766461228083,0.24492728213469578,0.5285120216421326,0.4767628177850282,3.0655312076842134,0.2269563286572727,22.250934161872582
swipe_left,shahzaib,swipe_left,0.10146144032478333,-0.015073567628860474,-0.14895113557577133,0.1416933238506317,-0.39779090881347656,-0.7314757034182549,0.0835142433643341,-0.2204611599445343,0.022500140592455864,-0.02326759696006775,-0.35435357689857483,-0.5709929391741753,0.048529595136642456,-0.46130210161209106,0.007258939556777477,-0.08007195591926575,-0.4976966977119446,-0.3112598583102226,-0.05478028095129852,-0.08561394431374426,-0.0003235358180421823,0.6212790807088315,0.010116533799605098,1.2717732425892194,0.48553307039449317,0.47573445570902373,61.40617792975211,0.6398448470695824,32.158967403232175
swipe_left,shahzaib,swipe_left,0.10010120272636414,-0.015902936458587646,-0.14895731583237648,0.1529654562473297,-0.3894980847835541,-0.6398123241961002,0.07974401116371155,-0.22311192750930786,0.022493960335850716,-0.006490737199783325,-0.35327309370040894,-0.5639329291880131,0.04716935753822327,-0.46221011877059937,0.015794934704899788,-0.07923349738121033,-0.49797120690345764,-0.3118687607347965,-0.041219321164216303,-0.025132388779610347,-0.00018728050318630548,0.34157976959689607,0.2512976978764294,2.7776781582470043,0.4162087854722994,0.4786806715080587,1.3592580163899632,1.6400224229872173,46.98582004354514
swipe_left,shahzaib,swipe_left,0.09954649209976196,-0.0164564847946167,-0.13048208504915237,0.15241074562072754,-0.37166690826416016,-0.6333496049046516,0.07839977741241455,-0.22908252477645874,0.03535572066903114,-0.005334317684173584,-0.3501666188240051,-0.5458050444722176,0.046614646911621094,-0.4626912474632263,0.01586303487420082,-0.07818585634231567,-0.49814754724502563,-0.3118639662861824,-0.01680941292733884,-0.016774192000880653,0.5598554782795273,-0.01680941292733884,0.540338682405885,0.19583997852874838,0.41536148197905304,0.47259299378462255,0.031108973622840777,1.0020399722671662,79.47183249948218
swipe_left,shahzaib,swipe_left,0.099395751953125,-0.017005056142807007,-0.08056005090475082,0.15224987268447876,-0.3502630889415741,-0.6259127482771873,0.07807552814483643,-0.22934183478355408,0.06405024975538254,-0.004125416278839111,-0.3384051024913788,-0.5311941727995872,0.046453773975372314,-0.46281901001930237,0.017010029405355453,-0.07693988084793091,-0.4978638291358948,-0.31188466399908066,-0.0045678832314231905,-0.016623374187585343,1.5127889134667378,-0.004874937462084299,0.6486005855329212,0.22535929174134584,0.4158455955586589,0.4594266590816333,0.007516073920909126,0.2747702367547988,3.419608184272223
swipe_left,shahzaib,swipe_left,0.09992849826812744,-0.020179003477096558,-0.0561523474752903,0.15150940418243408,-0.32952120900154114,-0.6182828061282635,0.07708841562271118,-0.22934183478355408,0.08208136633038521,-0.004865884780883789,-0.3283073604106903,-0.4969848804175854,0.04804879426956177,-0.46281901001930237,0.027595149353146553,-0.0771719217300415,-0.497401624917984,-0.31187285110354424,0.016143827727346096,-0.09618022225119487,0.7396273766502909,-0.022438439455898476,0.6285418163646113,0.23121036814919954,0.41757160273133537,0.45347031027807305,0.03569914232045278,0.16784802011751873,0.8271483522693125
swipe_left,shahzaib,swipe_left,0.09864890575408936,-0.0243513286113739,-0.04743308946490288,0.1479899287223816,-0.2993921935558319,-0.5220473259687424,0.07484579086303711,-0.23233625292778015,0.0873279795050621,-0.007583022117614746,-0.31396642327308655,-0.4544510096311569,0.04917597770690918,-0.4656983017921448,0.027434421703219414,-0.07742524147033691,-0.49559441208839417,-0.3098081201314926,-0.03877553072842747,-0.12643409497810335,0.26421993970871394,-0.10665077151674383,0.9130004680518093,2.916226671500686,0.36654166203112304,0.45037747010024654,0.11681336257248144,0.3066832886481622,81.85925450925039
swipe_left,shahzaib,swipe_left,0.09665605425834656,-0.039786964654922485,-0.04743308946490288,0.13697651028633118,-0.2718202769756317,-0.4301953762769699,0.07280471920967102,-0.23338845372200012,0.0873279795050621,-0.011335223913192749,-0.2984425127506256,-0.391937717795372,0.04763099551200867,-0.4663960337638855,0.027434421703219414,-0.07759794592857361,-0.49167782068252563,-0.2961190789937973,-0.06038943926493423,-0.46774654677420696,0.0,-0.33373995260759365,0.8355126236424435,2.78339241490224,0.33519545086101116,0.4358943661709873,0.39944286144927904,0.12910690752181683,8.310923141145212
swipe_left,shahzaib,swipe_left,0.09915328025817871,-0.08886468410491943,-0.04743308946490288,0.1299295425415039,-0.22548365592956543,-0.4291932135820389,0.0721314549446106,-0.23377829790115356,0.0873279795050621,-0.013626158237457275,-0.2685388922691345,-0.3868342787027359,0.048994481563568115,-0.4643048644065857,0.027434421703219414,-0.07787752151489258,-0.4870455861091614,-0.2961190789937973,0.0756735151464301,-1.487203619696901,0.0,-0.2135444771159813,1.4041400316990007,0.030368566513062006,0.35959302619409145,0.3861041029307291,0.15208192930420528,0.05088305546136127,85.26372629866624
swipe_left,shahzaib,swipe_left,0.09829527139663696,-0.09235835075378418,-0.04743308946490288,0.12001359462738037,-0.192008376121521,-0.4291932135820389,0.07037848234176636,-0.2372719645500183,0.0873279795050621,-0.021619141101837158,-0.24494177103042603,-0.3840540796518326,0.05220240354537964,-0.4636802673339844,0.013337450101971626,-0.07960003614425659,-0.481140673160553,-0.2961190789937973,-0.026000268531567138,-0.10586868632923072,0.0,-0.30048327012494425,1.0144024184255505,0.0,0.37570175948125645,0.37907463206972275,0.2962167365241361,0.24558747109831042,12.135446595020474
swipe_left,shahzaib,swipe_left,0.09815660119056702,-0.0975365936756134,-0.15949688106775284,0.09745815396308899,-0.14678898453712463,-0.42924339324235916,0.08217170834541321,-0.24245020747184753,0.011902944184839725,-0.038901954889297485,-0.23544493317604065,-0.38410425931215286,0.05788871645927429,-0.4623245596885681,-0.03833785280585289,-0.08004072308540344,-0.482588529586792,-0.2961692586541176,-0.004202127456665106,-0.15691645217664565,-3.3958724728136893,-0.6834982019482346,1.3702845934665782,-0.0015205957672812965,0.40246231016760914,0.38648579898615826,0.49879981604353446,0.026779223077970146,15.843439509880433
swipe_left,shahzaib,swipe_left,0.09682974219322205,-0.10250094532966614,-0.16719051264226437,0.07749232649803162,-0.09684929251670837,-0.4301657732576132,0.08922013640403748,-0.24733564257621765,-0.013553108088672161,-0.04880610108375549,-0.2101697027683258,-0.3670195993036032,0.05915042757987976,-0.46447646617889404,-0.0851327758282423,-0.08127936720848083,-0.4745994210243225,-0.3388324733823538,-0.04020784840439369,-0.15043489860766102,-0.23314035074277728,-0.6050250746987179,1.5133240006186988,-0.02795090955315259,0.41981589057116175,0.37306766224753435,0.39979850623716856,0.26727562221871215,5.008428633698564
swipe_left,shahzaib,swipe_left,0.09708645939826965,-0.07592767477035522,-0.24303240701556206,0.047301143407821655,-0.06046324968338013,-0.47052035853266716,0.09214654564857483,-0.2395516037940979,-0.03097366914153099,-0.061281055212020874,-0.21210592985153198,-0.3542334847152233,0.06262913346290588,-0.46602997183799744,-0.12601296231150627,-0.08301731944084167,-0.4739917814731598,-0.3877835385501385,0.007779309243866597,0.8052506230093911,-2.298239223433176,-0.9148843360669339,1.1026073585856626,-1.222866220456135,0.4414001922793766,0.4087305468483025,0.8297455111264294,0.009660718490443665,39.42334010251025
swipe_left,shahzaib,swipe_left,0.09380978345870972,-0.049229830503463745,-0.25092132575809956,0.017684102058410645,0.004318326711654663,-0.4716929364949465,0.087516188621521,-0.23500075936317444,-0.04228374548256397,-0.07497036457061768,-0.19368687272071838,-0.351795332506299,0.058341920375823975,-0.4656502902507782,-0.12683110125362873,-0.08966952562332153,-0.4616982638835907,-0.38767861016094685,-0.09929321028969663,0.8090255838452093,-0.23905814371326134,-0.8974861014973177,1.963078072576843,-0.035532665523616315,0.48554574564689607,0.4359614116242412,0.4571828583141224,0.12273170285427154,44.437857259604336
swipe_left,shahzaib,swipe_left,0.09564930200576782,-0.041756659746170044,-0.25421359576284885,-0.02708911895751953,0.02024349570274353,-0.47661694325506687,0.0892145037651062,-0.2278062403202057,-0.05048632435500622,-0.09544181823730469,-0.19410058856010437,-0.35182311572134495,0.06273448467254639,-0.46435555815696716,-0.1734184566885233,-0.08967447280883789,-0.461006760597229,-0.38928850926458836,0.05574298627448893,0.22645971991799455,-0.09976575771967729,-1.356764273210027,0.48258087851785214,-0.1492123260642567,0.4930973444348624,0.4315102184608589,2.8114695839326593,0.24614858724583433,47.09885902482984
swipe_left,shahzaib,swipe_left,0.09933719038963318,-0.036980777978897095,-0.25456149503588676,-0.0557577908039093,0.031099051237106323,-0.47661782428622246,0.0930958092212677,-0.2270577847957611,-0.07555633410811424,-0.11269786953926086,-0.19005921483039856,-0.3517381362617016,0.06544247269630432,-0.46576544642448425,-0.19946278259158134,-0.08886966109275818,-0.4620788097381592,-0.38928939029574394,0.11175419345046712,0.1447236899173644,-0.010542402213270182,-0.8687476317087948,0.32895622831402926,-2.6697913805644142e-05,0.5019432775656959,0.43363695863535756,2.640913641452106,0.772184715090957,16.14947190382111
swipe_left,shahzaib,swipe_left,0.10150119662284851,-0.038642555475234985,-0.2624407559633255,-0.07726332545280457,0.03248903155326843,-0.4766608625650406,0.09630277752876282,-0.22973033785820007,-0.09075485914945602,-0.12085974216461182,-0.20020237565040588,-0.34852470457553864,0.07009240984916687,-0.4735032021999359,-0.20424699783325195,-0.08896884322166443,-0.46692395210266113,-0.3893324285745621,0.06557594646106818,-0.05035689382841902,-0.2387654826496496,-0.6516828681483167,0.04212061564127444,-0.0013041902672160262,0.5071258253861504,0.43985998617937644,15.471459444915991,1.30219795697772,10.900392671321656
swipe_left,shahzaib,swipe_left,0.10568702220916748,-0.03910139203071594,-0.2655286565423012,-0.09110301733016968,0.03518316149711609,-0.47671184688806534,0.10100716352462769,-0.23343518376350403,-0.09080584347248077,-0.12739622592926025,-0.20406857132911682,-0.3242860212922096,0.07373684644699097,-0.47668683528900146,-0.2042979821562767,-0.08681762218475342,-0.46742531657218933,-0.38127125054597855,0.12684319958542534,-0.013904138044877707,-0.09357274481744626,-0.419384602344404,0.08164030132871816,-0.001544979485598502,0.511607812947407,0.4430022904777712,5.136917167155458,9.122038139862344,7.140486348987846
swipe_left,shahzaib,swipe_left,0.10798275470733643,-0.04793572425842285,-0.3062486732378602,-0.11522349715232849,0.02595287561416626,-0.4128838563337922,0.10418510437011719,-0.24203717708587646,-0.13034428004175425,-0.13329440355300903,-0.21329885721206665,-0.25497800949960947,0.07598501443862915,-0.48543664813041687,-0.25212518218904734,-0.08665323257446289,-0.4709090292453766,-0.3093510055914521,0.06956765145966612,-0.26770703720324396,-1.2339398998654447,-0.7309236309745212,-0.27970563281666594,1.9341815319477014,0.5083375489785683,0.4419957760595263,2.613179471698857,0.25986388823601275,60.413820698992424
swipe_left,shahzaib,swipe_left,0.11375021934509277,-0.0404130220413208,-0.309660988394171,-0.1300840675830841,0.024884581565856934,-0.34680076176300645,0.1099776029586792,-0.24261552095413208,-0.14639228815212846,-0.13719412684440613,-0.2158992886543274,-0.22089846665039659,0.07956522703170776,-0.48542240262031555,-0.2520845108665526,-0.08616477251052856,-0.47193557024002075,-0.30856387550011277,0.17477165568957967,0.22796067324550806,-0.10340348958517175,-0.45032031608348644,-0.0323725469184632,2.0025180172964623,0.5002211782713393,0.45001890323324767,13.910132158755234,0.7666712267958996,11.522396083841464
swipe_left,shahzaib,swipe_left,0.1160266101360321,-0.03962981700897217,-0.32423361972905695,-0.1411525309085846,0.02451479434967041,-0.33954661921598017,0.11124339699745178,-0.24247628450393677,-0.1607557071838528,-0.13786637783050537,-0.2168121337890625,-0.2155936195049435,0.08108386397361755,-0.48529165983200073,-0.2688421888742596,-0.08661314845085144,-0.4723053574562073,-0.30342525080777705,0.06898153911937477,0.023733485828746827,-0.44159488893594506,-0.3354079795606262,-0.011205673217773616,0.2198225014250422,0.5011083323344039,0.45044831475978525,29.929308461379435,2.9063843900854778,54.13699067507488
idle,shahzaib,swipe_left,0.11878028512001038,-0.03803837299346924,-0.3242428728262894,-0.14826354384422302,0.011841952800750732,-0.33185325347585604,0.11323162913322449,-0.24074870347976685,-0.16076496028108522,-0.1384727954864502,-0.21945720911026,-0.20578415476484224,0.08300837874412537,-0.48442745208740234,-0.268851441971492,-0.08721956610679626,-0.4723053574562073,-0.297101570002269,0.08344469648419138,0.048225576227362274,-0.00028039688583125213,-0.2154852404738952,-0.3840255014824206,0.23313229515528056,0.4892163782533277,0.45123281112108476,0.5611207550574719,1.7302637469181863,11.874505965519274
idle,shahzaib,swipe_left,0.1195601224899292,-0.03262808918952942,-0.3242488946416415,-0.14983758330345154,0.007636755704879761,-0.32616107125068083,0.11437904834747314,-0.23684284090995789,-0.16077098209643736,-0.138778954744339,-0.2207948863506317,-0.18709878582740203,0.08434408903121948,-0.4822770059108734,-0.26885746378684416,-0.08741331100463867,-0.47186219692230225,-0.29250906367087737,0.023631435452084657,0.1639479940587762,-0.00018247925309520087,-0.04769816543116533,-0.12743021502638827,0.17249037045984805,0.48471485737158093,0.4544144891323173,0.37430519218770747,0.14413894752908774,9.470416293339618
idle,shahzaib,swipe_left,0.12082114815711975,-0.027801036834716797,-0.32426633639261127,-0.14991062879562378,0.005179345607757568,-0.32176803750917315,0.11522522568702698,-0.23484092950820923,-0.1607884238474071,-0.13885200023651123,-0.22134685516357422,-0.18533698422834277,0.0848943293094635,-0.4810011386871338,-0.2688749055378139,-0.08748635649681091,-0.4713551998138428,-0.2809794466011226,0.0382128990057749,0.14627431378220299,-0.0005285379081738802,-0.0022134997627952235,-0.07446697264006762,0.13312223459114392,0.48233356912045,0.45798392902338314,0.029724184563126487,0.261239562696629,2.428747703180548
idle,shahzaib,swipe_left,0.12150859832763672,-0.026216715574264526,-0.324281764915213,-0.15020081400871277,0.003505796194076538,-0.31830014078877866,0.11633044481277466,-0.23282364010810852,-0.15598080842755735,-0.13885948061943054,-0.2212773859500885,-0.16618756740354002,0.0858268141746521,-0.480083167552948,-0.2627011069562286,-0.08728229999542236,-0.47142642736434937,-0.26601631729863584,0.020831823348999357,0.048009735165221085,-0.0004675309879310278,-0.008793491305727087,-0.050713618596395664,0.10508777940589538,0.4819262957948442,0.45941280281106683,0.17339164818942457,0.4338992785115672,1.1311796075183698
idle,shahzaib,swipe_left,0.12260696291923523,-0.017162173986434937,-0.3293745613191277,-0.150182843208313,-0.005953758955001831,-0.31364668370224535,0.1178576648235321,-0.22883132100105286,-0.15596629143692553,-0.13808754086494446,-0.22405561804771423,-0.15320826531387866,0.08790364861488342,-0.47822609543800354,-0.2626865899655968,-0.08621904253959656,-0.47169360518455505,-0.25339169264771044,0.0332837755029857,0.27438004811605254,-0.15432716375499306,0.0005445697090842594,-0.28665318633571274,0.14101385110707218,0.4739574201433049,0.467152593069175,0.001899744483223737,0.1213049360789232,7.237627525051236
idle,shahzaib,swipe_left,0.12468039989471436,-0.011699765920639038,-0.329380075680092,-0.14904460310935974,-0.02074173092842102,-0.3072046146262437,0.12049078941345215,-0.2256750762462616,-0.15597180579788983,-0.13688483834266663,-0.22746440768241882,-0.14107755874283612,0.09086710214614868,-0.4765734374523163,-0.26109589193947613,-0.0851668119430542,-0.4713239073753357,-0.2511392042506486,0.06283142349936507,0.165527517145324,-0.00016710184740297088,0.03449212421070315,-0.44812036283086754,0.19521421442428485,0.4585280800305567,0.4710770630556078,0.07697049744026901,0.37958065826327014,5.262770547383845
idle,shahzaib,swipe_left,0.12568366527557373,-0.007387012243270874,-0.3318212986923754,-0.14702767133712769,-0.02100709080696106,-0.30396155128255486,0.12096816301345825,-0.2225954830646515,-0.15595642337575555,-0.13612255454063416,-0.2273942530155182,-0.1388780535198748,0.09142011404037476,-0.47594666481018066,-0.26108050951734185,-0.0850037932395935,-0.47139596939086914,-0.25085831293836236,0.030401981238163362,0.13068950537479493,-0.07397645491768132,0.06111914461309357,-0.008041208440607373,0.09827464677845144,0.45773033254195444,0.4751067229686156,7.599796133669679,0.23262578372450546,13.679257121948464
idle,shahzaib,swipe_left,0.1261872947216034,-0.004201054573059082,-0.33534435741603374,-0.14364585280418396,-0.023979365825653076,-0.29702971689403057,0.1224621832370758,-0.21984082460403442,-0.15618224255740643,-0.13492882251739502,-0.23077845573425293,-0.13449385575950146,0.09259167313575745,-0.4760057330131531,-0.26078195683658123,-0.08380445837974548,-0.47628894448280334,-0.2458085399121046,0.015261498364535489,0.0965441718246013,-0.10675935526237514,0.10247934948314483,-0.09006893996036558,0.21005558753104256,0.4591171488880412,0.47884013195206454,1.1377752614050802,0.1580762463426121,4.384440516371784
idle,shahzaib,swipe_left,0.12718164920806885,-0.0033917129039764404,-0.3387056775391102,-0.14046785235404968,-0.027842313051223755,-0.2940797694027424,0.12346118688583374,-0.21594855189323425,-0.15660511329770088,-0.13340744376182556,-0.2328636348247528,-0.13355742767453194,0.09457230567932129,-0.47602200508117676,-0.2607397325336933,-0.08281010389328003,-0.47844499349594116,-0.24266910925507545,0.03013195413531565,0.024525505123715482,-0.10185818554776702,0.0963030439434593,-0.11705900683547067,0.08939234822085071,0.4571763856088243,0.48012649473807345,0.8226810039300139,1.2285465859618163,3.7514891785547344
idle,shahzaib,swipe_left,0.1288791298866272,-0.0016640722751617432,-0.3403959795832634,-0.13834059238433838,-0.02911350131034851,-0.28763075917959213,0.1251586675643921,-0.2128942310810089,-0.157538540661335,-0.13135701417922974,-0.23621663451194763,-0.127633236348629,0.09639948606491089,-0.47482794523239136,-0.2610371932387352,-0.08111262321472168,-0.4816136062145233,-0.2426755502820015,0.05143880844116293,0.052352746327718934,-0.05122127406524971,0.06446242332458599,-0.038520856337114426,0.19542455221667746,0.4583146912336477,0.48087087134151446,1.6733986742606366,0.9825239271163373,4.113282756085046
idle,shahzaib,swipe_left,0.12842750549316406,-0.0010951757431030273,-0.3403830514289439,-0.13666188716888428,-0.030073821544647217,-0.2876178310252726,0.1268373727798462,-0.2130078673362732,-0.16159894922748208,-0.12954756617546082,-0.23638004064559937,-0.12365313479676843,0.09807819128036499,-0.4749586880207062,-0.2624211893416941,-0.07943391799926758,-0.48319190740585327,-0.24032133677974343,-0.013685587680701272,0.017239288850264392,0.0003917622521068173,0.05086985501376146,-0.029100613160567314,0.0003917622521068173,0.4591601012258352,0.4811920210075856,1.748008082338546,0.7938142916028575,5.93129380058878
idle,shahzaib,swipe_left,0.12899142503738403,8.147954940795898e-05,-0.338760893791914,-0.13335323333740234,-0.03072303533554077,-0.28580115363001823,0.13014137744903564,-0.212471604347229,-0.158837478607893,-0.12623891234397888,-0.23677349090576172,-0.1193830855190754,0.10138684511184692,-0.4750165045261383,-0.26108596846461296,-0.07633209228515625,-0.48484739661216736,-0.2395428828895092,0.017088471036968162,0.03565622098518005,0.04915629203120681,0.10026223731763055,-0.01967314517859182,0.05505083015922135,0.4600219273509758,0.48219653807354856,5.09614198774591,0.47924292933738494,2.250619399831716
idle,shahzaib,swipe_left,0.12879544496536255,-0.0013100504875183105,-0.335392695851624,-0.13092923164367676,-0.032441020011901855,-0.28050647396594286,0.1324562430381775,-0.21147239208221436,-0.15887282509356737,-0.1238149106502533,-0.23826193809509277,-0.11746411491185427,0.10381084680557251,-0.47602033615112305,-0.2608302952721715,-0.07525968551635742,-0.48633721470832825,-0.23881201166659594,-0.005938790061257197,-0.04216757687655429,0.10206660425121297,0.07345459677956438,-0.05206014170791246,0.16044483830531694,0.45919416602603913,0.4811794229185181,1.4109294258600644,0.14083449101549264,3.4384879448175636
idle,shahzaib,swipe_left,0.13025003671646118,0.003021448850631714,-0.33542812522500753,-0.1296534538269043,-0.03498241305351257,-0.2801463073119521,0.13548177480697632,-0.21107938885688782,-0.1589082544669509,-0.12052252888679504,-0.240502268075943,-0.11740548070520163,0.10670584440231323,-0.4785444736480713,-0.2607498234137893,-0.07304126024246216,-0.4891637861728668,-0.23592301364988089,0.04407853791208048,0.13125755570151798,-0.0010736173752582605,0.03865993384159034,-0.07701191035184116,0.010914141030022766,0.4598275327265063,0.4878902699021162,0.5019928952816947,0.33581458882051923,4.713333056201438
idle,shahzaib,swipe_left,0.13249915838241577,0.011041253805160522,-0.3237105421721935,-0.12745049595832825,-0.03545275330543518,-0.261299055069685,0.13683825731277466,-0.2092588245868683,-0.15888218209147453,-0.11748924851417542,-0.24097159504890442,-0.10517865791916847,0.10878950357437134,-0.47909414768218994,-0.2415587119758129,-0.0703883171081543,-0.48986366391181946,-0.20871573314070702,0.06815520199862501,0.24302439256148292,0.35507827432770284,0.06675629904776015,-0.014252734906745907,0.5711288558262858,0.4609884745612835,0.49753771990362483,4.683425045050207,0.2804447769028187,17.103601737404595
idle,shahzaib,swipe_left,0.13320854306221008,0.010106474161148071,-0.2875483660027385,-0.12564405798912048,-0.03781154751777649,-0.2569084195420146,0.13743802905082703,-0.20935538411140442,-0.14253865461796522,-0.11735302209854126,-0.24370351433753967,-0.10024863760918379,0.1095360815525055,-0.4813520312309265,-0.23808034043759108,-0.07040098309516907,-0.49277928471565247,-0.20172739308327436,0.021496505448311654,-0.028326655879164112,1.0958235202864752,0.05474054452144531,-0.07147861249518846,0.13304956144455204,0.46161930732556505,0.49450878001250326,0.7658203872486031,0.7588522516655892,13.392864607521302
idle,shahzaib,swipe_left,0.13541853427886963,0.008706331253051758,-0.2875600988045335,-0.1258443295955658,-0.037687718868255615,-0.25431295577436686,0.13863533735275269,-0.21155613660812378,-0.13942442182451487,-0.11694389581680298,-0.2431299090385437,-0.09526673052459955,0.11114966869354248,-0.48294395208358765,-0.23684290889650583,-0.07116031646728516,-0.49529170989990234,-0.19909360352903605,0.06696943080786609,-0.042428572972616235,-0.0003555394483335147,-0.00606883655894896,0.0037523833188144243,0.07865041720144801,0.46415614911611297,0.4948547385788717,1.6168976210151418,1.5783668351102123,3.3630562498561587
idle,shahzaib,swipe_left,0.1378430724143982,0.003473937511444092,-0.2671550177037716,-0.13116350769996643,-0.04210770130157471,-0.2532459758222103,0.14191895723342896,-0.21723657846450806,-0.12162036076188087,-0.11726266145706177,-0.24479830265045166,-0.08884381130337715,0.11178052425384521,-0.4873753786087036,-0.21483146771788597,-0.07130849361419678,-0.4991771876811981,-0.19002067670226097,0.07347085259177585,-0.15855738610932574,0.6183357909321884,-0.1611872152848703,-0.13393886161573218,0.03233272582292608,0.46528762775228344,0.49431777374009456,1.2034297582545637,0.46336781292108903,6.440083306046316
idle,shahzaib,swipe_left,0.14130356907844543,0.0021396279335021973,-0.2380894785746932,-0.13856711983680725,-0.04395925998687744,-0.2196878856047988,0.14576664566993713,-0.21893632411956787,-0.11280374880880117,-0.11693865060806274,-0.24622845649719238,-0.07122170832008123,0.11221960186958313,-0.48836076259613037,-0.20552202221006155,-0.07075020670890808,-0.4989330768585205,-0.17008755262941122,0.10486353527415485,-0.04043362357399527,0.880773913002342,-0.22435188293456182,-0.05610783894856558,1.0169118247700075,0.4626667275439393,0.4924399958090228,3.9985123046339095,2.593409459649224,29.989950037055007
idle,shahzaib,swipe_left,0.1445823311805725,0.004386782646179199,-0.23815819341689348,-0.13892540335655212,-0.04533869028091431,-0.21975660044699907,0.14756393432617188,-0.21479260921478271,-0.11287246365100145,-0.11716347932815552,-0.24709409475326538,-0.07129042316228151,0.11291700601577759,-0.48873746395111084,-0.20559073705226183,-0.07155787944793701,-0.5009624063968658,-0.16156428772956133,0.09935642733718568,0.06809559735384962,-0.0020822679454630404,-0.010857076355905416,-0.04180091800111779,-0.0020822679454630404,0.4642388385565033,0.4952119289900025,0.2597267511891463,1.4590512771277093,31.552042531188246
idle,shahzaib,swipe_left,0.14314541220664978,0.0002472400665283203,-0.23817070480436087,-0.14277932047843933,-0.04990720748901367,-0.21976911183446646,0.14718249440193176,-0.2191123366355896,-0.11288497503846884,-0.12172716856002808,-0.2494792938232422,-0.0713029345497489,0.11006709933280945,-0.4922659397125244,-0.2056032484397292,-0.07575392723083496,-0.4999798834323883,-0.1615767991170287,-0.04354299920978037,-0.12544068423184682,-0.0003791329535571072,-0.11678536732991722,-0.13843991539695266,-0.0003791329535571072,0.4587419342399711,0.4946959129128877,0.8435755209726667,0.347117463197499,4.345374171433316
idle,shahzaib,swipe_left,0.14541523158550262,-0.002486616373062134,-0.23816638439893723,-0.14306633174419403,-0.05077466368675232,-0.21976479142904282,0.14866332709789276,-0.22158166766166687,-0.1128806546330452,-0.12217788398265839,-0.2516033947467804,-0.07129861414432526,0.11005537211894989,-0.49398067593574524,-0.20559892803430557,-0.0755641907453537,-0.49798744916915894,-0.16157247871160507,0.06878240541978425,-0.08284413453304539,0.00013092137647397798,-0.008697311083475887,-0.0262865514466261,0.00013092137647397798,0.45600675411419556,0.49383941667404685,0.330852841168368,0.8302528061240365,4.720047421584847
idle,shahzaib,swipe_left,0.14857371151447296,-0.009092748165130615,-0.265561499632895,-0.14231868088245392,-0.04629802703857422,-0.2492783898487687,0.1495165377855301,-0.22634202241897583,-0.12293382827192545,-0.12407214939594269,-0.2537921667098999,-0.08024633768945932,0.110378697514534,-0.4967024326324463,-0.2123308265581727,-0.07552392780780792,-0.4978916049003601,-0.16159839276224375,0.0957115129990975,-0.2001858118808555,-0.8301550070895979,0.022656086719396486,0.13565565600539184,-0.8943514672643872,0.4648506001861295,0.4919914308570411,0.1670105056879479,0.4781109809374545,27.56255191119825
idle,shahzaib,swipe_left,0.14837153255939484,-0.013088017702102661,-0.2655512485653162,-0.14471091330051422,-0.012394458055496216,-0.24926813878118992,0.14606793224811554,-0.2299644649028778,-0.12292357720434666,-0.12632672488689423,-0.24568042159080505,-0.08023608662188053,0.10780049860477448,-0.49902260303497314,-0.2123205754905939,-0.0781390517950058,-0.49820032715797424,-0.16465487517416477,-0.006126635002367522,-0.12106877384763969,0.00031063841147856776,-0.07249189145637397,1.0273808782751073,0.00031063841147856776,0.49759276479562536,0.49052210406337826,0.07055983075940771,0.0506041665699119,38.386264726658915
idle,shahzaib,swipe_left,0.1498938351869583,-0.015946775674819946,-0.26552425511181355,-0.14707837998867035,-0.014802783727645874,-0.24924114532768726,0.14449305832386017,-0.23237279057502747,-0.122896583750844,-0.12849481403827667,-0.24349138140678406,-0.08020909316837788,0.10674692690372467,-0.49959319829940796,-0.21229358203709126,-0.08140410482883453,-0.5002725720405579,-0.16462788172066212,0.04613038265343942,-0.08662902947628275,0.0008179834394744078,-0.07174141479261108,-0.07297956582271808,0.0008179834394744078,0.4971452807385235,0.48847622497717463,0.9830208081269592,0.532498752826453,33.34426718127421
idle,shahzaib,swipe_left,0.1492026150226593,-0.015946775674819946,-0.26548206992447376,-0.1481150984764099,-0.014802783727645874,-0.2535541970282793,0.14412078261375427,-0.23237279057502747,-0.12285439856350422,-0.13132819533348083,-0.24349138140678406,-0.0801669079810381,0.10204914212226868,-0.4990231692790985,-0.21225139684975147,-0.08538711071014404,-0.5002725720405579,-0.1746645886451006,-0.02094606558481773,0.0,0.0012783390102963975,-0.03141571174968254,0.0,-0.13069853638157206,0.4958218290118333,0.48828245577766943,31415.711749682538,20946.06558481773,4.718793321675316
idle,shahzaib,swipe_left,0.14775440096855164,-0.017328530550003052,-0.267961828969419,-0.1528768241405487,-0.014802783727645874,-0.2535519292578101,0.14032647013664246,-0.23237279057502747,-0.11912915762513876,-0.1333238184452057,-0.24349138140678406,-0.07652154471725225,0.09944364428520203,-0.4990231692790985,-0.21685007121413946,-0.08574479818344116,-0.5002725720405579,-0.17959605064243078,-0.04388527436689967,-0.04187135985403417,-0.0751442134831903,-0.14429471709511726,0.0,6.872031724814322e-05,0.49563806982057185,0.48680187548170556,144294.71709511726,1.0480726312030768,5.2347768071495695
idle,shahzaib,swipe_left,0.142026886343956,-0.03015616536140442,-0.2640204420313239,-0.15499983727931976,-0.03207555413246155,-0.2483184775337577,0.13736633956432343,-0.23454633355140686,-0.10172346886247396,-0.13020958006381989,-0.24349138140678406,-0.06873258110135794,0.09848581254482269,-0.4990231692790985,-0.2096492787823081,-0.08400405943393707,-0.5002725720405579,-0.1746623208746314,-0.17356104923017374,-0.3887162064061082,0.11943596782106532,-0.06433373147791184,-0.5234172849944227,0.15858944618340948,0.4792432341345039,0.4740129912390458,0.1229107452342773,0.44649695554985974,16.74878486007902
idle,shahzaib,swipe_left,0.14259971678256989,-0.02718299627304077,-0.2636286308988929,-0.16066910326480865,-0.05115401744842529,-0.23839336540549994,0.1359998732805252,-0.2313709855079651,-0.09928290452808142,-0.13356445729732513,-0.2475624680519104,-0.06711761560291052,0.0954800397157669,-0.4957529902458191,-0.20404489245265722,-0.0863102525472641,-0.497760534286499,-0.16873279120773077,0.01735849813981424,0.09009603298071317,0.01187306461912168,-0.17179593895420234,-0.5781352519988795,0.3007609735835568,0.45808210526043647,0.474687607912571,0.2971547595575018,0.1926644814544573,5.649294807325891
idle,shahzaib,swipe_left,0.14567194879055023,-0.0263403058052063,-0.25530920922756195,-0.16054095327854156,-0.04939281940460205,-0.2322775423526764,0.1373155564069748,-0.22991210222244263,-0.09553301334381104,-0.13417233526706696,-0.25157564878463745,-0.05972971394658089,0.0934668630361557,-0.49450066685676575,-0.2029632180929184,-0.08425439894199371,-0.49994733929634094,-0.16458004713058472,0.09309793963576957,0.025536074782863214,0.25210368701003216,0.0038833329171846028,0.05336963769161425,0.18532797129768608,0.46195450493177737,0.47396159910526336,0.07276159860826927,3.645599209281535,20.16885584012923
idle,shahzaib,swipe_left,0.14110729098320007,-0.025525689125061035,-0.24394033011049032,-0.16895565390586853,-0.048478782176971436,-0.23207279201596975,0.13396617770195007,-0.2285035252571106,-0.077861531637609,-0.13780945539474487,-0.25728875398635864,-0.05184065084904432,0.09145119786262512,-0.49173298478126526,-0.20276012178510427,-0.08505105972290039,-0.49747559428215027,-0.16378732677549124,-0.13832296385909792,0.024685353943796264,0.34451148839611545,-0.2549909281008212,0.027698097806988783,0.006204555657777018,0.461845237031552,0.4706493170767305,9.20574850046142,5.603215613533679,9.57115870618822
idle,shahzaib,swipe_left,0.13588392734527588,-0.029197901487350464,-0.24093712959438562,-0.18364855647087097,-0.0502452552318573,-0.2178729036822915,0.12895804643630981,-0.22837570309638977,-0.07031298521906137,-0.14259591698646545,-0.2557825744152069,-0.0406256252899766,0.08978843688964844,-0.49130693078041077,-0.1801517615094781,-0.08968782424926758,-0.49575042724609375,-0.15720535907894373,-0.15828374660376598,-0.11127916249362083,0.09100607624559837,-0.44523947166674777,-0.05352948651169371,0.4302996464751052,0.4593299777493882,0.4683635448748515,8.317493463644972,1.422389607068013,14.298698459284354
idle,shahzaib,swipe_left,0.1330961138010025,-0.02861449122428894,-0.23872383031994104,-0.1975502222776413,-0.0584089457988739,-0.1959101716056466,0.12547458708286285,-0.2281966507434845,-0.06029882002621889,-0.14878438413143158,-0.25854673981666565,-0.024592206813395023,0.08616061508655548,-0.49170082807540894,-0.15569052193313837,-0.0942007452249527,-0.49444156885147095,-0.13300965819507837,-0.08447919831131123,0.017679098880651556,0.06706967498316656,-0.4212626002051454,-0.24738456263685735,0.6655373356558808,0.45250639482830013,0.47280696559951474,1.7028584680324532,4.778208475053391,9.265567215614688
idle,shahzaib,swipe_left,0.13208839297294617,-0.02756345272064209,-0.23872383031994104,-0.21791625022888184,-0.06611031293869019,-0.1913230875506997,0.12269845604896545,-0.23013079166412354,-0.06029882002621889,-0.1577804982662201,-0.26197606325149536,-0.022615001536905766,0.08222749829292297,-0.49193528294563293,-0.15366163942962885,-0.09863746166229248,-0.4925539791584015,-0.12862661574035883,-0.030536994789586408,0.031849651625662646,0.0,-0.6171523621588141,-0.2333747618126184,0.13900254711960522,0.44722754548248317,0.47472400596963704,2.6444578364326317,0.9587557312322678,17.029331280815562
idle,shahzaib,swipe_left,0.1322452574968338,-0.02920830249786377,-0.23872383031994104,-0.23470166325569153,-0.07739222049713135,-0.1913230875506997,0.12130500376224518,-0.23301184177398682,-0.06029882002621889,-0.1625143438577652,-0.2640150785446167,-0.022615001536905766,0.08107025921344757,-0.4929327368736267,-0.15366163942962885,-0.10019095242023468,-0.4922695457935333,-0.11933342460542917,0.004753470420837478,-0.049843932643082,0.0,-0.5086488796003018,-0.3418759866194346,0.0,0.44203940768389655,0.4742307537533661,1.4878125744290354,0.0953651689104492,6.27406146092525
idle,shahzaib,swipe_left,0.1314898580312729,-0.029304951429367065,-0.2387308655306697,-0.2541262358427048,-0.07883408665657043,-0.19133012276142836,0.12413869798183441,-0.23409923911094666,-0.060305855236947536,-0.17130087316036224,-0.2669006288051605,-0.02262203674763441,0.08088277280330658,-0.4933308959007263,-0.1536686746403575,-0.10188837349414825,-0.4921949505805969,-0.11934045981615782,-0.022890892895784377,-0.002928755500099765,-0.0002131882038983351,-0.5886234117276518,-0.04369291392239492,-0.0002131882038983351,0.4463474903339877,0.47446467786007795,13.47151946088213,7.81324342423963,9.355204405982924
idle,shahzaib,swipe_left,0.12752215564250946,-0.034812986850738525,-0.2408088706433773,-0.27506086230278015,-0.08488625288009644,-0.19133419916033745,0.12352649867534637,-0.23801827430725098,-0.08513196930289268,-0.18438635766506195,-0.27046483755111694,-0.02460331842303276,0.07713429629802704,-0.49591657519340515,-0.1536727510392666,-0.10726834833621979,-0.4943016767501831,-0.1101427860558033,-0.12023340572010578,-0.1669101642839863,-0.06296985190023176,-0.6343826200022943,-0.1833989764704878,-0.00012352723966945498,0.4498526009793121,0.47196203119685864,3.459011457966993,0.7203437004102257,4.45482343945061
idle,shahzaib,swipe_left,0.12664125859737396,-0.04337519407272339,-0.33528620284050703,-0.2901029586791992,-0.10544854402542114,-0.28960788529366255,0.12409500777721405,-0.24413132667541504,-0.1264101443812251,-0.1945239156484604,-0.277140736579895,-0.05954305734485388,0.07420502603054047,-0.4979974329471588,-0.1848268685862422,-0.11177898943424225,-0.49420055747032166,-0.11015183757990599,-0.026693849852591274,-0.25946082490863637,-2.862949460519128,-0.4558211023157366,-0.6230997316765162,-2.977990488888687,0.46382328426436564,0.48173535248022215,0.7315367791164412,0.10288160835217633,91.3771416271334
idle,shahzaib,swipe_left,0.12252767384052277,-0.04480448365211487,-0.3560122437775135,-0.3114914000034332,-0.1305672824382782,-0.2975595183670521,0.12258817255496979,-0.24618813395500183,-0.1485973484814167,-0.20496906340122223,-0.2833079993724823,-0.07290871813893318,0.07194830477237701,-0.5003644824028015,-0.21009844914078712,-0.11109106242656708,-0.49468523263931274,-0.11147218570113182,-0.12465408354094062,-0.0433118054361038,-0.6280618465759299,-0.6481345855828242,-0.7611738912986699,-0.24095857798149178,0.45537970128041705,0.4810239292408914,0.8514923350624674,2.8779960634236366,83.25005552782561
idle,shahzaib,swipe_left,0.12387159466743469,-0.04936167597770691,-0.3891445673070848,-0.31214675307273865,-0.15744289755821228,-0.2975656068883836,0.12095686793327332,-0.2494620978832245,-0.16421991353854537,-0.20468752086162567,-0.29282763600349426,-0.07291480666026473,0.07128438353538513,-0.5024822950363159,-0.21010453766211867,-0.11090242862701416,-0.4963618218898773,-0.11147827422246337,0.0407248735427863,-0.13809673713915496,-1.004009803926419,-0.019859183918346374,-0.8144125793919549,-0.00018450064641056932,0.43588279476307135,0.49003983757034913,0.02438464242353785,0.2948989200434881,20.45255870403261
idle,shahzaib,swipe_left,0.12535326182842255,-0.05010835826396942,-0.40758776431903243,-0.3183714672923088,-0.1672392338514328,-0.30056357150897384,0.1218973845243454,-0.2501254230737686,-0.171375987585634,-0.20579827576875687,-0.2960086613893509,-0.07518827682361007,0.07269643247127533,-0.5030117630958557,-0.21292847907170653,-0.10987238585948944,-0.49685801565647125,-0.11279181158170104,0.04489900487842054,-0.022626735947349215,-0.5588847579378159,-0.1886277036233412,-0.2968586755521417,-0.09084741274515933,0.43287254718121404,0.49576856810336717,0.6354103273625988,1.9842464567773226,16.7234465390544
idle,shahzaib,swipe_left,0.12696528434753418,-0.050855040550231934,-0.42228092160075903,-0.32459618151187897,-0.17703557014465332,-0.30098897125571966,0.12283790111541748,-0.25078874826431274,-0.17984650935977697,-0.20690903067588806,-0.2991896867752075,-0.07747186627238989,0.07410848140716553,-0.5035336315631866,-0.21576253976672888,-0.10884234309196472,-0.4973542094230652,-0.11280193086713552,0.048849167245807845,-0.022626735947349215,-0.4452471903553586,-0.1886277036233412,-0.2968586755521417,-0.01289090141654035,0.42961390996139126,0.5003614597607385,0.6354103273625988,2.1588181583642,2.3623185251097034
idle,shahzaib,swipe_left,0.13065099716186523,-0.051735132932662964,-0.4222768908366561,-0.3293491154909134,-0.20200368762016296,-0.3009849404916167,0.12301498651504517,-0.2522861063480377,-0.17984247859567404,-0.20753848552703857,-0.3134448826313019,-0.07746783550828695,0.07468140125274658,-0.5041675567626953,-0.21575850900262594,-0.10713168978691101,-0.49798813462257385,-0.11279790010303259,0.11168826710093682,-0.026669466134272634,0.0001221443667556254,-0.14402830239497708,-0.7566096204699605,0.0001221443667556254,0.4152128843425399,0.5004773080113566,0.19035987402016039,4.18771335073941,14.002799710327439
idle,shahzaib,swipe_left,0.13360004127025604,-0.053851306438446045,-0.43645159155130386,-0.3438039943575859,-0.21683114767074585,-0.3044346049427986,0.12354831397533417,-0.25419795513153076,-0.20228565484285355,-0.21885916590690613,-0.31744319200515747,-0.08173514902591705,0.0777188390493393,-0.5058994740247726,-0.22890441864728928,-0.10747291147708893,-0.49869921803474426,-0.123053178191185,0.08936497298154106,-0.0641264698722156,-0.4295363852923635,-0.43802663232341654,-0.4493169712297916,-0.10453528639945284,0.41012341044695716,0.5005457856782529,0.974870048319077,1.3935521416892835,13.271792138509701
idle,shahzaib,swipe_left,0.13450577855110168,-0.054385483264923096,-0.4364422205835581,-0.35914118587970734,-0.22711116075515747,-0.30752729810774326,0.12435290217399597,-0.2545546889305115,-0.20319376327097416,-0.22479860484600067,-0.3195291757583618,-0.09513103403151035,0.07742336392402649,-0.5062229335308075,-0.22895042039453983,-0.10858762264251709,-0.4986976087093353,-0.1286634597927332,0.027446584268050196,-0.016187176559910886,0.00028396871956912407,-0.46476337945823254,-0.3115155480124783,-0.09371797469529387,0.410522300758434,0.5004681115396987,1.4919380123575834,1.695471022722851,4.266285722552921
idle,shahzaib,swipe_left,0.13519182801246643,-0.05443382263183594,-0.4364422205835581,-0.3586282804608345,-0.23904192447662354,-0.33221530355513096,0.12536391615867615,-0.2545740008354187,-0.20319376327097416,-0.22949562966823578,-0.32753145694732666,-0.12239875085651875,0.07749012112617493,-0.5061050653457642,-0.23711682297289371,-0.11242514848709106,-0.49871692061424255,-0.15277051366865635,0.02078937761711273,-0.0014648293003890899,0.0,0.015542588450691328,-0.361538294589867,-0.7481213771935382,0.40030927847122655,0.4970583593553027,0.04299003921087737,14.182672983542078,24.645138233615107
idle,shahzaib,swipe_left,0.13519182801246643,-0.05473780632019043,-0.4364422205835581,-0.3603660389780998,-0.25895756483078003,-0.34014093317091465,0.12365594506263733,-0.25442367792129517,-0.20319376327097416,-0.22955307364463806,-0.34380030632019043,-0.12364106811583042,0.07612034678459167,-0.506090521812439,-0.23745332099497318,-0.11298784613609314,-0.49872085452079773,-0.1530663315206766,0.0,-0.009211626919833243,0.0,-0.05265934900804083,-0.603504253156267,-0.24017059441769145,0.39201953007388757,0.4967950239647713,0.08725582541765486,0.0,17.17444198198981
idle,shahzaib,swipe_left,0.1347653567790985,-0.055216848850250244,-0.41876593977212906,-0.36852215230464935,-0.26567506790161133,-0.3430354371666908,0.1232319176197052,-0.25417250394821167,-0.20317915827035904,-0.23670384287834167,-0.3544718623161316,-0.12425270676612854,0.07545116543769836,-0.5059578120708466,-0.23746269196271896,-0.11381649971008301,-0.49872085452079773,-0.15402036160230637,-0.012923370708118992,-0.014516440304843094,0.5356448730736153,-0.24715494928938364,-0.2035606991161032,-0.08771224229624917,0.3935886265063934,0.48944504991444704,1.214152516718858,0.890196235476008,14.246515662447367
idle,shahzaib,swipe_left,0.1346360743045807,-0.05532744526863098,-0.41270092595368624,-0.3703550025820732,-0.2779342830181122,-0.41016164887696505,0.12308356165885925,-0.25319549441337585,-0.20234317053109407,-0.23943491280078888,-0.35782721638679504,-0.16681495774537325,0.07545116543769836,-0.5057602524757385,-0.2375202076509595,-0.11381649971008301,-0.4986421763896942,-0.1540778772905469,-0.003917650742964373,-0.0033514066175981535,0.18378829752857329,-0.05554091749769357,-0.3714913671666985,-2.0341276275840996,0.4243852915950888,0.4869094898552664,0.1495075603337252,1.1686084624696247,59.485469813646034
idle,shahzaib,swipe_left,0.1339539885520935,-0.05537322163581848,-0.40937608294188976,-0.3705519065260887,-0.2950797379016876,-0.461875943467021,0.12259382009506226,-0.2501240074634552,-0.20036114566028118,-0.23963181674480438,-0.3628247082233429,-0.19129966013133526,0.07525426149368286,-0.5038455724716187,-0.23720173351466656,-0.11401340365409851,-0.4987078011035919,-0.15409590117633343,-0.02066926522688354,-0.001387162642045402,0.10075281853928329,-0.005966786182287741,-0.5195592388962057,-1.567099836062242,0.44944960341691065,0.4839598268674875,0.011484301021502429,14.889656731021233,14.92240866100543
idle,shahzaib,swipe_left,0.1325695812702179,-0.05511355400085449,-0.39831431303173304,-0.3709423467516899,-0.31997138261795044,-0.4669722178950906,0.12192371487617493,-0.2481268048286438,-0.19940072391182184,-0.24002225697040558,-0.377923846244812,-0.1968489596620202,0.07486382126808167,-0.5031591653823853,-0.225935117341578,-0.11440384387969971,-0.49878641963005066,-0.15286375675350428,-0.0419517358144131,0.007868716211030103,0.3352051487926334,-0.011831521987915228,-0.7542922641291883,-0.15443255842635373,0.44322787172985445,0.4835177470604968,0.01568557290720925,5.330781274630214,43.395408236148214
idle,shahzaib,swipe_left,0.13139940798282623,-0.05438423156738281,-0.39761788211762905,-0.37119627743959427,-0.3356640338897705,-0.5141896661370993,0.1212809830904007,-0.24687480926513672,-0.19713968597352505,-0.24027618765830994,-0.38627421855926514,-0.19923405908048153,0.07495631277561188,-0.5017319321632385,-0.21041805110871792,-0.11405815184116364,-0.4997340738773346,-0.1383084412664175,-0.035459796587626706,0.022100679802172465,0.021103967094060483,-0.0076948693304352105,-0.47553488702485813,-1.430831764909377,0.48407198727883355,0.48821057439872695,0.016181469244261202,1.6043937340971348,39.59062463217388
idle,shahzaib,swipe_left,0.13029853999614716,-0.05264723300933838,-0.2790984488092363,-0.36549054086208344,-0.3450542688369751,-0.7374741113744676,0.12017939984798431,-0.24483174085617065,-0.1255928254686296,-0.23752133548259735,-0.3921769857406616,-0.304552314337343,0.07513926923274994,-0.49946165084838867,-0.15857890015468,-0.11298535764217377,-0.500714898109436,-0.13453577226027846,-0.03335963595997077,0.05263631994073842,3.5914979790420687,0.17290110840941264,-0.2845525741577041,-6.766195310223027,0.6719551620697587,0.4660586129961522,0.6076223393826996,0.6337639529810526,161.87376559736845
idle,shahzaib,swipe_left,0.12888871133327484,-0.052849143743515015,-0.24768774904077873,-0.36498966813087463,-0.3548084795475006,-0.7644242713577114,0.11910299956798553,-0.24226722121238708,-0.09845253772800788,-0.23356053233146667,-0.39360925555229187,-0.31805423594778404,0.07529394328594208,-0.4968971312046051,-0.1419061342603527,-0.11067841947078705,-0.5010710656642914,-0.1337720224983059,-0.04272208069310112,-0.006118507096261786,0.9518393869229715,0.015177961551782098,-0.29558214274320205,-0.8166715146437643,0.6955495771575525,0.459609360605119,0.05134921230933819,6.981294411636305,180.35225107792013
swipe_left,shahzaib,swipe_left,0.12780438363552094,-0.05565148591995239,-0.21513530681841075,-0.3424394130706787,-0.3629598617553711,-0.815980777842924,0.11807398498058319,-0.24087190628051758,-0.06411859462969005,-0.22154201567173004,-0.39350461959838867,-0.33362419973127544,0.07532857358455658,-0.4955018162727356,-0.11553958128206432,-0.1076793223619461,-0.5020609796047211,-0.12971031735651195,-0.032858415083452226,-0.08491945989204311,0.9864376431020755,0.6833410624301903,-0.24701158205668525,-1.5623183783398005,0.7385313575690223,0.45402789814841626,2.7664220856303383,0.38693166670581114,30.375523501489646
swipe_left,shahzaib,swipe_left,0.12725548446178436,-0.05667656660079956,-0.19254955562064424,-0.32396890223026276,-0.36973559856414795,-0.8671347192139365,0.1173885315656662,-0.24120527505874634,-0.05351406248519197,-0.20781785249710083,-0.39225590229034424,-0.36374294670531526,0.07534174621105194,-0.49361181259155273,-0.1139564803452231,-0.10447467863559723,-0.5023009777069092,-0.12972967239329591,-0.016633308295047014,-0.03106305093476149,0.6844167029625957,0.5597124497095531,-0.2053253578417151,-1.550119435485168,0.7807160156005769,0.4469723894038798,2.7259649252680567,0.5354520030236593,3.970805926447305
swipe_left,shahzaib,swipe_left,0.12707602977752686,-0.05607801675796509,-0.14907844830304384,-0.3047196567058563,-0.3731711506843567,-0.9417529301717877,0.11679017543792725,-0.2421191930770874,-0.026070493273437023,-0.19782418012619019,-0.3926946520805359,-0.39424942899495363,0.07540392875671387,-0.49049609899520874,-0.09933595079928637,-0.1020527184009552,-0.5014078319072723,-0.12975493539124727,-0.005438020735076066,0.01813787402528734,1.3173062823515482,0.5833104704365679,-0.10410764000632712,-2.2611579078137107,0.8466754264891411,0.440299207649186,5.602901645829949,0.2997992448425928,21.77558135101802
swipe_left,shahzaib,swipe_left,0.12628252804279327,-0.05255749821662903,-0.08687898784410208,-0.2816470116376877,-0.3813994228839874,-1.0325348105980083,0.11536307632923126,-0.23881039023399353,0.010363383335061371,-0.18599237501621246,-0.3965587317943573,-0.44893813400994986,0.07554443180561066,-0.48702406883239746,-0.08069134771358222,-0.09932802617549896,-0.5014174282550812,-0.12976710766088217,-0.024045507113139217,0.10668238004048836,1.8848321351194772,0.6991710626717881,-0.249341581806996,-2.75096607352188,0.9287809534758952,0.43746296104102905,2.8040580056758313,0.22539131309875535,15.874525621523851
swipe_left,shahzaib,swipe_left,0.12566347420215607,-0.052191972732543945,-0.08377888682298362,-0.2603166848421097,-0.3863111734390259,-1.0510570171754807,0.11485691368579865,-0.23844486474990845,0.01579563063569367,-0.18070809543132782,-0.3971150517463684,-0.462257033912465,0.07577349245548248,-0.4868322014808655,-0.07537173363380134,-0.09881885349750519,-0.5022991895675659,-0.13033503922633827,-0.018759207292036877,0.011076529820760267,0.09394245518540943,0.6463735392599498,-0.1488409259102585,-0.5612789871961419,0.9419467766774436,0.43757492952615906,4.342684598489197,1.6934467878281376,66.44327238143032
swipe_left,shahzaib,swipe_left,0.12371686100959778,-0.05200064182281494,-0.08386130444705486,-0.24442629516124725,-0.40097886323928833,-1.051139434799552,0.11371305584907532,-0.23846584558486938,0.015918446704745293,-0.17105016112327576,-0.3969237208366394,-0.46488030813634396,0.07592824101448059,-0.48666954040527344,-0.06810474209487438,-0.09732353687286377,-0.5039322674274445,-0.1304174568504095,-0.05898827856237015,0.005797906355424141,-0.0024975037597344636,0.4815269600261159,-0.4444754484927847,-0.0024975037597344636,0.9380658748768989,0.43757179165604754,1.0833576484400222,10.172310940526588,19.79720212534553
swipe_left,shahzaib,swipe_left,0.1218625158071518,-0.05111190676689148,-0.08180584548972547,-0.22267358005046844,-0.40703490376472473,-1.051231270423159,0.1123218983411789,-0.2378236949443817,0.016687933588400483,-0.16693536937236786,-0.39617064595222473,-0.464972143759951,0.07599036395549774,-0.48592203855514526,-0.05811188160441816,-0.09686310589313507,-0.5045479834079742,-0.13050929247401655,-0.05619227886200041,0.026931365331014426,0.06228663507058864,0.6591731851751259,-0.18351637955868175,-0.002782897685061846,0.9343800280334469,0.4378647153468958,3.5918842496568444,2.0864219748753827,9.566254318598341
swipe_left,shahzaib,swipe_left,0.12099477648735046,-0.04807722568511963,-0.07610087632201612,-0.19796542823314667,-0.4151725172996521,-1.051231270423159,0.11085769534111023,-0.2367456555366516,0.016687933588400483,-0.16461247205734253,-0.3950743079185486,-0.464972143759951,0.07616648077964783,-0.48485592007637024,-0.05132704763673246,-0.09662330150604248,-0.503559947013855,-0.13050929247401655,-0.02629513090307104,0.09196003278096664,0.17287785356695276,0.748731873252187,-0.2465943495432575,0.0,0.9304899381829106,0.43977147083219315,3.0362773452094043,0.285937751109222,3.32054481061295
swipe_left,shahzaib,swipe_left,0.12030722200870514,-0.04643198847770691,-0.08180584548972547,-0.17815063893795013,-0.43309280276298523,-1.0060662084724754,0.11086578667163849,-0.2351004183292389,0.015826611081138253,-0.16016356647014618,-0.392537921667099,-0.464972143759951,0.07623906433582306,-0.4832114577293396,-0.04634437873028219,-0.0960557609796524,-0.5026406943798065,-0.1291412019636482,-0.020834984201372687,0.04985567295189871,-0.17287785356694346,0.6004481604604782,-0.5430389534343167,1.368638240929754,0.8835009593972377,0.4404268644226315,1.1057163596584338,0.4178976046290554,42.67284409041093
swipe_left,shahzaib,swipe_left,0.11939933896064758,-0.04371264576911926,-0.07610087632201612,-0.15668290853500366,-0.4482229948043823,-0.9723429137375206,0.1106242835521698,-0.23289647698402405,0.016687933588400483,-0.15240463614463806,-0.387666255235672,-0.46131623326800764,0.07620659470558167,-0.4804958999156952,-0.03879819973371923,-0.09507507085800171,-0.500963032245636,-0.11457771598361433,-0.02751160751689608,0.08240432450265726,0.17287785356695276,0.6505372849377823,-0.4584906679211314,1.0219180222713748,0.8615904895542537,0.4404959862925052,1.418863919354116,0.33385715890250434,10.920542936845328
swipe_left,shahzaib,swipe_left,0.11911268532276154,-0.0404839813709259,-0.072586310794577,-0.12626619637012482,-0.44999146461486816,-0.9642311388161033,0.1098073273897171,-0.2328995168209076,0.020854594418779016,-0.14679794013500214,-0.3837812840938568,-0.46131623326800764,0.07518799602985382,-0.477715402841568,-0.03729970916174352,-0.09425295889377594,-0.5000157654285431,-0.11457771598361433,-0.008686473875334907,0.09783831509677003,0.10650198567997496,0.9217185504508888,-0.053589994257147514,0.2458113612550717,0.8517266092923119,0.44084672904027655,17.199131369501654,0.08878306094787528,27.77029918088245
swipe_left,shahzaib,swipe_left,0.11649441719055176,-0.03671002388000488,-0.06887342571280897,-0.1120629608631134,-0.44485077261924744,-0.944576328387484,0.10766810178756714,-0.23002898693084717,0.020854594418779016,-0.1388949155807495,-0.3782591223716736,-0.46131623326800764,0.0736207365989685,-0.4746149182319641,-0.03718128218315542,-0.09188956022262573,-0.49746599793434143,-0.11457771598361433,-0.07934145855180844,0.11436234820972356,0.11251166914448167,0.4304010759700265,0.15577854532183433,0.5956003160187466,0.8319092646561335,0.441138573405652,2.7628856861845055,0.693766488948096,19.346066837597164
swipe_left,shahzaib,swipe_left,0.11483432352542877,-0.03565162420272827,-0.06688240705989301,-0.09691424667835236,-0.44256284832954407,-0.9300273114349693,0.10693015158176422,-0.22786945104599,0.027362959692254663,-0.12839175760746002,-0.37135982513427734,-0.46131623326800764,0.07162334024906158,-0.4731977880001068,-0.022658768808469176,-0.09196971356868744,-0.4962760806083679,-0.11457771598361433,-0.05030586864009128,0.03207271749323116,0.060333898573211704,0.4590519449927663,0.06933103908192138,0.44087930159136,0.8172316700001842,0.44189315983584276,6.621065110321643,1.5684452122117694,5.440439330310919
swipe_left,shahzaib,swipe_left,0.11372102797031403,-0.033645063638687134,-0.038286326918751,-0.06302796304225922,-0.4401348829269409,-0.9167085723020136,0.10583515465259552,-0.22561243176460266,0.06778621068224311,-0.11091245710849762,-0.3688705265522003,-0.4657365516759455,0.06926442682743073,-0.4716312289237976,0.015814682003110647,-0.0923868864774704,-0.49631616473197937,-0.13551978627219796,-0.03373622894287163,0.060804865577005145,0.8665478830649233,1.0268570798816266,0.07357470916979358,0.40359815554411765,0.7837564687001115,0.44354840720342675,13.956468669733209,0.5548186613698927,17.243743992539336
swipe_left,shahzaib,swipe_left,0.11288966238498688,-0.03134101629257202,-0.038281708024442196,-0.03748588263988495,-0.43389376997947693,-0.9067401429638267,0.10459525883197784,-0.22634154558181763,0.06779082957655191,-0.10522626340389252,-0.3658182621002197,-0.4657319327816367,0.06539107859134674,-0.4735477566719055,0.02988091390579939,-0.09288673102855682,-0.5082696080207825,-0.14861664082854986,-0.025192896525065504,0.0698196165489439,0.00013996649420622845,0.7740024364355962,0.18912463477163904,0.30207361630870116,0.7637750086094649,0.4499433961374717,4.0925305412466715,0.36082317473386116,8.968595759888796
swipe_left,shahzaib,swipe_left,0.11080783605575562,-0.02656853199005127,-0.03831573482602835,-0.006389230489730835,-0.42799580097198486,-0.860351569019258,0.10323679447174072,-0.23638933897018433,0.06775680277496576,-0.09849438071250916,-0.3608253598213196,-0.46576595958322287,0.06118196249008179,-0.48573634028434753,0.0346364276483655,-0.0937528908252716,-0.5140764713287354,-0.148650667630136,-0.06308564634033889,0.1446207364400173,-0.001031115199580298,0.9423227924288768,0.17872633356035886,1.405714361956572,0.7221914316816422,0.46756798597704935,5.272404470302471,0.43621137384492703,33.831847493651324
swipe_left,shahzaib,swipe_left,0.098259836435318,-0.029780983924865723,-0.0384143628180027,0.022173762321472168,-0.426043838262558,-0.7855575568974018,0.0968920886516571,-0.24921613931655884,0.06765817478299141,-0.09106802940368652,-0.36030417680740356,-0.4737175591289997,0.0604192316532135,-0.48866888880729675,0.04323342442512512,-0.09386402368545532,-0.5152204036712646,-0.14874929562211037,-0.38024241274054005,-0.09734702832771225,-0.00298872702952592,0.8655452367031351,0.05915038513414882,2.266485215813861,0.6534079806888975,0.4676284655357943,14.632712906725244,3.906010417185776,26.43702191939293
swipe_left,shahzaib,swipe_left,0.09776008129119873,-0.3217189908027649,-0.29627534933388233,0.03504875302314758,-0.4221746325492859,-0.7360966522246599,0.09393882751464844,-0.2814602255821228,-0.0030469864141196012,-0.08513477444648743,-0.3602268099784851,-0.4679694790393114,0.05567610263824463,-0.48909565806388855,0.0837812777608633,-0.09444618225097656,-0.517427384853363,-0.14878319390118122,-0.015144095276341535,-8.846606269027388,-7.813969288360114,0.39015123338410973,0.11724865797794413,1.4988152931134144,0.6089163517356354,0.4174075344328822,3.3275255562579225,0.0017118534615368434,27.418666399779273
swipe_left,shahzaib,swipe_left,0.09773893654346466,-0.3322601318359375,-0.42375608906149864,0.04375447332859039,-0.4096803069114685,-0.7279083393514156,0.09354467689990997,-0.28641319274902344,-0.06011613458395004,-0.0831967443227768,-0.3574157953262329,-0.4658878706395626,0.053385600447654724,-0.48909565806388855,0.09760239347815514,-0.09493966400623322,-0.5182260572910309,-0.13948165997862816,-0.0006407499313354249,-0.31942851615673357,-3.8630527190185298,0.2638097062255297,0.37861592841869424,0.2481306931286053,0.6142183656112852,0.5462410347329067,0.6967720839301598,0.0020059196127042624,38.907096618643
swipe_left,shahzaib,swipe_left,0.09808793663978577,-0.33292093873023987,-0.4257054980844259,0.051383137702941895,-0.39210328459739685,-0.699534660205245,0.09284844994544983,-0.28859981894493103,-0.06012857146561146,-0.07991600036621094,-0.3507799804210663,-0.4625906404107809,0.05014476180076599,-0.4897564649581909,0.11196502484381199,-0.0951206386089325,-0.5188868641853333,-0.1367433574050665,0.010575760494579136,-0.020024451342496325,-0.05907300069476713,0.23117164770762494,0.5326370398203617,0.8598084589748809,0.5952070925604739,0.5621258947306804,0.4340126510408273,0.5281159617179838,19.139846724736262
swipe_left,shahzaib,swipe_left,0.10233801603317261,-0.33324652910232544,-0.42573441565036774,0.05894458293914795,-0.367406964302063,-0.6966036707162857,0.09324145317077637,-0.2889254093170166,-0.06015748903155327,-0.07561028003692627,-0.3417801856994629,-0.46010710299015045,0.05053776502609253,-0.48999449610710144,0.11193610727787018,-0.0948333740234375,-0.5192124545574188,-0.1327887326478958,0.12879028464808814,-0.009866374911684135,-0.0008762898770245779,0.22913470412745984,0.7483733422828562,0.08881786330179876,0.6038044810270276,0.5624435815176947,0.3061765899516313,13.052132487191226,24.260841488113712
swipe_left,shahzaib,swipe_left,0.10221689939498901,-0.33447280526161194,-0.4257185533642769,0.062205731868743896,-0.34469106793403625,-0.692607469856739,0.09350574016571045,-0.2901516854763031,-0.06014162674546242,-0.07488948106765747,-0.340025395154953,-0.4558383598923683,0.050416648387908936,-0.4908815622329712,0.11195196956396103,-0.0950097143650055,-0.5204387307167053,-0.13277287036180496,-0.003670201157078657,-0.03715988361474298,0.00048067533608639647,0.0988226948362424,0.688360496000821,0.12109699574384016,0.6074691072801159,0.5623491410926552,0.14356220591996116,0.09876517456174168,4.456163783088016
swipe_left,shahzaib,swipe_left,0.10217291116714478,-0.3041796088218689,-0.423781581223011,0.06216174364089966,-0.315041720867157,-0.6227822378277779,0.09346175193786621,-0.29614925384521484,-0.06013670563697815,-0.07493346929550171,-0.33689069747924805,-0.4149343743920326,0.0503726601600647,-0.49382370710372925,0.11195196956396103,-0.0950772762298584,-0.5262507200241089,-0.13277287036180496,-0.0013329766013405035,0.9179756496891484,0.0586961254929029,-0.0013329766013405035,0.8984650626326712,2.1159161220896525,0.5562755889837346,0.5706650396303891,0.0014836137465611514,0.001452081163275651,60.85915663295688
swipe_left,shahzaib,swipe_left,0.10212333500385284,-0.20264026522636414,-0.23991560190916061,0.06211216747760773,-0.281212717294693,-0.4227060154080391,0.09341217577457428,-0.27791789174079895,0.011217108927667141,-0.07498304545879364,-0.31797829270362854,-0.2875019386410713,0.05337955057621002,-0.4943144917488098,0.0884237140417099,-0.09539340436458588,-0.5283746123313904,-0.13277287036180496,-0.0015023079785433922,3.0769498059244356,5.5716963428440405,-0.0015023079785433922,1.025121320377713,6.062915830901272,0.4122599133021163,0.44187839654918754,0.001465491433246578,0.00048824569299282003,119.66761641488178
swipe_left,shahzaib,swipe_left,0.08859170973300934,-0.17156213521957397,-0.2392554134130478,0.06204111874103546,-0.24453270435333252,-0.4130490869283676,0.09442801773548126,-0.25182873010635376,0.0177109707146883,-0.0750540941953659,-0.29481154680252075,-0.27651913464069366,0.05947859585285187,-0.4930230379104614,0.0716278925538063,-0.09568844735622406,-0.5298329889774323,-0.14667892456054688,-0.41004925063162795,0.9417615153572926,0.02000571200341921,-0.0021529920173414168,1.1115155436776079,0.2926341963536858,0.4209844793192277,0.4481440787152273,0.0019369860301115644,0.435406213291533,174.87661799614608
swipe_left,shahzaib,swipe_left,0.08801554143428802,-0.17361804842948914,-0.18250920809805393,0.054437264800071716,-0.20198318362236023,-0.41185096837580204,0.09407876431941986,-0.229840487241745,0.019383201375603676,-0.07666932046413422,-0.26873937249183655,-0.260439345613122,0.06266216933727264,-0.48854103684425354,0.03543091379106045,-0.0964667946100235,-0.524806559085846,-0.15098037756979465,-0.017459645415796716,-0.06230040030045707,1.719581979242173,-0.23041981639283202,1.2893794160900205,0.03630662280501604,0.44163382121341155,0.3838192007154118,0.1787058446967639,0.2802448312814026,11.714585776262426
swipe_left,shahzaib,swipe_left,0.08784650266170502,-0.11910009384155273,-0.18174735642969608,0.04753534495830536,-0.1547594666481018,-0.41185096837580204,0.09687362611293793,-0.23309552669525146,0.02933918498456478,-0.07743458449840546,-0.24799996614456177,-0.260439345613122,0.06749652326107025,-0.48504456877708435,-0.005208696238696575,-0.09717033803462982,-0.5159988403320312,-0.1732924971729517,-0.005122387047970015,1.652059229937493,0.023086414192662462,-0.20914908611413538,1.4310217264927023,0.0,0.4564468906375096,0.4068112325630665,0.14615357411320748,0.003100605507684078,4.477590248937307
swipe_left,shahzaib,swipe_left,0.08720126748085022,-0.05402195453643799,-0.1626677606254816,0.023770421743392944,-0.09362787008285522,-0.41185096837580204,0.09758105874061584,-0.2355777621269226,0.04362968169152737,-0.08900526165962219,-0.23991912603378296,-0.260439345613122,0.06791594624519348,-0.4875268042087555,-0.008500613272190094,-0.09818065166473389,-0.5123442113399506,-0.1988473031669855,-0.019552581238024475,1.972064827427751,0.5781695698246904,-0.7201491883306907,1.8524726231893198,0.0,0.48535141921448244,0.46050612116195866,0.3887500363383542,0.009914771082224844,20.071999940886062
swipe_left,shahzaib,swipe_left,0.09724946320056915,-0.05271223187446594,-0.14592383429408073,-0.01379193365573883,-0.035738080739974976,-0.4118548594415188,0.09677977859973907,-0.23731467127799988,0.051385004073381424,-0.1111438125371933,-0.23472031950950623,-0.26044323667883873,0.06949110329151154,-0.48926371335983276,-0.019809916615486145,-0.09978897869586945,-0.5094642043113708,-0.21375847980380058,0.3044907793854107,0.039688565514302915,0.5073917070121284,-1.138253193913041,1.7542360406932744,-0.0001179110823255552,0.5206285696494063,0.4552498684943826,0.6488594001316967,7.671809339300564,13.014839292389267
swipe_left,shahzaib,swipe_left,0.10215292870998383,-0.053809016942977905,-0.14512176904827356,-0.045105352997779846,-0.012396425008773804,-0.44392931554466486,0.09827820956707001,-0.2396487295627594,0.05149845685809851,-0.12474013864994049,-0.224888414144516,-0.26032978389412165,0.06976000964641571,-0.4915907382965088,-0.023950490169227123,-0.10041181743144989,-0.5010488331317902,-0.28029969427734613,0.14858986392165913,-0.03323591116702971,0.024305007448702533,-0.9488914952133792,0.7073229009455013,-0.9719532152468663,0.5182804587563203,0.45539501049298187,1.34152330204729,4.470627946590207,43.66527696915518
idle,shahzaib,swipe_left,0.10536040365695953,-0.05255645513534546,-0.14525124058127403,-0.06892193853855133,-0.0010063648223876953,-0.44405878707766533,0.09939403831958771,-0.24168294668197632,0.05136898532509804,-0.1371382623910904,-0.2181057333946228,-0.2604592554271221,0.06890054047107697,-0.4922657907009125,-0.11274344101548195,-0.10216160118579865,-0.4958922266960144,-0.2804291658103466,0.09719621051441694,0.037956418413105035,-0.003923379787893069,-0.7217147133567231,0.3451533389814027,-0.003923379787893069,0.5222944996947521,0.4424142611169484,2.0909912808472906,2.5606644123315654,32.067677575040065
idle,shahzaib,swipe_left,0.10808081924915314,-0.05113282799720764,-0.14562630001455545,-0.08299930393695831,0.0035154521465301514,-0.44374523404985666,0.10073532164096832,-0.24244681000709534,0.051682538352906704,-0.14489184319972992,-0.2182319462299347,-0.25509313587099314,0.06904621422290802,-0.4926513731479645,-0.12806993070989847,-0.10356990993022919,-0.48861321806907654,-0.28011561278253794,0.0824368361270802,0.043140216307207276,-0.011365437372164474,-0.42658683025476385,0.13702475663387634,0.009501606903293068,0.519026425950739,0.4435882687862218,3.11318719001549,1.9108602673612638,10.951022294501628
idle,shahzaib,swipe_left,0.1117105782032013,-0.055362850427627563,-0.14575127232819796,-0.09884223341941833,0.0010818541049957275,-0.44378671515733004,0.10248425602912903,-0.24528923630714417,0.029352557845413685,-0.14885085821151733,-0.2209121286869049,-0.2551346169784665,0.06983354687690735,-0.49539914727211,-0.14057948160916567,-0.10501319169998169,-0.4909813404083252,-0.2801570938900113,0.1099926955772127,-0.12818249789150793,-0.0037870398073483968,-0.48008877219574003,-0.07374539519801004,-0.0012570032567688436,0.5185932134889937,0.442054720269505,6.509996467036732,0.8580877990262711,6.597594128885104
idle,shahzaib,swipe_left,0.11512593924999237,-0.05983176827430725,-0.15660114644560963,-0.11431889235973358,-0.0013067424297332764,-0.41027487872634083,0.10587458312511444,-0.2483348548412323,-0.009294371702708304,-0.14923785626888275,-0.22340896725654602,-0.2176281219581142,0.0730019062757492,-0.4985765814781189,-0.14061227499041706,-0.10476060211658478,-0.4935690760612488,-0.2634780859807506,0.10349578929670095,-0.13542175292968966,-0.3287840641639953,-0.4689896648580453,-0.07238171317360734,1.015510194878477,0.5137731643294631,0.44105225232127926,6.4793048546438206,0.7642422492358805,30.812990609175948
idle,shahzaib,swipe_left,0.1187102347612381,-0.06083670258522034,-0.15657803798967507,-0.12071748077869415,0.0007911622524261475,-0.36474332596117165,0.11016954481601715,-0.24977561831474304,-0.011461246860562824,-0.14961232244968414,-0.2244139015674591,-0.1811477282171836,0.07492037117481232,-0.49982160329818726,-0.14185169721895363,-0.10428805649280548,-0.4942370057106018,-0.2399066873913398,0.1086150154922965,-0.030452554876154603,0.0007002562404412775,-0.19389661875638403,0.06357286915634719,1.3797440231869669,0.5107905631358242,0.44140928889114533,3.0499420804408515,3.5665792034460644,14.432201590525201
idle,shahzaib,swipe_left,0.12055209279060364,-0.06149280071258545,-0.19653678499162197,-0.12288326025009155,0.00031822919845581055,-0.3352456446737051,0.11254003643989563,-0.25050240755081177,-0.034776596352458,-0.14939367771148682,-0.22521817684173584,-0.161551957949996,0.07518956065177917,-0.501336008310318,-0.14185113273561,-0.10554814338684082,-0.49428287148475647,-0.22429958544671535,0.055813879677741506,-0.01988176143530568,-1.2108711212710723,-0.06562968095143387,-0.014331304665767243,0.8938691299231949,0.50718811414672,0.44554497770098744,4.579143583808303,2.8071492915784417,15.409794970263334
idle,shahzaib,swipe_left,0.121579110622406,-0.06266778707504272,-0.19861634424887598,-0.1311492919921875,-0.003582775592803955,-0.2830373828765005,0.11355900764465332,-0.25116902589797974,-0.03626521653495729,-0.14978274703025818,-0.22590649127960205,-0.1171634157653898,0.07539552450180054,-0.5022675096988678,-0.14601530483923852,-0.10753589868545532,-0.4917389452457428,-0.16183036915026605,0.031121752478860138,-0.03560564734719073,-0.0630169471895163,-0.2504858103665478,-0.11821226640181297,1.582068539309256,0.5035326985312064,0.44513785404622414,2.1189314701374857,0.8740433261070719,21.822000294495663
idle,shahzaib,swipe_left,0.12306088209152222,-0.06508970260620117,-0.20634495746344328,-0.1319338083267212,-0.00371551513671875,-0.2735133720561862,0.1144787073135376,-0.2519756555557251,-0.0408333083614707,-0.14978274703025818,-0.2268218994140625,-0.11540562938898802,0.07534551620483398,-0.5033076107501984,-0.1446831775829196,-0.10870113968849182,-0.49172013998031616,-0.1600906951352954,0.04490216573079499,-0.07339137973207532,-0.23420040044143717,-0.02377322225859709,-0.004022410421660516,0.288606388494377,0.5015505701329576,0.44509983852820645,5.908724133787365,0.6118096441989467,39.943512184861135
idle,shahzaib,swipe_left,0.12405425310134888,-0.06534871459007263,-0.2063464210368693,-0.13294783234596252,-0.003432363271713257,-0.26450401404872537,0.11454427242279053,-0.2533298432826996,-0.04083477193489671,-0.14978274703025818,-0.22703680396080017,-0.10688461968675256,0.07529717683792114,-0.5040920674800873,-0.14186462620273232,-0.10926222801208496,-0.4913828670978546,-0.15338002005591989,0.030102151812929575,-0.007848847996104972,-4.435070987903781e-05,-0.030728000583071187,0.008580359545621141,0.27301084871093867,0.5010042355886417,0.4461287751938462,3.580784655358129,3.8347432750119506,0.643123985355537
idle,shahzaib,swipe_left,0.12446516752243042,-0.06576034426689148,-0.2063464210368693,-0.13294783234596252,-0.007905453443527222,-0.25705072144046426,0.11505848169326782,-0.25600019097328186,-0.04083477193489671,-0.14978274703025818,-0.22703292965888977,-0.10299931326881051,0.07522392272949219,-0.5053799152374268,-0.14053268590942025,-0.10977903008460999,-0.49109917879104614,-0.14865201571956277,0.012451952153985679,-0.012473626570267638,0.0,0.0,-0.13554818702466045,0.22585735176547958,0.4957451452262602,0.4472376494667031,0.0,0.9981823571107129,4.6887220089886466
idle,shahzaib,swipe_left,0.12461744248867035,-0.06608998775482178,-0.2127769128419459,-0.13339190185070038,-0.00789940357208252,-0.2569869444705546,0.11588279902935028,-0.25665539503097534,-0.04483342031016946,-0.14945511519908905,-0.22747701406478882,-0.10291126975789666,0.0746714323759079,-0.5059485733509064,-0.14053268590942025,-0.11022309958934784,-0.49093663692474365,-0.14865201571956277,0.004614392916361564,-0.00998919660394858,-0.19486338803262732,-0.013456651658723062,0.00018332943771824984,0.001932635451808151,0.4955786708391528,0.44854142236124694,73.00326971805634,0.46189210275779224,7.94531381259004
idle,shahzaib,swipe_left,0.12424412369728088,-0.06603646278381348,-0.21279309783130884,-0.13444560766220093,-0.007887005805969238,-0.25700312945991755,0.11557021737098694,-0.258453905582428,-0.044849605299532413,-0.14973071217536926,-0.22776877880096436,-0.10292745474725962,0.07356694340705872,-0.506506472826004,-0.13811831269413233,-0.11127680540084839,-0.49062755703926086,-0.14866820070892572,-0.011312690648165796,0.0016219688184333828,-0.0004904542231198592,-0.03193047913638079,0.0003756898822206499,-0.0004904542231198592,0.49528950119170745,0.44962020626748816,84.76595906464297,6.97036845050769,0.5646379726949134
idle,shahzaib,swipe_left,0.12346045672893524,-0.06491157412528992,-0.20636260602623224,-0.1323373168706894,-0.00832483172416687,-0.25700312945991755,0.11523859202861786,-0.260055810213089,-0.044950623996555805,-0.15040193498134613,-0.22676804661750793,-0.10292745474725962,0.072532519698143,-0.5068106353282928,-0.13811831269413233,-0.1123112291097641,-0.4888726770877838,-0.15042512211948633,-0.02374748388926098,0.03408753510677324,0.19486338803261682,0.06388759974277139,-0.013267452066594401,0.0,0.4926318580068488,0.45002857535350504,4.815000229274624,0.6966413726749573,2.9329013123619374
idle,shahzaib,swipe_left,0.12144611775875092,-0.06388875842094421,-0.19574159290641546,-0.13285477459430695,-0.008196204900741577,-0.2570008775219321,0.11386744678020477,-0.26311054825782776,-0.04484735336154699,-0.15112169086933136,-0.2254057228565216,-0.1029252028092742,0.07033632695674896,-0.5089261829853058,-0.13721214141696692,-0.11332057416439056,-0.4865623116493225,-0.1504228701815009,-0.06104057485407146,0.030994415283203618,0.3218488824186954,-0.01568053707932006,0.0038977825280392428,6.824054501273524e-05,0.4904840351335483,0.45177009271349505,4.021906060814846,1.9693420557958867,2.466625405953783
idle,shahzaib,swipe_left,0.12032227218151093,-0.06155148148536682,-0.19417731929570436,-0.1326477974653244,-0.011075645685195923,-0.26331544388085604,0.11350147426128387,-0.26708605885505676,-0.04473343212157488,-0.14819829165935516,-0.22270217537879944,-0.10610732901841402,0.0689622014760971,-0.5108324885368347,-0.1341801481321454,-0.11187408864498138,-0.4837838411331177,-0.15291813481599092,-0.03405592658303055,0.07082657380537666,0.04740223062760978,0.006272034211592341,-0.08725578134710278,-0.1913504957249701,0.48587256649305316,0.45616985949060207,0.07188019217260062,0.48082864841044853,6.459026769037368
idle,shahzaib,swipe_left,0.12004028260707855,-0.05958518385887146,-0.19419919326901436,-0.13333357870578766,-0.013847380876541138,-0.26825282350182533,0.11277590692043304,-0.26667091250419617,-0.04475530609488487,-0.14546094834804535,-0.22257855534553528,-0.10837231203913689,0.06732384860515594,-0.5098131597042084,-0.12956011667847633,-0.11049740016460419,-0.4815725088119507,-0.15464257076382637,-0.008545138619162496,0.05958477656046324,-0.0006628476760603913,-0.020781249711006995,-0.08399197549530636,-0.14961756427179115,0.4818667615428066,0.45788913818755933,0.24741652011325968,0.14340903337043065,1.5103469785760453
idle,shahzaib,swipe_left,0.12010625004768372,-0.0594865083694458,-0.1928717396222055,-0.13075363636016846,-0.009956300258636475,-0.26832344150170684,0.11166968941688538,-0.2664666771888733,-0.04475037520751357,-0.14336854219436646,-0.21848851442337036,-0.11005351459607482,0.06625017523765564,-0.506367951631546,-0.12930006301030517,-0.11070117354393005,-0.47742709517478943,-0.1549853435717523,0.0019990133516716553,0.002990166346232144,0.04022586808511769,0.078180071079371,0.11791153387590075,-0.0021399393903486995,0.4814317914377036,0.45458207091042324,0.6630344417977911,0.6683056441142883,8.148530486008701
idle,shahzaib,swipe_left,0.121040478348732,-0.05990320444107056,-0.18691417458467185,-0.1278291791677475,-0.012269377708435059,-0.26950269821099937,0.11194784939289093,-0.2651463747024536,-0.04401630419306457,-0.13854573667049408,-0.21831119060516357,-0.11002300563268363,0.06649018824100494,-0.5042109787464142,-0.12680397811345756,-0.10859908163547516,-0.4762464463710785,-0.15495483460836112,0.02830994851661496,-0.012627153685598863,0.18053227386465867,0.08861991492184867,-0.07009325605450366,-0.03573505179674393,0.47829460581508615,0.45166178516541927,1.2642963904622926,2.2418121620502296,5.795998029880498
idle,shahzaib,swipe_left,0.12040461599826813,-0.058782100677490234,-0.18638363108038902,-0.1273096650838852,-0.010308265686035156,-0.27037372812628746,0.11087848246097565,-0.2631834149360657,-0.043240517377853394,-0.13637124001979828,-0.2167002558708191,-0.11041517183184624,0.06507237255573273,-0.5016047060489655,-0.12666713818907738,-0.10773192346096039,-0.4742503762245178,-0.15292319282889366,-0.01926855607466295,0.03397284132061637,0.016077075887358808,0.015742851026130697,0.05942763704242223,-0.02639484591782135,0.4789782856660623,0.4502439078050955,0.2649034507537654,0.5671585939553498,4.512401810326682
idle,shahzaib,swipe_left,0.11904188990592957,-0.05716145038604736,-0.1738420375622809,-0.12689751386642456,-0.018411993980407715,-0.2719430127181113,0.11082223057746887,-0.26150476932525635,-0.027068149764090776,-0.13244888186454773,-0.2178604006767273,-0.11267867172136903,0.06488892436027527,-0.49990513920783997,-0.11395694548264146,-0.10567176342010498,-0.47255080938339233,-0.1529093780554831,-0.04129473007086395,0.049110614892206354,0.38004828842750465,0.0124894308321399,-0.24556752407188642,-0.04755407854011384,0.4699591496275305,0.45004526652582855,0.05085924948786926,0.8408342947284576,9.26501690584636
idle,shahzaib,swipe_left,0.11909407377243042,-0.05694422125816345,-0.17180207604542375,-0.1272633671760559,-0.02398774027824402,-0.2732210182584822,0.11084723472595215,-0.26104602217674255,-0.012847169768065214,-0.13140514492988586,-0.2217988669872284,-0.11428709561005235,0.06500452756881714,-0.4990324079990387,-0.10201082611456513,-0.10548049211502075,-0.4719754159450531,-0.15502979094162583,0.0015813292879047068,0.006582700844967109,0.06181701566233878,-0.011086463928222833,-0.16896200902534522,-0.038727440617301864,0.4638282197214176,0.4508197671256878,0.06561474012669728,0.2401885087341946,2.4435100388069606
idle,shahzaib,swipe_left,0.11956515908241272,-0.05102798342704773,-0.1698892765416531,-0.12786543369293213,-0.021384447813034058,-0.27892065576452296,0.10871431231498718,-0.25523248314857483,-0.01217553454625886,-0.13398277759552002,-0.21771225333213806,-0.11439018479723018,0.06547626852989197,-0.4925711154937744,-0.1004326992406277,-0.10316023230552673,-0.4657761752605438,-0.15372421375650447,0.014275312423706282,0.17927993427623687,0.05796362132638447,-0.01824443990534031,0.07888765046090916,-0.1727162880618435,0.4623510608734895,0.4502334524298153,0.23126824706401564,0.07962537947125385,8.540601543054635
idle,shahzaib,swipe_left,0.11999604105949402,-0.05108729004859924,-0.16926301992498338,-0.12981614470481873,-0.022723108530044556,-0.2789637295063585,0.10675737261772156,-0.25149813294410706,-0.011422702809795737,-0.13512542843818665,-0.2135021984577179,-0.11061766720376909,0.06561699509620667,-0.48768165707588196,-0.10014812625013292,-0.10313940048217773,-0.46096664667129517,-0.1531218735035509,0.013057029608523712,-0.0017971703500458008,0.018977473232414645,-0.05911245490565221,-0.04056547627304386,-0.0013052649041072845,0.4567332045375214,0.44536343640617476,1.4571749961169789,7.261286233638065,6.4511289148488
idle,shahzaib,swipe_left,0.11973129212856293,-0.05537039041519165,-0.16575664549600333,-0.1287871152162552,-0.02405869960784912,-0.2789701250148937,0.10691390931606293,-0.24909931421279907,-0.008847966673783958,-0.13151966035366058,-0.21394222974777222,-0.1093171340180561,0.06645111739635468,-0.4849907457828522,-0.09726427763234824,-0.10139448940753937,-0.45879414677619934,-0.15272170573007315,-0.008022694876699864,-0.12979092019977198,0.1062537705751548,0.031182711774653152,-0.04047245690316929,-0.00019380328894564908,0.45352390052264896,0.4382962824634722,0.7704484410426373,0.06181197461561216,2.736425907098692
idle,shahzaib,swipe_left,0.11937540769577026,-0.054986655712127686,-0.14063849509693682,-0.128391832113266,-0.025624454021453857,-0.2789882665965706,0.10668760538101196,-0.24863481521606445,0.007725575705990195,-0.12866756319999695,-0.22003203630447388,-0.109335275599733,0.06805235147476196,-0.48433658480644226,-0.09728241921402514,-0.09942644834518433,-0.4583936929702759,-0.15273984731175005,-0.010784376751293007,0.011628324335271847,0.7611560726989972,0.011978275848157669,-0.04744710344256852,-0.0005497448993000205,0.45173761301123766,0.43457469671981885,0.25245004497716644,0.9273433641010332,0.6192376218826164
idle,shahzaib,swipe_left,0.11945655941963196,-0.05348175764083862,-0.14057697949465364,-0.12944456934928894,-0.02567899227142334,-0.2786095052724704,0.10716959834098816,-0.2471299171447754,0.007787091308273375,-0.12718531489372253,-0.22337716817855835,-0.10544878838118166,0.07218161225318909,-0.4805586040019989,-0.09899842587765306,-0.09839367866516113,-0.4576520323753357,-0.15308489499147981,0.0024591431473239777,0.04560297185724259,0.0018641091600962857,-0.03190112836433059,-0.0016526742414994047,0.011477615881823697,0.4509116243512563,0.43169240142521137,19.291059607607774,0.0539238809071721,1.9561748592911468
idle,shahzaib,swipe_left,0.11838456988334656,-0.04978027939796448,-0.1405878548976034,-0.13087108731269836,-0.03086712956428528,-0.27861194661818445,0.10604599118232727,-0.24326512217521667,0.007776215905323625,-0.1250559687614441,-0.22538027167320251,-0.10545966378413141,0.07109221816062927,-0.47634953260421753,-0.1001220231410116,-0.09551367163658142,-0.45397472381591797,-0.1537411843892187,-0.03248453140258841,0.11216600735982438,-0.00032955766514395745,-0.043227817073013534,-0.15721628160187942,-7.398017315250573e-05,0.4425639958427943,0.4310862765759987,0.27495588673565247,0.28960861279270983,4.739472329768663
idle,shahzaib,swipe_left,0.11621540784835815,-0.045630455017089844,-0.14056313643231988,-0.13153257966041565,-0.03682827949523926,-0.2780976057983935,0.10515856742858887,-0.23911654949188232,0.007800934370607138,-0.12397164106369019,-0.22916358709335327,-0.1054349453188479,0.07115888595581055,-0.4716944396495819,-0.1004249514080584,-0.09240919351577759,-0.45003336668014526,-0.15371646592393517,-0.06573218287843752,0.1257522539659,0.000749044402530711,-0.02004522265809987,-0.18064090699860832,0.015586085448211138,0.43328945449361883,0.4303157945776705,0.11096662447354644,0.5227076103832815,1.1057008190458566
idle,shahzaib,swipe_left,0.1157175749540329,-0.04268500208854675,-0.16528280428610742,-0.13484220206737518,-0.04009494185447693,-0.2781056349631399,0.10679797828197479,-0.23608025908470154,-0.006071551004424691,-0.12497265636920929,-0.22673073410987854,-0.1054429744835943,0.07183961570262909,-0.4676981270313263,-0.11687384149990976,-0.09111936390399933,-0.447187602519989,-0.16215423098765314,-0.015085845282583766,0.08925614934979205,-0.7490808440541799,-0.10029158808968444,-0.09898976846174919,-0.00024330802261829764,0.42553595503632013,0.43000565038116656,1.0131408175544965,0.16901553984727288,3.5021910086887402
idle,shahzaib,swipe_left,0.11059226095676422,-0.035709500312805176,-0.17753681307658553,-0.13936032354831696,-0.04332190752029419,-0.27853883570060134,0.1043253093957901,-0.22910475730895996,-0.015146284829825163,-0.1254441887140274,-0.22013956308364868,-0.10907064890488982,0.06985355913639069,-0.46034422516822815,-0.12863182788714767,-0.09388042986392975,-0.4406358599662781,-0.19002839690074325,-0.1553125453717722,0.21137884168913068,-0.3713335997114438,-0.13691277214974548,-0.09778683835809511,-0.013127295074588827,0.40958624893218293,0.42937860793876215,1.400100201094296,0.734755708636518,1.1769734751485625
idle,shahzaib,swipe_left,0.11018136143684387,-0.031228721141815186,-0.17753788526169956,-0.14009812474250793,-0.040186941623687744,-0.27853990788571537,0.10209193825721741,-0.22462397813796997,-0.015147357014939189,-0.1229073703289032,-0.21615314483642578,-0.10907172109000385,0.07035866379737854,-0.45586344599723816,-0.1286329000722617,-0.09197211265563965,-0.4361656904220581,-0.19002946908585727,-0.012451500603647142,0.13578118699969885,-3.249045800079051e-05,-0.022357611945181537,0.09499896656383319,-3.249045800079051e-05,0.40859439584489127,0.42929266750866385,0.2353433664648589,0.09170201834850956,6.807110554543609
idle,shahzaib,swipe_left,0.11216193437576294,-0.02845168113708496,-0.18847169494256377,-0.14407885074615479,-0.03196161985397339,-0.278559451457113,0.10383182764053345,-0.21447449922561646,-0.019353825133293867,-0.12090644240379333,-0.21164202690124512,-0.10909126466140151,0.0702022910118103,-0.44301286339759827,-0.1464484534226358,-0.0887419581413269,-0.42873066663742065,-0.19096127664670348,0.06001736178542724,0.08415272741606876,-0.3313275660867997,-0.12062806071657316,0.24925217483983292,-0.0005922294362928022,0.4100747351382656,0.4187929540194138,0.4839579708225875,0.7131872066544638,5.542344439415413
idle,shahzaib,swipe_left,0.11297699809074402,-0.02761465311050415,-0.19003101903945208,-0.14702138304710388,-0.040998220443725586,-0.27798318583518267,0.10442808270454407,-0.20993965864181519,-0.0279155308380723,-0.12059971690177917,-0.21811562776565552,-0.10895970929414034,0.07051447033882141,-0.4363876283168793,-0.14847841579467058,-0.08599227666854858,-0.42758622765541077,-0.19261370319873095,0.02469890045397116,0.025364485653962994,-0.047252245360249835,-0.08916764548330258,-0.27383638150763195,0.017462594603949666,0.40057806693687364,0.41306782779414425,0.3256226194991477,0.9737207791293485,15.889233557605703
idle,shahzaib,swipe_left,0.11447252333164215,-0.025422632694244385,-0.1904892527963966,-0.1495550125837326,-0.0366705060005188,-0.2780655378010124,0.10674889385700226,-0.2044169306755066,-0.02854748605750501,-0.12127755582332611,-0.22160857915878296,-0.11351004778407514,0.07206685841083527,-0.4274505376815796,-0.15386026143096387,-0.08063767850399017,-0.42645126581192017,-0.19455785094760358,0.04531894669388352,0.06642486109878183,-0.013885871422561953,-0.07677665262511404,0.1311428619153593,-0.002495514116052465,0.4045394584208309,0.4059142271642256,0.5854383995086706,0.6822485391117438,12.292727825928056
idle,shahzaib,swipe_left,0.11509625613689423,-0.020634710788726807,-0.19296918134205043,-0.1508898288011551,-0.037988901138305664,-0.27837158064357936,0.10979507863521576,-0.19972795248031616,-0.028615210903808475,-0.11903516948223114,-0.21989381313323975,-0.1157682694029063,0.0752585381269455,-0.4200938940048218,-0.15372159401886165,-0.07674820721149445,-0.4239126145839691,-0.19441918353550136,0.018900994098548035,0.14508854259144408,-0.07514934986829877,-0.04044897628553051,-0.03995136781172383,-0.009274025532332482,0.4018483515355356,0.40335475197721576,1.0124300135638256,0.13027123637553342,5.304232221470216
idle,shahzaib,swipe_left,0.11719919741153717,-0.024143874645233154,-0.19314643670804799,-0.15298305451869965,-0.04400438070297241,-0.286105363862589,0.11172021925449371,-0.2023528814315796,-0.04211410437710583,-0.12004019320011139,-0.22607582807540894,-0.1350682817865163,0.07727833092212677,-0.4184839129447937,-0.1828333728481084,-0.07095889747142792,-0.4252425730228424,-0.2109388702083379,0.06372549317099933,-0.10633829868201224,-0.005371374727198657,-0.06343108234983603,-0.1822872595353589,-0.23435706724272004,0.39714043283316325,0.3964897232886918,0.3479712983793789,0.5992656897386401,8.100043585997284
idle,shahzaib,swipe_left,0.1181400865316391,-0.02734607458114624,-0.217112883226946,-0.15607212483882904,-0.05554479360580444,-0.286105363862589,0.1129070371389389,-0.20194107294082642,-0.05909445439465344,-0.12285010516643524,-0.23011881113052368,-0.14195272256620228,0.0798027366399765,-0.41665250062942505,-0.1870576434303075,-0.06946034729480743,-0.423867404460907,-0.2357496612239629,0.028511791518239182,-0.09703636169433226,-0.726255955118094,-0.09360819151906902,-0.3497094819039877,0.0,0.3817051774140405,0.39234240555722905,0.2676733937439398,0.2938228226778397,8.775544815103851
idle,shahzaib,swipe_left,0.11590749025344849,-0.031011879444122314,-0.22516752779483795,-0.16463696956634521,-0.060552120208740234,-0.3105713576078415,0.11085373163223267,-0.20457196235656738,-0.0649481937289238,-0.1264159381389618,-0.22920852899551392,-0.1484568566083908,0.07925558090209961,-0.415505588054657,-0.18682338297367096,-0.07041403651237488,-0.4235595464706421,-0.23551540076732635,-0.06765443267244389,-0.11108499584776159,-0.24408013842097223,-0.2595407493186761,-0.1517371697859355,-0.7413937498561479,0.38247320074984126,0.38813534734966987,1.710451297025811,0.6090275570393344,23.791089195233628
idle,shahzaib,swipe_left,0.11729998886585236,-0.03108850121498108,-0.2653488963842392,-0.1752513200044632,-0.07056394219398499,-0.31801436841487885,0.11212928593158722,-0.20476171374320984,-0.08169032633304596,-0.1277417093515396,-0.235599547624588,-0.15241016447544098,0.08083637058734894,-0.4150872528553009,-0.19036749005317688,-0.06667368113994598,-0.4279930591583252,-0.23551540076732635,0.042196927648602785,-0.0023218718442050263,-1.2176172299818753,-0.32164698297327726,-0.3033885450074215,-0.22554578203143855,0.3825581746325824,0.3929463678603841,1.060178204115139,18.165844040803787,16.401595976404383
idle,shahzaib,swipe_left,0.11768831312656403,-0.03122931718826294,-0.2945847362279892,-0.19223709404468536,-0.07511425018310547,-0.32501573860645294,0.11267276108264923,-0.20494389533996582,-0.09244486689567566,-0.131147101521492,-0.2367546558380127,-0.15534868836402893,0.07989193499088287,-0.4149485230445862,-0.19036749005317688,-0.06926922500133514,-0.42799288034439087,-0.23551540076732635,0.011767401839747128,-0.004267150705510758,-0.8859345407196634,-0.5147204254612583,-0.13788812088243366,-0.21216273307799488,0.3842586822895295,0.39941235527139646,3.732857401419773,2.757025853036029,7.716680237211823
idle,shahzaib,swipe_left,0.11588926613330841,-0.0326482355594635,-0.31503792107105255,-0.20796217024326324,-0.08681586384773254,-0.33727408945560455,0.1099330335855484,-0.20485535264015198,-0.11177591979503632,-0.13570354878902435,-0.2398490011692047,-0.1561312973499298,0.07897402346134186,-0.4146050214767456,-0.18736562132835388,-0.07274426519870758,-0.4280856251716614,-0.22497911751270294,-0.05451657555320133,-0.0429975264000177,-0.6197934800928387,-0.47651746056297367,-0.3545943534735534,-0.37146517724702444,0.3838737977023007,0.4044180233018555,1.3438344746909199,1.2678707880830746,8.232074969310819
idle,shahzaib,swipe_left,0.11439317464828491,-0.03524741530418396,-0.31916898349300027,-0.21978086233139038,-0.1015806496143341,-0.337239442858845,0.1093565821647644,-0.20485535264015198,-0.11587851354852319,-0.13788408041000366,-0.2480672299861908,-0.15609665075317025,0.07882559299468994,-0.41441696882247925,-0.19033284345641732,-0.07422944903373718,-0.4281303286552429,-0.21076811710372567,-0.045336105606773404,-0.07876302256728789,-0.12518370975599344,-0.3581421844887068,-0.4474177505030848,0.001049896871501766,0.37922935412876774,0.4020365084908018,0.8004630652738761,0.5755940863487882,12.173990001995412
idle,shahzaib,swipe_left,0.11427938938140869,-0.035511791706085205,-0.31917177326977253,-0.22827911376953125,-0.12692666053771973,-0.33724223263561726,0.10969042778015137,-0.2051008939743042,-0.12015042640268803,-0.1424662172794342,-0.2584356665611267,-0.1560994405299425,0.07850676774978638,-0.41449156403541565,-0.18733376450836658,-0.07494756579399109,-0.42839470505714417,-0.2036596853286028,-0.003448038390188561,-0.008011406118219676,-8.453869006850637e-05,-0.2575227708527577,-0.7680609370723037,-8.453869006850637e-05,0.36364521503241565,0.4028481213154194,0.3352890677467787,0.4303374466189317,10.183694201166693
idle,shahzaib,swipe_left,0.11471597850322723,-0.035856664180755615,-0.3191506515722722,-0.2368365377187729,-0.1436169147491455,-0.3372211109381169,0.11087702214717865,-0.2052355408668518,-0.12012930470518768,-0.14737491309642792,-0.2656681537628174,-0.15235718595795333,0.07991956174373627,-0.4130752384662628,-0.18218112993054092,-0.07486708462238312,-0.4287395775318146,-0.20278340089134872,0.01322997338844018,-0.010450681050618093,0.0006400514394044633,-0.25931587724973676,-0.5057652791340954,0.0006400514394044633,0.35440447859930063,0.4028216643429889,0.5127187951195605,1.2658225336543143,7.9485693242105215
idle,shahzaib,swipe_left,0.11509159207344055,-0.036099404096603394,-0.3191225992050022,-0.24405831098556519,-0.1629178822040558,-0.3371930585708469,0.11095240712165833,-0.2050590217113495,-0.12010125233791769,-0.1526978611946106,-0.27724573016166687,-0.15232913359068334,0.0804239809513092,-0.41169673204421997,-0.1729174272622913,-0.0749906599521637,-0.42902764678001404,-0.181796403368935,0.01138222940040314,-0.007355755025689973,0.0008500717354542959,-0.21884161414521283,-0.5848778016639257,0.0008500717354542959,0.35149167540151766,0.4045381914295638,0.374165747711541,1.5471807013630479,2.6928810177517937
idle,shahzaib,swipe_left,0.11462736129760742,-0.036023616790771484,-0.3092722164001316,-0.24452254176139832,-0.18457835912704468,-0.36284949048422277,0.1104881763458252,-0.2042037844657898,-0.11169488891027868,-0.15584608912467957,-0.2818748354911804,-0.16169332130812109,0.07999622821807861,-0.41086655855178833,-0.15519152744673193,-0.07520151138305664,-0.4291220009326935,-0.1718302385415882,-0.014067599267671585,0.002296585025209529,0.29849644863246344,-0.014067599267671585,-0.6563780885754668,-0.7774676337387165,0.35349619331567983,0.4067522649903494,0.021432125904867507,6.122776355747132,24.484082249714966
idle,shahzaib,swipe_left,0.11378827691078186,-0.036023616790771484,-0.27992431982420385,-0.24536162614822388,-0.20476722717285156,-0.36284949048422277,0.10964909195899963,-0.2042037844657898,-0.09265771671198308,-0.15668517351150513,-0.2901686429977417,-0.16854903264902532,0.07938686013221741,-0.41086655855178833,-0.14451462193392217,-0.07504290342330933,-0.4291220009326935,-0.1664397285785526,-0.02542679960077363,0.0,0.8893301992705037,-0.02542679960077363,-0.611783880175943,0.0,0.34339529174308464,0.4000330920650977,0.04156166722110089,25426.79960077363,23.60085904426751
idle,shahzaib,swipe_left,0.11363714933395386,-0.035898298025131226,-0.26757489307783544,-0.24551275372505188,-0.2235240638256073,-0.44623513682745397,0.10949796438217163,-0.20407846570014954,-0.08294883533380926,-0.15683630108833313,-0.29626724123954773,-0.17522870167158544,0.0792357325553894,-0.41074123978614807,-0.13680435880087316,-0.07491037249565125,-0.42901524901390076,-0.1633073107805103,-0.004579623540242339,0.003797538352734971,0.3742250529202406,-0.004579623540242339,-0.568388989477425,-2.526837767976607,0.38907576951396095,0.3984866636407142,0.008057185427302868,1.205627827068004,76.58473779628045
swipe_left,shahzaib,swipe_left,0.11329072713851929,-0.0356082022190094,-0.26702837529592216,-0.2433517575263977,-0.2409345805644989,-0.5187999445479363,0.10909253358840942,-0.2037883698940277,-0.0804176542442292,-0.15683630108833313,-0.31036683917045593,-0.21073551359586418,0.0792357325553894,-0.41045114398002625,-0.1358852523844689,-0.07435175776481628,-0.42948204278945923,-0.15561957540921867,-0.010497642285896802,0.008790782003692316,0.0165611449064642,0.06548473329255532,-0.5275914163300853,-2.1989335672874972,0.4427314377346865,0.3985793425794651,0.12411992906961185,1.1940289558462744,10.23572584009268
swipe_left,shahzaib,swipe_left,0.11325681209564209,-0.03620642423629761,-0.26383146829903126,-0.24153926968574524,-0.26240992546081543,-0.8069431204348803,0.1087915301322937,-0.20291608572006226,-0.07964521087706089,-0.15235358476638794,-0.3212493062019348,-0.3438774961978197,0.07908356189727783,-0.4081870913505554,-0.1227539349347353,-0.07283461093902588,-0.4313102662563324,-0.15557816810905933,-0.0010277285720362418,-0.0181279399178238,0.09687596960275095,0.05492387395916355,-0.6507680271610823,-8.731611390513121,0.693732576806155,0.3992997597745863,0.08439841428649993,0.05668994307967294,197.99537971083504
swipe_left,shahzaib,swipe_left,0.11327183246612549,-0.03705185651779175,-0.2183413659222424,-0.23231035470962524,-0.2850070595741272,-0.861297816503793,0.10873079299926758,-0.20078808069229126,-0.04063764261081815,-0.1489720344543457,-0.33402520418167114,-0.3614031677134335,0.0790758728981018,-0.405012845993042,-0.09143632696941495,-0.07127061486244202,-0.4320901930332184,-0.1632346068508923,0.0004551627419211965,-0.025619160045278776,1.3784879508118797,0.2796640901854739,-0.684761639797374,-1.6471120020883798,0.7313408853804789,0.39072950021466485,0.40841026354508536,0.017765804004220998,214.79226369396937
swipe_left,shahzaib,swipe_left,0.11333298683166504,-0.032528042793273926,-0.1030483664944768,-0.21867650747299194,-0.30669134855270386,-0.873100814409554,0.10868555307388306,-0.1955597996711731,0.024825994856655598,-0.14241838455200195,-0.3342416286468506,-0.3648729594424367,0.07927596569061279,-0.3999512493610382,-0.08679869491606951,-0.07011222839355469,-0.42877617478370667,-0.16323910374194384,0.0018531625921075292,0.13708526437932275,3.493727255386704,0.41314688595856924,-0.6570996660174496,-0.3576666032048653,0.7354452379927365,0.3693558517743372,0.6287421506701043,0.013518222270465842,39.29185231881145
swipe_left,shahzaib,swipe_left,0.11315076053142548,-0.027483612298965454,-0.09143219701945782,-0.2058349996805191,-0.320100337266922,-0.8730948772281408,0.10812579095363617,-0.19127371907234192,0.032319897785782814,-0.13757671415805817,-0.3346122205257416,-0.3707449045032263,0.07913784682750702,-0.3964630365371704,-0.07501898519694805,-0.06981934607028961,-0.4254835844039917,-0.15365918539464474,-0.005522009098168366,0.15286153013055395,0.3520051356066224,0.38913659977188947,-0.40633299133992823,0.00017991458827798336,0.739725355444919,0.37090711415678995,0.9576767094691523,0.03612402001623441,13.26132585120086
swipe_left,shahzaib,swipe_left,0.11162126064300537,-0.021180182695388794,-0.07648014090955257,-0.18767794966697693,-0.3374617397785187,-0.8730836417526007,0.10699927806854248,-0.18671515583992004,0.037726642563939095,-0.1343553066253662,-0.34393322467803955,-0.40687396191060543,0.07875913381576538,-0.3908573091030121,-0.0582053754478693,-0.06914913654327393,-0.4243413209915161,-0.15251951478421688,-0.04634848146727914,0.19101301829021514,0.4530926093910996,0.5502136367740437,-0.5261031064120573,0.0003404689557624823,0.735397717052459,0.37158453173038164,1.0458265390217334,0.24264439794601916,6.082590285689004
swipe_left,shahzaib,swipe_left,0.11010777950286865,-0.01595929265022278,-0.06867098622024059,-0.16246595978736877,-0.3458830714225769,-0.8823235314339399,0.10671883821487427,-0.1808778941631317,0.046141354367136955,-0.12713578343391418,-0.34371811151504517,-0.4077117722481489,0.07886803150177002,-0.3849705159664154,-0.05114823020994663,-0.06729769706726074,-0.4239087700843811,-0.13485432974994183,-0.045863064852626104,0.15820878924744902,0.2366410511912632,0.7639996933214303,-0.2551918680017548,-0.2799966570102701,0.7575323196715369,0.37074553505967056,2.993812872999949,0.2898876553137536,13.473310735398503
swipe_left,shahzaib,swipe_left,0.10912197828292847,-0.0086841881275177,-0.04280154500156641,-0.14067041873931885,-0.3539605140686035,-0.8823308842256665,0.10607218742370605,-0.17383801937103271,0.06615859549492598,-0.11843004822731018,-0.33638569712638855,-0.40892078448086977,0.07821249961853027,-0.3779270052909851,-0.023184972815215588,-0.06376424431800842,-0.4205779731273651,-0.11954447347670794,-0.029872764240610552,0.22045771280923643,0.7839224611719152,0.6604709408499727,-0.2447709892735244,-0.00022281187050269467,0.769542431538928,0.371053181905857,2.6983109579254956,0.1355027608569027,9.045350576837576
swipe_left,shahzaib,swipe_left,0.108542300760746,-0.00720582902431488,-0.04281530017033219,-0.1284252181649208,-0.3638138771057129,-0.8682169676758349,0.10502774268388748,-0.17419277131557465,0.0665052249096334,-0.11329933255910873,-0.3347752243280411,-0.4077328802086413,0.07750356942415237,-0.376675009727478,-0.00367962708696723,-0.06367310136556625,-0.41943249106407166,-0.11662585893645883,-0.017565985520681972,0.044798760703118876,-0.00041682329593285665,0.3710666840726938,-0.29858675870030493,0.4276944409040186,0.756422806097708,0.3728303625513082,1.2427391052060395,0.3920999854684282,15.739037349723565
swipe_left,shahzaib,swipe_left,0.10796262323856354,-0.0068055689334869385,-0.041112158447504044,-0.11618001759052277,-0.3635112941265106,-0.8486091494560242,0.10398329794406891,-0.17454752326011658,0.06649540364742279,-0.10816861689090729,-0.3331647515296936,-0.40987133979797363,0.07679463922977448,-0.37542301416397095,-0.0037432489916682243,-0.06358195841312408,-0.4182870090007782,-0.11668948084115982,-0.017565985520680078,0.012129093661452326,0.0516103552372147,0.37106668407265386,0.009169181187947243,0.5941763096912116,0.7358487181985908,0.3718154105861394,40.46448772030399,1.448132719411906,10.6030268895596
swipe_left,shahzaib,swipe_left,0.10763886570930481,-0.002847731113433838,-0.02436896739527583,-0.09095874428749084,-0.3558468818664551,-0.8479516133666039,0.10143902897834778,-0.168978750705719,0.07268477603793144,-0.10013341903686523,-0.3217369019985199,-0.41922082751989365,0.07458856701850891,-0.3678382337093353,-0.002930113347247243,-0.06326359510421753,-0.4111917316913605,-0.11663961410522461,-0.009810834219961083,0.11993447939554396,0.5073694258250782,0.7642810091827565,0.23225491697137127,0.019925336043039202,0.7339259594496577,0.3671103562849355,3.2906847719921153,0.08180093388050101,22.14711915335886
swipe_left,shahzaib,swipe_left,0.10616616904735565,-0.0015565752983093262,-0.019231602549552917,-0.07894767820835114,-0.352863609790802,-0.8480682801455259,0.09972052276134491,-0.16466784477233887,0.07856233604252338,-0.09901095926761627,-0.3032180070877075,-0.4242392312735319,0.07263462245464325,-0.36396080255508423,0.003806033171713352,-0.06283898651599884,-0.4113188683986664,-0.11968865059316158,-0.04462717157422001,0.0391259337916546,0.1556777225976749,0.36397169936789536,0.09040218411070558,-0.003535356937033004,0.7308990299308045,0.3646805742154429,4.026093803534446,1.1405742093631308,12.889305703721423
swipe_left,shahzaib,swipe_left,0.10518309473991394,-0.00020396709442138672,-0.013360386714339256,-0.05022445321083069,-0.35151100158691406,-0.8416552878916264,0.09746512770652771,-0.16357046365737915,0.07920799776911736,-0.08636072278022766,-0.29732680320739746,-0.4332876540720463,0.06941583752632141,-0.3649357855319977,0.009603211656212807,-0.06355196237564087,-0.4106113612651825,-0.15020789578557014,-0.02979013052853558,0.04098812739054206,0.17791563137010422,0.8704007575005867,0.04098812739054206,0.19433309860301004,0.6940965142290408,0.36720011290778276,21.2349179626943,0.7267812814041372,16.544013302209915
swipe_left,shahzaib,swipe_left,0.10287800431251526,0.0004246532917022705,-0.013385547325015068,-0.027281910181045532,-0.3495528995990753,-0.8196270875632763,0.0937255322933197,-0.1636122763156891,0.08736765757203102,-0.08246386051177979,-0.2966981828212738,-0.42417819425463676,0.06468501687049866,-0.3679332137107849,0.009578051045536995,-0.06444457173347473,-0.410408079624176,-0.1765800081193447,-0.06985122507268468,0.01904910260980707,-0.0007624427477518429,0.6952285766601299,0.05933642387389912,0.6675212220711889,0.6469883791312776,0.3710438644183354,11.716527804402066,3.666711224784951,15.300148336952347
swipe_left,shahzaib,swipe_left,0.09982500970363617,0.0004246532917022705,-0.004838625900447369,0.004514977335929871,-0.34830623865127563,-0.6937442570924759,0.09034024178981781,-0.17568358778953552,0.08902642130851746,-0.0731372982263565,-0.2966981828212738,-0.43331052362918854,0.06009159982204437,-0.39019712805747986,0.009580342099070549,-0.06438793241977692,-0.4167574346065521,-0.18101075291633606,-0.09251498814785765,0.0,0.258997618926312,0.9635420459690188,0.037777604478780896,3.814631226388157,0.5218513423430607,0.39290205721451493,25.504966614375906,92514.98814785766,95.71517223673682
swipe_left,shahzaib,swipe_left,0.09667856991291046,0.0013115108013153076,-0.0048124054446816444,0.03051067888736725,-0.3458310067653656,-0.6857851948589087,0.0842449814081192,-0.17660579085350037,0.08905264176428318,-0.0654132217168808,-0.29730305075645447,-0.4360130336135626,0.056119754910469055,-0.3911310136318207,0.010204452089965343,-0.06377480924129486,-0.42005059123039246,-0.19694376550614834,-0.09534666032501785,0.026874469988272833,0.0007945592656279754,0.7877485318617089,0.07500702684575578,0.2411837040474829,0.5033530004295903,0.39481851332994844,10.502189765391522,3.5477206674570736,108.42311001159112
swipe_left,shahzaib,swipe_left,0.09488092362880707,0.003501027822494507,-0.0048092929646372795,0.044744059443473816,-0.34493762254714966,-0.6762398555874825,0.07983098924160004,-0.17771223187446594,0.08905575424432755,-0.057854607701301575,-0.2981621325016022,-0.43328119069337845,0.05183492600917816,-0.3921011686325073,0.010207564570009708,-0.063013955950737,-0.426871120929718,-0.19846723228693008,-0.05447412982131289,0.0663490006417914,9.431757710196398e-05,0.43131456230624327,0.027072249036845714,0.2892527051947224,0.49657987032741957,0.39822049389917996,15.931392708693357,0.8210117452056459,10.995179946042636
swipe_left,shahzaib,swipe_left,0.09470033645629883,0.003794074058532715,-0.013398101553320885,0.0645400881767273,-0.3438737690448761,-0.6467630453407764,0.07833999395370483,-0.17934852838516235,0.0873551033437252,-0.04822295904159546,-0.298488974571228,-0.43051551654934883,0.05043262243270874,-0.3932945728302002,0.010163386352360249,-0.06176033616065979,-0.42854467034339905,-0.22033961489796638,-0.005472338560856132,0.008880188970855407,-0.2602669269298244,0.5998796585834806,0.03223798491738284,0.8932366741426686,0.45272276367013214,0.4002426360411004,18.607275015660722,0.6161718412719523,19.002622004000262
swipe_left,shahzaib,swipe_left,0.09496834874153137,0.0034619569778442383,-0.004814089275896549,0.07678684592247009,-0.34259259700775146,-0.6243628021329641,0.0790611207485199,-0.17968064546585083,0.08816489018499851,-0.04285973310470581,-0.2988210916519165,-0.43047613464295864,0.05092945694923401,-0.39382609724998474,0.010202768258750439,-0.0612926185131073,-0.4288767874240875,-0.22215921245515347,0.008121584400985872,-0.010064153960256485,0.26012158416436393,0.371113871083101,0.03882339506438137,0.6787952487215594,0.43391085209330166,0.40000341002626955,9.558780515902273,0.8069011594909489,9.503866986112433
swipe_left,shahzaib,swipe_left,0.09536778926849365,0.0031689703464508057,-0.0028443485498428345,0.09203535318374634,-0.33543089032173157,-0.5949078258126974,0.08014971017837524,-0.1810738742351532,0.08611504919826984,-0.03739440441131592,-0.29911407828330994,-0.42670626007020473,0.051404595375061035,-0.3946663737297058,0.00488085113465786,-0.06068909168243408,-0.42916977405548096,-0.23003928922116756,0.012104258392797216,-0.008878382769498578,0.05968911291072279,0.4620759776144639,0.21702141472789083,0.8925750400081448,0.40649819603262316,0.4003316151937927,2.1291624563012466,1.3631869136643546,8.872654733473944
swipe_left,shahzaib,swipe_left,0.09519994258880615,0.0002282261848449707,-0.002918137237429619,0.09911918640136719,-0.3266546428203583,-0.5741813220083714,0.07893252372741699,-0.18849509954452515,0.08604126051068306,-0.03240227699279785,-0.2954140305519104,-0.4267800487577915,0.04932659864425659,-0.39827874302864075,0.0048070624470710754,-0.06044754385948181,-0.4321105182170868,-0.23099886253476143,-0.0050862630208331405,-0.08911345944259769,-0.002236020835963078,0.21466161265516912,0.26594689398099874,0.6280758728583415,0.3928825314927921,0.4012129695143695,0.8071566555458647,0.057075619968378004,11.074809474459604
swipe_left,shahzaib,swipe_left,0.09426398575305939,-0.005701720714569092,0.003921162337064743,0.11142666637897491,-0.3155973553657532,-0.5343713611364365,0.07766522467136383,-0.19232726097106934,0.0860629752278328,-0.020611032843589783,-0.2918725609779358,-0.40089277923107147,0.04872263967990875,-0.4019313156604767,0.00482877716422081,-0.06003434956073761,-0.4323350489139557,-0.2309771478176117,-0.028362328355961506,-0.1796953605882981,0.20725150225739705,0.3729539387153715,0.33506931680620256,1.206362450664648,0.36752498929648436,0.3988392281080523,1.1130617067792372,0.15783474001981804,18.28881988735369
swipe_left,shahzaib,swipe_left,0.0931122899055481,-0.010730355978012085,0.00391170009970665,0.11238986253738403,-0.29801246523857117,-0.5276090204715729,0.07369107007980347,-0.19603142142295837,0.08707332611083984,-0.015506863594055176,-0.2819225490093231,-0.4001980721950531,0.048745155334472656,-0.4044223427772522,0.004819314926862717,-0.05972445011138916,-0.43114516139030457,-0.23519782721996307,-0.03489987416701127,-0.15238288677101042,-0.00028673446539678553,0.029187762376035934,0.5328754583994919,0.20491941408678965,0.3644886244343158,0.39618511691462543,0.054773976061359746,0.22902601388200475,32.640043814303695
swipe_left,shahzaib,swipe_left,0.09318943321704865,-0.014265686273574829,0.00391170009970665,0.11314542591571808,-0.27551236748695374,-0.4788699150085449,0.07136793434619904,-0.19660302996635437,0.08707332611083984,-0.01475130021572113,-0.27092310786247253,-0.3752126097679138,0.0495007187128067,-0.4049939513206482,0.0014764233492314816,-0.05910481512546539,-0.427020788192749,-0.23519782721996307,0.0023376761060771634,-0.10713122107765485,0.0,0.02289585994951566,0.6818211439883812,1.4769425897886699,0.3346655546224565,0.3931707154081806,0.03358039945077792,0.02182047644081511,38.80997671680227
swipe_left,shahzaib,swipe_left,0.09058265388011932,-0.016258984804153442,0.00391170009970665,0.114333376288414,-0.24369892477989197,-0.4368031919002533,0.07255588471889496,-0.19779834151268005,0.08707332611083984,-0.013563349843025208,-0.2594224512577057,-0.3538781404495239,0.050688669085502625,-0.4061892628669739,0.0005539976409636438,-0.058105722069740295,-0.4258456230163574,-0.2364199459552765,-0.07899331324027947,-0.06040298577510721,0.0,0.03599849614229933,0.9640437183957746,1.274749185099698,0.32103910599250096,0.39198013462258907,0.03734110612856516,1.307750013954096,10.527999899871121
swipe_left,shahzaib,swipe_left,0.08905033767223358,-0.01970803737640381,-0.015137557871639729,0.113029345870018,-0.20638209581375122,-0.35707160271704197,0.07255588471889496,-0.1986370086669922,0.0860524158924818,-0.013563349843025208,-0.22702711820602417,-0.29186796583235264,0.050688669085502625,-0.407027930021286,-0.0005298772884998471,-0.05934225022792816,-0.4179685711860657,-0.23787865974009037,-0.046433824481389364,-0.10451674461365475,-0.5772502415559911,-0.03951607328472991,1.130812998974041,2.4161087631277844,0.2978049048577598,0.38948902575967437,0.03494480376134523,0.44426737921900206,35.028731870723725
swipe_left,shahzaib,swipe_left,0.08871810138225555,-0.029609471559524536,-0.07357784546911716,0.10608486831188202,-0.15888848900794983,-0.35728459246456623,0.07255588471889496,-0.1989808976650238,0.05984577722847462,-0.013838544487953186,-0.21138295531272888,-0.2920809555798769,0.05222861468791962,-0.4034040868282318,-0.002154779387637973,-0.06043820083141327,-0.41314515471458435,-0.24060656316578388,-0.010067766362970144,-0.3000434600945561,-1.7709178059840975,-0.2104387138829007,1.4392002062363514,-0.0064542347734622245,0.3255612801519946,0.38230243448293183,0.14621910610623934,0.03355424845970289,74.18444673417821
swipe_left,shahzaib,swipe_left,0.08871810138225555,-0.04858201742172241,-0.19896498508751392,0.09755782783031464,-0.10795128345489502,-0.3570574540644884,0.07731275260448456,-0.19953835010528564,-0.04351607523858547,-0.027371779084205627,-0.19263511896133423,-0.2918538171797991,0.05459068715572357,-0.40241676568984985,-0.05807979218661785,-0.06193239986896515,-0.4057990610599518,-0.24513852782547474,0.0,-0.5749256321877927,-3.7996102914664243,-0.2583951661080927,1.543551683425845,0.006882981820539734,0.3559161100685571,0.38237723135992435,0.16740288095291728,0.0,3.5034986381031805
swipe_left,shahzaib,swipe_left,0.08798335492610931,-0.04896986484527588,-0.22615923173725605,0.07664661109447479,-0.05922609567642212,-0.35727440007030964,0.08361344039440155,-0.1999261975288391,-0.05435930751264095,-0.04169674217700958,-0.1750149130821228,-0.2920707631856203,0.05716572701931,-0.4020247459411621,-0.09466362930834293,-0.06340579688549042,-0.39820268750190735,-0.2519735265523195,-0.022265044125645197,-0.011752952228893753,-0.8240680802952735,-0.6336732344194335,1.476520841772009,-0.00657412138852252,0.3815862690798242,0.3780060432236171,0.4291661772229168,1.8942602192063458,11.559239996937809
swipe_left,shahzaib,swipe_left,0.08639588952064514,-0.05185455083847046,-0.2321334406733513,0.04476472735404968,-0.007205843925476074,-0.393756739795208,0.08490899205207825,-0.20270878076553345,-0.07673224061727524,-0.05034583806991577,-0.16226929426193237,-0.3106079027056694,0.05736777186393738,-0.4046249985694885,-0.1494693085551262,-0.06647977232933044,-0.39335376024246216,-0.33060746639966965,-0.04810501228679128,-0.08741472706649911,-0.18103663442712156,-0.9661176891037546,1.5763712651801234,-1.1055254462089987,0.40678419673844274,0.36348724756983425,0.6128740719714209,0.5503015750266164,34.9232851617933
swipe_left,shahzaib,swipe_left,0.08498376607894897,-0.05253121256828308,-0.2460726723074913,0.005014181137084961,0.01897105574607849,-0.43581507354974747,0.08462738990783691,-0.20338544249534607,-0.0865667313337326,-0.0644347071647644,-0.16227367520332336,-0.31062594801187515,0.056256115436553955,-0.4052949547767639,-0.1548970267176628,-0.06868138909339905,-0.38800308108329773,-0.3306255117058754,-0.04279161944533677,-0.02050490090341201,-0.4224009586102875,-1.204562006574643,0.7932393839864719,-1.274494962258724,0.42675968535057035,0.3654867084821075,1.518533386463574,2.086795388649157,25.32981585755202
swipe_left,shahzaib,swipe_left,0.08999791741371155,-0.046043574810028076,-0.24592215940356255,-0.04125010967254639,0.037024080753326416,-0.4356645606458187,0.0860079824924469,-0.2035927176475525,-0.08641621842980385,-0.07785272598266602,-0.16237938404083252,-0.3104754351079464,0.05722585320472717,-0.40550222992897034,-0.19081486389040947,-0.06997376680374146,-0.3840925991535187,-0.33047499880194664,0.1519439798413007,0.1965950835834987,0.0045609970887505215,-1.4019482063525628,0.5470613638560359,0.0045609970887505215,0.43500477065850723,0.3651319582715411,2.562684437786507,0.7728738898136124,39.92128476883869
idle,shahzaib,swipe_left,0.09430021047592163,-0.03169888257980347,-0.2534019211307168,-0.07245290279388428,0.03441131114959717,-0.43569450173527,0.0878264307975769,-0.2059788703918457,-0.08963961992412806,-0.08872866630554199,-0.16499215364456177,-0.3105053761973977,0.05934643745422363,-0.4067656397819519,-0.19470952544361353,-0.07221329212188721,-0.3867053687572479,-0.33050493989139795,0.13037251703666425,0.4346876433401232,-0.22665944627739307,-0.9455391854950518,-0.07917483647664088,-0.000907305740948845,0.43405547966814584,0.3812369813096301,11.942269606131823,0.2999216083376118,23.482617201198195
idle,shahzaib,swipe_left,0.09707900881767273,-0.028141558170318604,-0.25346121564507484,-0.10636726021766663,0.03170359134674072,-0.43575379624962807,0.09034779667854309,-0.20715093612670898,-0.0896989144384861,-0.09885495901107788,-0.1676998734474182,-0.26898813620209694,0.06089910864830017,-0.40878549218177795,-0.19476881995797157,-0.07289734482765198,-0.3884572386741638,-0.32668695226311684,0.08420601035609071,0.1077977093783251,-0.0017968034653951946,-1.0277078007206384,-0.08205211523807099,-0.0017968034653951946,0.4353744764880552,0.3868379337493642,12.52490899021714,0.7811411735975928,2.4916299309715852
idle,shahzaib,swipe_left,0.09950476884841919,-0.027462869882583618,-0.24598296312615275,-0.1263071596622467,0.03140506148338318,-0.38527945009991527,0.09208208322525024,-0.2073400914669037,-0.08967048255726695,-0.10688099265098572,-0.16799840331077576,-0.23325653700158,0.06175774335861206,-0.408882200717926,-0.19474038807675242,-0.07389634847640991,-0.3885002136230469,-0.29258770076557994,0.07350787971959483,0.020566311749546446,0.2266137126946246,-0.6042393771085294,-0.00904635949568378,1.5295256409004947,0.43319636838969855,0.386692830766103,66.78626812572149,3.5740149522076377,48.196145904642975
idle,shahzaib,swipe_left,0.10016191005706787,-0.0262870192527771,-0.23436434287577868,-0.14350271224975586,0.01718050241470337,-0.3626484991982579,0.09382861852645874,-0.20396941900253296,-0.08481730986386538,-0.11492767930030823,-0.1737748384475708,-0.21681970078498125,0.06336820125579834,-0.4071878492832184,-0.1929706009104848,-0.07591339945793152,-0.3894113004207611,-0.2835518540814519,0.019913369959050204,0.03563183726686285,0.3520794015264739,-0.5210773511366213,-0.4310472445054324,0.6857863909592874,0.4196921355057755,0.38490604204028944,1.2088608590309533,0.5588488452354834,28.698371080371608
idle,shahzaib,swipe_left,0.10022036731243134,-0.02703574299812317,-0.22840807074680924,-0.1589071899652481,0.0007311999797821045,-0.31960633629933,0.09489034116268158,-0.20291653275489807,-0.08058584714308381,-0.12381152808666229,-0.17740455269813538,-0.17220527166500688,0.06447993218898773,-0.404269278049469,-0.1929823630489409,-0.0792609304189682,-0.39037084579467773,-0.24187873536720872,0.0017714319807111646,-0.022688598343821864,0.18049309481726808,-0.4668023550149492,-0.498463710149164,1.3043079666342705,0.4066274914652773,0.3805752217841341,0.9364802472681769,0.07807242569340178,18.92568460476075
idle,shahzaib,swipe_left,0.10111509263515472,-0.02767843008041382,-0.2242885436862707,-0.17027850449085236,-0.006640493869781494,-0.3140426632016897,0.09575162827968597,-0.20372051000595093,-0.07546102814376354,-0.13244493305683136,-0.18762922286987305,-0.162778427824378,0.065727099776268,-0.40301600098609924,-0.18645725212991238,-0.08026622235774994,-0.39179491996765137,-0.22299016080796719,0.027112888567374385,-0.01947536613001894,0.1248341533496477,-0.34458528865466115,-0.22338466210797936,0.16859615447394136,0.40587769225438786,0.3788955117084171,1.5425577693885149,1.3920917478330448,35.60376284347835
idle,shahzaib,swipe_left,0.10227929055690765,-0.025200992822647095,-0.21550116688013077,-0.17708273231983185,-0.02068355679512024,-0.28376171737909317,0.09722666442394257,-0.20325800776481628,-0.07505755871534348,-0.1402387171983719,-0.21148428320884705,-0.1437213346362114,0.06637363135814667,-0.40258607268333435,-0.18615948408842087,-0.08035542070865631,-0.3921096622943878,-0.2129473313689232,0.035278724901602596,0.07507385629595847,0.2662841456405943,-0.20618872209027983,-0.4255473613738852,0.9176044188665273,0.3902924569138838,0.3802231571235558,0.48452477040352926,0.4699139850834688,23.88057112899234
idle,shahzaib,swipe_left,0.10296975076198578,-0.02268195152282715,-0.21548664942383766,-0.18043376505374908,-0.03813016414642334,-0.2710179127752781,0.09967432916164398,-0.20105308294296265,-0.07504304125905037,-0.14299429953098297,-0.22305673360824585,-0.1418927051126957,0.06741087138652802,-0.4017273485660553,-0.1831057108938694,-0.08046649396419525,-0.39276087284088135,-0.20971446111798286,0.0209230365175204,0.076334584843034,0.00043992291797294216,-0.10154644648234758,-0.528685071251646,0.38617589708533234,0.3735164093093156,0.3820842473881623,0.1920732396863414,0.2740928305002661,16.70803864543199
idle,shahzaib,swipe_left,0.10511893033981323,-0.021113604307174683,-0.21548128686845303,-0.18032962083816528,-0.048891156911849976,-0.26560754142701626,0.10135000944137573,-0.19982478022575378,-0.07503767870366573,-0.14380446076393127,-0.2291596233844757,-0.13670380972325802,0.06841039657592773,-0.4007771909236908,-0.18310034833848476,-0.08036234974861145,-0.39354461431503296,-0.20823841355741024,0.06512665387355673,0.04752567320158807,0.0001625016783222946,0.003155885320721131,-0.32609068986140083,0.16395064691701902,0.36341529662574634,0.38280606138577894,0.009677907836481455,1.3703179601340278,9.64908268040229
idle,shahzaib,swipe_left,0.10667185485363007,-0.01990330219268799,-0.21548128686845303,-0.17997492849826813,-0.054449498653411865,-0.26560754142701626,0.10322444140911102,-0.19482117891311646,-0.07503767870366573,-0.14344976842403412,-0.23159074783325195,-0.13670380972325802,0.06937770545482635,-0.39860084652900696,-0.18613960407674313,-0.0800076574087143,-0.3942680358886719,-0.20636609755456448,0.047058318600508325,0.03667582165111056,0.0,0.010748252724155827,-0.16843459822914178,0.0,0.35913735841582534,0.3816590337130616,0.06381223943844565,1.2830533421939363,6.896379980650306
idle,shahzaib,swipe_left,0.10772539675235748,-0.018587201833724976,-0.2180142984725535,-0.1795874685049057,-0.0546775758266449,-0.2656081751920283,0.10476841032505035,-0.19196179509162903,-0.07577690342441201,-0.1430623084306717,-0.23181882500648499,-0.13670444348827004,0.07062949240207672,-0.396754652261734,-0.1864326731301844,-0.07962019741535187,-0.3947722017765045,-0.2063667313195765,0.03192551208265123,0.03988182905948801,-0.07675792739698917,0.011741211920074357,-0.00691142949191055,-1.9205000364420526e-05,0.3593986067880065,0.38129270349962324,1.6985651620482805,0.8004826346454036,4.89473399832312
idle,shahzaib,swipe_left,0.10824543237686157,-0.01510930061340332,-0.2470469269901514,-0.17765691876411438,-0.05498480796813965,-0.2693499270826578,0.10546964406967163,-0.18824905157089233,-0.09480888582766056,-0.14268770813941956,-0.23212605714797974,-0.13674659468233585,0.0722312331199646,-0.3940925896167755,-0.19080566801130772,-0.07901370525360107,-0.3951868712902069,-0.20636179484426975,0.01575865528800211,0.1053909460703492,-0.879776621745358,0.058501507296704475,-0.00931006489377998,-0.11338642092816328,0.3597713610936163,0.38482260212135977,6.2830092974418985,0.14952428411828736,3.7168373656238374
idle,shahzaib,swipe_left,0.10905048251152039,-0.010836094617843628,-0.27805878035724163,-0.17100012302398682,-0.05574104189872742,-0.26935227029025555,0.1064843237400055,-0.18458768725395203,-0.1065212469547987,-0.13894712924957275,-0.2328822910785675,-0.13674893788993359,0.07390663027763367,-0.39238816499710083,-0.19380293600261211,-0.07823681831359863,-0.39599156379699707,-0.20636413805186749,0.024395458626023728,0.12949109077453122,-0.9397531323360319,0.20172108303416095,-0.022916179714779997,-7.100629084037743e-05,0.35824984739106014,0.39232144992142154,8.802177473175933,0.18839342603943715,5.549456779756124
idle,shahzaib,swipe_left,0.10935942083597183,-0.009710833430290222,-0.28533374157268554,-0.1686074361205101,-0.053216829895973206,-0.2702961751492694,0.10660306364297867,-0.18352074921131134,-0.1171005928190425,-0.13856666535139084,-0.22899384796619415,-0.13964175072032958,0.07432911545038223,-0.39241814613342285,-0.20238120493013412,-0.07810837775468826,-0.3965572416782379,-0.20681582775432616,0.009361767407620245,0.034098823865257095,-0.22045337016498232,0.0725056637417237,0.07649127281073902,-0.028603177545876404,0.3606972032512842,0.39315789808586427,0.9478821987826249,0.2745400517202836,5.015362166871808
idle,shahzaib,swipe_left,0.10965006053447723,-0.00861552357673645,-0.29260610952042043,-0.16623304784297943,-0.047750383615493774,-0.27123748674057424,0.1067035049200058,-0.1824837625026703,-0.1276773454155773,-0.13820450007915497,-0.22513535618782043,-0.14253197028301656,0.07473330199718475,-0.3924780786037445,-0.2109568805899471,-0.07799823582172394,-0.3971528708934784,-0.20836571766994894,0.008807263591072442,0.033191207683446376,-0.22037478629498838,0.0719511599251691,0.16564988728724922,-0.02852459367590312,0.3658146245225012,0.3940003017302845,0.4343542078371194,0.2653413016412524,2.701829497046192
