ground_truth,person_id,video_label,left_wrist_x,left_wrist_y,left_wrist_z,right_wrist_x,right_wrist_y,right_wrist_z,left_elbow_x,left_elbow_y,left_elbow_z,right_elbow_x,right_elbow_y,right_elbow_z,left_shoulder_x,left_shoulder_y,left_shoulder_z,right_shoulder_x,right_shoulder_y,right_shoulder_z,left_wrist_x_vel,left_wrist_y_vel,left_wrist_z_vel,right_wrist_x_vel,right_wrist_y_vel,right_wrist_z_vel,right_arm_len,left_arm_len,right_horiz_ratio,left_horiz_ratio,right_wrist_acc
idle,shahzaib,swipe_right,0.12868165969848633,-0.029504835605621338,-0.22230541799217463,-0.11297911405563354,-0.00920647382736206,-0.3402183363214135,0.1092221736907959,-0.201066792011261,-0.048512508161365986,-0.1168510913848877,-0.18240666389465332,-0.16259962413460016,0.07269608974456787,-0.41558602452278137,-0.15337024722248316,-0.08183816075325012,-0.41083917021751404,-0.2037878343835473,-0.3641703815171197,0.19481687834768502,-0.01409160904586309,-0.002971652782324576,-0.013447169101599434,-0.03180502575229501,0.42531384134686157,0.3961630046430376,0.22097080724328103,1.86928625137369,0.0
idle,shahzaib,swipe_right,0.11832001805305481,-0.023574233055114746,-0.22985743079334497,-0.11324578523635864,-0.009226441383361816,-0.3403513738885522,0.10717317461967468,-0.20107340812683105,-0.05829413700848818,-0.11717638373374939,-0.18276172876358032,-0.16545261535793543,0.0727408230304718,-0.41482439637184143,-0.1663568029180169,-0.08214077353477478,-0.4109358489513397,-0.2133366772904992,-0.3139891407706529,0.1797152288032305,-0.2288488727627384,-0.008080944870457525,-0.0006050774545380579,-0.0040314414284446124,0.4224579304894949,0.3989818079246632,13.33318837378085,1.7471384908395584,0.9400760816110012
idle,shahzaib,swipe_right,0.1108483374118805,-0.022485971450805664,-0.2316654457245022,-0.11328199505805969,-0.009273052215576172,-0.3406432701740414,0.10464492440223694,-0.20079272985458374,-0.06148667470552027,-0.11741718649864197,-0.1833556890487671,-0.16998188034631312,0.07260492444038391,-0.41443362832069397,-0.16804367140866816,-0.08236673474311829,-0.4113563001155853,-0.22089677886106074,-0.22641456488407075,0.03297762437300257,-0.054788331247188966,-0.0010972673242742393,-0.0014124494610410782,-0.00884534198452128,0.4206731673686005,0.3989150968923075,0.7763046041038111,6.865494519214132,0.2581939821251508
idle,shahzaib,swipe_right,0.10371333360671997,-0.02127346396446228,-0.23604272142983973,-0.11425426602363586,-0.00913730263710022,-0.3429826630745083,0.1017693281173706,-0.20067128539085388,-0.06239059776999056,-0.11864715814590454,-0.18365314602851868,-0.1741526855621487,0.07156121730804443,-0.413860559463501,-0.17231371835805476,-0.0835564136505127,-0.4118894040584564,-0.22475947276689112,-0.21621223652001492,0.03674265110131451,-0.13264471834356079,-0.029462756532611142,0.004113623590180351,-0.0708906939535427,0.42086617358270967,0.39902352307524236,7.160498618372948,5.884342737847299,2.074101122387989
idle,shahzaib,swipe_right,0.0971405953168869,-0.01987859606742859,-0.23724487284198403,-0.11462090909481049,-0.008856326341629028,-0.35509325424209237,0.10011504590511322,-0.2004590928554535,-0.07000011811032891,-0.11924256384372711,-0.18379703164100647,-0.18607088783755898,0.07100825011730194,-0.4133615493774414,-0.17992329457774758,-0.08416177332401276,-0.41213667392730713,-0.2372357831336558,-0.19917388757069954,0.042268724152536206,-0.03642883067103959,-0.011110396096200681,0.008514433196096731,-0.3669876111389119,0.42125192129746447,0.39849403677583806,1.3047364520801383,4.711975097162989,8.990841203768547
idle,shahzaib,swipe_right,0.09691104292869568,-0.01994156837463379,-0.2360164630226791,-0.11468565464019775,-0.008900165557861328,-0.3596726465038955,0.09967830777168274,-0.20049256086349487,-0.06999358860775828,-0.11947211623191833,-0.1841246485710144,-0.18754615960642695,0.07097771763801575,-0.4128304421901703,-0.17991676507517695,-0.0843895971775055,-0.4124067723751068,-0.23722925363108516,-0.006956132975491628,-0.0019082517334909198,0.03722453997893776,-0.001961986223856613,-0.0013284610979484822,-0.1387694624788837,0.4227621285086393,0.3977202291039189,1.4757755807102542,3.643381778039753,6.927679628886143
idle,shahzaib,swipe_right,0.09669673442840576,-0.01954549551010132,-0.23601712146773934,-0.11489996314048767,-0.00887143611907959,-0.3596733049489558,0.09946399927139282,-0.1996246576309204,-0.06999424705281854,-0.11968642473220825,-0.184156596660614,-0.1875468180514872,0.07097494602203369,-0.4122704267501831,-0.1799174235202372,-0.08460390567779541,-0.4125971794128418,-0.2372299120761454,-0.006494196978482305,0.012002208016135425,-1.995288061373153e-05,-0.006494196978482305,0.0008705890539920654,-1.995288061373153e-05,0.4229712890422811,0.3975445360285437,7.450985012647285,0.5410384432022189,4.207300835580845
idle,shahzaib,swipe_right,0.09669673442840576,-0.019362419843673706,-0.23601552983745933,-0.11489996314048767,-0.008688360452651978,-0.35967171331867576,0.09946399927139282,-0.19937440752983093,-0.06999265542253852,-0.11968642473220825,-0.184014230966568,-0.1875452264212072,0.07106637954711914,-0.4117032289505005,-0.1799158318899572,-0.08460351824760437,-0.4124657213687897,-0.2372283204458654,0.0,0.005547747467503417,4.823122060660172e-05,0.0,0.005547747467503417,4.823122060660172e-05,0.4230205860472441,0.3971591641794775,0.0,0.0,0.24252848950267342
idle,shahzaib,swipe_right,0.099301278591156,-0.01954859495162964,-0.2151529206894338,-0.11489996314048767,-0.008507192134857178,-0.35967171331867576,0.09946399927139282,-0.19780367612838745,-0.059250598307698965,-0.11974060535430908,-0.1838475465774536,-0.1875452264212072,0.07106637954711914,-0.4110215902328491,-0.1792954965494573,-0.08460292220115662,-0.4123152196407318,-0.23591539403423667,0.07892558068940153,-0.005641669938058578,0.6322002772128958,0.0,0.0054899490240848565,0.0,0.42343176584981995,0.3941244352034403,0.0,13.987275803084938,0.002281178368750721
idle,shahzaib,swipe_right,0.10077518224716187,-0.01951184868812561,-0.21420994540676475,-0.11490151286125183,-0.00853756070137024,-0.34572708746418357,0.09956085681915283,-0.19776692986488342,-0.05897547071799636,-0.11974146962165833,-0.18400558829307556,-0.18091040989384055,0.07110375165939331,-0.41073521971702576,-0.1760250641964376,-0.08456555008888245,-0.4122784733772278,-0.23277065297588706,0.044663747151692516,0.001113523136485702,0.02857500856572919,-4.6961235277580296e-05,-0.0009202595913048908,0.4225644198330948,0.42034051826818913,0.39420071662211376,0.050975029970720245,40.074311326120686,12.806455768714514
idle,shahzaib,swipe_right,0.10857407748699188,-0.021177858114242554,-0.20578873297199607,-0.11442007124423981,-0.00946018099784851,-0.34572708746418357,0.10024254024028778,-0.19770357012748718,-0.048095797654241323,-0.11921419203281403,-0.18394222855567932,-0.15443615755066276,0.07164381444454193,-0.4106718599796295,-0.1616033329628408,-0.08402548730373383,-0.41221511363983154,-0.2100484981201589,0.23633015878272837,-0.050485134124755984,0.25518825559905145,0.014589139909455307,-0.027958190802371934,0.0,0.4260798588372246,0.3937280424245493,0.5218012213793265,4.681090419772175,12.838831210795503
idle,shahzaib,swipe_right,0.12670114636421204,-0.023662716150283813,-0.1927966857329011,-0.11404034495353699,-0.010310560464859009,-0.34572113398462534,0.10141214728355408,-0.19770357012748718,-0.026340686716139317,-0.11876294016838074,-0.18394222855567932,-0.15443020407110453,0.07145306468009949,-0.4106718599796295,-0.12192376051098108,-0.08355307579040527,-0.4121844470500946,-0.17314811889082193,0.5493051174915174,-0.07529872836488634,0.39369840118469446,0.011506857294024795,-0.02576907475789377,0.00018040847146149762,0.43842164617946744,0.3973051717091151,0.4465201363259556,7.294914993978499,0.11469303621673482
idle,shahzaib,swipe_right,0.14245393872261047,-0.026420950889587402,-0.1901595825329423,-0.11376240849494934,-0.010538876056671143,-0.34572113398462534,0.10438701510429382,-0.1984388828277588,-0.023924016393721104,-0.11858579516410828,-0.18414145708084106,-0.15443020407110453,0.07067212462425232,-0.41087108850479126,-0.12183117214590311,-0.08358284831047058,-0.4121306538581848,-0.1683334792032838,0.47735734419389325,-0.08358287088798774,0.07991221818056993,0.0084223169268984,-0.0069186542973374045,0.0,0.44006038440142886,0.39701802076684134,1.2171586274388304,5.711117936062191,0.5788475996737753
idle,shahzaib,swipe_right,0.15665718913078308,-0.03813058137893677,-0.1883687460795045,-0.11335411667823792,-0.011013925075531006,-0.36097211483865976,0.10853758454322815,-0.20272856950759888,-0.020193924196064472,-0.11836454272270203,-0.18380510807037354,-0.15443020407110453,0.07012799382209778,-0.4115893840789795,-0.12128511164337397,-0.08366268873214722,-0.4119493067264557,-0.1683334792032838,0.43040152752038313,-0.35483728755604227,0.05426777131629726,0.01237247929428566,-0.014395424813935286,-0.4621509349707413,0.44580310125941214,0.38917732843021374,0.8594133233905054,1.212951202320315,14.006917895115043
idle,shahzaib,swipe_right,0.1758178174495697,-0.04694032669067383,-0.1882151449099183,-0.11275309324264526,-0.011562824249267578,-0.4231230104342103,0.11374691128730774,-0.20765399932861328,-0.017164449207484722,-0.11774429678916931,-0.18393868207931519,-0.1792883211746812,0.07016095519065857,-0.4130101203918457,-0.11807180289179087,-0.08344018459320068,-0.4117862582206726,-0.1683334792032838,0.5806251005692891,-0.26696197914354614,0.004654580896550939,0.018212831381595417,-0.016633308295047573,-1.8833604725924324,0.47534802927773834,0.3874152227678838,1.094895625267316,2.174927409156184,43.067372718732635
swipe_right,shahzaib,swipe_right,0.19104450941085815,-0.05683183670043945,-0.1882624877616763,-0.11255824565887451,-0.012792885303497314,-0.4231703532859683,0.11904364824295044,-0.21255069971084595,-0.01325527299195528,-0.11728021502494812,-0.18438029289245605,-0.1793356640264392,0.07034993171691895,-0.41495874524116516,-0.1118728993460536,-0.08334216475486755,-0.4114419221878052,-0.1683808220550418,0.461414907917833,-0.29974272756865605,-0.001434631871454647,0.005904472235477347,-0.03727457740090119,-0.001434631871454647,0.47401723514768007,0.38556119219128354,0.15840055734011507,1.5393646821588496,57.03270554682917
swipe_right,shahzaib,swipe_right,0.20641835033893585,-0.0771598219871521,-0.18783611012622714,-0.11271770298480988,-0.014733850955963135,-0.4231764073483646,0.1264830380678177,-0.21926122903823853,-0.010804145131260157,-0.11722932755947113,-0.18544846773147583,-0.17934171808883548,0.07052721083164215,-0.4169457256793976,-0.11039430601522326,-0.08367572724819183,-0.41120487451553345,-0.16838687611743808,0.46587396751750715,-0.615999554142809,0.012920534407550671,-0.00483204017985952,-0.05881714098381288,-0.0001834564362511495,0.472176253216884,0.37405627272980435,0.08215220846897095,0.7562882279640001,0.7303722993291195
swipe_right,shahzaib,swipe_right,0.21859127283096313,-0.09332334995269775,-0.18781571369618177,-0.11306267976760864,-0.015511095523834229,-0.4251826284453273,0.13299262523651123,-0.2239735722541809,-0.010684440843760967,-0.11770516633987427,-0.185419499874115,-0.17934674303978682,0.07056182622909546,-0.4176449477672577,-0.10580891650170088,-0.08431658148765564,-0.40987932682037354,-0.16483111958950758,0.3688764391523403,-0.4898038777438056,0.0006180736377383697,-0.010453841902992898,-0.023552865693063346,-0.06079457869583884,0.4734295598986014,0.3658173460298747,0.4438270150309795,0.7531089540216515,2.1317663640754207
swipe_right,shahzaib,swipe_right,0.2293711006641388,-0.11256024241447449,-0.17154873767867684,-0.1131756603717804,-0.015712589025497437,-0.4265660778619349,0.1367453634738922,-0.23094335198402405,0.005086367018520832,-0.11812138557434082,-0.1849021017551422,-0.1771144554950297,0.07059505581855774,-0.41774317622184753,-0.09766065934672952,-0.08482113480567932,-0.4085724353790283,-0.16426260629668832,0.3266614494901723,-0.582936135205357,0.4929386671971203,-0.0034236546718713094,-0.0061058636867638945,-0.041922709594170354,0.47322927761517325,0.35186063096582626,0.5606240531112211,0.560371658901257,0.8074315380365821
swipe_right,shahzaib,swipe_right,0.23825860023498535,-0.13635888695716858,-0.15947034815326333,-0.11316964030265808,-0.016114085912704468,-0.4265811280347407,0.1401054859161377,-0.24428686499595642,0.029006927739828825,-0.11837911605834961,-0.1847001016139984,-0.17712950566783547,0.07028728723526001,-0.4180799424648285,-0.07723555574193597,-0.0850430428981781,-0.4080168604850769,-0.1503074006177485,0.2693181688135309,-0.7211710467483028,0.36601180380040793,0.00018242633703983115,-0.012166572339606956,-0.00045606584259957786,0.4803187094627441,0.33814741783745117,0.014992829460812887,0.3734451023550639,1.2746084775399313
swipe_right,shahzaib,swipe_right,0.24619784951210022,-0.1543605625629425,-0.15948181226849556,-0.11327502131462097,-0.016417473554611206,-0.4265925921499729,0.14483824372291565,-0.2509290874004364,0.032863419502973557,-0.11863034963607788,-0.18450656533241272,-0.1771409697830677,0.07022389769554138,-0.41848820447921753,-0.07008807733654976,-0.08518746495246887,-0.4076577126979828,-0.1404101587831974,0.24058331142772388,-0.54550532138709,-0.00034739743127967457,-0.0031933639988754813,-0.00919356490626482,-0.00034739743127967457,0.48554940090076165,0.3297294084355709,0.34730996316091556,0.4410275408284527,0.13635199416424837
swipe_right,shahzaib,swipe_right,0.24867770075798035,-0.1713075339794159,-0.15950500592589378,-0.1133871078491211,-0.01707741618156433,-0.46067799255251884,0.14866915345191956,-0.2591337263584137,0.033624518662691116,-0.11883172392845154,-0.18443241715431213,-0.17716416344046593,0.07008913159370422,-0.4189666211605072,-0.0606687068939209,-0.0853014588356018,-0.40735581517219543,-0.13658985123038292,0.07514700745091313,-0.5135445883779828,-0.0007028381029764828,-0.003396561651518859,-0.01999826142282202,-1.0328909212892732,0.5080739668048714,0.3209322584375905,0.16983435436485148,0.14632976925819288,31.290911312679135
swipe_right,shahzaib,swipe_right,0.24864739179611206,-0.1975824534893036,-0.1595296673476696,-0.11350655555725098,-0.01758226752281189,-0.4715682826936245,0.14863884449005127,-0.26821377873420715,0.0335998572409153,-0.11906927824020386,-0.18385985493659973,-0.17859221622347832,0.06947988271713257,-0.4196607768535614,-0.05703572928905487,-0.08573976159095764,-0.4067428708076477,-0.13617129251360893,-0.0009184533899480608,-0.7962096821178055,-0.0007473158113884172,-0.0036196275190873424,-0.015298525492350196,-0.33000879215471535,0.5144979212960898,0.30319100474224037,0.23658429935602684,0.0011535306051221358,21.2999356503234
swipe_right,shahzaib,swipe_right,0.24851538240909576,-0.2191685140132904,-0.16040971502661705,-0.11367987096309662,-0.017392843961715698,-0.4715682826936245,0.14850683510303497,-0.2749846875667572,0.0335998572409153,-0.11939378082752228,-0.1825118362903595,-0.17859221622347832,0.06856812536716461,-0.42055949568748474,-0.056858308613300323,-0.08659137785434723,-0.4052959978580475,-0.13518252596259117,-0.004000284455039294,-0.6541230461814203,-0.02666811148325609,-0.005251981995322501,0.005740107912005814,0.0,0.5141575834247064,0.28924425074111054,0.9148028700766184,0.006115482955246414,10.020689871762142
swipe_right,shahzaib,swipe_right,0.24849660694599152,-0.23655608296394348,-0.17471886798739433,-0.11369927227497101,-0.016645580530166626,-0.4715682826936245,0.14848805963993073,-0.2795209586620331,0.0335998572409153,-0.11953423917293549,-0.1809510886669159,-0.17859221622347832,0.06766743957996368,-0.4207596182823181,-0.05232285335659981,-0.08733321726322174,-0.4037855863571167,-0.13076938316226006,-0.0005689534274014574,-0.5268960288076703,-0.4336106957811309,-0.0005879185416481726,0.022644346410578005,0.0,0.5164459728668261,0.2856762408594391,0.025962002567271235,0.0010798190088278875,0.5313900263180136
swipe_right,shahzaib,swipe_right,0.24310731887817383,-0.2524106800556183,-0.2913703881204128,-0.11374622583389282,-0.013831168413162231,-0.4715682826936245,0.14819824695587158,-0.2914108335971832,-0.015879690647125244,-0.11963236331939697,-0.17811521887779236,-0.17859221622347832,0.06549257040023804,-0.42120474576950073,-0.052282270044088364,-0.08835238218307495,-0.40080446004867554,-0.12018129602074623,-0.16331175963083833,-0.4804423361113557,-3.534894549485394,-0.0014228351188428413,0.08528521566679947,0.0,0.5233220711355787,0.34234713917656934,0.01668306077035527,0.3399188777445889,1.8983767622296743
swipe_right,shahzaib,swipe_right,0.24262253940105438,-0.2688404619693756,-0.3627697299234569,-0.11374755203723907,-0.01144149899482727,-0.4131346712820232,0.1413959115743637,-0.30445608496665955,-0.04274573875591159,-0.1198338121175766,-0.17570719122886658,-0.15667106909677386,0.06334762275218964,-0.42176371812820435,-0.02765043592080474,-0.08923868834972382,-0.39840471744537354,-0.08749315841123462,-0.014690287185437788,-0.4978721792047686,-2.1636164182740685,-4.0187980189468023e-05,0.0724142247980293,1.770715497321256,0.5063433733521496,0.4096705496206826,0.0005549658970410556,0.029506082671297843,53.65947923888193
swipe_right,shahzaib,swipe_right,0.23200413584709167,-0.2846563458442688,-0.4253118224442005,-0.11375036835670471,-0.009959816932678223,-0.3945529945194721,0.13582190871238708,-0.3154926896095276,-0.07723627611994743,-0.12003490328788757,-0.1740049123764038,-0.1450922228395939,0.061046093702316284,-0.42362189292907715,-0.02663971483707428,-0.08965665102005005,-0.3969230353832245,-0.08068408444523811,-0.3217698046655374,-0.4792692083300978,-1.895214924871023,-8.534301411021861e-05,0.04489945642875914,0.5630811140167005,0.49883337133745514,0.4554970085900268,0.0019007159592158546,0.671374517073922,36.60447854619582
swipe_right,shahzaib,swipe_right,0.2147606462240219,-0.30347010493278503,-0.4626815072260797,-0.113763228058815,-0.008243471384048462,-0.387685542460531,0.12873487174510956,-0.31999126076698303,-0.09531982755288482,-0.12030200660228729,-0.17184826731681824,-0.14380451058968902,0.056718215346336365,-0.4257224202156067,-0.02573231002315879,-0.09043879806995392,-0.39583396911621094,-0.07431954657658935,-0.5225299885778729,-0.5701139117732207,-1.132414690359978,-0.00038968794273607757,0.05201047117059894,0.2081046078467013,0.4989676045024419,0.48046606486412285,0.007492346091459157,0.9165345052151942,10.759025898381868
swipe_right,shahzaib,swipe_right,0.1928025782108307,-0.31190764904022217,-0.5063329171389341,-0.11377668380737305,-0.007464289665222168,-0.3141446243971586,0.12363460659980774,-0.32352209091186523,-0.15357729606330395,-0.12033578753471375,-0.17138415575027466,-0.10076834075152874,0.05621656775474548,-0.4265453517436981,-0.025050941854715347,-0.09070995450019836,-0.3953799307346344,-0.05077581666409969,-0.6653960003997267,-0.25568315477081943,-1.3227699973592106,-0.0004077499563043723,0.023611567237160163,2.228512668587017,0.4694398230593102,0.5132542068672402,0.01726834495415127,2.6024139078784505,61.23053450907816
swipe_right,shahzaib,swipe_right,0.17608095705509186,-0.32142502069473267,-0.5063021503156051,-0.11377765238285065,-0.005417943000793457,-0.2889201365178451,0.1194998174905777,-0.32233065366744995,-0.15354652923997492,-0.12033675611019135,-0.17019271850585938,-0.0826704449718818,0.05520619451999664,-0.42627111077308655,-0.02354367298539728,-0.09090299904346466,-0.39434880018234253,-0.03275232610758394,-0.5067157925981476,-0.288405201651834,0.0009323279796676226,-2.935077204848788e-05,0.06201050498268836,0.7643784205852603,0.4662750352782777,0.5085854483337237,0.0004733117194411211,1.7569517912442763,44.38296190451303
swipe_right,shahzaib,swipe_right,0.15131507813930511,-0.3335714638233185,-0.5148448711261153,-0.11377529799938202,-0.005238622426986694,-0.2338557904586196,0.10918401181697845,-0.32228884100914,-0.1569550996646285,-0.12033440172672272,-0.17015090584754944,-0.0429876996204257,0.053932711482048035,-0.4262908697128296,-0.017807177267968655,-0.0910239964723587,-0.39449626207351685,-0.006900330074131489,-0.7504811792662668,-0.3680740341995711,-0.25887032759121936,7.134495359478593e-05,0.005433956782023125,1.6686165472492618,0.4511628450379047,0.5149045374436868,0.013127050767131998,2.0389352972507075,27.454737869062143
swipe_right,shahzaib,swipe_right,0.13564929366111755,-0.3412601947784424,-0.5238941479474306,-0.11370199918746948,-0.0048220157623291016,-0.12121028639376163,0.1065843403339386,-0.3218722343444824,-0.16987051256000996,-0.12026110291481018,-0.17143458127975464,0.025366736575961113,0.05368521809577942,-0.425922691822052,-0.0069486768916249275,-0.09095069766044617,-0.39596953988075256,0.02058529481291771,-0.4747207417632606,-0.2329918471249673,-0.2742205097368276,0.0022211761185617213,0.012624444383563449,3.4135001231775224,0.4166773262308452,0.5302060619552067,0.17592854960839083,2.0374906252321168,52.87574896564458
swipe_right,shahzaib,swipe_right,0.10644921660423279,-0.3446832597255707,-0.5148289888165891,-0.11368027329444885,-0.004733830690383911,0.08462407300248742,0.09624627232551575,-0.31919005513191223,-0.17082608630880713,-0.12014564871788025,-0.17260649800300598,0.1397461504675448,0.052728861570358276,-0.42625218629837036,-0.006926317233592272,-0.09085109829902649,-0.3975090980529785,0.052324837539345026,-0.8848508199056011,-0.10372924082206983,0.2747017918436823,0.0006583603945645436,0.0026722749074300197,6.237404830189381,0.394761728760822,0.517208362392131,0.2462748566317353,8.530307197718745,85.57341443672796
swipe_right,shahzaib,swipe_right,0.0884198397397995,-0.34679028391838074,-0.5062220580875874,-0.11352576315402985,-0.004643648862838745,0.10755110159516335,0.08848743140697479,-0.3180824816226959,-0.16980772092938423,-0.11982409656047821,-0.1730162799358368,0.146039467304945,0.048953279852867126,-0.42693063616752625,-0.006885885260999203,-0.09068562090396881,-0.3974423110485077,0.05481026694178581,-0.5463447534676694,-0.06384921796394047,0.26081608269702017,0.0046821254672425655,0.0027327826528837887,0.6947584422022931,0.3969811793432898,0.5072639341615273,1.7126911908316946,8.556662308908932,167.95902572341248
swipe_right,shahzaib,swipe_right,0.058577507734298706,-0.344502717256546,-0.48289653193205595,-0.11376991868019104,-0.004632741212844849,0.12691103387624025,0.07865825295448303,-0.3154328763484955,-0.1698299301788211,-0.11910626292228699,-0.17348942160606384,0.16423896420747042,0.04804632067680359,-0.4265587031841278,-0.006908094510436058,-0.09068462252616882,-0.3951603174209595,0.05850502569228411,-0.9043130910757838,0.06932020187377946,0.7068341259251959,-0.007398652307914984,0.0003305348482998943,0.5866646145780896,0.39714493655738226,0.4831242938276472,22.316363862969943,13.045259843047203,3.2967679802121514
swipe_right,shahzaib,swipe_right,0.032732442021369934,-0.34134939312934875,-0.482870364561677,-0.11380116641521454,-0.0038872063159942627,0.12693720124661922,0.07406337559223175,-0.31093719601631165,-0.17078169621527195,-0.11753202974796295,-0.173598974943161,0.1642651315778494,0.04796023666858673,-0.42555737495422363,-0.010125146247446537,-0.08959825336933136,-0.3921242952346802,0.05853119306266308,-0.783183809482692,0.09555527658173556,0.0007929506175445807,-0.0009469010613181398,0.022591966571229933,0.0007929506175445807,0.3949597449964055,0.4804278420031521,0.04191132042500038,8.196047789836008,17.76757405640321
swipe_right,shahzaib,swipe_right,0.00956098735332489,-0.3408092260360718,-0.5146598732098937,-0.11380578577518463,-0.00481802225112915,0.12706192675977945,0.06880955398082733,-0.29802560806274414,-0.19082579668611288,-0.11649845540523529,-0.17462873458862305,0.16438985709100962,0.04795561730861664,-0.42519456148147583,-0.016565856523811817,-0.08915148675441742,-0.3915841281414032,0.05493895057588816,-0.7021652929710637,0.016368699796272087,-0.9633184438853577,-0.00013998060515432682,-0.02820654348893606,0.0037795610048554254,0.39420499593403713,0.5066484796247906,0.004962523773444926,42.89420708441883,1.5422008490250776
swipe_right,shahzaib,swipe_right,-0.011581212282180786,-0.33744266629219055,-0.5237351469695568,-0.11419078707695007,-0.006147891283035278,0.08476071432232857,0.0637529194355011,-0.29798927903175354,-0.206715177744627,-0.11568662524223328,-0.1790885627269745,0.14840779080986977,0.04741308093070984,-0.42760851979255676,-0.05459229648113251,-0.08772671222686768,-0.3930654227733612,0.05325298383831978,-0.6406727162274464,0.10201696193579497,-0.2750082957473675,-0.011666706114104329,-0.04029906157291307,-1.2818549223469997,0.389099293898731,0.481357686064679,0.28949598731992726,6.279999169466391,38.961909764131065
swipe_right,shahzaib,swipe_right,-0.038414210081100464,-0.33502963185310364,-0.5454733576625586,-0.11463889479637146,-0.010071009397506714,0.07206089980900288,0.05408352613449097,-0.29569652676582336,-0.2624674644321203,-0.11398473381996155,-0.18604311347007751,0.14830481447279453,0.04700881242752075,-0.43106311559677124,-0.07828538678586483,-0.08639511466026306,-0.3994196951389313,0.053150007501244545,-0.8131211454218105,0.07312225572990667,-0.6587336573636909,-0.013579021800648116,-0.11888236710519531,-0.3848428640401734,0.3908295434749362,0.4845452743617836,0.11422137622189454,11.119870652712912,27.286353929220837
swipe_right,shahzaib,swipe_right,-0.055879443883895874,-0.3335082232952118,-0.5724900178611279,-0.11445039510726929,-0.012621968984603882,0.044401124119758606,0.04353329539299011,-0.29486581683158875,-0.26869140192866325,-0.11315295100212097,-0.18621668219566345,0.13766861334443092,0.04667040705680847,-0.43258705735206604,-0.07938509061932564,-0.08531048893928528,-0.399837851524353,0.05257995426654816,-0.5292495091756126,0.04610328963308573,-0.8186866726839092,0.005712111790974872,-0.0773018056696103,-0.8381750208861808,0.3883969195102939,0.5133084419295765,0.07389268399116397,11.479398411461661,13.807383319030365
swipe_right,shahzaib,swipe_right,-0.06691202521324158,-0.3326924741268158,-0.5724900178611279,-0.11445319652557373,-0.014283210039138794,0.03288852795958519,0.040574222803115845,-0.2943696081638336,-0.26869140192866325,-0.11283138394355774,-0.18746456503868103,0.1253165788948536,0.04666760563850403,-0.4345511794090271,-0.07938509061932564,-0.08505183458328247,-0.4007303714752197,0.0486629419028759,-0.33432064634381004,0.0247196717695757,0.0,-8.48914637710111e-05,-0.05034063801620958,-0.3488665503082862,0.38788488086199013,0.5161666374886411,0.0016863071428799507,13.523930476487541,14.85106004840377
swipe_right,shahzaib,swipe_right,-0.07446882128715515,-0.3239069879055023,-0.5724377688020468,-0.11426800489425659,-0.017484575510025024,-0.043261053040623665,0.03602972626686096,-0.29427865147590637,-0.2686391528695822,-0.11278849840164185,-0.1963694989681244,0.09718783386051655,0.046603232622146606,-0.435167521238327,-0.08039931766688824,-0.08391278982162476,-0.40334969758987427,0.048021284863352776,-0.22899382042162403,0.2662268551913181,0.0015833048206387184,0.005611867615670883,-0.09701107487534055,-2.307563060612395,0.39767549174297684,0.5187862622610657,0.05784710432059175,0.8601422276307762,59.37153722708553
swipe_right,shahzaib,swipe_right,-0.08515429496765137,-0.3133198022842407,-0.5723238084465265,-0.11417791247367859,-0.01812005043029785,-0.046412425115704536,0.03293028473854065,-0.2937445640563965,-0.26852519251406193,-0.11228278279304504,-0.19707268476486206,0.08943620137870312,0.04650852084159851,-0.4348461329936981,-0.08041148819029331,-0.08243396878242493,-0.40480074286460876,0.04343604855239391,-0.32380223274231035,0.3208238067048977,0.003453344106674203,0.00273007335084858,-0.019256815765843295,-0.09549612348729937,0.3982491482514917,0.5235279141959823,0.14176443393392443,1.0092805355919732,67.07378558319832
swipe_right,shahzaib,swipe_right,-0.09322789311408997,-0.29852306842803955,-0.49946267902851105,-0.11401531100273132,-0.017139792442321777,-0.07051443308591843,0.02817186713218689,-0.2882682681083679,-0.2626023143529892,-0.11136910319328308,-0.19642138481140137,0.06540518254041672,0.04637762904167175,-0.4338441491127014,-0.08040353655815125,-0.08207806944847107,-0.406108021736145,0.030263910070061684,-0.24465448928601874,0.44838587443033967,2.207913012667141,0.004927317301432304,0.029704787514426564,-0.7303638778852712,0.40307883254685045,0.4619654333194649,0.16587061693077018,0.545632584800445,19.295658457503126
swipe_right,shahzaib,swipe_right,-0.09875337779521942,-0.2890835404396057,-0.4949243674054742,-0.11390452086925507,-0.015481173992156982,-0.0775090167298913,0.025318488478660583,-0.28400474786758423,-0.25135591719299555,-0.11050687730312347,-0.19524097442626953,0.059814377687871456,0.04588870704174042,-0.43259501457214355,-0.08113753143697977,-0.08194096386432648,-0.4068104922771454,0.02718306425958872,-0.1674389297311938,0.2860463026798101,0.13752459463747913,0.003357276772007761,0.050261165156508386,-0.21195708012038778,0.40635050897926644,0.4612335867372346,0.06679530739580627,0.5853539892268036,15.72171436949951
swipe_right,shahzaib,swipe_right,-0.09988293051719666,-0.27759531140327454,-0.475407587364316,-0.11314341425895691,-0.013880282640457153,-0.0811863336712122,0.025230377912521362,-0.27547720074653625,-0.23473492451012135,-0.11036905646324158,-0.19350841641426086,0.05776851437985897,0.04560384154319763,-0.43095675110816956,-0.08116454817354679,-0.08187046647071838,-0.4050779342651367,0.018180960789322853,-0.03422887036294656,0.34812815261609714,0.5914175770047954,0.023063836675701777,0.048511859142419185,-0.1114338467066941,0.4048301608186286,0.4473407045902325,0.475416973631533,0.09832233269097343,3.104593745385517
swipe_right,shahzaib,swipe_right,-0.10044893622398376,-0.26642096042633057,-0.46881297836080194,-0.11306563019752502,-0.012771248817443848,-0.0840048105455935,0.025293320417404175,-0.2683122158050537,-0.2247463227249682,-0.11029127240180969,-0.19236719608306885,0.0554522885940969,0.045592159032821655,-0.42981553077697754,-0.08116188505664468,-0.0817926824092865,-0.4039367139339447,0.013580432627350092,-0.0171516880844579,0.33861669627103025,0.19983663647012326,0.0023570927706631807,0.03360708554585783,-0.08540839013276699,0.40436530272551435,0.4453079353254198,0.07013469325549519,0.050652072450252744,1.1043972170532095
swipe_right,shahzaib,swipe_right,-0.10015274584293365,-0.25752267241477966,-0.4639879558235407,-0.11276943981647491,-0.012395888566970825,-0.09475727565586567,0.025589510798454285,-0.2568555772304535,-0.21242530085146427,-0.10999508202075958,-0.19186535477638245,0.05532495491206646,0.045481905341148376,-0.42933037877082825,-0.08118900842964649,-0.08149649202823639,-0.4034348726272583,0.013553309254348278,0.008975466092427593,0.26964509125911895,0.1462128041594321,0.008975466092427593,0.011374553044637073,-0.3258322760688544,0.4069651915359105,0.44414228994175825,0.7890136028734899,0.03328609753071679,7.3194040823491875
swipe_right,shahzaib,swipe_right,-0.09963783621788025,-0.25032687187194824,-0.463084455113858,-0.11225453019142151,-0.01589679718017578,-0.0947888526134193,0.02610442042350769,-0.2516642212867737,-0.20576346991583705,-0.10954749584197998,-0.19151437282562256,0.055293377954512835,0.045285314321517944,-0.4293437898159027,-0.08122058538720012,-0.08118441700935364,-0.4033224582672119,0.012519102077931166,0.015603321971315365,0.21805456190398298,0.027378809384324403,0.015603321971315365,-0.10608813979408983,-0.0009568775016250056,0.4032108529565076,0.4459481937120449,0.14707746713377176,0.07155663370873347,10.470362969506686
swipe_right,shahzaib,swipe_right,-0.09875756502151489,-0.2337169647216797,-0.4204332148656249,-0.11180886626243591,-0.022129356861114502,-0.16174536105245352,0.027158141136169434,-0.2472246289253235,-0.18358699139207602,-0.11042514443397522,-0.19131648540496826,0.015605670399963856,0.0449831485748291,-0.4293437898159027,-0.08030591066926718,-0.0813366174697876,-0.40296924114227295,0.01244046539068222,0.0266748847383442,0.503330519705109,1.292461825704036,0.013504967545018086,-0.1888654448769314,-2.0289851042131635,0.41989079239660093,0.4178729836942245,0.07150538336133849,0.05299665070443519,61.506604673212564
swipe_right,shahzaib,swipe_right,-0.09376132488250732,-0.21515512466430664,-0.3922365205362439,-0.1125568151473999,-0.028661012649536133,-0.1672996925190091,0.0281887948513031,-0.24369549751281738,-0.17279376555234194,-0.11310392618179321,-0.1910383105278015,0.005978044122457504,0.044344037771224976,-0.429313063621521,-0.08033586014062166,-0.08319956064224243,-0.40134114027023315,0.011214488185942173,0.15140121633356102,0.562480001738571,0.8544452827085054,-0.022665117726181242,-0.1979289632855018,-0.16831307474410712,0.4142700069136307,0.4027638712289698,0.1145107963946227,0.2691668089510497,56.395322013263616
swipe_right,shahzaib,swipe_right,-0.08943936228752136,-0.19597753882408142,-0.3897383399307728,-0.11479389667510986,-0.02871844172477722,-0.16731921210885048,0.029280751943588257,-0.2394072711467743,-0.17128411307930946,-0.1138627827167511,-0.1861129105091095,0.002308210590854287,0.04344621300697327,-0.4293246567249298,-0.08035537973046303,-0.08512213826179504,-0.40123748779296875,0.0027828041929751635,0.1309685634844234,0.5811389648553111,0.07570244259003456,-0.06779034932454443,-0.0017402750073057275,-0.0005915027224656322,0.4105917058110649,0.40966726695732925,38.93144336197437,0.22536492309048337,7.940134921270886
idle,shahzaib,swipe_right,-0.08404669165611267,-0.17939519882202148,-0.3148710438981652,-0.11489751935005188,-0.030136406421661377,-0.16733525786548853,0.03058260679244995,-0.23342877626419067,-0.12922799680382013,-0.1153397262096405,-0.17069250345230103,-0.001126798742916435,0.04385721683502197,-0.43073809146881104,-0.08037142548710108,-0.08607837557792664,-0.4014587104320526,-0.008567017503082752,0.16341426155783953,0.5024951515775751,2.268705940382053,-0.003140081058848996,-0.04296862717830784,-0.0004862350496378824,0.404868065733911,0.3667734048786782,0.07307675828367877,0.32520500116230583,2.3235618478997244
idle,shahzaib,swipe_right,-0.07002335786819458,-0.1610453724861145,-0.29378316132351756,-0.11454790830612183,-0.035807788372039795,-0.16737084416672587,0.03433606028556824,-0.23091810941696167,-0.11713019339367747,-0.1174665093421936,-0.1685275435447693,-0.006557848770171404,0.04418554902076721,-0.4357653856277466,-0.08345242915675044,-0.08849716186523438,-0.40242311358451843,-0.025988189037889242,0.4249495087247917,0.5560553435123342,0.6390267446862945,0.010594274058486503,-0.17186005910237673,-0.0010783727647680251,0.39379498884833264,0.3643539171288246,0.061644412723975764,0.7642202335838754,3.927953593359825
idle,shahzaib,swipe_right,-0.05235639214515686,-0.1370311677455902,-0.2938023011665791,-0.11218640208244324,-0.02660652995109558,-0.16738998400978744,0.04281488060951233,-0.2310921847820282,-0.11448418605141342,-0.11740446090698242,-0.17271879315376282,-0.009563660947605968,0.04525378346443176,-0.43856775760650635,-0.08757163840346038,-0.08906581997871399,-0.40150269865989685,-0.02977782185189426,0.535362597667811,0.7277031739552834,-0.0005799952442898909,0.07156079465692711,0.278826012755886,-0.0005799952442898909,0.4000235065632063,0.37813112497016205,0.2566494327419375,0.7356871333552478,13.781553673438662
idle,shahzaib,swipe_right,-0.03508239984512329,-0.11670005321502686,-0.29383042256813496,-0.11106899380683899,-0.01699233055114746,-0.16741810541134328,0.053029149770736694,-0.2265905737876892,-0.11451230745296925,-0.11590877175331116,-0.17228400707244873,-0.010961961816065013,0.04797586798667908,-0.4364869296550751,-0.08780585031490773,-0.08874845504760742,-0.4002764821052551,-0.0438090207753703,0.5234543121222236,0.6160943797140342,-0.0008521636835101785,0.033860856836491995,0.29133937575600044,-0.0008521636835101785,0.4033412365325391,0.3893692933073014,0.11622438787835812,0.8496319390760392,1.2037375376687476
idle,shahzaib,swipe_right,-0.01906318962574005,-0.08941105008125305,-0.2807307522161864,-0.11058001220226288,-0.012239605188369751,-0.20219109760364518,0.059878334403038025,-0.2250964343547821,-0.11442693130811676,-0.116215780377388,-0.17014315724372864,-0.044933097378816456,0.04912446439266205,-0.4338747560977936,-0.11588734941324219,-0.09009544551372528,-0.3967738747596741,-0.0918694938882254,0.48543061270858423,0.8269394889022386,0.3969597076348067,0.014817624381094305,0.144021980690234,-1.0537270361303632,0.4005709402758715,0.3879151303711118,0.10288375028818625,0.5870200083599633,32.2212643687651
idle,shahzaib,swipe_right,0.0028814077377319336,-0.05669355392456055,-0.2807439401258307,-0.10979366302490234,-0.004189670085906982,-0.2731819286454993,0.06455430388450623,-0.21391332149505615,-0.1144401192177611,-0.11687764525413513,-0.16964560747146606,-0.10156154478681856,0.05009391903877258,-0.42937594652175903,-0.16416495884550386,-0.09151002764701843,-0.3967849314212799,-0.14216133798254305,0.6649877988930921,0.991439277475533,-0.00039963362558575614,0.023828762950319292,0.24393742734735724,-2.151237304298615,0.41428459508324844,0.39333426732447563,0.09768351468622127,0.6707290534799791,33.39653905397961
idle,shahzaib,swipe_right,0.01876947283744812,-0.019918084144592285,-0.28328986355336383,-0.10916128754615784,0.0014876723289489746,-0.2995957572129555,0.0704602599143982,-0.2033197283744812,-0.11437142529757693,-0.11805549263954163,-0.16863340139389038,-0.13349068054230884,0.05073505640029907,-0.42472028732299805,-0.17410352715523914,-0.09198376536369324,-0.3967498540878296,-0.18344946095021442,0.48145651817321894,1.1144081751505561,-0.07714919477373126,0.019162893295288135,0.17204067923805974,-0.8004190474986753,0.4151844853200031,0.42048576466587945,0.11138517933652466,0.43202849447840774,40.992069331218595
idle,shahzaib,swipe_right,0.0375998318195343,-0.004842311143875122,-0.2897076446679421,-0.10722452402114868,0.0034196078777313232,-0.3117201764252968,0.07875862717628479,-0.20195534825325012,-0.11823121347697452,-0.1161889135837555,-0.17027130722999573,-0.14349795767338946,0.053667157888412476,-0.4229031801223755,-0.19927123078377917,-0.08986809849739075,-0.3985925018787384,-0.19895893224747851,0.5706169388510979,0.4568416060823394,-0.19447821559328068,0.058689803788156365,0.058543501478253136,-0.3674066427982224,0.4178876405044054,0.4280324685047737,1.0024819121562971,1.2490449254381766,13.617621080451087
idle,shahzaib,swipe_right,0.051347628235816956,0.006024301052093506,-0.2922420639661141,-0.10705156624317169,0.0032668113708496094,-0.31919930764706805,0.08180524408817291,-0.1968565583229065,-0.12430759408744052,-0.1159263402223587,-0.1683836579322815,-0.1508276898530312,0.05465938150882721,-0.42020946741104126,-0.2051511097815819,-0.09042258560657501,-0.3987874388694763,-0.20149770268471912,0.4165998914025057,0.32929127866571684,-0.07680058479309101,0.00524114478718152,-0.004630197178233765,-0.2266403400536745,0.4192586444475961,0.43505290182781076,1.131704089779303,1.265137139232529,4.948107887005334
idle,shahzaib,swipe_right,0.06500758230686188,0.005089879035949707,-0.2897076446679421,-0.10724295675754547,0.002680480480194092,-0.33210919686825946,0.08834995329380035,-0.19613143801689148,-0.1273899439838715,-0.11605499684810638,-0.16924023628234863,-0.15478318819077685,0.05573280155658722,-0.41800856590270996,-0.2146663207677193,-0.09054593741893768,-0.3994663655757904,-0.21389724203618243,0.41393800215287185,-0.028315818671023896,0.07680058479308997,-0.0057997125567811275,-0.0177676027471367,-0.3912087642785232,0.4194936739842337,0.4298017170279521,0.3264022860613345,14.618097003123001,5.013961976277832
idle,shahzaib,swipe_right,0.08076991140842438,0.003787487745285034,-0.28332744538784027,-0.1072513610124588,0.0017261803150177002,-0.3454132229089737,0.09535343945026398,-0.19743382930755615,-0.12434517592191696,-0.11616881191730499,-0.17019078135490417,-0.18142537772655487,0.05725003778934479,-0.41657087206840515,-0.21510784327983856,-0.09054593741893768,-0.40028274059295654,-0.25027644634246826,0.477646336410986,-0.03946640274741443,0.19333937212429764,-0.0002546743913130333,-0.02891818682352709,-0.4031523042640687,0.4134504201503465,0.4265070330394182,0.008806416060974575,12.102299699522979,0.5228753596890453
idle,shahzaib,swipe_right,0.09022808074951172,0.0036773085594177246,-0.28332744538784027,-0.10801160335540771,0.0016160011291503906,-0.34740470349788666,0.09876948595046997,-0.19754400849342346,-0.12434517592191696,-0.11689949035644531,-0.17015355825424194,-0.18744833767414093,0.0581282377243042,-0.41668105125427246,-0.21510784327983856,-0.09126496315002441,-0.4000757336616516,-0.25027644634246826,0.2866111921541626,-0.003338763208100298,0.0,-0.023037646756027742,-0.003338763208100298,-0.060347896633726326,0.4136068158232667,0.4270661127966873,6.897988066983905,85.81781829891791,10.439745019080464
idle,shahzaib,swipe_right,0.0952797457575798,-0.00033360719680786133,-0.2815578132867813,-0.1090756431221962,0.0012679100036621094,-0.35123565793037415,0.1002313420176506,-0.19754400849342346,-0.12434517592191696,-0.1179635301232338,-0.17015355825424194,-0.18863721191883087,0.05784528702497482,-0.41668105125427246,-0.21909217536449432,-0.0923290029168129,-0.4000757336616516,-0.2508580610156059,0.15308075782024538,-0.12154290170380594,0.05362521518360498,-0.032243629296620765,-0.010548215923887336,-0.11608952825719689,0.4140444809813344,0.42266829641555204,3.0564953385406812,1.2594688476703058,1.7259047796972466
idle,shahzaib,swipe_right,0.09994325041770935,-0.004344522953033447,-0.27513153851032257,-0.11048662662506104,0.0010069012641906738,-0.35506661236286163,0.1013050377368927,-0.19868576526641846,-0.1130078136920929,-0.11941573023796082,-0.17015355825424194,-0.1895671933889389,0.05717417597770691,-0.41668105125427246,-0.22237534821033478,-0.09372889995574951,-0.4000757336616516,-0.2514396756887436,0.14131832303422906,-0.12154290170380594,0.19473559928662898,-0.04275707584438913,-0.007909355741558672,-0.11608952825719689,0.4145921410816195,0.41789211755540623,5.405202653498386,1.1626936526903013,0.3284716275079836
idle,shahzaib,swipe_right,0.10047852993011475,-0.009591639041900635,-0.27085866616107523,-0.11474445462226868,0.0013852119445800781,-0.35676314518786967,0.0999106764793396,-0.19923388957977295,-0.11175034032203257,-0.12367355823516846,-0.1696881651878357,-0.19170873449184,0.05347931385040283,-0.4165576696395874,-0.21911486075259745,-0.09785014390945435,-0.39961034059524536,-0.2514623610768467,0.016220591285011805,-0.1590035178444585,0.1294809802802209,-0.12902509082447258,0.011463960011800004,-0.051410085606303516,0.414935062420106,0.4129257775565667,11.253863135298943,0.10201339876945587,3.31965873780084
idle,shahzaib,swipe_right,0.10122928023338318,-0.010384231805801392,-0.26977808971423656,-0.11661496758460999,0.004753440618515015,-0.3693914284231141,0.09675255417823792,-0.19697454571723938,-0.10709780652541667,-0.1265500783920288,-0.1665230095386505,-0.20639670093078166,0.05105111002922058,-0.4131603538990021,-0.21623254020232707,-0.10003972053527832,-0.3961780071258545,-0.25668852229136974,0.02275000918995256,-0.024017962542447237,0.03274474081329332,-0.056682210980039796,0.10206753557378621,-0.38267524955286314,0.416800563406149,0.40940637411501934,0.5553348116674384,0.9471686859808314,10.63541863251455
idle,shahzaib,swipe_right,0.10277591645717621,-0.009730935096740723,-0.2658024614211172,-0.11676011979579926,0.006456136703491211,-0.36938019446097314,0.09574799239635468,-0.19543933868408203,-0.1046197151299566,-0.1272142380475998,-0.1648334264755249,-0.20638546696864069,0.05099324882030487,-0.4116711914539337,-0.21510614803992212,-0.10094140470027924,-0.39445602893829346,-0.25667728832922876,0.04686776435736466,0.019796869971535472,0.12047358463998123,-0.004398551854220315,0.05159685105988487,0.00034042309518113366,0.41675261409785996,0.408420776330638,0.0852468031878948,2.367313474871242,11.813591824313194
idle,shahzaib,swipe_right,0.10362687706947327,-0.010000884532928467,-0.26442729216068983,-0.11841246485710144,0.008583307266235352,-0.3693783162161708,0.09555932879447937,-0.19661837816238403,-0.10335895698517561,-0.12744900584220886,-0.167056143283844,-0.20638358872383833,0.050115615129470825,-0.40978994965553284,-0.21310222428292036,-0.09997594356536865,-0.39389845728874207,-0.2566754100844264,0.025786685221123037,-0.008180285945083176,0.041671795770526036,-0.0500710624637027,0.06445971402254988,5.691650916229609e-05,0.4183699572951786,0.4066067071983383,0.7767686601514631,3.151911006926782,1.4378817718632726
idle,shahzaib,swipe_right,0.10642854869365692,-0.009445607662200928,-0.2644108100794256,-0.12147121131420135,0.008884310722351074,-0.36936183413490653,0.09345744550228119,-0.19853192567825317,-0.10334247490391135,-0.12909884750843048,-0.1660659909248352,-0.20636710664257407,0.0486556738615036,-0.40787261724472046,-0.2130857422016561,-0.1010911613702774,-0.3919883370399475,-0.25665892800316215,0.08489914012677763,0.016826571840228496,0.0004994570080078021,-0.09268928657878552,0.009121316851991619,0.0004994570080078021,0.41691266616668476,0.40585225097798633,10.160717730227628,5.045240093631049,2.1166286129684946
idle,shahzaib,swipe_right,0.10938426852226257,-0.010097295045852661,-0.2536779523361474,-0.12201583385467529,0.01036950945854187,-0.36691214446909726,0.09368589520454407,-0.19981160759925842,-0.08852591668255627,-0.12849074602127075,-0.16858473420143127,-0.20108297769911587,0.04924270510673523,-0.4062861502170563,-0.20464729075320065,-0.10002061724662781,-0.39268115162849426,-0.25499819521792233,0.08956726753350362,-0.019748102534900794,0.3252381134326675,-0.01650371334769491,0.045006022308811504,0.07423302017603778,0.41887749640357425,0.40371601700600673,0.3666919627443072,4.535257608553073,3.39185433676116
idle,shahzaib,swipe_right,0.10998056828975677,-0.010803461074829102,-0.2523643779568374,-0.12142814695835114,0.00919419527053833,-0.36367915151640773,0.09304653108119965,-0.2012110948562622,-0.08824314502999187,-0.1294429451227188,-0.1686360239982605,-0.20018885610625148,0.0492158979177475,-0.4062747359275818,-0.2042902368120849,-0.09894473850727081,-0.3926871716976166,-0.2503578024916351,0.01806968992406676,-0.021398970575043703,0.03980528422151561,0.017808693828004825,-0.035615581454652816,0.09796948341483444,0.41815770340454717,0.4029900711505012,0.500011317781268,0.8443791948545638,2.750841588674043
idle,shahzaib,swipe_right,0.10813143849372864,-0.012512743473052979,-0.21906298212707043,-0.12085914611816406,0.009063720703125,-0.3627482634037733,0.09250816702842712,-0.20234793424606323,-0.05641566775739193,-0.12733250856399536,-0.17323839664459229,-0.19705514423549175,0.04942503571510315,-0.406264066696167,-0.17294364981353283,-0.09638455510139465,-0.39424005150794983,-0.24323333613574505,-0.056034236243277025,-0.05179643630981458,1.0091332069626384,0.01724244970263861,-0.003953774770100922,0.0282087306858916,0.4213511078957818,0.4007661900412832,4.3599068733308926,1.0817955527397338,2.321566801023501
idle,shahzaib,swipe_right,0.10786134004592896,-0.012744367122650146,-0.208062294870615,-0.12088385224342346,0.006989002227783203,-0.3569549657404423,0.09175103902816772,-0.20273971557617188,-0.051410235464572906,-0.12688061594963074,-0.17345422506332397,-0.19544674828648567,0.050709545612335205,-0.4057602882385254,-0.1654379554092884,-0.09539088606834412,-0.3948683738708496,-0.2344534583389759,-0.008184801448475252,-0.007018898472641471,0.33335415928652873,-0.0007486704624060447,-0.06287025682853946,0.17555447464639534,0.42088699358012155,0.3994304397164218,0.011907992621299037,1.1659429948130642,4.839537248234813
idle,shahzaib,swipe_right,0.10606543719768524,-0.017181992530822754,-0.20055604400113225,-0.1214323490858078,0.0034161806106567383,-0.35470730485394597,0.08895032107830048,-0.20369720458984375,-0.04794856207445264,-0.1278039664030075,-0.1738995909690857,-0.18801917554810643,0.05120252072811127,-0.4049484133720398,-0.1616247040219605,-0.09565965831279755,-0.3954735994338989,-0.22766073467209935,-0.05442129843162781,-0.13447349721735208,0.22746214756008407,-0.016621116435889084,-0.10826732173110526,0.06811093595443367,0.41942594007601164,0.3935586182109714,0.15351781730919611,0.40469605432817707,3.5671367638501135
idle,shahzaib,swipe_right,0.10338810086250305,-0.02242913842201233,-0.1928124213591218,-0.11922138929367065,0.0015921294689178467,-0.3537333393469453,0.08644548058509827,-0.20489022135734558,-0.045614165253937244,-0.12775662541389465,-0.1741485297679901,-0.18770452681928873,0.05107232928276062,-0.40471184253692627,-0.1604826683178544,-0.09414148330688477,-0.39572253823280334,-0.22734870854765177,-0.0811314040964302,-0.15900442094513903,0.23465523157607485,0.06699878157991368,-0.055274277022390794,0.029514106272748097,0.4176853142708143,0.3871979064420467,1.2120930945813977,0.5102430068998882,3.2198685006928547
idle,shahzaib,swipe_right,0.10315360128879547,-0.022531569004058838,-0.19022378977388144,-0.1194685846567154,0.0002789497375488281,-0.3536886787042022,0.08692671358585358,-0.20589536428451538,-0.04038663115352392,-0.12742961943149567,-0.17425096035003662,-0.18722013290971518,0.051548078656196594,-0.40476787090301514,-0.16026083286851645,-0.09216226637363434,-0.39582496881484985,-0.22517361398786306,-0.007106047688108424,-0.0031039570317123533,0.07844338137091926,-0.007490768577113214,-0.03979332519300013,0.0013533528103972779,0.4173248988136067,0.3868662549797882,0.18823710518480785,2.288613856981302,2.458354879245787
idle,shahzaib,swipe_right,0.10340099036693573,-0.022792726755142212,-0.15962466038763523,-0.11855308711528778,-0.00243183970451355,-0.33998903073370457,0.08983765542507172,-0.20615652203559875,-0.024754593148827553,-0.12463600933551788,-0.1722012460231781,-0.1872213128954172,0.05403827130794525,-0.40497300028800964,-0.1499935481697321,-0.09110338985919952,-0.3960861265659332,-0.22463750280439854,0.007496638731523012,-0.007913871244950748,0.927246345037766,0.027742349740230744,-0.08214513460795105,0.41514084759083764,0.4111242615553712,0.38547528822624677,0.3377194784956506,0.9471586459862446,12.649660151568938
idle,shahzaib,swipe_right,0.10485215485095978,-0.0242764949798584,-0.15962752560153604,-0.12178252637386322,-0.004021167755126953,-0.3165965364314616,0.09044916927814484,-0.20764029026031494,-0.02262228401377797,-0.12129689753055573,-0.17358839511871338,-0.16454662242904305,0.05726058781147003,-0.4064069092273712,-0.1370542631484568,-0.09013296663761139,-0.39694860577583313,-0.2081403718329966,0.04397468133406217,-0.04496267347624819,-8.682466366074323e-05,-0.09786179571440749,-0.048161456079194156,0.708863463704335,0.4088476560045609,0.38574364923356236,2.031910406593303,0.978004640952914,9.734976038701815
idle,shahzaib,swipe_right,0.10317318141460419,-0.02441665530204773,-0.15962653933092952,-0.12063591182231903,-0.004574626684188843,-0.31659555016085505,0.09143267571926117,-0.20802906155586243,-0.022621297743171453,-0.12004543840885162,-0.17397716641426086,-0.16454563615843654,0.05891130864620209,-0.4067956805229187,-0.1359284925274551,-0.08851613104343414,-0.3966812193393707,-0.20475710509344935,-0.05087798291986651,-0.0042472824905858,2.9886988076296795e-05,0.034745895501339163,-0.016771482698845184,2.9886988076296795e-05,0.40900745484163914,0.38566102957406695,2.071601212844386,11.976129890752837,21.87314561844898
idle,shahzaib,swipe_right,0.10448077321052551,-0.02401679754257202,-0.15606169449165463,-0.11456948518753052,-0.005177676677703857,-0.3165958230383694,0.09463253617286682,-0.20750683546066284,-0.02006340818479657,-0.11531120538711548,-0.1744893193244934,-0.16292262123897672,0.06311419606208801,-0.40652158856391907,-0.1343453829176724,-0.08497807383537292,-0.3972485065460205,-0.2026892160065472,0.03962399381579785,0.012116901802294211,0.10802560119014824,0.18383111014510692,-0.018274242227727763,-8.26901558673745e-06,0.4093530290408819,0.38534751465091904,10.059024545578534,3.2698724962679657,4.517963428604141
idle,shahzaib,swipe_right,0.10523831844329834,-0.02186673879623413,-0.15606256108731031,-0.11205312609672546,-0.005845069885253906,-0.3165966896340251,0.09875267744064331,-0.20461738109588623,-0.02006427478045225,-0.11169096827507019,-0.17514443397521973,-0.1629234878346324,0.06716561317443848,-0.40605437755584717,-0.13156608026474714,-0.08070003986358643,-0.39791589975357056,-0.20093693118542433,0.022955916144630873,0.06515329534357173,-2.626047441453616e-05,0.07625330578197048,-0.0202240365924255,-2.626047441453616e-05,0.40997528141872386,0.38684589985531265,3.7702431554822597,0.3523315849489232,3.2604689074103055
idle,shahzaib,swipe_right,0.10434284806251526,-0.018129348754882812,-0.16173103731125593,-0.11391276121139526,-0.006337344646453857,-0.317817154340446,0.10047164559364319,-0.20048552751541138,-0.020520721562206745,-0.11327856779098511,-0.17561203241348267,-0.1629234878346324,0.06937000155448914,-0.4038424789905548,-0.13156608026474714,-0.07929131388664246,-0.3984081745147705,-0.20093693118542433,-0.027135466084335858,0.11325424367731296,-0.17177200678623125,-0.056352579232418314,-0.014917417006059164,-0.03698377898245156,0.41058393394439924,0.38846833006397335,3.77738329807583,0.23959567083401698,4.1746028141357785
idle,shahzaib,swipe_right,0.1035040020942688,-0.01229676604270935,-0.16360460501164198,-0.11326780915260315,-0.0069554150104522705,-0.3192134229466319,0.0997776985168457,-0.1976044476032257,-0.022622437216341496,-0.11263275146484375,-0.17605915665626526,-0.1639986066147685,0.06984663009643555,-0.40355053544044495,-0.13434624951332808,-0.07874304056167603,-0.39940452575683594,-0.2026900826022029,-0.025419574795347333,0.17674493067192354,-0.05677477879957733,0.01954400178157927,-0.01872940496964893,-0.04231116988442171,0.4108356764168711,0.3937872295087827,1.0434372248356991,0.14381985881491802,2.308447248966111
idle,shahzaib,swipe_right,0.10501787066459656,-0.007008999586105347,-0.16443319665268064,-0.1108955442905426,-0.006158202886581421,-0.32074761437252164,0.09909877181053162,-0.19481679797172546,-0.025621710810810328,-0.11264234781265259,-0.17668619751930237,-0.16740979300811887,0.07191184163093567,-0.4028724133968353,-0.13592876540496945,-0.07663905620574951,-0.4000431001186371,-0.20475737797096372,0.045874805161447346,0.1602353471698187,-0.02510883760723207,0.07188681400183493,0.024157943147601564,-0.046490649269385884,0.41203465167859354,0.3982666872248021,2.975577762762013,0.28629462647965365,2.054483477116624
idle,shahzaib,swipe_right,0.10670921206474304,-0.007017582654953003,-0.16546391416341066,-0.10865703225135803,-0.006048411130905151,-0.3330586301162839,0.09875479340553284,-0.19338861107826233,-0.035800968296825886,-0.10906130075454712,-0.17690148949623108,-0.17783831525593996,0.07219681143760681,-0.40205714106559753,-0.15730214584618807,-0.07548201084136963,-0.4002626836299896,-0.22486351896077394,0.05125276970140875,-0.0002600929953835234,-0.031233863961516083,0.06783369815710837,0.003327022899280903,-0.3730610831443117,0.41013614418323185,0.39662825538328583,20.38258155368024,196.30082234156754,9.916946347316596
idle,shahzaib,swipe_right,0.10974964499473572,-0.006759524345397949,-0.1935721654444933,-0.10470691323280334,-0.005790352821350098,-0.3540858943015337,0.10133048892021179,-0.19313055276870728,-0.05369001813232899,-0.10839924216270447,-0.17664343118667603,-0.19427032954990864,0.07612618803977966,-0.4017990827560425,-0.1728456038981676,-0.07345899939537048,-0.40025389194488525,-0.23966448195278645,0.0921343312118995,0.007819948774395586,-0.8517651903358394,0.11970057631983931,0.007819948774395586,-0.6371898237954502,0.41191039732075035,0.3970092945012905,15.30512214984939,11.780454503618683,8.157897190255596
idle,shahzaib,swipe_right,0.1120472252368927,-0.006523221731185913,-0.2024386883713305,-0.10280188918113708,-0.0055540502071380615,-0.375858670566231,0.10272035002708435,-0.19289425015449524,-0.05477807531133294,-0.10670742392539978,-0.176407128572464,-0.19827438006177545,0.0766933262348175,-0.40156278014183044,-0.181004932615906,-0.0726214349269867,-0.40062522888183594,-0.24737126240506768,0.06962364370172598,0.007160685279152532,-0.26868251293445783,0.0577280015656436,0.007160685279152532,-0.6597810989302144,0.41653464453077044,0.3971971258326389,8.06067277679574,9.721684350525495,1.9989437895702302
idle,shahzaib,swipe_right,0.1161348819732666,-0.009360283613204956,-0.21624101558700204,-0.10027918219566345,-0.00491747260093689,-0.3776520327664912,0.10330355167388916,-0.19225767254829407,-0.056118125561624765,-0.10353580117225647,-0.1775830090045929,-0.19852362433448434,0.07954061031341553,-0.4009262025356293,-0.1822237060405314,-0.06922978162765503,-0.40066248178482056,-0.2474395022727549,0.12386838595072626,-0.08597157218239661,-0.4182523398688412,0.07644566622647495,0.019290230490944908,-0.05434430909879366,0.41777204390333134,0.3947406578104895,3.9627159222610344,1.4407895774937514,18.35901490299121
idle,shahzaib,swipe_right,0.1163480281829834,-0.011655211448669434,-0.2173124197870493,-0.0988990068435669,-0.007095277309417725,-0.3815005514770746,0.10267943143844604,-0.19175010919570923,-0.05840718932449818,-0.10332301259040833,-0.17876845598220825,-0.1986533496528864,0.07890385389328003,-0.40085214376449585,-0.18276206590235233,-0.07010912895202637,-0.4005339741706848,-0.2491838876157999,0.006458976052024077,-0.06954326774134705,-0.032466793940825536,0.04182349551807704,-0.0659940820751761,-0.11662177910858806,0.4160896114928603,0.39251757319366665,0.6337365482845404,0.09287575039321233,3.367673245762954
idle,shahzaib,swipe_right,0.11434632539749146,-0.00982704758644104,-0.23304063151590526,-0.09933599829673767,-0.005648165941238403,-0.381501481635496,0.10205358266830444,-0.1900031864643097,-0.06452971766702831,-0.10380089282989502,-0.17791184782981873,-0.20039695571176708,0.07765060663223267,-0.3995334506034851,-0.18714074860326946,-0.07050031423568726,-0.40011459589004517,-0.2522380209993571,-0.06065766016642186,0.055398904916011314,-0.4766124766319938,-0.01324216524759914,0.043851859641797136,-2.818661883021815e-05,0.41610612022350285,0.39411223728726746,0.30196811235948995,1.094905492317749,5.13298125128993
idle,shahzaib,swipe_right,0.11463820934295654,-0.007859379053115845,-0.2506817914545536,-0.09826058149337769,-0.005720943212509155,-0.3814735449850559,0.10279691219329834,-0.18808606266975403,-0.07691879197955132,-0.10344460606575012,-0.17640212178230286,-0.20036901906132698,0.07862049341201782,-0.3975699543952942,-0.19558710232377052,-0.06823861598968506,-0.3992058336734772,-0.252210084348917,0.008844968044396743,0.059626319191673535,-0.5345806042014735,0.032588387980606134,-0.0022053718566894883,0.0008465651648514334,0.4152598219060153,0.39523035455899774,14.770124936919203,0.1483375097908455,1.9691079243208747
idle,shahzaib,swipe_right,0.11431512236595154,-0.006601572036743164,-0.26148749282583594,-0.09715792536735535,-0.0065454840660095215,-0.378768393304199,0.10323455929756165,-0.1867336630821228,-0.08091560890898108,-0.10303837060928345,-0.17560774087905884,-0.20267859986051917,0.07823917269706726,-0.39619991183280945,-0.19964750995859504,-0.06884625554084778,-0.3996078670024872,-0.2613136856816709,-0.00979051445469701,0.038115364132505054,-0.3274454960994612,0.033413822000676566,-0.02498608646970779,0.08197429335930041,0.4112118625122103,0.3961218549857905,1.337243621467618,0.2568585613428907,2.5536215629694876
idle,shahzaib,swipe_right,0.11322298645973206,-0.0059611499309539795,-0.26269339420832694,-0.09671372175216675,-0.007180303335189819,-0.3781768570188433,0.10224542021751404,-0.1866447627544403,-0.0850027094129473,-0.10394898056983948,-0.17488625645637512,-0.20658311643637717,0.07714703679084778,-0.3957209587097168,-0.20934014418162405,-0.06955954432487488,-0.3997241258621216,-0.2750105152372271,-0.03309502746119696,0.01940673047846045,-0.036542466136091266,0.01346071561177593,-0.019236947550918423,0.017925341980475653,0.40678163187687,0.3950452530687864,0.6996960344209543,1.7052497456066424,2.040329657370398
idle,shahzaib,swipe_right,0.11217135190963745,-0.00651279091835022,-0.28410749416798353,-0.09749823808670044,-0.006969541311264038,-0.37758399825543165,0.10119378566741943,-0.18571224808692932,-0.10108630638569593,-0.10476353764533997,-0.1730959713459015,-0.2081619231030345,0.07609540224075317,-0.39390450716018677,-0.22006438951939344,-0.06930232048034668,-0.3984481394290924,-0.2768726823851466,-0.03186771363923009,-0.016716393557461642,-0.6489121199895866,-0.02377322225859645,0.006386727997750877,0.017965417073079838,0.40520768958435227,0.39430360790935925,3.7217023434571757,1.906260897052714,1.369663610471757
idle,shahzaib,swipe_right,0.1121378242969513,-0.006833672523498535,-0.2877631982555613,-0.09733104705810547,-0.006895899772644043,-0.37665226066019386,0.10116025805473328,-0.18554472923278809,-0.10513733827974647,-0.10471105575561523,-0.1729556918144226,-0.20966026687528938,0.07606187462806702,-0.3937130272388458,-0.22127928340341896,-0.06933584809303284,-0.3986615836620331,-0.2796215614071116,-0.0010159882632168745,-0.0097236850044943,-0.1107789117447794,0.005066394805908148,0.002231561776363464,0.02823447258296307,0.40457266199776376,0.39420454104885994,2.269318976767849,0.10447518482576369,0.9361833796387897
idle,shahzaib,swipe_right,0.11092647910118103,-0.007175236940383911,-0.28800945286639035,-0.09677672386169434,-0.007061094045639038,-0.37490196828730404,0.1000644862651825,-0.18548759818077087,-0.10513384942896664,-0.10469990968704224,-0.17328009009361267,-0.20965677802450955,0.07443037629127502,-0.39361274242401123,-0.22127579455263913,-0.07043161988258362,-0.398756742477417,-0.27961807255633175,-0.03670743017485706,-0.01035043687531459,-0.007462260934213916,0.016797672618519444,-0.005005887060454477,0.05303916281484378,0.4039784230497118,0.3938518659555344,3.354913425387852,3.5461193085565226,0.8599208765584503
idle,shahzaib,swipe_right,0.10916474461555481,-0.007434278726577759,-0.2880085798096843,-0.09776496887207031,-0.008741110563278198,-0.374901095230598,0.09874007105827332,-0.18552425503730774,-0.1051329763722606,-0.10568815469741821,-0.17496785521507263,-0.21071884949924424,0.07340940833091736,-0.39373573660850525,-0.22127492149593309,-0.0714198648929596,-0.3990226089954376,-0.27984110434772447,-0.053385893503824285,-0.007849751096783176,2.6456263819426912e-05,-0.029946818496241385,-0.050909591443610354,2.6456263819426912e-05,0.40255448623605455,0.3936504052918866,0.5882237398363582,6.800100123630084,2.5538362331099926
idle,shahzaib,swipe_right,0.10892504453659058,-0.008342057466506958,-0.28799088319647126,-0.09790298342704773,-0.008876293897628784,-0.37488339861738496,0.09805655479431152,-0.18589571118354797,-0.10511527975904755,-0.10582616925239563,-0.17496785521507263,-0.21146571656572632,0.07326412200927734,-0.3937782049179077,-0.22125722488272004,-0.07210397720336914,-0.3990226089954376,-0.2802401038061362,-0.007263638756492037,-0.027508446664521628,0.0005362610064559899,-0.004182259241739975,-0.0040964646772905485,0.0005362610064559899,0.4022898074265083,0.39279270144646716,1.020694397908879,0.26404161614271227,1.6193110496653702
idle,shahzaib,swipe_right,0.1084243655204773,-0.012931078672409058,-0.28406457623350434,-0.09795323014259338,-0.009118467569351196,-0.37488339861738496,0.09763693809509277,-0.187778502702713,-0.09590269645559601,-0.10587641596794128,-0.17496785521507263,-0.2107011528860312,0.07289665937423706,-0.39384013414382935,-0.21874330958235078,-0.07276016473770142,-0.3990226089954376,-0.2798234077345114,-0.015172091397371993,-0.13906124866369846,0.11897899887778411,-0.0015226277438076892,-0.007338596112800287,0.0,0.4021148242882383,0.3880989491367559,0.20745388716311242,0.10910287689985122,0.1281091986317408
idle,shahzaib,swipe_right,0.10752600431442261,-0.013330161571502686,-0.2579477184044663,-0.09861436486244202,-0.00941324234008789,-0.3748823755013291,0.09744685888290405,-0.18823671340942383,-0.07982003470533527,-0.10636955499649048,-0.17526262998580933,-0.20963718523853458,0.07251209020614624,-0.3942284882068634,-0.21478406121605076,-0.07299071550369263,-0.398796409368515,-0.2802390806900803,-0.027223066850141746,-0.01209342118465526,0.7914199342132656,-0.02003438544995835,-0.008932568810202761,3.100351684472744e-05,0.40153851051210154,0.3849319559567363,2.242595974307343,2.250878023388245,0.5630388520319601
idle,shahzaib,swipe_right,0.10612896084785461,-0.01426514983177185,-0.2579488559640595,-0.09881886839866638,-0.010164767503738403,-0.3739019735730835,0.0970735251903534,-0.18927261233329773,-0.07982117226492846,-0.10628178715705872,-0.17512598633766174,-0.20902907392155612,0.0724540650844574,-0.3957846164703369,-0.21478519877564395,-0.0733080804347992,-0.3995441198348999,-0.2802402182496735,-0.042334650502061075,-0.028332977583914544,-3.4471502823925023e-05,-0.006197076855283893,-0.022773489807591658,0.029709149340774885,0.4012974018538302,0.38542729966976896,0.2721060672550459,1.4941301614530407,1.0772863838995923
idle,shahzaib,swipe_right,0.10461068153381348,-0.01432827115058899,-0.2579488559640595,-0.09880059957504272,-0.010204166173934937,-0.37335578641068423,0.09717869758605957,-0.1898007094860077,-0.07982117226492846,-0.1070062518119812,-0.17494967579841614,-0.20825132271420443,0.07181793451309204,-0.3965623378753662,-0.21478519877564395,-0.0739625096321106,-0.39958351850509644,-0.2802402182496735,-0.046008464061852154,-0.001912767236882969,0.0,0.0005536007158683947,-0.0011938990968646294,0.016551126133311698,0.4011280590631823,0.3860587355882593,0.46330331767847377,24.04078363092265,0.7927494886379896
idle,shahzaib,swipe_right,0.10467579960823059,-0.014708131551742554,-0.2504666253007599,-0.09901401400566101,-0.010031312704086304,-0.37042535385262454,0.09682616591453552,-0.1919395625591278,-0.07982117226492846,-0.10798913240432739,-0.1746823489665985,-0.2080714656985947,0.07009866833686829,-0.3972226679325104,-0.21478519877564395,-0.07579198479652405,-0.3995335102081299,-0.2802402182496735,0.001973274982336827,-0.011510921247077895,0.22673426252423273,-0.006467103958129986,0.005237983934807139,0.08880098660787088,0.40048044045220443,0.3857280295083805,1.234419505500556,0.17141143862825758,2.2083200534027747
idle,shahzaib,swipe_right,0.10489869117736816,-0.01701253652572632,-0.2504711212550319,-0.09906896948814392,-0.009572207927703857,-0.3539281548892177,0.09634155035018921,-0.19422310590744019,-0.07982566821920045,-0.10895410180091858,-0.174297034740448,-0.19968058783160814,0.06768429279327393,-0.3984673321247101,-0.2206372978125728,-0.07804226875305176,-0.3994046151638031,-0.2799296142493404,0.0067542899738657815,-0.06983045375708301,-0.00013624103854508978,-0.0016653176509972593,0.013912265950983068,0.49991512010323225,0.39735023831895033,0.3844251937032072,0.11969279225052068,0.09672274613330234,12.461626353990765
idle,shahzaib,swipe_right,0.10597604513168335,-0.017690598964691162,-0.2504711212550319,-0.09879353642463684,-0.006525754928588867,-0.35102111715423234,0.09672164916992188,-0.19540274143218994,-0.07982566821920045,-0.10976588726043701,-0.17368310689926147,-0.19926515835868486,0.06609320640563965,-0.39997464418411255,-0.2206372978125728,-0.07936233282089233,-0.3994044363498688,-0.2760810019408382,0.03264708952470311,-0.020547346635298624,0.0,0.00834645646991165,0.09231675754894057,0.08809205257531509,0.40043382831250723,0.3855149660848046,0.09041008676458512,1.5887939844571664,12.707262005943182
idle,shahzaib,swipe_right,0.11094135046005249,-0.019019782543182373,-0.2504711212550319,-0.09810766577720642,-0.004284799098968506,-0.34172627944099077,0.09680521488189697,-0.1958962082862854,-0.07982566821920045,-0.10916295647621155,-0.1732187271118164,-0.19269107896434434,0.06597834825515747,-0.4013930559158325,-0.2206372978125728,-0.07875871658325195,-0.398957222700119,-0.2748887600337184,0.15046379782936625,-0.04027829025730898,0.0,0.0207839590130428,0.06790775241273747,0.2816617488861053,0.40075922670181124,0.3861619463103384,0.3060571469009112,3.73551263858388,5.924201219038309
idle,shahzaib,swipe_right,0.11745333671569824,-0.018430352210998535,-0.23046136516677507,-0.09733840823173523,-0.0036162734031677246,-0.34172627944099077,0.09740966558456421,-0.1954711675643921,-0.07753445822345384,-0.10846588015556335,-0.17255020141601562,-0.19269107896434434,0.06652146577835083,-0.40126997232437134,-0.2206372978125728,-0.07750874757766724,-0.3984050154685974,-0.2748510302935756,0.1973329168377479,0.01786152521769186,0.6063562450986854,0.02331083471124797,0.02025835441820527,0.0,0.40090356103655245,0.38633760172303977,1.1506208060756669,11.04731354793556,8.656817406971395
idle,shahzaib,swipe_right,0.1249297559261322,-0.02347642183303833,-0.22656365096918307,-0.09730267524719238,-0.002989351749420166,-0.34172398209921084,0.09999975562095642,-0.1967705488204956,-0.06556903928867541,-0.10731977224349976,-0.1719355583190918,-0.19268878162256442,0.06750968098640442,-0.4006553292274475,-0.20624725878587924,-0.0759148895740509,-0.3977903723716736,-0.26760253668180667,0.22655815789194178,-0.152911200667875,0.11811255144218355,0.0010828177134196136,0.018997625871138443,6.961641757339915e-05,0.402267662049957,0.38206511091785134,0.05699452796028603,1.4816225056104297,0.6746621251240525
idle,shahzaib,swipe_right,0.13665303587913513,-0.02992260456085205,-0.22654903697548434,-0.09788191318511963,-0.002949535846710205,-0.3417093681055121,0.10181418061256409,-0.19717884063720703,-0.06076694297371432,-0.10728397965431213,-0.17217057943344116,-0.1926741676288657,0.06846979260444641,-0.4006553292274475,-0.1940571443992667,-0.07581272721290588,-0.3977903723716736,-0.25632037984905764,0.35525090766675155,-0.19533887053980759,0.0004428482939009365,-0.01755266478567393,0.0012065425063624395,0.0004428482939009365,0.4045709016633178,0.37834829309164003,14.535856661931504,1.8186297896330195,0.7808210444713756
idle,shahzaib,swipe_right,0.14999723434448242,-0.036503881216049194,-0.22656523901969194,-0.09866443276405334,-0.0030914247035980225,-0.3718099417164922,0.10320889949798584,-0.19748863577842712,-0.05909720901399851,-0.10792392492294312,-0.17236921191215515,-0.1998203219845891,0.06942027807235718,-0.4008539617061615,-0.17984379548579454,-0.07621908187866211,-0.3979890048503876,-0.24999044556170702,0.40436965046507584,-0.19943262591506813,-0.0004909710365940302,-0.02371271451314328,-0.004299662329933928,-0.9121385942721377,0.4138694023790163,0.3760671752773997,5.513735488623582,2.0275901248332255,27.65511647482715
idle,shahzaib,swipe_right,0.16536912322044373,-0.045451074838638306,-0.2255682903341949,-0.09928253293037415,-0.0035493671894073486,-0.39469736395403743,0.1046731173992157,-0.1980961263179779,-0.056618168484419584,-0.10835614800453186,-0.1728346049785614,-0.2160330223850906,0.07003739476203918,-0.4010438323020935,-0.17477896390482783,-0.07658359408378601,-0.3982040286064148,-0.24833128927275538,0.4658148144230647,-0.27112707947239434,0.030210566227182867,-0.018730308070327092,-0.013877045024524883,-0.6935582496225757,0.4215335946523605,0.3716367894739156,1.3496359204216033,1.718061867031714,6.631720923426124
idle,shahzaib,swipe_right,0.17633387446403503,-0.061397671699523926,-0.22561203967779875,-0.10019567608833313,-0.0040084123611450195,-0.3947411132976413,0.10751351714134216,-0.19909042119979858,-0.05660035368055105,-0.10903245210647583,-0.17322945594787598,-0.21607677172869444,0.06952568888664246,-0.40088799595832825,-0.1605288339778781,-0.07738670706748962,-0.39799028635025024,-0.24405885767191648,0.33226518919973297,-0.48323020790561955,-0.0013257376849651191,-0.027671004786635586,-0.013910459749626238,-0.0013257376849651191,0.4224300039772474,0.3617975848950087,1.989079886988785,0.687590502773629,20.97849236980515
idle,shahzaib,swipe_right,0.1924533247947693,-0.07557410001754761,-0.22562770266085863,-0.10074147582054138,-0.005254387855529785,-0.39475677628070116,0.1135973334312439,-0.20201623439788818,-0.049234543927013874,-0.10993149876594543,-0.17437750101089478,-0.21609243471175432,0.0689505934715271,-0.40152451395988464,-0.1568743260577321,-0.07805794477462769,-0.39888057112693787,-0.24142466206103563,0.4884681918404397,-0.42958873690981536,-0.00047463585029949596,-0.01653938582449275,-0.03775683316317532,-0.00047463585029949596,0.42304473993727854,0.35527964167372883,0.43803853237593565,1.1370574058732341,0.7978891113453329
idle,shahzaib,swipe_right,0.20447474718093872,-0.09636986255645752,-0.22668372746556997,-0.10204958915710449,-0.005771517753601074,-0.39478475507348776,0.1201622486114502,-0.21130222082138062,-0.022931580431759357,-0.11119797825813293,-0.17488926649093628,-0.21612041350454092,0.0677911639213562,-0.401937872171402,-0.13170189317315817,-0.07924658060073853,-0.39917024970054626,-0.22640594001859426,0.3642855268536152,-0.6301746223912026,-0.0320007516579191,-0.039639798077669576,-0.015670602971857073,-0.0008478422056544817,0.4285253374725655,0.34795942188460594,2.5294029046584687,0.5780698489594585,0.9685456675418656
idle,shahzaib,swipe_right,0.21263986825942993,-0.12326085567474365,-0.23285344894975424,-0.10313987731933594,-0.007185459136962891,-0.3827350502833724,0.12341868877410889,-0.22371721267700195,-0.022931580431759357,-0.11198195815086365,-0.1750197410583496,-0.18687560316175222,0.06743252277374268,-0.4020347595214844,-0.13170189317315817,-0.0809258222579956,-0.3984564542770386,-0.20356386061757803,0.24742791146943457,-0.814878579342017,-0.18696125709649586,-0.03303903521913523,-0.04284670858672239,0.3651425693974409,0.4309161996101208,0.33019948498593604,0.7710805620390477,0.303637393477479,11.122949751631984
idle,shahzaib,swipe_right,0.22893089056015015,-0.14208877086639404,-0.23285344894975424,-0.10407891869544983,-0.008318006992340088,-0.3827350502833724,0.12964481115341187,-0.22913944721221924,-0.022931580431759357,-0.11207389831542969,-0.17500072717666626,-0.18687560316175222,0.06738162040710449,-0.40148448944091797,-0.13170189317315817,-0.08161699771881104,-0.3975137174129486,-0.20356386061757803,0.4936673424460617,-0.5705428845954601,0.0,-0.02845579927617822,-0.034319631981126815,0.0,0.4290456317339905,0.3218943036740495,0.8291164128861697,0.865257442547286,11.068814433347379
idle,shahzaib,swipe_right,0.24234014749526978,-0.15559718012809753,-0.24787927325814962,-0.10438087582588196,-0.009167701005935669,-0.3827350502833724,0.13905930519104004,-0.23582908511161804,-0.022931580431759357,-0.11221718788146973,-0.17517277598381042,-0.18687560316175222,0.06727206707000732,-0.40150800347328186,-0.13170189317315817,-0.08201408386230469,-0.3970111310482025,-0.20356386061757803,0.4063411192460449,-0.4093457352031316,-0.4553280093453097,-0.009150216073700776,-0.025748303442290052,0.0,0.4278143462016541,0.32344729008836226,0.3553578097445803,0.9926575304048896,0.6400852328664862
idle,shahzaib,swipe_right,0.25589755177497864,-0.16988828778266907,-0.28031327622011304,-0.1063666045665741,-0.013273805379867554,-0.38276442186906934,0.1496257483959198,-0.2402108609676361,-0.05902402149513364,-0.11241930723190308,-0.17569997906684875,-0.18690497474744916,0.06719264388084412,-0.40165218710899353,-0.1336836596019566,-0.08228430151939392,-0.39707934856414795,-0.20359323220327497,0.41083043271845693,-0.43306386832035637,-0.9828485746049677,-0.06017359820279304,-0.12442740527066516,-0.0008900480514223067,0.4242510665929937,0.3329028263080144,0.48360017209815814,0.9486579558204854,3.366466574404745
idle,shahzaib,swipe_right,0.265226811170578,-0.19024047255516052,-0.2843051999807358,-0.10780343413352966,-0.017106443643569946,-0.4139872342348099,0.15533915162086487,-0.2515905797481537,-0.061140693724155426,-0.11360090970993042,-0.17605307698249817,-0.2123918980360031,0.06747761368751526,-0.4020868241786957,-0.1405583918094635,-0.08301958441734314,-0.3963015079498291,-0.2146490216255188,0.2827048301696746,-0.6167328718936737,-0.12096738668553624,-0.04354028990774396,-0.11614055344552578,-0.9461458292648544,0.42911403962961814,0.32349152486707655,0.37488985308058403,0.4583903090998277,28.649649487763767
idle,shahzaib,swipe_right,0.2715795338153839,-0.208845317363739,-0.2843365930020809,-0.10927176475524902,-0.018195927143096924,-0.42802685126662254,0.1601257026195526,-0.25754618644714355,-0.06663120910525322,-0.11469459533691406,-0.17612957954406738,-0.21585476025938988,0.06811919808387756,-0.4023895859718323,-0.14058978483080864,-0.0836712121963501,-0.3959248960018158,-0.21468041464686394,0.19250674681230331,-0.563783176017539,-0.0009513036771254257,-0.04449486732482981,-0.033014651500818025,-0.4254429403579664,0.4345702063242953,0.3154657461380674,1.3476901197520625,0.3414546824852965,15.978702690672643
idle,shahzaib,swipe_right,0.2759760916233063,-0.22422653436660767,-0.28922298084944487,-0.11019662022590637,-0.019165098667144775,-0.4405475212261081,0.16635671257972717,-0.2669181823730469,-0.06804777216166258,-0.11553838849067688,-0.17509996891021729,-0.22396839689463377,0.06873932480812073,-0.4023895859718323,-0.1406119866296649,-0.08435574173927307,-0.3946055769920349,-0.2147026164457202,0.1332290244824944,-0.4660974849354086,-0.14807235901102714,-0.028025923353252682,-0.029368834062055784,-0.37941424119652706,0.4388954599685963,0.3110858050125222,0.9542418010955206,0.2858387846958077,1.4855160054388603
swipe_right,shahzaib,swipe_right,0.27595624327659607,-0.23748648166656494,-0.29134183330461383,-0.1119808554649353,-0.019420742988586426,-0.44054078264161944,0.16633686423301697,-0.2755122184753418,-0.06887982739135623,-0.11632373929023743,-0.17503434419631958,-0.22396165831014514,0.06871947646141052,-0.4024371802806854,-0.14060524804517627,-0.08503058552742004,-0.39319726824760437,-0.21469587786123157,-0.0006014650518243898,-0.40181658484718574,-0.06420765015663452,-0.05406773451602761,-0.007746797619443867,0.00020419952995849155,0.4375398597838518,0.30475781963548315,6.978465000213643,0.0014968609501078245,11.549225858567416
swipe_right,shahzaib,swipe_right,0.27584952116012573,-0.24942857027053833,-0.29134183330461383,-0.11365741491317749,-0.020006954669952393,-0.44054078264161944,0.16623014211654663,-0.2864267826080322,-0.07062500668689609,-0.11643046140670776,-0.17503434419631958,-0.22396165831014514,0.06861275434494019,-0.4025188386440277,-0.1311968038789928,-0.08584162592887878,-0.3900604248046875,-0.20739956898614764,-0.0032340035294042007,-0.36188147284768424,0.0,-0.050804831764915584,-0.017763990344423518,0.0,0.4382557636589902,0.3033646951120246,2.8598288420045983,0.00893661277363214,0.3193088005389084
swipe_right,shahzaib,swipe_right,0.275775671005249,-0.26357904076576233,-0.29134183330461383,-0.11397755146026611,-0.019458264112472534,-0.44054078264161944,0.16615629196166992,-0.30176088213920593,-0.07117182714864612,-0.11650431156158447,-0.17416223883628845,-0.22671430511400104,0.06853890419006348,-0.4031080901622772,-0.128222085069865,-0.08642765879631042,-0.3889309763908386,-0.20733468933030963,-0.002237883481112369,-0.42880213621890434,0.0,-0.009701107487533925,0.016626986590298556,0.0,0.4377832382145885,0.2983680368432157,0.5834204541152291,0.005218906514643419,1.6240432498853588
swipe_right,shahzaib,swipe_right,0.2755928933620453,-0.27310794591903687,-0.29472701949998736,-0.11484840512275696,-0.016793489456176758,-0.44054078264161944,0.164446622133255,-0.3064776659011841,-0.07608441216871142,-0.11656901240348816,-0.17073816061019897,-0.22671430511400104,0.06762704253196716,-0.4027547538280487,-0.12289178324863315,-0.086870938539505,-0.38550689816474915,-0.2057441989891231,-0.005538716460719341,-0.2887547016143845,-0.10258139985980573,-0.026389504923965412,0.08075074716047936,0.0,0.43802026447733605,0.2993082663910792,0.3267979437215282,0.01918132327691994,2.0078723116951207
swipe_right,shahzaib,swipe_right,0.2741777300834656,-0.2843446135520935,-0.29671415500342846,-0.11569994688034058,-0.014764666557312012,-0.44054594449698925,0.16328644752502441,-0.31100302934646606,-0.07810894958674908,-0.11668643355369568,-0.1678794026374817,-0.22671946696937084,0.06631278991699219,-0.40200093388557434,-0.12173053435981274,-0.0870695412158966,-0.38257578015327454,-0.1947538834065199,-0.042883735714536256,-0.34050507978959144,-0.060216227377002225,-0.02580429568435178,0.06147948178377951,-0.00015641985969109797,0.44330401837600536,0.2960913888622481,0.41971524841172875,0.12594117479792244,0.5842661618510264
swipe_right,shahzaib,swipe_right,0.27132320404052734,-0.2893052101135254,-0.3724942486733198,-0.11605137586593628,-0.013164043426513672,-0.4326534252613783,0.16221678256988525,-0.3140200972557068,-0.11998057179152966,-0.11670941114425659,-0.16538339853286743,-0.22396682016551495,0.06483042240142822,-0.401964396238327,-0.11835717968642712,-0.08713141083717346,-0.379229873418808,-0.19350492767989635,-0.08650078917994782,-0.15032110792218073,-2.2963664748452293,-0.010649363199869961,0.0485037312363141,0.23916724956397237,0.43821519845926415,0.34629035637829136,0.21955308128575068,0.5754362440468693,7.277388709874438
swipe_right,shahzaib,swipe_right,0.26944875717163086,-0.29681408405303955,-0.4458257802762091,-0.11641684174537659,-0.01375967264175415,-0.40446111047640443,0.1619846224784851,-0.3167980909347534,-0.14574317121878266,-0.11676183342933655,-0.16518759727478027,-0.21847214782610536,0.06330668926239014,-0.40170276165008545,-0.1176378526724875,-0.08720532059669495,-0.3780726492404938,-0.1928893723525107,-0.056801420269589814,-0.22754163453072962,-2.222167624329954,-0.01107472361940314,-0.018049370158802182,0.8543125692416227,0.4223030407880331,0.4015015599904696,0.6135455130266456,0.24962979085978187,18.74955182955304
swipe_right,shahzaib,swipe_right,0.2595423460006714,-0.30806073546409607,-0.45463611045852304,-0.11663046479225159,-0.013282805681228638,-0.4044168726541102,0.15617603063583374,-0.3208599388599396,-0.15299035469070077,-0.11685940623283386,-0.16417840123176575,-0.21791270235553384,0.06259739398956299,-0.40148356556892395,-0.10465437779203057,-0.08730486035346985,-0.37629416584968567,-0.17062780121341348,-0.3001942779078595,-0.3408076185168605,-0.26697970249435826,-0.006473425662878717,0.014450513955318408,0.001340540069522265,0.43277542514814343,0.4123134153865158,0.4479410034750293,0.8808294790614526,25.866768498284948
swipe_right,shahzaib,swipe_right,0.24598488211631775,-0.31570056080818176,-0.516013668384403,-0.11659646034240723,-0.013537675142288208,-0.39423985918983817,0.14749929308891296,-0.32258960604667664,-0.1693986370228231,-0.11681103706359863,-0.1635974943637848,-0.20285301050171256,0.062040239572525024,-0.4009099006652832,-0.08394487341865897,-0.08718064427375793,-0.37513267993927,-0.14112809440121055,-0.41083223891981374,-0.23150985891169137,-1.8599259977539677,0.0010304378740715423,-0.007723317001805284,0.3083943474021874,0.44235935980097385,0.47726272293423133,0.13340181064950005,1.7745700605625743,9.331661959005892
swipe_right,shahzaib,swipe_right,0.23369932174682617,-0.31861263513565063,-0.5191691229119897,-0.11626699566841125,-0.012879133224487305,-0.3334069261327386,0.13840991258621216,-0.32338619232177734,-0.1719548711553216,-0.11636033654212952,-0.1637117862701416,-0.15447306726127863,0.06085169315338135,-0.39986589550971985,-0.05945869255810976,-0.08636975288391113,-0.3739509582519531,-0.0971853593364358,-0.37228970816640733,-0.08824467658996485,-0.09561983416929284,0.00998377799987782,0.019955815690936244,1.8434222138514822,0.4325128166592065,0.4978072667287443,0.5002690887410528,4.218786942914589,46.52434858698606
swipe_right,shahzaib,swipe_right,0.21971410512924194,-0.3210501968860626,-0.5698856841772795,-0.11604824662208557,-0.0105762779712677,-0.285291476175189,0.13011348247528076,-0.32224544882774353,-0.19832581095397472,-0.11598944664001465,-0.16441509127616882,-0.13163251988589764,0.05903196334838867,-0.3989810049533844,-0.05442538298666477,-0.08564558625221252,-0.3741653561592102,-0.08831323496997356,-0.4237944429571046,-0.07386550758824321,-1.5368654928875938,0.0066287589795662755,0.06978349252180731,1.458043938107586,0.414634498134711,0.5455192788864819,0.09498899741220904,5.7373017460020925,11.775777419559835
swipe_right,shahzaib,swipe_right,0.2063676416873932,-0.32689327001571655,-0.6104058157652617,-0.11597228050231934,-0.007911205291748047,-0.26612074486911297,0.12598708271980286,-0.31898927688598633,-0.2103483509272337,-0.11529693007469177,-0.16450482606887817,-0.10901897959411144,0.05808684229850769,-0.3964215815067291,-0.054156919941306114,-0.08525088429450989,-0.3731094002723694,-0.07742401771247387,-0.40443828611662447,-0.17706282211072322,-1.2278827753933859,0.002302003629279834,0.08075977816726133,0.5809312516992678,0.4122135134146966,0.5798570648630298,0.02850398029241645,2.2841384608975477,26.581576784489435
swipe_right,shahzaib,swipe_right,0.19172897934913635,-0.331468403339386,-0.6131163618410937,-0.11574146151542664,-0.007211208343505859,-0.22292967949761078,0.1210157573223114,-0.3169208765029907,-0.22196174476994202,-0.1140216588973999,-0.16488933563232422,-0.06090391118777916,0.057761162519454956,-0.3954302668571472,-0.03847114433301613,-0.08472287654876709,-0.37384170293807983,-0.03743113641394302,-0.44359582843202044,-0.13864040374755707,-0.08213775987369906,0.006994514754324171,0.021212028734611508,1.3088201627727793,0.41205555652867876,0.5935112652137966,0.32972730305653203,3.199591294096637,22.13138456410821
swipe_right,shahzaib,swipe_right,0.17565813660621643,-0.33160337805747986,-0.6331103565171361,-0.11553424596786499,-0.0068717896938323975,-0.2142774285748601,0.11489656567573547,-0.31616654992103577,-0.22556993085891008,-0.11336350440979004,-0.1642756164073944,-0.05266979429870844,0.05760958790779114,-0.39509153366088867,-0.031446500681340694,-0.08396929502487183,-0.3754606544971466,-0.0277327848598361,-0.4869952346339448,-0.004090142972541643,-0.6058786265467475,0.0062792590170196606,0.010285413626468707,0.26218942190154,0.41431027199889053,0.616413498530754,0.6104420106986609,119.03647413509886,31.71781877389073
swipe_right,shahzaib,swipe_right,0.15275704860687256,-0.33277079463005066,-0.6526868471410125,-0.11545002460479736,-0.00663265585899353,-0.19547506957314909,0.10897594690322876,-0.3156794011592865,-0.23304852633737028,-0.11319857835769653,-0.16432926058769226,-0.051843674620613456,0.056288063526153564,-0.39572674036026,-0.02933966345153749,-0.08363306522369385,-0.375558465719223,-0.024754391750320792,-0.6939723636164733,-0.03537625977487236,-0.5932269886023103,0.002552162517200789,0.007246479843601957,0.5697684545972971,0.4077549778010943,0.6339017491685042,0.3521448244459523,19.616340214947503,9.321715896507385
swipe_right,shahzaib,swipe_right,0.13685020804405212,-0.33647480607032776,-0.6698202695697546,-0.11544418334960938,-0.0065406858921051025,-0.17201759479939938,0.10441204905509949,-0.31534692645072937,-0.25053836964070797,-0.11316397786140442,-0.1643860638141632,-0.017368659377098083,0.05511823296546936,-0.3967117965221405,-0.015698738396167755,-0.083404541015625,-0.3760037422180176,0.01361346896737814,-0.4820254716006269,-0.11224277091748966,-0.5191946190527977,0.00017700773296934466,0.0027869686935887636,0.7108325689015177,0.41471481828572204,0.6619543702656668,0.06348985674638066,4.2944518672217775,4.277411245664506
swipe_right,shahzaib,swipe_right,0.11900761723518372,-0.337890625,-0.6698036594316363,-0.11540591716766357,-0.0064193010330200195,-0.14243754278868437,0.09851250052452087,-0.30443936586380005,-0.25075993966311216,-0.1127321720123291,-0.16529583930969238,0.008561387658119202,0.05464419722557068,-0.39783942699432373,-0.015674050897359848,-0.08270201086997986,-0.3764806091785431,0.028562954626977444,-0.5406845699657034,-0.04290360392946138,0.0005033375187353599,0.0011595812710848594,0.003678329063184293,0.8963652124458995,0.4089695433524448,0.6600167069530091,0.31516106637151237,12.60201750969738,5.622345045894038
swipe_right,shahzaib,swipe_right,0.09925013780593872,-0.34092390537261963,-0.6697911326773465,-0.11507359147071838,-0.006292402744293213,-0.061346248257905245,0.09145486354827881,-0.3039699196815491,-0.2507474129088223,-0.1126544177532196,-0.1675892472267151,0.04666830180212855,0.05258208513259888,-0.4003884792327881,-0.015661524143069983,-0.0824652910232544,-0.37663787603378296,0.02857548138126731,-0.5987114978559024,-0.09191758704907865,0.00037959861484440475,0.01007047566500566,0.003845402688691068,2.4573119554781284,0.3824983507224426,0.6584827161330045,2.6181542807814138,6.513497618672366,47.30218746492892
swipe_right,shahzaib,swipe_right,0.08733594417572021,-0.34669333696365356,-0.6607045070268214,-0.11346721649169922,-0.00478777289390564,-0.03891198569908738,0.08871519565582275,-0.3007184565067291,-0.25054831663146615,-0.11187782883644104,-0.16673406958580017,0.06780529161915183,0.050536513328552246,-0.40304726362228394,-0.01528772572055459,-0.08143603801727295,-0.37559494376182556,0.03221029555425048,-0.3610361706126877,-0.17483126033436447,0.27535229244015874,0.0486780296672482,0.04559484395113931,0.6798261381460067,0.37892259533077494,0.6489166238834255,1.0675979529935178,2.0650432015362075,53.890762805734475
swipe_right,shahzaib,swipe_right,0.06590619683265686,-0.34669139981269836,-0.6526497737504542,-0.11218118667602539,-0.004168987274169922,-0.024249269161373377,0.08243182301521301,-0.2969983220100403,-0.24143493035808206,-0.1113109290599823,-0.16603237390518188,0.07425265153869987,0.05046388506889343,-0.4023161828517914,-0.01528772572055459,-0.08119001984596252,-0.374863862991333,0.03221029555425048,-0.6493862831231249,5.870154409697497e-05,0.24408282655657876,0.03897060047496406,0.018751079385930635,0.4443247435670862,0.3762483564779114,0.6399710632127233,2.0782015515678243,10877.210848488401,7.1886381584525125
swipe_right,shahzaib,swipe_right,0.05399081110954285,-0.345255583524704,-0.6070631281472743,-0.1107785701751709,-0.0025280117988586426,-0.006125073414295912,0.08010980486869812,-0.29223114252090454,-0.24143493035808206,-0.1099904477596283,-0.16457313299179077,0.07682867487892509,0.05031129717826843,-0.40068405866622925,-0.015700608026236296,-0.08000257611274719,-0.37326374650001526,0.035229438450187445,-0.3610722946398244,0.043509584484679016,1.3814135031266865,0.042503530328924684,0.049726529554888044,0.5492180529417501,0.37430247453962473,0.5939658953872606,0.8547283709722663,8.298493318722608,3.316010976355382
swipe_right,shahzaib,swipe_right,0.04944917559623718,-0.3424501121044159,-0.528978540096432,-0.1102035641670227,0.00042375922203063965,0.02850145986303687,0.07556489109992981,-0.27817586064338684,-0.18979549268260598,-0.10897234082221985,-0.16255179047584534,0.12536087771877646,0.05019083619117737,-0.3972327411174774,-0.017772673163563013,-0.07899031043052673,-0.36981213092803955,0.03725359356030822,-0.1376253185850186,0.0850142854632744,2.366199637904286,0.017424424489339,0.08944760669361362,1.049288887191891,0.37165236634291543,0.5141333726656994,0.1947981654876135,1.6188302825198548,15.220375787278346
swipe_right,shahzaib,swipe_right,0.03861096501350403,-0.3393906354904175,-0.5289536905474961,-0.11014539003372192,0.0008549392223358154,0.02852630941197276,0.0725068747997284,-0.26605644822120667,-0.1897706431336701,-0.10818108916282654,-0.16279861330986023,0.12538572726771235,0.052034467458724976,-0.39443981647491455,-0.022201715502887964,-0.07712677121162415,-0.36662688851356506,0.03736945567652583,-0.3284306237191829,0.09271141254540544,0.0007530166344209068,0.0017628525242660792,0.013066060615308213,0.0007530166344209068,0.3690681835933485,0.5099099596561847,0.13490811561713253,3.5424665878297112,31.861541844781105
swipe_right,shahzaib,swipe_right,0.023623257875442505,-0.33726149797439575,-0.5289536905474961,-0.10967406630516052,0.001636117696762085,0.02852630941197276,0.07142749428749084,-0.2625531256198883,-0.1897706431336701,-0.10751807689666748,-0.16405299305915833,0.12538572726771235,0.053130000829696655,-0.3924243152141571,-0.022257904056459665,-0.07603392004966736,-0.3644333779811859,0.03736945567652583,-0.45417294357762916,0.06451931866732613,0.0,0.014282537229133602,0.023672074982614606,0.0,0.3677182839373838,0.5105430484624834,0.6033241241208686,7.039223502899836,0.49774245161166236
swipe_right,shahzaib,swipe_right,0.012743860483169556,-0.33726149797439575,-0.5289536905474961,-0.10865643620491028,0.0005922019481658936,0.02852630941197276,0.06877264380455017,-0.2625531256198883,-0.1897706431336701,-0.10695034265518188,-0.1644529402256012,0.12538572726771235,0.05372306704521179,-0.39265650510787964,-0.024113154504448175,-0.07592430710792542,-0.3642653822898865,0.03736945567652583,-0.32967870885675243,0.0,0.0,0.030837275765158576,-0.031633810563520603,0.0,0.3664295979954477,0.5095212154739047,0.9747893290917412,329678.70885675243,1.7494063912648317
swipe_right,shahzaib,swipe_right,0.0018826127052307129,-0.3381931781768799,-0.6109003615565598,-0.10875460505485535,0.00016638636589050293,0.018240585457533598,0.0679892897605896,-0.2625531256198883,-0.2649574768729508,-0.10617333650588989,-0.16714796423912048,0.12538572726771235,0.05428701639175415,-0.39267292618751526,-0.0638517034240067,-0.07507884502410889,-0.3642653822898865,0.037040099035948515,-0.32912872054360653,-0.028232733408610475,-2.4832324548201523,-0.0029748136346990886,-0.012903502493193861,-0.3116886046799796,0.3664669050951411,0.5522467734932178,0.230525247778291,11.657286543735365,9.517461026288142
swipe_right,shahzaib,swipe_right,-0.00724300742149353,-0.3382434546947479,-0.6248394884169102,-0.1093619167804718,-0.001066654920578003,0.015605604276061058,0.06711539626121521,-0.26392731070518494,-0.29769793525338173,-0.1056789755821228,-0.1692536175251007,0.12542520090937614,0.053565651178359985,-0.39418816566467285,-0.08910804614424706,-0.07465806603431702,-0.3642653822898865,0.037926144897937775,-0.27653394323406494,-0.0015235308444861042,-0.4223977836469763,-0.01840338562474086,-0.03736488746874219,-0.07984791459007609,0.36553505899290906,0.5420661231674322,0.4925183602326027,181.3895364821433,7.0799258224219175
swipe_right,shahzaib,swipe_right,-0.01777854561805725,-0.33945927023887634,-0.6248292000964284,-0.11037477850914001,-0.004200756549835205,0.015615892596542835,0.06529882550239563,-0.26811474561691284,-0.29875433165580034,-0.1066155731678009,-0.17299926280975342,0.12543548922985792,0.05263283848762512,-0.3975869119167328,-0.09363139141350985,-0.07570603489875793,-0.36553147435188293,0.03793643321841955,-0.3192587332292002,-0.03684289527661832,0.0003117672873265781,-0.030692779656612174,-0.0949727766441566,0.0003117672873265781,0.36367570161411433,0.5389876600519179,0.323171097761127,8.665173180855458,3.0143934938127273
swipe_right,shahzaib,swipe_right,-0.036934614181518555,-0.34127819538116455,-0.6248000869527459,-0.11177191138267517,-0.010226041078567505,0.015645005740225315,0.061850786209106445,-0.27723249793052673,-0.3059814879670739,-0.10691875219345093,-0.17863687872886658,0.12696348037570715,0.05135476589202881,-0.4004431366920471,-0.09629976097494364,-0.07701575756072998,-0.36883386969566345,0.03796554636210203,-0.5804869261655033,-0.05511894370570415,0.0008822164752266764,-0.042337359804096315,-0.18258437965855745,0.0008822164752266764,0.36097890728907694,0.539080791229603,0.23187705326280236,10.531341056239704,2.6783001478793866
swipe_right,shahzaib,swipe_right,-0.050621360540390015,-0.3423473834991455,-0.6248183222487569,-0.11140820384025574,-0.01434817910194397,0.012609090656042099,0.05674007534980774,-0.27881231904029846,-0.3059997232630849,-0.10473564267158508,-0.18005511164665222,0.13209475856274366,0.05075255036354065,-0.4028518795967102,-0.10422549117356539,-0.07698020339012146,-0.3715614676475525,0.04051463212817907,-0.41474988966276694,-0.032399639938816525,-0.0005525847276051779,0.011021440679376654,-0.12491327343564908,-0.09199742679342979,0.35995185785520784,0.5338111647641525,0.08823203606955667,12.800669691893628,3.6864911380161787
swipe_right,shahzaib,swipe_right,-0.05914473533630371,-0.3478848338127136,-0.574653135612607,-0.11104100942611694,-0.02024814486503601,0.012624002061784267,0.05121028423309326,-0.2843497693538666,-0.302693085744977,-0.10481208562850952,-0.1856878697872162,0.13210966996848583,0.050998806953430176,-0.40904226899147034,-0.11021509952843189,-0.07590216398239136,-0.3771508038043976,0.04052954353392124,-0.2582840847246616,-0.16780152465358192,1.5201571707924448,0.011127103458751508,-0.17878684130582229,0.0004518607800657171,0.35971233737801855,0.4812219042681866,0.062236354427023056,1.5392145336184502,3.242458687516324
swipe_right,shahzaib,swipe_right,-0.06390315294265747,-0.3404814600944519,-0.5707728136330843,-0.11134481430053711,-0.020489364862442017,0.012624002061784267,0.04698854684829712,-0.2843497693538666,-0.302693085744977,-0.1053847074508667,-0.18640127778053284,0.13210966996848583,0.050994694232940674,-0.4091012179851532,-0.11056237854063511,-0.07627689838409424,-0.3778955936431885,0.04052954353392124,-0.14419447291980933,0.22434465812914053,0.11758551453098977,-0.009206208315762505,-0.007309696891091007,0.0,0.3602050670699277,0.4792742753648968,1.2592791703594517,0.6427335127511422,5.232698879135005
swipe_right,shahzaib,swipe_right,-0.06398126482963562,-0.31976011395454407,-0.5391297806054354,-0.11136966943740845,-0.022389143705368042,-0.001064291107468307,0.046013981103897095,-0.2843497693538666,-0.29872854240238667,-0.10546281933784485,-0.1914847195148468,0.13210966996848583,0.05142173171043396,-0.4094267189502716,-0.11495226807892323,-0.07424172759056091,-0.38382524251937866,0.04052954353392124,-0.0023670268781257773,0.6279195799972171,0.9588797887166494,-0.0007531859657981299,-0.05756905584624411,-0.41479676270463006,0.3657110671990245,0.4486474270460787,0.013082946589624821,0.0037696278056952165,12.664122228842768
swipe_right,shahzaib,swipe_right,-0.06400540471076965,-0.2958659827709198,-0.5381717551499605,-0.10933363437652588,-0.023513466119766235,-0.04410281591117382,0.04598984122276306,-0.27005818486213684,-0.2950007189065218,-0.10531708598136902,-0.1914847195148468,0.08769301138818264,0.05146625638008118,-0.4094267189502716,-0.11495226807892323,-0.07207831740379333,-0.3889917731285095,0.03487802855670452,-0.0007315115495161496,0.7240645813219395,0.029031074408328576,0.06169803214795594,-0.034070376193884276,-1.3041977213243952,0.37576631744952227,0.45314951125798264,1.8108464946311906,0.0010102835549517708,27.02728627993415
swipe_right,shahzaib,swipe_right,-0.06407898664474487,-0.2685064971446991,-0.5025200815871358,-0.10660576820373535,-0.023513466119766235,-0.07754590827971697,0.04591625928878784,-0.24345973134040833,-0.25964313466101885,-0.10539066791534424,-0.1914847195148468,0.03651078697293997,0.05141264200210571,-0.4094267189502716,-0.12481984216719866,-0.07088464498519897,-0.39138293266296387,-0.02212298009544611,-0.002229755575006634,0.8290753220066789,1.0803537443280102,0.08266261129668175,0.0,-1.0134270414709934,0.3737320484348238,0.41934984924178953,82662.61129668175,0.002689445489903487,8.894230668674396
swipe_right,shahzaib,swipe_right,-0.061838239431381226,-0.24309042096138,-0.47266232687979937,-0.1050075888633728,-0.023513466119766235,-0.08016177732497454,0.045719295740127563,-0.22820839285850525,-0.23919874150305986,-0.10558763146400452,-0.1914847195148468,0.033284048549830914,0.051366955041885376,-0.4094267189502716,-0.13092781323939562,-0.07061955332756042,-0.39138293266296387,-0.032530040480196476,0.0679014307079904,0.7701841267672574,0.9047804456768758,0.04842967698068407,0.0,-0.0792687589472003,0.37253088966908404,0.39656734345811023,48429.67698068407,0.08816247983520144,28.326827815772464
swipe_right,shahzaib,swipe_right,-0.05698308348655701,-0.2111557424068451,-0.4523183358833194,-0.10469561815261841,-0.023513466119766235,-0.10976817738264799,0.050954967737197876,-0.21863743662834167,-0.2294135196134448,-0.10429373383522034,-0.18936899304389954,0.01272185891866684,0.05251625180244446,-0.4073176681995392,-0.14770218264311552,-0.07056215405464172,-0.39138293266296387,-0.0540832681581378,0.1471259377219444,0.9677175319555927,0.616484575650902,0.009453657901648215,0.0,-0.897163638111307,0.3736225995592967,0.37849782875769705,9453.657901648216,0.15203381237789068,24.812819256847977
swipe_right,shahzaib,swipe_right,-0.05018126964569092,-0.1682099997997284,-0.4021337693557143,-0.10307839512825012,-0.02442947030067444,-0.12704516109079123,0.05816340446472168,-0.20374026894569397,-0.19334118720144033,-0.10418549180030823,-0.18438151478767395,0.01038278453052044,0.054406940937042236,-0.40434443950653076,-0.15336234029382467,-0.07045286893844604,-0.3938988447189331,-0.06785529758781195,0.2061155709353393,1.3013861396096176,1.5207444402304804,0.04900675831419127,-0.027757702451764173,-0.5235449608528336,0.37560016444842287,0.3585880524028072,1.7654556584317829,0.15838144135738783,11.41607512066723
swipe_right,shahzaib,swipe_right,-0.03782951831817627,-0.14060652256011963,-0.3844382232055068,-0.10264846682548523,-0.029499530792236328,-0.13835380133241415,0.06500959396362305,-0.19843655824661255,-0.19218266662210226,-0.10393019020557404,-0.19181805849075317,0.005936106666922569,0.0578802227973938,-0.4063492715358734,-0.15665387269109488,-0.07020443677902222,-0.40252038836479187,-0.06863727327436209,0.37429549477316704,0.8364690072608625,0.5362286712184038,0.013028130386814784,-0.15363819671399498,-0.34268606792796363,0.38086424031968363,0.362857097928196,0.08479691813975784,0.4474703115762031,6.765812323303662
idle,shahzaib,swipe_right,-0.013414770364761353,-0.09859070181846619,-0.3762457435950637,-0.10182683169841766,-0.03366103768348694,-0.16654375847429037,0.07553055882453918,-0.1936318576335907,-0.18753524776548147,-0.10312196612358093,-0.19626817107200623,0.0009358294773846865,0.06236329674720764,-0.40335971117019653,-0.17761633452028036,-0.06942048668861389,-0.40705835819244385,-0.08037684019654989,0.7398408470731712,1.2732066891409994,0.2482569578922129,0.02489803415356233,-0.12610626943183528,-0.8542411255113912,0.3845782988750742,0.3715913167255914,0.19743536011633694,0.5810841808317407,15.528269743452356
idle,shahzaib,swipe_right,0.008268296718597412,-0.053990066051483154,-0.35045076068490744,-0.10137403011322021,-0.03957170248031616,-0.21941632684320211,0.08499503135681152,-0.19336426258087158,-0.1856377488002181,-0.1026369035243988,-0.20450156927108765,-0.05123856943100691,0.06520593166351318,-0.4061369001865387,-0.1777511453256011,-0.06893008947372437,-0.4153575599193573,-0.10721748974174261,0.65706263888967,1.3515344171813255,0.7816661487926261,0.013721260157498664,-0.17911105444937328,-1.6021990414821996,0.3935177238477758,0.3963261841081348,0.0766071284240505,0.48616013353168147,22.724756862267032
idle,shahzaib,swipe_right,0.01752650737762451,-0.0354287326335907,-0.3353629922494292,-0.10133832693099976,-0.039733678102493286,-0.22139110323041677,0.08895739912986755,-0.18979719281196594,-0.17648618575185537,-0.1026369035243988,-0.20477205514907837,-0.05224615428596735,0.06666561961174011,-0.4031561464071274,-0.19491867627948523,-0.06888008117675781,-0.4155319035053253,-0.11505557876080275,0.28055183815233325,0.562464649027038,0.4572051041053953,0.0010819146127411694,-0.004908352187185523,-0.059841708703473905,0.39189933362738494,0.39668968864844006,0.22037828444355692,0.49878928364360786,47.036828629082066
idle,shahzaib,swipe_right,0.02678471803665161,-0.01653805375099182,-0.32984603103250265,-0.10133832693099976,-0.03956630825996399,-0.22336587961763144,0.09291976690292358,-0.18590077757835388,-0.16733462270349264,-0.1026369035243988,-0.20471319556236267,-0.05325373914092779,0.06812530755996704,-0.39984604716300964,-0.20356603618711233,-0.06877309083938599,-0.4153769016265869,-0.12289366777986288,0.2805518381523408,0.5724448146242175,0.16718064293717158,0.0,0.005071813409978774,-0.05984170870347552,0.3903700322000258,0.4056854683789334,0.0,0.4900932646987895,0.304201138959186
idle,shahzaib,swipe_right,0.04893079400062561,0.0013432204723358154,-0.320275223813951,-0.10078424215316772,-0.03949281573295593,-0.2276692157611251,0.09698876738548279,-0.1749177873134613,-0.15744178649038076,-0.10259303450584412,-0.2046389877796173,-0.05383159499615431,0.07182773947715759,-0.39287635684013367,-0.20710716303437948,-0.06847682595252991,-0.412548691034317,-0.14148508664220572,0.6710932110295078,0.5418567946462861,0.2900244611682282,0.01679044781309167,0.002227046272971389,-0.13040412556041228,0.38424231853143465,0.4107801787199404,7.535951123088403,1.2385043043767303,2.199646542797606
idle,shahzaib,swipe_right,0.06763407588005066,0.008066892623901367,-0.3156322971917689,-0.10223940014839172,-0.038210391998291016,-0.2839031950570643,0.10061022639274597,-0.17458844184875488,-0.12909364560618997,-0.10391122102737427,-0.20302516222000122,-0.10029604146257043,0.0716838538646698,-0.3894522190093994,-0.21197755495086312,-0.07021352648735046,-0.4100753366947174,-0.18258423963561654,0.5667661175583286,0.20374764095652964,0.1406947461267297,-0.04409569682496918,0.038861325292875844,-1.7040599786648059,0.3867489164891384,0.4108310484913256,1.1346643952119022,2.7816927509187646,47.735131022309346
idle,shahzaib,swipe_right,0.08315271139144897,0.008616507053375244,-0.30827381857670844,-0.10275542736053467,-0.03285181522369385,-0.31559052714146674,0.10079312324523926,-0.174038827419281,-0.127612259471789,-0.10484001040458679,-0.19804847240447998,-0.14029681333340704,0.07242649793624878,-0.38740959763526917,-0.21328860172070563,-0.07150739431381226,-0.40515443682670593,-0.2192064190749079,0.4702616821635928,0.01665498271132987,0.2229842004563808,-0.01563718824675614,0.16238111438173494,-0.9602221843758468,0.38584398130533376,0.4073989674399403,0.09629871064491473,28.23379984921019,22.86547252943281
idle,shahzaib,swipe_right,0.09819963574409485,0.009155899286270142,-0.29958294495008886,-0.10197943449020386,-0.031383365392684937,-0.31652172072790563,0.1029757559299469,-0.1734994351863861,-0.12627893849276006,-0.10542014241218567,-0.19750908017158508,-0.15771225257776678,0.07244816422462463,-0.38687020540237427,-0.22015026374720037,-0.07231840491294861,-0.4034467041492462,-0.24386771186254919,0.4559674046256275,0.016345219178633078,0.263359806867257,0.02351493546456976,0.04449847972754227,-0.02821798746784497,0.3802492731439072,0.4047336960562574,0.5284316942253046,27.8943650297828,28.492278647283463
idle,shahzaib,swipe_right,0.10560977458953857,0.011054515838623047,-0.2957128154230304,-0.10196399688720703,-0.02940124273300171,-0.33410383929731324,0.10479563474655151,-0.17554622888565063,-0.1256550865364261,-0.1056932806968689,-0.19561028480529785,-0.172614099283237,0.07360410690307617,-0.38497158885002136,-0.2201028483104892,-0.07137733697891235,-0.40114036202430725,-0.24382029642583802,0.22454966198314677,0.05753383491978593,0.11727665233510648,0.00046780615141898236,0.06006432302070482,-0.5327914718002391,0.3837663803530042,0.4044476548154,0.007788289946559135,3.9028470716255645,15.313313878622768
idle,shahzaib,swipe_right,0.10983949899673462,0.009811580181121826,-0.2957128154230304,-0.10218584537506104,-0.02876293659210205,-0.3360141383600421,0.10745894908905029,-0.17754089832305908,-0.12488274445058778,-0.10561001300811768,-0.19493818283081055,-0.17514895071508363,0.07569366693496704,-0.38435378670692444,-0.2201028483104892,-0.07080471515655518,-0.3995105028152466,-0.24382029642583802,0.12817346688472722,-0.03766471689397597,0.0,-0.0067226814501212566,0.01934261033029246,-0.057887850385723055,0.3833252374743473,0.40280161547334703,0.34754016108323943,3.4029212093724017,14.445471093207313
idle,shahzaib,swipe_right,0.11654791235923767,0.002512514591217041,-0.2957128154230304,-0.10236766934394836,-0.027284085750579834,-0.33666537870885804,0.11022350192070007,-0.17796510457992554,-0.11863471736432984,-0.1057574450969696,-0.1935896873474121,-0.18246905674459413,0.07611510157585144,-0.38301554322242737,-0.2201028483104892,-0.07028767466545105,-0.3968408703804016,-0.24382029642583802,0.20328525340918116,-0.22118380575468802,0.0,-0.005509817239009912,0.04481366186430911,-0.01973455602472457,0.3823892681923038,0.3949475442082979,0.12294675469587758,0.9190742226418621,1.3906150664473529
idle,shahzaib,swipe_right,0.1210208535194397,0.003933817148208618,-0.295578950754134,-0.10236251354217529,-0.023577958345413208,-0.3422083796176594,0.1113046407699585,-0.17746946215629578,-0.11833028655382805,-0.10567721724510193,-0.19129088521003723,-0.18250309836002998,0.07657170295715332,-0.3812592625617981,-0.21870327900978737,-0.0692480206489563,-0.3946455717086792,-0.24321370731922798,0.1355436715212757,0.0430697744542909,0.004056505118073452,0.00015623641736579912,0.11230689106565712,-0.16796972450913394,0.38547073620465555,0.3952964767719704,0.0013911437200299721,3.146998707095972,4.938660042863433
idle,shahzaib,swipe_right,0.1244475245475769,0.0012144148349761963,-0.2948747814807575,-0.10241258144378662,-0.022213250398635864,-0.35205253373715095,0.11125457286834717,-0.17817792296409607,-0.11241539727780037,-0.10571062564849854,-0.1907210648059845,-0.17518299233051948,0.07785779237747192,-0.381244957447052,-0.21803047668072395,-0.06838071346282959,-0.3945603668689728,-0.24040854882332496,0.10383851600415665,-0.08240613070401188,0.021338462829589608,-0.0015172091397371993,0.04135478626597966,-0.2983077005906506,0.39021138188100885,0.3928750714543309,0.03668674390517621,1.2600671218261625,4.497217750710164
idle,shahzaib,swipe_right,0.12444695830345154,-0.0014649033546447754,-0.2941055835399311,-0.10242339968681335,-0.020245015621185303,-0.35205253373715095,0.1112540066242218,-0.17852342128753662,-0.10955648284289055,-0.10570165514945984,-0.18808645009994507,-0.17309530984493904,0.07887890934944153,-0.3812796175479889,-0.2160333634528797,-0.06821861863136292,-0.39392945170402527,-0.23895920228096657,-1.7158912889885454e-05,-0.08119146029154589,0.023309028509891767,-0.00032782554626465364,0.05964347810456342,0.0,0.3919185201511403,0.3904240460737117,0.0054963268467189685,0.00021133628453025354,9.056671645732065
idle,shahzaib,swipe_right,0.12429031729698181,-0.004501760005950928,-0.2790446818980854,-0.10258004069328308,-0.01962721347808838,-0.35205253373715095,0.11109736561775208,-0.17863667011260986,-0.08861540418001823,-0.10564324259757996,-0.18681055307388306,-0.17264814089867286,0.07873997092247009,-0.3812279999256134,-0.1948326469573658,-0.06826671957969666,-0.3930226266384125,-0.22962755869957618,-0.0047466971657492375,-0.09202595913048846,0.45639095884380415,-0.0047466971657492375,0.01872127706354294,0.0,0.3944482387943493,0.38870189184991377,0.25353204365254645,0.051579419885196015,1.2472754382097742
idle,shahzaib,swipe_right,0.12433546781539917,-0.00615924596786499,-0.2780297663193778,-0.10253489017486572,-0.019209742546081543,-0.35208007359324256,0.11082130670547485,-0.17845898866653442,-0.08599922472058097,-0.1055980920791626,-0.18646836280822754,-0.16536684000311652,0.0789252519607544,-0.3808858096599579,-0.18613907360850135,-0.06783592700958252,-0.39268043637275696,-0.22711136603174964,0.0013681975277987242,-0.050226847330728616,0.030755017536593206,0.0013681975277987242,0.012650634303237313,-0.0008345410936850624,0.39534991471064457,0.3884919363993728,0.10814393579560141,0.02723982014976147,0.2623288711041265
idle,shahzaib,swipe_right,0.12253299355506897,-0.006073117256164551,-0.271831249789102,-0.10274788737297058,-0.017777979373931885,-0.3205835576809477,0.11006942391395569,-0.1771671175956726,-0.08571164865861647,-0.10556510090827942,-0.18510842323303223,-0.1604864354885649,0.07895824313163757,-0.3795258700847626,-0.18473207016359083,-0.06736388802528381,-0.39132049679756165,-0.21940671463380568,-0.05462043213121906,0.002609960960619419,0.18783383425078512,-0.006454460548632176,0.043386762792414574,0.9544398761301622,0.38861651187514645,0.38594298097148927,0.14876223463083468,20.919666343176967,28.963659757900384
idle,shahzaib,swipe_right,0.12101313471794128,-0.0039036571979522705,-0.25967441909597255,-0.10455322265625,-0.015202492475509644,-0.3126964163093362,0.10977092385292053,-0.17498531937599182,-0.08514444195316173,-0.10556510090827942,-0.18256011605262756,-0.1599925350456033,0.07895824313163757,-0.37743115425109863,-0.1836850833205972,-0.06736388802528381,-0.388772189617157,-0.2176455747394357,-0.04605632839780815,0.06574121388521989,0.3683888088827066,-0.05470712979634543,0.07804505752794584,0.23900428398822482,0.3872622208735864,0.38349156980656923,0.7009595555388115,0.7005594377794827,21.75448623263893
idle,shahzaib,swipe_right,0.11905401945114136,-0.0017742514610290527,-0.2550029681297019,-0.10725909471511841,-0.012625396251678467,-0.31260120135266334,0.1100049614906311,-0.17339783906936646,-0.08269093942362815,-0.10586261749267578,-0.18045300245285034,-0.15660979610402137,0.0792427659034729,-0.3758290112018585,-0.1825196222634986,-0.06707936525344849,-0.38852307200431824,-0.21739969414193183,-0.05936712929696843,0.06452744657343187,0.14155912019002168,-0.08199612299601368,0.07809382496458236,0.002885301717359506,0.38984201963236936,0.3830871110097102,1.0499559097955675,0.9200148531300845,7.2027482585711855
idle,shahzaib,swipe_right,0.11973568797111511,-0.001101166009902954,-0.23814434686210006,-0.10657942295074463,-0.011914342641830444,-0.312588551430963,0.11146101355552673,-0.17337659001350403,-0.08105298259761184,-0.10393396019935608,-0.1802864968776703,-0.1566117195179686,0.08147767186164856,-0.3766610622406006,-0.18192414322402328,-0.06477335095405579,-0.39177393913269043,-0.21740161755587906,0.020656621817386284,0.020396528822002765,0.5108673111394443,0.02059611407193248,0.021547079086303475,0.0003833309606169167,0.3938294213013178,0.3816669002553816,0.9558213513808713,1.012702175721602,3.5506257850251166
idle,shahzaib,swipe_right,0.12077760696411133,-0.0003062784671783447,-0.2312664120690897,-0.1069282591342926,-0.011119455099105835,-0.3125683545367792,0.11234557628631592,-0.172914057970047,-0.07979046099353582,-0.10340726375579834,-0.1798030436038971,-0.15997751348186284,0.08315545320510864,-0.3770342469215393,-0.18190394632983953,-0.06303989887237549,-0.3930603861808777,-0.2173814206616953,0.031573302818067646,0.024087501294685516,0.20842226645486253,-0.010570793440847855,0.024087501294685516,0.0006120270964774316,0.396062640730769,0.38180628817906426,0.4388315118292568,1.3107209299498201,0.9476093213569228
idle,shahzaib,swipe_right,0.12289556860923767,0.0008718669414520264,-0.22548976261168718,-0.10631608963012695,-0.011119455099105835,-0.3125757249072194,0.11385169625282288,-0.17313197255134583,-0.07686841953545809,-0.10309377312660217,-0.1798030436038971,-0.16045885998755693,0.0856952965259552,-0.3772208094596863,-0.18189674336463213,-0.06133553385734558,-0.3940010964870453,-0.2173742176964879,0.06418065591291877,0.03570137601910176,0.17504998355765042,0.018550591035322507,0.0,-0.00022334455879348451,0.39709561655191555,0.38241114460527986,18550.591035322508,1.7976578331531867,1.1455028842745745
idle,shahzaib,swipe_right,0.12351357936859131,0.0020824670791625977,-0.2250494414474815,-0.10488530993461609,-0.011173903942108154,-0.31255534826777875,0.11411356925964355,-0.17314845323562622,-0.07651866762898862,-0.10265293717384338,-0.1798195242881775,-0.16603740095160902,0.087002694606781,-0.37747177481651306,-0.18131395219825208,-0.0611799955368042,-0.3940175771713257,-0.2262369894888252,0.018727598768291845,0.0366848526578957,0.013343065581989864,0.04335696047002571,-0.0016499649394642042,0.0006174739224441056,0.3948800978785125,0.38380627960855557,26.26158765315547,0.5104855799027259,0.7537998778096696
idle,shahzaib,swipe_right,0.12391331791877747,0.001948714256286621,-0.2250374152790755,-0.10300454497337341,-0.012185275554656982,-0.31310616875998676,0.11442115902900696,-0.17368775606155396,-0.07369544799439609,-0.10079076886177063,-0.18035882711410522,-0.17691502417437732,0.08824518322944641,-0.3780110776424408,-0.1804449304472655,-0.059992820024490356,-0.3945568799972534,-0.23445611144416034,0.012113289399580715,-0.004053115844726627,0.0003644293456366626,0.05699287761341532,-0.03064762462269225,-0.016691530066909478,0.3927389513186419,0.38422668959276596,1.859557429249787,2.98789917790263,1.1036312559369585
idle,shahzaib,swipe_right,0.12408953905105591,0.0014583468437194824,-0.2240802263841033,-0.10546880960464478,-0.013534724712371826,-0.33951192256063223,0.1143343448638916,-0.1750372052192688,-0.0696576377376914,-0.10135072469711304,-0.18010538816452026,-0.18746382649987936,0.08704930543899536,-0.37936052680015564,-0.17576064821332693,-0.06127750873565674,-0.39590632915496826,-0.23447134252637625,0.005340034311467893,-0.014859618562640403,0.029005724090066503,-0.07467468579610106,-0.04089239871863118,-0.8001743575953085,0.3989917773719551,0.3856549948646167,1.8260816693154684,0.359341321423372,24.076833007663865
idle,shahzaib,swipe_right,0.12415269017219543,-0.0019597411155700684,-0.22511116415262222,-0.10659706592559814,-0.01834052801132202,-0.3617463782429695,0.11486050486564636,-0.1788683533668518,-0.06746809184551239,-0.10277768969535828,-0.18288445472717285,-0.18904418498277664,0.08654835820198059,-0.38416633009910583,-0.17581916600465775,-0.062270134687423706,-0.40000027418136597,-0.23452986031770706,0.0019136703375614355,-0.10357842300877591,-0.031240538439967915,-0.03418958548343597,-0.14563040299849309,-0.6737713843132618,0.404738287183959,0.38720235475365394,0.234767946881551,0.018475390979917867,5.123525077685197
idle,shahzaib,swipe_right,0.12388861179351807,-0.002054363489151001,-0.2252655252814293,-0.10779270529747009,-0.023299843072891235,-0.38326246291399,0.11508280038833618,-0.17964056134223938,-0.064945749938488,-0.10420957207679749,-0.18527165055274963,-0.19290488213300705,0.08626765012741089,-0.3871363699436188,-0.17508789151906967,-0.06308507919311523,-0.4034736156463623,-0.23455990105867386,-0.008002375111435311,-0.0028673446539676235,-0.00467760996385049,-0.03623149611733137,-0.15028227459300483,-0.652002565788493,0.4106620521632918,0.39015546053037753,0.24108801338973365,2.789893153309197,0.6773867901597735
idle,shahzaib,swipe_right,0.12549620866775513,-0.0038218796253204346,-0.225486118812114,-0.10863128304481506,-0.026446133852005005,-0.383293439168483,0.11567062139511108,-0.18166354298591614,-0.0633929562754929,-0.10465338826179504,-0.18624749779701233,-0.19293585838750005,0.08658415079116821,-0.3887039124965668,-0.16854206146672368,-0.06397098302841187,-0.40340033173561096,-0.2339099240489304,0.048715056795061905,-0.053561095035436795,-0.006684652444991125,-0.025411446889241258,-0.09534214482162834,-0.0009386743785756903,0.40792700853106245,0.39101272759623706,0.2665262084314712,0.9095061864707107,19.802043332211216
idle,shahzaib,swipe_right,0.12793952226638794,-0.005375653505325317,-0.22529573505744338,-0.10998573899269104,-0.024136334657669067,-0.3832926726900041,0.11639267206192017,-0.18409743905067444,-0.06074861204251647,-0.10693898797035217,-0.18529602885246277,-0.19293509190902114,0.08630245923995972,-0.39113277196884155,-0.16597464447841048,-0.06410196423530579,-0.40292972326278687,-0.23307244246825576,0.07403980601917731,-0.04708405696984568,0.005769204686988575,-0.041044119632606006,0.069993914979878,2.3226620572986395e-05,0.4100681280041273,0.3925062945358047,0.5863871631875728,1.5724692882201257,5.032613414419117
idle,shahzaib,swipe_right,0.1305820643901825,-0.008181124925613403,-0.22529930528253317,-0.11091813445091248,-0.022074192762374878,-0.3832962429150939,0.11669829487800598,-0.1864696443080902,-0.06038730125874281,-0.10671570897102356,-0.1837075650691986,-0.19293866213411093,0.08531740307807922,-0.392711341381073,-0.16582027729600668,-0.06475132703781128,-0.4030686020851135,-0.23237650748342276,0.08007703405437959,-0.0850142854632744,-0.0001081886390844969,-0.028254407824891675,0.06248914834224748,-0.0001081886390844969,0.41238923432197705,0.39172711381930664,0.45214179473774463,0.9419133702605977,0.44938026949533943
idle,shahzaib,swipe_right,0.13280445337295532,-0.0096188485622406,-0.22421621484681964,-0.11192557215690613,-0.019396156072616577,-0.3769071321003139,0.11882036924362183,-0.1866874396800995,-0.05586534319445491,-0.1060081422328949,-0.18418017029762268,-0.19274570746347308,0.08497720956802368,-0.3924086391925812,-0.16061856551095843,-0.06373026967048645,-0.4038980007171631,-0.22327280743047595,0.06734512069008675,-0.04356738292809758,0.0328209222943499,-0.030528415333141466,0.08115262696237405,0.19360941862969996,0.416854844560518,0.39097331118868395,0.37618054147223284,1.545733767563252,5.89781425251022
idle,shahzaib,swipe_right,0.13550974428653717,-0.011563539505004883,-0.20752030797302723,-0.11049266159534454,-0.0184478759765625,-0.36796762235462666,0.11718703806400299,-0.18856090307235718,-0.044377127662301064,-0.10499458014965057,-0.18572688102722168,-0.18298174627125263,0.08327068388462067,-0.39385876059532166,-0.15760782547295094,-0.06523419916629791,-0.40586057305336,-0.22179307229816914,0.08197851253278238,-0.058930028568613964,0.5059365719330978,0.04342153216853239,0.02873576048648687,0.2708942347177924,0.4165380239089436,0.3890627345422454,1.5110099897638378,1.39109251143197,3.609632229767917
idle,shahzaib,swipe_right,0.1359769105911255,-0.0150890052318573,-0.19534949446097016,-0.11222535371780396,-0.019175618886947632,-0.36057917261496186,0.11656433343887329,-0.19203320145606995,-0.03535390133038163,-0.10628309845924377,-0.18716540932655334,-0.17519114399328828,0.08086305856704712,-0.3973842263221741,-0.1506099053658545,-0.06834107637405396,-0.40824440121650696,-0.2120267697609961,0.014156554684494326,-0.10683229475310237,0.36881253066839187,-0.052505821892708866,-0.022052815466215875,0.22389241635347612,0.41876982171006083,0.38883004460281356,2.380804445069483,0.1325107001259383,3.5843127797234646
idle,shahzaib,swipe_right,0.13568192720413208,-0.01696634292602539,-0.18656490743160248,-0.11225950717926025,-0.020713865756988525,-0.35112136602401733,0.11437833309173584,-0.19392019510269165,-0.02740509994328022,-0.10817107558250427,-0.18863332271575928,-0.17114563286304474,0.07723599672317505,-0.39938297867774963,-0.14662764966487885,-0.07277926802635193,-0.40828219056129456,-0.21151885390281677,-0.008938890514951905,-0.0568890210353976,0.2661996069505402,-0.0010349533774636174,-0.04661354151639146,0.28660019972559636,0.413831798036034,0.38891309395207757,0.02220237170196532,0.15712580787041772,2.5685720925003013
idle,shahzaib,swipe_right,0.1346714198589325,-0.019450396299362183,-0.18251693714410067,-0.11117050051689148,-0.01682254672050476,-0.33187360037118196,0.11489233374595642,-0.19663849472999573,-0.026075058616697788,-0.10726207494735718,-0.18833079934120178,-0.1671304004266858,0.07774826884269714,-0.4021511673927307,-0.14662878680974245,-0.0723143219947815,-0.4084462821483612,-0.21151999104768038,-0.03062143470301739,-0.07527434464656863,0.12266576628793235,0.0330002018899625,0.11791875868132491,0.5832656258434896,0.41153850857119534,0.3885718526238069,0.2798530310695826,0.40679235474497755,10.331495644649264
idle,shahzaib,swipe_right,0.13022519648075104,-0.019795507192611694,-0.18251693714410067,-0.113401398062706,-0.013655036687850952,-0.3311006473377347,0.11161525547504425,-0.1966772973537445,-0.026075058616697788,-0.10971824824810028,-0.18757495284080505,-0.16629900503903627,0.07758374512195587,-0.40325966477394104,-0.14662878680974245,-0.07406042516231537,-0.40881651639938354,-0.21151999104768038,-0.13473404176307663,-0.010457905856045977,0.0,-0.06760295593377423,0.0959851525046624,0.02342281919537206,0.4147286348388755,0.3887207762458041,0.7042990490788815,12.882231049550079,17.2494805447312
idle,shahzaib,swipe_right,0.12884832918643951,-0.01981443166732788,-0.17974933981895447,-0.11431141197681427,-0.013204514980316162,-0.31524571776390076,0.10978622734546661,-0.1966962218284607,-0.024639194831252098,-0.11094053089618683,-0.187366783618927,-0.1628711074590683,0.07470990717411041,-0.4037577211856842,-0.14662764966487885,-0.07452945411205292,-0.40861234068870544,-0.21151885390281677,-0.04172325134277298,-0.0005734689307935248,0.08386658561048993,-0.02757617921540201,0.013652172955599548,0.480452411328296,0.4107179264281576,0.3891535232563416,2.0197634136094536,72.62925652939988,14.12449274095284
idle,shahzaib,swipe_right,0.1273588389158249,-0.020136475563049316,-0.17924899840727448,-0.11256809532642365,-0.012703418731689453,-0.3145130672492087,0.10823385417461395,-0.19701826572418213,-0.023340527433902025,-0.11042051017284393,-0.1871049404144287,-0.16141232335940003,0.07443998754024506,-0.4050820767879486,-0.1461766161955893,-0.07418526709079742,-0.40890610218048096,-0.2115142443217337,-0.04513606880650326,-0.009758905930952485,0.015161860959999322,0.052827777284563816,0.015184734806869802,0.022201530748244245,0.41116732044246196,0.3899709004508743,3.4787764936251433,4.624641787105664,14.098597267852133
idle,shahzaib,swipe_right,0.12345220148563385,-0.020008832216262817,-0.17157826852053404,-0.11307351291179657,-0.01116994023323059,-0.3110497994348407,0.10518766939640045,-0.19689062237739563,-0.021150355227291584,-0.11381478607654572,-0.1868983805179596,-0.1606651647016406,0.07094527781009674,-0.40558841824531555,-0.14470575284212828,-0.07786644995212555,-0.4088067412376404,-0.21153158973902464,-0.1183829524300334,0.003867980205651547,0.23244636020425966,-0.01531568440524039,0.04646904540784505,0.104947509526305,0.41141030232157194,0.3900650282902718,0.32958186872472484,30.59797314473398,3.383796595295865
idle,shahzaib,swipe_right,0.12058068811893463,-0.022319555282592773,-0.17931215278804302,-0.1158769279718399,-0.011141479015350342,-0.3110956083983183,0.10189063847064972,-0.19703620672225952,-0.018197940662503242,-0.11718867719173431,-0.18670237064361572,-0.15668551437556744,0.06811435520648956,-0.4061293303966522,-0.14370122365653515,-0.08154089748859406,-0.4088185131549835,-0.21086196415126324,-0.08701555656664203,-0.070021911100907,-0.2343601293184515,-0.08495197151646376,0.0008624611478863245,-0.0013881504084124557,0.4115492314541318,0.3890125934156807,98.38540127070983,1.2426726509734458,4.092193466645524
idle,shahzaib,swipe_right,0.11684125661849976,-0.022491902112960815,-0.17980966344475746,-0.11814767122268677,-0.010392636060714722,-0.31457800045609474,0.09899604320526123,-0.1975649893283844,-0.02340546064078808,-0.11703261733055115,-0.1859535276889801,-0.15668729320168495,0.06507766246795654,-0.4065912663936615,-0.1447533406317234,-0.08314907550811768,-0.40822935104370117,-0.20678432658314705,-0.11331610607378591,-0.005222631223274083,-0.015076080506498404,-0.06881040154081512,0.022692210746534304,-0.10552703205383353,0.4136646342358424,0.3891538732807271,3.032202111432108,21.692975868759987,3.2612023391891807
idle,shahzaib,swipe_right,0.1171446293592453,-0.02183958888053894,-0.1881600092165172,-0.12131039798259735,-0.009600073099136353,-0.31531275017187,0.09851346909999847,-0.19681087136268616,-0.024706227239221334,-0.12109522521495819,-0.18505051732063293,-0.1566940019838512,0.06338916718959808,-0.4077617824077606,-0.14476004941388965,-0.08501963317394257,-0.4074367880821228,-0.2067910353653133,0.009193113355925488,0.01976706764914751,-0.25304078096241384,-0.0958402048457742,0.024017059441768497,-0.0222651429022801,0.4139662232397792,0.3920575795477042,3.9903392311163874,0.4650486592361463,2.6530138925916225
idle,shahzaib,swipe_right,0.1151571124792099,-0.020853668451309204,-0.1881600092165172,-0.12190331518650055,-0.010075300931930542,-0.3390617738477886,0.09793506562709808,-0.19664844870567322,-0.024706227239221334,-0.12427206337451935,-0.18363580107688904,-0.1566940019838512,0.06146244704723358,-0.40787532925605774,-0.14476004941388965,-0.08679987490177155,-0.4060823321342468,-0.2067910353653133,-0.060227784243497944,0.02987637664332582,0.0,-0.0179671879970669,-0.01440084341800597,-0.7196673841187563,0.41898611974646033,0.3931315804394088,1.2475616819027031,2.015832412681117,21.296585689847888
idle,shahzaib,swipe_right,0.113603875041008,-0.023611396551132202,-0.22745232889428735,-0.12440349161624908,-0.008530944585800171,-0.3503098548389971,0.09628407657146454,-0.19733992218971252,-0.04728136816993356,-0.12641610205173492,-0.18204882740974426,-0.16789504000917077,0.05999802052974701,-0.4087138772010803,-0.1500470549799502,-0.0898859053850174,-0.40455564856529236,-0.20679580280557275,-0.04706780115763295,-0.08356751817645357,-1.1906763538718093,-0.07576292211359115,0.046798677155465276,-0.3408509391275282,0.42263851345130315,0.39644556331277025,1.618877024769038,0.5632240727094149,11.759279289127617
idle,shahzaib,swipe_right,0.11594539880752563,-0.02573990821838379,-0.22745250863954425,-0.12457254528999329,-0.0074724555015563965,-0.350310034584254,0.09678828716278076,-0.19962561130523682,-0.051351077388972044,-0.12650051712989807,-0.18091613054275513,-0.16789521975442767,0.05842733383178711,-0.4104188084602356,-0.1578163276426494,-0.09160041809082031,-0.4035246670246124,-0.20679598255082965,0.07095526565204889,-0.06450035355307768,-5.446825966690466e-06,-0.005122838598309085,0.03207542679526554,-5.446825966690466e-06,0.42254088388627487,0.3951396990858627,0.15970727135558668,1.1000585529365727,10.557570761684545
idle,shahzaib,swipe_right,0.11920370161533356,-0.02734968066215515,-0.22744610626250505,-0.12630648910999298,-0.006006985902786255,-0.35030363220721483,0.09906019270420074,-0.20481213927268982,-0.05134467501193285,-0.1258598417043686,-0.17941811680793762,-0.16788881737738848,0.058732107281684875,-0.41201871633529663,-0.15780992526561022,-0.09174741804599762,-0.4020591974258423,-0.20678958017379045,0.09873644872145376,-0.048780983144587516,0.00019401142543012755,-0.05254375212120371,0.04440816965970197,0.00019401142543012755,0.42266767888751827,0.39557082606126337,1.1831734870035922,2.0240351530769782,1.4848111836688542
idle,shahzaib,swipe_right,0.1226588785648346,-0.025995373725891113,-0.2274070717394352,-0.12645068764686584,-0.00391077995300293,-0.350264597684145,0.10155782103538513,-0.20275962352752686,-0.05130564048886299,-0.1246996521949768,-0.17728650569915771,-0.16784978285431862,0.061181336641311646,-0.41018545627593994,-0.15777089074254036,-0.08972537517547607,-0.39996299147605896,-0.2067505456507206,0.1047023318030606,0.04103960412921282,0.0011828643354502462,-0.004369652632510975,0.06352139241767582,0.0011828643354502462,0.422850311528178,0.3952603008077135,0.06878916971167273,2.5511888536877843,1.570807193612292
idle,shahzaib,swipe_right,0.1272164136171341,-0.028049588203430176,-0.22290458157658577,-0.12693466246128082,-0.0029877424240112305,-0.34091492369771004,0.10434843599796295,-0.2044019103050232,-0.05130564048886299,-0.12319020926952362,-0.17699062824249268,-0.1602834053337574,0.06184859573841095,-0.41111138463020325,-0.15777089074254036,-0.08857564628124237,-0.39996299147605896,-0.19384774938225746,0.13810712279695672,-0.062248923561790764,0.1364390958439242,-0.01466590346712078,0.02797083421187012,0.2833234541343965,0.4250758946863107,0.39401990962081784,0.5243096808037409,2.218591042282458,8.622965012302416
idle,shahzaib,swipe_right,0.1306113749742508,-0.039561569690704346,-0.1799221970140934,-0.1248493641614914,-0.002164006233215332,-0.34091492369771004,0.10440923273563385,-0.2081230878829956,-0.01507587730884552,-0.12230868637561798,-0.17527157068252563,-0.14433326199650764,0.06097938120365143,-0.41199126839637756,-0.10909808799624443,-0.0880616158246994,-0.3987894058227539,-0.1602579988539219,0.10287761688232032,-0.3488479238567798,1.3024965018936587,0.06319085756937423,0.024961702751389914,0.0,0.4373808072163963,0.38544590989221755,2.5314108892257585,0.2949059316134133,8.90429214059948
idle,shahzaib,swipe_right,0.13425323367118835,-0.04567527770996094,-0.16903861239552498,-0.12239977717399597,-0.0008947253227233887,-0.34091492369771004,0.1059441864490509,-0.2096083164215088,-0.005447542294859886,-0.1212700605392456,-0.17169368267059326,-0.1403489150106907,0.06054416298866272,-0.41202712059020996,-0.10330930724740028,-0.08778998255729675,-0.39781272411346436,-0.15820517018437386,0.11035935445265513,-0.18526387937141484,0.3298055945020786,0.07422990871198368,0.03846305789369587,0.0,0.43832019081529977,0.37942989001644495,1.9298512111523654,0.5956841621957348,0.5284793237199302
idle,shahzaib,swipe_right,0.1438186764717102,-0.05247417092323303,-0.1327574118040502,-0.11939644813537598,-0.002027541399002075,-0.340861679520458,0.10868710279464722,-0.21215322613716125,0.027102154213935137,-0.11841955780982971,-0.17057624459266663,-0.139477105345577,0.06253242492675781,-0.4138118624687195,-0.06073550647124648,-0.0855092704296112,-0.3984428644180298,-0.13013757904991508,0.2898619030461213,-0.20602706706885462,1.0994303209537986,0.09100997086727403,-0.034327759887233474,0.0016134599167289413,0.45022005248129676,0.37730562793234046,2.651128999889091,1.4069049288767506,2.2641610061068493
idle,shahzaib,swipe_right,0.153373122215271,-0.05953323841094971,-0.1296857325360179,-0.11713558435440063,-0.0038642287254333496,-0.34334880392998457,0.11094796657562256,-0.21401530504226685,0.031069674529135227,-0.11631935834884644,-0.17070657014846802,-0.13929470162838697,0.06363588571548462,-0.41574084758758545,-0.06070575397461653,-0.08352446556091309,-0.40030208230018616,-0.12423508148640394,0.28952865889578616,-0.21391113599141778,0.09308118994037459,0.06851102366592055,-0.05565719171003951,-0.0753674063492917,0.45420645351710887,0.37375776900592295,1.2309243538280936,1.3534933749967424,2.5148230997926815
idle,shahzaib,swipe_right,0.16663585603237152,-0.06606549024581909,-0.1065289918333292,-0.11458854377269745,-0.005384922027587891,-0.35688512213528156,0.1118851751089096,-0.21675747632980347,0.04106760956346989,-0.11610500514507294,-0.1732175350189209,-0.139469550922513,0.06299452483654022,-0.41825181245803833,-0.05376849137246609,-0.08424387872219086,-0.40281304717063904,-0.1178793478757143,0.40190102476060674,-0.19794702529906477,0.7017194152329641,0.07718304793039665,-0.04608161521680253,-0.41019146076656,0.4647511952444699,0.37089136077063567,1.6748842826579504,2.030336115520247,10.15373304973138
idle,shahzaib,swipe_right,0.17679919302463531,-0.07758909463882446,-0.08929252158850431,-0.11412425339221954,-0.006510436534881592,-0.36084097158163786,0.11256195604801178,-0.22095096111297607,0.055362568236887455,-0.11627255380153656,-0.17562609910964966,-0.13948127161711454,0.06195349991321564,-0.4206603765487671,-0.04550407733768225,-0.08470873534679413,-0.4052216112613678,-0.11779406946152449,0.3079799088564835,-0.34920013312138043,0.522317280146217,0.014069405469027657,-0.03410650022102179,-0.11987422564716241,0.46787569950130914,0.3644240188948597,0.41250180687109195,0.881955640016298,9.01029063000578
idle,shahzaib,swipe_right,0.1893095225095749,-0.09300380945205688,-0.06458745710551739,-0.11348138749599457,-0.008571386337280273,-0.37369087152183056,0.11334161460399628,-0.22682327032089233,0.0746616069227457,-0.11562968790531158,-0.1777200698852539,-0.13950311951339245,0.06051860749721527,-0.42275434732437134,-0.038696473464369774,-0.08452446758747101,-0.408143013715744,-0.11706393025815487,0.37910089348302345,-0.46711257009795965,0.7486383176662824,0.01948078473409048,-0.06245302431511256,-0.38939090727857284,0.47576609336817244,0.35495472957929114,0.3119220089933667,0.8115818459384967,8.21385703064675
idle,shahzaib,swipe_right,0.20076259970664978,-0.10783490538597107,-0.0646116929128766,-0.11346244812011719,-0.010656625032424927,-0.3743716822937131,0.11481991410255432,-0.23227176070213318,0.08307966124266386,-0.11629423499107361,-0.18282738327980042,-0.1447528349235654,0.05873426795005798,-0.42478886246681213,-0.03115683328360319,-0.08510234951972961,-0.41022825241088867,-0.11708816606551409,0.3470629453658926,-0.44942714951253404,-0.0007344184048247781,0.0005739204811327168,-0.0631890513680174,-0.020630629450985098,0.4760846440720847,0.34892848201827625,0.0090824499855241,0.7722323262179496,11.18925406675555
idle,shahzaib,swipe_right,0.2142210155725479,-0.12393462657928467,-0.06462630350142717,-0.11317731440067291,-0.013998091220855713,-0.3864217819646001,0.11728300154209137,-0.24278390407562256,0.08306505065411329,-0.11716820299625397,-0.1869155764579773,-0.1615113439038396,0.05901940166950226,-0.42710602283477783,-0.02678754273802042,-0.08581571280956268,-0.41356971859931946,-0.11609403509646654,0.4078307838151014,-0.48787033919132894,-0.00044274510759296544,0.00864041574073574,-0.10125655116457088,-0.36515453548142984,0.4832010279110613,0.3426838313689831,0.08533107547399334,0.8359392139966683,10.506499134855453
idle,shahzaib,swipe_right,0.22175003588199615,-0.1397266983985901,-0.0646576015278697,-0.11390514671802521,-0.01587289571762085,-0.3864530799910426,0.12147475779056549,-0.2490721344947815,0.08303375262767076,-0.1179923564195633,-0.1897825002670288,-0.16154264193028212,0.05913133919239044,-0.42845332622528076,-0.021317503415048122,-0.08613766729831696,-0.4154445230960846,-0.11612533312290907,0.2281521305893443,-0.47854763088805063,-0.0009484250437129778,-0.022055524768251712,-0.056812257477732324,-0.0009484250437129778,0.4832241809408957,0.33419495842042163,0.3882108815340551,0.47675850658261965,11.157262471743982
idle,shahzaib,swipe_right,0.2304593175649643,-0.15785610675811768,-0.07574969064444304,-0.11448483169078827,-0.017102062702178955,-0.3864530799910426,0.12494538724422455,-0.2600986957550049,0.08392069954425097,-0.11834119260311127,-0.19142770767211914,-0.16154264193028212,0.05906306207180023,-0.42968249320983887,-0.01972836535423994,-0.08660514652729034,-0.4160769581794739,-0.11586606036871672,0.2639176267566145,-0.5493760108947842,-0.3361239126234397,-0.01756621129585063,-0.03724748438054924,0.0,0.48288257294504544,0.3261972557452763,0.4715953303330515,0.4803943767628085,0.6089580677249354
idle,shahzaib,swipe_right,0.23939479887485504,-0.17378968000411987,-0.08176122885197401,-0.11474268138408661,-0.017759859561920166,-0.3864530799910426,0.1325988918542862,-0.2669599652290344,0.08671964425593615,-0.11841906607151031,-0.1922152042388916,-0.16154264193028212,0.05976308882236481,-0.430325448513031,-0.01949503179639578,-0.08699007332324982,-0.4156681299209595,-0.11267487984150648,0.27077216090576994,-0.4828355529091392,-0.1821678244706287,-0.007813627069646365,-0.019933238173975333,0.0,0.4837930360716452,0.31930429229279655,0.39197018724534244,0.5607946607901582,0.6021815412510932
idle,shahzaib,swipe_right,0.24290771782398224,-0.19021353125572205,-0.08179249987006187,-0.11513854563236237,-0.017836540937423706,-0.38647937402129173,0.13817186653614044,-0.2779369652271271,0.08669335022568703,-0.11886714398860931,-0.19229188561439514,-0.1435193233191967,0.05975474417209625,-0.42991408705711365,-0.019188405945897102,-0.08798296749591827,-0.41486963629722595,-0.09397679194808006,0.10645208936749252,-0.49769246216977076,-0.0009476066087231642,-0.011995886311386763,-0.0023236780455618564,-0.0007967887954278553,0.49389317139884237,0.3080919356054133,5.160235557903869,0.21389087351760333,0.5489975610211942
idle,shahzaib,swipe_right,0.24771520495414734,-0.21606799960136414,-0.08281276561319828,-0.11674931645393372,-0.018981367349624634,-0.3865057174116373,0.14355787634849548,-0.2861943542957306,0.08386806212365627,-0.11977493762969971,-0.19233438372612,-0.14354566670954227,0.059922367334365845,-0.4299565851688385,-0.009746267460286617,-0.08818355202674866,-0.41440480947494507,-0.09170288778841496,0.14568142818682353,-0.7834687377467425,-0.030917143731406735,-0.048811237017314414,-0.034691709460634726,-0.0007982845559264801,0.4940489953773864,0.29385913300367894,1.4069594959915068,0.18594391227643717,1.4854851781286218
swipe_right,shahzaib,swipe_right,0.24683892726898193,-0.23992612957954407,-0.08557070139795542,-0.11889773607254028,-0.019622594118118286,-0.3864983106032014,0.14682364463806152,-0.2930316627025604,0.08036222960799932,-0.12150785326957703,-0.19247886538505554,-0.14353825990110636,0.05926007032394409,-0.43037357926368713,-0.005914141424000263,-0.08924886584281921,-0.4133286774158478,-0.08505805674940348,-0.026553869247435517,-0.7229736357023948,-0.08357381165930403,-0.06510362480625716,-0.019431114196776608,0.0002244487404823218,0.49673912889461375,0.27892871170047284,3.350310941310571,0.03672863187190172,0.6771718120655417
swipe_right,shahzaib,swipe_right,0.24619010090827942,-0.25940561294555664,-0.0947908041998744,-0.12006336450576782,-0.01982426643371582,-0.4000920532271266,0.14639779925346375,-0.29632091522216797,0.08036025334149599,-0.12288033962249756,-0.19161546230316162,-0.1435402361676097,0.05876585841178894,-0.4306660294532776,-0.005750951822847128,-0.09037011861801147,-0.41136181354522705,-0.0827465457841754,-0.019661404869773483,-0.5902873747276631,-0.27939705460361003,-0.035322073734168416,-0.006111282290834467,-0.4119315946644068,0.5048678151196349,0.26904659865737784,5.778868195785856,0.03330813499223073,12.528643502337705
swipe_right,shahzaib,swipe_right,0.2456590086221695,-0.2792648673057556,-0.17544098384678364,-0.12186913192272186,-0.02110522985458374,-0.404095770791173,0.14586670696735382,-0.30569303035736084,0.046679532155394554,-0.1240738183259964,-0.19152313470840454,-0.14375522918999195,0.058234766125679016,-0.43062183260917664,-0.005747627932578325,-0.09104637801647186,-0.41064515709877014,-0.07979683764278889,-0.016093705639694932,-0.6017955866727058,-2.443944837785167,-0.05472022475618392,-0.03881707335963456,-0.12132477466807415,0.5078003496621003,0.2946737393502676,1.409658440521301,0.02674276656947488,8.881335908088266
swipe_right,shahzaib,swipe_right,0.24127764999866486,-0.2972866892814636,-0.28666644264012575,-0.12248058617115021,-0.022338271141052246,-0.4040842251852155,0.14561821520328522,-0.31390905380249023,-0.00846244115382433,-0.124322310090065,-0.19147539138793945,-0.14404589403420687,0.05798627436161041,-0.43057408928871155,-0.005736082326620817,-0.0913049727678299,-0.41059741377830505,-0.0755261154845357,-0.13276844313649916,-0.5461158174456765,-3.3704684482829665,-0.018528916619040048,-0.037364887468741184,0.0003498668471972015,0.5095758159121877,0.3609475401349781,0.49587786813682944,0.2431136322764972,3.847009740730873
swipe_right,shahzaib,swipe_right,0.2356056571006775,-0.3155902624130249,-0.34400322660803795,-0.12271919846534729,-0.02365165948867798,-0.404068972915411,0.14545810222625732,-0.325553834438324,-0.04743150621652603,-0.1244824230670929,-0.19022023677825928,-0.1440306417644024,0.05782616138458252,-0.43140989542007446,-0.005885995924472809,-0.09152835607528687,-0.4093422591686249,-0.07514390721917152,-0.17187857266628656,-0.5546537312594415,-1.7374783020579732,-0.007230675581729889,-0.039799646897750104,0.0004621899940750889,0.5078600261624793,0.39917790291056926,0.18167231302309894,0.30988390250635006,0.3502470864729206
swipe_right,shahzaib,swipe_right,0.22387480735778809,-0.32862159609794617,-0.39482550136744976,-0.12310159206390381,-0.020422309637069702,-0.40004499070346355,0.13649797439575195,-0.3360343873500824,-0.07917617820203304,-0.12486252188682556,-0.18489792943000793,-0.14401370100677013,0.05598115921020508,-0.42958104610443115,-0.007533347234129906,-0.09196636080741882,-0.4039068818092346,-0.07278166525065899,-0.35548029523907854,-0.39488889954307493,-1.5400689321034127,-0.01158768480474317,0.09785908641237356,0.12193885490750016,0.5051050424475007,0.4340233867974669,0.11841073546485248,0.9002010323647249,5.565000369570628
swipe_right,shahzaib,swipe_right,0.21305148303508759,-0.33902090787887573,-0.46683314885012805,-0.12339432537555695,-0.01626443862915039,-0.3829218491446227,0.12655113637447357,-0.340115487575531,-0.12215523119084537,-0.12510882318019867,-0.18029934167861938,-0.14401801372878253,0.053814277052879333,-0.427614688873291,-0.016250892309471965,-0.09220118820667267,-0.39902862906455994,-0.07008099998347461,-0.3279795249303234,-0.3151306600281737,-2.182049923717559,-0.008870706413731572,0.12599609114907206,0.5188830775406407,0.4953290160993796,0.48603468570584163,0.07040405721141843,1.040769832206009,12.059075161288474
swipe_right,shahzaib,swipe_right,0.2012788951396942,-0.35288622975349426,-0.48550213797716424,-0.1236247718334198,-0.013757497072219849,-0.28587476833490655,0.12114104628562927,-0.34297069907188416,-0.13995833619264886,-0.12524846196174622,-0.1781485378742218,-0.08741705043939874,0.053107887506484985,-0.4262305796146393,-0.01715511380461976,-0.09236836433410645,-0.39653605222702026,-0.039603586483281106,-0.35674508773917957,-0.42016126892781835,-0.5657269432434993,-0.006983225995843796,0.0759679259675893,2.940820630597347,0.45623007387364994,0.49667189996100297,0.09192213667497492,0.849065025875673,73.40772516976804
swipe_right,shahzaib,swipe_right,0.18748345971107483,-0.3609352707862854,-0.5539626957615837,-0.1243378221988678,-0.010946393013000488,-0.2631392957409844,0.11889657378196716,-0.3443225622177124,-0.18613423721399158,-0.12455558776855469,-0.17702937126159668,-0.0758531125029549,0.05232682824134827,-0.42515039443969727,-0.01853937783744186,-0.09307131171226501,-0.39496517181396484,-0.02752807119395584,-0.4180434978369577,-0.24391033432700807,-2.0745623571036544,-0.021607586831757862,0.08518497149149712,0.6889537149673494,0.451620046369006,0.5559397687816219,0.2536519388513945,1.71391583335153,68.24040198015001
swipe_right,shahzaib,swipe_right,0.17358161509037018,-0.36877185106277466,-0.5539464140310884,-0.12496377527713776,-0.00936424732208252,-0.1330042565241456,0.11590762436389923,-0.34274041652679443,-0.1861179554834962,-0.12440143525600433,-0.1759728193283081,-0.009334604255855083,0.051552847027778625,-0.42432886362075806,-0.024664302356541157,-0.09369222819805145,-0.39446744322776794,-0.007750388700515032,-0.42126801880923853,-0.23747212959058736,0.0004933857725876829,-0.018968275099089955,0.047943808815696785,3.9434860368739653,0.40616611448799095,0.5460010582571333,0.3956272966277817,1.7739607825757824,98.62868053910265
swipe_right,shahzaib,swipe_right,0.16132183372974396,-0.37169361114501953,-0.5539343729615211,-0.12552158534526825,-0.005445122718811035,-0.09056465327739716,0.1135987788438797,-0.3404216766357422,-0.18610591441392899,-0.124203160405159,-0.17425239086151123,0.023484904319047928,0.05070967972278595,-0.423336923122406,-0.024652261286973953,-0.09414692223072052,-0.39283064007759094,0.009281646460294724,-0.37150852607956836,-0.08853818431044734,0.00036488089597585047,-0.016903335397893092,0.1187613516142829,1.2860485832347528,0.40127445983539733,0.5431773504342026,0.14232907287649413,4.195978638982464,80.55702090122938
swipe_right,shahzaib,swipe_right,0.1387786865234375,-0.3734019696712494,-0.5539343729615211,-0.12563657760620117,-0.0040216147899627686,0.06212560087442398,0.10737431049346924,-0.3393116295337677,-0.18610591441392899,-0.124360591173172,-0.17371508479118347,0.09497912973165512,0.0495072603225708,-0.4241860508918762,-0.024652261286973953,-0.09452727437019348,-0.39214855432510376,0.026186520233750343,-0.6831256729183884,-0.05176844018878441,0.0,-0.0034846139676643698,0.043136603904493614,4.626977398540109,0.39102676053953356,0.5391548610371865,0.08077903388837458,13.195539113949781,101.26701701929518
swipe_right,shahzaib,swipe_right,0.11963902413845062,-0.3737511932849884,-0.5597585216164589,-0.1251343935728073,-0.0029477179050445557,0.06465298682451248,0.0970289558172226,-0.3294651210308075,-0.2072690948843956,-0.12431426346302032,-0.1735963523387909,0.10126089304685593,0.04850874841213226,-0.42605870962142944,-0.024652261286973953,-0.09451450407505035,-0.39201632142066956,0.026965804398059845,-0.5799897692420358,-0.01058253374966725,-0.17648935317993444,0.01521769798163236,0.03254232984600697,0.0765874530329861,0.3920870816460269,0.5423414996420572,0.4676134265805487,54.801145152513065,137.89214278075653
swipe_right,shahzaib,swipe_right,0.10322006046772003,-0.383166640996933,-0.5597585216164589,-0.12450341880321503,-0.0020915567874908447,0.07096315175294876,0.09303279221057892,-0.32772424817085266,-0.2072690948843956,-0.12412218749523163,-0.17474743723869324,0.10967280715703964,0.04573042690753937,-0.426266074180603,-0.013942495919764042,-0.09438981115818024,-0.39152827858924866,0.026965804398059845,-0.4975443536584839,-0.2853165973316431,0.0,0.019120447563401855,0.025944276289505408,0.19121711904351638,0.3930694038301195,0.5505249794650308,0.7369529370221382,1.7438263826403806,3.4813851162380742
swipe_right,shahzaib,swipe_right,0.08790677785873413,-0.38566654920578003,-0.5582497627474368,-0.12312689423561096,-0.0010724663734436035,0.117372693028301,0.08618927001953125,-0.3266218900680542,-0.2055134386755526,-0.1239892840385437,-0.17466527223587036,0.12226270278915763,0.04515790939331055,-0.42737433314323425,-0.013876765500754118,-0.09439641237258911,-0.390519917011261,0.02703153481706977,-0.46403886693897406,-0.07575479420748744,0.04571996572794409,0.04171286568497233,0.03088152769840174,1.406349735616757,0.4008195133265387,0.547639448111058,1.35069467409985,6.1254570926683,36.828868254202824
swipe_right,shahzaib,swipe_right,0.07100352644920349,-0.3855990171432495,-0.5069509199820459,-0.12222522497177124,-0.0009957551956176758,0.11731748515740037,0.08362790942192078,-0.32491374015808105,-0.19221193110570312,-0.12343999743461609,-0.17475217580795288,0.13042862201109529,0.044455498456954956,-0.4272976219654083,-0.013931973371654749,-0.09445908665657043,-0.39044320583343506,0.027022229973226786,-0.5122197396827548,0.002046426137288444,1.5545103868300512,0.027323311025446547,0.0023245811462402712,-0.0016729657848676312,0.4007411987230775,0.49549092136103917,11.749024999458605,250.17739607501775,42.67835676352784
swipe_right,shahzaib,swipe_right,0.05809147655963898,-0.386211097240448,-0.5069109136238694,-0.12090964615345001,6.645917892456055e-06,0.11735749151557684,0.07930107414722443,-0.3233793079853058,-0.19525974337011576,-0.12291808426380157,-0.17375478148460388,0.13046862836927176,0.04358871281147003,-0.4264199137687683,-0.013891967013478279,-0.09429754316806793,-0.3900936245918274,0.02767575066536665,-0.3912742390777188,-0.01854788173328776,0.001212313884135468,0.03986602479761361,0.030375791318489328,0.001212313884135468,0.4011598680314189,0.49486842776617207,1.312384325903062,21.094222536097117,0.935237579096391
swipe_right,shahzaib,swipe_right,0.043545201420784,-0.3881930708885193,-0.4900034302845597,-0.1189398318529129,0.0016956627368927002,0.09284827020019293,0.07246644794940948,-0.3092644512653351,-0.20552864018827677,-0.1221514493227005,-0.17215314507484436,0.13046862836927176,0.04385681450366974,-0.4259049594402313,-0.017997284419834614,-0.09319476783275604,-0.3885047435760498,0.02767575066536665,-0.4407962163289221,-0.060059807517309514,0.5123479799790621,0.0596913424405162,0.051182327848490305,-0.7427036762237267,0.39644245825933516,0.47351038570967197,1.1662262879274046,7.339165664762078,22.55972494606256
swipe_right,shahzaib,swipe_right,0.028965428471565247,-0.3851132094860077,-0.5582649642601609,-0.1177130788564682,0.004632025957107544,0.07101368065923452,0.06539596617221832,-0.29674550890922546,-0.2207893067970872,-0.12154357135295868,-0.16997095942497253,0.12325654830783606,0.043545618653297424,-0.423713356256485,-0.021911940537393093,-0.09050507843494415,-0.38525456190109253,0.027062236331403255,-0.4418113014914843,0.0933291334094438,-2.0685313325940085,0.03717433322559763,0.08898070364287547,-0.6616542285139015,0.3932983042642697,0.5379378396552837,0.4177750223213902,4.733854815713557,2.794581187502178
swipe_right,shahzaib,swipe_right,0.003632768988609314,-0.38481080532073975,-0.5582649642601609,-0.1165698915719986,0.004516810178756714,0.06959117110818624,0.0629258006811142,-0.2966134250164032,-0.23124309722334146,-0.1205037385225296,-0.17092570662498474,0.10973688866943121,0.04350946843624115,-0.4235812723636627,-0.04011743236333132,-0.08942617475986481,-0.38512247800827026,0.0259053660556674,-0.7676563479683738,0.009163762583877248,0.0,0.0346420389233219,-0.003491387222752482,-0.04310635003176671,0.39301909091589565,0.5211239440712153,9.919300671366905,83.76172769809045,18.95233444164899
swipe_right,shahzaib,swipe_right,-0.018916115164756775,-0.38339295983314514,-0.5581607059575617,-0.11519916355609894,0.003742128610610962,0.027437459211796522,0.060516878962516785,-0.2966134250164032,-0.23762008408084512,-0.12009228765964508,-0.1715179979801178,0.1098411469720304,0.043498143553733826,-0.42655590176582336,-0.0656954855658114,-0.08772419393062592,-0.3852878510951996,0.02716058073565364,-0.6832995197989465,0.04296501477559245,0.003159342503005688,0.04153721260301837,-0.023475199034718865,-1.2773852089814584,0.38999907144442614,0.4982776059017279,1.7693329546912229,15.903255709605771,37.4078751818932
swipe_right,shahzaib,swipe_right,-0.031874626874923706,-0.38339295983314514,-0.577669782564044,-0.11546194553375244,-0.0034381449222564697,0.004701822996139526,0.05912196636199951,-0.2966134250164032,-0.2845767270773649,-0.11958110332489014,-0.18002203106880188,0.10782578028738499,0.04323238134384155,-0.43061086535453796,-0.08662709407508373,-0.08765307068824768,-0.39344921708106995,0.02781285159289837,-0.3926821730353678,0.0,-0.5911841395903812,-0.007963090231924473,-0.2175840464505317,-0.6889586732017381,0.3916836600746071,0.49899250014791496,0.03659759878643542,392682.1730353678,18.83606510419172
swipe_right,shahzaib,swipe_right,-0.05532604455947876,-0.383919358253479,-0.6255706530064344,-0.1158447265625,-0.008407294750213623,-0.014571611769497395,0.05336543917655945,-0.30086225271224976,-0.3223815243691206,-0.11813166737556458,-0.18164986371994019,0.10659334249794483,0.042535752058029175,-0.43260154128074646,-0.1013606172055006,-0.08809050917625427,-0.3940263092517853,0.028601545840501785,-0.7106490207441039,-0.015951467282844568,-1.4515415285573092,-0.011599425113562566,-0.15058029781688584,-0.5840434777465827,0.3890195913651447,0.5354839379625902,0.07703098114925287,44.547906486436894,3.773904343546469
swipe_right,shahzaib,swipe_right,-0.0697937160730362,-0.37623587250709534,-0.6255946401506662,-0.11487962305545807,-0.01247909665107727,-0.0195293165743351,0.04589258134365082,-0.30128732323646545,-0.33670967258512974,-0.11506648361682892,-0.1822512447834015,0.10461010597646236,0.04194287955760956,-0.43466606736183167,-0.1186183262616396,-0.08722425997257233,-0.3945813775062561,0.02857755869626999,-0.4384142882896262,0.23283290140556936,-0.0007268831585392924,0.029245560819452926,-0.12338793638980947,-0.15023347893447828,0.3861104033696551,0.5224214173618782,0.23701931206425636,1.88294868420368,13.229584388414722
swipe_right,shahzaib,swipe_right,-0.08304759860038757,-0.36846432089805603,-0.6255946401506662,-0.11305978894233704,-0.018883705139160156,-0.0580898467451334,0.03510966897010803,-0.3018752932548523,-0.33670967258512974,-0.11075752973556519,-0.1828870177268982,0.09498949907720089,0.041516244411468506,-0.4367832839488983,-0.1198310349136591,-0.08417719602584839,-0.39562538266181946,0.030657686293125153,-0.4016328038591175,0.2355015639102731,0.0,0.05514648827639284,-0.19407904509341342,-1.168500914266571,0.3881296437745303,0.5253384205258167,0.2841430104256729,1.7054285829862146,30.940813500669126
swipe_right,shahzaib,swipe_right,-0.0956883579492569,-0.35493242740631104,-0.6255946401506662,-0.11317475140094757,-0.020773231983184814,-0.06490876711905003,0.02795971930027008,-0.3019160032272339,-0.33670967258512974,-0.110184445977211,-0.18446117639541626,0.09026634506881237,0.0413806289434433,-0.4368239939212799,-0.12252920307219028,-0.08421207964420319,-0.3957638740539551,0.030657686293125153,-0.3830533136021068,0.41005737853773366,0.0,-0.0034837108669859545,-0.05725838921286934,-0.20663395072474952,0.38805897105171905,0.5277963336525036,0.06084086670982115,0.9341433650693183,29.49444622014817
swipe_right,shahzaib,swipe_right,-0.10469718277454376,-0.3317038118839264,-0.6235754732042551,-0.11328791081905365,-0.020839840173721313,-0.08038990385830402,0.02685295045375824,-0.29213306307792664,-0.33670967258512974,-0.1099410206079483,-0.18640127778053284,0.08131617121398449,0.04136045277118683,-0.4368317723274231,-0.12252920307219028,-0.08434300124645233,-0.3984503149986267,0.030657686293125153,-0.2729946916753639,0.7038974400722732,0.061186877163974696,-0.0034290732759418457,-0.0020184300162575785,-0.4691253557349771,0.3946632054880419,0.5323834011137771,1.698040163974896,0.3878324998807129,8.128512875212378
swipe_right,shahzaib,swipe_right,-0.10471636056900024,-0.31188762187957764,-0.61255350895226,-0.11330708861351013,-0.0214918851852417,-0.09163827635347843,0.02398204803466797,-0.2794768810272217,-0.3241288382560015,-0.10963714122772217,-0.18668335676193237,0.06918996386229992,0.04134127497673035,-0.4370012581348419,-0.12252199836075306,-0.0842040479183197,-0.40129154920578003,0.030664891004562378,-0.0005811452865600366,0.6004906061923637,0.3339989167271112,-0.0005811452865600366,-0.019758939743041243,-0.34085977258102973,0.40006604019040237,0.5264191640231368,0.029410276251712535,0.0009677825311247903,3.924785992659012
swipe_right,shahzaib,swipe_right,-0.10471636056900024,-0.29310405254364014,-0.5888622626662254,-0.11335650086402893,-0.021654844284057617,-0.1372193917632103,0.02398204803466797,-0.26679152250289917,-0.31605609506368637,-0.10873496532440186,-0.1873195767402649,0.04860685393214226,0.04134127497673035,-0.43707016110420227,-0.11981493979692459,-0.0842040479183197,-0.4034338593482971,0.02548614889383316,0.0,0.569199070785994,0.7179165541222715,-0.0014973409248121095,-0.004938154509573351,-1.3812459215070483,0.41602665157015295,0.511922322629263,0.303157336323429,0.0,31.53006398299624
swipe_right,shahzaib,swipe_right,-0.10471636056900024,-0.2739132046699524,-0.5492429248988628,-0.1134076714515686,-0.028750479221343994,-0.15391431376338005,0.02398204803466797,-0.25356894731521606,-0.3048066012561321,-0.10873496532440186,-0.1873210072517395,0.04065307602286339,0.04134127497673035,-0.43688610196113586,-0.11983030661940575,-0.08430096507072449,-0.40343528985977173,0.024279827252030373,0.0,0.5815408446572137,1.2005859929504008,-0.001550623864838596,-0.21501924052383303,-0.5059067272778794,0.41591953497246925,0.48196285633885816,0.007211525115314544,0.0,27.278665523444214
swipe_right,shahzaib,swipe_right,-0.10304099321365356,-0.2595193088054657,-0.5131104718893766,-0.11799490451812744,-0.04779723286628723,-0.15400664322078228,0.024062514305114746,-0.24713245034217834,-0.27007786743342876,-0.10865449905395508,-0.18756166100502014,0.031177962198853493,0.04113009572029114,-0.43666478991508484,-0.11992263607680798,-0.08422049880027771,-0.40367594361305237,0.023661229759454727,0.050768707737776246,0.43617866256018634,1.0949228184692372,-0.1390070626229898,-0.5771743528770459,-0.002797862345521994,0.3991944893578759,0.45471144541668324,0.24084026098841768,0.11639402772652409,19.241091052196413
swipe_right,shahzaib,swipe_right,-0.09682302176952362,-0.236537903547287,-0.4768743347376585,-0.11780543625354767,-0.04995426535606384,-0.15400664322078228,0.026299670338630676,-0.2413049042224884,-0.24644906632602215,-0.1084650307893753,-0.18971869349479675,0.031064575538039207,0.041059091687202454,-0.4373314678668976,-0.12396725825965405,-0.08403103053569794,-0.405832976102829,0.023601103574037552,0.1884233770948498,0.6964062199448205,1.0980647621732944,0.005741462563023514,-0.0653646209023226,0.0,0.39916773287166696,0.4288040780026691,0.08783612063600096,0.27056493915984875,16.117941264257386
swipe_right,shahzaib,swipe_right,-0.09190627932548523,-0.2086210548877716,-0.44383938424289227,-0.11720582842826843,-0.05162021517753601,-0.15400664322078228,0.031137168407440186,-0.23475143313407898,-0.2352112364023924,-0.11442491412162781,-0.18534573912620544,0.031064575538039207,0.04165869951248169,-0.4377475082874298,-0.12482745014131069,-0.08385124802589417,-0.40558451414108276,-0.007209392264485359,0.148992195273893,0.845965110894419,1.001059105902023,0.018169934099371073,-0.05048332792339983,0.0,0.3846461826963834,0.41485798692892983,0.35991236977424795,0.17612076105077928,0.5875348771112877
swipe_right,shahzaib,swipe_right,-0.07344266772270203,-0.17692431807518005,-0.3615694772452116,-0.11651226878166199,-0.05801251530647278,-0.1411843579262495,0.0407639741897583,-0.23048970103263855,-0.18346713297069073,-0.11551260948181152,-0.1794983446598053,0.031064575538039207,0.04249608516693115,-0.4413289725780487,-0.12746509723365307,-0.08383762836456299,-0.40598762035369873,-0.007209392264485359,0.5595033819025302,0.9605071761391533,2.4930274847782417,0.021016958988074434,-0.19370606451323846,0.38855409983433276,0.3743041507692448,0.37169406302089486,0.10849867061321389,0.5825076722943714,12.549082564452021
swipe_right,shahzaib,swipe_right,-0.056678324937820435,-0.15410754084587097,-0.3529486330226064,-0.11503532528877258,-0.053835004568099976,-0.14118204731494188,0.0513651967048645,-0.2253533899784088,-0.1788346292451024,-0.11734229326248169,-0.18525102734565735,0.031180272810161114,0.04397302865982056,-0.44600018858909607,-0.13134699780493975,-0.08383390307426453,-0.4084976613521576,-0.010859490372240543,0.5080103874206351,0.6914174917972187,0.26123770371530003,0.044755863420889344,0.12659123449614074,7.001852447336106e-05,0.379134669627321,0.3800517037440191,0.3535435139368976,0.7347364779037844,15.274464089782203
swipe_right,shahzaib,swipe_right,-0.04147316515445709,-0.1335262954235077,-0.3323890157043934,-0.11265437304973602,-0.05044528841972351,-0.14119837060570717,0.06010816991329193,-0.22448310256004333,-0.17506245151162148,-0.11617933213710785,-0.189568430185318,0.03785811737179756,0.04689030349254608,-0.4461684823036194,-0.13608920946717262,-0.08237285912036896,-0.412287175655365,-0.013448480516672134,0.4607624176776844,0.6236741037079881,0.6230187066125247,0.07215006784959388,0.10271867116292481,-0.0004946451747056288,0.38492409103856523,0.379587741552963,0.7023977689254461,0.7387859719560309,1.1012392057647522
swipe_right,shahzaib,swipe_right,-0.017308160662651062,-0.09869977831840515,-0.33128758147358894,-0.11029468476772308,-0.04280582070350647,-0.14116058126091957,0.06870730221271515,-0.22139474749565125,-0.16914509609341621,-0.11429648101329803,-0.19253048300743103,0.03789590671658516,0.05115647614002228,-0.4407408833503723,-0.15078866854310036,-0.08102746307849884,-0.415249228477478,-0.01843991130590439,0.7322728633880732,1.0553490031849422,0.03337679487286245,0.07150570551554476,0.23149902170355038,0.0011451316602302502,0.39323151589604666,0.3927586811174252,0.3088799084740998,0.6938673058020051,3.9028000539384435
swipe_right,shahzaib,swipe_right,0.001416519284248352,-0.06205815076828003,-0.32545631006360054,-0.11133311688899994,-0.037542104721069336,-0.14657271280884743,0.07622547447681427,-0.21783190965652466,-0.16896555200219154,-0.1157221645116806,-0.19428950548171997,0.03789590671658516,0.05185641348361969,-0.43673473596572876,-0.17941265180706978,-0.08286480605602264,-0.4167124927043915,-0.05493808537721634,0.5674145438454153,1.1103523500037495,0.17670519424206613,-0.031467640038691395,0.15950654492233135,-0.16400398630083793,0.3911234239848591,0.40528443905362954,0.19727994719004585,0.5110215985240187,6.288200632219008
swipe_right,shahzaib,swipe_right,0.02194027602672577,-0.03710097074508667,-0.3243684954941273,-0.11225263774394989,-0.027608036994934082,-0.14770852401852608,0.08272923529148102,-0.21543055772781372,-0.16896555200219154,-0.11598865687847137,-0.19511210918426514,0.03789590671658516,0.05329824984073639,-0.43430444598197937,-0.18684226647019386,-0.08369161188602448,-0.4172530472278595,-0.06430376693606377,0.6219320224993256,0.756278182521023,0.032964077862826784,-0.027864268331817148,0.3010323553374367,-0.03441852150541418,0.39949382936593425,0.42150609358765906,0.09256206276737444,0.8223577177228955,5.815887488566733
idle,shahzaib,swipe_right,0.03502516448497772,-0.020408332347869873,-0.3183278329670429,-0.11400003731250763,-0.025036752223968506,-0.1636934019625187,0.08964796364307404,-0.21543055772781372,-0.16389437392354012,-0.11620528995990753,-0.19539791345596313,-0.0041691018268466,0.05425770580768585,-0.4338875710964203,-0.18684226647019386,-0.08434124290943146,-0.4181649088859558,-0.08832071349024773,0.3965117714621867,0.5058375271883958,0.1830503796086196,-0.052951502077508095,0.07791772033229143,-0.48439024072705666,0.40138564226119744,0.4343079848665089,0.6795735588532721,0.7838702474208905,15.238660230166197
idle,shahzaib,swipe_right,0.044468097388744354,-0.019990891218185425,-0.29491819720715284,-0.1146031990647316,-0.024019867181777954,-0.16608102899044752,0.09261871129274368,-0.21543055772781372,-0.14493680652230978,-0.11661175638437271,-0.19539791345596313,-0.007622308563441038,0.054277606308460236,-0.4338875710964203,-0.18686202447861433,-0.08535408228635788,-0.41820596158504486,-0.0883404714986682,0.2861494819323113,0.012649731202558558,0.709382901814824,-0.01827762885527108,0.03081469824819737,-0.07235233417965875,0.40284213053297796,0.42788178804923654,0.5931272012095415,22.61920495745248,12.611166237549442
idle,shahzaib,swipe_right,0.053762003779411316,-0.0199468731880188,-0.2654678989201784,-0.11535538733005524,-0.022959589958190918,-0.1734981555491686,0.09544043242931366,-0.21538716554641724,-0.12072851695120335,-0.11716724932193756,-0.19535452127456665,-0.009129651822149754,0.05414848029613495,-0.4338441789150238,-0.1868817824870348,-0.08651594817638397,-0.4182036221027374,-0.10042980499565601,0.2816335269899124,0.0013338797020189903,0.8924332814234818,-0.022793583797686392,0.0321296128359713,-0.2247614108703389,0.4029746171276655,0.42129194954118865,0.7094039542304716,210.98045506568488,4.620655655231774
idle,shahzaib,swipe_right,0.0646732747554779,-0.017576932907104492,-0.2213570661842823,-0.1176656186580658,-0.019983232021331787,-0.17427296563982964,0.09855863451957703,-0.2130296230316162,-0.06754985079169273,-0.1183081567287445,-0.19269877672195435,-0.00931724812835455,0.053834229707717896,-0.4314742386341095,-0.1347208507359028,-0.08773010969161987,-0.41588103771209717,-0.10277437046170235,0.33064457503232614,0.07181637214891953,1.3366919010877822,-0.07000700993971502,0.09019266475330844,-0.023479093656395795,0.4034144969634692,0.42300626285297394,0.7761854464079425,4.603963708762637,6.507394736187597
idle,shahzaib,swipe_right,0.07420547306537628,-0.017121195793151855,-0.21755663258954883,-0.12195529043674469,-0.01938462257385254,-0.17429186357185245,0.09916259348392487,-0.2126535177230835,-0.059287119191139936,-0.12111516296863556,-0.19137585163116455,-0.011102804448455572,0.05209167301654816,-0.4315340220928192,-0.13035518629476428,-0.0897914320230484,-0.41543805599212646,-0.10279326839372516,0.28885449423934934,0.013810215574322545,0.11516465438586476,-0.1299900538993625,0.01813968022664417,-0.0005726646067518268,0.4037386345433208,0.42406497496277623,7.165665910831683,20.91448740952101,2.924564691564133
idle,shahzaib,swipe_right,0.0828498899936676,-0.017079442739486694,-0.2101279771886766,-0.12485212087631226,-0.018074899911880493,-0.18740460043773055,0.10029265284538269,-0.21261176466941833,-0.05226915841922164,-0.12334674596786499,-0.19130149483680725,-0.018332341220229864,0.051617830991744995,-0.43149226903915405,-0.1257233894430101,-0.09139066934585571,-0.41599366068840027,-0.10280735557898879,0.2619520281300301,0.0012652440504593804,0.2251107697233924,-0.08778274059295321,0.039688565514302915,-0.3973556626023518,0.4081858679010533,0.4240725958414358,2.2117334734067313,206.8732548318759,12.109181880480401
idle,shahzaib,swipe_right,0.08663828670978546,-0.016984254121780396,-0.20837158733047545,-0.1264214962720871,-0.017303436994552612,-0.19466839008964598,0.10050274431705475,-0.21251657605171204,-0.050185937667265534,-0.12460778653621674,-0.19064339995384216,-0.026938591385260224,0.05169649422168732,-0.43139708042144775,-0.12575345509685576,-0.09249652922153473,-0.41590797901153564,-0.10283742123283446,0.1147999004884218,0.002884503566857586,0.05322393509700528,-0.04755683017499595,0.023377664161451307,-0.22011483793683476,0.41045025416867575,0.4240102301097598,2.034197927074534,39.785048893023166,5.529657853608145
idle,shahzaib,swipe_right,0.09306232631206512,-0.01690542697906494,-0.2090615133056417,-0.12772373855113983,-0.014394283294677734,-0.23397021985147148,0.10073177516460419,-0.21235811710357666,-0.05014902970287949,-0.12540562450885773,-0.1905645728111267,-0.06377252435777336,0.05256353318691254,-0.4313182532787323,-0.1257165471324697,-0.09329436719417572,-0.41583970189094543,-0.12872768437955528,0.19466786673575046,0.0023887012944077382,-0.020906847732311277,-0.03946188724402288,0.08815617272348256,-1.1909645382371554,0.41643702644760816,0.4246463543145983,0.44763104379266644,81.46117139882823,29.486124171939572
idle,shahzaib,swipe_right,0.0975930243730545,-0.016865521669387817,-0.2090590961452108,-0.12861280143260956,-0.014068037271499634,-0.238534174131928,0.10113532841205597,-0.2120027244091034,-0.04829539285856299,-0.12628106772899628,-0.19052466750144958,-0.08166492657619528,0.053609684109687805,-0.4308975636959076,-0.1303600140090566,-0.09386278688907623,-0.4158560335636139,-0.14072550015407614,0.13729388063603662,0.001209251808397652,7.324728578554583e-05,-0.026941299438475542,0.009886243126608733,-0.1383016448623138,0.4149791490912688,0.42373412840417524,2.7248545518184555,113.44240899570384,31.989181396742637
idle,shahzaib,swipe_right,0.100897878408432,-0.01434752345085144,-0.20830319495871663,-0.1295357644557953,-0.0130024254322052,-0.27045610221102834,0.1006329357624054,-0.2101692259311676,-0.045769181568175554,-0.127204030752182,-0.18961045145988464,-0.1124659669585526,0.05445799231529236,-0.42891204357147217,-0.13400076003745198,-0.0944003164768219,-0.4149766266345978,-0.16600653203204274,0.10014709198113804,0.07630297631928537,0.022906096560429356,-0.02796857646017408,0.032291267857407595,-0.9673311539121465,0.41680627496183353,0.42372308905511996,0.866107533347439,1.3124754018333702,25.13129832439774
idle,shahzaib,swipe_right,0.10238990187644958,-0.014124900102615356,-0.20695888542104512,-0.13017848134040833,-0.012626856565475464,-0.2749809428351,0.10002538561820984,-0.2097664773464203,-0.04576102935243398,-0.12696555256843567,-0.18943414092063904,-0.12210076593328267,0.05529633164405823,-0.42786905169487,-0.1339926078217104,-0.09433937072753906,-0.4153181314468384,-0.16599837981630117,0.04521283236416975,0.006746162067760228,0.04073665265671297,-0.019476269230698406,0.01138087474938613,-0.13711638254762817,0.41871458507824316,0.42276010336919323,1.7111653097174382,6.701014724428948,25.16731760626931
idle,shahzaib,swipe_right,0.10534876585006714,-0.013731300830841064,-0.20608355989679694,-0.1306169033050537,-0.012233257293701172,-0.274981954600662,0.09971463680267334,-0.2084866762161255,-0.0431755087338388,-0.12665751576423645,-0.19002676010131836,-0.12407555570825934,0.056472182273864746,-0.42593368887901306,-0.1339936195872724,-0.0933990478515625,-0.41636884212493896,-0.16599939158186316,0.08966254465507881,0.01192725065982722,0.02652501588630899,-0.013285514080163416,0.01192725065982722,-3.0659562484785046e-05,0.42022367702640223,0.42130355876556286,1.1137856219694713,7.516822643327783,4.1583795740241865
idle,shahzaib,swipe_right,0.10594770312309265,-0.013165295124053955,-0.19427697686478496,-0.12843477725982666,-0.012081325054168701,-0.2749888035468757,0.09936514496803284,-0.2069128155708313,-0.03585384367033839,-0.12529942393302917,-0.19087111949920654,-0.12408240465447307,0.05881640315055847,-0.4253721237182617,-0.13400046853348613,-0.09128069877624512,-0.4174363911151886,-0.1660062405280769,0.01814961433410576,0.01715168808445721,0.35777524339428907,0.06612503167354448,0.004604007258559544,-0.0002075438246582415,0.4213909754271494,0.41924823963066166,14.35937620958898,1.058120700658686,2.416597027372741
idle,shahzaib,swipe_right,0.10707990825176239,-0.01261526346206665,-0.18292168178595603,-0.12360049784183502,-0.011324167251586914,-0.27499296166934073,0.09914998710155487,-0.20409399271011353,-0.035306412959471345,-0.12374867498874664,-0.19038188457489014,-0.125066232169047,0.06111876666545868,-0.42434510588645935,-0.12932168343104422,-0.08816145360469818,-0.41768690943717957,-0.16564435162581503,0.034309246323325965,0.01666762612082768,0.34409985087360945,0.14649331569671864,0.022944175835812097,-0.0001260037110610462,0.42230761609458006,0.41774016984529755,6.3844930518281995,2.058312789225987,2.498011975219442
idle,shahzaib,swipe_right,0.11044953763484955,-0.01261526346206665,-0.16318005230277777,-0.1171322911977768,-0.011260032653808594,-0.2749941935762763,0.09897170960903168,-0.19925272464752197,-0.022941802628338337,-0.12197495996952057,-0.19038188457489014,-0.12506746407598257,0.06321047246456146,-0.42347586154937744,-0.10200743284076452,-0.08670009672641754,-0.4193745255470276,-0.16433994378894567,0.10210998130567309,0.0,0.5982311964599567,0.19600626194116152,0.0019434726599491313,-3.733051319917102e-05,0.42394329899861477,0.4180670397324689,100.80175770961428,102109.98130567309,1.62977608996381
idle,shahzaib,swipe_right,0.1104615330696106,-0.012848258018493652,-0.15328873600810766,-0.11491358280181885,-0.010627985000610352,-0.2749828090891242,0.09848445653915405,-0.19864708185195923,-0.01959609892219305,-0.12114754319190979,-0.19061487913131714,-0.12505607958883047,0.06407153606414795,-0.4232419729232788,-0.10108596738427877,-0.08646446466445923,-0.42041638493537903,-0.1621372839435935,0.0003634980230620275,-0.007060441103848276,0.2997368574142342,0.06723358775629887,0.019152959187824795,0.00034498445915452056,0.42599295485871824,0.41629336063347194,3.5101665977776473,0.05147646460776,3.936912296194236
idle,shahzaib,swipe_right,0.10998933017253876,-0.012793302536010742,-0.15328187262639403,-0.11382819712162018,-0.010108113288879395,-0.2773116729222238,0.09863714873790741,-0.19910430908203125,-0.01958923554047942,-0.12109912931919098,-0.1897907853126526,-0.13132997369393706,0.06466023623943329,-0.42340680956840515,-0.10107910400256515,-0.08638982474803925,-0.42088258266448975,-0.16213042056187987,-0.014309178699146845,0.001665317650997304,0.00020798126404935995,0.03289047515753596,0.015753688234271677,-0.07057163130604972,0.4274988302494204,0.4163932131606272,2.0876627114707516,8.5873054819906,2.3899411985606265
idle,shahzaib,swipe_right,0.1100524514913559,-0.012835711240768433,-0.1532845669426024,-0.11276765167713165,-0.012191683053970337,-0.2776531898416579,0.09937702119350433,-0.2012057602405548,-0.019591929856687784,-0.12006984651088715,-0.1917860209941864,-0.1336070471443236,0.06678001582622528,-0.42543911933898926,-0.10108179831877351,-0.08547018468379974,-0.4232562482357025,-0.16213311487808824,0.0019127672368830205,-0.001285112265384579,-8.164594570795826e-05,0.03213774074207704,-0.06313847773002956,-0.010348997558608365,0.42785992587748545,0.4181377824529288,0.508995986306553,1.4872474887027505,3.0076892696872113
idle,shahzaib,swipe_right,0.10969114303588867,-0.01161840558052063,-0.1610889625735581,-0.11112487316131592,-0.013822168111801147,-0.2815035027451813,0.10111814737319946,-0.20156243443489075,-0.022926995996385813,-0.1178731620311737,-0.1930038034915924,-0.13825384201481938,0.06934577226638794,-0.4265080690383911,-0.10108254523947835,-0.08432444930076599,-0.42572107911109924,-0.16432513715699315,-0.010948741074763952,0.03688805031053808,-0.2364968373016788,0.04978116714592947,-0.049408638116083294,-0.11667614859161513,0.4290801148543613,0.42114362384818943,1.007519363509065,0.29680192313425396,3.292485536515144
idle,shahzaib,swipe_right,0.10959446430206299,-0.009232521057128906,-0.16316524567082524,-0.11105555295944214,-0.01342010498046875,-0.28377411188557744,0.1023516058921814,-0.2020578384399414,-0.02927018189802766,-0.11695018410682678,-0.19348478317260742,-0.13825384201481938,0.07033342123031616,-0.4266475439071655,-0.11907620402052999,-0.08439069986343384,-0.42676639556884766,-0.17061897041276097,-0.0029296586007783376,0.07229953101187156,-0.0629176696141571,0.0021006121779933453,0.012183731252497087,-0.06880633758776225,0.42938357720753295,0.4215691810339314,0.1723970873434615,0.04052056824170897,2.770461749069757
idle,shahzaib,swipe_right,0.10949474573135376,-0.009279131889343262,-0.17521671345457435,-0.11113959550857544,-0.008194923400878906,-0.2848360030911863,0.10300719738006592,-0.20197170972824097,-0.03351929923519492,-0.11652964353561401,-0.192801833152771,-0.13827640702947974,0.07064193487167358,-0.4266705811023712,-0.12013099482282996,-0.08425140380859375,-0.4268168807029724,-0.1706246375106275,-0.0030217748699766698,-0.0014124494610410973,-0.36519599344694836,-0.002546743913130367,0.15833883574514931,-0.03217852138208672,0.43475459056358084,0.4227997152139834,0.01608403786163701,2.1378725969805363,4.568075973234135
idle,shahzaib,swipe_right,0.11033995449542999,-0.009735316038131714,-0.1775260209105909,-0.11143212020397186,-0.007172077894210815,-0.28720794012770057,0.10338594019412994,-0.20239028334617615,-0.03356066485866904,-0.11531592905521393,-0.19316443800926208,-0.13886637380346656,0.07156075537204742,-0.426640123128891,-0.1223528771661222,-0.08233438432216644,-0.42728176712989807,-0.17394731333479285,0.025612386790189283,-0.01382376208449877,-0.06997901381868415,-0.008864384708982667,0.030995318383882035,-0.07187687989437333,0.43608118373151045,0.42232395178426946,0.28598185756125516,1.8526457550331061,4.0465886127752855
idle,shahzaib,swipe_right,0.11137759685516357,-0.009432345628738403,-0.17905085673555732,-0.10964739322662354,-0.007029920816421509,-0.29051188519224524,0.10458260774612427,-0.20235660672187805,-0.03684872901067138,-0.11374631524085999,-0.19316568970680237,-0.14142886688932776,0.07221156358718872,-0.42646104097366333,-0.12276844074949622,-0.07954597473144531,-0.42780616879463196,-0.17561509599909186,0.0314437078707134,0.009180921496766638,-0.04620714621110221,0.05408263567722,0.004307790236039432,-0.10011954741044099,0.43721850192431044,0.42262823054342497,12.551698438430332,3.424523710182681,2.2416460161809866
idle,shahzaib,swipe_right,0.11034692823886871,-0.009629935026168823,-0.18231102963909507,-0.10857020318508148,-0.007227510213851929,-0.2918545319698751,0.10443075001239777,-0.2024841010570526,-0.03982820874080062,-0.11227841675281525,-0.19328227639198303,-0.14143234631046653,0.07232441008090973,-0.4265890121459961,-0.12890994688495994,-0.08001847565174103,-0.4281370937824249,-0.17561857542023063,-0.031232382311965977,-0.005987557497891608,-0.0987931182890243,0.03264212247097183,-0.005987557497891608,-0.040686265988784054,0.43759670506074255,0.4220808684588824,5.45074877922841,5.215343147821819,1.9398684864627356
idle,shahzaib,swipe_right,0.10947038233280182,-0.010188370943069458,-0.22567087202332914,-0.10945095121860504,-0.0077859461307525635,-0.3021180161740631,0.1042674332857132,-0.20240667462348938,-0.07206712453626096,-0.11327897012233734,-0.19377681612968445,-0.1528373786713928,0.07150961458683014,-0.42647936940193176,-0.1669309267308563,-0.08171562850475311,-0.42869874835014343,-0.20521688251756132,-0.026561997153542682,-0.016922300512140716,-1.3139346177040836,-0.0266893343491992,-0.016922300512140716,-0.31101467285418644,0.43281250548261285,0.4221250957461577,1.5770761932669317,1.5695518220271039,8.393296000480435
idle,shahzaib,swipe_right,0.11062197387218475,-0.008698523044586182,-0.227509941207245,-0.10975299775600433,-0.008028149604797363,-0.31078141485340893,0.1051211804151535,-0.20225054025650024,-0.07780313794501126,-0.11358101665973663,-0.19386887550354004,-0.16242670570500195,0.07175670564174652,-0.42654183506965637,-0.178646917687729,-0.08183537423610687,-0.42884090542793274,-0.21921310876496136,0.03489671331463306,0.04514690601464303,-0.0557293692095692,-0.009152925375735773,-0.007339499213478504,-0.26252723270743994,0.43156404373669516,0.4224821150607122,1.2469077523950036,0.7729420120462474,1.5892162920042223
idle,shahzaib,swipe_right,0.11172173917293549,-0.007519066333770752,-0.2327687309589237,-0.10975299775600433,-0.008096277713775635,-0.3187876658048481,0.10577194392681122,-0.2020421028137207,-0.08389009698294103,-0.11358101665973663,-0.19387328624725342,-0.16947220428846776,0.0732976645231247,-0.4266073703765869,-0.19120578630827367,-0.08107931911945343,-0.428909033536911,-0.23192696436308324,0.03332622123487121,0.035741112448952984,-0.15935726520238755,0.0,-0.0020644881508567444,-0.2426136651951294,0.43063945100857787,0.4228934788646086,0.0,0.9324077104415089,0.6830977593749804
idle,shahzaib,swipe_right,0.11334006488323212,-0.007185786962509155,-0.23298645857721567,-0.10975299775600433,-0.007494419813156128,-0.322211735881865,0.10711495578289032,-0.2017664611339569,-0.08589766267687082,-0.11358101665973663,-0.1938905417919159,-0.1726179951801896,0.07431797683238983,-0.4264047145843506,-0.19734495226293802,-0.08028112351894379,-0.4289628267288208,-0.23721083346754313,0.049040173039292624,0.010099374886715211,-0.00659780661490841,0.0,0.018238118200591406,-0.10375969930354559,0.4309632963609807,0.42253703932863107,0.0,4.855282461227655,4.252436202147734
idle,shahzaib,swipe_right,0.11499892175197601,-0.004490762948989868,-0.2443887775298208,-0.1098698228597641,-0.007759302854537964,-0.32881024829111993,0.10839436948299408,-0.20088276267051697,-0.09538929513655603,-0.11372719705104828,-0.19405362010002136,-0.17730708769522607,0.07503555715084076,-0.426197350025177,-0.20615601888857782,-0.08026425540447235,-0.42922770977020264,-0.24170945934019983,0.05026838996193706,0.08166739434907061,-0.34552481674561547,-0.0035401546593868934,-0.008026758829752732,-0.19995492149257618,0.4313915333988961,0.4253178340100596,0.44098916453073567,0.615518284185651,3.023613408871478
idle,shahzaib,swipe_right,0.11608614027500153,-0.0016102492809295654,-0.2443708952050656,-0.10996036231517792,-0.009884864091873169,-0.3359369065146893,0.11041571199893951,-0.19951501488685608,-0.09723995137028396,-0.11385016143321991,-0.1956341564655304,-0.17728920537047088,0.07597889006137848,-0.4280414581298828,-0.20613813656382263,-0.08018840849399567,-0.4322983920574188,-0.24169157701544464,0.03294601584925671,0.08728829297152102,0.0005418886289451856,-0.0027436198610246948,-0.06441094658591287,-0.21595934010815523,0.43382224467522484,0.43001617554854527,0.042594891265477365,0.37743478870891606,1.7762726814770746
idle,shahzaib,swipe_right,0.11872553825378418,-0.0011912882328033447,-0.24770740140229464,-0.11013108491897583,-0.013268798589706421,-0.3415834056213498,0.1116645336151123,-0.20076993107795715,-0.1010489659383893,-0.1139664351940155,-0.19848790764808655,-0.17728300858289003,0.07601284980773926,-0.43236997723579407,-0.21367708314210176,-0.08015444874763489,-0.435720294713974,-0.2416853802278638,0.07998175693280897,0.012695789337158406,-0.10110624840088124,-0.005173412236300464,-0.10254346963131229,-0.17110603353516896,0.4351361634836831,0.43462339808795003,0.05045042657981377,6.299368667851681,1.785517782450382
idle,shahzaib,swipe_right,0.1199975460767746,-0.0028736889362335205,-0.24828455597162247,-0.10996069014072418,-0.01718232035636902,-0.3420138731598854,0.11203448474407196,-0.20377138257026672,-0.10207471251487732,-0.1137562245130539,-0.2007274329662323,-0.1773366704583168,0.07633017003536224,-0.4354097843170166,-0.21368197351694107,-0.0798371285200119,-0.4381667673587799,-0.24218881875276566,0.03854569160577084,-0.05098183949788493,-0.017489532403873954,0.005163478128837899,-0.11859156868674728,-0.013044470864715206,0.4337054012460843,0.4361096791520787,0.043539643217247535,0.7560522714190908,4.824547955486057
idle,shahzaib,swipe_right,0.12449061870574951,-0.005588799715042114,-0.2499694712460041,-0.10979372262954712,-0.022877901792526245,-0.34200528636574745,0.11359554529190063,-0.20842954516410828,-0.10505612567067146,-0.11281344294548035,-0.2044389545917511,-0.17732808366417885,0.07775801420211792,-0.44032028317451477,-0.21651021018624306,-0.07889294624328613,-0.44162899255752563,-0.2416703887283802,0.1361537160295377,-0.0822760842063179,-0.051058038617623445,0.005059621550819899,-0.17259337685324275,0.00026020588296831474,0.4317110441974486,0.4385144480917725,0.029315100775977786,1.65481941105398,1.6853554106593216
idle,shahzaib,swipe_right,0.12758949398994446,-0.0071457624435424805,-0.25777320843189955,-0.10993614792823792,-0.024883031845092773,-0.3415954587981105,0.11454632878303528,-0.20946770906448364,-0.10615130793303251,-0.11313369870185852,-0.20419389009475708,-0.1738420156762004,0.07794120907783508,-0.44115209579467773,-0.22026548068970442,-0.07921257615089417,-0.44206759333610535,-0.24153575580567122,0.0939053116422726,-0.04718068874243609,-0.2364768844210778,-0.004315918142145399,-0.06076151674444122,0.0124190172011204,0.4301149153100148,0.43844415747503507,0.07102928537831237,1.9902914487630963,3.4206339759775903
idle,shahzaib,swipe_right,0.13134486973285675,-0.009204328060150146,-0.2685485021211207,-0.1123119443655014,-0.025703608989715576,-0.3363657728768885,0.11527682840824127,-0.2115309238433838,-0.11279436061158776,-0.11460034549236298,-0.20395642518997192,-0.16974091390147805,0.0777437835931778,-0.4426504969596863,-0.22295719245448709,-0.08132635056972504,-0.4423010051250458,-0.23903226712718606,0.11379926493673795,-0.062380776260839356,-0.32652405118852473,-0.07199383143222808,-0.024865974079479266,0.15847533094612287,0.4289374183154711,0.43912096885272667,2.895158502281902,1.8242389325514656,4.99781740381945
idle,shahzaib,swipe_right,0.1374826431274414,-0.0075248777866363525,-0.2685104189440608,-0.11471778154373169,-0.02039375901222229,-0.33590884786099195,0.11635607481002808,-0.2134278118610382,-0.11275627743452787,-0.11652114987373352,-0.2018977701663971,-0.16805494111031294,0.0770002007484436,-0.4449715316295624,-0.2229191092774272,-0.08481442928314209,-0.44277238845825195,-0.23860553186386824,0.18599313316922494,0.0508924325307191,0.0011540356684814363,-0.0729041569160665,0.16090454477251773,0.013846212602925498,0.4344719235959482,0.4439552548530318,0.45308666658526703,3.654560596928889,7.134358995272022
idle,shahzaib,swipe_right,0.14619536697864532,-0.013167113065719604,-0.26851369719952345,-0.11522062122821808,-0.01824602484703064,-0.33633096795529127,0.11830033361911774,-0.21757468581199646,-0.11275955568999052,-0.11798824369907379,-0.20477697253227234,-0.15902322810143232,0.07727046310901642,-0.4502306878566742,-0.22292238753288984,-0.08646194636821747,-0.4453999400138855,-0.23860881011933088,0.26402193488497144,-0.17097682663888913,-9.934107462565262e-05,-0.01523756619655749,0.06508285349065711,-0.012791518009070397,0.43913226794918203,0.444807574462941,0.234122065294503,1.5441881562958135,3.4837680667051236
idle,shahzaib,swipe_right,0.15907905995845795,-0.014864534139633179,-0.2685043103992939,-0.11453799903392792,-0.01714310050010681,-0.3363215811550617,0.12117670476436615,-0.21919068694114685,-0.11275016888976097,-0.11838729679584503,-0.2057534158229828,-0.14946149662137032,0.07703159749507904,-0.45185786485671997,-0.2229130007326603,-0.08638940751552582,-0.4470820426940918,-0.20456907525658607,0.3904149387822069,-0.0514370022398061,0.000284448491804532,0.02068552103909612,0.033421949906783203,0.000284448491804532,0.45055361504473634,0.4469603167005004,0.6189017156411435,7.5900097550848935,1.5041607162324617
idle,shahzaib,swipe_right,0.17586581408977509,-0.020967304706573486,-0.228812787681818,-0.11490006744861603,-0.012265801429748535,-0.3363215811550617,0.12463580071926117,-0.22529345750808716,-0.09118017181754112,-0.12037746608257294,-0.20710158348083496,-0.14946149662137032,0.07660631835460663,-0.4579538404941559,-0.20186883583664894,-0.08769960701465607,-0.4516591429710388,-0.18069957569241524,0.5086895191308305,-0.1849324414224365,1.2027734156811067,-0.010971770142064125,0.14779694152601072,0.0,0.4669310251234719,0.44892722850620986,0.07423493202125024,2.750662699067229,3.596231026726014
idle,shahzaib,swipe_right,0.18919822573661804,-0.025867819786071777,-0.22590840235352516,-0.1154501736164093,-0.014991164207458496,-0.37017394974827766,0.1280815303325653,-0.22843843698501587,-0.04302363842725754,-0.12000879645347595,-0.210038423538208,-0.14946149662137032,0.077798992395401,-0.46095535159111023,-0.16813290491700172,-0.0862666666507721,-0.4546968340873718,-0.18069957569241524,0.40401247414674096,-0.14850045695448805,0.08801167661493141,-0.01666988387252282,-0.08258675083969266,-1.0258293513095351,0.4796804057153237,0.4528233183320499,0.2018445072427263,2.720596029374719,31.860505360891903
idle,shahzaib,swipe_right,0.2050146758556366,-0.040568262338638306,-0.22590840235352516,-0.11784347891807556,-0.013811200857162476,-0.4055517800152302,0.1302589476108551,-0.23518845438957214,-0.033223919570446014,-0.1232338547706604,-0.20984229445457458,-0.14946149662137032,0.07669094204902649,-0.4666537046432495,-0.15776141360402107,-0.08979019522666931,-0.4569970965385437,-0.18069957569241524,0.4792863672429941,-0.44546795613838674,0.0,-0.07252440308079691,0.03575646516048604,-1.0720554626349417,0.4977541950055344,0.45017751707255543,2.0282311051774538,1.0759141813107664,4.205652047391693
idle,shahzaib,swipe_right,0.221443310379982,-0.06830283999443054,-0.22605214547365904,-0.11922766268253326,-0.016427546739578247,-0.4074741853401065,0.13703037798404694,-0.24850717186927795,-0.03336766269057989,-0.12574009597301483,-0.2067059576511383,-0.17985885869711637,0.07550860941410065,-0.4713984727859497,-0.15790515672415495,-0.09298251569271088,-0.45528551936149597,-0.18084331881254911,0.4978374098286564,-0.8404417471452327,-0.004355852125269064,-0.04194496255932499,-0.07928320855805494,-0.058254706814434516,0.49461770847531206,0.4340818335259165,0.529045611000976,0.592351366609661,30.932272964604223
idle,shahzaib,swipe_right,0.23796094954013824,-0.09722235798835754,-0.22610043734312057,-0.1206236332654953,-0.014830261468887329,-0.40882737189531326,0.14455021917819977,-0.2632960379123688,-0.03341595456004143,-0.12850524485111237,-0.20501276850700378,-0.1809532716870308,0.07426156103610992,-0.47759443521499634,-0.15795344859361649,-0.09522287547588348,-0.4560778737068176,-0.20384449511766434,0.5005345200047159,-0.8763490301189668,-0.001463389983682866,-0.042302138877635856,0.04840258396032902,-0.04100565318808256,0.4871987618765079,0.4196717991549181,0.8739464191805749,0.5711582162401101,3.904427455205207
idle,shahzaib,swipe_right,0.2549030929803848,-0.1230359673500061,-0.2466233866289258,-0.12265102565288544,-0.015298843383789062,-0.4144720481708646,0.15295739471912384,-0.27447688579559326,-0.0334801459684968,-0.13110922276973724,-0.2061062455177307,-0.1810384588316083,0.07480837404727936,-0.47968044877052307,-0.15801764000207186,-0.09552036225795746,-0.4567962884902954,-0.2072854982689023,0.5133982860680865,-0.7822305867166355,-0.6219075541153197,-0.06143613295121724,-0.01419945196671942,-0.17105079622883057,0.48844890561050475,0.40924365877873536,4.326350534137977,0.6563251788681166,4.411861449636472
idle,shahzaib,swipe_right,0.26941946148872375,-0.15374228358268738,-0.25514077628031373,-0.1262263059616089,-0.008004099130630493,-0.41455751145258546,0.161219984292984,-0.2943454682826996,-0.03813154110684991,-0.13429641723632812,-0.20105496048927307,-0.18112392211332917,0.07702377438545227,-0.47991907596588135,-0.15810310328379273,-0.09606251120567322,-0.45616254210472107,-0.20737096155062318,0.43988995479815635,-0.9304944312933868,-0.25810271670872925,-0.10834182753707595,0.2210528561563238,-0.0025897964157841837,0.49465352620123687,0.3909267326314599,0.49011507612180855,0.472748108162885,8.88260860599031
idle,shahzaib,swipe_right,0.285341277718544,-0.18400785326957703,-0.25793148716911674,-0.12876833975315094,-0.0009377896785736084,-0.4089156254194677,0.17003823816776276,-0.30722692608833313,-0.03887230670079589,-0.1358284205198288,-0.20276930928230286,-0.18104152521118522,0.07783408463001251,-0.4839661121368408,-0.1580417021177709,-0.09745253622531891,-0.4585094153881073,-0.20730956038460135,0.4824792796915045,-0.9171384753602576,-0.0845669966303909,-0.07703132701642294,0.21413058945626112,0.17096624342780478,0.5009964846821803,0.3781694876689096,0.35973826753925764,0.5260696902202185,5.3482886207722045
idle,shahzaib,swipe_right,0.29584573209285736,-0.21623730659484863,-0.2633733316324651,-0.13125787675380707,-0.0016051530838012695,-0.40761073073372245,0.17685584723949432,-0.319688081741333,-0.03887230670079589,-0.13773806393146515,-0.2039054036140442,-0.18104152521118522,0.0787731260061264,-0.48664966225624084,-0.1580417021177709,-0.0971718579530716,-0.45964550971984863,-0.20730956038460135,0.31831679922162187,-0.9766501007658218,-0.16490437767722652,-0.07544051517139902,-0.02022313349174763,0.03954226320440182,0.5010822126439823,0.3624060024114517,3.730222370327124,0.32592683197921957,8.142242147013802
idle,shahzaib,swipe_right,0.30408692359924316,-0.2520240843296051,-0.2633733316324651,-0.1343958079814911,-0.001358121633529663,-0.36631046375259757,0.18347620964050293,-0.3263963758945465,-0.03931374615058303,-0.13918355107307434,-0.20500752329826355,-0.1486253752373159,0.07951158285140991,-0.48889032006263733,-0.14991673966869712,-0.09652075171470642,-0.460747629404068,-0.17462709685787559,0.24973307595108893,-1.0844478101441528,0.0,-0.09508882508133548,0.007485801523382133,1.251523241852289,0.4992151368708347,0.345560552671127,12.700860946341674,0.23028572083351045,36.74111817442919
idle,shahzaib,swipe_right,0.30458348989486694,-0.28228020668029785,-0.2671728595159948,-0.1362147331237793,-0.0020847320556640625,-0.35144971450790763,0.18599271774291992,-0.33933770656585693,-0.04013859620317817,-0.14094790816307068,-0.20449310541152954,-0.14210099121555686,0.07963347434997559,-0.4910598695278168,-0.14000283321365714,-0.09654948115348816,-0.46150046586990356,-0.16695031663402915,0.015047463503751128,-0.9168521924452494,-0.1151372085918098,-0.05511894370570415,-0.022018497640436698,0.45032573468758114,0.4966650546452474,0.33221028385964785,2.50318806567519,0.01641207515853166,24.325341919068844
idle,shahzaib,swipe_right,0.30458348989486694,-0.31243085861206055,-0.27437599236145616,-0.1362147331237793,-0.0018725395202636719,-0.32437636191025376,0.18599271774291992,-0.361610472202301,-0.04117636242881417,-0.14163702726364136,-0.20551568269729614,-0.13433444732800126,0.07966440916061401,-0.49392274022102356,-0.11732574785128236,-0.0967569351196289,-0.46293574571609497,-0.15094773704186082,0.0,-0.9136561191442895,-0.21827675289276047,0.0,0.006430076830314623,0.8204046241712982,0.4941798112576613,0.3289265499606388,0.0,0.0,11.37093922052119
idle,shahzaib,swipe_right,0.30412518978118896,-0.34814393520355225,-0.2801046255044639,-0.13667303323745728,-0.003194570541381836,-0.3156894030980766,0.18553441762924194,-0.3739687204360962,-0.04198146937415004,-0.14209532737731934,-0.20616310834884644,-0.12660225061699748,0.0792418122291565,-0.4967730641365051,-0.10697748837992549,-0.09736645221710205,-0.4640984535217285,-0.1426924648694694,-0.013887882232666238,-1.0822144421664324,-0.1735949437275105,-0.013887882232666238,-0.04006154609449046,0.26324117612658543,0.493867732590765,0.32036878292916904,0.34665500789467163,0.012832825786393132,16.947644006908934
idle,shahzaib,swipe_right,0.30362367630004883,-0.3770132064819336,-0.31597814382985234,-0.1371745467185974,-0.003194570541381836,-0.2918104571290314,0.1850329041481018,-0.3868081569671631,-0.06470556231215596,-0.14259684085845947,-0.20743036270141602,-0.12375422241166234,0.07874029874801636,-0.4975282847881317,-0.09496021689847112,-0.09786796569824219,-0.46425116062164307,-0.11998559953644872,-0.015197378216368022,-0.8748264023752063,-1.0870763128905758,-0.015197378216368022,0.0,0.7236044233044104,0.49360102132659645,0.33755790854815476,15197.378216368023,0.017371858923378797,14.003179542112614
idle,shahzaib,swipe_right,0.29714255034923553,-0.40247291326522827,-0.35472364956513047,-0.13724134862422943,-0.002519965171813965,-0.28319294983521104,0.1826036423444748,-0.39885836839675903,-0.08373795682564378,-0.14325572550296783,-0.20760488510131836,-0.1142126270569861,0.07804571092128754,-0.49849995970726013,-0.08242069417610765,-0.09852685034275055,-0.46428972482681274,-0.11966511840000749,-0.19639775608524387,-0.7715062661604155,-1.174106234402323,-0.002024300170667167,0.02044258695660138,0.26113658466121376,0.49139747146573953,0.36245484989070337,0.09901883534256722,0.25456371533953626,14.033540143806649
idle,shahzaib,swipe_right,0.2872435748577118,-0.4192129075527191,-0.40868661319836974,-0.13741835951805115,-0.001995295286178589,-0.2804389647208154,0.17709478735923767,-0.4091564118862152,-0.11158083891496062,-0.14335235953330994,-0.20756635069847107,-0.10301872109994292,0.0773836076259613,-0.5012649893760681,-0.08243221556767821,-0.09915801882743835,-0.4648644030094147,-0.10183424269780517,-0.29996895428860304,-0.5072725541663973,-1.6352413222193978,-0.0053639664794460345,0.015899087443496496,0.08345409437562613,0.49760557802659655,0.39650432778397554,0.3373545270431843,0.591335684316408,5.387028609421176
swipe_right,shahzaib,swipe_right,0.26714763045310974,-0.4324064254760742,-0.45398870622739196,-0.1382668912410736,4.673004150390625e-05,-0.2000150284729898,0.17027321457862854,-0.4171345829963684,-0.13440605020150542,-0.1440962553024292,-0.207086443901062,-0.0514038554392755,0.07511112093925476,-0.5022592544555664,-0.07966694748029113,-0.10028266906738281,-0.46638888120651245,-0.08031034981831908,-0.6089680122606779,-0.3998035734350095,-1.37279069784918,-0.02571308251583256,0.06187955538431902,2.437088977206876,0.4830467789627304,0.42646713563207406,0.4155276622217977,1.523164197519289,71.33854317652494
swipe_right,shahzaib,swipe_right,0.24010786414146423,-0.44007155299186707,-0.5006516091525555,-0.13910067081451416,0.0021037757396698,-0.0901142917573452,0.15966728329658508,-0.41440293192863464,-0.1734389327466488,-0.14454951882362366,-0.20727577805519104,0.00022148468997329473,0.07362321019172668,-0.5015206038951874,-0.0783531554043293,-0.10120218992233276,-0.4682110846042633,-0.06140992045402527,-0.8193868579286648,-0.2322765913876657,-1.4140273613686136,-0.025266047680017122,0.06233471812624019,3.3303253550195864,0.4727116495774006,0.45807107515736617,0.4053221562130587,3.527619057152732,27.067775928586514
swipe_right,shahzaib,swipe_right,0.21962547302246094,-0.4424632787704468,-0.5524371201172471,-0.13612323999404907,0.0025709867477416992,-0.08126507792621851,0.15157389640808105,-0.4124709963798523,-0.2230262691155076,-0.143559992313385,-0.205755352973938,0.015166188590228558,0.07270866632461548,-0.5016468465328217,-0.0759695852175355,-0.10194280743598938,-0.46777334809303284,-0.04914007056504488,-0.6206785187576521,-0.072476538744837,-1.5692579080208993,0.09022517637772652,0.014157909335511566,0.2681579948826168,0.47267759771817214,0.5021041272453192,6.372325314029328,8.563736152007047,92.87039938997347
swipe_right,shahzaib,swipe_right,0.19522832334041595,-0.4449777603149414,-0.5533663248643279,-0.13298751413822174,0.004463255405426025,-0.02182044368237257,0.14735911786556244,-0.4105694890022278,-0.22868148144334555,-0.1422945111989975,-0.20404165983200073,0.053829715587198734,0.07164697349071503,-0.5009256899356842,-0.07325755711644888,-0.1022159606218338,-0.46706488728523254,-0.02293830644339323,-0.739307566122587,-0.07619641043923239,-0.02815771960850963,0.09502199563113277,0.057341474475283524,1.801352552843845,0.47253246181851516,0.4989057523499891,1.6570961839480844,9.702528758666759,46.4790935390552
swipe_right,shahzaib,swipe_right,0.16875393688678741,-0.44664838910102844,-0.5730408886447549,-0.13039840757846832,0.0038961470127105713,-0.016360635869204998,0.140252485871315,-0.40803709626197815,-0.23085540626198053,-0.1403394192457199,-0.20428624749183655,0.057012672536075115,0.0694015771150589,-0.5019728541374207,-0.05777699965983629,-0.10286737978458405,-0.46755826473236084,0.006037219427525997,-0.8022541349584534,-0.05062511472991099,-0.5961989024371906,0.07845777453798361,-0.01718510280955949,0.1654487216111412,0.4727884133173869,0.5276633046893032,4.565187082108152,15.846646325487516,49.62679754994765
swipe_right,shahzaib,swipe_right,0.13788573443889618,-0.45357123017311096,-0.5729807056486607,-0.12715904414653778,0.0022710859775543213,0.01966904103755951,0.12603716552257538,-0.39873334765434265,-0.23490821197628975,-0.13798440992832184,-0.20187321305274963,0.0737583078444004,0.06592611968517303,-0.5014408230781555,-0.05409415438771248,-0.10276065766811371,-0.4672379791736603,0.01288736704736948,-0.9354000741784868,-0.20978306279037143,0.0018237271543704412,0.09816252824031574,-0.04924427379261177,1.0918083911140346,0.47019148718796183,0.5260351101969141,1.9933390695259567,4.458871001622242,28.094656757690547
swipe_right,shahzaib,swipe_right,0.11376138031482697,-0.4495445191860199,-0.5532488264143467,-0.12606503069400787,0.0003718435764312744,0.022601362317800522,0.11865736544132233,-0.3845643103122711,-0.23490821197628975,-0.13682694733142853,-0.20202764868736267,0.08871346339583397,0.06373561918735504,-0.5020890533924103,-0.05409415438771248,-0.10165737569332123,-0.4663204550743103,0.019653068855404854,-0.7310410340627151,0.12202154506336753,0.5979357343731599,0.03315192280393711,-0.05755280003403264,0.08885822061336543,0.46733941378497695,0.5043995355443601,0.5760162280220205,5.991032507009899,30.45725082111356
swipe_right,shahzaib,swipe_right,0.09231707453727722,-0.4440848231315613,-0.5523055829107761,-0.1258109211921692,0.0005074739456176758,0.04756748676300049,0.1087636649608612,-0.37900906801223755,-0.2307952232658863,-0.13560369610786438,-0.2043546438217163,0.10079657658934593,0.061649471521377563,-0.49978014826774597,-0.05409415438771248,-0.10058897733688354,-0.4627518951892853,0.01995212957262993,-0.649827447804548,0.16544533498359712,0.028583136471835507,0.007700287934505701,0.004110011187466773,0.7565492256121322,0.46476660540088205,0.5022520270021396,1.8730885379201945,3.9277234389566504,20.333793206233068
swipe_right,shahzaib,swipe_right,0.07779185473918915,-0.4412686824798584,-0.5499756969511509,-0.125711128115654,-0.0011930465698242188,0.04756748676300049,0.10270009934902191,-0.37570852041244507,-0.2307952232658863,-0.13549162447452545,-0.20690906047821045,0.10079657658934593,0.06069724261760712,-0.49870917201042175,-0.056849513202905655,-0.10025535523891449,-0.4603702127933502,0.021538982167840004,-0.4401581756996219,0.08533759550614467,0.07060260483712594,0.0030240326216725445,-0.051530924710358486,0.0,0.4606182252204965,0.49675453566042677,0.058682702784138015,5.157785561023546,22.988089539687156
swipe_right,shahzaib,swipe_right,0.06110993027687073,-0.43250772356987,-0.5259101567789912,-0.12525349855422974,-0.002410799264907837,0.04776637349277735,0.09343835711479187,-0.3620575964450836,-0.2347093252465129,-0.13565754890441895,-0.20640257000923157,0.10099546331912279,0.060038357973098755,-0.4968983829021454,-0.057304064743220806,-0.09971553087234497,-0.45839178562164307,0.022494093514978886,-0.5055128624945057,0.26548360333298615,0.7292587930957593,0.013867562467401898,-0.03690159682071629,0.006026870599298862,0.457394289259779,0.47301054403626597,0.3757882550860746,1.9041136704280446,0.5812517312304489
swipe_right,shahzaib,swipe_right,0.03773215413093567,-0.425930917263031,-0.5259101567789912,-0.1252726912498474,-0.0025710463523864746,0.08572547603398561,0.084776371717453,-0.3513759970664978,-0.2347093252465129,-0.13563615083694458,-0.2050330638885498,0.11674757767468691,0.059739142656326294,-0.4976881742477417,-0.057517929933965206,-0.09846332669258118,-0.45714497566223145,0.02381302695721388,-0.7084174589677403,0.19929716081330587,0.0,-0.0005815968368992753,-0.0048559723478375835,1.150275834582087,0.45955342517148123,0.4743676734799377,0.11974472886554796,3.554560945654466,34.690569633741724
swipe_right,shahzaib,swipe_right,0.013232454657554626,-0.4225807189941406,-0.5259101567789912,-0.12470538914203644,-0.0077097415924072266,0.07563426811248064,0.08359576761722565,-0.34235304594039917,-0.2347093252465129,-0.13536490499973297,-0.2071629762649536,0.11674757767468691,0.059751108288764954,-0.4990120828151703,-0.057623631320893764,-0.09755079448223114,-0.4594791531562805,0.030612346716225147,-0.7424151355570131,0.10152115966334649,0.0,0.017190972963969188,-0.1557180375763889,-0.30579417943954956,0.4548185865178745,0.47675780899406406,0.11039737485878084,7.312838281010824,44.36279922102384
swipe_right,shahzaib,swipe_right,-0.004604727029800415,-0.4203920066356659,-0.5259101567789912,-0.12481153011322021,-0.009527593851089478,0.07563426811248064,0.0818224847316742,-0.3390657603740692,-0.23528738599270582,-0.1336386799812317,-0.21073850989341736,0.11674757767468691,0.05964496731758118,-0.500594824552536,-0.06868365686386824,-0.09576365351676941,-0.46183741092681885,0.03219491336494684,-0.5405206571925565,0.0663246169234742,0.0,-0.003216393066174934,-0.055086432081278246,0.0,0.4553184899591982,0.468632678598252,0.058387057531186726,8.149500634365806,9.774935658017192
swipe_right,shahzaib,swipe_right,-0.018100038170814514,-0.4183707535266876,-0.5607221741229296,-0.12501980364322662,-0.013551324605941772,0.07325256429612637,0.07977493107318878,-0.3387916386127472,-0.29491749592125416,-0.13272292912006378,-0.21611496806144714,0.1638063620775938,0.05943669378757477,-0.5019558966159821,-0.09530526585876942,-0.09317438304424286,-0.4695318937301636,0.049819162115454674,-0.4089488224549792,0.06125009421146375,-1.0549096164829972,-0.006311319091103394,-0.12193123499552604,-0.07217284291982766,0.45769152774520144,0.4791777534967735,0.0517608743195347,6.67659619341854,2.982459511419862
swipe_right,shahzaib,swipe_right,-0.040109604597091675,-0.4155172109603882,-0.6786969862878323,-0.12524476647377014,-0.01676732301712036,0.07330460473895073,0.07444238662719727,-0.3378201723098755,-0.36244266852736473,-0.12970983982086182,-0.22220063209533691,0.16385840252041817,0.05921173095703125,-0.5041492581367493,-0.11999861523509026,-0.09242609143257141,-0.47511202096939087,0.057284142822027206,-0.6669565583720458,0.08647098685756012,-3.574994308027411,-0.006817055471015808,-0.09745449730844363,0.0015769831158898345,0.4597973279309586,0.5743380862348542,0.06995044568332598,7.7129783021024085,2.3547625377457475
swipe_right,shahzaib,swipe_right,-0.055198490619659424,-0.4092783033847809,-0.7512423247098923,-0.12542396783828735,-0.019965261220932007,0.07320376485586166,0.0660124123096466,-0.3367769420146942,-0.4125634580850601,-0.1282167136669159,-0.22161999344825745,0.1637575626373291,0.058888763189315796,-0.5055207014083862,-0.15075139701366425,-0.09138458967208862,-0.47495171427726746,0.058050453662872314,-0.45723897038082356,0.18905780532142616,-2.1983435885471896,-0.0054303443793092465,-0.09690721829731892,-0.0030557540330018707,0.4565095558373757,0.6187631654393174,0.05603595313917234,2.418501320811025,0.14747565349361647
swipe_right,shahzaib,swipe_right,-0.06822130084037781,-0.4027097523212433,-0.7513945586979389,-0.12594494223594666,-0.02480420470237732,0.07305153086781502,0.057750433683395386,-0.3359149396419525,-0.44887470081448555,-0.12660175561904907,-0.22350099682807922,0.16360532864928246,0.05837008357048035,-0.5063396692276001,-0.17223070934414864,-0.0851706862449646,-0.4745829403400421,0.06508902087807655,-0.3946306127490482,0.1990470019253849,-0.004613151152928744,-0.015787102959373033,-0.1466346509528906,-0.004613151152928744,0.45169331691842773,0.6018266383962877,0.10766210574838263,1.9825901738866958,1.5399502372880696
swipe_right,shahzaib,swipe_right,-0.0807514637708664,-0.3866941034793854,-0.7513945586979389,-0.1267881840467453,-0.03823915123939514,0.015655212104320526,0.0524953156709671,-0.3359149396419525,-0.44887470081448555,-0.12686075270175934,-0.2291007936000824,0.15640154108405113,0.058061376214027405,-0.5064955949783325,-0.17223070934414864,-0.08415727317333221,-0.4747958183288574,0.07845463976264,-0.3797019069845087,0.48532269217752017,0.0,-0.025552782145413892,-0.4071195920308496,-1.7392823867725882,0.4431059537586569,0.6074966389276107,0.06276465166733111,0.7823683720876798,53.15591296915805
swipe_right,shahzaib,swipe_right,-0.09682098031044006,-0.36049965023994446,-0.7513945586979389,-0.12712758779525757,-0.03854301571846008,-0.06198728084564209,0.049633562564849854,-0.3310910761356354,-0.44887470081448555,-0.12710508704185486,-0.22933927178382874,0.1302279643714428,0.05773347616195679,-0.5064955949783325,-0.17223070934414864,-0.08440160751342773,-0.4759681820869446,0.07936061546206474,-0.48695504665372913,0.7937713102860583,0.0,-0.010284962076128945,-0.009208014517119088,-2.3528028166654447,0.4616768494890705,0.6169543421468338,1.1168363408494717,0.6134694298900917,22.164218215301624
swipe_right,shahzaib,swipe_right,-0.09951809048652649,-0.3437443673610687,-0.7388535626232624,-0.12948071956634521,-0.1106465756893158,-0.17375149205327034,0.04848259687423706,-0.32786980271339417,-0.44887470081448555,-0.12737521529197693,-0.231072336435318,0.08291967585682869,0.05700737237930298,-0.5064955949783325,-0.17223070934414864,-0.0846717357635498,-0.4759681820869446,0.07936061546206474,-0.08173061139655965,0.5077358448144242,0.38003018408111255,-0.07130702336629345,-2.1849563627532382,-3.386794279019092,0.4466916834923589,0.6099587203036388,0.03263543013784046,0.1609704165283334,73.02177060074786
swipe_right,shahzaib,swipe_right,-0.09951815009117126,-0.32640403509140015,-0.7242466062307358,-0.13038966059684753,-0.12439620494842529,-0.20543408393859863,0.048482537269592285,-0.3215528726577759,-0.43523941934108734,-0.12961244583129883,-0.23179113864898682,0.05510862544178963,0.05669128894805908,-0.5070734620094299,-0.16882829368114471,-0.08467179536819458,-0.4766869843006134,0.07934941351413727,-1.8062013568300476e-06,0.5254646142323895,0.4426350421977836,-0.02754366759097981,-0.41665543209423384,-0.9600785419796606,0.45530270901791237,0.6045926997436171,0.06610642598876369,3.437335018521777e-06,90.99870674402351
swipe_right,shahzaib,swipe_right,-0.09951984882354736,-0.31390509009361267,-0.7135016694664955,-0.1316312849521637,-0.1268979012966156,-0.25481367856264114,0.048480838537216187,-0.3184756338596344,-0.42029596120119095,-0.13099566102027893,-0.23397627472877502,0.03659515082836151,0.05608883500099182,-0.5092436075210571,-0.16882387548685074,-0.08501285314559937,-0.4788721203804016,0.0784478560090065,-5.147673866965636e-05,0.3787559090238689,0.32560414437092233,-0.037624980464126725,-0.07580898024819235,-1.4963513522437364,0.4869521326668503,0.5992037200542816,0.49630642747758624,0.00013590970208918974,19.25772390172197
swipe_right,shahzaib,swipe_right,-0.09951984882354736,-0.2854672372341156,-0.6036585383117199,-0.1316312849521637,-0.1293846070766449,-0.267402034252882,0.04865333437919617,-0.30750247836112976,-0.3607839457690716,-0.13106310367584229,-0.23611095547676086,0.025343848392367363,0.05596563220024109,-0.5112708210945129,-0.16892395541071892,-0.08518537878990173,-0.4800482392311096,0.07563718035817146,0.0,0.861753116954424,3.3285797319627712,0.0,-0.07535472060694554,-0.38146532394667826,0.4927454798128175,0.5139622076218305,0.0,0.0,33.8036612358249
swipe_right,shahzaib,swipe_right,-0.09457419812679291,-0.2608613073825836,-0.5309610851109028,-0.13025622069835663,-0.13976415991783142,-0.2853795774281025,0.04878847301006317,-0.3057582676410675,-0.3277496285736561,-0.1332656592130661,-0.23432490229606628,0.013699608854949474,0.05583016574382782,-0.5181654691696167,-0.16901307180523872,-0.08579765260219574,-0.4864162802696228,0.06640363112092018,0.14986820293195557,0.7456342379252234,2.202953127297523,0.04166861375172999,-0.3145319042783845,-0.5447740356127508,0.4958786975043383,0.46886380611022954,0.13247775728688227,0.2009939918464331,8.866509965009964
swipe_right,shahzaib,swipe_right,-0.08690932393074036,-0.23093003034591675,-0.4504435248672962,-0.12887704372406006,-0.14328068494796753,-0.2853795774281025,0.04985088109970093,-0.298648476600647,-0.2682427354156971,-0.13342386484146118,-0.22809749841690063,0.013699608854949474,0.0557437539100647,-0.5216293334960938,-0.1690949834883213,-0.08714333176612854,-0.48883315920829773,0.02169855684041977,0.2322689150318992,0.9070083950505257,2.4399260679881167,0.04179324164535127,-0.10656136454958073,0.0,0.46416074341445585,0.4289673498129316,0.3921951415211507,0.2560821489825477,17.670343990820232
swipe_right,shahzaib,swipe_right,-0.07791619002819061,-0.1913953423500061,-0.4504435248672962,-0.12066511809825897,-0.14537686109542847,-0.2853795774281025,0.059835270047187805,-0.28216099739074707,-0.2682427354156971,-0.13316698372364044,-0.2327200174331665,-0.017697276547551155,0.05816097557544708,-0.5243695080280304,-0.17450258508324623,-0.08848594129085541,-0.49016812443733215,0.0059098438359797,0.27251920916816375,1.1980208483608832,0.0,0.24884623108487197,-0.06352048931699569,0.0,0.45251081935935195,0.45335658400049833,3.9175125419846086,0.2274743232279284,6.4084609889326805
swipe_right,shahzaib,swipe_right,-0.057847633957862854,-0.15049424767494202,-0.4504435248672962,-0.11534251272678375,-0.14772841334342957,-0.2856581099331379,0.06988666951656342,-0.26741424202919006,-0.2682427354156971,-0.12903474271297455,-0.2301977574825287,-0.03141443058848381,0.06330971419811249,-0.5204488039016724,-0.18852252140641212,-0.08509714901447296,-0.4921063184738159,-0.00409436272457242,0.6081380627372145,1.2394271113655981,0.0,0.16129107186288802,-0.07125915903033746,-0.008440378940466812,0.44585767606963134,0.4691994125519145,2.2634116181837576,0.4906602143041357,2.6757820981027516
swipe_right,shahzaib,swipe_right,-0.0366591215133667,-0.09662893414497375,-0.4373299740254879,-0.10735428333282471,-0.09152284264564514,-0.28536903485655785,0.08286786079406738,-0.25176069140434265,-0.26218145713210106,-0.12109977006912231,-0.23068055510520935,-0.03216211870312691,0.07129794359207153,-0.5100934207439423,-0.2221648059785366,-0.07822319865226746,-0.4932006597518921,-0.04950537532567978,0.6420761346817119,1.6322822281808824,0.3973803285396524,0.2420675573927022,1.7031991120541006,0.008759850805456128,0.46671763919655246,0.4784387725983349,0.1421251417725442,0.3933607376443372,53.82967086909462
swipe_right,shahzaib,swipe_right,-0.007186710834503174,-0.053030818700790405,-0.437238946557045,-0.10288026928901672,-0.05822375416755676,-0.28350280225276947,0.09462401270866394,-0.24321433901786804,-0.2601153999567032,-0.11849525570869446,-0.23068144917488098,-0.031312860548496246,0.07623705267906189,-0.5018259584903717,-0.25736103951931,-0.07753685116767883,-0.4923827648162842,-0.11977581679821014,0.8931033539049695,1.3211550134601227,0.0027584081346338886,0.13557618314569864,1.0090632872148155,0.0565525031451032,0.464696525848421,0.49064515004001935,0.13435832073683962,0.6760014296615293,21.329740867716463
swipe_right,shahzaib,swipe_right,0.018519967794418335,-0.011331886053085327,-0.437238946557045,-0.10236898064613342,-0.028065413236618042,-0.27505065500736237,0.1015753448009491,-0.23169800639152527,-0.2601153999567032,-0.11960986256599426,-0.23114076256752014,-0.031312860548496246,0.07726362347602844,-0.49936696887016296,-0.25736103951931,-0.08181914687156677,-0.49186643958091736,-0.11977581679821014,0.7789902614824404,1.2636040196273788,0.0,0.015493595238887315,0.9138891191193206,0.2561256741032359,0.4895344350370729,0.5234358801069978,0.01695345525107315,0.6164824050098779,7.624533932216001
swipe_right,shahzaib,swipe_right,0.03637459874153137,-0.003947705030441284,-0.42593683302402496,-0.10453829169273376,-0.02481868863105774,-0.2691998928785324,0.10859385132789612,-0.23164275288581848,-0.24068118631839752,-0.11984795331954956,-0.22864434123039246,-0.03207109123468399,0.07909747958183289,-0.49523818492889404,-0.25736103951931,-0.0856468677520752,-0.4908539950847626,-0.11977581679821014,0.5410494226397976,0.2237630612922473,0.34248828887939997,-0.06573669838182959,0.09838559410788952,0.17729582208575906,0.4897686670994401,0.5211615664473839,0.6681469053572842,2.417946025448472,24.94914028556667
idle,shahzaib,swipe_right,0.058822184801101685,0.002204298973083496,-0.3556843250989914,-0.106406569480896,-0.02211683988571167,-0.2691998928785324,0.12009808421134949,-0.23060280084609985,-0.18074087798595428,-0.12153354287147522,-0.22901701927185059,-0.0325806550681591,0.07998254895210266,-0.4938579201698303,-0.25736103951931,-0.08782026171684265,-0.4901697337627411,-0.11977581679821014,0.6802298805930506,0.18642436374317814,2.1288638765162027,-0.05661447842915943,0.08187420440442765,0.0,0.49167724862496925,0.5061550698740247,0.6914728194082875,3.648805435778275,5.4029248800767755
idle,shahzaib,swipe_right,0.08011859655380249,0.0017708539962768555,-0.32764415815472603,-0.11201664805412292,-0.01942342519760132,-0.2691732235252857,0.12327098846435547,-0.22974169254302979,-0.14977234974503517,-0.12451151013374329,-0.22916334867477417,-0.04695561155676842,0.0805288553237915,-0.4950331449508667,-0.2198949195444584,-0.09022647142410278,-0.49124112725257874,-0.11832834407687187,0.6453458106878788,-0.0131346962668674,0.8497020286140697,-0.17000238100687018,0.0816186269124318,0.000808162219596601,0.495823490191634,0.5083544827216774,2.0828615302206983,49.12916662938194,3.436093049177659
idle,shahzaib,swipe_right,0.0945812314748764,-0.007055699825286865,-0.2672214601188898,-0.11635415256023407,-0.026362180709838867,-0.26914078928530216,0.12547628581523895,-0.2390366792678833,-0.12175670452415943,-0.1264929324388504,-0.23322224617004395,-0.04692317731678486,0.08160404860973358,-0.5037019550800323,-0.17353449203073978,-0.09220243990421295,-0.5000887811183929,-0.11829590983688831,0.43826166427497404,-0.2674713279261776,1.8309908495708238,-0.1314395304882186,-0.21026531855265634,0.0009828557570775508,0.4977493092056195,0.5055721097165341,0.6251097721830451,1.638530862885877,8.921829769988399
idle,shahzaib,swipe_right,0.10695062577724457,-0.008450567722320557,-0.2671553920954466,-0.11946950852870941,-0.025344669818878174,-0.26907472126185894,0.12741629779338837,-0.24296408891677856,-0.12169063650071621,-0.12890185415744781,-0.23210853338241577,-0.04989677481353283,0.08095018565654755,-0.5075736343860626,-0.17346842400729656,-0.09478278458118439,-0.5036378800868988,-0.11822984181344509,0.37483013037479884,-0.042268724152536775,0.002002061316461306,-0.0944047263174361,0.030833663362445744,0.002002061316461306,0.5021234977409011,0.5085047753481163,3.061642840324108,8.867579287297142,7.391786483662533
idle,shahzaib,swipe_right,0.11606961488723755,0.0014500916004180908,-0.2671553920954466,-0.12327495217323303,-0.026731938123703003,-0.26907472126185894,0.12850207090377808,-0.24312731623649597,-0.12169063650071621,-0.1318359375,-0.23363527655601501,-0.06227249838411808,0.07921940088272095,-0.5089215636253357,-0.17346842400729656,-0.097452312707901,-0.505690723657608,-0.11822984181344509,0.27633300333311017,0.30001997947691733,0.0,-0.11531647407646899,-0.04203843347953868,0.0,0.5028145827289382,0.5202061252230739,2.7430549018362846,0.9210456009272858,2.2981710982199894
idle,shahzaib,swipe_right,0.1227605789899826,-0.0033744871616363525,-0.2671553920954466,-0.12679661810398102,-0.018459945917129517,-0.2909822892397642,0.12783853709697723,-0.24415132403373718,-0.12169063650071621,-0.13599435985088348,-0.23308488726615906,-0.0885834377259016,0.0775706022977829,-0.5136293470859528,-0.17346842400729656,-0.10049460828304291,-0.5076803267002106,-0.12072649411857128,0.20275648796197462,-0.14619935642589454,0.0,-0.10671714941660733,0.25066643050223086,-0.6638656963001703,0.5186669571762916,0.5207488877178476,0.4257320115453036,1.3868399018900275,21.987302214787665
idle,shahzaib,swipe_right,0.130327507853508,-0.00805690884590149,-0.2928788810968399,-0.12898512184619904,0.0007463395595550537,-0.3237123340368271,0.1282021850347519,-0.24883374571800232,-0.12629327178001404,-0.13875775039196014,-0.23024675250053406,-0.1126963272690773,0.07665829360485077,-0.5181047022342682,-0.19489410519599915,-0.10296694934368134,-0.5097330808639526,-0.15854878723621368,0.2293008746522882,-0.14189156618985488,-0.7794996667089008,-0.06631829521872887,0.5820086508086326,-0.9918195393049514,0.537164017007887,0.5221399739598073,0.11394707137001517,1.6160175322044665,14.18018177297099
idle,shahzaib,swipe_right,0.13838906586170197,-0.013318449258804321,-0.2928788810968399,-0.13084132969379425,0.0074374377727508545,-0.32735826075077057,0.12792904675006866,-0.25409528613090515,-0.12629327178001404,-0.14042077958583832,-0.22655096650123596,-0.11377669870853424,0.07634128630161285,-0.523366242647171,-0.19489410519599915,-0.10486029088497162,-0.5122330784797668,-0.17698614299297333,0.24428963661194236,-0.15944061857281563,0.0,-0.05624872265440135,0.2027605519150275,-0.11048262769525877,0.5416126232268859,0.5230675814816068,0.27741315906860803,1.5321572798784489,29.076468457710813
idle,shahzaib,swipe_right,0.14262841641902924,-0.01365959644317627,-0.2928788810968399,-0.13121818006038666,0.007294178009033203,-0.32735826075077057,0.12762509286403656,-0.2542385458946228,-0.12629327178001404,-0.14254747331142426,-0.21883279085159302,-0.11377669870853424,0.07602594792842865,-0.5235095024108887,-0.19489410519599915,-0.10764016211032867,-0.5086203515529633,-0.17698614299297333,0.1284651684038518,-0.010337793465816222,0.0,-0.011419708078557363,-0.004341204961140786,0.0,0.5378991527624803,0.523434648960751,2.6299329904402233,12.425547413110047,7.241548651996347
idle,shahzaib,swipe_right,0.14263753592967987,-0.02025321125984192,-0.29282787069678307,-0.1320311576128006,0.006382554769515991,-0.32730725035071373,0.12760840356349945,-0.25559088587760925,-0.1262422613799572,-0.14263708889484406,-0.21974441409111023,-0.1137256883084774,0.07592920958995819,-0.5244216918945312,-0.1948430947959423,-0.10878725349903107,-0.5060190558433533,-0.1769351325929165,0.0002763488075949973,-0.19980650959593196,0.0015457696986921152,-0.024635683406483436,-0.027624946652037165,0.0015457696986921152,0.5345161021298399,0.5179158946941829,0.8917588858323078,0.0013830751814776822,0.8126547517856365
idle,shahzaib,swipe_right,0.14254619181156158,-0.021662265062332153,-0.2423215266317129,-0.13398762047290802,0.006382554769515991,-0.32733277045190334,0.1266617327928543,-0.2559473216533661,-0.07759728096425533,-0.1436886340379715,-0.21974441409111023,-0.11375120840966702,0.07462961971759796,-0.5244216918945312,-0.15426463447511196,-0.10935215651988983,-0.5060190558433533,-0.1769606526941061,-0.002768003579342048,-0.04269860007546233,1.5304952746991198,-0.05928675333658948,0.0,-0.0007733363996852651,0.5345784230978723,0.5149113693539066,59286.753336589485,0.06482504694306736,1.3447215372658334
idle,shahzaib,swipe_right,0.14246557652950287,-0.04214581847190857,-0.21235116012394428,-0.13406823575496674,0.005764096975326538,-0.3251545149832964,0.1260971873998642,-0.2621295750141144,-0.04934960789978504,-0.1443459838628769,-0.21974441409111023,-0.11375001259148121,0.0727800577878952,-0.5245180130004883,-0.12432864494621754,-0.1096658855676651,-0.5060190558433533,-0.1633982378989458,-0.002442887335112508,-0.6207137396841103,0.9081929244778029,-0.002442887335112508,-0.018741145278467566,0.06600774147293534,0.5372918791307766,0.49526454421331034,0.1303419271815744,0.003935603875551151,2.7175192581526604
idle,shahzaib,swipe_right,0.14239591360092163,-0.05932343006134033,-0.2123440569266677,-0.13411208987236023,0.004785060882568359,-0.3251474117860198,0.1247243881225586,-0.26695239543914795,-0.04934250470250845,-0.14507487416267395,-0.2198672890663147,-0.11374290939420462,0.071327805519104,-0.5243135690689087,-0.12432154174894094,-0.11046910285949707,-0.5054977834224701,-0.16339113470166922,-0.0021109978357951183,-0.5205336845282436,0.00021524840232098083,-0.0013289126482877076,-0.02966776038661195,0.00021524840232098083,0.5358289514417075,0.4785545617156102,0.04479164720637875,0.004055441257883322,2.021301620337196
idle,shahzaib,swipe_right,0.14130303263664246,-0.060879528522491455,-0.2123440569266677,-0.13430756330490112,0.001735091209411621,-0.3251474117860198,0.12303188443183899,-0.2672853469848633,-0.04934250470250845,-0.14587900042533875,-0.21959614753723145,-0.11374290939420462,0.0703522264957428,-0.5241861045360565,-0.12432154174894094,-0.11141449213027954,-0.5043657720088959,-0.16339113470166922,-0.03311760497815734,-0.047154498822762056,0.0,-0.005923437349724141,-0.09242332342899354,0.0,0.5318150708980627,0.47690141900362387,0.0640895938424144,0.7023063228030451,1.906784725841092
idle,shahzaib,swipe_right,0.14081421494483948,-0.06026872992515564,-0.2123440569266677,-0.13393503427505493,0.0020765960216522217,-0.3251474117860198,0.12160369753837585,-0.26608195900917053,-0.04934250470250845,-0.14638692140579224,-0.21719136834144592,-0.12501879688352346,0.06961748003959656,-0.5225095450878143,-0.12432154174894094,-0.11176455020904541,-0.501870334148407,-0.16339113470166922,-0.014812657327362424,0.01850904840411492,0.0,0.01128875848018719,0.010348630673957202,0.0,0.5297349638901863,0.47590283613529744,1.0907402240538997,0.800249518746232,3.1576767033572444
idle,shahzaib,swipe_right,0.13837312161922455,-0.056803494691848755,-0.2123440569266677,-0.1334729641675949,0.0054198503494262695,-0.3329657232388854,0.11886803805828094,-0.2630140781402588,-0.04934250470250845,-0.1484113186597824,-0.21363016963005066,-0.14112266059964895,0.06715892255306244,-0.5192765891551971,-0.1475421106442809,-0.11428986489772797,-0.4982699155807495,-0.18012439366430044,-0.0739725250186354,0.10500712828202849,0.0,0.014002124468485738,0.1013107372052758,-0.23691852887471895,0.5267179925031228,0.47238979401880127,0.1382083147988561,0.7044457055739689,7.690754858147649
idle,shahzaib,swipe_right,0.13768136501312256,-0.0557626336812973,-0.2123440569266677,-0.13352113962173462,0.006294026970863342,-0.3329657232388854,0.11802360415458679,-0.2624332159757614,-0.04934250470250845,-0.1491030752658844,-0.2124510556459427,-0.14692317601293325,0.06612423062324524,-0.5184745341539383,-0.1491932636126876,-0.11537483334541321,-0.49709080159664154,-0.18938284274190664,-0.020962321397030328,0.03154124274398391,0.0,-0.001459862246657886,0.026490200649608688,0.0,0.5237763049577749,0.47245184835841125,0.05510743986152437,0.6645792934628434,7.543420381022809
idle,shahzaib,swipe_right,0.13698960840702057,-0.05542263388633728,-0.2123440569266677,-0.13356931507587433,0.0074731409549713135,-0.3338960623368621,0.11717917025089264,-0.26185235381126404,-0.05717927124351263,-0.1497948318719864,-0.21127194166183472,-0.14855564292520285,0.06508953869342804,-0.5176724791526794,-0.15156286116689444,-0.11645980179309845,-0.49591168761253357,-0.19081141706556082,-0.020962321397030328,0.0103030240896978,0.0,-0.001459862246657886,0.03573072679115121,-0.0281920938780818,0.5236050389264068,0.4717402815443733,0.040856190779433976,2.034382025367054,0.8990258377465277
idle,shahzaib,swipe_right,0.13630987703800201,-0.06196853518486023,-0.21368674095720053,-0.13326536118984222,0.011454731225967407,-0.3345850622281432,0.11542721092700958,-0.2639482319355011,-0.05872198846191168,-0.15090443193912506,-0.20724806189537048,-0.14914002921432257,0.06314541399478912,-0.5166135132312775,-0.15729207452386618,-0.11799900233745575,-0.491874635219574,-0.19154425617307425,-0.020597920273288755,-0.19836064540977882,-0.040687394864629876,0.009210723819154332,0.12065425063624069,-0.020878784584275813,0.5234827456907857,0.46393475092663183,0.07633918764897701,0.10384023701122878,2.603125690932558
idle,shahzaib,swipe_right,0.13526883721351624,-0.061654120683670044,-0.21781707741320133,-0.1323644518852234,0.012074083089828491,-0.33450828678905964,0.11414244771003723,-0.26606282591819763,-0.06150838918983936,-0.15190696716308594,-0.20598533749580383,-0.15131944604218006,0.061464279890060425,-0.5178183019161224,-0.1629838515073061,-0.11944079399108887,-0.4913676679134369,-0.19150681979954243,-0.03154666134805441,0.009527712157278502,-0.12516171078790517,0.027300281958146964,0.018768238298821027,0.0023265284570781037,0.5235169884041515,0.46533810888904414,1.4545226355755634,3.3106951734246177,3.213618601387115
idle,shahzaib,swipe_right,0.13683710992336273,-0.061283648014068604,-0.2219730969518423,-0.13041351735591888,0.014525234699249268,-0.3338468726724386,0.11299888789653778,-0.2668159008026123,-0.06432047300040722,-0.1524011641740799,-0.20303809642791748,-0.16801737807691097,0.060320720076560974,-0.5184088051319122,-0.1695683505386114,-0.12058435380458832,-0.49082186818122864,-0.2101356741040945,0.04752341544989459,0.011226444533377162,-0.12593998601942552,0.0591192281607435,0.07427732149760047,0.02004285201881903,0.520362150330928,0.4664380179957847,0.7959149718084747,4.232790044842001,2.0118044145364125
idle,shahzaib,swipe_right,0.1368824988603592,-0.061283648014068604,-0.20514539442956448,-0.1309148222208023,0.017585575580596924,-0.33289738558232784,0.1112980991601944,-0.2668159008026123,-0.05914248712360859,-0.15316404402256012,-0.20139360427856445,-0.16799823008477688,0.05861993134021759,-0.519047200679779,-0.16954920254647732,-0.1222851425409317,-0.49045512080192566,-0.2101165261119604,0.0013754223332260074,0.0,0.5099303794629453,-0.0151910565116183,0.09273760246507698,0.028772336063961904,0.5227379458241939,0.465767740940219,0.16380510497059592,1375.4223332260074,2.3353010737050797
idle,shahzaib,swipe_right,0.14069680869579315,-0.0582541823387146,-0.2051502289250493,-0.1317676454782486,0.0182000994682312,-0.33042067009955645,0.1110060065984726,-0.26669949293136597,-0.05914732161909342,-0.15352250635623932,-0.20078247785568237,-0.1680030645802617,0.056720003485679626,-0.5192388594150543,-0.16955403704196215,-0.12418507039546967,-0.49018844962120056,-0.21012136060744524,0.11558514652830366,0.09180199016224401,-0.00014649986317663715,-0.025843129013524323,0.01862193598891779,0.07505198432640715,0.5224828572828225,0.46992133936335784,1.387704335605468,1.2590564460267504,2.6674249109819943
idle,shahzaib,swipe_right,0.14274631440639496,-0.05829077959060669,-0.20514830853790045,-0.13223467767238617,0.018468856811523438,-0.3035012325271964,0.11135779321193695,-0.2676748037338257,-0.05914540123194456,-0.1524859517812729,-0.20075780153274536,-0.16800114419311285,0.05592046678066254,-0.519575446844101,-0.1695521166548133,-0.12543107569217682,-0.4896318018436432,-0.21011944022029638,0.06210623365460119,-0.0011090076330936493,5.81935499653681e-05,-0.01415249073144184,0.008144161917946684,0.8157405324957717,0.5166553275251967,0.4707327914387008,1.7375333816579972,55.9511770937177,22.45014842979688
idle,shahzaib,swipe_right,0.1437983512878418,-0.058144718408584595,-0.19231869280338287,-0.13402387499809265,0.018770545721054077,-0.27925047278404236,0.10887843370437622,-0.2676527798175812,-0.05915093049407005,-0.1535114049911499,-0.20029398798942566,-0.13312801718711853,0.05431699752807617,-0.5202331840991974,-0.14615119993686676,-0.12689119577407837,-0.4893418550491333,-0.17189234495162964,0.03187990549838955,0.004426096424912032,0.3887762343793266,-0.054218100778985166,0.009142088167595286,0.7348715073683162,0.5193792973743148,0.4729313905764395,5.929954932639025,7.201086770777309,2.7350139613073683
idle,shahzaib,swipe_right,0.14504967629909515,-0.05729782581329346,-0.17125561647117138,-0.13620911538600922,0.020723164081573486,-0.27061894349753857,0.1056319922208786,-0.2697114944458008,-0.03194509260356426,-0.1555943638086319,-0.19818991422653198,-0.1311017107218504,0.0512189120054245,-0.5215058028697968,-0.12711205892264843,-0.12920443713665009,-0.48849496245384216,-0.17169388942420483,0.037918939734948774,0.02566341197851835,0.6382750403700211,-0.06621940569443885,0.059170253349070764,0.26156149353040803,0.5187854394959709,0.47564893773019745,1.1191144676924234,1.477491078567774,14.427209327870548
idle,shahzaib,swipe_right,0.14510296285152435,-0.06806614995002747,-0.1679660538211465,-0.1362888365983963,0.022058099508285522,-0.2696731248870492,0.10295473039150238,-0.2721917927265167,-0.023074069060385227,-0.15639810264110565,-0.19490393996238708,-0.11999145988374949,0.049505218863487244,-0.5219348967075348,-0.10921282414346933,-0.13008220493793488,-0.4878694415092468,-0.14801053795963526,0.0016147440130060626,-0.3263128526283085,0.09968371666742253,-0.002415794314760189,0.04045258868824416,0.028661170014829804,0.5242770302260307,0.4675336457800556,0.05971767630747233,0.004948438443541516,7.339579889613655
idle,shahzaib,swipe_right,0.1454475373029709,-0.07138869166374207,-0.1641495767980814,-0.1398472636938095,0.022058099508285522,-0.2401591632515192,0.1006348580121994,-0.27776333689689636,-0.022406164556741714,-0.15606676042079926,-0.19287744164466858,-0.10300732590258121,0.046943292021751404,-0.524447113275528,-0.09544138796627522,-0.1311410814523697,-0.48784273862838745,-0.11977737583220005,0.010441650043834506,-0.10068308223377735,0.11565081888076215,-0.10783112410343226,0.0,0.8943624738039535,0.5239908750006749,0.4687065552606796,107831.12410343227,0.10370705887341898,26.455561629069642
idle,shahzaib,swipe_right,0.14516916871070862,-0.07138869166374207,-0.1478579230606556,-0.1434178650379181,0.022058099508285522,-0.23849892988801003,0.10253939032554626,-0.27776333689689636,-0.02242649905383587,-0.1580761969089508,-0.19232067465782166,-0.09558763727545738,0.048086851835250854,-0.5248063802719116,-0.0948161669075489,-0.12877699732780457,-0.48784273862838745,-0.11815058812499046,-0.008435411886735076,0.0,0.49368647689167233,-0.10820004073055897,0.0,0.050310101924518645,0.5241153910208087,0.4667183352820922,108200.04073055898,8435.411886735077,25.577347045516632
idle,shahzaib,swipe_right,0.1444101780653,-0.07140475511550903,-0.14273182163015008,-0.14811788499355316,0.022042036056518555,-0.230215719435364,0.10267661511898041,-0.27777940034866333,-0.02245862828567624,-0.15864239633083344,-0.19089293479919434,-0.09561976650729775,0.050241515040397644,-0.5248224437236786,-0.09484829613938928,-0.1273317188024521,-0.48762625455856323,-0.11818271735683084,-0.02299971652753462,-0.0004867712656656979,0.15533640698501805,-0.14242484714045897,-0.0004867712656656979,0.2510063773529136,0.522250155306968,0.465562207929399,291.9910563941915,47.15266795420019,6.169519055219754
idle,shahzaib,swipe_right,0.145272359251976,-0.07185876369476318,-0.13776161335408688,-0.15026919543743134,0.020841598510742188,-0.23022913001477718,0.10816358029842377,-0.2782334089279175,-0.022472038865089417,-0.15644793212413788,-0.19128483533859253,-0.09563317708671093,0.054787203669548035,-0.5252764523029327,-0.09486170671880245,-0.12451507151126862,-0.4866372346878052,-0.11819612793624401,0.02612670262654664,-0.013757835734974473,0.15061237200191765,-0.06519122557206691,-0.03637689532655716,-0.0004063811943386605,0.5203358863258346,0.46434423191514645,1.7920559995804648,1.8989035940107555,8.043814160569973
idle,shahzaib,swipe_right,0.14711464941501617,-0.07026875019073486,-0.13777630869299173,-0.14879734814167023,0.016462504863739014,-0.23024382535368204,0.10994131863117218,-0.2791377305984497,-0.024522989057004452,-0.15443505346775055,-0.19214612245559692,-0.09698691312223673,0.060023918747901917,-0.5261935293674469,-0.09552195761352777,-0.12167607247829437,-0.4858585596084595,-0.11985794547945261,0.055826974637578526,0.04818222739479576,-0.0004453133001471842,0.04460143320488038,-0.13269980748493962,-0.0004453133001471842,0.5150214149738817,0.46608757741503054,0.33610521330054643,1.1586391708499038,4.425957828890019
idle,shahzaib,swipe_right,0.14769968390464783,-0.05871209502220154,-0.1427325513213873,-0.15048649907112122,0.012204080820083618,-0.23153982125222683,0.11476948857307434,-0.27568963170051575,-0.026481961831450462,-0.15214940905570984,-0.19341567158699036,-0.09907218627631664,0.06467077136039734,-0.5266169607639313,-0.09862459264695644,-0.11973845958709717,-0.48515838384628296,-0.12099670432507992,0.017728317867626128,0.35020167177374273,-0.15018917055744352,-0.05118639180154593,-0.12904315283804435,-0.039272602986206336,0.5104259435913134,0.4772570331817984,0.3966579707473219,0.050623022885102245,3.1340185885450813
idle,shahzaib,swipe_right,0.14929386973381042,-0.05871826410293579,-0.14791747694835067,-0.14794892072677612,0.007603645324707031,-0.23156651621684432,0.11360993981361389,-0.27241915464401245,-0.027697221841663122,-0.14974012970924377,-0.19529354572296143,-0.09909888124093413,0.06688818335533142,-0.5274010598659515,-0.0995061001740396,-0.11773458123207092,-0.48614853620529175,-0.12306304043158889,0.04830866148977646,-0.00018694184043190995,-0.1571189583928321,0.07689631346500404,-0.13940713622353515,-0.0008089383217421574,0.5064357089840879,0.478328257154989,0.5515912883427694,257.04048326204594,4.064679666246184
idle,shahzaib,swipe_right,0.14744079113006592,-0.05891239643096924,-0.15247817197814584,-0.15445852279663086,0.0038421154022216797,-0.2315219179727137,0.11095815896987915,-0.2705864906311035,-0.04067041212692857,-0.1488742232322693,-0.1955651044845581,-0.10026007751002908,0.06722742319107056,-0.527123361825943,-0.1089805350638926,-0.11629736423492432,-0.48452916741371155,-0.12650114158168435,-0.056153897083167766,-0.005882797819195465,-0.13820287969076492,-0.19726066878348,-0.11398575522683065,0.0013514619433518827,0.500991164967833,0.4770196399828147,1.730557803763573,9.543818263090165,8.34368309672805
idle,shahzaib,swipe_right,0.1484295129776001,-0.054195910692214966,-0.15446661273017526,-0.15858259797096252,0.004722326993942261,-0.2315219179727137,0.1159469485282898,-0.26686331629753113,-0.04396150493994355,-0.14780494570732117,-0.19853374361991882,-0.10026007751002908,0.07198083400726318,-0.5261472165584564,-0.11210982361808419,-0.11137628555297852,-0.48543572425842285,-0.12650114158168435,0.029961268107095217,0.14292381026527556,-0.060255780364525564,-0.12497197497974269,0.026673078536986295,0.0,0.5035004613834977,0.4799755548036237,4.6851468479578955,0.20962958111671173,4.792516857575666
idle,shahzaib,swipe_right,0.14655013382434845,-0.051177978515625,-0.15546385804191232,-0.1584249585866928,0.002555370330810547,-0.23474942008033395,0.11674101650714874,-0.26355910301208496,-0.04419210413470864,-0.1454790085554123,-0.20069646835327148,-0.10108306119218469,0.07521404325962067,-0.5239418148994446,-0.11347595462575555,-0.10920868813991547,-0.4860537350177765,-0.12682886281982064,-0.05695088343186903,0.0914524901996974,-0.03021955490112353,0.004776951038476269,-0.0656653534282348,-0.09780309417031184,0.5028001051965449,0.4799556925828576,0.07274579429322027,0.6227305629070181,5.663231421063966
idle,shahzaib,swipe_right,0.14647378027439117,-0.0499843955039978,-0.15577019611373544,-0.15496475994586945,3.933906555175781e-05,-0.24141898611560464,0.11805011332035065,-0.26100069284439087,-0.0463705831207335,-0.14587147533893585,-0.20070070028305054,-0.10348652908578515,0.07866336405277252,-0.5223202109336853,-0.11376691469922662,-0.10724814236164093,-0.48593851923942566,-0.1276093260385096,-0.002313743938099291,0.03616918217052171,-0.00928297187342803,0.10485450426737634,-0.07624337167450998,-0.20210806167487264,0.501402027402399,0.479023643190358,1.3752425518699802,0.0639682688682991,4.392051566912523
idle,shahzaib,swipe_right,0.1482168436050415,-0.0455322265625,-0.15580861177295446,-0.14247500896453857,-0.005445241928100586,-0.24137808289378881,0.1206589937210083,-0.2609415650367737,-0.046329679898917675,-0.14569884538650513,-0.20064419507980347,-0.10344562586396933,0.0794944167137146,-0.5222610831260681,-0.11446962412446737,-0.10537073016166687,-0.48587939143180847,-0.12756842281669378,0.05282010092879586,0.13491421034841314,-0.0011641108854250034,0.3784773024645575,-0.16619942405006471,0.0012394915701764533,0.495122548710616,0.4834274366831517,2.2772342767943146,0.39150590057555457,10.684203664990346
idle,shahzaib,swipe_right,0.14567679166793823,-0.04433083534240723,-0.18337192945182323,-0.137315571308136,-0.009033441543579102,-0.2682227175682783,0.12021380662918091,-0.2597401738166809,-0.04899578355252743,-0.14359423518180847,-0.19956272840499878,-0.12168319337069988,0.07926839590072632,-0.5210596919059753,-0.14920167438685894,-0.10332301259040833,-0.48625439405441284,-0.16375933401286602,-0.07697127082131248,0.036405794548266444,-0.8352520508748246,0.15634659564856576,-0.10873332168116888,-0.8134737780148462,0.48970187876642945,0.4825433493894476,1.4378771415616658,2.114200708311948,25.64864874120578
idle,shahzaib,swipe_right,0.1464610993862152,-0.04140642285346985,-0.18850234430283308,-0.13554060459136963,-0.006109029054641724,-0.2752889273688197,0.12453827261924744,-0.25681576132774353,-0.05771407391875982,-0.14187511801719666,-0.19960489869117737,-0.1246699346229434,0.08183857798576355,-0.518135279417038,-0.15074411313980818,-0.09988188743591309,-0.4881148934364319,-0.173986810259521,0.023766900553848183,0.08861856027083105,-0.15546711669727054,0.05378687020504199,0.08861856027083105,-0.2141275697133792,0.4938251880356404,0.4825682925484427,0.6069412897182456,0.26819023341138165,19.372197566771536
idle,shahzaib,swipe_right,0.15023556351661682,-0.034101247787475586,-0.19548135250806808,-0.13439702987670898,-0.009233713150024414,-0.2854858562350273,0.12417390942573547,-0.25049006938934326,-0.06053347885608673,-0.1387718915939331,-0.20342355966567993,-0.1283448114991188,0.08089348673820496,-0.5127417743206024,-0.1617520973086357,-0.09853211045265198,-0.48875659704208374,-0.17458447068929672,0.11437770092125661,0.22136894139375715,-0.21148509712832544,0.03465377923213943,-0.09468739682977491,-0.30899784443052164,0.4934851628341163,0.4848120665867966,0.36597704040166507,0.5166812630528265,6.281396300912552
idle,shahzaib,swipe_right,0.15461459755897522,-0.029949843883514404,-0.21251380816102028,-0.13091987371444702,-0.005251049995422363,-0.3216196484863758,0.12539002299308777,-0.24711072444915771,-0.07550562545657158,-0.13801822066307068,-0.20653486251831055,-0.14774130657315254,0.08222576975822449,-0.5099707841873169,-0.20898457244038582,-0.0976736843585968,-0.48963770270347595,-0.22052164748311043,0.13269800128358994,0.125800118301856,-0.5161350197864384,0.10536836855339449,0.12068676226067013,-1.0949634015560326,0.49594006113163897,0.48546132804301234,0.8730658898605833,1.0548237016874928,24.78796100109405
idle,shahzaib,swipe_right,0.1608562469482422,-0.023572474718093872,-0.21252288296818733,-0.12648168206214905,-1.5288591384887695e-05,-0.32268041744828224,0.12710636854171753,-0.24321869015693665,-0.07551470026373863,-0.13566061854362488,-0.20442387461662292,-0.1528085209429264,0.08591127395629883,-0.5055654942989349,-0.21393733099102974,-0.0929330587387085,-0.4899100363254547,-0.22764765098690987,0.18914089058385053,0.19325361107335254,-0.00027499415657737474,0.13449065613024377,0.15865943648598663,-0.03214451399716515,0.5001535770997022,0.4877868597703606,0.8476634699169153,0.9787134678616254,32.239263050964276
idle,shahzaib,swipe_right,0.16712161898612976,-0.03314065933227539,-0.21252288296818733,-0.12309736013412476,0.004432797431945801,-0.32977962866425514,0.12807080149650574,-0.24454623460769653,-0.07551470026373863,-0.13448277115821838,-0.2015019655227661,-0.15403974428772926,0.08575275540351868,-0.5029978454113007,-0.21393733099102974,-0.09017959237098694,-0.4893103241920471,-0.22934267297387123,0.18985975872386887,-0.2899449883085355,0.0,0.10255520994013169,0.13479048555547757,-0.21512761260524282,0.5049291352792638,0.4768528787100217,0.7608433835230783,0.6548107798678577,5.675039505297236
idle,shahzaib,swipe_right,0.17654907703399658,-0.04020819067955017,-0.21252288296818733,-0.12150514125823975,-0.0031776726245880127,-0.3315250016748905,0.13146042823791504,-0.24651286005973816,-0.07551470026373863,-0.1327616274356842,-0.20437565445899963,-0.1569426991045475,0.08894103765487671,-0.5013433396816254,-0.21393733099102974,-0.08909612894058228,-0.49209848046302795,-0.24174188449978828,0.28568054690504435,-0.21416761658407613,0.0,0.048249056844998466,-0.23062030474344014,-0.052890091231373025,0.4981514915630354,0.46938555034452095,0.2092133547621466,1.3339048057626819,12.226633127817202
idle,shahzaib,swipe_right,0.1853998303413391,-0.04494071006774902,-0.21252288296818733,-0.1258886456489563,-0.005498230457305908,-0.34235334768891335,0.13187116384506226,-0.24994826316833496,-0.06393077597022057,-0.1348094940185547,-0.20578151941299438,-0.16417870298027992,0.08682304620742798,-0.501688152551651,-0.20899364724755287,-0.09000098705291748,-0.4936542809009552,-0.2513751722872257,0.2682046456770506,-0.14340967843027055,0.0,-0.1328334663853522,-0.07031993432478584,-0.3281316973946364,0.49785668823836116,0.4672772882246053,1.8889604875248756,1.8701860183128387,11.10286781752077
idle,shahzaib,swipe_right,0.19920101761817932,-0.053358376026153564,-0.21249939780682325,-0.12620261311531067,-0.012075424194335938,-0.37742537539452314,0.13844630122184753,-0.2517850399017334,-0.050546436570584774,-0.13499408960342407,-0.21471112966537476,-0.18068315368145704,0.08776596188545227,-0.501688152551651,-0.20723244827240705,-0.08948537707328796,-0.4986484944820404,-0.2417183993384242,0.4182177962678918,-0.2550807866183235,0.0007116715564872393,-0.009514165647102276,-0.19930890112212526,-1.062788718351829,0.5064759535279633,0.4620011914735248,0.04773553944654541,1.6395439353483408,22.909707020970686
idle,shahzaib,swipe_right,0.22029805183410645,-0.05354410409927368,-0.2125196261331439,-0.12697696685791016,-0.015708863735198975,-0.38453042041510344,0.14515501260757446,-0.2521781325340271,-0.04523738007992506,-0.13501161336898804,-0.21557116508483887,-0.1814951105043292,0.08859235048294067,-0.501688152551651,-0.2036598129197955,-0.09013283252716064,-0.4986484944820404,-0.24173862766474485,0.6393040671492826,-0.005628123427882126,-0.0006129795854741644,-0.023465264927256303,-0.11010422851099695,-0.215304394563031,0.5049531396648002,0.46718088169558547,0.21311671793054468,113.57080286829155,25.826677110210717
idle,shahzaib,swipe_right,0.24125942587852478,-0.05496823787689209,-0.21275549475103617,-0.12798276543617249,-0.016043424606323242,-0.3894764566794038,0.15091708302497864,-0.2528125047683716,-0.04469617921859026,-0.1354963481426239,-0.21557116508483887,-0.18677421752363443,0.08810761570930481,-0.501688152551651,-0.20276541355997324,-0.09061756730079651,-0.4986484944820404,-0.24173420015722513,0.6351931528611718,-0.04315556901874033,-0.007147533875523305,-0.03047874479582864,-0.010138208215887057,-0.14987988679698258,0.5060944436206616,0.4723494054694435,3.0060280987298102,14.718342243224784,3.626598039824706
idle,shahzaib,swipe_right,0.2495194673538208,-0.07075482606887817,-0.21842914167791605,-0.13093695044517517,-0.016191303730010986,-0.4112296784296632,0.15354996919631958,-0.25726836919784546,-0.044731137342751026,-0.13716313242912292,-0.2157190442085266,-0.19536805991083384,0.08726364374160767,-0.5015868246555328,-0.17464517895132303,-0.09152752161026001,-0.49879637360572815,-0.23642089311033487,0.25030428713018643,-0.47838146036322227,-0.17192869475393857,-0.08952075784856765,-0.004481185566295349,-0.659188537886659,0.5147998329211647,0.4624502121248216,19.972568409870423,0.5232304857919279,15.537899495734674
idle,shahzaib,swipe_right,0.25861015915870667,-0.096212238073349,-0.24415301345288754,-0.1318868100643158,-0.017584890127182007,-0.42127188108861446,0.15738162398338318,-0.26795563101768494,-0.04487369395792484,-0.137105792760849,-0.21711263060569763,-0.19551061652600765,0.08745035529136658,-0.5023041069507599,-0.1614279504865408,-0.09144636988639832,-0.4996378421783447,-0.2215458657592535,0.27547550923896996,-0.7714367274082191,-0.7795112659082393,-0.02878362482244364,-0.04222989082336493,-0.30430917148337705,0.5233554805124032,0.4483856827230778,0.6815774960285382,0.3570936440514498,10.970087418784473
idle,shahzaib,swipe_right,0.2673535645008087,-0.11856794357299805,-0.3009811961092055,-0.13284078240394592,-0.02042973041534424,-0.4236960136331618,0.16249814629554749,-0.2770223617553711,-0.045069916639477015,-0.13756278157234192,-0.21976786851882935,-0.19192214542999864,0.08745035529136658,-0.5032843053340912,-0.1554176532663405,-0.0914677083492279,-0.50218865275383,-0.21093099052086473,0.26495167703338546,-0.6774456212014607,-1.7220661411004787,-0.028908252716063357,-0.08620728145945829,-0.0734585619559766,0.5282729839481218,0.4489549962919615,0.3353303444479197,0.39110340024058293,7.1212785514915415
idle,shahzaib,swipe_right,0.28129586577415466,-0.1363062560558319,-0.32099886145442724,-0.1332051157951355,-0.02303287386894226,-0.4355651279911399,0.17169204354286194,-0.28517624735832214,-0.044974143616855145,-0.1384676992893219,-0.22224298119544983,-0.18905860092490911,0.0872555673122406,-0.5060267150402069,-0.15532188024371862,-0.09259161353111267,-0.5049068033695221,-0.20903235580772161,0.42249397798018695,-0.5375246206919437,-0.6065959195521842,-0.011040405793623666,-0.07888313495751709,-0.3596701320599483,0.5340122071372377,0.4492145559995792,0.1399572398121556,0.7859978421797283,8.692796271215842
idle,shahzaib,swipe_right,0.2948274612426758,-0.16403162479400635,-0.32670635683462024,-0.13488155603408813,-0.02429574728012085,-0.43564898474141955,0.17817342281341553,-0.30002671480178833,-0.051036964636296034,-0.13872972130775452,-0.22234946489334106,-0.18914245767518878,0.08705681562423706,-0.5078223943710327,-0.1554057369939983,-0.09326422214508057,-0.5026942491531372,-0.20829056901857257,0.4100483475309495,-0.8401626890356024,-0.17295440546039653,-0.05080121936220192,-0.03826889124783664,-0.0025411136448383735,0.5313087410107032,0.4366974201719632,1.3274461386161809,0.4880576879032122,10.958288680292755
idle,shahzaib,swipe_right,0.3060262203216553,-0.18488085269927979,-0.3620580197311938,-0.1367194652557373,-0.024648725986480713,-0.44219750771299005,0.18377649784088135,-0.31050997972488403,-0.06550588319078088,-0.1383953094482422,-0.22310787439346313,-0.19192483136430383,0.08867156505584717,-0.5086952447891235,-0.15954447397962213,-0.09225362539291382,-0.5029985010623932,-0.20830517122521996,0.3393563357266384,-0.631794785008262,-1.0712625120173396,-0.05569421883785152,-0.010696324435146967,-0.19844009004758315,0.534323257305529,0.4394434467631839,5.206369048213911,0.5371297874711219,5.996677748735171
idle,shahzaib,swipe_right,0.31659141182899475,-0.205487459897995,-0.3706002882681787,-0.13962167501449585,-0.025131672620773315,-0.43141156947240233,0.18993988633155823,-0.3202718198299408,-0.07761478191241622,-0.14052465558052063,-0.22368398308753967,-0.19188590859994292,0.08964809775352478,-0.5094740688800812,-0.15950555121526122,-0.09350225329399109,-0.5007469356060028,-0.20826624846085906,0.32015731840423167,-0.6244426423853193,-0.2588566223328805,-0.08794575026541185,-0.014634746493715461,0.32684661335114795,0.5273809948544671,0.434133751573666,6.008969224984558,0.5127081079427106,15.948199929952562
idle,shahzaib,swipe_right,0.3237319588661194,-0.2342124879360199,-0.3755706646479666,-0.14263147115707397,-0.025260180234909058,-0.43144954228773713,0.19481831789016724,-0.329843670129776,-0.09193324530497193,-0.14120909571647644,-0.2234468162059784,-0.19192388141527772,0.09066736698150635,-0.5097527205944061,-0.16595404827967286,-0.09470003843307495,-0.49981072545051575,-0.20830422127619386,0.21638021324620446,-0.8704553950916776,-0.15061746605418186,-0.09120594371449009,-0.003894170125325583,-0.0011506913737817427,0.5265828296638142,0.4173495533260714,23.41513740863026,0.24858248439132327,9.945130492978992
idle,shahzaib,swipe_right,0.3387160897254944,-0.25473642349243164,-0.40849063778296113,-0.14106708765029907,-0.025501489639282227,-0.43144954228773713,0.20266270637512207,-0.34182649850845337,-0.09965326869860291,-0.14107567071914673,-0.22353482246398926,-0.19192388141527772,0.09366601705551147,-0.5105721354484558,-0.18190936231985688,-0.09553009271621704,-0.49886584281921387,-0.21672835433855653,0.4540645714961949,-0.6219374411033626,-0.9975749434846443,0.04740556081135888,-0.007312406193126055,0.0,0.5217783220136584,0.4205241063459939,6.482008459466651,0.7300796051304569,4.20177032253261
idle,shahzaib,swipe_right,0.34884992241859436,-0.28064557909965515,-0.42103180894628167,-0.13811171054840088,-0.02633604407310486,-0.428007370326668,0.21066948771476746,-0.357956200838089,-0.11066278675571084,-0.13964533805847168,-0.2243693768978119,-0.18915705988183618,0.09650430083274841,-0.5116683542728424,-0.18306178459897637,-0.09582144021987915,-0.4976170063018799,-0.21672930428758264,0.30708583918485266,-0.785125927491634,-0.3800354897975982,0.08955688187570425,-0.025289528297655912,0.10430824124452005,0.5182013445688419,0.41674880668110503,3.541123412752313,0.39112890977506926,3.4524342270303596
idle,shahzaib,swipe_right,0.3530958592891693,-0.3068704903125763,-0.42103180894628167,-0.13690418004989624,-0.027165919542312622,-0.42774159321561456,0.21504202485084534,-0.375110000371933,-0.13253571698442101,-0.13879472017288208,-0.2243693768978119,-0.18899463722482324,0.09831884503364563,-0.5121681988239288,-0.18306178459897637,-0.0963614284992218,-0.49714845418930054,-0.21672930428758264,0.12866475365378846,-0.7946942791794412,0.0,0.03659183328801994,-0.025147741491144755,0.008053851850105183,0.5167721777100177,0.404583994494133,1.4550164786935547,0.16190451488102536,3.3292294231491018
idle,shahzaib,swipe_right,0.35568472743034363,-0.3356610834598541,-0.4083969769999385,-0.13607025146484375,-0.029855459928512573,-0.3987432001158595,0.21763089299201965,-0.38962939381599426,-0.13244110625237226,-0.13794267177581787,-0.2243693768978119,-0.18651071470230818,0.10006394982337952,-0.5133571624755859,-0.18296717386692762,-0.09587022662162781,-0.49714845418930054,-0.21663469355553389,0.07845054973255629,-0.8724422165841906,0.38287369534373894,0.025270563183409197,-0.08150122382424224,0.878739184841076,0.5031324802119618,0.38436502778289056,0.3100597995694524,0.08992052232316923,26.441835177970237
idle,shahzaib,swipe_right,0.35737520456314087,-0.3665260374546051,-0.4268274186179042,-0.13544708490371704,-0.03017464280128479,-0.39861156325787306,0.2193213701248169,-0.40102067589759827,-0.13244110625237226,-0.1382303237915039,-0.22470256686210632,-0.182220253162086,0.10122549533843994,-0.5144399404525757,-0.18181570153683424,-0.09568434953689575,-0.49714845418930054,-0.20750032644718885,0.05122657978173264,-0.9353016362045397,-0.5584982308474242,0.018883835185657134,-0.009672208265824385,0.0039889956965589455,0.5061315248840081,0.3840858468402684,1.9521791185220376,0.05477005815958161,26.597501404687947
idle,shahzaib,swipe_right,0.35948795080184937,-0.3848627209663391,-0.443105346057564,-0.13404139876365662,-0.029960572719573975,-0.38253003964200616,0.2214341163635254,-0.40698152780532837,-0.13280906388536096,-0.13623639941215515,-0.22385698556900024,-0.17445617029443383,0.10146820545196533,-0.515942245721817,-0.17370962211862206,-0.0940498411655426,-0.49609747529029846,-0.20583379874005914,0.06402261329419787,-0.5556570761131606,-0.4932705284745483,0.04259654969880143,0.006486972173055116,0.4873188974505199,0.5001044872486461,0.39538599732050145,6.565464302653317,0.11521944167902197,14.672150423352758
idle,shahzaib,swipe_right,0.3557150363922119,-0.40617308020591736,-0.443129925057292,-0.13293015956878662,-0.03032812476158142,-0.3797218184918165,0.2208433747291565,-0.413073867559433,-0.14298209361732006,-0.13509461283683777,-0.2244141399860382,-0.1628312896937132,0.10161244869232178,-0.5154520869255066,-0.15432782284915447,-0.09302899241447449,-0.49457255005836487,-0.17237737588584423,-0.11433073968598519,-0.6457684618054117,-0.0007448181735746907,0.033673914996061,-0.01113794066689249,0.08509761061180857,0.5100065758781924,0.39989583721919375,3.0230805606270685,0.1770457515385517,12.203215586889362
idle,shahzaib,swipe_right,0.354035884141922,-0.4265022277832031,-0.47934838104993105,-0.13242042064666748,-0.027998924255371094,-0.37552129197865725,0.21908161044120789,-0.4198865294456482,-0.1447186516597867,-0.1345420479774475,-0.2216857671737671,-0.15455027390271425,0.09802845120429993,-0.5166142582893372,-0.1538019822910428,-0.09404081106185913,-0.491542786359787,-0.15770432818681002,-0.05088340152393495,-0.6160347750692423,-1.0975289694738695,0.015446634003609737,0.07058183352152239,0.1272886822169429,0.5136050391517386,0.4238401131395311,0.21884406211745083,0.08259812754903019,2.8411319975535596
idle,shahzaib,swipe_right,0.32950642704963684,-0.4460991322994232,-0.673641580156982,-0.13194888830184937,-0.025069743394851685,-0.31354968529194593,0.20268788933753967,-0.4282839000225067,-0.2353661237284541,-0.13444629311561584,-0.21890488266944885,-0.10890902858227491,0.09016260504722595,-0.5168304741382599,-0.15009872894734144,-0.09649944305419922,-0.4885663390159607,-0.13183316867798567,-0.7433168815844106,-0.5938455914006183,-5.887672700213757,0.014288858933882508,0.08876305637937745,1.8779274753549182,0.49910585022721954,0.5799875040910484,0.16097573180761304,1.2516984897248609,53.05253284157794
swipe_right,shahzaib,swipe_right,0.30354219675064087,-0.4604089558124542,-0.9122897041961551,-0.13144099712371826,-0.022396564483642578,-0.27563902270048857,0.18347615003585815,-0.42979007959365845,-0.3958638859912753,-0.13432836532592773,-0.2155376672744751,-0.0981758264824748,0.08587223291397095,-0.5157553851604462,-0.14211980532854795,-0.0967254638671875,-0.48539137840270996,-0.1202233163639903,-0.7867948575453451,-0.43363101554640104,-7.231761334520513,0.015390641761548836,0.0810054215517924,1.148807957316908,0.4896155713836211,0.8022500317980483,0.18999286064881474,1.8144298145374225,22.095806631892195
swipe_right,shahzaib,swipe_right,0.2826165556907654,-0.4681444764137268,-0.9338851300999522,-0.13082268834114075,-0.01751682162284851,-0.2726019052788615,0.17259269952774048,-0.4246129095554352,-0.4127196101471782,-0.13371306657791138,-0.21291741728782654,-0.07132118474692106,0.08309394121170044,-0.5132181346416473,-0.128359648399055,-0.09616649150848389,-0.48248234391212463,-0.10392779391258955,-0.6341103351477522,-0.234409715190082,-0.654406845569621,0.0187366297750765,0.14787099578164076,0.09203386126142707,0.4958275352800051,0.8310909757806731,0.12670843912017296,2.7051252099698453,32.087656726292415
swipe_right,shahzaib,swipe_right,0.25234735012054443,-0.470556378364563,-0.9339138800278306,-0.12978634238243103,-0.015431523323059082,-0.2511530453339219,0.16137760877609253,-0.42250096797943115,-0.41274836007505655,-0.13267672061920166,-0.2110234498977661,-0.07092344108968973,0.08102929592132568,-0.5117575526237488,-0.12838839832693338,-0.096289724111557,-0.4804243743419647,-0.08262076321989298,-0.9172486536430242,-0.07308793790412395,-0.0008712099357084464,0.03140442299120235,0.06319085756937423,0.6499654528769333,0.49572523140227337,0.8245718368489217,0.49696945459666975,12.549760332353518,17.10494963016576
swipe_right,shahzaib,swipe_right,0.21965286135673523,-0.46854156255722046,-0.9338509934023023,-0.1289968490600586,-0.018821269273757935,-0.2425911771133542,0.14859101176261902,-0.41960272192955017,-0.4126854734495282,-0.13188722729682922,-0.21485838294029236,-0.051176668144762516,0.07622352242469788,-0.5112836062908173,-0.12832551170140505,-0.0961143970489502,-0.47764167189598083,-0.05350994039326906,-0.9907420837518098,0.061055024464926104,0.0019056553190405022,0.023924040071892395,-0.10271957426360323,0.2594505521384194,0.49734206698436284,0.8193107830600477,0.23290407246456907,16.226770288998196,12.859490541488473
swipe_right,shahzaib,swipe_right,0.18601775169372559,-0.4703490734100342,-0.93384247738868,-0.1283946931362152,-0.019699424505233765,-0.22547766286879778,0.14623576402664185,-0.41764840483665466,-0.41267695743590593,-0.13128507137298584,-0.21648070216178894,-0.04451847914606333,0.07122033834457397,-0.5106938779354095,-0.12071321625262499,-0.09614503383636475,-0.47616103291511536,-0.04942233581095934,-1.019245747363945,-0.0547730561458712,0.00025806101885709305,0.01824714920737556,-0.026610764590177093,0.5185913407441424,0.49029860153026644,0.822183279250748,0.6856797919410021,18.60818458741757,8.186234852743452
swipe_right,shahzaib,swipe_right,0.15254154801368713,-0.4679025709629059,-0.8422156041488051,-0.12776103615760803,-0.016931146383285522,-0.11766289081424475,0.12650498747825623,-0.4142497479915619,-0.36669168528169394,-0.1306484043598175,-0.21832624077796936,-0.0009864195017144084,0.06798353791236877,-0.5080190896987915,-0.08874461706727743,-0.0957244336605072,-0.47546419501304626,-0.030040164478123188,-1.0144304145465812,0.07413643779176374,2.7765719163597384,0.019201726624459205,0.08388721581661022,3.2671143046833016,0.46792803159870067,0.7592614309454899,0.2288965909876603,13.683105928153331,83.35586030613501
swipe_right,shahzaib,swipe_right,0.12474843859672546,-0.47066181898117065,-0.8102832501754165,-0.12592199444770813,-0.00983363389968872,0.00567551190033555,0.11530211567878723,-0.3744703531265259,-0.35908863600343466,-0.1288093626499176,-0.21067827939987183,0.08070385549217463,0.06473532319068909,-0.5014234483242035,-0.07959247287362814,-0.09451061487197876,-0.47102296352386475,-0.019472765736281872,-0.8422154368776398,-0.08361357631105498,0.9676470901027024,0.055728536663634295,0.21507613586657318,3.7375273549873413,0.4629413660434071,0.7337962005178741,0.2591095350005333,10.072591096371882,14.840232044570781
swipe_right,shahzaib,swipe_right,0.10091784596443176,-0.4695999324321747,-0.7333848448470235,-0.12309873104095459,-0.008833378553390503,0.033722992055118084,0.11277660727500916,-0.3728106915950775,-0.3486441345885396,-0.12615147233009338,-0.20979097485542297,0.09222412388771772,0.0662027895450592,-0.5042406618595123,-0.07754768151789904,-0.0921681821346283,-0.4699610769748688,-0.0008190076914615929,-0.7221391706755782,0.032178380272605715,2.3302547069210364,0.08555343656829045,0.030310768069643446,0.8499236410540297,0.4634529133079532,0.6576682294904103,2.8224495638698914,22.441052766026534,87.6867440506123
swipe_right,shahzaib,swipe_right,0.08438467979431152,-0.4692118465900421,-0.6095414133742452,-0.12287211418151855,-0.00858345627784729,0.07774559687823057,0.10620838403701782,-0.37183043360710144,-0.2806169958785176,-0.12615293264389038,-0.20996680855751038,0.1101697413250804,0.06680655479431152,-0.5040511786937714,-0.07754768151789904,-0.09247395396232605,-0.4695729911327362,0.0031307386234402657,-0.5010050354581701,0.011760177034319808,3.752831256750716,0.006867177558667472,0.0075734022891879825,1.334018327973055,0.4679773247314671,0.5334230031357773,0.9066296318153008,42.598205434388746,14.878021984323068
swipe_right,shahzaib,swipe_right,0.07496979832649231,-0.46771329641342163,-0.6094396775588393,-0.12204709649085999,-0.007084906101226807,0.07988730166107416,0.10046824812889099,-0.3555029034614563,-0.2805152600631118,-0.1253279149532318,-0.20879024267196655,0.12271143589168787,0.06763157248497009,-0.502842515707016,-0.07744594570249319,-0.09164893627166748,-0.4680744409561157,0.005372058134526014,-0.2852994384187686,0.04541061141274264,0.0030829034971468867,0.025000536080563105,0.04541061141274264,0.06490014493465528,0.4679614523742947,0.5332028153912173,0.5505317979874168,6.282521794386549,38.47913863159442
swipe_right,shahzaib,swipe_right,0.050236254930496216,-0.46566087007522583,-0.6094176471233368,-0.12175258994102478,-0.010971605777740479,0.0956360325217247,0.092355877161026,-0.3506535291671753,-0.28049322962760925,-0.1250334084033966,-0.208656907081604,0.13897855579853058,0.06693252921104431,-0.5030780136585236,-0.07957044243812561,-0.09135442972183228,-0.46928367018699646,0.010278725065290928,-0.7495013150301966,0.06219473752108586,0.000667588954622106,0.008924440904097266,-0.11777877807617375,0.4772342685045694,0.4671829047214783,0.5314290813660055,0.07577226795524618,12.050686186912687,13.446784792175189
swipe_right,shahzaib,swipe_right,0.030925631523132324,-0.46376240253448486,-0.6094054505228996,-0.12085497379302979,-0.01274949312210083,0.10006133466959,0.09105849266052246,-0.3472635746002197,-0.2804810330271721,-0.12413579225540161,-0.20944499969482422,0.15620291978120804,0.0678301453590393,-0.5040165781974792,-0.08542857319116592,-0.09045681357383728,-0.46928367018699646,0.031273290514945984,-0.5851704062837636,0.05752931941639385,0.0003695939526413485,0.027200489333182105,-0.05387537407152666,0.13410006508682926,0.46268704108895725,0.5268150622164163,0.5048685959650985,10.171513251098226,10.591277166391691
swipe_right,shahzaib,swipe_right,0.013996154069900513,-0.43716034293174744,-0.618531059473753,-0.12045261263847351,-0.015888988971710205,0.1327105648815632,0.09117445349693298,-0.34150516986846924,-0.3293916992843151,-0.12367990612983704,-0.2134265899658203,0.20688237622380257,0.06827780604362488,-0.506793886423111,-0.11234341189265251,-0.08930447697639465,-0.4691833555698395,0.04813866689801216,-0.5130144682797324,0.80612301826474,-0.2765336045713031,0.01219276225928058,-0.09513623786694715,0.9893706124839986,0.46216706402919133,0.5138299939511594,0.12815972517861615,0.6363964559498496,25.951416783213904
swipe_right,shahzaib,swipe_right,0.0025044679641723633,-0.421701043844223,-0.6616506930440664,-0.11934959888458252,-0.02124270796775818,0.13275816477835178,0.09225237369537354,-0.3411470353603363,-0.3605732377618551,-0.12244746088981628,-0.2243621051311493,0.21850315667688847,0.06938081979751587,-0.5119113922119141,-0.125823637470603,-0.08733752369880676,-0.4707603454589844,0.061237724497914314,-0.34823291229479797,0.4684636087128685,-1.3066555627367922,0.03342465920881845,-0.1622339089711533,0.001442421114805996,0.45629601439339884,0.5474677952826859,0.2060263072897685,0.7433494565397085,30.013082580824907
swipe_right,shahzaib,swipe_right,-0.017810404300689697,-0.41106337308883667,-0.6941662523895502,-0.11878407001495361,-0.02198237180709839,0.137985086068511,0.08772397041320801,-0.34003299474716187,-0.37899179197847843,-0.1210477352142334,-0.225852370262146,0.22146533988416195,0.067196786403656,-0.5155737698078156,-0.13349849916994572,-0.08677268028259277,-0.4765586853027344,0.06752306781709194,-0.6156021898443147,0.322353659254137,-0.9853199801661908,0.017137238473603492,-0.022414055737582476,0.1583915542472518,0.4611173927319844,0.5766255067148198,0.7645414169044483,1.9097046441602326,6.388688194327861
swipe_right,shahzaib,swipe_right,-0.036760687828063965,-0.40111541748046875,-0.6942734979093075,-0.1180235743522644,-0.022702157497406006,0.13787784054875374,0.08333933353424072,-0.3400117754936218,-0.3790990374982357,-0.12036263942718506,-0.22698795795440674,0.22135809436440468,0.06572699546813965,-0.5170891582965851,-0.15816935524344444,-0.08579260110855103,-0.4811212718486786,0.06891870126128197,-0.5742510159810167,0.3014532002535619,-0.0032498642350686892,0.023045323111793338,-0.021811687585078482,-0.0032498642350686892,0.46469590371565683,0.5579975677095794,1.0565100252734592,1.9049361909636604,4.9015295752172054
swipe_right,shahzaib,swipe_right,-0.04710322618484497,-0.3803015351295471,-0.6942734979093075,-0.11744505167007446,-0.027367115020751953,0.132732305675745,0.08391785621643066,-0.33821070194244385,-0.3790990374982357,-0.11978411674499512,-0.22903317213058472,0.22135809436440468,0.0662611722946167,-0.5165127813816071,-0.16388922557234764,-0.08512824773788452,-0.4795350134372711,0.06891870126128197,-0.313410253235793,0.6307237076036958,0.0,0.017530990369392443,-0.14136234919230367,-0.15592529918208514,0.45779073852926383,0.5592069981594971,0.12401368862267231,0.49690498795667687,5.878518971714647
swipe_right,shahzaib,swipe_right,-0.0486607551574707,-0.3615642189979553,-0.6942734979093075,-0.11664712429046631,-0.04513031244277954,0.11820419505238533,0.08426862955093384,-0.3378223776817322,-0.3790990374982357,-0.11943334341049194,-0.24297690391540527,0.22135809436440468,0.06597244739532471,-0.5161244571208954,-0.16749044880270958,-0.08086660504341125,-0.48404672741889954,0.06891870126128197,-0.047197847655325975,0.5677974585330938,0.0,0.02417961756388385,-0.5382787097584203,-0.4402457764654519,0.4431217945343146,0.5608297595190314,0.04492017277548071,0.08312429691560191,14.79659874957097
swipe_right,shahzaib,swipe_right,-0.04842209815979004,-0.33899033069610596,-0.6687279008328915,-0.11543992161750793,-0.05102860927581787,0.08460549637675285,0.0845072865486145,-0.3293154239654541,-0.37225496396422386,-0.1194591224193573,-0.24298197031021118,0.21140791848301888,0.06609100103378296,-0.5161244571208954,-0.17288252338767052,-0.07966554164886475,-0.48404672741889954,0.06741582229733467,0.0072320302327471215,0.6840572212681366,0.7741090023156075,0.036581899180555405,-0.1787362676678214,-1.0181423841100365,0.4348332804619183,0.5388435644646635,0.2046685599364869,0.010572243718290632,20.6280870106705
swipe_right,shahzaib,swipe_right,-0.04839208722114563,-0.31374454498291016,-0.6553567908704281,-0.11528700590133667,-0.055009543895721436,-0.03044881485402584,0.08557984232902527,-0.3132287859916687,-0.36974840983748436,-0.11973303556442261,-0.24298197031021118,0.12843536213040352,0.06612101197242737,-0.5161244571208954,-0.17509425804018974,-0.07963553071022034,-0.48404672741889954,0.01672871597111225,0.000909422383163929,0.7650238094907941,0.4051851503776846,0.004633809580947487,-0.12063438242132206,-3.486494279720622,0.43309312156112667,0.5335943957393213,0.03841169554023373,0.0011887488770060241,74.8255245734885
swipe_right,shahzaib,swipe_right,-0.04823562502861023,-0.2805826663970947,-0.5429702512919903,-0.11513054370880127,-0.05593353509902954,-0.032974887639284134,0.0882786214351654,-0.2968997359275818,-0.2940334491431713,-0.11960279941558838,-0.2439059615135193,0.12718306854367256,0.06627747416496277,-0.5166070461273193,-0.1827208362519741,-0.07947906851768494,-0.48497071862220764,0.012355419807136059,0.004741278561678875,1.0049054116913927,3.4056527144981694,0.004741278561678875,-0.0279997334335794,-0.07654766015934343,0.4328957949691715,0.4456460464882732,0.16932694184335106,0.004718129476056049,103.36983776249912
swipe_right,shahzaib,swipe_right,-0.04237273335456848,-0.2561965882778168,-0.5285827480256557,-0.11477696895599365,-0.05902692675590515,-0.033270347863435745,0.09707394242286682,-0.29228511452674866,-0.2813302241265774,-0.11925646662712097,-0.2469993531703949,0.12706371024250984,0.06663104891777039,-0.5185662508010864,-0.1871674619615078,-0.07912549376487732,-0.48712030053138733,-0.00012183116632513702,0.17766338406187399,0.7389720642205558,0.4359849474646898,0.010714386448715843,-0.09373914111744423,-0.008953340125806546,0.4308523975945777,0.4441667051012647,0.11429880861062613,0.24041929626929961,2.863009365582369
swipe_right,shahzaib,swipe_right,-0.03251656889915466,-0.23017874360084534,-0.5180338025093079,-0.11348903179168701,-0.06613966822624207,-0.04067545756697655,0.10685905814170837,-0.27989473938941956,-0.28139179944992065,-0.11978065967559814,-0.238443523645401,0.12610496580600739,0.06878218054771423,-0.5230462551116943,-0.2193407118320465,-0.08033204078674316,-0.48629096150398254,-0.021275540813803673,0.2986716501640438,0.7884195356657712,0.3196650156468935,0.03902839891838157,-0.21553762031323165,-0.22439726374365215,0.4219038422028056,0.4304072238664117,0.18107380877572438,0.3788227686279563,7.548595978670935
swipe_right,shahzaib,swipe_right,-0.01875552535057068,-0.20006141066551208,-0.5052470304071903,-0.11185511946678162,-0.06941601634025574,-0.05008973181247711,0.11714646220207214,-0.2728143632411957,-0.2794244922697544,-0.1192844808101654,-0.24248066544532776,0.12555479630827904,0.07252928614616394,-0.5228250324726105,-0.21951677277684212,-0.07950884103775024,-0.49124380946159363,-0.0309777669608593,0.4170013196540668,0.9126464525858706,0.38747794248841644,0.04951249469410368,-0.09928327618223406,-0.2852810377424459,0.42349762216370956,0.4406257510603927,0.49869422025321114,0.4569139139900588,3.9894054747729593
swipe_right,shahzaib,swipe_right,0.00834745168685913,-0.15608644485473633,-0.497277544811368,-0.11229288578033447,-0.05680924654006958,-0.09248300828039646,0.12554031610488892,-0.2618544101715088,-0.27404059655964375,-0.11893418431282043,-0.24500709772109985,0.10147595219314098,0.07756292819976807,-0.5138315558433533,-0.2296427357941866,-0.0787777304649353,-0.49400728940963745,-0.05360917188227177,0.821302334467583,1.3325747215386805,0.24149956350977156,-0.013265645865238285,0.3820233272783745,-1.284644741452122,0.44020060140929385,0.4521069979803786,0.034724610235546176,0.6163269532775615,33.666720586914195
swipe_right,shahzaib,swipe_right,0.025162220001220703,-0.08894461393356323,-0.49546552263200283,-0.1137930154800415,-0.044765591621398926,-0.18202089332044125,0.13116395473480225,-0.24364358186721802,-0.27333313785493374,-0.1197863519191742,-0.24617719650268555,0.0244329534471035,0.08120739459991455,-0.5036541819572449,-0.24865982495248318,-0.07859489321708679,-0.49451011419296265,-0.10534471832215786,0.5095384337685132,2.0346009370051683,0.05490976301106332,-0.045458475748696194,0.364959239959703,-2.713269243637618,0.4575896406239209,0.48583756525536514,0.12455733740671446,0.25043642419731893,43.30572896585425
swipe_right,shahzaib,swipe_right,0.04698991775512695,-0.049234211444854736,-0.4822347220033407,-0.11739322543144226,-0.043906331062316895,-0.18200530670583248,0.13504773378372192,-0.2401220202445984,-0.26688448153436184,-0.11981979012489319,-0.2475217580795288,0.024448540061712265,0.0832897424697876,-0.49547305703163147,-0.2486442383378744,-0.07868644595146179,-0.49561581015586853,-0.1053291317075491,0.6614453864820181,1.2033455299608826,0.4009333523837067,-0.10909727125457012,0.026038198760061967,0.0004723216548110575,0.45980311448819805,0.5049864341187799,4.189732267104155,0.5496715783968894,82.89588019228324
swipe_right,shahzaib,swipe_right,0.06274253129959106,-0.03513798117637634,-0.44163520634174347,-0.11813667416572571,-0.04295346140861511,-0.18794868886470795,0.1386362910270691,-0.23673340678215027,-0.23814813792705536,-0.11982867121696472,-0.24623772501945496,0.010020087473094463,0.08821052312850952,-0.4910050928592682,-0.24865348637104034,-0.07902303338050842,-0.4969177842140198,-0.10533837974071503,0.47735192558982914,0.42715849298420056,1.2302883533817546,-0.022528749523741187,0.028874837990963558,-0.18010248966289577,0.4630744502228625,0.4956867825197187,0.7801937914595366,1.1175027909481228,6.06888963898262
swipe_right,shahzaib,swipe_right,0.07921037077903748,-0.01989656686782837,-0.39601912163197994,-0.11880046129226685,-0.04434776306152344,-0.1957735028117895,0.14081791043281555,-0.23366278409957886,-0.2005093153566122,-0.11996611952781677,-0.24723690748214722,0.009062016382813454,0.09157046675682068,-0.490053653717041,-0.24866004846990108,-0.07940003275871277,-0.49863430857658386,-0.10534494183957577,0.49902543877111133,0.46186103965297626,1.3823055972655836,-0.020114761410337828,-0.04225156523964689,-0.23711557415399062,0.46487200802386475,0.4928642355966854,0.47606012312510493,1.080464285711937,2.7632782161480614
swipe_right,shahzaib,swipe_right,0.08680996298789978,-0.014591813087463379,-0.3244460355490446,-0.12134963274002075,-0.04949843883514404,-0.20467629842460155,0.1399766504764557,-0.23746395111083984,-0.14633616618812084,-0.12102484703063965,-0.2518879175186157,0.0004958147183060646,0.09289500117301941,-0.491855263710022,-0.20176982693374157,-0.08029618859291077,-0.5032123625278473,-0.10638114623725414,0.23029067299581868,0.16075011455650876,2.1688813964525036,-0.07724761962890332,-0.15608108404910334,-0.2697816852367183,0.46605112034250257,0.4928152606708635,0.49491663376689193,1.4325914543806457,3.984404590310378
swipe_right,shahzaib,swipe_right,0.10082754492759705,-0.013413548469543457,-0.31656087934970856,-0.12455156445503235,-0.051503658294677734,-0.2046990990638733,0.1374610960483551,-0.23946917057037354,-0.14037160575389862,-0.12364202737808228,-0.2537934184074402,0.00047301407903432846,0.09124192595481873,-0.49386048316955566,-0.2017926275730133,-0.08285734057426453,-0.5046348571777344,-0.10640394687652588,0.4247752102938633,0.03570498842181638,0.23894412725261144,-0.09702823378823175,-0.060764226046476466,-0.0006909284627798942,0.4655407916066535,0.49405758041913295,1.5967723663863178,11.896469725910888,8.671455103166481
swipe_right,shahzaib,swipe_right,0.10899019241333008,-0.013507813215255737,-0.31657524034380913,-0.1271393895149231,-0.051597923040390015,-0.20471346005797386,0.13519906997680664,-0.23956343531608582,-0.1403859667479992,-0.12618404626846313,-0.25207141041755676,0.0004586530849337578,0.09018421173095703,-0.49395474791526794,-0.20180698856711388,-0.08511936664581299,-0.5028542578220367,-0.10641830787062645,0.24735295411312613,-0.0028565074458267205,-0.00043518163941123965,-0.07841894120881177,-0.0028565074458267205,-0.00043518163941123965,0.46374551097128686,0.4943224388877593,27.443127514274583,86.56248804333846,1.8431804295169134
idle,shahzaib,swipe_right,0.1143195629119873,-0.013618677854537964,-0.3164538461714983,-0.12860220670700073,-0.0520879328250885,-0.259180398657918,0.13371729850769043,-0.23967429995536804,-0.14026457257568836,-0.12764790654182434,-0.25075605511665344,-0.06437807716429234,0.08957070112228394,-0.49406561255455017,-0.20168559439480305,-0.08645030856132507,-0.502747118473053,-0.15793863125145435,0.16149607571687954,-0.003359534523703708,0.003678611282146199,-0.04432779369932065,-0.014848781354499022,-1.6505132909073348,0.4638107152640551,0.4945841837729979,2.985080563889293,48.05666318193086,50.014357788465766
idle,shahzaib,swipe_right,0.12388670444488525,-0.013618677854537964,-0.31644182465970516,-0.12998998165130615,-0.05247274041175842,-0.29099988006055355,0.13239580392837524,-0.2414816915988922,-0.14623991213738918,-0.1294274926185608,-0.25063958764076233,-0.0904716532677412,0.0888444185256958,-0.49519163370132446,-0.22691007517278194,-0.08704119920730591,-0.5026630163192749,-0.1967445369809866,0.289913379784791,0.0,0.00036428823615566023,-0.042053786191074,-0.011660835959694789,-0.9642267091707903,0.46195232668983793,0.4910767839876391,3.6061033902739466,289913.379784791,20.796901619412537
idle,shahzaib,swipe_right,0.12839198112487793,-0.02247101068496704,-0.33298521116375923,-0.13187134265899658,-0.052224934101104736,-0.29837312176823616,0.13175880908966064,-0.24295145273208618,-0.1325625367462635,-0.131103515625,-0.24963337182998657,-0.09765186533331871,0.08835256099700928,-0.4953429400920868,-0.23505980148911476,-0.08721950650215149,-0.5020222961902618,-0.1969086118042469,0.13652353575735598,-0.2682525100130066,-0.501314742547101,-0.05701093962698363,0.007509282141020923,-0.22343156689947657,0.46325640869476864,0.48456207305703874,7.591051648458276,0.5089347600735457,22.46042643061529
idle,shahzaib,swipe_right,0.13013797998428345,-0.024289697408676147,-0.3391960524022579,-0.13187134265899658,-0.051835089921951294,-0.32162516936659813,0.13156580924987793,-0.24376997351646423,-0.14113060757517815,-0.13187956809997559,-0.2489827573299408,-0.11629488691687584,0.08869773149490356,-0.49511808156967163,-0.23551277443766594,-0.0868598222732544,-0.5014309883117676,-0.21441921219229698,0.05290905634562259,-0.05511171890027683,-0.18820731025753898,0.0,0.011813459974346928,-0.704607502980677,0.46438736639796757,0.48388726337443344,0.0,0.9600153540121721,14.683657033657969
idle,shahzaib,swipe_right,0.1333702802658081,-0.02893570065498352,-0.3392141778022051,-0.13187134265899658,-0.05147698521614075,-0.3447600621730089,0.13155865669250488,-0.24424222111701965,-0.1411487329751253,-0.13187956809997559,-0.24849972128868103,-0.13929291255772114,0.08933252096176147,-0.49468666315078735,-0.2355308998376131,-0.08658382296562195,-0.5010620355606079,-0.21832415647804737,0.09794849337953139,-0.14078797716082414,-0.0005492545438535078,0.0,0.010851657751834342,-0.7010573577699973,0.46921606449707165,0.4791800344753229,0.0,0.6957113785097266,0.11145829632713578
idle,shahzaib,swipe_right,0.13727912306785583,-0.03141370415687561,-0.3392464779317379,-0.13178768754005432,-0.05094745755195618,-0.3467256985604763,0.13150808215141296,-0.24374952912330627,-0.14118103310465813,-0.13179591298103333,-0.24725940823554993,-0.14214424416422844,0.08979383111000061,-0.4934917688369751,-0.23556319996714592,-0.08592492341995239,-0.49986714124679565,-0.22873477265238762,0.11844978188022974,-0.07509101520884837,-0.0009787918040246304,0.0025350036043108354,0.01604629285407728,-0.05956473901416091,0.46642698693156565,0.47594244708820815,0.1579707946606548,1.5773951671265358,19.439959376629933
idle,shahzaib,swipe_right,0.1392684280872345,-0.031524658203125,-0.3392638973891735,-0.13169538974761963,-0.04866504669189453,-0.3557809107005596,0.13142356276512146,-0.24192869663238525,-0.1326112560927868,-0.13177606463432312,-0.244101881980896,-0.1538720242679119,0.09018197655677795,-0.49120935797691345,-0.23544807359576225,-0.08516338467597961,-0.497584730386734,-0.23126229271292686,0.060281970284206086,-0.0033622438257393146,-0.0005278623465336099,0.0027969028010514795,0.06916396545641833,-0.27440036788133165,0.4681869243477565,0.47381138462459355,0.04043814353979315,17.923758552044553,6.706212130772376
idle,shahzaib,swipe_right,0.13960450887680054,-0.031016826629638672,-0.32788167614489794,-0.13078320026397705,-0.046626269817352295,-0.35665486473590136,0.13157248497009277,-0.2401025891304016,-0.13076550979167223,-0.13151919841766357,-0.24205005168914795,-0.1552753271535039,0.09076231718063354,-0.4885460138320923,-0.23508211690932512,-0.08401626348495483,-0.49548348784446716,-0.23278540093451738,0.010184266350485676,0.015388835560191178,0.3449157952810648,0.02764210556492556,0.06178111741036846,-0.02648345561641535,0.46797819672841207,0.4693935183043536,0.447412725940121,0.6617527725136502,7.553578803378989
idle,shahzaib,swipe_right,0.1399247646331787,-0.031754493713378906,-0.30995981488376856,-0.13005948066711426,-0.04639667272567749,-0.36220835242420435,0.1315266489982605,-0.24004536867141724,-0.11020998749881983,-0.130985826253891,-0.24182045459747314,-0.15970239136368036,0.09081250429153442,-0.48799046874046326,-0.23268660996109247,-0.08396607637405396,-0.49491211771965027,-0.23855179641395807,0.009704719890247324,-0.02235354799212747,0.5430867048826878,0.02193089687462926,0.006957487626508969,-0.16828750570614495,0.467527165159181,0.4653325984968189,3.1516757737818755,0.4341273146594154,4.610308737685298
idle,shahzaib,swipe_right,0.1405121088027954,-0.03641018271446228,-0.29111597314476967,-0.12727516889572144,-0.04578891396522522,-0.36881986632943153,0.13041549921035767,-0.24023506045341492,-0.09016053006052971,-0.130613774061203,-0.24009659886360168,-0.16916540637612343,0.09081488847732544,-0.4875679910182953,-0.2194385565817356,-0.08396369218826294,-0.49388813972473145,-0.2476775087416172,0.01779830817020425,-0.14108148488132422,0.5710255072424304,0.08437308398160656,0.018416932134918573,-0.20034890621901957,0.4662019636839634,0.45951151644626614,4.581029149393137,0.12615533519398833,2.1551993641771583
idle,shahzaib,swipe_right,0.14252528548240662,-0.03955322504043579,-0.27152180997654796,-0.12360262870788574,-0.04348355531692505,-0.3768916162662208,0.12981227040290833,-0.24124521017074585,-0.07422618148848414,-0.13019338250160217,-0.2366197109222412,-0.18181448010727763,0.09065768122673035,-0.4865662455558777,-0.21173490909859538,-0.08412089943885803,-0.49263447523117065,-0.25377515284344554,0.061005353927609994,-0.09524370684767854,0.5937625202491202,0.1112890966010774,0.06985935297879041,-0.24459848293299905,0.46738957987060153,0.4539662568937833,1.5930222487548087,0.6405117506967991,2.2120837350448213
idle,shahzaib,swipe_right,0.14244213700294495,-0.03992575407028198,-0.27092684619128704,-0.12134355306625366,-0.03893786668777466,-0.3768953513354063,0.12877216935157776,-0.24182260036468506,-0.07336008362472057,-0.1302984654903412,-0.23120486736297607,-0.18181821517646313,0.08991792798042297,-0.4866718649864197,-0.2109962534159422,-0.08541098237037659,-0.4902753531932831,-0.25377888791263103,-0.002519650892778052,-0.011288758480188406,0.018029205613968403,0.06845683762521933,0.13774814027729418,-0.000113183914711989,0.4692060740523888,0.4537979243039128,0.49696744014091954,0.2231802298693642,7.797750569543638
idle,shahzaib,swipe_right,0.14228257536888123,-0.03973054885864258,-0.26526241609826684,-0.11973762512207031,-0.03850877285003662,-0.3782308013178408,0.12668094038963318,-0.24151849746704102,-0.07078914204612374,-0.13045451045036316,-0.23039793968200684,-0.1823460222221911,0.08862778544425964,-0.4863521158695221,-0.2040088982321322,-0.0870213508605957,-0.48892176151275635,-0.25380986044183373,-0.004835201032233777,0.005915309443618088,0.1716493967581814,0.04866448315706936,0.013002843567818813,-0.040468181285892746,0.4684258591133779,0.4539842002229656,3.742315331868611,0.8172664189243007,4.018055228975682
idle,shahzaib,swipe_right,0.1421959400177002,-0.03853452205657959,-0.2643988295458257,-0.11783838272094727,-0.03727000951766968,-0.38033943017944694,0.12513256072998047,-0.24048888683319092,-0.06558159133419394,-0.1305340826511383,-0.228959858417511,-0.1848301156423986,0.08671188354492188,-0.4862104654312134,-0.19978475710377097,-0.08803719282150269,-0.48679232597351074,-0.25614912947639823,-0.002625313672152333,0.03624323642614979,0.02616928946791174,0.057552800034029544,0.03753828279899686,-0.06389784429109216,0.4673132297506264,0.4557051778909143,1.5331353116732291,0.072433962776443,1.0627420325893497
idle,shahzaib,swipe_right,0.1421974003314972,-0.03808951377868652,-0.26442143274471164,-0.11682268977165222,-0.03676038980484009,-0.38036203337833285,0.1244337260723114,-0.24013680219650269,-0.06242318032309413,-0.1305326223373413,-0.22818124294281006,-0.18462649686262012,0.0853222906589508,-0.48706701397895813,-0.19904567254707217,-0.08880317211151123,-0.4854178726673126,-0.25520658446475863,4.425193324233855e-05,0.013485099330093862,-0.0006849454207854315,0.030778574221064083,0.015443021600897739,-0.0006849454207854315,0.4666288854016166,0.45726312316626666,1.9929118863233763,0.003281299667101782,2.1853780552010886
idle,shahzaib,swipe_right,0.14144107699394226,-0.04051673412322998,-0.26441916450858116,-0.1164679229259491,-0.03434079885482788,-0.3806967996060848,0.12217161059379578,-0.24079149961471558,-0.05675199814140797,-0.130529522895813,-0.22590553760528564,-0.18439800664782524,0.08260908722877502,-0.48747575283050537,-0.1954679898917675,-0.09064731001853943,-0.48371535539627075,-0.2538270615041256,-0.02291888901681524,-0.07355213165282924,6.873442819623976e-05,0.010750510475851866,0.07332093787915502,-0.010144431143998715,0.4676538533614285,0.45605682968741695,0.14662065388356532,0.31159637260575646,1.8779221857574366
idle,shahzaib,swipe_right,0.1412622630596161,-0.04156090319156647,-0.26441916450858116,-0.11635103821754456,-0.03239591419696808,-0.3806967996060848,0.12017974257469177,-0.24240966141223907,-0.05675199814140797,-0.13041263818740845,-0.22243572771549225,-0.18236322328448296,0.0808703601360321,-0.48664794862270355,-0.19153406843543053,-0.09324789047241211,-0.48219121992588043,-0.2535925768315792,-0.005418604070489851,-0.03164148691928628,0.0,0.003541960860743533,0.05893589872302208,0.0,0.46797976018051285,0.4550405445440473,0.06009751000623932,0.17124457013482022,0.5763967921447247
idle,shahzaib,swipe_right,0.14135901629924774,-0.042929381132125854,-0.26440703053958714,-0.11621667444705963,-0.031842201948165894,-0.38123654504306614,0.1194477528333664,-0.24244153499603271,-0.05226389248855412,-0.13103526830673218,-0.22165977954864502,-0.1843987472821027,0.08032746613025665,-0.4865293800830841,-0.18962009181268513,-0.09439772367477417,-0.48119789361953735,-0.2517651536036283,0.0029319163524745328,-0.04146902850180251,0.00036769603012188674,0.004071629408634354,0.01677915905461284,-0.016355922332768426,0.46814468431407424,0.45398116193236654,0.242645459758921,0.07069964642891663,1.3703496177720154
idle,shahzaib,swipe_right,0.1414557695388794,-0.044396430253982544,-0.2550621801055968,-0.11608231067657471,-0.03138706088066101,-0.382535504642874,0.11871576309204102,-0.24257197976112366,-0.051084565464407206,-0.13167256116867065,-0.2209824025630951,-0.18462570989504457,0.0797845721244812,-0.48650938272476196,-0.18377219373360276,-0.09554755687713623,-0.4803031384944916,-0.25176589423790574,0.002931916352474217,-0.04445603399565557,0.283177285878485,0.004071629408633916,0.013792153560753502,-0.03936241211538816,0.4680256529927152,0.45205028646144496,0.295192059647561,0.06594943676990979,0.7030177467126425
idle,shahzaib,swipe_right,0.14188343286514282,-0.047895222902297974,-0.264401736902073,-0.11515429615974426,-0.031082957983016968,-0.3825294703710824,0.11595660448074341,-0.24267712235450745,-0.05107853119261563,-0.13187336921691895,-0.2191186249256134,-0.184619675623253,0.07813268899917603,-0.4863011837005615,-0.17339559202082455,-0.09655526280403137,-0.47834235429763794,-0.25059145991690457,0.012959494735254895,-0.1060240196459181,-0.28301687262048153,0.028121652025163913,0.009215239322546408,0.00018285672095688212,0.4666846153839795,0.45226768866796074,3.051315296941966,0.12223053368473324,1.4093939130516553
idle,shahzaib,swipe_right,0.1412084400653839,-0.051246821880340576,-0.24455267081367538,-0.1138441264629364,-0.02986198663711548,-0.38253670821296737,0.11428764462471008,-0.24287617206573486,-0.0372147400151448,-0.1320713758468628,-0.21617352962493896,-0.18440069148647353,0.07613733410835266,-0.48508021235466003,-0.16689300427543685,-0.09693831205368042,-0.4770785868167877,-0.2477341730366902,-0.020454327265422977,-0.10156360539523747,0.6014868511636071,0.03970211202448341,0.0369991316939871,-0.00021932854196801284,0.4673972801879109,0.4455072202868826,1.0730262354967621,0.20139227820386052,0.9122236336784854
idle,shahzaib,swipe_right,0.14384976029396057,-0.053235769271850586,-0.24421876109408913,-0.11252200603485107,-0.02766573429107666,-0.3812323901729542,0.11493292450904846,-0.2417261004447937,-0.03720864094066201,-0.13059037923812866,-0.21134525537490845,-0.18139129317569314,0.07650747895240784,-0.4828839600086212,-0.16620581782626687,-0.09512197971343994,-0.47440576553344727,-0.24277632869052468,0.08004000692656242,-0.060271133076058615,0.01011847635109795,0.04006425539652355,0.06655310139511318,0.03952478909130717,0.46802724001028656,0.44183545577168626,0.6019802620228198,1.3279770076422934,1.5008914276088139
idle,shahzaib,swipe_right,0.14320313930511475,-0.04725289344787598,-0.24423414505872643,-0.11137506365776062,-0.02012479305267334,-0.33655531741533196,0.11376917362213135,-0.23506426811218262,-0.0372240249052993,-0.12714016437530518,-0.2017253041267395,-0.17025347091112053,0.07558858394622803,-0.4741278290748596,-0.16622120179090416,-0.09254759550094604,-0.463579386472702,-0.2426165346041671,-0.01959457541956972,0.1812992673931631,-0.00046618074658466146,0.034755829608800325,0.228513370860698,1.3538506896248648,0.45368595404592593,0.439181008332817,0.1520947215612423,0.10807802824183059,40.12963247127991
idle,shahzaib,swipe_right,0.1434343457221985,-0.0513344407081604,-0.24421075847931206,-0.10904932022094727,-0.017643630504608154,-0.31762155261822045,0.11275500059127808,-0.23617887496948242,-0.038830117555335164,-0.1256527304649353,-0.1992180347442627,-0.15356322494335473,0.07564651966094971,-0.4720352292060852,-0.1661978152114898,-0.09105676412582397,-0.46007040143013,-0.22397790220566094,0.007006255063144133,-0.12368325031165783,0.000708684224677745,0.07047707384283385,0.07518674388076844,0.5737504483973584,0.4525862492045135,0.43320937446250424,0.9373479001390878,0.05664629931046087,24.11598558028881
idle,shahzaib,swipe_right,0.14061978459358215,-0.05196636915206909,-0.24422481434885412,-0.10916918516159058,-0.016671717166900635,-0.3039710350567475,0.11214229464530945,-0.23564547300338745,-0.038844173424877226,-0.12576410174369812,-0.19547295570373535,-0.13830642180982977,0.07395908236503601,-0.4685409963130951,-0.16621187108103186,-0.09196782112121582,-0.4541526436805725,-0.2144959099823609,-0.08528973117018868,-0.019149346785111133,-0.00042593544066853785,-0.0036322709285850304,0.029451919324469174,0.4136520473173465,0.4468682646991028,0.4290269088684988,0.12332464868999855,4.453691211299582,5.5227526031774214
idle,shahzaib,swipe_right,0.13463428616523743,-0.04767102003097534,-0.23121834360063076,-0.1097797155380249,-0.009433448314666748,-0.28568789921700954,0.11120763421058655,-0.22934353351593018,-0.03883048705756664,-0.1251603364944458,-0.1882055401802063,-0.12795906327664852,0.07341650128364563,-0.46130719780921936,-0.16619818471372128,-0.09136417508125305,-0.4463489055633545,-0.2125240620225668,-0.18137874025286363,0.13016209457859354,0.3941354772188749,-0.018500920498009183,0.21934148037071552,0.5540344193859775,0.4433815467361715,0.4231667825036399,0.08434718375911666,1.3934728644865282,7.170130658901339
idle,shahzaib,swipe_right,0.13148967921733856,-0.04158249497413635,-0.22759984282311052,-0.11091046035289764,-0.0001105964183807373,-0.281007869518362,0.10799597203731537,-0.22280248999595642,-0.0372133239870891,-0.12437741458415985,-0.1783398687839508,-0.12712478486355394,0.0721999853849411,-0.45049089193344116,-0.16574278322514147,-0.0908479243516922,-0.43478021025657654,-0.20977108029183,-0.09529111963330558,0.18450075929816406,0.10965153871274218,-0.03426499439008547,0.2825106635238382,0.14181908177720864,0.44092500346924224,0.4177889906647547,0.1212870079864657,0.5164781083702858,12.646218680332217
idle,shahzaib,swipe_right,0.12899994850158691,-0.035597026348114014,-0.220780398696661,-0.11218005418777466,0.007296562194824219,-0.26217788085341454,0.10480958223342896,-0.21820783615112305,-0.035093218088150024,-0.12417241930961609,-0.17163926362991333,-0.11167903617024422,0.06933844089508057,-0.44134873151779175,-0.15846560522913933,-0.09132537245750427,-0.42344456911087036,-0.19465629383921623,-0.07544638532580465,0.18137783715218522,0.20664982201361415,-0.038472540450817154,0.2244593519152932,0.5706057171195981,0.43649971897069584,0.41482173909148273,0.171400160975137,0.41596024382106744,13.112693605155977
idle,shahzaib,swipe_right,0.1274162232875824,-0.03580072522163391,-0.21637943445239216,-0.11373785138130188,0.010067671537399292,-0.26219099818263203,0.10095658898353577,-0.21803376078605652,-0.03510633541736752,-0.12447234988212585,-0.17244091629981995,-0.11169215349946171,0.06598100066184998,-0.437181681394577,-0.15847872255835682,-0.09264880418777466,-0.41503164172172546,-0.19398421107325703,-0.04799167315165537,-0.00617269313696702,0.13336255285664064,-0.04720597556143425,0.08397301038106868,-0.0003974948247725591,0.43105259522788386,0.4101627128289643,0.5621498288246156,7.773576056815883,17.821102448157124
idle,shahzaib,swipe_right,0.12863300740718842,-0.0341162383556366,-0.20773451414424926,-0.11535586416721344,0.009486585855484009,-0.2565024384530261,0.09789131581783295,-0.21115317940711975,-0.03347671416122466,-0.1246783584356308,-0.17126348614692688,-0.11170468863565475,0.06471185386180878,-0.42920562624931335,-0.14934562530834228,-0.094029501080513,-0.40635183453559875,-0.18858711805660278,0.03687224604866582,0.05104505654537123,0.2619672820649265,-0.04903069048216663,-0.01760865702773519,0.17238059786683932,0.42188730293812526,0.40446359618173805,2.78430695185848,0.7223328998174949,6.0738063860247875
idle,shahzaib,swipe_right,0.12950479984283447,-0.03255581855773926,-0.20360539574176073,-0.1173245906829834,0.005515873432159424,-0.256478157825768,0.09768909215927124,-0.20587360858917236,-0.03014253545552492,-0.12476828694343567,-0.16811919212341309,-0.11168040800839663,0.06244325637817383,-0.42126724123954773,-0.14780975598841906,-0.09537318348884583,-0.3970542848110199,-0.18346014339476824,0.026417952595334065,0.04728544842112969,0.12512480007540525,-0.059658379265754055,-0.12032461888861923,0.0007357765835794257,0.4097270152396434,0.39838043896589953,0.49580779069981357,0.5586791454510961,6.070103260524584
idle,shahzaib,swipe_right,0.13018569350242615,-0.03369024395942688,-0.203370472881943,-0.11931595206260681,0.001493304967880249,-0.26224190602079034,0.0960409939289093,-0.20419368147850037,-0.024469368625432253,-0.12580391764640808,-0.16638287901878357,-0.12694463739171624,0.06011083722114563,-0.4155471622943878,-0.14337111124768853,-0.09712430834770203,-0.3920280635356903,-0.18274330208078027,0.020633141199749162,-0.034376527323869734,0.007118874539932112,-0.060344284231016725,-0.12189601406907441,-0.1746590362128105,0.4020840267258858,0.3928423538261031,0.4950431697762663,0.6001927074441658,5.315248271839642
idle,shahzaib,swipe_right,0.13127577304840088,-0.04088607430458069,-0.15686208475381136,-0.11876916885375977,0.0018433630466461182,-0.2645883010700345,0.0957842469215393,-0.20654329657554626,-0.013864768669009209,-0.12576326727867126,-0.16639140248298645,-0.12699780333787203,0.05879443883895874,-0.41028955578804016,-0.12930311728268862,-0.09703251719474792,-0.388237327337265,-0.17995973397046328,0.03303271351438455,-0.21805546500465262,1.409345094791814,0.016569188146879552,0.0106078205686623,-0.07110288028012353,0.3997466965530304,0.37745459677815,1.561831311939025,0.1514869715680282,5.603752666489054
idle,shahzaib,swipe_right,0.1344538778066635,-0.043079376220703125,-0.14176632789894938,-0.11978523433208466,-0.000302731990814209,-0.2645649495534599,0.09634719789028168,-0.21179109811782837,-0.009678542148321867,-0.12581096589565277,-0.16696441173553467,-0.1269744518212974,0.05674402415752411,-0.4127625823020935,-0.12757298676297069,-0.0989900678396225,-0.38840630650520325,-0.17299165157601237,0.09630620479583375,-0.06646369442795011,0.4574471774200425,-0.03078986297954096,-0.06503318295334078,0.0007076217143824338,0.39930250738351436,0.3780290268555957,0.47344122092886687,1.4489828866998375,3.4711442441563434
idle,shahzaib,swipe_right,0.13697466254234314,-0.055571168661117554,-0.12851060926914215,-0.12058272957801819,-0.0006921589374542236,-0.2645690143108368,0.09725365042686462,-0.21254369616508484,0.010893209837377071,-0.12495401501655579,-0.16878542304039001,-0.12697851657867432,0.0563330352306366,-0.41149452328681946,-0.10470093786716461,-0.09825834631919861,-0.3883143365383148,-0.16248027980327606,0.07638741623272129,-0.3785391648610697,0.40168844332751996,-0.02416652260404813,-0.011800816564849752,-0.00012317446596695573,0.4014616300087407,0.3657203943940828,2.0476951553394858,0.201794745508067,1.6257353189308967
idle,shahzaib,swipe_right,0.1438429206609726,-0.06511405110359192,-0.12854959350079298,-0.1214638501405716,-0.0007304847240447998,-0.2646079985424876,0.09815345704555511,-0.21736755967140198,0.01323691476136446,-0.12417639791965485,-0.16711899638175964,-0.12239213567227125,0.055147215723991394,-0.41173747181892395,-0.09446852933615446,-0.09756217896938324,-0.38881462812423706,-0.1503536282107234,0.2081290338978544,-0.2891782558325456,-0.001181340353055389,-0.02670062310767795,-0.0011613874724416581,-0.001181340353055389,0.4052587486820544,0.35941096643989634,22.970501438381678,0.7197232501987461,0.33297340322294605
idle,shahzaib,swipe_right,0.15346790850162506,-0.06948590278625488,-0.12857672153040767,-0.12129490077495575,0.001026451587677002,-0.2857698309235275,0.1000673919916153,-0.2162596583366394,0.0249287118203938,-0.12366978824138641,-0.1651654839515686,-0.11392901418730617,0.05522085726261139,-0.4099081754684448,-0.09150705812498927,-0.09696279466152191,-0.3869929313659668,-0.142300586681813,0.2916662982015788,-0.1324803540200848,-0.0008220615034753314,0.005119677745934494,0.05324049429459803,-0.6412676479102745,0.4144086352610556,0.35624986562840927,0.09615954273571065,2.2015648946142323,19.49035167604327
idle,shahzaib,swipe_right,0.16146017611026764,-0.07522225379943848,-0.12856442155316472,-0.12232546508312225,-0.0008892416954040527,-0.28575753094628453,0.10105963051319122,-0.22046107053756714,0.024941011797636747,-0.12351928651332855,-0.16550147533416748,-0.11391671421006322,0.05463089048862457,-0.4101506769657135,-0.06893857987597585,-0.09649388492107391,-0.3875471353530884,-0.1251920354552567,0.24218992753464047,-0.17382881858133314,0.0003727265831196207,-0.031229221459593205,-0.05805131160852086,0.0003727265831196207,0.41946737132194767,0.3565736752857552,0.5379496628866267,1.3932588177978358,19.764673355999133
idle,shahzaib,swipe_right,0.16981622576713562,-0.07971489429473877,-0.13610246963799,-0.12073701620101929,-0.0036660432815551758,-0.28582783229649067,0.10275211930274963,-0.22092944383621216,0.02487071044743061,-0.12193670868873596,-0.1645013689994812,-0.11398701556026936,0.05514785647392273,-0.4093593657016754,-0.06159907765686512,-0.0948762595653534,-0.389024943113327,-0.12038096971809864,0.2532136259656868,-0.13614062106970068,-0.22842569954015127,0.048134814609178976,-0.0841455026106369,-0.0021303439456404256,0.42017011406138355,0.3568824286263145,0.5720358317434608,1.859928095288718,2.532764614148162
idle,shahzaib,swipe_right,0.17937195301055908,-0.08850324153900146,-0.17815473768860102,-0.12011879682540894,-0.004091441631317139,-0.3095399150624871,0.10522580146789551,-0.22389179468154907,0.020565633662045002,-0.12127220630645752,-0.16548609733581543,-0.11399662587791681,0.05581235885620117,-0.40901052951812744,-0.06160868797451258,-0.09421175718307495,-0.3913045823574066,-0.1203905800357461,0.28956749222494244,-0.2663135528564352,-1.2743111530487705,0.018733920473040247,-0.012890859083695357,-0.718547962605926,0.4317205832422751,0.36273251392628536,1.4531589549201236,1.0873138141310754,21.834922893937534
idle,shahzaib,swipe_right,0.18591317534446716,-0.09454149007797241,-0.17828285368159413,-0.12028920650482178,-0.004917562007904053,-0.3432548907585442,0.10812839865684509,-0.22421610355377197,0.020576366689056158,-0.12108883261680603,-0.16690188646316528,-0.13479095371440053,0.05599573254585266,-0.40869981050491333,-0.06159795494750142,-0.09383025765419006,-0.3911532163619995,-0.1177169349975884,0.198218858603289,-0.18297722845367784,-0.0038823028179734943,-0.005163929679177385,-0.025033950805665808,-1.0216659301836193,0.448046232165217,0.3594292111520615,0.20626881671397992,1.083292041235766,9.221240710723087
idle,shahzaib,swipe_right,0.19237974286079407,-0.10025137662887573,-0.18865012796595693,-0.12016350030899048,-0.004133045673370361,-0.35709473164752126,0.11010578274726868,-0.22405320405960083,0.018265250604599714,-0.12096312642097473,-0.16790509223937988,-0.13483282597735524,0.05612143874168396,-0.40725812315940857,-0.06159795494750142,-0.09358328580856323,-0.39013221859931946,-0.1177169349975884,0.19595659140383817,-0.17302686517888194,-0.3141598267988606,0.0038092786615543657,0.023773222258595808,-0.41938911784777355,0.45497648162447046,0.3591124093169022,0.16022726716862767,1.13251464555291,18.31266095433739
idle,shahzaib,swipe_right,0.2013426423072815,-0.11437273025512695,-0.22316336305812,-0.12009456753730774,-0.005241215229034424,-0.3622620073147118,0.11424142122268677,-0.22587096691131592,0.00024307984858751297,-0.12052920460700989,-0.1695001721382141,-0.1418163445778191,0.056415021419525146,-0.4066183269023895,-0.06159795494750142,-0.09310406446456909,-0.3907491862773895,-0.1177169349975884,0.27160301352991173,-0.4279198068560814,-1.0458556088533872,0.002088871869173838,-0.03358089562618244,-0.15658411112698048,0.457326114925144,0.3640259402210926,0.06220232152544806,0.6347039199270753,8.151398342938174
idle,shahzaib,swipe_right,0.20845891535282135,-0.12944486737251282,-0.22961659403517842,-0.1202433854341507,-0.007354170083999634,-0.3854263094253838,0.11859185993671417,-0.23101243376731873,-0.004946945235133171,-0.11961732804775238,-0.17000558972358704,-0.14219697983935475,0.05655635893344879,-0.40630707144737244,-0.06159795494750142,-0.09285114705562592,-0.391236811876297,-0.11626060726121068,0.21564463774364703,-0.4567314277996035,-0.1955524538502685,-0.004509633237665665,-0.06402893499895022,-0.7019485488082913,0.46964496442988884,0.35771123797387877,0.07043007677174122,0.4721465449312558,16.553139331415004
idle,shahzaib,swipe_right,0.21430537104606628,-0.14489755034446716,-0.23034083703532815,-0.12034457921981812,-0.007886260747909546,-0.3967291400767863,0.12306728959083557,-0.23673728108406067,-0.0054819923825562,-0.11871597170829773,-0.17198970913887024,-0.14349293569102883,0.056538134813308716,-0.40612173080444336,-0.06420116731896996,-0.0924120545387268,-0.391598641872406,-0.11627866933122277,0.17716532403771856,-0.46826312036223516,-0.02194675758029392,-0.0030664783535580484,-0.016123959512420967,-0.34251001973945594,0.4760965069234375,0.34746361412235605,0.19016967770963747,0.3783448620848182,10.9884748685674
idle,shahzaib,swipe_right,0.2202763855457306,-0.15638643503189087,-0.2352689835242927,-0.1204679012298584,-0.009049832820892334,-0.41178809432312846,0.12517502903938293,-0.24139869213104248,-0.00620605330914259,-0.11841684579849243,-0.1718202829360962,-0.15299575356766582,0.056863874197006226,-0.40536925196647644,-0.06498391507193446,-0.09204015135765076,-0.39133650064468384,-0.11627427814528346,0.18093983332317343,-0.3481480208310457,-0.1493377723928758,-0.0037370306072815698,-0.03525975978735967,-0.45633194685888584,0.48402443007621826,0.34306427463640493,0.10598270229620026,0.5197194950922533,3.497612931975061
idle,shahzaib,swipe_right,0.22499582171440125,-0.1644827425479889,-0.2715024105273187,-0.12067621946334839,-0.008503943681716919,-0.4150413325987756,0.12865975499153137,-0.24828502535820007,-0.021557416301220655,-0.11798393726348877,-0.17111113667488098,-0.1574141732417047,0.05730602145195007,-0.4017797112464905,-0.06497549777850509,-0.09105688333511353,-0.38829830288887024,-0.11626586085185409,0.14301321723243865,-0.24534265200296107,-1.097982636455292,-0.006312673742120677,0.0165420951265271,-0.0985829780499103,0.4841361821593642,0.35648714725094155,0.38158964171089177,0.5829097923051729,10.95421604743646
swipe_right,shahzaib,swipe_right,0.22815419733524323,-0.1776406466960907,-0.32502069463953376,-0.12055261433124542,-0.01051744818687439,-0.41833668341860175,0.1337229162454605,-0.25962796807289124,-0.03853959357365966,-0.11722542345523834,-0.17363044619560242,-0.15990362456068397,0.0584384948015213,-0.4004981517791748,-0.06551395496353507,-0.09004847705364227,-0.3878605365753174,-0.11767272045835853,0.09570835214672303,-0.3987243681242821,-1.621766185218576,0.00374561006372611,-0.06101528803507256,-0.09985911575230307,0.4834429928838949,0.38185420672769627,0.06138705228304136,0.24003577348730643,2.370221069577207
swipe_right,shahzaib,swipe_right,0.23548011481761932,-0.18632671236991882,-0.33351005893200636,-0.11971686780452728,-0.01434972882270813,-0.4358303425833583,0.13975457847118378,-0.26665738224983215,-0.04685092996805906,-0.11572347581386566,-0.1750757396221161,-0.18578367214649916,0.059471651911735535,-0.3999890685081482,-0.07484808843582869,-0.08928413689136505,-0.3882072865962982,-0.14031052868813276,0.22199749946595787,-0.2632141113281434,-0.2572534634082786,0.025325652324793876,-0.11612971623739417,-0.5301108837805381,0.4775223398124269,0.37886223937731894,0.21807884378344167,0.8434071218243979,13.160724408356677
swipe_right,shahzaib,swipe_right,0.24073554575443268,-0.19683992862701416,-0.4095139978453517,-0.11762164533138275,-0.01703721284866333,-0.4383056638762355,0.14423413574695587,-0.2750368118286133,-0.0882041109725833,-0.11440543830394745,-0.180012047290802,-0.18893407564610243,0.059854403138160706,-0.39929869771003723,-0.07485550921410322,-0.08794225752353668,-0.38959604501724243,-0.14064075332134962,0.15925548293373198,-0.31858231082105876,-2.3031496640406806,0.06349159009528642,-0.08143890987742722,-0.07500973614779101,0.4777921603198531,0.4309336897316482,0.7796127253928168,0.4998864583436459,13.879222747865931
swipe_right,shahzaib,swipe_right,0.24060086905956268,-0.20879873633384705,-0.41610812535509467,-0.11373607814311981,-0.016564100980758667,-0.43928026547655463,0.14415191113948822,-0.2788313925266266,-0.09407922020182014,-0.11287654936313629,-0.18032899498939514,-0.1889395355246961,0.06012146174907684,-0.3975229561328888,-0.0748609690926969,-0.0867614597082138,-0.38882899284362793,-0.1406462131999433,-0.004081111965757273,-0.3623881123282555,-0.19982204574977955,0.11774446025038764,0.014336723269837733,-0.029533381827851823,0.47800740259177193,0.429696717766234,8.212214591844345,0.01126168482142632,3.609044427232587
swipe_right,shahzaib,swipe_right,0.24044232070446014,-0.22023940086364746,-0.4283807217143476,-0.11136363446712494,-0.016416430473327637,-0.44446655502542853,0.14399336278438568,-0.2832210063934326,-0.09439081093296409,-0.11202742159366608,-0.1795353889465332,-0.1889395355246961,0.060171470046043396,-0.3972865641117096,-0.0748609690926969,-0.08622719347476959,-0.38599658012390137,-0.1406462131999433,-0.004804495609168185,-0.3466868039333701,-0.3718968593713268,0.07189223260591025,0.004474863861546684,-0.15716028935982615,0.47909093895465954,0.43453365014112344,16.06220270092556,0.01385827697039946,4.12035536739885
swipe_right,shahzaib,swipe_right,0.24010322988033295,-0.23435097932815552,-0.44032113533467054,-0.1101839691400528,-0.018140673637390137,-0.44446109514683485,0.14365427196025848,-0.28772151470184326,-0.09657151531428099,-0.11093772947788239,-0.18022912740707397,-0.19265735428780317,0.05983667075634003,-0.3989233076572418,-0.07485550921410322,-0.0855432003736496,-0.3855011761188507,-0.14064075332134962,-0.010275479519005589,-0.42762358983356125,-0.3618307157673482,0.035747434153699964,-0.05224979285037681,0.0001654508664752435,0.4773549060979527,0.4394828864310406,0.6841510377854901,0.02402920637235801,5.184876084440996
swipe_right,shahzaib,swipe_right,0.23849710822105408,-0.25492921471595764,-0.4744938029907644,-0.11020603775978088,-0.01906159520149231,-0.4392756833694875,0.14309951663017273,-0.2986524999141693,-0.11066646268591285,-0.11022570729255676,-0.18010994791984558,-0.188934953417629,0.05928191542625427,-0.4003064036369324,-0.055074942763894796,-0.08510074019432068,-0.3850219249725342,-0.1105803488753736,-0.04867035331147905,-0.6235828905394347,-1.0355353835179557,-0.0006687460523662892,-0.02790671406370115,0.1571336902226403,0.4925422437214675,0.47871159658091467,0.023962767098725222,0.0780494077057964,4.938348265610526
swipe_right,shahzaib,swipe_right,0.23049432039260864,-0.2709261178970337,-0.5101377433165908,-0.10952430963516235,-0.021295130252838135,-0.4382332628592849,0.13945966958999634,-0.3092837929725647,-0.13096124585717916,-0.10981422662734985,-0.17865848541259766,-0.18864606972783804,0.0584755539894104,-0.40040451288223267,-0.05441432353109121,-0.08431699872016907,-0.3833986818790436,-0.10904822405427694,-0.242508722074121,-0.48475464185082323,-1.0801194038129969,0.020658428018744783,-0.0676828803438176,0.031588500309173304,0.49001753070367976,0.5040227634778135,0.3052193212594344,0.5002700353279224,4.042767972780424
swipe_right,shahzaib,swipe_right,0.21453937888145447,-0.28633254766464233,-0.5574938212521374,-0.1097855269908905,-0.01952803134918213,-0.4382088934071362,0.13317576050758362,-0.3157297968864441,-0.1659758542664349,-0.11038783192634583,-0.17603081464767456,-0.18810464488342404,0.05696365237236023,-0.39993005990982056,-0.050324436742812395,-0.08519214391708374,-0.380600243806839,-0.1019843746908009,-0.48348307609556274,-0.46686150810933513,-1.4350326647134801,-0.007915677446307258,0.05354845162593754,0.0007384682469295453,0.4939887691902657,0.5430978631487421,0.14781995344417628,1.0356005626871525,3.888392444932977
swipe_right,shahzaib,swipe_right,0.19717922806739807,-0.3046713173389435,-0.6141081042587757,-0.10950899124145508,-0.018735378980636597,-0.3380052335560322,0.12595000863075256,-0.3232699930667877,-0.192525465041399,-0.11015051603317261,-0.17542961239814758,-0.12431464716792107,0.05503144860267639,-0.39982280135154724,-0.0395774245262146,-0.08559179306030273,-0.3796273171901703,-0.06460388377308846,-0.5260651761835072,-0.5557202931606198,-1.7155843335344285,0.008379871195012555,0.024019768743803096,3.036474540942431,0.45339091466041304,0.5994541667805059,0.3488594093048918,0.9466349097252585,91.99767928902293
swipe_right,shahzaib,swipe_right,0.1720534861087799,-0.3155948519706726,-0.6575098918692674,-0.11030945181846619,-0.021018564701080322,-0.28631558883353136,0.11291661858558655,-0.32582947611808777,-0.23402431476279162,-0.10968360304832458,-0.1760452389717102,-0.08572487402125262,0.053929299116134644,-0.40135878324508667,-0.03877069297595881,-0.08522117137908936,-0.3796563148498535,-0.030508449854096398,-0.7613861199581793,-0.33101620096151174,-1.3152056851665082,-0.02425638112155043,-0.06918744607405712,1.5663528703789218,0.4412343481643543,0.6357255474711152,0.3505842737902679,2.300140650535885,44.64954274900519
swipe_right,shahzaib,swipe_right,0.14173419773578644,-0.332586407661438,-0.6575092668645084,-0.11107586324214935,-0.023449987173080444,-0.28375890804454684,0.09919507801532745,-0.3256847858428955,-0.24202926410362124,-0.10884548723697662,-0.17590054869651794,-0.05499723134562373,0.051822200417518616,-0.40374812483787537,-0.03333292854949832,-0.08480997383594513,-0.3796994984149933,-0.0011565922177396715,-0.9187663143331006,-0.5148956269928708,1.8939538153282807e-05,-0.02322458859645871,-0.07367946884848575,0.07747517542377047,0.455486201895376,0.6346213505434507,0.31520685141427424,1.7843704273203982,45.11772208452703
swipe_right,shahzaib,swipe_right,0.12417222559452057,-0.3483246862888336,-0.6574649503454566,-0.11098228394985199,-0.02360895276069641,-0.23867207672446966,0.09716720879077911,-0.32560378313064575,-0.24198494758456945,-0.10869087278842926,-0.1760292947292328,-0.05246633943170309,0.050584807991981506,-0.4051232933998108,-0.0061707510612905025,-0.08367161452770233,-0.37961849570274353,0.02458998840302229,-0.5321809739777335,-0.47691753416348587,0.0013429248197511683,0.002835736130223022,-0.004817139018665478,1.3662676157598628,0.44361648105687307,0.6578946145245154,0.5885542362388001,1.1158739613908648,39.117997605908386
swipe_right,shahzaib,swipe_right,0.09810684621334076,-0.34970203042030334,-0.6574880448170006,-0.10985805094242096,-0.023242831230163574,-0.11167618306353688,0.09107182919979095,-0.3252376616001129,-0.24200804205611348,-0.10825131833553314,-0.17570853233337402,0.028860637452453375,0.048910483717918396,-0.40646249055862427,0.0005068272585049272,-0.08227147161960602,-0.3792523741722107,0.042484625708311796,-0.7898599812479281,-0.04173770095363099,-0.0006998324710311799,0.034067666891851776,0.011094591834329166,3.8483604139679284,0.388933630566617,0.6622682867203863,3.0703785251407902,18.92392343799611,75.22243278760536
swipe_right,shahzaib,swipe_right,0.07821902632713318,-0.3532388210296631,-0.6485176053829491,-0.10824257135391235,-0.019288480281829834,-0.08401421876624227,0.07833805680274963,-0.3195756673812866,-0.2351943668909371,-0.10732248425483704,-0.1721784472465515,0.05872077075764537,0.047605425119400024,-0.408855140209198,0.0005068272585049272,-0.0807313323020935,-0.37529802322387695,0.06258847145363688,-0.6026612086729342,-0.1071754730108972,0.2718314980015507,0.04895392692450135,0.11982881661616941,0.8382413423422294,0.385994833799207,0.65212198376036,0.40852876443353986,5.623073718908985,91.27633679198641
swipe_right,shahzaib,swipe_right,0.049532756209373474,-0.35406258702278137,-0.5552191310562193,-0.10566522181034088,-0.01441580057144165,0.005196169018745422,0.07119058072566986,-0.31027495861053467,-0.23516863817349076,-0.10629124939441681,-0.16777706146240234,0.09534030919894576,0.04755882918834686,-0.40361636877059937,0.0005325559759512544,-0.07930658757686615,-0.369759202003479,0.06261420017108321,-0.869280912659352,-0.02496260585206833,2.82722649474928,0.07810150132034469,0.14765696092084846,2.703345084393464,0.36091625183878184,0.5579600445484412,0.5289352557307135,34.82192908390791,56.5314864306164
swipe_right,shahzaib,swipe_right,0.020312264561653137,-0.3481327295303345,-0.5552297309041023,-0.10216863453388214,-0.008485943078994751,0.005185569170862436,0.06318254768848419,-0.3041123151779175,-0.24199291318655014,-0.1041027158498764,-0.16588905453681946,0.09532970935106277,0.046899035573005676,-0.3996216356754303,-0.006088641472160816,-0.07748617231845856,-0.36378857493400574,0.06260360032320023,-0.885469443870375,0.1796926512862822,-0.00032120751160566083,0.10595719019572679,0.1796926512862822,-0.00032120751160566083,0.36075755632491485,0.5521900940358566,0.5896546118199756,4.927661258658901,81.93938073137691
swipe_right,shahzaib,swipe_right,0.00012762844562530518,-0.3481327295303345,-0.5551904872991145,-0.09963582456111908,-0.008485943078994751,0.005224812775850296,0.060978129506111145,-0.2985345125198364,-0.24195366958156228,-0.10363639891147614,-0.16613128781318665,0.09536895295605063,0.046170905232429504,-0.4007640779018402,-0.0060493978671729565,-0.07766576111316681,-0.36378857493400574,0.06264284392818809,-0.6116556398796081,0.0,0.0011892001511472194,0.0767518173564535,0.0,0.0011892001511472194,0.3605821323809811,0.5535756301275994,76751.81735645351,611655.6398796082,5.516873196160636
swipe_right,shahzaib,swipe_right,-0.017520353198051453,-0.3481327295303345,-0.5551904872991145,-0.09936387836933136,-0.00995686650276184,0.005224812775850296,0.0560576468706131,-0.29847824573516846,-0.24552242318168283,-0.10234953463077545,-0.17398110032081604,0.09536895295605063,0.044745877385139465,-0.4040594696998596,-0.052312972489744425,-0.07667534053325653,-0.36378857493400574,0.04645183077082038,-0.5347873225356966,0.0,0.0,0.008240793690537537,-0.04457343708385432,0.0,0.35694721550009234,0.5097947416734276,0.18487712307022053,534787.3225356967,2.4770694670055953
swipe_right,shahzaib,swipe_right,-0.04823620617389679,-0.34685757756233215,-0.6285592531785369,-0.10000486671924591,-0.012210816144943237,-0.030953199602663517,0.045271798968315125,-0.29823145270347595,-0.31784757133573294,-0.10090716183185577,-0.17398110032081604,0.08273974899202585,0.0425829142332077,-0.4044834077358246,-0.08443232532590628,-0.07870952785015106,-0.36378857493400574,0.0390377277508378,-0.9307834235104295,0.038640968727341546,-2.2232959357399893,-0.019423889391349286,-0.06830150430852458,-1.096303405409468,0.35910881616091367,0.5546557153307322,0.2843803399010227,24.087370653344678,33.23966885319013
swipe_right,shahzaib,swipe_right,-0.06619727611541748,-0.3457600772380829,-0.6285576717928052,-0.099893718957901,-0.013339042663574219,-0.044189722277224064,0.036446958780288696,-0.29846787452697754,-0.31784598995000124,-0.09863311052322388,-0.174707293510437,0.07441453915089369,0.04164972901344299,-0.405775249004364,-0.09422134328633547,-0.07577487826347351,-0.3646078407764435,0.03387455176562071,-0.5442748467127276,0.03325758558330988,4.7920779748394625e-05,0.00336811398014865,-0.03418868238275572,-0.4011067477139408,0.36064597306214197,0.5484050595309772,0.09851258465762842,16.36494268072123,21.103217257374688
swipe_right,shahzaib,swipe_right,-0.08006127178668976,-0.343004047870636,-0.6285047270357609,-0.09881041944026947,-0.016625821590423584,-0.09006040170788765,0.029519841074943542,-0.29885929822921753,-0.3177930451929569,-0.09590752422809601,-0.17514657974243164,0.049990713596343994,0.04094819724559784,-0.4064487814903259,-0.10718716308474541,-0.07413069903850555,-0.36889851093292236,0.03374380245804787,-0.4201210809476741,0.08351604143779065,0.0016043865771005767,0.03282725811004868,-0.09959936141968469,-1.3900205888080843,0.3742093227391142,0.5389253457607748,0.32958974889383086,5.030363548744836,30.045832501368974
swipe_right,shahzaib,swipe_right,-0.09819243848323822,-0.3341398239135742,-0.6285047270357609,-0.09885288774967194,-0.017850786447525024,-0.09006040170788765,0.021549031138420105,-0.298617959022522,-0.3177930451929569,-0.0957707017660141,-0.17573633790016174,0.049990713596343994,0.04084037244319916,-0.40669170022010803,-0.10718716308474541,-0.07318352162837982,-0.3694160282611847,0.03252643346786499,-0.549429293834781,0.2686128471836797,0.0,-0.0012869184667413398,-0.03712014718489073,0.0,0.37320847761937703,0.5443949850554524,0.0346680683205057,2.0454243129881466,42.17703589406354
swipe_right,shahzaib,swipe_right,-0.1020062118768692,-0.30933868885040283,-0.528440747410059,-0.09912048280239105,-0.02190360426902771,-0.10676361992955208,0.02128143608570099,-0.29368993639945984,-0.3056059516966343,-0.09549067914485931,-0.17586252093315125,0.045306142419576645,0.04057277739048004,-0.40681788325309753,-0.11073848977684975,-0.07311253249645233,-0.3723691403865814,0.03218397870659828,-0.11556889071608596,0.7515495473688014,3.0322418068393366,-0.008108940991488062,-0.12281266125765249,-0.5061581279292059,0.37790070210576915,0.4520023645444536,0.06602637612501594,0.1537739425787071,15.55775983612861
swipe_right,shahzaib,swipe_right,-0.10209248960018158,-0.2809901237487793,-0.49792004004120827,-0.09920676052570343,-0.028232693672180176,-0.12531155720353127,0.02119515836238861,-0.2788141965866089,-0.27696866169571877,-0.09557695686817169,-0.17570161819458008,0.03377702087163925,0.04078076779842377,-0.40700381994247437,-0.11073848977684975,-0.07319881021976471,-0.37255507707595825,0.03162499517202377,-0.002614476464011635,0.8590474273219852,0.9248699202682678,-0.002614476464011635,-0.19179058797433052,-0.5620587052721358,0.37929328845037563,0.4315110336633317,0.013631862020776207,0.0030434564348858144,2.6956104954033058
swipe_right,shahzaib,swipe_right,-0.10210846364498138,-0.25516870617866516,-0.4842889057472348,-0.09922273457050323,-0.036631494760513306,-0.14685617852956057,0.021179184317588806,-0.2570169270038605,-0.25768471229821444,-0.0955929309129715,-0.17589738965034485,0.015041962265968323,0.04082970321178436,-0.40567243099212646,-0.11147198546677828,-0.07321478426456451,-0.372750848531723,0.030768766067922115,-0.00048406196363042674,0.7824671990943382,0.41306467557493726,-0.00048406196363042674,-0.2545091238888731,-0.652867312909954,0.38105544793632146,0.42670264444282857,0.001901935986804922,0.000618634679582762,3.344932523271466
swipe_right,shahzaib,swipe_right,-0.10208465158939362,-0.2353348433971405,-0.4828272433951497,-0.10009448230266571,-0.042405158281326294,-0.14686731714755297,0.02358575165271759,-0.24797311425209045,-0.2546794982627034,-0.09556911885738373,-0.18167105317115784,0.015030823647975922,0.041044607758522034,-0.4058714210987091,-0.11148312408477068,-0.07319097220897675,-0.378524512052536,0.022036277689039707,0.0007215774420535652,0.6010261448946639,0.044292798548032065,-0.02641659794431644,-0.17495950063069,-0.000337533878557597,0.3771318644501691,0.4329724750628463,0.15098606742145249,0.0012005737980104526,19.93551936900729
swipe_right,shahzaib,swipe_right,-0.09552152454853058,-0.21326813101768494,-0.4678534958511591,-0.10013468563556671,-0.05294916033744812,-0.14689900912344456,0.024639442563056946,-0.24556639790534973,-0.23672300018370152,-0.09828133881092072,-0.18331041932106018,0.010518515482544899,0.041520968079566956,-0.41264083981513977,-0.11151481606066227,-0.07348491251468658,-0.3882320821285248,0.007973394356667995,0.1988826376019241,0.6686882539229426,0.45374992557550475,-0.0012182828151819328,-0.3195152138218958,-0.0009603629058058281,0.3702840928420534,0.4307056727207004,0.0038128982583056836,0.2974216146515832,4.446570599774007
swipe_right,shahzaib,swipe_right,-0.08633063733577728,-0.17921298742294312,-0.42267600633203983,-0.10187248885631561,-0.059848248958587646,-0.14910616911947727,0.025654271245002747,-0.2347908616065979,-0.1992479655891657,-0.0993552953004837,-0.18930327892303467,0.0054614911787211895,0.04156346619129181,-0.41486334800720215,-0.11174958385527134,-0.07376427948474884,-0.3901859521865845,-0.022423481568694115,0.27851173371978627,1.0319740483254707,1.369014833912653,-0.05266070365905562,-0.2090632915496747,-0.06688363624341306,0.35491065485994255,0.41056453129159354,0.2518876048545247,0.26988223617587653,4.198017346920055
swipe_right,shahzaib,swipe_right,-0.06344728171825409,-0.14532184600830078,-0.3551377151161432,-0.10314716398715973,-0.059880197048187256,-0.16637658514082432,0.042814746499061584,-0.2149321436882019,-0.17901944555342197,-0.10316149890422821,-0.190900981426239,0.0017665154300630093,0.04293651878833771,-0.41128095984458923,-0.11741233803331852,-0.07488985359668732,-0.391834557056427,-0.024508975446224213,0.6934350187127978,1.027004285292153,2.0466148853301225,-0.03862651911648691,-0.0009681239272608535,-0.5233459400407997,0.3621030121380419,0.37224335877484954,39.85715142299859,0.6752010224714041,15.207725789942694
swipe_right,shahzaib,swipe_right,-0.0477612167596817,-0.10799840092658997,-0.35321452375501394,-0.10408242046833038,-0.05605706572532654,-0.17761485930532217,0.0520050972700119,-0.2030526101589203,-0.1589728808030486,-0.10267336666584015,-0.1925690472126007,-0.0033288539852946997,0.04681609570980072,-0.40469515323638916,-0.11999643500894308,-0.07386799156665802,-0.3935026228427887,-0.02845571655780077,0.475335301774954,1.1310134873246491,0.05827852609483085,-0.028341105490021803,0.11585246432912075,-0.34055376256056474,0.37017680315944174,0.38905591858176714,0.2446288995684182,0.42027339799981944,6.581119146566958
swipe_right,shahzaib,swipe_right,-0.02568414807319641,-0.05702456831932068,-0.3437553709372878,-0.1024513840675354,-0.052286356687545776,-0.19012344535440207,0.06569620966911316,-0.1921200454235077,-0.15521988924592733,-0.1017959713935852,-0.19288262724876404,-0.03303962852805853,0.05211547017097473,-0.39908432960510254,-0.1658693617209792,-0.07195910811424255,-0.39421507716178894,-0.09711825009435415,0.6690020814086198,1.544661594159617,0.2866409944765387,0.049425345478633975,0.11426391023577633,-0.37904806209331576,0.3556613489308678,0.393320598449572,0.4325505124595889,0.4331056399877376,2.62990422491335
idle,shahzaib,swipe_right,0.0050947219133377075,-0.01769918203353882,-0.2901369072496891,-0.1025557667016983,-0.044647395610809326,-0.22332796826958656,0.07255454361438751,-0.18002384901046753,-0.13924144580960274,-0.10300196707248688,-0.19488412141799927,-0.04974956810474396,0.0561642199754715,-0.39309829473495483,-0.16585368290543556,-0.0722828358411789,-0.39690881967544556,-0.10954118892550468,0.932693029894938,1.1916783722963749,1.6248019299271719,-0.003163110126148451,0.23148366899200487,-1.0061976640964618,0.3714188907156313,0.3987215912171459,0.013664447584896863,0.782671120754261,19.39920953011806
idle,shahzaib,swipe_right,0.029903024435043335,0.0016018152236938477,-0.2813018159940839,-0.10356593132019043,-0.043591320514678955,-0.22590247262269258,0.08093222975730896,-0.17854905128479004,-0.10897618997842073,-0.10419163107872009,-0.1971305012702942,-0.05769264418631792,0.05962631106376648,-0.3900841176509857,-0.165899564512074,-0.07224699854850769,-0.3991214632987976,-0.11871535796672106,0.7517667430820412,0.5848787047646671,0.26773003804866174,-0.030611049045218088,0.032002275640316505,-0.07801528342746065,0.37265484771612106,0.40941302303058,0.956497371995742,1.2853356629711112,28.780999934592607
idle,shahzaib,swipe_right,0.05142083764076233,0.006324499845504761,-0.27307308465242386,-0.10379326343536377,-0.04372343420982361,-0.25457916408777237,0.09131845831871033,-0.1789267361164093,-0.10629648715257645,-0.10447296500205994,-0.19750818610191345,-0.07076612114906311,0.061745017766952515,-0.3889269232749939,-0.16590780764818192,-0.07229328155517578,-0.39949914813041687,-0.13332339376211166,0.6520549456278236,0.14311165520638588,0.2493554952018094,-0.006888851974949432,-0.0040034453074135855,-0.8689906504569302,0.37718903657374425,0.40965189218341636,1.720301176843602,4.556235398522101,24.004537102172776
idle,shahzaib,swipe_right,0.07793563604354858,0.006324499845504761,-0.24602434475673363,-0.10516837239265442,-0.04252007603645325,-0.25618522305740044,0.09846246242523193,-0.1789267361164093,-0.0773973359609954,-0.10578981041908264,-0.19747444987297058,-0.0948127030278556,0.06319314241409302,-0.3885956108570099,-0.16239950497401878,-0.07304632663726807,-0.39952313899993896,-0.1561240150476806,0.8034787394784274,0.0,0.8196587847179431,-0.041669968402749856,0.0364653991930438,-0.0486684536250963,0.3721495104621073,0.4039459726057257,1.1426949006442806,803478.7394784275,24.91078590506447
idle,shahzaib,swipe_right,0.09540551900863647,0.006533890962600708,-0.2459584353491664,-0.10658594965934753,-0.04105451703071594,-0.2687901286408305,0.10141235589981079,-0.17871734499931335,-0.07733142655342817,-0.10784128308296204,-0.19726505875587463,-0.1187328277155757,0.06321215629577637,-0.3878079652786255,-0.16233359556645155,-0.07404786348342896,-0.3993767201900482,-0.17225949745625257,0.5293903928814312,0.006345185366543616,0.001997254774764556,-0.04295688686948671,0.044410878961734825,-0.38196683586150315,0.3725207257131371,0.40439464142743337,0.9672386729347404,83.41867788361785,10.102895711292518
idle,shahzaib,swipe_right,0.10714419186115265,0.007164031267166138,-0.24126546131446958,-0.1071283370256424,-0.040393978357315063,-0.2703561638481915,0.10163749754428864,-0.179500550031662,-0.07493203924968839,-0.10853280127048492,-0.1966349184513092,-0.12618777202442288,0.06386663019657135,-0.3861987590789795,-0.16231897519901395,-0.07459025084972382,-0.3987465798854828,-0.1843714122660458,0.3557173591671433,0.019095160744406238,0.14221133438474665,-0.01643598079681334,0.02001632343638951,-0.04745561234427041,0.369957688903259,0.40353411236538006,0.8210878366952075,18.62768982353388,10.195346867901296
idle,shahzaib,swipe_right,0.11249881982803345,0.0001201629638671875,-0.24029230256564915,-0.10721972584724426,-0.03643065690994263,-0.27424434502609074,0.10155153274536133,-0.17747294902801514,-0.0738691904116422,-0.1090008020401001,-0.19390267133712769,-0.12629444082267582,0.06487119197845459,-0.38276147842407227,-0.1622025438118726,-0.07468163967132568,-0.3964120149612427,-0.18512358446605504,0.1622614535418537,-0.21345055464543763,0.029489659055166425,-0.0027693582303598197,0.12010064992038524,-0.11782367205756099,0.3722738443125558,0.3936556269999499,0.023058452837205923,0.7601793006913661,3.730512611096046
idle,shahzaib,swipe_right,0.1197458952665329,-0.012829840183258057,-0.24027971387840807,-0.1072523444890976,-0.03155696392059326,-0.2806982940528542,0.10320435464382172,-0.1790531873703003,-0.07385660172440112,-0.10903342068195343,-0.19252800941467285,-0.12707894505001605,0.06587515771389008,-0.3814142942428589,-0.16153005720116198,-0.07471425831317902,-0.3964211940765381,-0.1872325635049492,0.21960834662118714,-0.3924243377916592,0.0003814753709417256,-0.0009884436925251905,0.14768766634391456,-0.19557421293221802,0.37804824597680037,0.38073358738843077,0.006692752511038697,0.5596181629275387,2.5005714201034066
idle,shahzaib,swipe_right,0.11973708868026733,-0.018506795167922974,-0.2333042926620692,-0.10720574855804443,-0.02980634570121765,-0.287063256604597,0.10319554805755615,-0.1789328157901764,-0.06080814520828426,-0.109042227268219,-0.19154980778694153,-0.13268159399740398,0.06671637296676636,-0.38046059012413025,-0.16155147622339427,-0.07419320940971375,-0.39546748995780945,-0.18847321043722332,-0.0002668662504716252,-0.17202893892923338,0.21137640049510936,0.0014119979107018138,0.05304903695077406,-0.19287765308310761,0.3801550964584652,0.37278708755113044,0.026616341700421965,0.0015512779469241333,2.8699231500769997
idle,shahzaib,swipe_right,0.11973708868026733,-0.022213846445083618,-0.2333042926620692,-0.10672560334205627,-0.02684226632118225,-0.287063256604597,0.10319554805755615,-0.17973318696022034,-0.05907251010648906,-0.109042227268219,-0.19015029072761536,-0.13268159399740398,0.06733602285385132,-0.38046059012413025,-0.16155147622339427,-0.0741097629070282,-0.39546748995780945,-0.18847321043722332,0.0,-0.11233488718669403,0.0,0.014549855029945232,0.08982058727380628,0.0,0.3829730352801898,0.36910034912374046,0.1619861713820799,0.0,5.963351439185362
idle,shahzaib,swipe_right,0.11972063779830933,-0.022213846445083618,-0.23280969657935202,-0.106546550989151,-0.016499966382980347,-0.2898761669639498,0.10317909717559814,-0.18051162362098694,-0.054816302144899964,-0.10902529954910278,-0.18736425042152405,-0.13617304363287985,0.06770235300064087,-0.3808281421661377,-0.16154171922244132,-0.07402804493904114,-0.39546748995780945,-0.19429573812521994,-0.0004985115744850664,0.0,0.014987760082338228,0.005425828875917171,0.31340302843034884,-0.08523970785917334,0.3921854861378289,0.3693091383182172,0.017312569028202558,498.51157448506643,7.2561783713679775
idle,shahzaib,swipe_right,0.11438842117786407,-0.02213871479034424,-0.2309414348565042,-0.10635136067867279,-0.010913491249084473,-0.2918259552679956,0.10276426374912262,-0.18137836456298828,-0.054809031542390585,-0.10908855497837067,-0.18161004781723022,-0.14090541517361999,0.06822814047336578,-0.3810308575630188,-0.16153444861993194,-0.07390652596950531,-0.3951934278011322,-0.197596391197294,-0.16158232183166815,0.0022767168102841525,0.05661399160144692,0.0059148578932788805,0.16928712526956552,-0.059084494061991594,0.39699237735843934,0.36844493672341816,0.034939591207950184,70.94047912458012,4.438512468286194
idle,shahzaib,swipe_right,0.1101885735988617,-0.02243700623512268,-0.2309516929090023,-0.10653573274612427,-0.010964244604110718,-0.3009107820689678,0.10150220990180969,-0.18232306838035583,-0.05481928959488869,-0.10997569561004639,-0.18164023756980896,-0.1443680040538311,0.06788972020149231,-0.3816632330417633,-0.16112810000777245,-0.07392680644989014,-0.39437925815582275,-0.19842971488833427,-0.12726810845462647,-0.00903913469025646,-0.000310850075700088,-0.005587032347014846,-0.0015379804553408685,-0.27529778184766235,0.39821198352326653,0.368385679892833,3.6303465243016197,14.078120826208176,8.357359087008634
idle,shahzaib,swipe_right,0.10540854930877686,-0.021122753620147705,-0.2328055070247501,-0.10622254014015198,-0.01093435287475586,-0.31899704202078283,0.09925520420074463,-0.1830567717552185,-0.05481211259029806,-0.1104675829410553,-0.18143951892852783,-0.15475043817423284,0.06671708822250366,-0.3827245235443115,-0.16112092300318182,-0.07502973079681396,-0.39385488629341125,-0.2100232110824436,-0.1448492209116563,0.039825836817421995,-0.05617618532568906,0.009490685029462974,0.0009058099804502202,-0.5480684833883128,0.39934499132671636,0.3706636598853788,10.466012984055341,3.636975278144433,8.278728275881987
idle,shahzaib,swipe_right,0.10204650461673737,-0.015033245086669922,-0.2309320461936295,-0.10291130840778351,-0.007232487201690674,-0.31898457231000066,0.09684814512729645,-0.18288052082061768,-0.05252648191526532,-0.10960151255130768,-0.18011826276779175,-0.15473796846345067,0.06609894335269928,-0.3846961557865143,-0.1607866627164185,-0.07584454119205475,-0.393037348985672,-0.21001074137166142,-0.10188014218301097,0.18453056162053189,0.05677154033698604,0.10034035552631344,0.11217774766863774,0.00037787002370211583,0.40181251485368785,0.3779725777501297,0.8944684943596138,0.5521014469736937,17.180201658689157
