ground_truth,person_id,video_label,left_wrist_x,left_wrist_y,left_wrist_z,right_wrist_x,right_wrist_y,right_wrist_z,left_elbow_x,left_elbow_y,left_elbow_z,right_elbow_x,right_elbow_y,right_elbow_z,left_shoulder_x,left_shoulder_y,left_shoulder_z,right_shoulder_x,right_shoulder_y,right_shoulder_z,left_wrist_x_vel,left_wrist_y_vel,left_wrist_z_vel,right_wrist_x_vel,right_wrist_y_vel,right_wrist_z_vel,right_arm_len,left_arm_len,right_horiz_ratio,left_horiz_ratio,right_wrist_acc
swipe_right,shahzaib,swipe_right,0.2476876601576805,0.009998977184295654,-0.0024652653373777866,-0.17330235987901688,0.018684446811676025,-0.22039767634123564,0.180284284055233,-0.16538110375404358,0.06675311271101236,-0.1626877412199974,-0.15633580088615417,-0.09319256525486708,0.11944087594747543,-0.37197287380695343,-0.0801965044811368,-0.12638001888990402,-0.37362414598464966,-0.1352202771231532,0.0,0.0,0.0,0.0,0.0,0.0,0.4041817999406807,0.4103557945841196,0.0,0.0,0.0
swipe_right,shahzaib,swipe_right,0.2531959265470505,0.00928729772567749,0.0133217703551054,-0.17333142459392548,0.019207358360290527,-0.22486669290810823,0.1812821477651596,-0.16781526803970337,0.08888050448149443,-0.16264377534389496,-0.15697365999221802,-0.09584797639399767,0.11957632005214691,-0.37234771251678467,-0.054745868779718876,-0.12629882991313934,-0.37410882115364075,-0.11619652528315783,0.16691716331424133,-0.021566044200550426,0.47839502098433895,-0.0008807489366242379,0.015845804503469757,-0.13542474445068475,0.4107540472855708,0.4100398563310715,0.055578961451275076,7.739454779342518,4.1318630914634165
swipe_right,shahzaib,swipe_right,0.25928202271461487,0.006556034088134766,0.007954879547469318,-0.17321667075157166,0.01943168044090271,-0.23660269053652883,0.18342769145965576,-0.17045634984970093,0.09884175239130855,-0.1623147577047348,-0.15740516781806946,-0.10314363660290837,0.11996293067932129,-0.3726104348897934,-0.04327094042673707,-0.12596209347248077,-0.37440864741802216,-0.11887622298672795,0.18442715659286035,-0.08276556477402196,-0.16263305477685097,0.003477389162236994,0.006797638806429776,-0.3556362917703209,0.41376650430358103,0.40718681859161227,0.511483145559707,2.2282809138738924,6.680013378400449
swipe_right,shahzaib,swipe_right,0.26536811888217926,0.003824770450592041,0.0025879887398332357,-0.17310191690921783,0.019656002521514893,-0.24833868816494942,0.18557323515415192,-0.1730974316596985,0.10880300030112267,-0.16198574006557465,-0.1578366756439209,-0.11043929681181908,0.12034954130649567,-0.3728731572628021,-0.031796012073755264,-0.1256253570318222,-0.37470847368240356,-0.12155592069029808,0.18442715659286035,-0.08276556477402196,-0.16263305477685097,0.003477389162236994,0.006797638806429776,-0.3556362917703209,0.41695471451695376,0.40510983214134527,0.511483145559707,2.2282809138738924,0.0
swipe_right,shahzaib,swipe_right,0.28157712519168854,-0.007143855094909668,0.002593409037217498,-0.17295636236667633,0.01964503526687622,-0.24833326786756516,0.19031716883182526,-0.1811162233352661,0.11391613632440567,-0.1614455133676529,-0.15863806009292603,-0.11043387651443481,0.12117965519428253,-0.3735910654067993,-0.020031873136758804,-0.1251458078622818,-0.37522992491722107,-0.12155050039291382,0.491182009379069,-0.33238259228793055,0.00016425143588672984,0.004410743713378906,-0.00033234104965672344,0.00016425143588672984,0.4174756920240286,0.400652979173233,13.231924834703424,1.4777564861071053,10.78403635644359
swipe_right,shahzaib,swipe_right,0.29930727183818817,-0.013676196336746216,0.002564310794696212,-0.17328135669231415,0.019581526517868042,-0.2553592659533024,0.1973002403974533,-0.18756678700447083,0.11388703808188438,-0.16115622222423553,-0.1590953767299652,-0.11085442826151848,0.12182377278804779,-0.3742889165878296,-0.019204342737793922,-0.12480537593364716,-0.37541136145591736,-0.1215795986354351,0.5372771711060494,-0.1979497346011075,-0.0008817649248874549,-0.009848312898115677,-0.0019245075457023852,-0.21290903290112811,0.41984080512506794,0.4025118640718369,5.114658169009261,2.714196399365337,6.47138791242633
swipe_right,shahzaib,swipe_right,0.31699973344802856,-0.02124914526939392,-0.013572822324931622,-0.1737414300441742,0.01953980326652527,-0.30114845745265484,0.20445537567138672,-0.19377824664115906,0.11385195143520832,-0.16072189807891846,-0.15913709998130798,-0.1178464274853468,0.12235128879547119,-0.3751986026763916,-0.018102938309311867,-0.12460163235664368,-0.3754549026489258,-0.12161468528211117,0.5361352002981937,-0.22948330098932437,-0.48900403392811614,-0.013941616723031708,-0.0012643409497810133,-1.3875512575561348,0.4366553707075979,0.40396628244842375,11.018071236408275,2.3362609031941353,35.5954406715397
swipe_right,shahzaib,swipe_right,0.32707369327545166,-0.030912011861801147,-0.013572822324931622,-0.17485886812210083,0.01953980326652527,-0.31923974864184856,0.20899361371994019,-0.19965752959251404,0.11769569106400013,-0.1607462465763092,-0.15913709998130798,-0.1178464274853468,0.12235516309738159,-0.3762461543083191,-0.015285293571650982,-0.12495055794715881,-0.37548190355300903,-0.12161468528211117,0.305271509921912,-0.29281413916385535,0.0,-0.03386175993717078,0.0,-0.5482209451270825,0.44450945316278323,0.4014576927838252,33861.75993717078,1.0425400503321867,25.441442948614068
swipe_right,shahzaib,swipe_right,0.3311300575733185,-0.046551287174224854,-0.018198847770690918,-0.17551454901695251,0.01977771520614624,-0.31923974864184856,0.20991560816764832,-0.20809561014175415,0.11689776368439198,-0.16067129373550415,-0.15888911485671997,-0.1178464274853468,0.12196323275566101,-0.37820854783058167,-0.01318671740591526,-0.12541437149047852,-0.3752858638763428,-0.12161468528211117,0.12292013023838852,-0.47391743370980927,-0.14018258926543323,-0.01986911802580862,0.007209452715787021,0.0,0.4445682455749516,0.3921382671981564,2.7555992402954,0.2593698018373669,16.61960227866378
swipe_right,shahzaib,swipe_right,0.3314564675092697,-0.06363332271575928,-0.022338872775435448,-0.1753057986497879,0.020238935947418213,-0.31923974864184856,0.21024201810359955,-0.2150038480758667,0.11385195143520832,-0.1604384034872055,-0.1581817865371704,-0.1178464274853468,0.12071745097637177,-0.3802177906036377,-0.01318671740591526,-0.12560002505779266,-0.37482619285583496,-0.12031706236302853,0.0098912101803404,-0.5176374406525587,-0.12545530317407677,0.006325768701957939,0.013976386099150698,0.0,0.4451037576128644,0.38042137209285704,0.45257165088559076,0.019108337796302544,0.8198431383121219
swipe_right,shahzaib,swipe_right,0.33158667385578156,-0.0863402783870697,-0.0268764179199934,-0.17517559230327606,0.020850688219070435,-0.31923488713800907,0.2103722244501114,-0.22611883282661438,0.10853145085275173,-0.16030819714069366,-0.15685239434242249,-0.11760454066097736,0.11949874460697174,-0.3831080198287964,0.001933179795742035,-0.1256311982870102,-0.3740035593509674,-0.10218279249966145,0.003945646863995173,-0.688089565797285,-0.13750136801690754,0.003945646863995173,0.018537947625824884,0.00014731829816644828,0.4532947557488769,0.36589940559396134,0.21283014244556464,0.005734197008533875,0.15597828427813526
swipe_right,shahzaib,swipe_right,0.33158667385578156,-0.11022162437438965,-0.043389166705310345,-0.17517559230327606,0.021826565265655518,-0.31777658965438604,0.2103722244501114,-0.23334228992462158,0.10704416874796152,-0.16030819714069366,-0.15475064516067505,-0.09022202994674444,0.117952361702919,-0.38525792956352234,0.00584401935338974,-0.1257169395685196,-0.3727192282676697,-0.07254625763744116,0.0,-0.723677151130908,-0.5003863268277866,0.0,0.02957203171469951,0.04419083283706148,0.4671728344695564,0.35172218455850496,0.0,0.0,1.3810837740684003
swipe_right,shahzaib,swipe_right,0.3281256705522537,-0.13334038853645325,-0.15149944927543402,-0.17517559230327606,0.023136824369430542,-0.26675264444202185,0.20681221783161163,-0.24439272284507751,0.07593362126499414,-0.16030819714069366,-0.15194550156593323,-0.043762209825217724,0.11554791033267975,-0.3858887553215027,0.006837242748588324,-0.1257210522890091,-0.3713966906070709,-0.038222658447921276,-0.10487888798569178,-0.7005686109716236,-3.2760691687916235,0.0,0.03970482132651586,1.5461801579504288,0.4586157438054213,0.3661154049570663,0.0,0.14970516326027147,45.51586375365563
swipe_right,shahzaib,swipe_right,0.30036085844039917,-0.15578943490982056,-0.2591596217826009,-0.17486467957496643,0.024105370044708252,-0.20834628958255053,0.19999045133590698,-0.24900245666503906,0.02179639507085085,-0.1604403555393219,-0.15045732259750366,-0.004197974922135472,0.11409348249435425,-0.38653096556663513,0.011837192811071873,-0.12591704726219177,-0.369872123003006,-0.013869429007172585,-0.841357942783472,-0.6802741325262827,-3.26242946991415,0.009421597827564594,0.029349868947809415,1.769889541196102,0.44208074492839344,0.4017168938837305,0.3209989402466317,1.2367906785876313,6.792333474444001
swipe_right,shahzaib,swipe_right,0.2587384432554245,-0.17846256494522095,-0.3347939276136458,-0.1753074675798416,0.024813055992126465,-0.14491366082802415,0.1943178027868271,-0.24818813800811768,-0.007264253683388233,-0.1608283668756485,-0.14964300394058228,0.03290848946198821,0.11302100121974945,-0.3865450322628021,0.015517713036388159,-0.1267002671957016,-0.36879974603652954,0.010560294147580862,-1.2612853086355948,-0.687064546527284,-2.2919486615468134,-0.01341781832955099,0.021445028709642797,1.9222008713492824,0.4259880849575377,0.4327240826361656,0.6256551509472672,1.8357568866764709,4.673240816277685
swipe_right,shahzaib,swipe_right,0.22617772221565247,-0.19440531730651855,-0.4146884030196816,-0.17509183287620544,0.02496933937072754,-0.08457264513708651,0.18864014744758606,-0.2480318546295166,-0.03898538486100733,-0.16099071502685547,-0.1494867205619812,0.08606701879762113,0.11234477162361145,-0.3868134617805481,0.02396883233450353,-0.12712466716766357,-0.3684785068035126,0.04458890273235738,-0.986688516356729,-0.4831137079181097,-2.4210447092738137,0.006534384958671806,0.004735859957608313,1.8285156269981118,0.4168749957640658,0.4923403343511539,1.379476070044317,2.0423483288444566,2.946447604383696
swipe_right,shahzaib,swipe_right,0.19075213372707367,-0.20085418224334717,-0.5675602231640369,-0.17439518868923187,0.02506387233734131,-0.07647630316205323,0.18400029838085175,-0.24838155508041382,-0.10290270042605698,-0.16091863811016083,-0.1492508053779602,0.10314414161257446,0.11131076514720917,-0.3868768811225891,0.02528992178849876,-0.12794165313243866,-0.36777061223983765,0.054311833111569285,-1.0735026814720838,-0.1954201496008669,-4.632479398313793,0.021110429908290033,0.0028646353519324076,0.24534369621312957,0.416632211703166,0.626407750519102,7.366753726727464,5.493277895788828,47.97697378709906
swipe_right,shahzaib,swipe_right,0.1465979665517807,-0.2154158651828766,-0.7555748731829226,-0.17376767098903656,0.02489379048347473,0.03039689129218459,0.1506512612104416,-0.2497108280658722,-0.18790935585275292,-0.16071932017803192,-0.1496204435825348,0.1920411973260343,0.10979549586772919,-0.38681885600090027,0.025303190108388662,-0.1293533593416214,-0.36765679717063904,0.10260095587000251,-1.3380050659179676,-0.441263119379679,-5.697413636935926,0.019015687884706423,-0.005153995571714454,3.238581650128416,0.40159933003960735,0.8003149110440234,3.688788403436429,3.032209071970118,90.70452810563495
swipe_right,shahzaib,swipe_right,0.10957588255405426,-0.246692955493927,-0.7555345874279737,-0.17250214517116547,0.025433599948883057,0.05856180004775524,0.12328369915485382,-0.24945491552352905,-0.26927497796714306,-0.16053347289562225,-0.14997214078903198,0.198679031804204,0.1086399108171463,-0.3866925835609436,0.025343475863337517,-0.13002119958400726,-0.3674008846282959,0.10264124162495136,-1.1218813332644404,-0.9477906154863786,0.0012207804529955923,0.038349267208215056,0.016357862588131107,0.853482083502143,0.3975758546249437,0.7933292643231966,2.3442502192077037,1.183679318252593,72.28105847446474
swipe_right,shahzaib,swipe_right,0.07950340211391449,-0.25398045778274536,-0.7554762363433838,-0.17125771939754486,0.026052772998809814,0.06687380373477936,0.10998789966106415,-0.27393782138824463,-0.2692166268825531,-0.15983648598194122,-0.1538524627685547,0.19873738288879395,0.10840766131877899,-0.38767534494400024,0.025401826947927475,-0.1290401965379715,-0.36677688360214233,0.10269959270954132,-0.9112872860648408,-0.22083340269146523,0.001768214684544186,0.037709871927897105,0.01876281969475022,0.25187889960679116,0.3967126737290917,0.7927675124415933,2.0097119105470647,4.126563954521295,18.23055547450821
swipe_right,shahzaib,swipe_right,0.035595282912254333,-0.253970742225647,-0.7552836108952761,-0.17098335921764374,0.026575982570648193,0.07289702259004116,0.10498718917369843,-0.29122835397720337,-0.2690240014344454,-0.15867559611797333,-0.15558886528015137,0.19893000833690166,0.10733018815517426,-0.3886924386024475,-0.019595138728618622,-0.12751032412052155,-0.36624711751937866,0.10289221815764904,-1.3305490667169733,0.00029441082116329285,0.005837134791143008,0.00831394484548857,0.015854835510253892,0.18252178349278173,0.39635792473726816,0.7513543506121224,0.5243460579615613,4504.063397127527,2.284411672879476
swipe_right,shahzaib,swipe_right,0.0003247857093811035,-0.25945720076560974,-0.7455525565892458,-0.1701902449131012,0.02745002508163452,0.07289702259004116,0.10304123163223267,-0.29480308294296265,-0.2690240014344454,-0.1572425663471222,-0.15615993738174438,0.19893000833690166,0.10558062791824341,-0.39070531725883484,-0.07503351010382175,-0.12623614072799683,-0.36595046520233154,0.09694102965295315,-1.0688029455416157,-0.16625631939281157,0.29488043351606963,0.024033766804319498,0.026486136696555463,0.0,0.39657789059152204,0.6913035889548371,0.9073750432014414,6.428606869429817,5.560778530618774
swipe_right,shahzaib,swipe_right,-0.04291684925556183,-0.2606875002384186,-0.5791644621640444,-0.1695781797170639,0.02845171093940735,0.07289702259004116,0.09453056752681732,-0.29472193121910095,-0.25123281963169575,-0.15645070374011993,-0.15625151991844177,0.18211753480136395,0.1038474291563034,-0.39392977952957153,-0.08328823931515217,-0.12668810784816742,-0.36586931347846985,0.08788970671594143,-1.3103525746952391,-0.03728180220632839,5.042063467430341,0.01854743018294824,0.030354116902206855,0.0,0.3969299801478621,0.5340285449255885,0.6110149482441893,35.14630063061139,0.20341700034125257
swipe_right,shahzaib,swipe_right,-0.07591643929481506,-0.2619859576225281,-0.3877431321889162,-0.16870272159576416,0.03186821937561035,0.07289702259004116,0.08332797884941101,-0.29454565048217773,-0.2377398330718279,-0.15575453639030457,-0.15628552436828613,0.12332245521247387,0.10244348645210266,-0.39478379487991333,-0.08402562327682972,-0.12713348865509033,-0.36431261897087097,0.050833163782954216,-0.9999875769470669,-0.039347193457863514,5.8006463628826666,0.02652903397878009,0.10353055867281818,0.0,0.3989662537930443,0.376419784167156,0.25624103721472496,25.41381164088043,2.230619548802076
swipe_right,shahzaib,swipe_right,-0.10643686354160309,-0.2620404064655304,-0.3876548381522298,-0.1680433303117752,0.0324094295501709,0.05042386706918478,0.06942014396190643,-0.2945624589920044,-0.2235247166827321,-0.15635307133197784,-0.15628582239151,0.11293929349631071,0.10115908086299896,-0.39480060338974,-0.0839373292401433,-0.12781859934329987,-0.36385688185691833,0.050921457819640636,-0.9248613408117575,-0.001649964939464221,0.0026755768692854655,0.019981554060271273,0.016400308320016557,-0.681004712753223,0.3983029828336983,0.39110826025584894,1.2182902528504567,560.1944164313375,20.80567240967384
swipe_right,shahzaib,swipe_right,-0.1362520158290863,-0.2620994746685028,-0.3877128828316927,-0.16723039746284485,0.03254687786102295,0.04475427232682705,0.04981929063796997,-0.29056432843208313,-0.22341022081673145,-0.1566481590270996,-0.15639644861221313,0.11253285221755505,0.10043150186538696,-0.3948596715927124,-0.08399537391960621,-0.12803593277931213,-0.36352425813674927,0.05086341314017773,-0.9034894632570694,-0.0017899455446185532,-0.0017589296806942377,0.024634328755465482,0.004165100328850034,-0.17180590128356804,0.39805260008430016,0.407294344001176,5.913042608425439,504.47623378158056,15.435364753021759
swipe_right,shahzaib,swipe_right,-0.15806449949741364,-0.26231834292411804,-0.38766778632998466,-0.16668261587619781,0.03268402814865112,0.03945959359407425,0.03495998680591583,-0.28843095898628235,-0.2218770943582058,-0.15638534724712372,-0.1566164493560791,0.11019595339894295,0.09988142549991608,-0.39507853984832764,-0.08395027741789818,-0.12648500502109528,-0.3637431263923645,0.05090850964188576,-0.6609843535856761,-0.006632371382279824,0.001366560657819111,0.01659944201960707,0.00415606932206587,-0.16044481008341804,0.39862440273346833,0.42000678009985304,3.9930635583815377,99.64531088239814,0.4216739126276479
swipe_right,shahzaib,swipe_right,-0.17500822246074677,-0.26282399892807007,-0.41470484528690577,-0.1659504622220993,0.03377974033355713,0.021991166286170483,0.0280197411775589,-0.28781068325042725,-0.220736519433558,-0.15517114102840424,-0.15722930431365967,0.11018963064998388,0.09933628141880035,-0.395418256521225,-0.08215222600847483,-0.1254280060529709,-0.3642864227294922,0.06449511554092169,-0.5134461504040337,-0.015322909210667451,-0.8193048168763962,0.02218647436662152,0.03320339954260621,-0.5293462820576894,0.40237460820977206,0.45104034026297446,0.6681787555939072,33.50621198190132,11.214711344893598
swipe_right,shahzaib,swipe_right,-0.1822110265493393,-0.2604842782020569,-0.4155017174780369,-0.16562031209468842,0.033078163862228394,-0.008049191907048225,0.02215220034122467,-0.2862313985824585,-0.2203180082142353,-0.15506882965564728,-0.15807399153709412,0.11061247065663338,0.09860242903232574,-0.39594998955726624,-0.07676926627755165,-0.1255132406949997,-0.36513110995292664,0.06535926088690758,-0.21826679056340978,0.0709006280610055,-0.02414764215548831,0.010004549315481465,-0.02125989307056772,-0.9103138846429903,0.40690048398872086,0.4603768340012101,0.4705611040079568,3.078445397270817,11.667688414912575
swipe_right,shahzaib,swipe_right,-0.18703441321849823,-0.2600603997707367,-0.41863302420824766,-0.16607476770877838,0.03293335437774658,-0.009892040863633156,0.02120448648929596,-0.28060176968574524,-0.22033100854605436,-0.15598170459270477,-0.15955716371536255,0.11254933942109346,0.09765471518039703,-0.3959978520870209,-0.07090030144900084,-0.12636663019657135,-0.3652973473072052,0.06649540085345507,-0.14616323239875598,0.012844800949096711,-0.09488808273366027,-0.013771382245150513,-0.004388166196418542,-0.05584390777530106,0.40743032435161103,0.4695156411114798,3.13758505120805,11.378288748046797,25.908096586583298
swipe_right,shahzaib,swipe_right,-0.1875171959400177,-0.2554188072681427,-0.4224834628403187,-0.16631346940994263,0.0326676070690155,-0.010417730547487736,0.02072170376777649,-0.27394744753837585,-0.22033828869462013,-0.15640226006507874,-0.16230902075767517,0.11289045587182045,0.09737047553062439,-0.3961426019668579,-0.068296629935503,-0.12681534886360168,-0.3657101094722748,0.06905526295304298,-0.014629779439983934,0.14065431826042393,-0.11667995854760652,-0.0072333848837650115,-0.008052948749426633,-0.01592999041983574,0.4081431896519668,0.4758282088669339,0.89811657719823,0.10401156259798747,1.2306525997323299
swipe_right,shahzaib,swipe_right,-0.1875300407409668,-0.24569854140281677,-0.41864135954529047,-0.16632631421089172,0.03264346718788147,-0.011183262802660465,0.020708858966827393,-0.26415807008743286,-0.2121946820989251,-0.15594011545181274,-0.16446956992149353,0.11727385129779577,0.0974118709564209,-0.3959283232688904,-0.06829768512398005,-0.12682819366455078,-0.3657837510108948,0.06905420776456594,-0.00038923639239687004,0.2945535110704834,0.1164273725766127,-0.00038923639239687004,-0.0007315115495161595,-0.023197947126446405,0.4083410356691268,0.47592181144418577,0.5313723621886501,0.0013214409481704745,0.3751571521744423
swipe_right,shahzaib,swipe_right,-0.18754199147224426,-0.235211580991745,-0.4155255574733019,-0.1662369966506958,0.03192022442817688,-0.011644198559224606,0.02268233895301819,-0.2560674846172333,-0.21121867187321186,-0.1559520661830902,-0.1658843457698822,0.11727134697139263,0.09740665555000305,-0.3957303762435913,-0.06830018945038319,-0.12684014439582825,-0.3659243881702423,0.0690517034381628,-0.00036214337204441724,0.3177866791233858,0.09441824460571423,0.002706592733209772,-0.021916447263775358,-0.013967750198913284,0.4078532534384764,0.4769983975524077,0.12349032716429366,0.001139576502913474,0.7065105826594624
swipe_right,shahzaib,swipe_right,-0.18219813704490662,-0.22262367606163025,-0.4155282285064459,-0.1662362813949585,0.031553179025650024,-0.011956814676523209,0.024911433458328247,-0.24680456519126892,-0.20830806158483028,-0.15600654482841492,-0.16585519909858704,0.11726867593824863,0.09743693470954895,-0.39485156536102295,-0.06830286048352718,-0.12689563632011414,-0.36607179045677185,0.0690490324050188,0.16193498264659575,0.38145166454893265,-8.094039830294543e-05,2.167441628196028e-05,-0.011122587955359284,-0.009473215675715267,0.407695045312302,0.47793689479500817,0.0019485094529699534,0.42452182851595416,0.36353158303354904
swipe_right,shahzaib,swipe_right,-0.17686735093593597,-0.21241962909698486,-0.39500458538532257,-0.16621150076389313,0.030254662036895752,-0.014936355873942375,0.02680419385433197,-0.23712307214736938,-0.1975470781326294,-0.15598978102207184,-0.16542375087738037,0.11726614832878113,0.09761260449886322,-0.3934495449066162,-0.0690665915608406,-0.12687887251377106,-0.36581704020500183,0.0602240152657032,0.1615389729991097,0.3092135443831922,0.6219285794279765,0.0007509282141020772,-0.03934899965922021,-0.09028912719451981,0.4050542313711905,0.46297586564729226,0.019083309291112665,0.5224171240759087,2.594136512510405
swipe_right,shahzaib,swipe_right,-0.16995084285736084,-0.19972094893455505,-0.39331451430916786,-0.16612279415130615,0.02697417140007019,-0.036499183624982834,0.03042501211166382,-0.22966602444648743,-0.1910521425306797,-0.15707772970199585,-0.1654367744922638,0.10732361301779747,0.09747856855392456,-0.39307165145874023,-0.07155166938900948,-0.12717124819755554,-0.36583006381988525,0.052763182669878006,0.20959115389621671,0.3848084897706012,0.051214275034991305,0.002688079169302282,-0.09940880717653242,-0.6534190227588034,0.4046976157274455,0.4609059693966833,0.027040382087541708,0.5446621236424329,17.161422674160136
swipe_right,shahzaib,swipe_right,-0.1645863801240921,-0.1816556751728058,-0.3902012035250664,-0.166062131524086,0.020383208990097046,-0.06167352944612503,0.04261617362499237,-0.22956660389900208,-0.1910318359732628,-0.15785743296146393,-0.1645340621471405,0.08914528042078018,0.09755270183086395,-0.3930162191390991,-0.09235848486423492,-0.1271125227212906,-0.365833044052124,0.03513854369521141,0.16255947676571972,0.5474325382348276,0.09434275103337861,0.0018382614309137564,-0.19972613363555033,-0.7628589642770381,0.4000657991453246,0.44955585069398196,0.009203864279492949,0.296948333289708,4.4988917090052025
swipe_right,shahzaib,swipe_right,-0.1445917934179306,-0.16145098209381104,-0.28892596904188395,-0.16605202853679657,0.012126266956329346,-0.08568539563566446,0.05854012072086334,-0.22653967142105103,-0.13640464190393686,-0.1582387238740921,-0.158694326877594,0.07229846622794867,0.0979175716638565,-0.39193490147590637,-0.09271616581827402,-0.12765191495418549,-0.36546996235847473,0.019107294268906116,0.6058965668533762,0.6122634266362019,3.0689464994903637,0.0003061511299826869,-0.2502103646596262,-0.7276323087739192,0.3937448272337695,0.3878555351250662,0.0012235700420688649,0.9895994940979816,1.8660177448407318
idle,shahzaib,swipe_right,-0.11563454568386078,-0.1355915069580078,-0.28892596904188395,-0.1657622903585434,0.011044502258300781,-0.12967849615961313,0.07268501818180084,-0.22012460231781006,-0.13640464190393686,-0.15937133133411407,-0.15396195650100708,0.04667507391422987,0.0990525633096695,-0.3912602663040161,-0.09420037362724543,-0.12823589146137238,-0.3655059039592743,0.013256936334073544,0.8774923555778756,0.7836204586607056,0.0,0.008779944795550745,-0.03278074842510809,-1.3331242583014782,0.40451078712312194,0.3864907848618289,0.26783027804661075,1.1197911260337428,19.497072939357558
idle,shahzaib,swipe_right,-0.08632156252861023,-0.1138334572315216,-0.28319070115685463,-0.16560015082359314,0.011046618223190308,-0.13288729265332222,0.08665835857391357,-0.20621982216835022,-0.13424042239785194,-0.1592453420162201,-0.1516573131084442,0.04069732874631882,0.09981220960617065,-0.3902890682220459,-0.10157373920083046,-0.12798020243644714,-0.3655155301094055,0.006574620492756367,0.8882722168257764,0.6593348401965533,0.1737959965160403,0.004913319240916871,6.412014816746583e-05,-0.0972362573851241,0.40331617534122755,0.3795500057270485,75.45006237211813,1.3472227090840008,37.46455793152259
idle,shahzaib,swipe_right,-0.0545506626367569,-0.08589470386505127,-0.25499573443084955,-0.16579730808734894,0.014219284057617188,-0.13697286043316126,0.1019279807806015,-0.20056843757629395,-0.133547798730433,-0.15753020346164703,-0.14848464727401733,0.040643575601279736,0.10178165137767792,-0.3870050609111786,-0.11533462349325418,-0.12652333080768585,-0.36235311627388,0.0050129760056734085,0.9627545421773697,0.8466288898930369,0.8543929310910593,-0.00597446253805447,0.09614138892202626,-0.1238050842375461,0.4043627031911133,0.36689571465728166,0.06214181491683028,1.137161059006556,3.038668442284335
idle,shahzaib,swipe_right,-0.02696247398853302,-0.05133834481239319,-0.24775297287851572,-0.1650836020708084,0.021033555269241333,-0.13801816944032907,0.11628900468349457,-0.18638160824775696,-0.12132637295871973,-0.15542007982730865,-0.14211687445640564,0.00953985471278429,0.10442613065242767,-0.3802367150783539,-0.13902678433805704,-0.12466521561145782,-0.3564314842224121,-0.029222755692899227,0.8360057166128468,1.047162395535096,0.21947762279799546,0.0216274550466827,0.206493067018914,-0.03167603052023693,0.3949049810459313,0.3704841257970968,0.10473644768060922,0.7983526927864506,4.435759320075746
idle,shahzaib,swipe_right,0.0023177117109298706,-0.023990899324417114,-0.2346463045105338,-0.16409824788570404,0.021814554929733276,-0.14295956399291754,0.12298844754695892,-0.1789034903049469,-0.12132037337869406,-0.15383072197437286,-0.14211687445640564,-0.007314208894968033,0.10705547034740448,-0.3772563338279724,-0.14760567154735327,-0.12328363955020905,-0.3587816059589386,-0.04626527335494757,0.8872783545291807,0.8287104693326104,0.39717176872672555,0.029859217730435532,0.023666656378543798,-0.14973922886631744,0.3948025529030377,0.37860604470321024,1.2616043284076395,1.0706722271428633,6.599675615218197
idle,shahzaib,swipe_right,0.028773188591003418,-0.000500410795211792,-0.21749912714585662,-0.16304871439933777,0.022778481245040894,-0.18792890524491668,0.13278627395629883,-0.17340603470802307,-0.10092065995559096,-0.15323349833488464,-0.1432414948940277,-0.057613355573266745,0.10933190584182739,-0.3761666715145111,-0.14802220975980163,-0.12208685278892517,-0.3606639802455902,-0.09892252599820495,0.8016811175779829,0.7118329857334916,0.519611435293246,0.031804045041402045,0.029209888342654942,-1.3627073106666348,0.3957627204869026,0.39043807244861184,1.0887736335960885,1.1262192219607363,36.757039607873864
idle,shahzaib,swipe_right,0.04634714126586914,0.014968067407608032,-0.21747765666805208,-0.1635732352733612,0.026338964700698853,-0.18882166570983827,0.1399097442626953,-0.16527029871940613,-0.09975220239721239,-0.1546134650707245,-0.14335015416145325,-0.06112439534626901,0.11044466495513916,-0.37271982431411743,-0.15458337194286287,-0.1224568784236908,-0.36108124256134033,-0.10381104028783739,0.5325440204504778,0.46874176372181403,0.0006506205395315649,-0.015894571940104206,0.10789343805024144,-0.02705334742186654,0.39876280948728227,0.397952365217027,0.14731595277138235,1.1361114488938076,40.57028918033871
idle,shahzaib,swipe_right,0.0695197582244873,0.030019313097000122,-0.21449782932177186,-0.16510158777236938,0.02940574288368225,-0.2222620346583426,0.1460673213005066,-0.1624775230884552,-0.09019699180498719,-0.15658724308013916,-0.1437126100063324,-0.11046727979555726,0.11111360788345337,-0.3711402118206024,-0.15934411669149995,-0.1230941116809845,-0.36147555708885193,-0.1581400283612311,0.7022005138975171,0.4560983542240008,0.09029779837212741,-0.046313712091156735,0.09293267221161775,-1.013344513591036,0.39832706461820205,0.4070638092221806,0.498352330097282,1.5395779612366005,29.90525923485521
idle,shahzaib,swipe_right,0.09043298661708832,0.035878896713256836,-0.21442883787676692,-0.16732840240001678,0.029383540153503418,-0.22391746519133449,0.1526629775762558,-0.15901756286621094,-0.08464429108425975,-0.15781573951244354,-0.14534515142440796,-0.12036747811362147,0.11224357783794403,-0.3702201247215271,-0.15956466970965266,-0.12339948117733002,-0.3631446659564972,-0.16893793223425746,0.6337341937151838,0.17756313988656752,0.0020906498486345515,-0.06747923114083047,-0.0006728100054191837,-0.05016456160581485,0.39878677480064767,0.4103683638493125,100.14578382351415,3.56904380648046,29.331792869079543
idle,shahzaib,swipe_right,0.10625167191028595,0.03383117914199829,-0.21446874551475048,-0.169575497508049,0.025456488132476807,-0.2516955118626356,0.1575951725244522,-0.16373229026794434,-0.08263867907226086,-0.15891598165035248,-0.15028828382492065,-0.12595927529037,0.11315704882144928,-0.37213391065597534,-0.16434640996158123,-0.12429361045360565,-0.3683266043663025,-0.1731144618242979,0.47935409979386884,-0.062052047613895454,-0.0012093223631382019,-0.06809379115249188,-0.1190015763947461,-0.8417589900394301,0.4040922600820774,0.4091058382451496,0.5722043439346762,7.724908255537923,24.254236019530033
idle,shahzaib,swipe_right,0.12484811246395111,0.033407896757125854,-0.2144921375438571,-0.17224548757076263,0.025541096925735474,-0.2673373771831393,0.16315631568431854,-0.16410711407661438,-0.0782306594774127,-0.16000457108020782,-0.15102806687355042,-0.13881055545061827,0.11368356645107269,-0.37202730774879456,-0.16487571131438017,-0.1248365193605423,-0.3692677915096283,-0.19233963917940855,0.5635285016262146,-0.012826738935528326,-0.000708849366867178,-0.08090878977920035,0.002563902826020201,-0.47399591880314074,0.4046558159226201,0.40861245929635615,31.544582881816794,43.93046229413345,11.743824608311558
idle,shahzaib,swipe_right,0.1370517462491989,0.03313949704170227,-0.2084618816152215,-0.17564643919467926,0.025878816843032837,-0.29020765516906977,0.1661028116941452,-0.16400840878486633,-0.07644795719534159,-0.16167886555194855,-0.15133437514305115,-0.15341162774711847,0.11433880031108856,-0.3716529607772827,-0.17167034838348627,-0.12525896728038788,-0.3699014484882355,-0.20973186288028955,0.3698070844014495,-0.008133324709805595,0.1827350281404731,-0.10305914011868589,0.010233936887798913,-0.6930387268463788,0.4070101582222605,0.40709511018662964,10.069347886408844,45.462542693391896,6.675560128453124
idle,shahzaib,swipe_right,0.14598309993743896,0.0324232280254364,-0.20856216736137867,-0.17720955610275269,0.026195675134658813,-0.29413137026131153,0.16748207807540894,-0.1647246778011322,-0.06956865079700947,-0.16294243931770325,-0.15210089087486267,-0.15413917787373066,0.11500293016433716,-0.37136876583099365,-0.17177063412964344,-0.12537452578544617,-0.3708741068840027,-0.20983214862644672,0.2706470814618204,-0.021705121705026392,-0.003038962004762715,-0.047367179032528156,0.009601766412908405,-0.11890045734065981,0.40921588547927545,0.4066464830036814,4.93265971448138,12.468698238209354,17.479799351858293
idle,shahzaib,swipe_right,0.14975950121879578,0.03152930736541748,-0.2045732829719782,-0.17815858125686646,0.02640169858932495,-0.2948303762823343,0.16782793402671814,-0.16558068990707397,-0.06716069765388966,-0.1638736128807068,-0.15295690298080444,-0.15972843207418919,0.11555734276771545,-0.37109726667404175,-0.17181106843054295,-0.1254148781299591,-0.3717356324195862,-0.21223958767950535,0.11443640246535744,-0.027088504849058094,0.12087528452728682,-0.028758338003447438,0.006243134989882934,-0.021182000637054353,0.41002008600125406,0.4054026498027905,4.605656035630742,4.224381475519528,3.0160979403952757
idle,shahzaib,swipe_right,0.1522456556558609,0.03042718768119812,-0.20388937927782536,-0.17886628210544586,0.026437610387802124,-0.30230739153921604,0.1679779440164566,-0.166366308927536,-0.06345881707966328,-0.16472946107387543,-0.1537807285785675,-0.1665958110243082,0.11585952341556549,-0.37143149971961975,-0.17181106843054295,-0.12560506165027618,-0.37254074215888977,-0.21223958767950535,0.0753380132443979,-0.033397566188465545,0.020724354368267688,-0.021445480259982077,0.0010882363174900891,-0.22657621990550705,0.4124714447053976,0.40477570738092894,19.688546842983143,2.255725973961615,6.229969642182264
idle,shahzaib,swipe_right,0.152691051363945,0.02760562300682068,-0.17321153916418552,-0.17915301024913788,0.026736408472061157,-0.30230739153921604,0.16800431907176971,-0.16662994027137756,-0.04837756045162678,-0.16522692143917084,-0.15422257781028748,-0.16695977188646793,0.11599694192409515,-0.37169337272644043,-0.16446038521826267,-0.12591685354709625,-0.37294909358024597,-0.21080737747251987,0.01349683963891226,-0.08550195982961907,0.9296315185951425,-0.00868873162703077,0.009054487401788847,0.0,0.41346685659846394,0.4010769606404235,0.959499057479156,0.1578523090406143,6.881055507869336
idle,shahzaib,swipe_right,0.15359735488891602,0.026083648204803467,-0.1711347345262766,-0.17928165197372437,0.026791155338287354,-0.3079690281301737,0.1670704483985901,-0.1661970615386963,-0.0461836364120245,-0.16561713814735413,-0.1544671654701233,-0.1678126696497202,0.11626303195953369,-0.37144118547439575,-0.16397968865931034,-0.12628602981567383,-0.373104989528656,-0.21643289364874363,0.027463743180939713,-0.04612044854597623,0.0629334738760285,-0.003898234078378398,0.0016589959462483764,-0.17156474518053502,0.4136475874016004,0.39933825228949554,2.348339516845498,0.5954657550176995,5.205784021782501
idle,shahzaib,swipe_right,0.15546154975891113,0.02398476004600525,-0.1613679239526391,-0.17937541007995605,0.02681669592857361,-0.3079615542665124,0.16606062650680542,-0.16610494256019592,-0.03702489007264376,-0.16606658697128296,-0.15467283129692078,-0.17100343201309443,0.11628741025924683,-0.37143662571907043,-0.16000332031399012,-0.1265505850315094,-0.3731243908405304,-0.2136682579293847,0.056490753636215814,-0.06360267147873402,0.29596395677689424,-0.002841154734293627,0.000773957281401665,0.00022648071700876466,0.41428801667628806,0.397359469081841,3.666208192992046,0.8881681249344792,5.205962358895778
idle,shahzaib,swipe_right,0.1574554443359375,0.023732483386993408,-0.14806793071329594,-0.17949458956718445,0.026878535747528076,-0.30456378497183323,0.1653045415878296,-0.16604697704315186,-0.036935290321707726,-0.16652676463127136,-0.15485364198684692,-0.17036024667322636,0.11649852991104126,-0.3714008927345276,-0.1588024888187647,-0.12668052315711975,-0.373178631067276,-0.21079366840422153,0.06042104778867754,-0.007644747242783022,0.40303009816191243,-0.0036114996129816075,0.0018739339077111367,0.10296270589936819,0.4142799742828009,0.39739537554193977,1.9262010240085843,7.902569346078005,3.1134848956051715
idle,shahzaib,swipe_right,0.15879732370376587,0.023622840642929077,-0.1457075159996748,-0.17950507998466492,0.026865154504776,-0.30456059984862804,0.16473305225372314,-0.16572365164756775,-0.033629631623625755,-0.166988343000412,-0.1549645960330963,-0.17035706155002117,0.11653196811676025,-0.37140747904777527,-0.1563462447375059,-0.1268121302127838,-0.3733651340007782,-0.21079048328101635,0.040663011146314314,-0.003322507395888828,0.07152771859458017,-0.00031789143880208413,-0.0004054922046083403,9.651888500560438e-05,0.4144317381113621,0.3974273472057418,0.7820357566472302,12.234969356955359,3.119519409944075
idle,shahzaib,swipe_right,0.16244184970855713,0.023518621921539307,-0.13235387858003378,-0.17951765656471252,0.02679431438446045,-0.30132230278104544,0.16434848308563232,-0.1645835041999817,-0.02027262281626463,-0.16734164953231812,-0.15523946285247803,-0.1677900468930602,0.11651945114135742,-0.37148380279541016,-0.14754570182412863,-0.1269707977771759,-0.37358537316322327,-0.20816375967115164,0.11044018196337178,-0.003158143072417296,0.40465567938306213,-0.0003811084862911349,-0.002146670312592483,0.09813021416917016,0.41441957087422415,0.39795297927759493,0.17745204375949747,34.95890481429375,2.97118718155393
idle,shahzaib,swipe_right,0.16626417636871338,0.023347705602645874,-0.1219335338100791,-0.17951765656471252,0.02673223614692688,-0.300795896910131,0.16434848308563232,-0.16288229823112488,-0.010462861508131027,-0.16757559776306152,-0.1555023491382599,-0.16695508267730474,0.11653155088424683,-0.3714396357536316,-0.13491140212863684,-0.12711310386657715,-0.37393730878829956,-0.19894008245319128,0.11582808061079496,-0.0051792823907100575,0.3157680233319587,0.0,-0.0018811587131384567,0.015951693058013847,0.416721643691301,0.39811908268611035,0.0,22.359414386079152,2.4902979918576422
idle,shahzaib,swipe_right,0.17302626371383667,0.02268311381340027,-0.11006545089185238,-0.17948254942893982,0.026449531316757202,-0.29445147328078747,0.16434848308563232,-0.16311457753181458,0.0011277728481218219,-0.1677495539188385,-0.15591779351234436,-0.16012789122760296,0.11653155088424683,-0.3716139495372772,-0.1272218804806471,-0.12751424312591553,-0.374342143535614,-0.19047622196376324,0.20491173773100932,-0.02013914512865476,0.3596388763099015,0.0010638525991728837,-0.008566813035444801,0.19225526149525834,0.4173074698317922,0.3986930772171763,0.12416851240471233,10.17429300643258,5.346469531874136
idle,shahzaib,swipe_right,0.1799992322921753,0.021830081939697266,-0.07429477944970131,-0.17948225140571594,0.025823116302490234,-0.25049276277422905,0.1643487811088562,-0.16374939680099487,0.011943927966058254,-0.167828768491745,-0.15658307075500488,-0.12927959486842155,0.1165318489074707,-0.37189242243766785,-0.11705145612359047,-0.128053218126297,-0.3749769628047943,-0.1646726094186306,0.21130207813147395,-0.02584945071827288,1.0839597406712471,9.031006784150118e-06,-0.018982273159605132,1.3320821365623796,0.41309895618173564,0.4010905790555057,0.0004757349645775191,8.174019108382936,34.54166512421248
swipe_right,shahzaib,swipe_right,0.18858924508094788,0.021385520696640015,-0.05888834688812494,-0.17918312549591064,0.025534123182296753,-0.23041336704045534,0.16489192843437195,-0.16403838992118835,0.01727945078164339,-0.1677694022655487,-0.15687206387519836,-0.12132684607058764,0.116830974817276,-0.3713369071483612,-0.1163954408839345,-0.12827938795089722,-0.3752659559249878,-0.15826030541211367,0.26030341784159405,-0.01347155281991673,0.4668615927750426,0.009064421509251472,-0.008757367278590368,0.6084665373870836,0.4104119372177184,0.40334503907144964,1.034944210596106,19.321016686368644,21.93165115689272
swipe_right,shahzaib,swipe_right,0.19823716580867767,0.021188467741012573,-0.03437663707882166,-0.17846767604351044,0.025534123182296753,-0.21178620029240847,0.1665632575750351,-0.16403838992118835,0.017825149931013584,-0.16729320585727692,-0.15687260031700134,-0.11337041575461626,0.11753098666667938,-0.37093591690063477,-0.11213589925318956,-0.127981498837471,-0.37526610493659973,-0.15612912643700838,0.292361234173627,-0.005971301685679977,0.7427790851303944,0.021680286436369687,0.0,0.5644595984256566,0.40778350483949755,0.4078253587458644,21680.286436369686,48.95285763521174,1.4124145248331705
swipe_right,shahzaib,swipe_right,0.20781104266643524,0.019702404737472534,-0.007853141520172358,-0.17776082456111908,0.025534123182296753,-0.19720638310536742,0.16854874789714813,-0.1645585000514984,0.042735031340271235,-0.16681118309497833,-0.1569019854068756,-0.09802908217534423,0.11829833686351776,-0.37069177627563477,-0.09998656576499343,-0.12764878571033478,-0.3752685785293579,-0.1427463940344751,0.2901174805381089,-0.04503221222848614,0.8037422896560414,0.021419741890647246,0.0,0.4418126420315479,0.4075781060689421,0.4109850470906826,21419.74189064725,6.442300386348913,3.716582822337923
swipe_right,shahzaib,swipe_right,0.2199438214302063,0.015165597200393677,-0.0014143044827505946,-0.17725872993469238,0.02550753951072693,-0.17767279129475355,0.17154395580291748,-0.16637125611305237,0.04568829480558634,-0.16633251309394836,-0.15690866112709045,-0.08456199895590544,0.11878257989883423,-0.37069177627563477,-0.09795524459332228,-0.1273287534713745,-0.3752685785293579,-0.13822111766785383,0.3676599625385178,-0.13747901627511724,0.19511627386126604,0.01521498867959691,-0.0008055658051461904,0.5919270245640581,0.40579666569954825,0.41041401361481417,18.86391486289105,2.6742793061849617,4.552870288298275
swipe_right,shahzaib,swipe_right,0.2287440150976181,0.012620419263839722,0.004767515230923891,-0.17656205594539642,0.025543183088302612,-0.1744313845410943,0.17437772452831268,-0.16877248883247375,0.04727804195135832,-0.16546325385570526,-0.15666529536247253,-0.08017843309789896,0.11963699758052826,-0.37044066190719604,-0.09625090006738901,-0.12655438482761383,-0.3750259578227997,-0.13512575719505548,0.26667253537611596,-0.07712660413799884,0.18732787011134852,0.02111133300896852,0.001080108411384354,0.09822444708058353,0.4055876430094345,0.41090735380226506,19.52748936800479,3.457549840378525,14.961860225035746
swipe_right,shahzaib,swipe_right,0.23298358917236328,0.007683873176574707,0.013526923023164272,-0.17636194825172424,0.025776207447052002,-0.1716590616852045,0.17647284269332886,-0.17124897241592407,0.05786833353340626,-0.16502165794372559,-0.1563645601272583,-0.07974112965166569,0.12017130851745605,-0.3700694739818573,-0.09074446745216846,-0.12606865167617798,-0.37470632791519165,-0.13174819387495518,0.1284719416589451,-0.14959230567469778,0.26543659976486067,0.0060638695052175964,0.007061344204526977,0.08400978351181225,0.4055965411341347,0.4077949543920568,0.8586199326465346,0.8588080935808536,0.6529286990375385
swipe_right,shahzaib,swipe_right,0.23675376176834106,0.004075407981872559,0.022265030071139336,-0.176123708486557,0.025995612144470215,-0.16775030829012394,0.1779668927192688,-0.17382699251174927,0.05920088104903698,-0.1646232008934021,-0.15610700845718384,-0.07198436744511127,0.12066221237182617,-0.369838148355484,-0.08785168267786503,-0.12562549114227295,-0.37448006868362427,-0.12799347378313541,0.11424765442356793,-0.10934743014248814,0.2647911226659081,0.007219386823249506,0.006648627194491227,0.11844707257819768,0.4056001069769243,0.40671155120156066,1.0856829431325545,1.0448037916474502,1.0442164094986761
swipe_right,shahzaib,swipe_right,0.23857948184013367,0.002674400806427002,0.03092342847958207,-0.17607346177101135,0.026035547256469727,-0.14483923790976405,0.17950478196144104,-0.17493367195129395,0.07222293736413121,-0.16427555680274963,-0.15605378150939941,-0.050110969226807356,0.12104210257530212,-0.36965617537498474,-0.0766926291398704,-0.12523892521858215,-0.37435317039489746,-0.11047476856037974,0.055324850660382036,-0.0424547628922897,0.2623757093467502,0.0015226277438077098,0.0012101549090761158,0.6942748600109074,0.40506319517165623,0.4050016164678608,1.2571701046641421,1.3031175720653334,17.45095898613529
swipe_right,shahzaib,swipe_right,0.2392941415309906,0.001864999532699585,0.03836401225998998,-0.17614564299583435,0.02606603503227234,-0.1397925871424377,0.18061986565589905,-0.175380140542984,0.0813830983825028,-0.16406506299972534,-0.15604457259178162,-0.04251312045380473,0.12124785780906677,-0.3694141209125519,-0.06567548541352153,-0.12494176626205444,-0.37419798970222473,-0.10074575571343303,0.02165635426839198,-0.024527311325073305,0.22547223576993708,-0.0021873098431211585,0.000923871994018557,0.15292881113110204,0.40541063322743687,0.4032459887653107,2.3649865681599085,0.8829125650510822,16.404813237794812
swipe_right,shahzaib,swipe_right,0.239784836769104,0.001361072063446045,0.03836741857230663,-0.17598313093185425,0.025771021842956543,-0.1388085652142763,0.18129003047943115,-0.17549550533294678,0.0836180429905653,-0.16371804475784302,-0.1562408208847046,-0.035404929891228676,0.12155783176422119,-0.3693118989467621,-0.05816763825714588,-0.12454015016555786,-0.37417709827423096,-0.0904101300984621,0.014869552670103169,-0.015270529371319433,0.00010322158535321579,0.004924607999397059,-0.008939793615630201,0.02981884630792076,0.406137030541483,0.40086792506637997,0.5508021112116839,0.9736780324064207,3.7487597843151215
swipe_right,shahzaib,swipe_right,0.24025176465511322,0.0014716684818267822,0.03836741857230663,-0.17596794664859772,0.025527924299240112,-0.1388085652142763,0.18162773549556732,-0.17547574639320374,0.0836180429905653,-0.1635608822107315,-0.15634986758232117,-0.035404929891228676,0.12167607247829437,-0.36920440196990967,-0.05816763825714588,-0.12425489723682404,-0.3741360306739807,-0.0904101300984621,0.014149329879067196,0.0033514066175981084,0.0,0.0004601297956524485,-0.00736659223383125,0.0,0.4058915186425566,0.40097376619651565,0.062453211449403814,4.2206484752749756,0.9149157449427664
swipe_right,shahzaib,swipe_right,0.2409658581018448,0.0016183853149414062,0.0383629547432065,-0.17592264711856842,0.025075078010559082,-0.13881302904337645,0.18188335001468658,-0.1753290295600891,0.08361357916146517,-0.16365407407283783,-0.15641146898269653,-0.03540939372032881,0.12165261805057526,-0.3690628707408905,-0.058172102086246014,-0.12414403259754181,-0.3740471303462982,-0.09041459392756224,0.021639195355502096,0.004445964639837103,-0.00013526754848884847,0.0013727130311908177,-0.013722614808516102,-0.00013526754848884847,0.4053664646305012,0.4011972831908595,0.10002561645339896,4.866059685218177,0.19462503904458694
swipe_right,shahzaib,swipe_right,0.2413051575422287,0.0015990138053894043,0.0352184590883553,-0.17594711482524872,0.024636447429656982,-0.13881805492565036,0.18202941119670868,-0.1754562258720398,0.08360855327919126,-0.1637689620256424,-0.1565103530883789,-0.03541441960260272,0.12138776481151581,-0.3690997064113617,-0.058177127968519926,-0.12420128285884857,-0.3741140365600586,-0.09041961980983615,0.01028180122375477,-0.0005870154409697497,-0.09528774711670193,-0.0007414456569787147,-0.013291835784911964,-0.00015229946284582953,0.40499628162439594,0.40065004421735373,0.055777839204204475,17.48559732852953,0.06538385360512061
swipe_right,shahzaib,swipe_right,0.24414397776126862,0.0012841522693634033,0.018928329460322857,-0.175877645611763,0.024354249238967896,-0.14379423577338457,0.18222124874591827,-0.1755092442035675,0.07094510179013014,-0.1637812703847885,-0.15656283497810364,-0.0406411224976182,0.12122274935245514,-0.369173526763916,-0.0695136608555913,-0.12442053854465485,-0.3741622567176819,-0.10029549617320299,0.08602485512242194,-0.009541258667454599,-0.49364029175856017,0.002105127681385392,-0.008551460323911747,-0.15079335902224925,0.40417246286012204,0.40021307574752757,0.24614293450735863,9.015146006869788,4.567954712125659
swipe_right,shahzaib,swipe_right,0.24798369407653809,0.001163780689239502,0.004754445515573025,-0.17572078108787537,0.023455500602722168,-0.18398966826498508,0.18302130699157715,-0.1755053997039795,0.07094924710690975,-0.1636214554309845,-0.15678054094314575,-0.07725735940039158,0.12117636203765869,-0.3691960871219635,-0.06950951553881168,-0.12457022070884705,-0.3742029070854187,-0.13269800879061222,0.1163550398566509,-0.0036476236401182323,-0.4295116346893899,0.0047534704208374145,-0.027234807158961507,-1.2180434088363823,0.4042022060352854,0.3984490771170609,0.1745301834857999,31.890118393488358,32.34596541173806
swipe_right,shahzaib,swipe_right,0.2543855905532837,-0.001569896936416626,0.004731288179755211,-0.17545059323310852,0.022852808237075806,-0.21701791416853666,0.18375545740127563,-0.1764155924320221,0.07092608977109194,-0.1632625162601471,-0.15656211972236633,-0.0992483077570796,0.12111645936965942,-0.3692096471786499,-0.0695326728746295,-0.12468475103378296,-0.37400951981544495,-0.13272116612643003,0.1939968629316855,-0.08283871592897378,-0.0007017374490246646,0.008187510750510496,-0.01826340501958678,-1.0008559364712624,0.4088799578017341,0.39803867047825503,0.44827689386707065,2.341833995399225,6.587872992225306
swipe_right,shahzaib,swipe_right,0.2658129334449768,-0.002791762351989746,0.004687200300395489,-0.17473360896110535,0.022107839584350586,-0.22673009894788265,0.18620628118515015,-0.17768490314483643,0.07088200189173222,-0.16240808367729187,-0.1565588116645813,-0.09929239563643932,0.12176716327667236,-0.3692215085029602,-0.06957676075398922,-0.12450718879699707,-0.37376487255096436,-0.13276525400578976,0.34628311793009525,-0.037026224714337065,-0.0013359963442340075,0.021726796121308352,-0.022574807658340048,-0.29430862967715193,0.4099601073041901,0.40066829008436866,0.9623928609828472,9.352121867130196,21.414853653611125
swipe_right,shahzaib,swipe_right,0.27490508556365967,-0.011407792568206787,0.004678873345255852,-0.17404237389564514,0.021945297718048096,-0.22766211908310652,0.1890324354171753,-0.18141460418701172,0.07584177423268557,-0.16147097945213318,-0.1562902331352234,-0.09930072259157896,0.12230229377746582,-0.3693660497665405,-0.06574384402483702,-0.12425380945205688,-0.3734588623046875,-0.1327735809609294,0.2755197611722049,-0.26109182473384684,-0.00025233197392839096,0.0209465171351575,-0.004925511100075408,-0.028243034400722886,0.40966716439031614,0.3954504837260879,4.251795380068642,1.0552559667354497,8.08034763490503
swipe_right,shahzaib,swipe_right,0.2870204597711563,-0.017146587371826172,0.004668973386287689,-0.1735810488462448,0.021573781967163086,-0.23833466414362192,0.1935448795557022,-0.18435829877853394,0.09695981349796057,-0.16075117886066437,-0.15637218952178955,-0.09931062255054712,0.12314851582050323,-0.3696780502796173,-0.036416166462004185,-0.12389494478702545,-0.3734234571456909,-0.12666205409914255,0.3671325517423234,-0.1739028728369515,-0.0002999987566109867,0.013979546951525174,-0.011258053057121535,-0.3234104563792555,0.4134758755689467,0.390922543568962,1.2416272381524023,2.111123494567248,8.949016226494784
swipe_right,shahzaib,swipe_right,0.29553359746932983,-0.028765469789505005,0.004669534973800182,-0.17325007915496826,0.02121797204017639,-0.23959769122302532,0.19635796546936035,-0.18892177939414978,0.11365831084549427,-0.1601826250553131,-0.15638157725334167,-0.09836882911622524,0.12361204624176025,-0.37023723125457764,-0.018524732440710068,-0.12381097674369812,-0.37329530715942383,-0.11584385298192501,0.25797386964162256,-0.35208734599026853,1.7017803408882878e-05,0.010029384584137912,-0.010782118999596824,-0.038273547860709196,0.41641321399717635,0.3830116939408627,0.9301005195725751,0.7326964171905672,8.641353523683454
swipe_right,shahzaib,swipe_right,0.3049917072057724,-0.045144736766815186,0.004580572247505188,-0.17255191504955292,0.02114206552505493,-0.24705323670059443,0.1990763396024704,-0.197920024394989,0.11356934811919928,-0.15942926704883575,-0.1563878059387207,-0.09796422068029642,0.1241978257894516,-0.3715696632862091,-0.007765888702124357,-0.12331368029117584,-0.3731185793876648,-0.10401251260191202,0.2866093859528057,-0.49634142355485517,-0.0026958401907574113,0.021156488042889273,-0.0023001974279230346,-0.22592562053239762,0.42228723475827457,0.37335250810561205,9.193686637301798,0.5774428546729494,5.702210339639678
swipe_right,shahzaib,swipe_right,0.30506978929042816,-0.06084081530570984,-0.002636802149936557,-0.17247383296489716,0.020969897508621216,-0.24705323670059443,0.19915442168712616,-0.2068628966808319,0.11356934811919928,-0.15942896902561188,-0.15638324618339539,-0.08256516698747873,0.12367616593837738,-0.3731120228767395,0.005969675723463297,-0.12357054650783539,-0.3728329837322235,-0.08465381059795618,0.002366123777447331,-0.47563874360286945,-0.2187083150739928,0.002366123777447331,-0.005217212619203522,0.0,0.42877245048901935,0.3612354151132473,0.4534356780978545,0.004974613264073453,6.870437648365388
swipe_right,shahzaib,swipe_right,0.30506978929042816,-0.08093532919883728,-0.06023785565048456,-0.17247383296489716,0.020989924669265747,-0.24705323670059443,0.19915442168712616,-0.21606376767158508,0.11356934811919928,-0.15942896902561188,-0.15627405047416687,-0.07059724722057581,0.12229351699352264,-0.37629038095474243,0.006321372929960489,-0.12369154393672943,-0.37253913283348083,-0.06941268686205149,0.0,-0.6089246634281058,-1.7454864697135801,0.0,0.0006068836558948879,0.0,0.4345123654958137,0.35365506248562295,0.0,0.0,0.19049652186055946
swipe_right,shahzaib,swipe_right,0.30506978929042816,-0.10539120435714722,-0.1321863541379571,-0.17247383296489716,0.021212399005889893,-0.24705323670059443,0.19915442168712616,-0.2251179814338684,0.08458611276000738,-0.15942896902561188,-0.15596890449523926,-0.0486488277092576,0.12077949941158295,-0.3803800344467163,0.007401687558740377,-0.12375397980213165,-0.3719920516014099,-0.04616834316402674,0.0,-0.7410871260093839,-2.180257529923386,0.0,0.006741646564367972,0.0,0.4442275368781049,0.35925838751847905,0.0,0.0,0.18590190631736414
swipe_right,shahzaib,swipe_right,0.30281898379325867,-0.13680341839790344,-0.2646911246702075,-0.17303216457366943,0.021569401025772095,-0.1962309731170535,0.19498124718666077,-0.23902007937431335,0.03151793498545885,-0.15998771786689758,-0.15525981783866882,0.013093885965645313,0.11858829855918884,-0.38342416286468506,0.02124967146664858,-0.12431493401527405,-0.3708939552307129,0.006304502487182617,-0.06820622718695456,-0.9518852739623123,-4.015296076734871,-0.016919139659766037,0.010818243026733424,1.5400685934406377,0.4443213627945641,0.42014863545957587,1.5638006853122988,0.07165375639154875,46.67172491700845
swipe_right,shahzaib,swipe_right,0.2758883237838745,-0.16404184699058533,-0.3408504989929497,-0.1735050082206726,0.02156701683998108,-0.15064453752711415,0.19253230094909668,-0.2457665503025055,-0.008790721651166677,-0.1603260040283203,-0.15520527958869934,0.03646834893152118,0.11783289909362793,-0.38470926880836487,0.021715448703616858,-0.12480944395065308,-0.37053683400154114,0.017910258378833532,-0.8160806063449765,-0.8254069270509683,-2.307859827961891,-0.014328595363732577,-7.224805427320094e-05,1.3814071390890748,0.4295665339004215,0.4529124581581186,195.61741954659593,0.9886997442109423,4.8198749467190085
swipe_right,shahzaib,swipe_right,0.24532601237297058,-0.18440961837768555,-0.3756293901242316,-0.17393821477890015,0.022230803966522217,-0.10628839069977403,0.18772676587104797,-0.24510061740875244,-0.02279327856376767,-0.16062623262405396,-0.15424072742462158,0.06371015822514892,0.11653795838356018,-0.38455432653427124,0.02215217938646674,-0.12529510259628296,-0.3696690797805786,0.03890701523050666,-0.926130648815273,-0.617205193548493,-1.0539057918570285,-0.01312747146144061,0.020114761410337557,1.3441256614345527,0.42075334478416304,0.4635455145892997,0.6525962996704842,1.500520666344396,1.2852438735033678
swipe_right,shahzaib,swipe_right,0.22178669273853302,-0.1993754804134369,-0.45255404873751104,-0.17384018003940582,0.022411316633224487,-0.07548032863996923,0.18378736078739166,-0.2462693750858307,-0.06546243443153799,-0.16034658253192902,-0.15311399102210999,0.08646856085397303,0.11546571552753448,-0.38442763686180115,0.024664202937856317,-0.12549208104610443,-0.36915677785873413,0.048948133597150445,-0.7133127161950794,-0.45351097078034486,-2.3310502610084742,0.002970749681646181,0.005470080809159726,0.9335776381759052,0.413697417824941,0.5227673579455644,0.542991373235162,1.5728641406481576,12.458316128883006
swipe_right,shahzaib,swipe_right,0.1970827281475067,-0.20638716220855713,-0.5341746310004964,-0.17383858561515808,0.022539615631103516,-0.06918181723449379,0.1818506419658661,-0.24620753526687622,-0.1029887223849073,-0.15991684794425964,-0.15242654085159302,0.11029080057051033,0.1143510639667511,-0.38437503576278687,0.03073091374244541,-0.12566718459129333,-0.36840763688087463,0.06541435921099037,-0.7486049876068496,-0.2124752059127322,-2.4733509776661973,4.831588629520248e-05,0.003887848420576573,0.19086398198410207,0.4162647821243233,0.5980321779568334,0.012424214335419896,3.523241505518576,22.506699730458664
swipe_right,shahzaib,swipe_right,0.16737303137779236,-0.2192058265209198,-0.6717945942655206,-0.17529121041297913,0.022851914167404175,-0.03190535772591829,0.17285999655723572,-0.24864348769187927,-0.15809147153049707,-0.1604112982749939,-0.15211638808250427,0.14951068069785833,0.11211076378822327,-0.38445624709129333,0.030702252872288227,-0.12745490670204163,-0.3676134943962097,0.0925608342513442,-0.9002938415064978,-0.38844437310190005,-4.170301917121954,-0.0440189332673045,0.009463592009110908,1.1295896820780482,0.41260559882628317,0.7237841114285312,4.650906581597022,2.317684554503178,28.478060947944204
swipe_right,shahzaib,swipe_right,0.14057745039463043,-0.23615676164627075,-0.9190382584929466,-0.175567165017128,0.02487778663635254,0.0045937043614685535,0.15052802860736847,-0.24954628944396973,-0.3199149891734123,-0.16032420098781586,-0.15012037754058838,0.14974568039178848,0.10953225195407867,-0.3837943375110626,0.024685192853212357,-0.12869195640087128,-0.36525294184684753,0.09617689996957779,-0.8119873025200604,-0.5136647007682119,-7.492232249315959,-0.0083622607317838,0.06139007481661725,1.1060321844662708,0.4034684029852191,0.9557063412859368,0.13621297162108514,1.5807699468850929,2.037912832157342
swipe_right,shahzaib,swipe_right,0.10308605432510376,-0.24737650156021118,-0.9190385304391384,-0.17327594757080078,0.026942968368530273,0.027366220951080322,0.122225821018219,-0.24840253591537476,-0.3372509442269802,-0.15871495008468628,-0.14823317527770996,0.17782967165112495,0.10885131359100342,-0.3820505142211914,0.02176283486187458,-0.1292267143726349,-0.3624226748943329,0.09830768033862114,-1.1361029111977807,-0.33999211860425627,-8.240793690536981e-06,0.06943083170688531,0.06258126461144665,0.6900762602912675,0.3982193236884465,0.9504091418188606,1.1094330340705827,3.3415467814811186,12.823321378843556
swipe_right,shahzaib,swipe_right,0.09503933787345886,-0.2657354772090912,-0.9190397821366787,-0.17022433876991272,0.028205543756484985,0.03418595716357231,0.11839398741722107,-0.2675701379776001,-0.3524034284055233,-0.1569083333015442,-0.14888432621955872,0.1790301539003849,0.10840144753456116,-0.3815816640853882,-0.008467952720820904,-0.1289617419242859,-0.3611600995063782,0.10483672097325325,-0.2438398924740884,-0.5563325954206075,-3.793022849343049e-05,0.09247299396630512,0.03825986024105197,0.20665867310581837,0.3978689941159518,0.9180086827008311,2.4169083858466482,0.43829798250766605,14.684156725047186
swipe_right,shahzaib,swipe_right,0.07237580418586731,-0.2693268358707428,-0.9189558066427708,-0.17038410902023315,0.029402196407318115,0.12728553637862206,0.1163647472858429,-0.28673630952835083,-0.35231945291161537,-0.15590542554855347,-0.15050727128982544,0.21376625820994377,0.1079542338848114,-0.3815084397792816,-0.010366379283368587,-0.1277705430984497,-0.35996344685554504,0.10492069646716118,-0.6867737481088366,-0.1088290503530794,0.0025447119366038993,-0.0048415227369828775,0.03626220154039796,2.8211993701530296,0.3923285692099655,0.9161797227752977,0.1335106259602953,6.310515761783841,79.28339031657042
swipe_right,shahzaib,swipe_right,0.03894150257110596,-0.26885756850242615,-0.8779144324362278,-0.17001530528068542,0.030270248651504517,0.12728553637862206,0.1160392165184021,-0.28593847155570984,-0.35231945291161537,-0.1550891399383545,-0.14967909455299377,0.21376625820994377,0.10727471113204956,-0.3816176950931549,-0.028742915019392967,-0.1264742910861969,-0.35909539461135864,0.10492069646716118,-1.0131606549927572,0.014220223282322583,1.2436780062588642,0.011175870895385619,0.026304613460193693,0.0,0.39243038890337373,0.8593465770764438,0.42484737762520625,71.24286250762599,85.49280035959116
swipe_right,shahzaib,swipe_right,0.011503428220748901,-0.27133047580718994,-0.8620063699781895,-0.16966378688812256,0.031167685985565186,0.12728553637862206,0.11564430594444275,-0.2891016900539398,-0.35231945291161537,-0.15453022718429565,-0.14883410930633545,0.21376625820994377,0.10517385601997375,-0.3816748857498169,-0.06660709157586098,-0.1248650848865509,-0.3583759367465973,0.09839040413498878,-0.8314567984956704,-0.07493658499284242,0.48206249872843543,0.010652072501905063,0.02719507072911125,0.0,0.39317437146856354,0.8084615327476139,0.3916768936220944,11.095324176447454,0.0313058156052182
swipe_right,shahzaib,swipe_right,-0.015195667743682861,-0.27179935574531555,-0.8359109200537205,-0.1684223711490631,0.03163796663284302,0.12728553637862206,0.10842686891555786,-0.2911992371082306,-0.3430292345583439,-0.15409332513809204,-0.14827221632003784,0.21376625820994377,0.10437220335006714,-0.3827752470970154,-0.09029894694685936,-0.12482762336730957,-0.3578140437602997,0.07405057922005653,-0.8090635140736918,-0.014208482973503378,0.7907712098323957,0.03761865875937731,0.014250928705388884,0.0,0.3954836672949839,0.7632491982960102,2.639548620893191,56.938279568817805,0.9064342936259354
swipe_right,shahzaib,swipe_right,-0.031030312180519104,-0.27179935574531555,-0.7229570392519236,-0.1677495688199997,0.03163796663284302,0.12339587323367596,0.10357947647571564,-0.2911992371082306,-0.3329231832176447,-0.1536748856306076,-0.14834946393966675,0.19410519115626812,0.1041022390127182,-0.3836664408445358,-0.0933989118784666,-0.12490920722484589,-0.3578140437602997,0.05843830853700638,-0.47983771020716004,0.0,3.422844872781733,0.020387949365558097,0.0,-0.11786858014988207,0.39714940537810967,0.6535430260224364,20387.9493655581,479837.71020716004,3.6354782383876594
swipe_right,shahzaib,swipe_right,-0.04686543345451355,-0.27179935574531555,-0.6101024299860001,-0.16707724332809448,0.03163796663284302,0.11568807065486908,0.09873160719871521,-0.2911992371082306,-0.3229164034128189,-0.15325692296028137,-0.1484256386756897,0.17434485256671906,0.10383179783821106,-0.3845576345920563,-0.09339344874024391,-0.1249912679195404,-0.3578140437602997,0.04272676631808281,-0.4798521598180147,0.0,3.419836644421933,0.020373499754703456,0.0,-0.23356977511536048,0.39845633343677084,0.5499202271855432,20373.499754703458,479852.1598180147,3.5060968444777334
swipe_right,shahzaib,swipe_right,-0.06836140155792236,-0.27179935574531555,-0.5099591594189405,-0.1663859784603119,0.03163796663284302,0.0513791348785162,0.09359386563301086,-0.2911992371082306,-0.2790840547531843,-0.1534499228000641,-0.14847782254219055,0.12660777755081654,0.10242059826850891,-0.38489219546318054,-0.09338014014065266,-0.12537598609924316,-0.35650962591171265,0.03386563993990421,-0.651392972830563,0.0,3.034644562638134,0.020947420235835915,0.0,-1.9487556295864297,0.3907007749884227,0.4642139174594252,20947.420235835914,651392.972830563,51.97533183306582
swipe_right,shahzaib,swipe_right,-0.08286117017269135,-0.2707701325416565,-0.458722110837698,-0.16585315763950348,0.03162175416946411,0.049632132053375244,0.0860459953546524,-0.2896362841129303,-0.24435221776366234,-0.15396694839000702,-0.14897537231445312,0.12525445595383644,0.10129393637180328,-0.3853527009487152,-0.09335003793239594,-0.12621624767780304,-0.35606199502944946,0.033895742148160934,-0.43938692772027327,0.031188581929062428,1.552637835795233,0.016146085479042786,-0.0004912867690577663,-0.052939479549725985,0.390022317299263,0.4248988349104876,32.798130061358926,14.087618382305179,57.449160412180184
swipe_right,shahzaib,swipe_right,-0.09459377825260162,-0.2692139744758606,-0.41365405172109604,-0.16561679542064667,0.031575411558151245,0.049617234617471695,0.0756770521402359,-0.28842926025390625,-0.22186177223920822,-0.15438954532146454,-0.1498030722141266,0.12375912815332413,0.1006140261888504,-0.38569313287734985,-0.0880819708108902,-0.12742950022220612,-0.35581105947494507,0.033880844712257385,-0.3555335781791002,0.04715630502411825,1.3656987611091531,0.007162491480509458,-0.0014043215549353432,-0.000451437451622704,0.38958205993256123,0.39707765125347083,5.096692251930196,7.539310781166676,1.6139125263592182
swipe_right,shahzaib,swipe_right,-0.10421480238437653,-0.26854056119918823,-0.4012781111523509,-0.16516341269016266,0.03168892860412598,0.04972436372190714,0.06778968870639801,-0.2877890467643738,-0.21859211008995771,-0.1548796147108078,-0.15097826719284058,0.12386625725775957,0.10033787786960602,-0.3858519494533539,-0.08277613949030638,-0.12784741818904877,-0.3558955490589142,0.03398797381669283,-0.2915461858113614,0.020406462929465605,0.3750285020831869,0.013738870620727574,0.0034399104840827795,0.003246336498043762,0.38969455312871354,0.39629189591236585,3.992800941576907,14.286253358344132,0.2716965013051647
swipe_right,shahzaib,swipe_right,-0.11651335656642914,-0.2689109742641449,-0.38067111652344465,-0.16424764692783356,0.03064441680908203,0.049728297628462315,0.05990158021450043,-0.28803083300590515,-0.2123149810358882,-0.15528513491153717,-0.15249103307724,0.12387019116431475,0.10016559064388275,-0.38695600628852844,-0.07975161354988813,-0.1280100792646408,-0.35699960589408875,0.040891160257160664,-0.3726834600622013,-0.01122463833202018,0.6244543826941303,0.02775047764633648,-0.03165187257708933,0.00011920928955078155,0.38943439068033026,0.3891489984821484,0.8767127716055242,33.19931116960658,1.1489354254985884
swipe_right,shahzaib,swipe_right,-0.12380878627300262,-0.2704777121543884,-0.3775690132752061,-0.16387705504894257,0.02907046675682068,0.050933743827044964,0.055097684264183044,-0.28924208879470825,-0.21135117951780558,-0.15594898164272308,-0.15439608693122864,0.1238466864451766,0.10015533864498138,-0.38847294449806213,-0.07796835992485285,-0.12801791727542877,-0.35863280296325684,0.051136440597474575,-0.2210736274719214,-0.04747690576495494,0.0940031287345009,0.01123005693609052,-0.04769545612913137,0.036528672684322305,0.3893581181887438,0.3922287031746586,0.23544845566066247,4.6563474927974475,1.305483912027973
swipe_right,shahzaib,swipe_right,-0.13213138282299042,-0.27087971568107605,-0.3640995817258954,-0.16353850066661835,0.02778393030166626,0.050932436250150204,0.051726266741752625,-0.2885436713695526,-0.19040838349610567,-0.1566576510667801,-0.15591704845428467,0.12855742406100035,0.10026000440120697,-0.3893071115016937,-0.06687354762107134,-0.12817783653736115,-0.35993078351020813,0.06346951704472303,-0.25219989545417615,-0.012181925051140094,0.40816459240335506,0.010259223706794532,-0.03898595318649764,-3.962354226545864e-05,0.3895256785742571,0.3954416774778831,0.2631450490044349,20.701095541138127,1.1395060581451206
swipe_right,shahzaib,swipe_right,-0.13189271092414856,-0.2708735466003418,-0.36401499062776566,-0.1632998287677765,0.027415573596954346,0.05101702734827995,0.05196493864059448,-0.2853231430053711,-0.18581930547952652,-0.15659460425376892,-0.15655630826950073,0.1286420151591301,0.1004975438117981,-0.3892854154109955,-0.051478199660778046,-0.12796851992607117,-0.3605995178222656,0.06355410814285278,0.007232481783086621,0.00018694184043190743,0.0025633666099924095,0.007232481783086621,-0.011162324385209544,0.0025633666099924095,0.3898219990564709,0.4070698304706603,0.6478788516321398,38.48255272197889,0.8517744909061626
swipe_right,shahzaib,swipe_right,-0.13210758566856384,-0.2698172330856323,-0.34814400505274534,-0.1630786955356598,0.027278602123260498,0.05227258149534464,0.05218607187271118,-0.2807480990886688,-0.17666764091700315,-0.15719416737556458,-0.15759146213531494,0.1295840935781598,0.1007186770439148,-0.38917675614356995,-0.0472667096182704,-0.12774738669395447,-0.36108389496803284,0.06357687432318926,-0.006511355891372235,0.032009500445741676,0.48093895681879856,0.006701007033839387,-0.004150650717995394,0.03804709536559663,0.39013012901824234,0.3987253581868637,1.6140584767388473,0.20341312384069377,1.0961745986021816
swipe_right,shahzaib,swipe_right,-0.13231582939624786,-0.2655852735042572,-0.3465707218274474,-0.16289736330509186,0.027177810668945312,0.05229176301509142,0.052367404103279114,-0.2779834568500519,-0.17226011212915182,-0.1585066169500351,-0.15803956985473633,0.12976027373224497,0.10090000927448273,-0.38839825987815857,-0.04724752809852362,-0.12756605446338654,-0.3617311120033264,0.06359605584293604,-0.006310415990424895,0.12824119943561008,0.04767524925145248,0.005494916077816139,-0.0030542864943995697,0.0005812581741448619,0.39067408226668,0.39883208413197047,1.7984945398372565,0.04920701624111906,1.1364022726205025
swipe_right,shahzaib,swipe_right,-0.1329975724220276,-0.25918853282928467,-0.3457485372200608,-0.16330787539482117,0.02714526653289795,0.051066274754703045,0.05380329489707947,-0.27313369512557983,-0.1678083771839738,-0.15905499458312988,-0.15809613466262817,0.1297675734385848,0.10093751549720764,-0.38757872581481934,-0.04724022839218378,-0.12752854824066162,-0.36285510659217834,0.0627841716632247,-0.020658879569082602,0.19384062651431969,0.024914685072320943,-0.012439760294827578,-0.0009861859408291929,-0.03713600789055689,0.39181342549389736,0.40039590089550414,12.601233243231489,0.10657607419300347,1.267131209540512
idle,shahzaib,swipe_right,-0.13412687182426453,-0.24944746494293213,-0.30706520564854145,-0.16467756032943726,0.027164578437805176,0.040861619636416435,0.05529212951660156,-0.26810121536254883,-0.16059602983295918,-0.159129798412323,-0.15809780359268188,0.12960798852145672,0.10156500339508057,-0.38737648725509644,-0.04724281467497349,-0.12747696042060852,-0.3636789917945862,0.05905007757246494,-0.03422119400717958,0.2951838753440131,1.1722221688339076,-0.04150560407927496,0.0005852092396129197,-0.309231973281409,0.3930310433383989,0.3769386556080743,70.80339454676893,0.1159313937318017,8.292379086173591
idle,shahzaib,swipe_right,-0.1340978741645813,-0.23569586873054504,-0.2972923992201686,-0.16672563552856445,0.027058511972427368,0.03089692909270525,0.05624115467071533,-0.26432785391807556,-0.1580936936661601,-0.15952429175376892,-0.15818461775779724,0.12360046524554491,0.10261344909667969,-0.38725611567497253,-0.05844650324434042,-0.12712371349334717,-0.36505183577537537,0.05434057954698801,0.0008787169600978064,0.4167150367390036,0.29614564934463283,-0.06206288482203644,-0.0032141353144790265,-0.3019603195064003,0.39480177530807636,0.3688497269057538,19.303350792902155,0.002108670851676778,0.6707271380113147
idle,shahzaib,swipe_right,-0.13299712538719177,-0.2156631350517273,-0.2745590740814805,-0.16773685812950134,0.027029991149902344,-0.002975019859150052,0.05679142475128174,-0.2542423903942108,-0.15629031602293253,-0.1664648950099945,-0.1582089066505432,0.09419780876487494,0.10344952344894409,-0.3862239420413971,-0.09260610584169626,-0.12712371349334717,-0.36507612466812134,0.017106409184634686,0.03335602355725846,0.6070525357217514,0.6888886405663074,-0.030643109119299763,-0.0008642673492431662,-1.0264226955107694,0.39471495711661997,0.34366391908094496,35.41461392955916,0.054947416651811576,21.974157508116612
idle,shahzaib,swipe_right,-0.132999986410141,-0.19289618730545044,-0.2543333638459444,-0.169120192527771,0.025711417198181152,-0.03748179040849209,0.05726301670074463,-0.24274909496307373,-0.1217812318354845,-0.16767260432243347,-0.15813416242599487,0.0862384494394064,0.10359299182891846,-0.3855663239955902,-0.09568857587873936,-0.1271265745162964,-0.3650859594345093,0.015330681577324867,-8.669766512784112e-05,0.6899075074629367,0.612900310167762,-0.0419192241899896,-0.039956786415793775,-1.0456597136164278,0.39657938768163337,0.3438985136248551,1.049087748600121,0.0001256654530129833,1.3637840605715956
idle,shahzaib,swipe_right,-0.1330081820487976,-0.17574337124824524,-0.2449140390381217,-0.16999617218971252,0.023419588804244995,-0.042879450134932995,0.06165173649787903,-0.2373933494091034,-0.11646304931491613,-0.1683681309223175,-0.1540091335773468,0.08201563451439142,0.1037207543849945,-0.38541632890701294,-0.09884729888290167,-0.127134770154953,-0.3653406798839569,0.012883169576525688,-0.0002483526865641282,0.5197823047637953,0.2854340850855372,-0.02654483824065244,-0.06944934527079281,-0.16356544625578545,0.395071026591413,0.3483372375988854,0.3822131932843797,0.00047780043007919796,26.74912319360874
idle,shahzaib,swipe_right,-0.11084648966789246,-0.1485571563243866,-0.22461163997650146,-0.17089655995368958,0.023409873247146606,-0.09832154959440231,0.07060748338699341,-0.22842541337013245,-0.11646413803100586,-0.16834402084350586,-0.14916560053825378,0.060035575181245804,0.10375529527664185,-0.38527265191078186,-0.10024780035018921,-0.12711066007614136,-0.36490070819854736,0.00035604933509603143,0.6715664357849972,0.8238246946623741,0.6152242139884853,-0.027284477696273967,-0.00029441082116328987,-1.6800636199839003,0.40303794017594735,0.3428622413720881,92.36113148743569,0.815180250065183,46.00225233981494
idle,shahzaib,swipe_right,-0.08627037703990936,-0.1212446391582489,-0.22464663535356522,-0.17155452072620392,0.023382574319839478,-0.10980462282896042,0.07510386407375336,-0.2151487171649933,-0.11649913340806961,-0.16885675489902496,-0.14906367659568787,0.048264265060424805,0.10324256122112274,-0.38483816385269165,-0.10406623035669327,-0.1276327520608902,-0.36479878425598145,0.0002709484251681715,0.7447306856964592,0.827652035337508,-0.0010604659716288275,-0.01993820522770742,-0.0008272402214281507,-0.34797191619873136,0.40587007809812997,0.34631825550839684,24.072973893163006,0.8998102512760869,40.36703233188454
idle,shahzaib,swipe_right,-0.06414090096950531,-0.08880695700645447,-0.22464486211538315,-0.17103774845600128,0.017881780862808228,-0.14371558278799057,0.07886452972888947,-0.2010803520679474,-0.11649736016988754,-0.16831032931804657,-0.14857777953147888,0.02214205078780651,0.10378898680210114,-0.3822537064552307,-0.11042939126491547,-0.1270969659090042,-0.36431288719177246,-0.0016106399707496166,0.6705901839516396,0.9829600652058944,5.37344903656932e-05,0.015659765763716305,-0.1666907108191292,-1.0276048472433406,0.4101187284595583,0.3568705868387464,0.09394447802331406,0.682214390466397,21.226809360065136
idle,shahzaib,swipe_right,-0.039710596203804016,-0.052789002656936646,-0.22464713733643293,-0.17011530697345734,0.02153673768043518,-0.14418089669197798,0.08666931092739105,-0.19048628211021423,-0.11649963539093733,-0.16710247099399567,-0.14492282271385193,-0.00886304210871458,0.10474805533885956,-0.3781870901584625,-0.14696193020790815,-0.12613894045352936,-0.3606579303741455,-0.04176063742488623,0.7403122656273138,1.0914531621066035,-6.894609241774605e-05,0.027952772198301442,0.11075626720081704,-0.014100421332951783,0.3981163078925359,0.3643997924831698,0.25237867369569084,0.678280674836995,31.844421575122624
idle,shahzaib,swipe_right,-0.009880706667900085,-0.02910807728767395,-0.22036864096298814,-0.16980783641338348,0.02153673768043518,-0.1917868577875197,0.0918789952993393,-0.1788713037967682,-0.10833643609657884,-0.16589604318141937,-0.14537271857261658,-0.07103511178866029,0.10535632073879242,-0.3754510283470154,-0.1510906689800322,-0.12562431395053864,-0.36155810952186584,-0.10933578992262483,0.9039360465425456,0.7176037990685683,0.1296514052559032,0.009317289699207676,0.0,-1.4426048816830859,0.3943501289491872,0.37152718559493786,9317.289699207677,1.2596571925324778,43.421601403885774
idle,shahzaib,swipe_right,0.019993141293525696,0.002021700143814087,-0.216836731065996,-0.16725574433803558,0.02153673768043518,-0.22155849181581289,0.1032424122095108,-0.17054161429405212,-0.10668445669580251,-0.16233669221401215,-0.14652231335639954,-0.08859180950094014,0.10886110365390778,-0.3733452260494232,-0.18508156680036336,-0.12268953025341034,-0.3631998598575592,-0.11790306412149221,0.9052681200432078,0.9433265888329732,0.10702757263612593,0.07733612349539111,0.0,-0.902170728130099,0.40093995138105387,0.38704810356257124,77336.12349539112,0.9596540276778608,16.505992346981483
idle,shahzaib,swipe_right,0.04251876473426819,0.020330756902694702,-0.22036769310943782,-0.16735893487930298,0.025532573461532593,-0.24180210451595485,0.1198866069316864,-0.15908142924308777,-0.10664080898277462,-0.1608096957206726,-0.14655664563179016,-0.11274337093345821,0.1103646457195282,-0.3703232705593109,-0.2024725608061999,-0.12291797995567322,-0.36339348554611206,-0.14008196513168514,0.6825946497194619,0.554819901784255,-0.10699884980126646,-0.003126986099011936,0.12108593276052632,-0.6134428090952043,0.40445699969971743,0.39690536466404924,0.02582430678293072,1.2302972860688879,9.795893442008566
idle,shahzaib,swipe_right,0.07132925093173981,0.036897212266922,-0.21673133876174688,-0.16909082233905792,0.026731282472610474,-0.2673894753679633,0.13012869656085968,-0.1575569212436676,-0.09943461325019598,-0.16078872978687286,-0.1479712426662445,-0.15147033240646124,0.11038561165332794,-0.3689418435096741,-0.2024108162149787,-0.12406767904758453,-0.3647686243057251,-0.2051040967926383,0.8730450362870327,0.5020137989159866,0.11019255599063629,-0.052481438174393075,0.03632451548720909,-0.7753748743032991,0.39897209028146513,0.40796545916592786,1.444754120361287,1.7390822704275273,5.736992997251013
idle,shahzaib,swipe_right,0.09416650235652924,0.03850176930427551,-0.2048615673556924,-0.17098157107830048,0.02711048722267151,-0.267344550229609,0.14006738364696503,-0.15514740347862244,-0.09857648704200983,-0.16069279611110687,-0.1480376422405243,-0.15142540726810694,0.11107610166072845,-0.367344468832016,-0.198867023922503,-0.1245422214269638,-0.364836186170578,-0.205059171654284,0.6920379219633084,0.04862294052586358,0.3596900426077081,-0.05729541634068282,0.011491053032152454,0.0013613678289182108,0.3995726171352903,0.40624258529723395,4.985655407295961,14.232452460228027,23.54994039177898
idle,shahzaib,swipe_right,0.11624470353126526,0.04864060878753662,-0.19995509646832943,-0.1731002926826477,0.023918449878692627,-0.2674806024879217,0.14932319521903992,-0.1560056209564209,-0.07285499386489391,-0.16060662269592285,-0.15159112215042114,-0.15156145952641964,0.11214998364448547,-0.36894240975379944,-0.1990030761808157,-0.12464603781700134,-0.3686350882053375,-0.2051952239125967,0.6690363992344176,0.3072375600988181,0.14868093598069404,-0.06420368498021836,-0.09672840436299536,-0.004122795706445475,0.40040674752200006,0.4176041791549419,0.6637452737668259,2.1775795297935043,3.290252066811529
idle,shahzaib,swipe_right,0.13938842713832855,0.046749114990234375,-0.19995509646832943,-0.1741296499967575,0.02214038372039795,-0.2674806024879217,0.1577387899160385,-0.15657764673233032,-0.07162067107856274,-0.16064806282520294,-0.1534826159477234,-0.15156145952641964,0.11323444545269012,-0.36932751536369324,-0.1990030761808157,-0.12472061812877655,-0.370691180229187,-0.2051952239125967,0.701324957789808,-0.05731799385764474,0.0,-0.031192645882115715,-0.05388079267559715,0.0,0.40079590622844385,0.41689890792291534,0.5789088360499695,12.235472233368084,1.6438224994294797
idle,shahzaib,swipe_right,0.15705092251300812,0.04473409056663513,-0.17688614688813686,-0.17425166070461273,0.020357340574264526,-0.25265311263501644,0.1636197715997696,-0.15859267115592957,-0.05846157483756542,-0.16029022634029388,-0.1555473506450653,-0.1357435341924429,0.11543174088001251,-0.36967331171035767,-0.18631464801728725,-0.12416635453701019,-0.37278634309768677,-0.19059688411653042,0.5352271325660416,-0.06106134616967337,0.6990590781876458,-0.003697294177431008,-0.054031610488891005,0.4493178743304579,0.40115018310227946,0.4165987853742591,0.0684270877156891,8.765256596574442,13.641163105023852
idle,shahzaib,swipe_right,0.16610166430473328,0.0445978045463562,-0.15399647317826748,-0.17493310570716858,0.020749032497406006,-0.24006657861173153,0.16688814759254456,-0.1587289571762085,-0.043492281809449196,-0.1606145203113556,-0.1556949019432068,-0.12317807786166668,0.11625376343727112,-0.36952370405197144,-0.1580702718347311,-0.12427809834480286,-0.3735012412071228,-0.1768972035497427,0.2742649027795546,-0.004129879402391904,0.6936264760566591,-0.020649848562298727,0.01186945221640866,0.38141012191773066,0.40247928894875995,0.41713071445308425,1.7396008328776398,66.3938295126086,2.9131603487057074
idle,shahzaib,swipe_right,0.17648303508758545,0.04225844144821167,-0.11295592784881592,-0.17639800906181335,0.021198689937591553,-0.2380271926522255,0.16880661249160767,-0.15928339958190918,-0.018451737239956856,-0.16097399592399597,-0.15613430738449097,-0.12316706031560898,0.11676245927810669,-0.369319349527359,-0.14216170459985733,-0.12441852688789368,-0.3741763234138489,-0.1730600669980049,0.3145869934197594,-0.0708897908528638,1.2436528887712457,-0.044391010746810886,0.013625983035925514,0.06179957453048523,0.40403464599646877,0.41691222408916956,3.2575817134123226,4.437628493561246,9.711997360509582
idle,shahzaib,swipe_right,0.18156537413597107,0.03975591063499451,-0.09901740960776806,-0.1777307689189911,0.021798163652420044,-0.23802178911864758,0.17022427916526794,-0.1578364074230194,-0.013251984491944313,-0.1613897979259491,-0.15616276860237122,-0.12316165678203106,0.11718621850013733,-0.3690788745880127,-0.1385421436280012,-0.12461420893669128,-0.3745027482509613,-0.17189904861152172,0.15401027419350194,-0.07583426706718593,0.4223793406378093,-0.04038666233871878,0.018165870146317716,0.0001637434417551196,0.405275213320501,0.4157556516610394,2.2230941275762266,2.0308529283223486,1.8767391212537108
idle,shahzaib,swipe_right,0.18165241181850433,0.03807976841926575,-0.09802213218063116,-0.17879445850849152,0.02256271243095398,-0.23802135046571493,0.1703113168478012,-0.15783867239952087,-0.013119116425514221,-0.16204936802387238,-0.15616503357887268,-0.12316121812909842,0.11770312488079071,-0.3688719868659973,-0.13837360497564077,-0.12479265034198761,-0.37468889355659485,-0.17189860995858908,0.0026375055313110772,-0.050792188355417774,0.030159922034451937,-0.03223301786364982,0.023168144804059022,1.3292513110421132e-05,0.4063216097589585,0.4139172426782014,1.391204471992548,0.0519263628984171,0.2899088002305026
idle,shahzaib,swipe_right,0.18179722130298615,0.03743889927864075,-0.08564104046672583,-0.17958448827266693,0.023188143968582153,-0.23802135046571493,0.17045612633228302,-0.15783867239952087,-0.0029590732883661985,-0.16272024810314178,-0.15616503357887268,-0.12316200044006109,0.11835898458957672,-0.36859989166259766,-0.13139646407216787,-0.12491466104984283,-0.37474340200424194,-0.1712806886062026,0.004388166196418483,-0.01942027698863615,0.37518459739106663,-0.02394029588410322,0.01895247083721718,0.0,0.40717640063532784,0.4135038916571919,1.2631088041718392,0.2259463267521545,0.2819017821841351
idle,shahzaib,swipe_right,0.18172048032283783,0.03688448667526245,-0.08379747625440359,-0.18024979531764984,0.024258315563201904,-0.2404839312657714,0.1703793853521347,-0.15776634216308594,-0.001390804536640644,-0.16342349350452423,-0.1557520031929016,-0.12615229841321707,0.11905305087566376,-0.3680085837841034,-0.13137256260961294,-0.1251779943704605,-0.37489983439445496,-0.1712000137194991,-0.0023254842469186865,-0.016800381920554688,0.055865582191583774,-0.02016081954493699,0.032429442261205095,-0.07462366060777263,0.408852532299538,0.4124669611753591,0.6216634168154519,0.13841029612413644,2.3007572360414286
idle,shahzaib,swipe_right,0.18011964857578278,0.03596305847167969,-0.07752678450196981,-0.1803656369447708,0.024892330169677734,-0.24113076087087393,0.1695539504289627,-0.1557825803756714,0.005142540670931339,-0.16382591426372528,-0.15546268224716187,-0.1265843128785491,0.11992193758487701,-0.36775460839271545,-0.1265552407130599,-0.1255364865064621,-0.3756771385669708,-0.17189860995858908,-0.0485100529410617,-0.027922066775234955,0.19002096219496084,-0.003510352336999103,0.019212563832600702,-0.01960089712431915,0.4101892560046995,0.4111149577252306,0.18270178128239262,1.7372752545965116,1.7874751560289361
idle,shahzaib,swipe_right,0.17616935074329376,0.03504827618598938,-0.07447792403399944,-0.180533304810524,0.025690823793411255,-0.243679603561759,0.16823478043079376,-0.15477707982063293,0.01769423484802246,-0.16428245604038239,-0.1556294858455658,-0.12761450372636318,0.12004168331623077,-0.36785146594047546,-0.1106035616248846,-0.12602578103542328,-0.3764483332633972,-0.17202832363545895,-0.1197059949239082,-0.02772067532394841,0.0923897111506163,-0.005080844416762788,0.024196776476773083,-0.07723765729954664,0.4120932876200857,0.40839145307868874,0.20997154104798757,4.318137108419839,1.7537327223610326
idle,shahzaib,swipe_right,0.17280325293540955,0.03491318225860596,-0.0745065389201045,-0.18099445104599,0.027136921882629395,-0.24511791300028563,0.16698762774467468,-0.15387505292892456,0.0176656199619174,-0.1649443507194519,-0.15558338165283203,-0.12781500350683928,0.11958053708076477,-0.367733359336853,-0.11063217651098967,-0.1268729269504547,-0.37654682993888855,-0.1720782918855548,-0.1020029638752809,-0.0040937553752553035,-0.0008671177607594252,-0.013974128347454871,0.0438211542187322,-0.04358513450080768,0.4137928190625158,0.40775232265810074,0.3188827340094909,24.910636784723955,1.210870184541465
idle,shahzaib,swipe_right,0.16938775777816772,0.03427955508232117,-0.07453592773526907,-0.18145182728767395,0.02736017107963562,-0.24559019412845373,0.166362464427948,-0.15388479828834534,0.017636231146752834,-0.16557258367538452,-0.1555931270122528,-0.13066659774631262,0.11912316083908081,-0.3677392303943634,-0.11066156532615423,-0.1276581883430481,-0.3765565752983093,-0.17292715515941381,-0.10349985324975103,-0.019200823523781305,-0.0008905701565019914,-0.013859886111634998,0.006765127182006761,-0.0143115493384273,0.41391111464620767,0.40675630944454366,2.0484223454286745,5.390105430433067,1.4310299190748859
idle,shahzaib,swipe_right,0.16717232763767242,0.033905237913131714,-0.07453297264873981,-0.1817394644021988,0.02742120623588562,-0.24826798774302006,0.1657518893480301,-0.15392497181892395,0.01763918623328209,-0.16612650454044342,-0.15563330054283142,-0.13131260313093662,0.11872698366641998,-0.367779403924942,-0.11031456477940083,-0.12837116420269012,-0.37659674882888794,-0.17336142994463444,-0.06713424668167683,-0.0113429445208927,8.95480766440897e-05,-0.008716276197722602,0.0018495501893939688,-0.08114526104746572,0.41435452921635735,0.40617462399376886,4.71009986526065,5.918069024229835,2.036707366580527
idle,shahzaib,swipe_right,0.16651612520217896,0.03343936800956726,-0.0952692748978734,-0.18212977051734924,0.0274752676486969,-0.26970042008906603,0.16474026441574097,-0.15394547581672668,0.017306172288954258,-0.1668040156364441,-0.15565380454063416,-0.14220276195555925,0.11799585819244385,-0.36779990792274475,-0.11032781470566988,-0.12910035252571106,-0.3766172528266907,-0.1766010792925954,-0.019884922287680667,-0.014117269804983273,-0.6283727954282836,-0.011827458034862041,0.0016382246306448091,-0.6494676468498708,0.41805546466159343,0.40444274314484246,7.215275938240121,1.4084532001691852,17.222149722396697
idle,shahzaib,swipe_right,0.16510015726089478,0.033127397298812866,-0.09567187819629908,-0.18217724561691284,0.02750536799430847,-0.27129188273102045,0.16343718767166138,-0.15408864617347717,0.013824280351400375,-0.16714468598365784,-0.15591296553611755,-0.14242726657539606,0.11764335632324219,-0.3677919805049896,-0.11033507529646158,-0.12929877638816833,-0.3766331970691681,-0.1766083398833871,-0.042908119432854615,-0.00945365790164847,-0.01220009995229336,-0.001438639380715133,0.0009121316851991741,-0.048226140665286285,0.4184364773364301,0.4039845353513205,1.5755004497531306,4.53830481009507,18.22217247778161
idle,shahzaib,swipe_right,0.16376899182796478,0.0328657329082489,-0.09612714685499668,-0.18211598694324493,0.027574807405471802,-0.2732464913278818,0.16232280433177948,-0.15414395928382874,0.01381254568696022,-0.16742421686649323,-0.15599605441093445,-0.14353988505899906,0.1173245757818222,-0.36782604455947876,-0.1096367035061121,-0.12944002449512482,-0.3766716420650482,-0.1765978131443262,-0.040338346452423575,-0.007929223956483697,-0.013796019960533337,0.0018563234444820315,0.002104224580706949,-0.05923056354125276,0.41896409860987605,0.4036006596042973,0.8817697938234528,5.08665917555118,0.3499641701771093
idle,shahzaib,swipe_right,0.16319796442985535,0.03274178504943848,-0.0964939845725894,-0.1818990409374237,0.027579128742218018,-0.275146777741611,0.1621403992176056,-0.15428411960601807,0.01332186535000801,-0.16766133904457092,-0.15621435642242432,-0.14598699938505888,0.11723437905311584,-0.367948442697525,-0.11031632404774427,-0.1295352280139923,-0.3767956793308258,-0.1807590676471591,-0.0173038605487706,-0.003755995721527983,-0.01111629447250643,0.006574121388521989,0.00013094959837017494,-0.057584436779671816,0.4185331457899905,0.4035546640309894,49.822973845504045,4.605770629340259,0.16279572205178477
idle,shahzaib,swipe_right,0.16277830302715302,0.032623112201690674,-0.09789165388792753,-0.18161822855472565,0.02765357494354248,-0.27513551991432905,0.16196201741695404,-0.15432167053222656,0.012930654920637608,-0.16795875132083893,-0.15654587745666504,-0.14597574155777693,0.11710195243358612,-0.36799442768096924,-0.11030506622046232,-0.12967310845851898,-0.3768496513366699,-0.18074780981987715,-0.012717012203101159,-0.003596146901448625,-0.04235361561630779,0.008509466142365562,0.0022559454946807296,0.0003411462812712753,0.41860505896343914,0.4034040593138827,3.770346320910741,3.5353052159142644,1.7574802324683165
idle,shahzaib,swipe_right,0.16263999044895172,0.032541424036026,-0.09825369250029325,-0.18122120201587677,0.02773144841194153,-0.2751249326393008,0.1616448312997818,-0.15434041619300842,0.011199031956493855,-0.16821269690990448,-0.15654250979423523,-0.1459651542827487,0.1170467883348465,-0.36800357699394226,-0.1102944789454341,-0.1297394186258316,-0.376844197511673,-0.18073722254484892,-0.004191290248524013,-0.0024753989595355137,-0.010970867041385415,0.012031107237844623,0.002359802072698394,0.0003208265160069286,0.4186178055367494,0.40331131705833945,5.096194796242737,1.6924939466579947,0.10676456890979613
idle,shahzaib,swipe_right,0.1622517853975296,0.03256195783615112,-0.11212175618857145,-0.18080337345600128,0.027946829795837402,-0.2871007276698947,0.16130705177783966,-0.1542912721633911,-0.0016856931615620852,-0.16832531988620758,-0.1565071940422058,-0.1564156962558627,0.11702056229114532,-0.36811256408691406,-0.11222898494452238,-0.129721537232399,-0.37682294845581055,-0.18073722254484892,-0.0117637894370341,0.0006222363674279514,-0.42024435419025513,0.012661471511378634,0.0065267086029053775,-0.3629028797149716,0.42161727028236023,0.40321947815052595,1.9396502328157261,18.87532572205687,11.007519812046665
idle,shahzaib,swipe_right,0.16174045205116272,0.03254088759422302,-0.11558448802679777,-0.18045982718467712,0.027977019548416138,-0.290634180419147,0.16115018725395203,-0.15426108241081238,-0.007066477555781603,-0.16838961839675903,-0.1564987599849701,-0.15907576214522123,0.11705717444419861,-0.36817941069602966,-0.11732638906687498,-0.12963569164276123,-0.37687239050865173,-0.18439170252531767,-0.015494949889905355,-0.0006384921796394046,-0.1049312678250388,0.010410493070428907,0.0009148409872343946,-0.1070743257349176,0.42163206909123946,0.4032076226694673,11.36714038303301,24.230085031911745,7.754545394957867
idle,shahzaib,swipe_right,0.1605467051267624,0.03244960308074951,-0.11684260051697493,-0.18019886314868927,0.028046607971191406,-0.2919760597869754,0.1608494371175766,-0.15478134155273438,-0.007957469206303358,-0.16853265464305878,-0.15644043684005737,-0.15907576214522123,0.11696784198284149,-0.3682703673839569,-0.1182556627318263,-0.12969253957271576,-0.3768066167831421,-0.18458093237131834,-0.036174149224252015,-0.002766197377985144,-0.03812462091445881,0.007908001090540944,0.0021087400840990238,-0.04066301114631377,0.4218894828124648,0.4030851135764937,3.7483295454937995,13.07248608720177,2.0142172741087303
idle,shahzaib,swipe_right,0.16054216027259827,0.03197851777076721,-0.12873339746147394,-0.18012431263923645,0.028165429830551147,-0.2919627735391259,0.1603592336177826,-0.15615633130073547,-0.013010434806346893,-0.16870960593223572,-0.15645793080329895,-0.15906247589737177,0.11675813794136047,-0.36839744448661804,-0.12352069560438395,-0.12975141406059265,-0.37670135498046875,-0.18459054920822382,-0.00013772285345829113,-0.014275312423706282,-0.3603271801363396,0.002259106347055182,0.0036006624048407,0.00040261357119589783,0.42188071407945704,0.40279662861756976,0.6272398945606068,0.009646948691708221,1.2569444846663125
idle,shahzaib,swipe_right,0.16054216027259827,0.03197160363197327,-0.12874722946435213,-0.18010923266410828,0.028225749731063843,-0.2919766055420041,0.15983518958091736,-0.1560055911540985,-0.013024266809225082,-0.168820321559906,-0.156692773103714,-0.15907630790024996,0.11671474575996399,-0.36833834648132324,-0.12553407717496157,-0.12976187467575073,-0.3766147792339325,-0.18475468922406435,0.0,-0.00020951935739227988,-0.0004191516023693617,0.00045696894327798977,0.001827875773111959,-0.0004191516023693617,0.4218142359948952,0.4027148156825212,0.2498633040014661,0.0,0.08055004697793985
idle,shahzaib,swipe_right,0.1605578362941742,0.03211048245429993,-0.12875903211534023,-0.18007215857505798,0.028145641088485718,-0.29114473424851894,0.1598508656024933,-0.15606293082237244,-0.013036069460213184,-0.16901054978370667,-0.1572725474834442,-0.1578593458980322,0.116647869348526,-0.3681994676589966,-0.12905201874673367,-0.1298113465309143,-0.37655091285705566,-0.18476649187505245,0.00047503095684630253,0.004208449161414011,-0.0003576560905485499,0.0011234572439482898,-0.002427534623579584,0.02520822101470236,0.42145199068601064,0.40271109644265335,0.4626070524340925,0.11284872168089878,0.7874794743070881
idle,shahzaib,swipe_right,0.16093015670776367,0.03211048245429993,-0.12877929117530584,-0.18007194995880127,0.027570754289627075,-0.29066678788512945,0.15985107421875,-0.15607509016990662,-0.013056328520178795,-0.16910874843597412,-0.15823253989219666,-0.15572565700858831,0.11664444208145142,-0.3681994676589966,-0.12907227780669928,-0.12983381748199463,-0.37661778926849365,-0.18463644292205572,0.01128243677543859,0.0,-0.0006139109080487964,6.321704748904997e-06,-0.01742081208662534,0.014483223133014752,0.4208737135428874,0.4027522396223754,0.00036286149325179246,11282.436775438591,0.5596403971827574
idle,shahzaib,swipe_right,0.16606341302394867,0.031535595655441284,-0.1155805578455329,-0.180022194981575,0.026945024728775024,-0.289278551004827,0.15990082919597626,-0.1562357246875763,-0.004355514422059059,-0.1691499501466751,-0.15886196494102478,-0.15505979862064123,0.11668293178081512,-0.3682839870452881,-0.12906782235950232,-0.12984897196292877,-0.37702932953834534,-0.18463198747485876,0.15555322170257396,-0.01742081208662534,0.3999616160537213,0.0015077265826138418,-0.01896150184400133,0.0420677842515883,0.42031361442647486,0.4030831638047645,0.07951095245856504,8.928647658987872,0.8384339514510845
idle,shahzaib,swipe_right,0.1762024611234665,0.03142768144607544,-0.09341037087142467,-0.17896784842014313,0.02674102783203125,-0.2796346824616194,0.1615612953901291,-0.15629112720489502,-0.004080809885635972,-0.16820572316646576,-0.1589120626449585,-0.1545423697680235,0.11772267520427704,-0.36826565861701965,-0.12906086258590221,-0.1290285736322403,-0.3770912289619446,-0.18462502770125866,0.30724388180357526,-0.0032701275565408016,0.6718238477002598,0.031949895800966716,-0.006181724143750838,0.29223844070326666,0.41785315278377433,0.4055189379195887,5.167608170463167,93.92598622124167,7.6466624716431895
swipe_right,shahzaib,swipe_right,0.1895204782485962,0.031391650438308716,-0.045472489669919014,-0.17702069878578186,0.026018530130386353,-0.21732601709663868,0.16515135765075684,-0.15830180048942566,0.01239828485995531,-0.16659635305404663,-0.15941569209098816,-0.1184320542961359,0.11973297595977783,-0.36825937032699585,-0.12706425972282887,-0.1271952986717224,-0.37714219093322754,-0.1653256881982088,0.4035762765190774,-0.0010918487202037344,1.4526630667122769,0.0590045343745832,-0.021893869746814835,1.888141374696364,0.409542637231588,0.4138217621329606,2.6949022787937302,369.28832788845716,48.369987049013055
swipe_right,shahzaib,swipe_right,0.2027045488357544,0.028792977333068848,-0.024084214121103287,-0.1765671968460083,0.02471327781677246,-0.18491286598145962,0.16833919286727905,-0.16217786073684692,0.01756054349243641,-0.16608572006225586,-0.15951550006866455,-0.10488377325236797,0.12058103084564209,-0.36822208762168884,-0.12616491876542568,-0.12648919224739075,-0.377109557390213,-0.16096519492566586,0.39951729051995194,-0.07874766985575483,0.6481295620853353,0.013742483023441419,-0.0395531004125428,0.9822167004599872,0.4056388644932286,0.4180738024186449,0.3474351048338748,5.073321127223532,27.491713704597366
swipe_right,shahzaib,swipe_right,0.21902698278427124,0.022823244333267212,-0.008671042509377003,-0.17712432146072388,0.024223417043685913,-0.18487395346164703,0.17200034856796265,-0.16503426432609558,0.037056464701890945,-0.16618138551712036,-0.15993204712867737,-0.08262872695922852,0.12095105648040771,-0.36777180433273315,-0.10648274421691895,-0.12636348605155945,-0.3766622841358185,-0.13583193719387054,0.4946192105611111,-0.18090099999398698,0.46706580641594286,-0.01688256408229,-0.014844265851107348,0.0011791672670479847,0.4070517500038884,0.4144279290222622,1.1372355504856577,2.734183207358414,29.752314870837232
swipe_right,shahzaib,swipe_right,0.23728664219379425,0.015375971794128418,-0.004300949163734913,-0.17780674993991852,0.02378898859024048,-0.18487395346164703,0.17751659452915192,-0.16935127973556519,0.05340474843978882,-0.16561047732830048,-0.16036856174468994,-0.08069766312837601,0.12181432545185089,-0.36758363246917725,-0.08835575729608536,-0.1256893426179886,-0.3757026791572571,-0.13053150475025177,0.5533230124097821,-0.22567492542844583,0.13242707108006188,-0.020679650884685867,-0.013164498589255448,0.0,0.4065254216867471,0.4087262227964162,1.57074574460574,2.4518477607183757,0.13079513025996115
swipe_right,shahzaib,swipe_right,0.25482533872127533,-0.004196524620056152,-0.004300949163734913,-0.1773684173822403,0.022913217544555664,-0.18487395346164703,0.18226258456707,-0.17725151777267456,0.05993460863828659,-0.1640353947877884,-0.1609746217727661,-0.07841960340738297,0.12381355464458466,-0.36791324615478516,-0.08135577291250229,-0.12393061816692352,-0.37456053495407104,-0.1301509439945221,0.5314756523479199,-0.5931059519449964,0.0,0.013282804778128172,-0.026538516535903892,0.0,0.4047660930407278,0.3941971422446929,0.5004915880874685,0.896087376155402,1.1060866541913803
swipe_right,shahzaib,swipe_right,0.2715311646461487,-0.021448969841003418,-0.004300949163734913,-0.17715981602668762,0.022059321403503418,-0.19445036351680756,0.1866869330406189,-0.18572425842285156,0.09416665136814117,-0.16295987367630005,-0.16045904159545898,-0.07841960340738297,0.12480103969573975,-0.3688964247703552,-0.039076853543519974,-0.12301361560821533,-0.3740173578262329,-0.10822911560535431,0.5062371492385809,-0.5228013703317296,0.0,0.0063212531985657894,-0.025875640637946565,-0.2901942440957702,0.4089531152110485,0.3787595900175711,0.24428415137071713,0.9683145639094219,8.796317886851428
swipe_right,shahzaib,swipe_right,0.29234305024147034,-0.03201386332511902,-0.008712704293429852,-0.1772441267967224,0.02164366841316223,-0.22772878222167492,0.19268271327018738,-0.19109556078910828,0.09412498958408833,-0.16256296634674072,-0.16045215725898743,-0.07846126519143581,0.1253802478313446,-0.36955299973487854,-0.022192293778061867,-0.12314072251319885,-0.3738809823989868,-0.10228987596929073,0.630663199858242,-0.32014828739744755,-0.13368954938469724,-0.0025548718192361024,-0.012595545161854339,-1.0084369304505423,0.41845172595764646,0.3768168591365879,0.2028232175099033,1.9699034940387319,21.770311606219238
swipe_right,shahzaib,swipe_right,0.30578815937042236,-0.05406594276428223,-0.021498771384358406,-0.17750731110572815,0.021221280097961426,-0.2493963073939085,0.19951844215393066,-0.2000112533569336,0.09412498958408833,-0.16253402829170227,-0.1602681279182434,-0.07846126519143581,0.12547528743743896,-0.3704579472541809,-0.01450440101325512,-0.12354311347007751,-0.3735049068927765,-0.09157323651015759,0.4074275493621781,-0.6682448314897869,-0.38745657851298226,-0.00797528209108286,-0.01279964591517579,-0.6565916718858589,0.4285195666779803,0.3642328287054102,0.6230374735721559,0.6096971057101237,10.663244478538017
swipe_right,shahzaib,swipe_right,0.3058007061481476,-0.077172189950943,-0.02239350974559784,-0.17775070667266846,0.020872682332992554,-0.2493963073939085,0.2029995620250702,-0.21198377013206482,0.09412498958408833,-0.16252148151397705,-0.16023662686347961,-0.07669095508754253,0.12482044100761414,-0.37184783816337585,-0.010178803466260433,-0.12425470352172852,-0.3730902075767517,-0.09084293805062771,0.00038020538561272507,-0.700189308686701,-0.027113283673922652,-0.0073756232406155,-0.010563568635420535,0.0,0.42802774665816873,0.34603004648331587,0.6981471269812907,0.0005430029249131571,19.89684100841305
swipe_right,shahzaib,swipe_right,0.30565786361694336,-0.10676655173301697,-0.0862629022449255,-0.17789354920387268,0.021047085523605347,-0.2493963073939085,0.20285671949386597,-0.22390756011009216,0.09014074690639973,-0.16266432404518127,-0.15939083695411682,-0.06541883759200573,0.12268990278244019,-0.37393471598625183,-0.004789663013070822,-0.12499392032623291,-0.3721541166305542,-0.06489880941808224,-0.004328561551643093,-0.8967988418810197,-1.935436136343241,-0.004328561551643093,0.005284945170084578,0.0,0.43754414962402166,0.3339071598413409,0.8188812808994449,0.004826675194950996,0.48905370927931474
swipe_right,shahzaib,swipe_right,0.305356428027153,-0.1350400447845459,-0.1456905771046877,-0.17819498479366302,0.02238565683364868,-0.24957005865871906,0.20255528390407562,-0.23536396026611328,0.07906757853925228,-0.16296575963497162,-0.15784698724746704,-0.022196602076292038,0.1196402758359909,-0.37662047147750854,0.004894211422652006,-0.12583132088184357,-0.370594322681427,-0.026217443868517876,-0.009134411811828513,-0.8567725167129885,-1.800838632113986,-0.009134411811828513,0.0405627669710097,-0.005265189842744249,0.45504022693775026,0.3398931748088926,0.22518647783271054,0.010661407750875262,1.0906325961986305
swipe_right,shahzaib,swipe_right,0.3042774051427841,-0.15795990824699402,-0.2539517884142697,-0.17836306989192963,0.024762719869613647,-0.2027599816210568,0.20238719880580902,-0.2425808608531952,0.026941619347780943,-0.16298364102840424,-0.15502026677131653,0.017034681048244238,0.11733870208263397,-0.3772905468940735,0.007245341781526804,-0.12613312900066376,-0.3677035868167877,0.004820073954761028,-0.03269766316269435,-0.6945413170438935,-3.2806427669570826,-0.005093487826260734,0.07203221321106072,1.4184871829594852,0.44704278104274225,0.3889420889716959,0.07071026821108999,0.04707799994370671,43.15472275035082
swipe_right,shahzaib,swipe_right,0.30002377927303314,-0.18200215697288513,-0.33691134164109826,-0.1781512051820755,0.026437312364578247,-0.15922055253759027,0.20157723128795624,-0.2510625123977661,-0.00020255616982467473,-0.1627449244260788,-0.15282216668128967,0.04100710293278098,0.11519448459148407,-0.37770742177963257,0.025971468072384596,-0.126464381814003,-0.36538052558898926,0.024758608546108007,-0.12889775362881606,-0.728552991693662,-2.5139258553584143,0.006420142722852231,0.050745227120138826,1.3193766388929107,0.43593701100222243,0.45182557744234647,0.12651468073977018,0.1769227196589353,3.0915922314636237
swipe_right,shahzaib,swipe_right,0.26919081807136536,-0.20620933175086975,-0.3661215980537236,-0.17739072442054749,0.026800304651260376,-0.10562069015577435,0.19867393374443054,-0.25484225153923035,-0.011695141438394785,-0.16285169124603271,-0.1519605815410614,0.06531742913648486,0.11312255263328552,-0.37983784079551697,0.04281139699742198,-0.12694409489631653,-0.36483609676361084,0.04036786360666156,-0.9343321576263114,-0.7335507508480305,-0.8851592852310842,0.02304487156145537,0.010999766263094991,1.6242382539944473,0.4209947638310871,0.47088253001297287,2.094842396457922,1.2737099414542554,9.330021432758656
swipe_right,shahzaib,swipe_right,0.23356007039546967,-0.22960811853408813,-0.5102082618977875,-0.17532847821712494,0.026860177516937256,-0.06228694110177457,0.18871019780635834,-0.25478237867355347,-0.08205667673610151,-0.1625671535730362,-0.1514180302619934,0.07696783007122576,0.11145530641078949,-0.38147416710853577,0.04286739067174494,-0.12744389474391937,-0.36477622389793396,0.05461472109891474,-1.0797196265422817,-0.7090541449460038,-4.366262540729161,0.06249230919462193,0.001814329262935734,1.3131439107272518,0.4115069900656325,0.5864005009910761,34.42477927864168,1.5227583273858125,9.506663025199925
swipe_right,shahzaib,swipe_right,0.2018718421459198,-0.24813416600227356,-0.5951385658700019,-0.1749761998653412,0.02716660499572754,-0.05679202941246331,0.1848328411579132,-0.2544759511947632,-0.13919930276460946,-0.1637265384197235,-0.15099823474884033,0.08421608689241111,0.10825446248054504,-0.3824922740459442,0.04291161405853927,-0.12922722101211548,-0.3644697964191437,0.058098072884604335,-0.9602493408954399,-0.5613953778237946,-2.5736455749155613,0.010675101569204502,0.009285681175463025,0.1665124754336729,0.41069669536670694,0.6587293428103301,1.1495066286339106,1.7104658648097535,34.78260561487384
swipe_right,shahzaib,swipe_right,0.17689432203769684,-0.2597689926624298,-0.7053976942618192,-0.17179955542087555,0.02733442187309265,-0.0453472723086179,0.18095983564853668,-0.2576647698879242,-0.19972203567817814,-0.162784144282341,-0.1508716642856598,0.11275909200116985,0.10607875883579254,-0.3835435211658478,0.042932164965122865,-0.1302189975976944,-0.36434322595596313,0.07494498148366802,-0.7568945487340412,-0.35257050485322533,-3.3411857088430015,0.0962619528625966,0.005085359920154999,0.34681082132865415,0.4118380129616698,0.7617956130803467,18.92550947508708,2.1467831016268164,6.049250372506311
swipe_right,shahzaib,swipe_right,0.15201105177402496,-0.27441471815109253,-0.9197872444055974,-0.1700887829065323,0.02771034836769104,-0.014147508423775434,0.16208530962467194,-0.25742772221565247,-0.31308181723579764,-0.16116155683994293,-0.15063461661338806,0.14083523908630013,0.10451747477054596,-0.38331690430641174,0.039523439947515726,-0.13147993385791779,-0.3641091287136078,0.07770241657271981,-0.7540384928385334,-0.4438098632928048,-6.496653034659876,0.05184159134373464,0.011391711957526805,0.9454473904497613,0.4042889493505641,0.9666397028469457,4.550417103232785,1.6990086435560177,18.19137830687711
swipe_right,shahzaib,swipe_right,0.12016473710536957,-0.2819208800792694,-0.9252605610527098,-0.1694755107164383,0.030504703521728516,0.008314435835927725,0.1482287496328354,-0.2546623945236206,-0.3162849717773497,-0.16006992757320404,-0.1478692889213562,0.14210799103602767,0.10151229798793793,-0.38148391246795654,0.035588645841926336,-0.1324072927236557,-0.3613876402378082,0.08929696446284652,-0.9650398384441182,-0.22745945236899998,-0.165858080215529,0.01858400576042436,0.08467742891022788,0.6806649775667732,0.40188534661680947,0.9661738504500686,0.2194656419538234,4.242670883633752,8.386146118568739
swipe_right,shahzaib,swipe_right,0.10715855658054352,-0.2920174300670624,-0.9252792559564114,-0.16893790662288666,0.032599687576293945,0.03743976727128029,0.13913030922412872,-0.264022558927536,-0.3498304449021816,-0.158784881234169,-0.14666330814361572,0.1701742447912693,0.10079057514667511,-0.3802805542945862,-0.01287152897566557,-0.13248641788959503,-0.3593115508556366,0.0979875959455967,-0.39412668257048206,-0.3059560602361472,-0.0005665122333801092,0.016291033137928176,0.0634843652898608,0.8825858010712802,0.39823255692785486,0.9166890369913434,0.25661084351561575,1.288176459357672,6.152815404737627
swipe_right,shahzaib,swipe_right,0.08658899366855621,-0.30040228366851807,-0.9252950390800834,-0.16873736679553986,0.033513039350509644,0.05941913742572069,0.13453687727451324,-0.27134305238723755,-0.37058244552463293,-0.15794266760349274,-0.1467895209789276,0.19812421593815088,0.10032899677753448,-0.38043922185897827,-0.015289975330233574,-0.1309470385313034,-0.3594830334186554,0.09797181282192469,-0.6233200882420327,-0.2540864727713817,-0.00047827647490934365,0.006076964465054532,0.02767732649138449,0.66604151983152,0.3966866911083742,0.9136213193718208,0.21955678812250898,2.4531712698912655,6.65825205624242
swipe_right,shahzaib,swipe_right,0.05636762082576752,-0.3017793893814087,-0.925268336199224,-0.16856800019741058,0.03412172198295593,0.08752103988081217,0.13015155494213104,-0.27633556723594666,-0.3777916571125388,-0.15728650987148285,-0.1479192078113556,0.19960779044777155,0.09979306161403656,-0.3812558650970459,-0.017332282848656178,-0.130216583609581,-0.35903817415237427,0.09799851570278406,-0.9157991770542175,-0.041730476148201426,0.0008091782078598614,0.0051323211554325805,0.018444928255948446,0.8515728016694523,0.39516491820888766,0.912441864489809,0.27823599247587383,21.945046319519836,5.629189476973148
swipe_right,shahzaib,swipe_right,0.026321157813072205,-0.3013748228549957,-0.9217835189774632,-0.1685735434293747,0.03431433439254761,0.08764085453003645,0.12948046624660492,-0.28814515471458435,-0.3776852311566472,-0.15718506276607513,-0.1503366231918335,0.19971421640366316,0.09978441894054413,-0.3815430700778961,-0.05626769084483385,-0.1294090896844864,-0.3586336076259613,0.09030989836901426,-0.9104988791725752,0.01225959170948362,0.10560052187153672,-0.0001679767261851899,0.0058367396845961424,0.003630746946190303,0.3949038659835218,0.8723195786788157,0.028774274849634823,74.2622298129625,25.698556049965884
swipe_right,shahzaib,swipe_right,0.006683468818664551,-0.3013748228549957,-0.8600317342206836,-0.16850802302360535,0.033815622329711914,0.08774230349808931,0.12851175665855408,-0.2914547622203827,-0.3703478677198291,-0.15709462761878967,-0.1503366231918335,0.19981566537171602,0.09977450966835022,-0.3826919198036194,-0.08177137654274702,-0.1290585994720459,-0.3586336076259613,0.09041134733706713,-0.5950814846790293,0.0,1.871266204750929,0.00198546684149543,-0.015112486752597009,0.003074211153117142,0.39443602637990055,0.7880149722407687,0.13137053507221025,595081.4846790293,0.6383929689000444
swipe_right,shahzaib,swipe_right,-0.02450743317604065,-0.3013748228549957,-0.84022147487849,-0.16799527406692505,0.032193660736083984,0.08774230349808931,0.12340784072875977,-0.29200342297554016,-0.3703478677198291,-0.15659326314926147,-0.1503366231918335,0.19981566537171602,0.09975409507751465,-0.38350895047187805,-0.08222735952585936,-0.12905699014663696,-0.3586336076259613,0.07236942369490862,-0.9451788483243896,0.0,0.6003108891573753,0.015537847172130068,-0.04915035132205794,0.0,0.39306293272634873,0.772490790386858,0.3161224819704409,945178.8483243897,1.1141027723731782
swipe_right,shahzaib,swipe_right,-0.04834623634815216,-0.30082187056541443,-0.7772388560697436,-0.1677968055009842,0.03147244453430176,0.08774230349808931,0.11418171226978302,-0.2922063171863556,-0.35904801916331053,-0.15653268992900848,-0.15053951740264893,0.18907236028462648,0.09948308765888214,-0.3839116394519806,-0.08550102543085814,-0.1291932314634323,-0.35866716504096985,0.0621526213362813,-0.7223879749124621,0.0167561299873119,1.9085642063256256,0.00601419896790469,-0.021855036417642987,0.0,0.392879094278584,0.7122209243394855,0.27517335956897515,43.109289923718265,0.876032299810514
swipe_right,shahzaib,swipe_right,-0.0684080719947815,-0.2991562485694885,-0.7173332078382373,-0.16735777258872986,0.03106442093849182,0.08000591862946749,0.10527956485748291,-0.2926143407821655,-0.34529785346239805,-0.1566230058670044,-0.15008065104484558,0.18257578182965517,0.09916377067565918,-0.3844917416572571,-0.08550102543085814,-0.12928354740142822,-0.3561480939388275,0.06174671743065119,-0.6079344135342319,0.05047339381593727,1.8153226736820394,0.013304027644070925,-0.012364351388180091,-0.23443590510975604,0.3895081215195011,0.6592225538937295,1.0759118141024366,12.04441237573173,7.113368233826863
swipe_right,shahzaib,swipe_right,-0.07809117436408997,-0.2974871098995209,-0.6659033456817269,-0.16705188155174255,0.030909597873687744,0.07871476467698812,0.09850022196769714,-0.2927691638469696,-0.33785076532512903,-0.15689602494239807,-0.1493920087814331,0.1689552953466773,0.0988907516002655,-0.3846687376499176,-0.08555342350155115,-0.12953731417655945,-0.3543132543563843,0.05777869280427694,-0.2934273445244959,0.05057995969598888,1.5584806714093875,0.009269425363251555,-0.004691608024365922,-0.03912587734785904,0.3876110263538415,0.6129675933602016,1.975324875873063,5.801142293228671,5.924312636229947
swipe_right,shahzaib,swipe_right,-0.08144959807395935,-0.29545101523399353,-0.6142951063811779,-0.1668601632118225,0.03067147731781006,0.07654119655489922,0.09650835394859314,-0.29186469316482544,-0.3260355405509472,-0.15718063712120056,-0.14846932888031006,0.15914392843842506,0.09860613942146301,-0.3849068582057953,-0.08291924372315407,-0.12982192635536194,-0.3527889549732208,0.0577780120074749,-0.10177041545058904,0.06169983834931443,1.5638860394106016,0.005809646664243848,-0.00721577442053604,-0.06586570066936193,0.3857016868210719,0.5681397045290666,0.8050198503796832,1.6494170609874677,0.820624656198415
swipe_right,shahzaib,swipe_right,-0.08339732885360718,-0.2945793569087982,-0.5522787747904658,-0.16668999195098877,0.030566424131393433,0.061906964518129826,0.092314213514328,-0.2915850281715393,-0.292167323641479,-0.15741828083992004,-0.14858892560005188,0.14463685173541307,0.09838864207267761,-0.3850264549255371,-0.08217437844723463,-0.13003942370414734,-0.35290855169296265,0.05664780084043741,-0.0590221448378123,0.026413888642281908,1.8792827754761028,0.005156704873749647,-0.0031834298914128734,-0.4434615768717948,0.3852583289675846,0.5120790566177214,1.6193494752876192,2.23442716859826,11.442968811694035
swipe_right,shahzaib,swipe_right,-0.08344480395317078,-0.28853505849838257,-0.5494211185723543,-0.1662503182888031,0.030566781759262085,0.06122698076069355,0.0922667384147644,-0.2890002131462097,-0.2768323589116335,-0.1574740707874298,-0.14859846234321594,0.14314023964107037,0.09893006086349487,-0.3850594460964203,-0.08195395208895206,-0.12902921438217163,-0.3529180884361267,0.05580353923141956,-0.0014386393807150942,0.1831605578913813,0.08659564297307526,0.013323444308656488,1.0837208140979995e-05,-0.020605568407159637,0.38532514836540827,0.510982485470974,1125.5563093911642,0.007854483207487446,12.816573538690939
swipe_right,shahzaib,swipe_right,-0.08344785869121552,-0.27735334634780884,-0.5126855801790953,-0.16598691046237946,0.03109961748123169,0.06049872003495693,0.09226368367671967,-0.2884311079978943,-0.25459463708102703,-0.15747885406017303,-0.14856934547424316,0.14238500781357288,0.099479541182518,-0.3850303292274475,-0.07934729568660259,-0.12686200439929962,-0.35288897156715393,0.05565801449120045,-9.256781953753995e-05,0.3388397621386033,1.11319813312908,0.007982055346171189,0.01614653702938221,-0.02206850684050393,0.3860070300188536,0.48253376573409174,0.494320299848018,0.0002731897394908909,0.5169588915257914
swipe_right,shahzaib,swipe_right,-0.08345140516757965,-0.26537320017814636,-0.47240125201642513,-0.16560490429401398,0.03188803791999817,0.05888260342180729,0.09226013720035553,-0.28356868028640747,-0.2267205473035574,-0.15768741071224213,-0.14793381094932556,0.14188667573034763,0.09952302277088165,-0.38424190878868103,-0.07885759137570858,-0.12540163099765778,-0.353959321975708,0.053357748314738274,-0.00010746898073138495,0.3630347324140104,1.2207372170505968,0.011575944495923465,0.023891528447468814,-0.04897323070150379,0.3879755306023593,0.44998447083942666,0.4845006053409063,0.0002960286581620181,0.855364478198291
swipe_right,shahzaib,swipe_right,-0.08099986612796783,-0.25329867005348206,-0.4659290052950382,-0.16504116356372833,0.03192555904388428,0.05774876847863197,0.09370054304599762,-0.2739136219024658,-0.22113725915551186,-0.1576995998620987,-0.14789628982543945,0.14188314601778984,0.09954698383808136,-0.3843337893486023,-0.07886112108826637,-0.12450350821018219,-0.35512861609458923,0.05335421860218048,0.07428906180641986,0.3658948522625606,0.19612868852687917,0.01708305243289859,0.001137003754124515,-0.03435863464167679,0.38919602780899965,0.4467537515294711,15.011420103829856,0.20303335319885318,0.8363213921267251
swipe_right,shahzaib,swipe_right,-0.08049781620502472,-0.23977676033973694,-0.463749373331666,-0.16504116356372833,0.03192555904388428,0.04281347058713436,0.0946444422006607,-0.26646825671195984,-0.20474968291819096,-0.15836651623249054,-0.14789628982543945,0.13771494291722775,0.09964348375797272,-0.38452133536338806,-0.07887225784361362,-0.12444834411144257,-0.35581687092781067,0.04537052847445011,0.015213634028579082,0.4097548398104536,0.06604945343552142,0.0,0.0,-0.45258478459083173,0.38986985974358124,0.44892346115739995,0.0,0.03712853497247694,12.68413453952455
swipe_right,shahzaib,swipe_right,-0.0767800360918045,-0.2253778576850891,-0.4413944110274315,-0.16516007483005524,0.031177222728729248,0.03194250166416168,0.09683920443058014,-0.25412505865097046,-0.18917451053857803,-0.15848542749881744,-0.14789628982543945,0.13767021149396896,0.09960801899433136,-0.3847754895687103,-0.0789169892668724,-0.1245267242193222,-0.35657185316085815,0.03821409121155739,0.1126600034309174,0.4363303834741835,0.6774231001283291,-0.003603371706875945,-0.02267685803500125,-0.32942330069614706,0.38992274602866495,0.43348613854811824,0.15889382944872757,0.25819825870394486,3.796472106158066
swipe_right,shahzaib,swipe_right,-0.06978291273117065,-0.20976924896240234,-0.4303547632880509,-0.1651221513748169,0.031079530715942383,0.029121003579348326,0.10032084584236145,-0.24839478731155396,-0.18808930041268468,-0.1584475040435791,-0.14690756797790527,0.13647080538794398,0.10032525658607483,-0.384903222322464,-0.08414768846705556,-0.12448310852050781,-0.3569737672805786,0.03771066619083285,0.21203404123132646,0.47298814311171505,0.33453477998122655,0.0011491956132830868,-0.0029603640238443684,-0.08549994196404016,0.390270004219989,0.42363667989145803,0.3880629345227305,0.44828521821112133,7.417122867535431
swipe_right,shahzaib,swipe_right,-0.055922478437423706,-0.1858053207397461,-0.4267979636788368,-0.16561982035636902,0.029927372932434082,0.017016205936670303,0.10488808155059814,-0.23963171243667603,-0.1707562580704689,-0.1586892306804657,-0.14690029621124268,0.13393468409776688,0.10238778591156006,-0.384903222322464,-0.0948299765586853,-0.12458837032318115,-0.3575230836868286,0.0315624363720417,0.42001316041656955,0.7261796431107875,0.10778180633981904,-0.015080878228852077,-0.03491387222752388,-0.3668120497781179,0.38988848283346367,0.41821628218601414,0.43193279157881637,0.5783866100001395,8.593511122499724
swipe_right,shahzaib,swipe_right,-0.03021325170993805,-0.16463133692741394,-0.42074500396847725,-0.16602028906345367,0.02861008048057556,0.010794125497341156,0.10972638428211212,-0.22829118371009827,-0.14843538776040077,-0.1580660492181778,-0.14661744236946106,0.13388609513640404,0.10308833420276642,-0.3848971724510193,-0.09796253219246864,-0.12467627227306366,-0.3578144311904907,0.027013717219233513,0.7790674765904868,0.6416358731009846,0.1834230215260506,-0.012135415366201883,-0.03991795308662247,-0.18854789210088627,0.3889682584738901,0.4128860317225371,0.30400134341871476,1.2141875089336902,5.404809143867026
swipe_right,shahzaib,swipe_right,-0.015349581837654114,-0.1366269290447235,-0.35416928422637284,-0.1660623401403427,0.026342421770095825,-0.006446759449318051,0.11527992784976959,-0.21771904826164246,-0.14844446373172104,-0.15719102323055267,-0.14661630988121033,0.13387701916508377,0.10420753061771393,-0.38489603996276855,-0.09849158418364823,-0.12410454452037811,-0.35794371366500854,0.026723821414634585,0.4504142385540537,0.8486184206875794,2.0174460527910205,-0.0012742750572435643,-0.06871693062059732,-0.5224510589896673,0.387990435366371,0.3759023022992005,0.01854355982107553,0.530761172292184,10.161174524047068
idle,shahzaib,swipe_right,0.014189377427101135,-0.10530060529708862,-0.29864510777406394,-0.1658639758825302,0.03091663122177124,-0.0563029448967427,0.12162639200687408,-0.20111072063446045,-0.14293393376283348,-0.15664027631282806,-0.14111381769180298,0.07662805286236107,0.10566641390323639,-0.3771989643573761,-0.1002727213781327,-0.1235537976026535,-0.35284945368766785,0.010856897803023458,0.8951199777198703,0.9492825378071329,1.6825508015851447,0.006011038115530398,0.13861240762652993,-1.5107934984068316,0.39188901947394633,0.34878126318159614,0.04336548836405574,0.9429426952748157,30.602449649559592
idle,shahzaib,swipe_right,0.03513249754905701,-0.05883742868900299,-0.2971569162327796,-0.16501176357269287,0.04494081437587738,-0.15109028038568795,0.1253969967365265,-0.17532183229923248,-0.1263672721106559,-0.15574124455451965,-0.12708963453769684,-0.0321939040441066,0.10675910115242004,-0.3600815087556839,-0.12275036913342774,-0.12268862128257751,-0.3407256156206131,-0.07274512317962945,0.6346400036956255,1.4079750487298521,0.04509671337225171,0.02582461544961612,0.42497524709412077,-2.872343499664976,0.39581284372439113,0.3553814989417606,0.06076719728737373,0.45074630656404985,42.166039582013
idle,shahzaib,swipe_right,0.049371615052223206,-0.025059774518013,-0.2893462576030288,-0.16491012275218964,0.04494081437587738,-0.18845498040900566,0.12755079567432404,-0.16257627308368683,-0.12389555797562934,-0.15544728934764862,-0.12790973484516144,-0.07306006029830314,0.10784555971622467,-0.357133612036705,-0.12276836336241104,-0.12275798618793488,-0.3423997014760971,-0.10569282845244743,0.4314884091868498,1.0235652779087763,0.23668662514396205,0.003080024863734356,0.0,-1.1322636370702213,0.398320287750807,0.3760856692544902,3080.024863734356,0.4215539516096734,54.28387788986302
idle,shahzaib,swipe_right,0.06732065975666046,0.0027810782194137573,-0.1646565543487668,-0.16542063653469086,0.04494081437587738,-0.19024641532450914,0.13103260099887848,-0.15488602221012115,-0.04981713090091944,-0.15607379376888275,-0.12835152447223663,-0.07594686467200518,0.10898323357105255,-0.35322676599025726,-0.12273603770881891,-0.12335388362407684,-0.34275825321674347,-0.10919341910630465,0.5439104455890165,0.8436622041644607,3.7784758561898175,-0.01547011462124936,0.0,-0.05428590653040956,0.3983086327316777,0.3608804302134118,15470.11462124936,0.6447009220079586,32.67082808169015
idle,shahzaib,swipe_right,0.07607927173376083,0.0152769535779953,-0.1537635512650013,-0.16641400009393692,0.04510827362537384,-0.1920638494193554,0.1348312720656395,-0.1510268896818161,-0.04730636440217495,-0.15681403130292892,-0.1283663660287857,-0.07885966822504997,0.1099470779299736,-0.3510454297065735,-0.12272971123456955,-0.123821921646595,-0.3428712338209152,-0.11272000893950462,0.2654124841545538,0.378662889653982,0.33009100253834506,-0.03010192603775916,0.0050745227120138825,-0.05507376044988572,0.3982933948320278,0.3691913000313864,5.930803140040569,0.7009183907054993,0.4699035712594135
idle,shahzaib,swipe_right,0.0843113511800766,0.025555402040481567,-0.1460843412205577,-0.1679338961839676,0.043058305978775024,-0.20633262675255537,0.1381034106016159,-0.14938518404960632,-0.04479559790343046,-0.1580808013677597,-0.13059863448143005,-0.0815406171604991,0.11038438975811005,-0.351081520318985,-0.12039935868233442,-0.12481649219989777,-0.34520164132118225,-0.11512815486639738,0.24945695291866354,0.31146813522686156,0.23270333468011303,-0.046057457273657405,-0.062120231715116624,-0.43238719191515773,0.4011522814290404,0.37841101061291976,0.7414124929923074,0.8009042460562559,11.623696528862192
idle,shahzaib,swipe_right,0.10363565385341644,0.029392898082733154,-0.142808236181736,-0.1706094592809677,0.032825767993927,-0.2130364254117012,0.14535783231258392,-0.15431451797485352,-0.0265155341476202,-0.1590634435415268,-0.14089566469192505,-0.1075303927063942,0.11112050712108612,-0.35858938097953796,-0.1142539456486702,-0.1261969655752182,-0.3559587299823761,-0.14478353410959244,0.5855849294951404,0.11628775885610741,0.09927591026732308,-0.08107766960606341,-0.31007690863175486,-0.20314541391350782,0.39722073540406566,0.38910361011257566,0.2614751562400093,5.0356107955346525,10.287899838453232
idle,shahzaib,swipe_right,0.12438714504241943,0.033652693033218384,-0.14076612144708633,-0.17222270369529724,0.027670353651046753,-0.21319326013326645,0.15461188554763794,-0.15959766507148743,-0.015008223243057728,-0.15920308232307434,-0.14649727940559387,-0.10768722742795944,0.11234217882156372,-0.3633536994457245,-0.11257389932870865,-0.12620028853416443,-0.36237621307373047,-0.14494036883115768,0.6288330663334171,0.12908469546924797,0.0618822646863526,-0.04888619437362155,-0.15622467705697551,-0.004752567320158935,0.3986387388126588,0.39818834521916624,0.31292035531260814,4.871438806968536,7.6701107258575885
idle,shahzaib,swipe_right,0.14207494258880615,0.04188472032546997,-0.1311550959944725,-0.17344319820404053,0.023245573043823242,-0.21319326013326645,0.16034716367721558,-0.15951299667358398,-0.005408480763435364,-0.159501314163208,-0.1518923044204712,-0.10768722742795944,0.11387389898300171,-0.36742162704467773,-0.10177890956401825,-0.12586531043052673,-0.36840951442718506,-0.14494036883115768,0.5359938650420303,0.24945537249247632,0.2912431955337571,-0.03698468208313047,-0.134084260824957,0.0,0.40039458053026855,0.41132705379921863,0.2758295867538529,2.1486477161780906,0.7752075002056064
idle,shahzaib,swipe_right,0.15336112678050995,0.045459210872650146,-0.11198484897613525,-0.17454536259174347,0.02114766836166382,-0.2211676612496376,0.16263674199581146,-0.15571343898773193,-0.005408480763435364,-0.1597335785627365,-0.1548006534576416,-0.11541211605072021,0.11512862145900726,-0.36861997842788696,-0.10177890956401825,-0.1256914883852005,-0.37152040004730225,-0.15138006955385208,0.34200558156677796,0.10831789536909504,0.5809165763132436,-0.03339892083948272,-0.06357286915634548,-0.24164851867791112,0.40180246505928113,0.4159656965114222,0.5253561138043314,3.157395396263957,7.628827487361781
idle,shahzaib,swipe_right,0.16003471612930298,0.04348990321159363,-0.10972154140472412,-0.17682501673698425,0.017866045236587524,-0.2211676612496376,0.16336381435394287,-0.1550070345401764,-0.005408480763435364,-0.1607479751110077,-0.15866032242774963,-0.11541211605072021,0.11658799648284912,-0.3703988790512085,-0.10177890956401825,-0.12585240602493286,-0.37545889616012573,-0.15519902855157852,0.20222998026645866,-0.05967598972898636,0.06858507792155057,-0.06908042864366121,-0.09944312500231352,0.0,0.40206290187927274,0.4162386658295692,0.6946657597123418,3.388742984270055,7.481464811964226
idle,shahzaib,swipe_right,0.16561561822891235,0.04391750693321228,-0.10429929941892624,-0.17924398183822632,0.018118292093276978,-0.22117766737937927,0.16428399085998535,-0.15423092246055603,-0.00530662015080452,-0.1622924506664276,-0.15879228711128235,-0.11542212218046188,0.11778104305267334,-0.3693842887878418,-0.10178891569375992,-0.1259523630142212,-0.3758722245693207,-0.1552090346813202,0.16911824544270648,0.012957688533898414,0.16431036320599463,-0.07330197276491027,0.007643844142104556,-0.0003032160527778361,0.4030141242648887,0.41606829121550076,9.588419515473719,13.050567964521482,3.247593208602018
idle,shahzaib,swipe_right,0.166040301322937,0.04391750693321228,-0.0948371784761548,-0.1809266209602356,0.018302708864212036,-0.2211753698065877,0.16447371244430542,-0.1541776955127716,-0.005304322578012943,-0.16353058815002441,-0.15951284766197205,-0.11541982460767031,0.11872625350952148,-0.36847877502441406,-0.11121457535773516,-0.12607929110527039,-0.3760948181152344,-0.15520673710852861,0.012869184667413743,0.0,0.2867309376597373,-0.05098906430331088,0.005588386998032017,6.962341792655637e-05,0.4036204892962868,0.4154245197645187,9.122478783677666,12869.184667413743,0.6791055786265526
idle,shahzaib,swipe_right,0.1659175157546997,0.04391750693321228,-0.0948371784761548,-0.18235287070274353,0.018625587224960327,-0.22400153893977404,0.16447651386260986,-0.15205678343772888,-0.005904862657189369,-0.1645573377609253,-0.15981587767601013,-0.12079367507249117,0.1193731427192688,-0.36749836802482605,-0.11267466563731432,-0.1262020766735077,-0.37614598870277405,-0.16017271298915148,-0.0037207747950698984,0.0,0.0,-0.0432196891669078,0.009784192749948368,-0.08564148888443592,0.40382128207019435,0.4144243921114853,4.416845970370471,3720.7747950698986,2.6110527850828467
idle,shahzaib,swipe_right,0.16563615202903748,0.04361855983734131,-0.10104104597121477,-0.18323013186454773,0.019129633903503418,-0.2332416595891118,0.16419515013694763,-0.1503315567970276,-0.006085564382374287,-0.16548791527748108,-0.15991336107254028,-0.12528204638510942,0.11992034316062927,-0.36644917726516724,-0.11314801592379808,-0.12644356489181519,-0.37610340118408203,-0.1606793375685811,-0.008526173504916012,-0.00905900290518086,-0.1879959846987848,-0.026583671569823927,0.015274141774032888,-0.28000365604053534,0.4058314388882463,0.41278573487258213,1.7403224116070122,0.9410784515356408,5.913638393418253
idle,shahzaib,swipe_right,0.16551637649536133,0.04083779454231262,-0.10104104597121477,-0.18334990739822388,0.01970997452735901,-0.25043166894465685,0.16407537460327148,-0.1500837504863739,-0.006085564382374287,-0.16608980298042297,-0.16012296080589294,-0.13709321338683367,0.12018328905105591,-0.36618945002555847,-0.1148589001968503,-0.12656334042549133,-0.3765321373939514,-0.16757066268473864,-0.003629561626549981,-0.08426561500087063,0.0,-0.003629561626549981,0.01758607951077576,-0.5209093744104641,0.408776799496761,0.409777012206819,0.2063765973381832,0.04307235583762895,7.3335713311442285
idle,shahzaib,swipe_right,0.16188646852970123,0.039971768856048584,-0.10099968779832125,-0.18336693942546844,0.020327389240264893,-0.2603727178648114,0.16405834257602692,-0.149929940700531,-0.005863504484295845,-0.16629557311534882,-0.1605764627456665,-0.14446668792515993,0.12042130529880524,-0.3658329248428345,-0.11525812465697527,-0.1265803724527359,-0.37689822912216187,-0.17434476781636477,-0.10999721108060774,-0.026243202614061472,0.0012532779664704155,-0.0005161220377141722,0.018709536754723546,-0.3012439066713473,0.41038240003867,0.40816677009705404,0.027584566091289456,4.191295605288154,6.6572849538077365
idle,shahzaib,swipe_right,0.15926015377044678,0.0381639301776886,-0.10484158527106047,-0.18352210521697998,0.020716339349746704,-0.27694402914494276,0.16355454921722412,-0.1498635709285736,-0.004951625131070614,-0.16647222638130188,-0.16143134236335754,-0.15594336669892073,0.12054717540740967,-0.3656214773654938,-0.11681814771145582,-0.12673553824424744,-0.37737375497817993,-0.18160067778080702,-0.07958529573498263,-0.05478299025333229,-0.11642113553755083,-0.004701993682167695,0.01178636695399416,-0.5021609478827623,0.41326842613477166,0.40581373570449725,0.39890110323361244,1.4527108260454207,6.093329027090222
idle,shahzaib,swipe_right,0.1579662561416626,0.03722292184829712,-0.10550342872738838,-0.18346649408340454,0.02087247371673584,-0.2843400277197361,0.1629619598388672,-0.14991730451583862,-0.004204981029033661,-0.16676995158195496,-0.1614135503768921,-0.15631823614239693,0.12044239044189453,-0.3656036853790283,-0.11730049178004265,-0.1269492208957672,-0.3776182532310486,-0.18366587534546852,-0.03920901905406667,-0.028515403920954377,-0.020055862312967448,0.0016851858659224345,0.00473134445421631,-0.22412116893313505,0.41487871310567015,0.4047424942898885,0.3560995785970331,1.3749636582070983,8.430381896424992
idle,shahzaib,swipe_right,0.15751640498638153,0.03656935691833496,-0.1065824432298541,-0.183412566781044,0.021453559398651123,-0.28432978224009275,0.16234473884105682,-0.14995932579040527,-0.001616716617718339,-0.16722185909748077,-0.16145557165145874,-0.15630799066275358,0.12013612687587738,-0.36564570665359497,-0.11752410512417555,-0.12738092243671417,-0.37780022621154785,-0.18400984536856413,-0.01363185319033521,-0.01980499787764094,-0.03269740916562767,0.0016341606775919417,0.01760865702773566,0.00031046908010135655,0.41546025107814066,0.404096476748808,0.09279912010881851,0.6882689412849153,6.81214466215022
idle,shahzaib,swipe_right,0.15735605359077454,0.03656661510467529,-0.10658750403672457,-0.18238121271133423,0.022751271724700928,-0.2843348430469632,0.16218438744544983,-0.14996206760406494,-0.00095994962612167,-0.16738849878311157,-0.1614583134651184,-0.15631305146962404,0.12004753947257996,-0.36564844846725464,-0.11752916593104601,-0.12754079699516296,-0.37783336639404297,-0.1840149061754346,-0.004859133200212036,-8.308526241418219e-05,-0.00015335778395335123,0.03125315362756952,0.0393246159409038,-0.00015335778395335123,0.41658086036993464,0.4040898446569634,0.7947276318452304,57.78816716153191,1.1130261161423656
idle,shahzaib,swipe_right,0.15733829140663147,0.03619647026062012,-0.1054982440546155,-0.18018054962158203,0.023440122604370117,-0.2843348430469632,0.16216662526130676,-0.1500563621520996,3.668354474939406e-05,-0.16740626096725464,-0.16020798683166504,-0.15631305146962404,0.1200815737247467,-0.3657200038433075,-0.11729530710726976,-0.12754705548286438,-0.3778749108314514,-0.1840149061754346,-0.0005382480043353398,-0.011216510425914294,0.033007878245729025,0.0666867602955204,0.0208742690808843,0.0,0.41699895743365173,0.403811943688184,3.194534165625973,0.04798283967643109,1.2105972614554679
idle,shahzaib,swipe_right,0.15731002390384674,0.03600451350212097,-0.10481925029307604,-0.17940323054790497,0.02437952160835266,-0.27924094069749117,0.16213835775852203,-0.15037986636161804,0.0008131375070661306,-0.16743452847003937,-0.15906104445457458,-0.15309346187859774,0.1201566606760025,-0.3659301996231079,-0.1167958127334714,-0.12754248082637787,-0.3780720829963684,-0.18366069067269564,-0.0008565909934766501,-0.005816871469671169,0.020575568531499094,0.023555123444759858,0.028466636484319966,0.1543606772567311,0.41688417528780825,0.40382585858521847,0.8274351633559066,0.14723443065768954,4.86221548426244
idle,shahzaib,swipe_right,0.15720249712467194,0.035840123891830444,-0.10273023415356874,-0.1788948029279709,0.0254381000995636,-0.26182654965668917,0.16201718151569366,-0.15038242936134338,0.006688126362860203,-0.16753576695919037,-0.15835604071617126,-0.14090122748166323,0.1201985627412796,-0.36595630645751953,-0.10944934654980898,-0.12763912975788116,-0.3780832290649414,-0.17921187449246645,-0.0032583872477213185,-0.004981503342137137,0.0633035193790082,0.015406897573759893,0.032078136097300786,0.5277088194182367,0.415068418065381,0.40355273394281915,0.48027782066912533,0.6539658930411683,11.316803362966734
idle,shahzaib,swipe_right,0.15658044815063477,0.03444710373878479,-0.10126659460365772,-0.17845851182937622,0.02571609616279602,-0.2618327308446169,0.1613951325416565,-0.15138235688209534,0.007955335080623627,-0.16814357042312622,-0.15833953022956848,-0.14023526199162006,0.11964809894561768,-0.36615410447120667,-0.10675479657948017,-0.12826034426689148,-0.3781748116016388,-0.1745911557227373,-0.018849968910217077,-0.04221273191047391,0.04435271363366685,0.013220942381656386,0.008424123128255115,-0.000187308725082511,0.4162436952449335,0.40233747873897313,1.569228387573074,0.44653642445528713,16.01304027935912
idle,shahzaib,swipe_right,0.15602423250675201,0.032346874475479126,-0.09842565562576056,-0.17800424993038177,0.025794416666030884,-0.2615886991843581,0.16087652742862701,-0.15322884917259216,0.008791307918727398,-0.16860587894916534,-0.15833410620689392,-0.13992781098932028,0.11913831532001495,-0.3666453957557678,-0.10661203321069479,-0.12877894937992096,-0.3784211575984955,-0.174137226305902,-0.016855019511598797,-0.06364331100926356,0.08608905993627916,0.013765512090741,0.0023733485828746825,0.0073948987957204206,0.4164866394026288,0.40077726902726696,5.79759526045445,0.2648315182349215,0.2944205678245434
idle,shahzaib,swipe_right,0.15552587807178497,0.030748814344406128,-0.09594353288412094,-0.17747248709201813,0.025961250066757202,-0.26148855686187744,0.16052354872226715,-0.15417960286140442,0.010560579597949982,-0.16890205442905426,-0.15816166996955872,-0.13988518714904785,0.11886097490787506,-0.3667404055595398,-0.106480173766613,-0.12913192808628082,-0.37847819924354553,-0.17379048466682434,-0.015101649544455623,-0.04842606457796911,0.07521584065574506,0.016114025404958838,0.005055557597767168,0.0030346158327478018,0.4166521686852678,0.39931568447151305,3.186758005500488,0.3118431743914911,0.1706731325819144
idle,shahzaib,swipe_right,0.1551934778690338,0.028800517320632935,-0.09071788191795349,-0.17720192670822144,0.02596345543861389,-0.25859156250953674,0.16018566489219666,-0.15547916293144226,0.01582878641784191,-0.16923445463180542,-0.15815123915672302,-0.13769493997097015,0.11857309937477112,-0.36697039008140564,-0.09706258028745651,-0.12946432828903198,-0.37867292761802673,-0.1667090505361557,-0.010072733416701968,-0.05903930375070377,0.15835305958083434,0.008198799508990794,6.682945020271176e-05,0.08778770764668922,0.4176743669445501,0.39751216140427204,120.8737426661762,0.1706077505839712,2.583877536483084
idle,shahzaib,swipe_right,0.15511779487133026,0.028795093297958374,-0.08405912667512894,-0.17710597813129425,0.026013940572738647,-0.2579444348812103,0.1601099818944931,-0.15559038519859314,0.01973210833966732,-0.16930560767650604,-0.1579335629940033,-0.1368945837020874,0.1185176819562912,-0.36700135469436646,-0.0959392562508583,-0.12955360114574432,-0.3787071108818054,-0.16603441536426544,-0.0022934241728348914,-0.00016436432347152993,0.20178046190377216,0.002907532634157091,0.0015298525492350092,0.0196099281311033,0.41774131916181423,0.39766258811644684,1.8992898013659318,13.868917579611665,2.0726802142019234
idle,shahzaib,swipe_right,0.15511080622673035,0.02873799204826355,-0.08035457134246826,-0.17710238695144653,0.02614721655845642,-0.25418002903461456,0.1601029932498932,-0.15566608309745789,0.0221620574593544,-0.16930830478668213,-0.15770789980888367,-0.1332659274339676,0.11854538321495056,-0.36701831221580505,-0.09578896313905716,-0.12958237528800964,-0.3787250518798828,-0.16493915021419525,-0.0002117771090883174,-0.0017303408998431392,0.11225925250486771,0.00010882363174900745,0.004038666233871878,0.11407290444229463,0.4173052116994713,0.3977415027061107,0.026938768068644082,0.12231970555741192,2.86477944345538
idle,shahzaib,swipe_right,0.15515638887882233,0.028637945652008057,-0.0799366906285286,-0.1771090179681778,0.02629697322845459,-0.24859444797039032,0.16009588539600372,-0.15612149238586426,0.023251615464687347,-0.16931454837322235,-0.1572900414466858,-0.1290169060230255,0.11854125559329987,-0.36713483929634094,-0.09236671775579453,-0.12962044775485992,-0.37883123755455017,-0.16292034089565277,0.001381292487635779,-0.003031708977439235,0.012663051937565862,-0.00020093990094734282,0.004538080909035495,0.16926003224922218,0.4168022122016599,0.3976572278554399,0.04426885199322,0.4554648988450311,1.6724320238010482
idle,shahzaib,swipe_right,0.1561799794435501,0.028495311737060547,-0.07817696034908295,-0.17712770402431488,0.02629697322845459,-0.24468939006328583,0.16014595329761505,-0.1561650037765503,0.023251615464687347,-0.16941602528095245,-0.1572900414466858,-0.12680311501026154,0.11843855679035187,-0.3671475946903229,-0.09236671775579453,-0.12978880107402802,-0.3788398206233978,-0.16058100759983063,0.031017895900841575,-0.004322239846894188,0.05332515998320087,-0.0005662441253662048,0.0,0.11833508809407423,0.4164745051809461,0.3976921844912921,566.2441253662048,7.1746877340439035,1.5493348680186052
idle,shahzaib,swipe_right,0.1579553633928299,0.028734982013702393,-0.07773163635283709,-0.17708666622638702,0.026536643505096436,-0.2316341595724225,0.16036565601825714,-0.15653467178344727,0.023815502412617207,-0.16941513121128082,-0.15705037117004395,-0.11835476476699114,0.11843855679035187,-0.36712247133255005,-0.09235688764601946,-0.12984947860240936,-0.37861356139183044,-0.1530642556026578,0.0537995136145398,0.0072627356558136215,0.013494666552905096,0.0012435696341774878,0.0072627356558136215,0.39561304517768275,0.41539291066707285,0.39809370674406147,0.17120249044060148,7.406590240034505,8.405423073392027
idle,shahzaib,swipe_right,0.16294743120670319,0.028768330812454224,-0.06684140395373106,-0.17708666622638702,0.026569992303848267,-0.21522449981421232,0.16093774139881134,-0.15671953558921814,0.02453669812530279,-0.16938774287700653,-0.15701702237129211,-0.1061847759410739,0.11843855679035187,-0.3672909736633301,-0.09234610479325056,-0.12986455857753754,-0.3786231577396393,-0.14296817313879728,0.15127478223858293,0.0010105696591463844,0.3300070423971487,0.0,0.0010105696591463844,0.4972624169154546,0.4142854004639652,0.39936762804284215,0.0,149.54460216435965,3.086335121298843
idle,shahzaib,swipe_right,0.1703730672597885,0.028659820556640625,-0.06331610679626465,-0.1770290583372116,0.02659916877746582,-0.2114109843969345,0.16206227242946625,-0.15681076049804688,0.02455025352537632,-0.16926385462284088,-0.15760785341262817,-0.10293073952198029,0.11848251521587372,-0.36736828088760376,-0.09233254939317703,-0.12982286512851715,-0.3785635232925415,-0.1413584053516388,0.22501927433591654,-0.0032881895701090133,0.10682718658989009,0.0017456936113761942,0.0008841355641682845,0.11556107325084154,0.41387509656123256,0.4004657793943633,1.9722330477326724,68.41176816952473,11.566828985100184
idle,shahzaib,swipe_right,0.1792479157447815,0.0289057195186615,-0.04030752647668123,-0.1769029200077057,0.02657565474510193,-0.19903478864580393,0.16309380531311035,-0.15783146023750305,0.026083449833095074,-0.16913771629333496,-0.15894988179206848,-0.09545543882995844,0.1185448169708252,-0.36705800890922546,-0.09232175443321466,-0.12974950671195984,-0.3782535791397095,-0.1354952985420823,0.26893480257554914,0.007451483697602362,0.697229706654054,0.0038223736213915884,-0.0007125464352694538,0.37503623488275084,0.41248929658337036,0.40395249762959545,5.356867377451279,36.0866005868717,7.8632843675045505
swipe_right,shahzaib,swipe_right,0.1912933886051178,0.029658854007720947,-0.01505358424037695,-0.17650550603866577,0.02634429931640625,-0.18633349612355232,0.1651335060596466,-0.16056126356124878,0.03635003790259361,-0.1680527627468109,-0.15880441665649414,-0.09176912531256676,0.11947330832481384,-0.36681339144706726,-0.09036359563469887,-0.1287447214126587,-0.3775884211063385,-0.135406706482172,0.3650143291010961,0.022822257244225454,0.7652709768576972,0.012042847546664018,-0.007010770566535642,0.3848876521894384,0.40992227687622507,0.4099023824810537,1.717518768246594,15.993086578097826,0.4331258686606844
swipe_right,shahzaib,swipe_right,0.2071535885334015,0.028708994388580322,-0.006442717742174864,-0.17673194408416748,0.02645397186279297,-0.16426028683781624,0.16797438263893127,-0.1608039140701294,0.05139745771884918,-0.16724929213523865,-0.15841162204742432,-0.07715201005339622,0.12022581696510315,-0.36628174781799316,-0.08355516567826271,-0.128078430891037,-0.37701350450515747,-0.1273854561150074,0.4806121190389074,-0.02878362482244364,0.26093534843037036,-0.006861758954597352,0.003323410496567288,0.6688851298708011,0.4080599489947434,0.41172861635478525,2.0640528483719596,16.696834577609973,8.630713025171033
swipe_right,shahzaib,swipe_right,0.22506260871887207,0.0237446129322052,-0.006442717742174864,-0.17698544263839722,0.026838570833206177,-0.16426028683781624,0.17348474264144897,-0.16174164414405823,0.05706387385725975,-0.16649407148361206,-0.15766140818595886,-0.07715201005339622,0.12094765901565552,-0.36585697531700134,-0.08218537643551826,-0.12730687856674194,-0.37592703104019165,-0.1253540702164173,0.5426975813778905,-0.15043580170833537,0.0,-0.007681774370597986,0.01165451425494557,0.0,0.4076785295701175,0.41032459183425,0.6590678199667184,3.607478856337723,20.27083373585166
swipe_right,shahzaib,swipe_right,0.23970437049865723,0.018536031246185303,-0.006442185956984758,-0.17688390612602234,0.026561319828033447,-0.16425975505262613,0.17991113662719727,-0.16551601886749268,0.057943410240113735,-0.16569814085960388,-0.1577426791191101,-0.07715147826820612,0.12164038419723511,-0.36653298139572144,-0.0729347700253129,-0.1265506148338318,-0.37521418929100037,-0.12435438577085733,0.4436897509025756,-0.15783580866726787,1.611470273046765e-05,0.0030768640113599034,-0.00840154561129474,1.611470273046765e-05,0.4068776701143449,0.40821380806444924,0.36618236349993377,2.8110664087101997,0.6896813233004392
swipe_right,shahzaib,swipe_right,0.2568126916885376,0.00814056396484375,-0.006463287863880396,-0.17693814635276794,0.02494758367538452,-0.16428085695952177,0.18498027324676514,-0.17149728536605835,0.05976833123713732,-0.16501396894454956,-0.15823549032211304,-0.07717258017510176,0.12235385179519653,-0.3669993579387665,-0.0705860061571002,-0.1258905529975891,-0.37469953298568726,-0.12382662575691938,0.5184339754509286,-0.31501416004065813,-0.0006394517241102378,-0.0016436432347153435,-0.04890109553481671,-0.0006394517241102378,0.4049200161328872,0.4036345669446827,0.03361089574464396,1.6457429394319176,1.235727146031095
swipe_right,shahzaib,swipe_right,0.2746497392654419,-0.0025458931922912598,-0.006497665774077177,-0.17726731300354004,0.02474898099899292,-0.20842799171805382,0.19169139862060547,-0.17637085914611816,0.062205445021390915,-0.1645967960357666,-0.15779197216033936,-0.0816321112215519,0.12275350093841553,-0.3672981262207031,-0.06777779385447502,-0.12553143501281738,-0.3739061951637268,-0.12268924340605736,0.5405165932395182,-0.3238320350646937,-0.0010417548544479024,-0.00997474699309367,-0.006018262920957557,-1.3377919623797443,0.4110397590439493,0.3998398589618894,1.657137613704182,1.6691212282636223,40.54139107888459
swipe_right,shahzaib,swipe_right,0.29126864671707153,-0.01840147376060486,-0.00652130926027894,-0.1772041618824005,0.02495446801185608,-0.21679945942014456,0.19844430685043335,-0.18247851729393005,0.07913656625896692,-0.16391432285308838,-0.15719053149223328,-0.08165575470775366,0.1234474778175354,-0.3674358129501343,-0.040246992371976376,-0.1248655915260315,-0.3730451166629791,-0.11413952615112066,0.5036032561099971,-0.4804721384337531,-0.0007164692788413191,0.0019136703375614355,0.0062268791776715895,-0.2536808394572992,0.41434533573710025,0.3887497091518253,0.3072748014159288,1.0481402930279176,32.855922852623735
swipe_right,shahzaib,swipe_right,0.3058434724807739,-0.040983229875564575,-0.007535163313150406,-0.1777663230895996,0.025237292051315308,-0.23548810835927725,0.20413732528686523,-0.19351592659950256,0.10198456142097712,-0.16389313340187073,-0.15627864003181458,-0.08169674780219793,0.12325841188430786,-0.3680439591407776,-0.015638445504009724,-0.12507042288780212,-0.37176764011383057,-0.10295707639306784,0.4416613867788555,-0.6842956398472566,-0.030722850087013774,-0.017035188096942138,0.008570425438158346,-0.5663226951252268,0.42184623797724957,0.3746620986472649,1.9874393378147748,0.6454238718422463,9.49164638572239
swipe_right,shahzaib,swipe_right,0.3197547495365143,-0.05810439586639404,-0.012565258890390396,-0.1785930097103119,0.02547287940979004,-0.23548810835927725,0.21198198199272156,-0.203940749168396,0.11082264874130487,-0.16402533650398254,-0.15545284748077393,-0.08169674780219793,0.12250074744224548,-0.3689940869808197,-0.005718901287764311,-0.1255365014076233,-0.3709056079387665,-0.10023448523133993,0.4215538501739569,-0.5188232118433255,-0.15242713870424457,-0.025051109718554346,0.007139010862870764,0.0,0.42216636634771976,0.3682504772513565,3.5085534461613013,0.8125176900981979,17.163067609590875
swipe_right,shahzaib,swipe_right,0.3237597644329071,-0.08155474066734314,-0.012565258890390396,-0.17891061305999756,0.025067776441574097,-0.23548810835927725,0.21198198199272156,-0.21704843640327454,0.11082264874130487,-0.16402533650398254,-0.15482816100120544,-0.08023845311254263,0.1213701069355011,-0.371146559715271,0.00855721440166235,-0.12586262822151184,-0.3701222538948059,-0.08875229861587286,0.12136408776947813,-0.7106165091196618,0.0,-0.00962434392986865,-0.01227584752169509,0.0,0.42487721359675873,0.35393665252327083,0.7839426133509393,0.17078679628908702,0.7514429515609246
swipe_right,shahzaib,swipe_right,0.3235720247030258,-0.11832690238952637,-0.028231500647962093,-0.17909835278987885,0.02567976713180542,-0.23548810835927725,0.21179424226284027,-0.23475170135498047,0.11082264874130487,-0.16421307623386383,-0.15351998805999756,-0.04136654268950224,0.11842493712902069,-0.37490835785865784,0.020309419371187687,-0.12632377445697784,-0.3686128854751587,-0.04390753712505102,-0.00568908272367529,-1.114307930975237,-0.47473459871428864,-0.00568908272367529,0.018545172431252015,0.0,0.4415370508717066,0.33207768932444093,0.3067523902715721,0.005105480684513796,0.9415525305416758
swipe_right,shahzaib,swipe_right,0.3229677975177765,-0.14153942465782166,-0.061863141134381294,-0.17970257997512817,0.026889890432357788,-0.22180170379579067,0.21119001507759094,-0.25007158517837524,0.11069299466907978,-0.16481730341911316,-0.1516752541065216,-0.01190211996436119,0.11510881781578064,-0.37818965315818787,0.02780875377357006,-0.1270517110824585,-0.3669225871562958,-0.021986762061715126,-0.0183099147045254,-0.7034097657059291,-1.019140620800598,-0.0183099147045254,0.03667040304704204,0.41473953222687254,0.44473182080874185,0.32749005302209244,0.49929681395166303,0.02603018832978755,12.585672943119157
swipe_right,shahzaib,swipe_right,0.3217412978410721,-0.16741856932640076,-0.1139961201697588,-0.18092907965183258,0.028838783502578735,-0.19469971396028996,0.20957179367542267,-0.2598751485347748,0.10677107237279415,-0.16588948667049408,-0.1494816243648529,0.008509378880262375,0.11251659691333771,-0.379355251789093,0.028414888307452202,-0.1285705417394638,-0.3649372160434723,-0.006754468660801649,-0.037166656869830096,-0.784216505108449,-1.5797872434962705,-0.037166656869830096,0.05905736576427048,0.8212724192575884,0.4394591784699659,0.3301106302243056,0.6293207810419201,0.047393301766058306,12.351068369351138
swipe_right,shahzaib,swipe_right,0.3141966760158539,-0.1928238868713379,-0.3429586188867688,-0.18101516366004944,0.030379116535186768,-0.14839937258511782,0.20838120579719543,-0.26861414313316345,0.008574619889259338,-0.16632363200187683,-0.14734137058258057,0.030102415941655636,0.11126956343650818,-0.3790672719478607,0.038573249243199825,-0.1291741132736206,-0.3632828891277313,0.008198636583983898,-0.22862490379449457,-0.7698581074223496,-6.938257536879202,-0.0026086063096017963,0.04667675856388051,1.4030406477325115,0.4268257322180162,0.4705662311548675,0.05588542359059094,0.29696979822707936,17.664400550021046
swipe_right,shahzaib,swipe_right,0.3020024299621582,-0.22081950306892395,-0.4402782330289483,-0.1797179877758026,0.031007975339889526,-0.1042029345408082,0.2062050700187683,-0.2788429856300354,-0.038759482093155384,-0.16597527265548706,-0.14610150456428528,0.05010631214827299,0.11029666662216187,-0.37945830821990967,0.050448826514184475,-0.12938496470451355,-0.3622066378593445,0.02040536981076002,-0.3695226076877338,-0.8483520059874242,-2.9490792164295696,0.03930836012869021,0.019056327415234393,1.3392860013426648,0.41554587563624207,0.550209430276647,2.062637602440895,0.4355764700304622,2.4589513820869446
swipe_right,shahzaib,swipe_right,0.26872947812080383,-0.24014124274253845,-0.5414862954057753,-0.17849820852279663,0.031392842531204224,-0.04695158312097192,0.20085987448692322,-0.28285229206085205,-0.10473701590672135,-0.16560688614845276,-0.14476224780082703,0.058870071079581976,0.1095186173915863,-0.38067328929901123,0.05054270243272185,-0.1298777461051941,-0.36160844564437866,0.03343169530853629,-1.0082712679198456,-0.5855072628368124,-3.0669109811160187,0.03696300766684851,0.011662642161051617,1.7348894369647634,0.4040735493996667,0.6289639803400066,3.1690793627293394,1.7220444730100448,11.990287067585358
swipe_right,shahzaib,swipe_right,0.22839900851249695,-0.26442137360572815,-0.626676021842286,-0.1763167679309845,0.03147253394126892,-0.035827672807499766,0.19292303919792175,-0.28277260065078735,-0.16709765675477684,-0.16514065861701965,-0.14468255639076233,0.06763418135233223,0.10818168520927429,-0.3811771869659424,0.050595247419551015,-0.13035374879837036,-0.36152875423431396,0.043308858992531896,-1.2221354426759856,-0.7357615413087905,-2.581506861712486,0.0661042603579445,0.0024148912140817737,0.3370881913173433,0.4035160496198262,0.6976965650934054,27.362266964934204,1.6610460224055772,42.36774436924911
swipe_right,shahzaib,swipe_right,0.19430705904960632,-0.2873609960079193,-0.695522433903534,-0.17334529757499695,0.031587034463882446,-0.025851913553196937,0.1923266351222992,-0.28265810012817383,-0.2206136349705048,-0.16372394561767578,-0.1445680558681488,0.0862602379056625,0.1077021062374115,-0.3814767897129059,0.05064655950991437,-0.13075417280197144,-0.36142265796661377,0.04584291687933728,-1.0330893776633687,-0.6951400727936826,-2.0862549109469417,0.09004455624204837,0.0034697128064705217,0.30229573497887846,0.4017595934940378,0.7570510994694881,25.944110406996636,1.486157872259677,1.2801964932092282
swipe_right,shahzaib,swipe_right,0.1673138439655304,-0.29287198185920715,-0.8654206679202616,-0.17253199219703674,0.031739234924316406,-0.011994437780231237,0.1832197606563568,-0.28309500217437744,-0.3008307502605021,-0.1624513566493988,-0.14441585540771484,0.1061371429823339,0.1070469319820404,-0.38144317269325256,0.04704121267423034,-0.13134664297103882,-0.3613593876361847,0.06976153096184134,-0.8179762146689366,-0.1669995712511404,-5.148431333840037,0.024645617513944673,0.004612135164665279,0.41992350827167196,0.40361714343519334,0.9187293617076921,5.342487621589756,4.898044411110664,4.078501877206244
swipe_right,shahzaib,swipe_right,0.13372598588466644,-0.3083397448062897,-0.9311630199663341,-0.17118148505687714,0.033165305852890015,-0.008497207891196012,0.1634194701910019,-0.2816788852214813,-0.3577792118303478,-0.1614447385072708,-0.14373698830604553,0.12696244614198804,0.10517965257167816,-0.3802013695240021,0.04446449549868703,-0.13163264095783234,-0.36010292172431946,0.08385998802259564,-1.0178138812383177,-0.4687200893055384,-1.9921924862446525,0.040924458792716015,0.043214270562837304,0.10597666330409941,0.4058988316420101,0.9786868933347047,0.9469906877757406,2.1714702078933987,9.59787180820876
swipe_right,shahzaib,swipe_right,0.10746055841445923,-0.31448471546173096,-0.9311909368261695,-0.16913509368896484,0.035447150468826294,0.02584241982549429,0.13358300924301147,-0.2794056832790375,-0.3938911249861121,-0.15984845161437988,-0.14401474595069885,0.13034708891063929,0.10482144355773926,-0.37805822491645813,0.02673791255801916,-0.13125035166740417,-0.3583340346813202,0.08770895842462778,-0.7959220445517464,-0.18621123198307218,-0.0008459654495571733,0.06201185963370682,0.06914680654352472,1.040594779293662,0.4004077222713521,0.9600397056966617,0.8968015434397588,4.274273693384979,28.339866328860357
swipe_right,shahzaib,swipe_right,0.0887475311756134,-0.3183126151561737,-0.9311693413183093,-0.16794690489768982,0.038327693939208984,0.028969113714993,0.1259969174861908,-0.29476746916770935,-0.39455593656748533,-0.15860441327095032,-0.14188194274902344,0.16140997875481844,0.1033000648021698,-0.3764430582523346,0.016107668168842793,-0.1299295425415039,-0.356694757938385,0.08972000051289797,-0.5670614314801551,-0.11599696043765466,0.0006544093290964515,0.036005720947726645,0.08728919607219943,0.09474829968177552,0.401470705749049,0.9491705101573847,0.4124829885585961,4.888546568755691,28.678116563733106
swipe_right,shahzaib,swipe_right,0.04653649032115936,-0.32035955786705017,-0.931103341281414,-0.16847120225429535,0.03837102651596069,0.07779219001531601,0.12169681489467621,-0.30328649282455444,-0.39448993653059006,-0.15922309458255768,-0.14191967248916626,0.170575849711895,0.1016751378774643,-0.3799130618572235,-0.017252743244171143,-0.1296837478876114,-0.356694757938385,0.08978600054979324,-1.2791224501349914,-0.0620285669962575,0.0020000011180386717,-0.015887798685016306,0.0013131083864154447,1.4794871606158724,0.3971464366627404,0.9174474403609574,12.090173724828135,20.621173290024192,42.0719849468612
swipe_right,shahzaib,swipe_right,0.01495291292667389,-0.32035955786705017,-0.8809200450778008,-0.16873003542423248,0.03837102651596069,0.0782017856836319,0.1193825751543045,-0.3164440989494324,-0.39448993653059006,-0.15977580845355988,-0.14191967248916626,0.170575849711895,0.10014708340167999,-0.3823174238204956,-0.05728119611740112,-0.1290418654680252,-0.356694757938385,0.08978600054979324,-0.9570781028632114,0.0,1.520705945564063,-0.007843429392034482,0.0,0.012411989948966484,0.3972232607930529,0.8303479856983104,7843.429392034483,957078.1028632114,44.45750948081013
swipe_right,shahzaib,swipe_right,-0.012983858585357666,-0.32035955786705017,-0.8650681301951408,-0.16808202862739563,0.03837102651596069,0.10922465473413467,0.11739689111709595,-0.3204941749572754,-0.39380352944135666,-0.1590341329574585,-0.14191967248916626,0.1882486566901207,0.09916090965270996,-0.38328155875205994,-0.07488081604242325,-0.12897467613220215,-0.356694757938385,0.08978600054979324,-0.8465688336979394,0.0,0.480361057050308,0.019636569601117072,0.0,0.9400869409243415,0.3974722887727008,0.8005820499401849,19636.569601117073,846568.8336979395,28.123693154200776
swipe_right,shahzaib,swipe_right,-0.04663604497909546,-0.32164567708969116,-0.7264597341418266,-0.16745349764823914,0.0370849072933197,0.10922465473413467,0.10970142483711243,-0.3264017403125763,-0.36647387593984604,-0.15823698043823242,-0.14316806197166443,0.1882486566901207,0.09826597571372986,-0.38598689436912537,-0.07614818960428238,-0.12948599457740784,-0.3508991301059723,0.08026812970638275,-1.0197632240526218,-0.038973309776998255,4.200254425857847,0.019046393307771827,-0.038973309776998255,0.0,0.3909112749816403,0.6693590163736272,0.48869097148226015,26.165010487356025,28.51195878946852
swipe_right,shahzaib,swipe_right,-0.07479515671730042,-0.3236653804779053,-0.6230325680226088,-0.16657927632331848,0.03352513909339905,0.09835227765142918,0.09886914491653442,-0.32993969321250916,-0.3455387931317091,-0.1578114628791809,-0.14494147896766663,0.17773333378136158,0.09812390804290771,-0.3900220990180969,-0.07780325226485729,-0.128803551197052,-0.3479804992675781,0.0791038665920496,-0.8533064163092546,-0.06120313297618617,3.1341565490672583,0.02649155530062631,-0.10787176363396093,-0.3294659722032022,0.3838542156057984,0.575829162004351,0.2455815018378386,13.941973765746612,10.202281664751668
swipe_right,shahzaib,swipe_right,-0.08212563395500183,-0.3179143965244293,-0.6115324515849352,-0.1663450300693512,0.03281506896018982,0.08666936866939068,0.0872650146484375,-0.3306497633457184,-0.33653980679810047,-0.1575765311717987,-0.14378443360328674,0.17063759081065655,0.0979565978050232,-0.39073216915130615,-0.07780921645462513,-0.12825965881347656,-0.34869056940078735,0.07758635096251965,-0.22213567386974342,0.17427224101442557,0.3484883768992046,0.007098371332342088,-0.02151727676391636,-0.35402754491026317,0.38350951593875454,0.5679722967927002,0.32987638416498244,1.2746401718170606,2.7833401528860104
swipe_right,shahzaib,swipe_right,-0.11520534753799438,-0.3129074275493622,-0.5577572863548994,-0.16633647680282593,0.03281506896018982,0.08136801607906818,0.0558890700340271,-0.3306497633457184,-0.3265024106949568,-0.15737193822860718,-0.14378443360328674,0.16789557226002216,0.09795588254928589,-0.39073216915130615,-0.07601852528750896,-0.12606298923492432,-0.34869056940078735,0.07279306836426258,-1.0024155631209486,0.15172633257778634,1.629550461516174,0.0002591898947050979,0.0,-0.16064704819158465,0.38372129942239364,0.5325097504576569,259.1898947050979,6.606690739831192,5.899820553622898
swipe_right,shahzaib,swipe_right,-0.12786799669265747,-0.29554301500320435,-0.5143377520143986,-0.16609591245651245,0.03280040621757507,0.08140973374247551,0.053082406520843506,-0.3281676173210144,-0.28917277231812477,-0.1571313738822937,-0.14378443360328674,0.15955960378050804,0.09837460517883301,-0.39073216915130615,-0.07470943406224251,-0.12540116906166077,-0.34869056940078735,0.0728347860276699,-0.38371664105040265,0.5261943195805489,1.3157434648636825,0.007289828676166073,-0.00044432553378019173,0.0012641716184038307,0.3837511646191246,0.5035074457388439,16.36966246755628,0.7292285331543397,4.911042485932696
swipe_right,shahzaib,swipe_right,-0.12820127606391907,-0.27598461508750916,-0.41958397813141346,-0.16604015231132507,0.032799750566482544,0.08140156976878643,0.0518433153629303,-0.32300135493278503,-0.22292332537472248,-0.15713241696357727,-0.14378443360328674,0.14902390353381634,0.09837910532951355,-0.38977521657943726,-0.07471759803593159,-0.12500739097595215,-0.3531729280948639,0.07282662205398083,-0.010099374886715211,0.5926787853241061,2.871326481302625,0.0016897013693145096,-1.9868214925130526e-05,-0.0002473931420933156,0.38824235459842904,0.4280418091033276,80.97009616666773,0.017040187866694968,0.17624388804999427
swipe_right,shahzaib,swipe_right,-0.1302618682384491,-0.25418341159820557,-0.3598486902192235,-0.16613200306892395,0.03297746181488037,0.07485756557434797,0.04918035864830017,-0.30766478180885315,-0.19092328567057848,-0.15721312165260315,-0.14776909351348877,0.13903554063290358,0.09876808524131775,-0.3876383900642395,-0.07773054856806993,-0.12440225481987,-0.3563600480556488,0.06884663086384535,-0.062442187106968215,0.6606425299788716,1.8101602397632635,-0.0027833562908749537,0.005385189345388498,-0.19830315740721846,0.3916135848220893,0.38711186589539476,0.5167579734748806,0.09451721582585575,6.005454258808294
swipe_right,shahzaib,swipe_right,-0.13044854998588562,-0.2343081831932068,-0.3416764154098928,-0.16631868481636047,0.03277203440666199,0.04521893197670579,0.047024697065353394,-0.29365235567092896,-0.17401661118492484,-0.15739980340003967,-0.15195992588996887,0.1254985616542399,0.0990993082523346,-0.3854675889015198,-0.07749426504597068,-0.12440842390060425,-0.359045147895813,0.05895016947761178,-0.00565702264959171,0.6022796486363362,0.5506749942221513,-0.00565702264959171,-0.00622507297631476,-0.8981404120497775,0.3942914165953704,0.3812264336673814,0.9086020467656205,0.00939266878721764,21.210286482020347
swipe_right,shahzaib,swipe_right,-0.13107383251190186,-0.21696975827217102,-0.3085853308439255,-0.16681519150733948,0.03261879086494446,0.030424876138567924,0.04639941453933716,-0.27857470512390137,-0.15719817578792572,-0.158023864030838,-0.15378257632255554,0.1210312470793724,0.09963780641555786,-0.3831663727760315,-0.07751353085041046,-0.12500697374343872,-0.3612383306026459,0.04064173623919487,-0.018947955333825615,0.525406815788971,1.002760138362662,-0.015045657302394298,-0.004643743688410053,-0.44830472236782126,0.396201644915371,0.3663923467560183,3.2392868824898695,0.03606332978768634,13.634437398450869
swipe_right,shahzaib,swipe_right,-0.13142235577106476,-0.20487254858016968,-0.2998974686488509,-0.16644974052906036,0.03094017505645752,0.015614706091582775,0.046050891280174255,-0.26912641525268555,-0.1436511492356658,-0.15829379856586456,-0.15370792150497437,0.12010309938341379,0.09995095431804657,-0.3823489248752594,-0.07988597359508276,-0.12531213462352753,-0.362938791513443,0.036449563689529896,-0.010561310883724497,0.3665821118788344,0.2632685513658999,0.01107427206906423,-0.05086714571172622,-0.4487930317268299,0.3965690787453536,0.3652896531798055,0.21770544048967302,0.028810140296957533,1.6089431111170742
swipe_right,shahzaib,swipe_right,-0.12161077558994293,-0.19675463438034058,-0.28397434507496655,-0.16656671464443207,0.027312099933624268,0.004685966530814767,0.045533910393714905,-0.26644566655158997,-0.12736683641560376,-0.15877346694469452,-0.15346366167068481,0.11798073048703372,0.1000075489282608,-0.38195058703422546,-0.07986960117705166,-0.12577880918979645,-0.3631034791469574,0.03646281803958118,0.29732061154913497,0.24599739999481193,0.4825188961782959,-0.0035446701627787776,-0.10994167038888225,-0.3311739260838665,0.39382451156830295,0.3536537418482509,0.032241077556519185,1.2086282331730833,4.013037402264461
swipe_right,shahzaib,swipe_right,-0.11978146433830261,-0.19367188215255737,-0.2839244434144348,-0.1663770079612732,0.024700164794921875,-0.006275857100263238,0.0474817156791687,-0.2632022798061371,-0.11532005458138883,-0.15901774168014526,-0.15248119831085205,0.11769069940783083,0.0998837947845459,-0.3809681236743927,-0.07990135787986219,-0.12600722908973694,-0.3624236583709717,0.03222928778268397,0.055433674292131786,0.09341673417525007,0.0015121715312654562,0.005748687368450835,-0.07914954965764952,-0.33217647366903574,0.3911230237293268,0.3534941690958443,0.07262978454749432,0.5933956200237009,0.9751392238855847
swipe_right,shahzaib,swipe_right,-0.10757006704807281,-0.1844724714756012,-0.27812296128831804,-0.16596491634845734,0.018713563680648804,-0.024544683983549476,0.051755622029304504,-0.2554859220981598,-0.09038460976444185,-0.15906958281993866,-0.152464359998703,0.10644267522729933,0.10049505531787872,-0.38095128536224365,-0.0799000037368387,-0.12574411928653717,-0.3626309931278229,0.029570127138867974,0.3700423421281816,0.278770020513828,0.17580248867020742,0.012487624630783742,-0.18141215497797475,-0.5536008146450463,0.38725933985710503,0.34811975001702483,0.06883527620860712,1.327406060522802,7.393678118768534
swipe_right,shahzaib,swipe_right,-0.090253084897995,-0.17344170808792114,-0.24038097076117992,-0.16602343320846558,0.018543243408203125,-0.030663268640637398,0.05877181887626648,-0.25051701068878174,-0.08530032448470592,-0.15913239121437073,-0.15197008848190308,0.10527618415653706,0.10158070921897888,-0.3807484805583954,-0.07929428480565548,-0.12554574012756348,-0.3624652326107025,0.02886703796684742,0.5247570348508231,0.3342655572024132,1.1436966826405055,-0.0017732381820678039,-0.005161220377141584,-0.18541165627538456,0.3877496097227976,0.32515415247167345,0.34350299919773636,1.569875967379709,12.377258556796859
swipe_right,shahzaib,swipe_right,-0.06318317353725433,-0.1623499095439911,-0.2390099000185728,-0.1662268191576004,0.018375426530838013,-0.03234839253127575,0.07092948257923126,-0.24982964992523193,-0.08307398669421673,-0.15934644639492035,-0.1517639458179474,0.10332726873457432,0.1020907312631607,-0.3809298574924469,-0.07991506718099117,-0.12571118772029877,-0.3628735840320587,0.02877057157456875,0.8203003442648816,0.33611510739182515,0.04154759826082238,-0.00616321057984333,-0.005085359920154999,-0.0510643603223751,0.3882368506714973,0.3168656230782133,1.211713421109121,2.440526729379922,4.073303704511893
idle,shahzaib,swipe_right,-0.04366689920425415,-0.15099602937698364,-0.23194746486842632,-0.16658860445022583,0.017710983753204346,-0.046441009268164635,0.08500799536705017,-0.24388864636421204,-0.08307398669421673,-0.15970522165298462,-0.15169429779052734,0.09544260241091251,0.10358533263206482,-0.38215672969818115,-0.07991506718099117,-0.1260729730129242,-0.3638186454772949,0.014351691119372845,0.5914022525151665,0.3440569747578069,0.2140131863680787,-0.010963190685619182,-0.020134629625262957,-0.42704899202694274,0.38846122945788863,0.31342038718046716,0.5444672398952118,1.7189029056265097,11.403524482390281
idle,shahzaib,swipe_right,-0.0303439199924469,-0.12847331166267395,-0.23194746486842632,-0.16691124439239502,0.017846375703811646,-0.05705562047660351,0.09539997577667236,-0.23310840129852295,-0.08307398669421673,-0.1591760218143463,-0.15155890583992004,0.07872171141207218,0.10469377040863037,-0.38202133774757385,-0.08032852970063686,-0.1255437731742859,-0.36499762535095215,0.01167718879878521,0.4037266427820226,0.6825065974032981,0.0,-0.009776967944520522,0.0041027863820392325,-0.3216548851041961,0.3911585303805709,0.32482315321082117,2.3824261387753327,0.591534283747259,3.2773224240260324
idle,shahzaib,swipe_right,-0.009189754724502563,-0.09995171427726746,-0.2319545689970255,-0.168069988489151,0.027064532041549683,-0.06459997780621052,0.10100743174552917,-0.21343466639518738,-0.0830810908228159,-0.15877065062522888,-0.14461234211921692,0.07210037671029568,0.10570231080055237,-0.3735372722148895,-0.08493524231016636,-0.12511727213859558,-0.35829681158065796,0.011462420225143433,0.6410353111498386,0.8642908298608166,-0.0002152766242171813,-0.03511345747745454,0.279338070840551,-0.22861688877597364,0.39513768409819455,0.33115544182771767,0.12570191979158402,0.7416885003449232,8.83750191537748
idle,shahzaib,swipe_right,0.013177037239074707,-0.06616437435150146,-0.22688232106156647,-0.16686171293258667,0.03219330310821533,-0.08441036683507264,0.10722756385803223,-0.19266438484191895,-0.08309380454011261,-0.15729281306266785,-0.13985753059387207,0.029082006542012095,0.10893142223358154,-0.3687824606895447,-0.09065266442485154,-0.12366309762001038,-0.3549199402332306,-0.02984662097878754,0.6777815746538675,1.0238587856292887,0.15370448289269995,0.03661441080498031,0.1554173050504767,-0.6003148190564374,0.3933191908579173,0.34540574368694693,0.2355862187088496,0.6619867135784484,12.07037044420571
idle,shahzaib,swipe_right,0.02923715114593506,-0.027956247329711914,-0.22174003534018993,-0.16628530621528625,0.03275960683822632,-0.12840133719146252,0.11424940824508667,-0.1726418137550354,-0.07010193727910519,-0.15648970007896423,-0.13985753059387207,-0.014425961300730705,0.1113659143447876,-0.365958034992218,-0.11530295573174953,-0.12287026643753052,-0.3551841080188751,-0.0626708697527647,0.48667011838971536,1.1578220309633382,0.15582684004171576,0.017466870221224975,0.017160719091242282,-1.3330597077694115,0.395860690048585,0.36375705370919825,1.0177809185874864,0.42033204157702186,22.60363509220492
idle,shahzaib,swipe_right,0.044475480914115906,-0.002407252788543701,-0.14823662489652634,-0.166243776679039,0.03519749641418457,-0.13022636622190475,0.12181250751018524,-0.1638590693473816,-0.04496346786618233,-0.15645094215869904,-0.13985753059387207,-0.029301384463906288,0.11233596503734589,-0.3626275360584259,-0.11652813851833344,-0.12347857654094696,-0.3553776443004608,-0.07814440131187439,0.46176756873273545,0.7742119557929468,2.2273760740503277,0.001258470795371268,0.0738754416957018,-0.05530391001339905,0.39634622990007834,0.36792543523500704,0.017034805229993732,0.5964348249116993,38.76110760166474
idle,shahzaib,swipe_right,0.0677022784948349,0.026799261569976807,-0.1473807329311967,-0.16629405319690704,0.036935627460479736,-0.14555468503385782,0.12896017730236053,-0.15710699558258057,-0.04346678499132395,-0.15661175549030304,-0.13955986499786377,-0.040847172029316425,0.11416445672512054,-0.3599291741847992,-0.11652687285095453,-0.12411363422870636,-0.35543107986450195,-0.09407259617000818,0.7038423509308899,0.8850458896521507,0.02593612016150487,-0.0015235308444861452,0.05267063776652102,-0.46449450945313064,0.3979713887142719,0.3907295454775463,0.0289250706659159,0.7952599564612,12.416639577416097
idle,shahzaib,swipe_right,0.08697743713855743,0.038629621267318726,-0.14458556845784187,-0.16712789237499237,0.030244022607803345,-0.17915434017777443,0.13715346157550812,-0.1508091390132904,-0.024843627586960793,-0.1569717675447464,-0.14668366312980652,-0.08186942711472511,0.11537547409534454,-0.363006591796875,-0.11638907715678215,-0.1250276118516922,-0.36275655031204224,-0.12700817361474037,0.5840957164764498,0.3584957484043063,0.0847019537380261,-0.025267853881373953,-0.20277590462656056,-1.018171367997489,0.3986741860500716,0.40362499708174193,0.12460913104432636,1.6292915321444337,18.49167267437576
idle,shahzaib,swipe_right,0.10996958613395691,0.045401960611343384,-0.1162906251847744,-0.16819757223129272,0.023254483938217163,-0.17915434017777443,0.14638522267341614,-0.15250656008720398,-0.01825711689889431,-0.15718001127243042,-0.15396592020988464,-0.08186942711472511,0.11692151427268982,-0.3683481216430664,-0.10438810661435127,-0.12552890181541443,-0.37051090598106384,-0.13000138476490974,0.6967317877393516,0.2052224043643758,0.8574225234262546,-0.0324145411000095,-0.21180420210866416,0.0,0.39910877058661753,0.41397962488351553,0.15303940024749535,3.394991862147939,30.85565077071494
idle,shahzaib,swipe_right,0.13184896111488342,0.04719901084899902,-0.1162906251847744,-0.16961604356765747,0.020154953002929688,-0.19080618396401405,0.15513697266578674,-0.15771138668060303,-0.01825711689889431,-0.15747642517089844,-0.1588943600654602,-0.09778642281889915,0.1179753839969635,-0.3724846839904785,-0.10438810661435127,-0.12543824315071106,-0.376867413520813,-0.13823697343468666,0.6630113630583898,0.054456067807747525,0.0,-0.04298397988984148,-0.09392517985719773,-0.3530861753406003,0.4029168145727718,0.4200815989834378,0.4576357726375426,12.174936876863285,11.284655799381538
idle,shahzaib,swipe_right,0.14628808200359344,0.045904964208602905,-0.11826782301068306,-0.17111758887767792,0.02063468098640442,-0.19316910579800606,0.1609007567167282,-0.15840962529182434,-0.02184738777577877,-0.15806113183498383,-0.15988579392433167,-0.10046394541859627,0.11855338513851166,-0.3729115426540375,-0.1243617944419384,-0.1255296915769577,-0.37865209579467773,-0.14674917235970497,0.4375491178397046,-0.039213534557458754,-0.05991508563359674,-0.04550137303092335,0.01453721162044664,-0.0716036919391528,0.40455283550229015,0.41977805602321216,3.1297778721923346,11.157830196826373,9.141416065941707
idle,shahzaib,swipe_right,0.15705330669879913,0.045904964208602905,-0.11826938111335039,-0.17227782309055328,0.02098521590232849,-0.1935176821425557,0.16215451061725616,-0.15733292698860168,-0.021848945878446102,-0.15904082357883453,-0.15986719727516174,-0.1004655035212636,0.11944986879825592,-0.37251290678977966,-0.12436335254460573,-0.1262475699186325,-0.3787894546985626,-0.1467507304623723,0.32621893015775333,0.0,-4.7215232343385465e-05,-0.035158612511375295,0.01062227017951751,-0.010562919531807923,0.4051243256465584,0.42014839021536676,3.30958470576827,326218.93015775335,1.8798323972669826
idle,shahzaib,swipe_right,0.16176778078079224,0.045904964208602905,-0.11828864645212889,-0.1735517978668213,0.021080702543258667,-0.1965036941692233,0.16415274143218994,-0.15733292698860168,-0.021868211217224598,-0.16001790761947632,-0.15981903672218323,-0.10133002232760191,0.12025362253189087,-0.37167465686798096,-0.12438261788338423,-0.12669390439987183,-0.37883099913597107,-0.15037489961832762,0.14286285096948256,0.0,-0.0005837981448028806,-0.03860529625054415,0.0028935345736415805,-0.09048521292931763,0.4052812566685708,0.41968238200022545,13.337307006830903,142862.85096948256,2.435426090675094
idle,shahzaib,swipe_right,0.16379737854003906,0.04110255837440491,-0.11991634499281645,-0.17467880249023438,0.021184056997299194,-0.21211846452206373,0.16650652885437012,-0.15733292698860168,-0.025792877189815044,-0.160859614610672,-0.15978273749351501,-0.11579066794365644,0.1222044825553894,-0.37143462896347046,-0.14386418741196394,-0.1270647644996643,-0.3788810968399048,-0.17229847889393568,0.061502962401419954,-0.14552744952115376,-0.04932419820265415,-0.03415165525494254,0.0031319531527433026,-0.4731748591769901,0.4048516458951074,0.41531963484714696,10.900787081683102,0.42261813826636,11.597443478247204
idle,shahzaib,swipe_right,0.1634717583656311,0.04004332423210144,-0.12662841472774744,-0.175674706697464,0.02168908715248108,-0.22783976886421442,0.16768229007720947,-0.15698382258415222,-0.04277507681399584,-0.16156095266342163,-0.1593954861164093,-0.12597860489040613,0.12399792671203613,-0.371085524559021,-0.1547974655404687,-0.12739038467407227,-0.37863337993621826,-0.1787878731265664,-0.00986727801236255,-0.03209800431222678,-0.20339605257366966,-0.030178915370594854,0.015303944096420994,-0.4764031618833618,0.40619643263413635,0.41397899598581045,1.971840941101646,0.307401373462666,0.40013997101706567
idle,shahzaib,swipe_right,0.16307824850082397,0.03666377067565918,-0.12769994884729385,-0.17640388011932373,0.022161483764648438,-0.23041295260190964,0.16728878021240234,-0.15861552953720093,-0.042775604873895645,-0.1622641682624817,-0.15926122665405273,-0.12814263254404068,0.124561607837677,-0.3709838092327118,-0.1547979936003685,-0.12775641679763794,-0.3787856698036194,-0.1845816895365715,-0.011924541357791333,-0.10241071383157978,-0.03247073089534463,-0.0220961642987792,0.014315048853555773,-0.07797526477863999,0.4064796431757624,0.410358849109612,1.5434540999970834,0.11643727960066878,12.076093982994074
idle,shahzaib,swipe_right,0.16249065101146698,0.03388482332229614,-0.12907698471099138,-0.17714737355709076,0.02297806739807129,-0.2307094307616353,0.16670118272304535,-0.15898001194000244,-0.04277882818132639,-0.16308186948299408,-0.159123957157135,-0.13054884690791368,0.12473110854625702,-0.3708593547344208,-0.15480121690779924,-0.1280543953180313,-0.37899237871170044,-0.18458491284400225,-0.017805984525969817,-0.08421052585948731,-0.041728359505986384,-0.022530104174758807,0.024744958588571654,-0.00898418665835366,0.40757555276439694,0.4073148276703227,0.9104559071380574,0.2114435564993837,2.1144351007570013
idle,shahzaib,swipe_right,0.15874668955802917,0.032218605279922485,-0.1290746172890067,-0.17785859107971191,0.02396121621131897,-0.2332461616024375,0.16615328192710876,-0.15892145037651062,-0.04277646075934172,-0.16391372680664062,-0.15892747044563293,-0.130546479485929,0.12468251585960388,-0.3707636594772339,-0.15479884948581457,-0.12824872136116028,-0.37920665740966797,-0.18458254542201757,-0.113453377376905,-0.050491455829505566,7.174006014159346e-05,-0.021552046140035336,0.02979238828023322,-0.07687063153946161,0.40911321297816206,0.40523673298539786,0.7233835217840697,2.246937201074063,2.0630561509364727
idle,shahzaib,swipe_right,0.15663470327854156,0.031083375215530396,-0.12907661590725183,-0.178232803940773,0.024548441171646118,-0.23324816022068262,0.16577662527561188,-0.15919068455696106,-0.04199898336082697,-0.16460202634334564,-0.1587759554386139,-0.13054847810417414,0.12471158802509308,-0.3708658814430237,-0.1525546321645379,-0.12835918366909027,-0.3794200122356415,-0.18262991402298212,-0.06399958422689485,-0.034400911042183235,-6.056418924620428e-05,-0.011339783668517636,0.017794695767488673,-6.056418924620428e-05,0.4101708134368058,0.4038978923728453,0.6372205850604911,1.8603496808191637,2.3760399833622317
idle,shahzaib,swipe_right,0.1557764858007431,0.03027254343032837,-0.12907777447253466,-0.17854754626750946,0.02537369728088379,-0.23833702225238085,0.16546188294887543,-0.1594725251197815,-0.035924133844673634,-0.16521801054477692,-0.15873223543167114,-0.1346578123047948,0.12465862929821014,-0.37108319997787476,-0.15115442592650652,-0.12846560776233673,-0.3796424865722656,-0.18263107258826494,-0.02600659023631744,-0.024570660157637553,-3.5108038873384055e-05,-0.009537646264741066,0.025007760885990427,-0.15420794035449417,0.41188525413685917,0.4031651427138559,0.3813722042535873,1.0583977667554494,4.676562666234528
idle,shahzaib,swipe_right,0.15554547309875488,0.02945449948310852,-0.12907847203314304,-0.178745299577713,0.025915533304214478,-0.2419812921434641,0.16526412963867188,-0.1598350703716278,-0.03102586790919304,-0.165596604347229,-0.15878334641456604,-0.13505839742720127,0.1244957447052002,-0.3713054358959198,-0.1502679381519556,-0.12857022881507874,-0.37996092438697815,-0.18263177014887333,-0.007000384908734058,-0.02478921052181399,-2.1138200254151653e-05,-0.0059925245516228905,0.01641927343426355,-0.11043242094191814,0.41325004826977607,0.4025190739737892,0.3649466968752494,0.2823850528648844,1.356082141190161
idle,shahzaib,swipe_right,0.15503071248531342,0.02870774269104004,-0.12907380145043135,-0.17875076830387115,0.026738524436950684,-0.24258351605385542,0.1647493690252304,-0.16030877828598022,-0.031021197326481342,-0.16618315875530243,-0.15828841924667358,-0.1378656206652522,0.1239958256483078,-0.37169522047042847,-0.1502632675692439,-0.12904413044452667,-0.3802832365036011,-0.18640272598713636,-0.0155988064679235,-0.022628993699045252,0.00014153280944535453,-0.00016571897448915688,0.024939125234430884,-0.018249209405798193,0.4138764850761015,0.40216251762673055,0.006644672908874367,0.6892978705770301,2.8108872728784373
idle,shahzaib,swipe_right,0.15467031300067902,0.02833765745162964,-0.12908641155809164,-0.17865048348903656,0.028125405311584473,-0.25660144444555044,0.164388969540596,-0.16046744585037231,-0.031033807434141636,-0.16666080057621002,-0.15732097625732422,-0.14614713843911886,0.1236354261636734,-0.3720026910305023,-0.1502758776769042,-0.12940244376659393,-0.3803820312023163,-0.18947725649923086,-0.010921196504072295,-0.011214704224557162,-0.0003821244745543364,0.0030389337828663917,0.04202669317071929,-0.424785708839227,0.4169044875161633,0.4021001769437324,0.07230788924155414,0.9737414865274325,12.330547676953886
idle,shahzaib,swipe_right,0.1546027511358261,0.028039127588272095,-0.12982861418277025,-0.17830191552639008,0.028752058744430542,-0.2599997641518712,0.16428814828395844,-0.16063496470451355,-0.031047864817082882,-0.16681672632694244,-0.15685680508613586,-0.14898912329226732,0.12353460490703583,-0.37208399176597595,-0.15028993505984545,-0.1295032650232315,-0.3804209530353546,-0.19366657454520464,-0.002047329237966859,-0.009046359495683293,-0.022490988626624957,0.01056266553474212,0.018989497965032708,-0.10297938504002475,0.4173774717246531,0.4018487352274509,0.5562079285225277,0.2262902495411714,9.779320253868006
idle,shahzaib,swipe_right,0.15458527207374573,0.027846485376358032,-0.13814648240804672,-0.17776483297348022,0.028758913278579712,-0.27206120640039444,0.164219468832016,-0.16074028611183167,-0.03957892581820488,-0.1669006645679474,-0.1567496955394745,-0.15724047273397446,0.12345173954963684,-0.37214773893356323,-0.15941668301820755,-0.12957194447517395,-0.38048774003982544,-0.20077048987150192,-0.0005296685478904115,-0.005837642785274714,-0.2520566128871698,0.01627522887605635,0.0002077131560354555,-0.36549824995525537,0.4181958201815604,0.4017674672776802,77.97893139659855,0.09071775194506784,7.977329175139047
idle,shahzaib,swipe_right,0.1547524631023407,0.027609437704086304,-0.14695340301841497,-0.17726126313209534,0.028769344091415405,-0.2848189463838935,0.16407540440559387,-0.16081461310386658,-0.05152717512100935,-0.16696426272392273,-0.15673652291297913,-0.16799417044967413,0.12340030074119568,-0.3721928000450134,-0.1736399969086051,-0.12962272763252258,-0.38058677315711975,-0.2113735070452094,0.0050663948059080114,-0.007183262796112713,-0.26687638213236115,0.015259692163177836,0.00031608523744524133,-0.3865981813181384,0.4186121036866861,0.4019166103650945,48.12488997004501,0.7052073329847225,0.6401404251085807
idle,shahzaib,swipe_right,0.15599767863750458,0.025502562522888184,-0.16061156801879406,-0.17732681334018707,0.0290299654006958,-0.31174188666045666,0.16367338597774506,-0.1612444519996643,-0.06121130473911762,-0.16731105744838715,-0.15644580125808716,-0.18875874392688274,0.12304233014583588,-0.37194645404815674,-0.19005982391536236,-0.12994997203350067,-0.38033327460289,-0.23360749892890453,0.037733804095875734,-0.06384470246055012,-0.4138837878902819,-0.001986369942173845,0.007897615432739384,-0.8158466750473817,0.4194374922495805,0.3998987066031195,0.2514833085733528,0.5910155678714825,13.020051486241666
idle,shahzaib,swipe_right,0.15759365260601044,0.025882750749588013,-0.16061431635171175,-0.17726989090442657,0.02941015362739563,-0.31174463499337435,0.16346125304698944,-0.16086426377296448,-0.06675003189593554,-0.16747097671031952,-0.15606561303138733,-0.18876149225980043,0.12286679446697235,-0.3715662658214569,-0.19541727472096682,-0.1301947981119156,-0.37995946407318115,-0.23361024726182222,0.04836284753048136,0.01152085535454046,-8.328281568758548e-05,0.0017249222957726957,0.01152085535454046,-8.328281568758548e-05,0.4194097409502126,0.40047836565881023,0.14970872682349282,4.197487821388318,24.720602443747353
idle,shahzaib,swipe_right,0.15929202735424042,0.026135846972465515,-0.16061914199963212,-0.177180677652359,0.02965421974658966,-0.3117494606412947,0.1634400337934494,-0.16063828766345978,-0.0667548575438559,-0.16748489439487457,-0.15575332939624786,-0.1887663179077208,0.12286122143268585,-0.3713131695985794,-0.19542210036888719,-0.13025745749473572,-0.3797169625759125,-0.2336150729097426,0.05146590146151261,0.007669582511439177,-0.0001462317551627248,0.0027034318808352286,0.00739594300587944,-0.0001462317551627248,0.41939424894992133,0.4006297172011043,0.3654796148471623,6.709516700297697,0.12848036534908458
idle,shahzaib,swipe_right,0.1609904021024704,0.02637583017349243,-0.1606239676475525,-0.17709146440029144,0.029885172843933105,-0.3117542862892151,0.1634400337934494,-0.16041913628578186,-0.06675968319177628,-0.16749025881290436,-0.15551146864891052,-0.18877114355564117,0.12285564839839935,-0.3710731863975525,-0.19542692601680756,-0.13032011687755585,-0.3794875741004944,-0.23361989855766296,0.05146590146151538,0.007272218212936979,-0.0001462317551627327,0.002703431880835374,0.006998578707377227,-0.0001462317551627327,0.4193788113819096,0.40078825597142065,0.3862277993939955,7.076083785025483,0.012041342378855114
idle,shahzaib,swipe_right,0.16782884299755096,0.02710673213005066,-0.14602593751624227,-0.17675532400608063,0.029429763555526733,-0.3112616506405175,0.16353903710842133,-0.16043499112129211,-0.06674561323598027,-0.16739661991596222,-0.15550461411476135,-0.18748911889269948,0.12293915450572968,-0.37072446942329407,-0.19541285606101155,-0.13025937974452972,-0.37953051924705505,-0.23283394845202565,0.20722548166911137,0.02214854413812846,0.4423645494336502,0.010186072551843055,-0.013800281466859979,0.014928352990837047,0.41900034631645316,0.40339040244609,0.7380526638995181,9.355744767333212,0.8107550705426945
idle,shahzaib,swipe_right,0.17559687793254852,0.02710855007171631,-0.11007604748010635,-0.17605574429035187,0.029407203197479248,-0.27390284836292267,0.16423861682415009,-0.16055357456207275,-0.051131706684827805,-0.16672788560390472,-0.1555027961730957,-0.16439704596996307,0.12323449552059174,-0.3707226514816284,-0.19065101444721222,-0.1297505646944046,-0.3795396387577057,-0.21291281282901764,0.2353949980302328,5.508914138331645e-05,1.089390607155651,0.02119938532511427,-0.000683647213560173,1.1320849175028909,0.41605465222366994,0.40927229239588675,30.963954727687028,4196.801595188091,33.85720742695526
idle,shahzaib,swipe_right,0.19217756390571594,0.027128219604492188,-0.0743407947011292,-0.1743490993976593,0.029370009899139404,-0.22181206615641713,0.16644474864006042,-0.16171741485595703,-0.02318557584658265,-0.1652279496192932,-0.15548312664031982,-0.12613288732245564,0.12432298064231873,-0.37070298194885254,-0.16560084791854024,-0.1283714771270752,-0.37952885031700134,-0.18475132854655385,0.5024450294899028,0.0005960464477538837,1.0828864478477516,0.05171651189977276,-0.001127069646661889,1.5785085517122293,0.4131412808082759,0.41376600478105013,45.845140903142756,841.5509905135926,13.559566671474752
swipe_right,shahzaib,swipe_right,0.2059929519891739,0.027156680822372437,-0.04454010026529431,-0.1731654852628708,0.02904495596885681,-0.19910907419398427,0.168922558426857,-0.16193899512290955,0.028552075382322073,-0.16419266164302826,-0.15569326281547546,-0.06986555876210332,0.12440122663974762,-0.3706745207309723,-0.10843554558232427,-0.12751899659633636,-0.3795090317726135,-0.12621104391291738,0.41864812374115656,0.0008624611478863478,0.9030513465404655,0.03586709499359188,-0.009850119099472665,0.6879694534070674,0.41750938390160874,0.4111076531848267,3.6409157813868944,484.84882587474647,26.991601272007077
swipe_right,shahzaib,swipe_right,0.22380585968494415,0.025093883275985718,-0.04454010026529431,-0.17287807166576385,0.02868226170539856,-0.19910907419398427,0.17431838810443878,-0.16263887286186218,0.032701495569199324,-0.16376493871212006,-0.1553088128566742,-0.06986555876210332,0.12430538237094879,-0.3703799545764923,-0.10526383342221379,-0.126901313662529,-0.37912458181381226,-0.12621104391291738,0.5397850816900166,-0.0625090165571743,0.0,0.00870950294263449,-0.01099073525631084,0.0,0.4168145951336751,0.41229512873667784,0.7923683330740686,8.6351773910715,20.863824620801974
swipe_right,shahzaib,swipe_right,0.23952259123325348,0.02148538827896118,-0.03539296658709645,-0.17224226891994476,0.027922391891479492,-0.19910907419398427,0.1817045360803604,-0.16383391618728638,0.036678708624094725,-0.16296128928661346,-0.15498030185699463,-0.06986555876210332,0.12436415255069733,-0.37042272090911865,-0.09496812941506505,-0.1258450597524643,-0.37851056456565857,-0.12621104391291738,0.47626459237299185,-0.10934833324316362,0.2771858690362883,0.01926674987330508,-0.023026357997546622,0.0,0.4155172342176437,0.4127985369077256,0.8366895531548949,4.355441210728802,0.4851435442387295
swipe_right,shahzaib,swipe_right,0.26063762605190277,0.01462528109550476,-0.03010222828015685,-0.17183999717235565,0.027294009923934937,-0.19915434485301375,0.1878797858953476,-0.168275386095047,0.03766018385067582,-0.16304068267345428,-0.15439119935035706,-0.0699108294211328,0.12505917251110077,-0.3703644871711731,-0.09247064357623458,-0.12525837123394012,-0.37788885831832886,-0.12496611243113875,0.6398495399590797,-0.2078820358623191,0.16032540324059655,0.012190052957245992,-0.01904187780438078,-0.0013718381524086218,0.4145442056306858,0.4129024799648093,0.640137120159522,3.0779305165759263,0.24958673200571785
swipe_right,shahzaib,swipe_right,0.27770282328128815,0.0020158886909484863,-0.030139682814478874,-0.17196492850780487,0.026386678218841553,-0.2352504190057516,0.19373847544193268,-0.17449218034744263,0.039755819365382195,-0.16267968714237213,-0.15397852659225464,-0.07996598444879055,0.12600381672382355,-0.37033817172050476,-0.0913736280053854,-0.12444116175174713,-0.37731504440307617,-0.12366692535579205,0.517127188769262,-0.382102800138075,-0.0011349858885461815,-0.00378579804391578,-0.0274949001543454,-1.0938204288708615,0.42152635185681875,0.40670595144288313,0.1376859103598934,1.3533683480310734,33.10903328675575
swipe_right,shahzaib,swipe_right,0.2929862290620804,-0.012791156768798828,-0.030158751644194126,-0.17320890724658966,0.024764180183410645,-0.2385750124230981,0.2004370242357254,-0.1823948621749878,0.05417208280414343,-0.16251762211322784,-0.1544046401977539,-0.08750791940838099,0.12647385895252228,-0.37066683173179626,-0.07427528593689203,-0.12370793521404266,-0.37691330909729004,-0.1236859941855073,0.46313350850886303,-0.4486983472650773,-0.0005778433247046129,-0.03769632541772151,-0.04916660713427073,-0.10074525507110699,0.42070730697078684,0.39717456707060467,0.7666902583804303,1.0321688928940174,30.117887255792887
swipe_right,shahzaib,swipe_right,0.30761244893074036,-0.030054748058319092,-0.02338323649019003,-0.17448505759239197,0.02335202693939209,-0.25128376949578524,0.20650550723075867,-0.19460397958755493,0.08015267830342054,-0.16237112879753113,-0.15539830923080444,-0.0875795828178525,0.12599042057991028,-0.37206026911735535,-0.044928369112312794,-0.12355300784111023,-0.3763907253742218,-0.12375765759497881,0.4432187838987703,-0.5231391299854428,0.2053186410304194,-0.038671222600068444,-0.042792522546015184,-0.3851138506874748,0.42267156390709243,0.3878382786121523,0.9036700018907278,0.8472276518169302,8.619445286900914
swipe_right,shahzaib,swipe_right,0.3184773623943329,-0.048327744007110596,-0.02338323649019003,-0.1758180558681488,0.022533297538757324,-0.25128376949578524,0.21211835741996765,-0.20594042539596558,0.08639827650040388,-0.16220974922180176,-0.15577560663223267,-0.0875795828178525,0.12469527125358582,-0.3735642433166504,-0.02772471960633993,-0.12395989894866943,-0.3759616017341614,-0.11666001100093126,0.3292398019270516,-0.5537271499633877,0.0,-0.04039388714414719,-0.024809981837417536,0.0,0.423805391113539,0.3786147485316082,1.628064838741247,0.5945874378046715,11.682948785236707
swipe_right,shahzaib,swipe_right,0.3238930404186249,-0.06775608658790588,-0.02338323649019003,-0.1769680380821228,0.022387653589248657,-0.25128376949578524,0.2130809724330902,-0.21390023827552795,0.08639827650040388,-0.16226494312286377,-0.15617963671684265,-0.0875795828178525,0.1227433979511261,-0.37573933601379395,-0.025293427519500256,-0.1247309148311615,-0.3753472566604614,-0.10868909675627947,0.16411145528157814,-0.588737653963503,0.0,-0.034847945878000525,-0.0044134530154142215,0.0,0.42574055077073386,0.3678566424865804,7.894057487149546,0.278750943524343,0.6405173618493596
swipe_right,shahzaib,swipe_right,0.3240302801132202,-0.08804863691329956,-0.02338323649019003,-0.17703276872634888,0.02244424819946289,-0.25128376949578524,0.21321821212768555,-0.22745686769485474,0.08639827650040388,-0.16221889853477478,-0.15541422367095947,-0.06572108436375856,0.12194204330444336,-0.3773152232170105,-0.012430001981556416,-0.12522852420806885,-0.3744964897632599,-0.07919411826878786,0.004158778624100961,-0.6149257674361487,0.0,-0.001961534673517326,0.0017149881883100379,0.0,0.43572982140763594,0.35303652325854845,1.1430933422969016,0.006763046990848045,1.013713967902958
swipe_right,shahzaib,swipe_right,0.32407504320144653,-0.11669573187828064,-0.07665613852441311,-0.17698800563812256,0.023129552602767944,-0.24211338721215725,0.21326297521591187,-0.23789316415786743,0.08635255880653858,-0.16229405999183655,-0.15423241257667542,-0.034940266981720924,0.12096315622329712,-0.37946727871894836,-0.01030807290226221,-0.12564262747764587,-0.37329044938087463,-0.050157928839325905,0.0013564572189793658,-0.8680937868176223,-1.6143303646734524,0.0013564572189793658,0.020766800100153474,0.27789037223115554,0.4434321411786445,0.33868184225414716,0.06531540232657293,0.0015625680969149091,8.44128641999134
swipe_right,shahzaib,swipe_right,0.3240048289299011,-0.13766694068908691,-0.13116419548168778,-0.17705821990966797,0.02374875545501709,-0.22117027873173356,0.21319276094436646,-0.2486574351787567,0.07426872616633773,-0.1624659299850464,-0.15308457612991333,-0.012956588063389063,0.11976194381713867,-0.38104721903800964,-0.007551486138254404,-0.1262151598930359,-0.3720020651817322,-0.03179099643602967,-0.002127705198345796,-0.6354911760850488,-1.6517593017356225,-0.002127705198345796,0.018763722795428952,0.6346396509219401,0.4416653046701215,0.3409240647411214,0.11338857608192862,0.0033481217840533135,10.8112701608612
swipe_right,shahzaib,swipe_right,0.3172706067562103,-0.16952034831047058,-0.30253902450203896,-0.17719808220863342,0.02461382746696472,-0.1644161082804203,0.2127232849597931,-0.26007306575775146,0.009776356630027294,-0.16271641850471497,-0.1512165367603302,0.03109448030591011,0.11818709969520569,-0.38257545232772827,0.0074168359860777855,-0.1268879473209381,-0.3705522119998932,0.005883532576262951,-0.20406733859668305,-0.965254776405529,-5.193176636980142,-0.004238251483801479,0.026214303392351486,1.7198233470094275,0.43323120397341613,0.42555769947498595,0.16167089201180182,0.21141270902993184,32.88519166530692
swipe_right,shahzaib,swipe_right,0.30846767127513885,-0.1934618353843689,-0.3972929564770311,-0.17681394517421722,0.02504628896713257,-0.1210473997052759,0.20864520967006683,-0.2689959406852722,-0.023942837258800864,-0.16282536089420319,-0.14934325218200684,0.05068091326393187,0.1168510764837265,-0.3826484978199005,0.03418531664647162,-0.1274806410074234,-0.3686789274215698,0.03086103335954249,-0.2667556206385337,-0.7254996082999605,-2.871331271969505,0.01164051619443045,0.013104893944480412,1.3142032901559122,0.42488762391549173,0.5086079165925282,0.8881894088066301,0.3676849027923113,12.307344459340861
swipe_right,shahzaib,swipe_right,0.276175856590271,-0.22530704736709595,-0.49970754981040955,-0.17626118659973145,0.025354653596878052,-0.07542702555656433,0.2002556324005127,-0.2803589701652527,-0.07724395394325256,-0.16289293766021729,-0.14860960841178894,0.05074652284383774,0.11473947763442993,-0.383955717086792,0.04309089109301567,-0.12785327434539795,-0.36794528365135193,0.030926642939448357,-0.9785398389354053,-0.9650064237190169,-3.1034725252539412,0.016750259832902657,0.009344382719560252,1.3824355802640087,0.41029168820589657,0.5880996958861586,1.7923567536558678,1.0140231203240242,2.0765639526661896
swipe_right,shahzaib,swipe_right,0.24501551687717438,-0.24436518549919128,-0.5901227191789076,-0.1759355515241623,0.02543044090270996,-0.07396945066284388,0.1932745724916458,-0.280252069234848,-0.13251999474596232,-0.16308556497097015,-0.14850270748138428,0.05770827748347074,0.11144109070301056,-0.384691447019577,0.0431744969682768,-0.12827105820178986,-0.36783838272094727,0.033513873000629246,-0.9442527185787004,-0.5775193373362315,-2.7398536172272565,0.009867729562701759,0.0022965850252094056,0.04416893617334761,0.41046916622781865,0.6622680356017633,4.294826722159019,1.635012063703235,40.554633324418695
swipe_right,shahzaib,swipe_right,0.21465006470680237,-0.273152232170105,-0.6708667156053707,-0.17519479990005493,0.025414973497390747,-0.06314392655622214,0.18679049611091614,-0.2802003026008606,-0.1880348053527996,-0.16320213675498962,-0.14931532740592957,0.06101135641802102,0.10792365670204163,-0.38646018505096436,0.04401775181759149,-0.12838762998580933,-0.367861807346344,0.03695733204949647,-0.9201652172839654,-0.8723347476034122,-2.4467877704987897,0.02244701891234342,-0.00046870925209737215,0.3280461850491313,0.4085067924534927,0.7316344853232808,47.7891776926082,1.0548291982897138,8.611190202073685
swipe_right,shahzaib,swipe_right,0.18825967609882355,-0.2957354485988617,-0.8075303302030079,-0.17353935539722443,0.025592416524887085,-0.045161826245021075,0.18543072044849396,-0.28002285957336426,-0.27729918219847605,-0.16254334151744843,-0.14982560276985168,0.06412329367594793,0.10772170126438141,-0.3872063159942627,0.04407616547541693,-0.1284828931093216,-0.3678702712059021,0.037485370703507215,-0.7997087456963407,-0.6843398917805174,-4.141321654473921,0.050164984934258534,0.0053770614392830525,0.5449121306424652,0.4045658544584386,0.8602830397341257,9.327707669502937,1.1685824350137244,6.627522617495801
swipe_right,shahzaib,swipe_right,0.16032618284225464,-0.30967244505882263,-0.9083133506501326,-0.172352135181427,0.02694714069366455,-0.03767255869752262,0.17506736516952515,-0.2813192903995514,-0.32333930012828205,-0.1618279218673706,-0.14919763803482056,0.06414287361258175,0.10682046413421631,-0.3860878050327301,0.04323028969520237,-0.128732830286026,-0.36699071526527405,0.03750495064014103,-0.8464694926233137,-0.4223332260594291,-3.054030922640192,0.035976370175680096,0.04105224753871174,0.2269475014393508,0.40341211685731243,0.9561053648296604,0.8763343299882833,2.0042644909962903,9.705277743822293
swipe_right,shahzaib,swipe_right,0.13623251020908356,-0.3265201151371002,-0.9457270957063884,-0.1716950386762619,0.028875112533569336,0.04124287446029484,0.1612207442522049,-0.2793802320957184,-0.3606207824777812,-0.16132752597332,-0.1482347846031189,0.1099378012586385,0.10266037285327911,-0.38423725962638855,0.04196394910104573,-0.12910096347332,-0.3657715320587158,0.0664054520893842,-0.7301112919142475,-0.5105354569174834,-1.1337498501895242,0.01991201530803258,0.058423389088021575,2.391376762358014,0.397735319833785,0.9899454314089414,0.34081683384028794,1.4300864943563734,65.59268423769922
swipe_right,shahzaib,swipe_right,0.11514236032962799,-0.3263093829154968,-0.9456965161953121,-0.17100976407527924,0.030775099992752075,0.04836696921847761,0.13064159452915192,-0.27748024463653564,-0.38284049765206873,-0.1609586924314499,-0.14772376418113708,0.13222427829168737,0.10211332142353058,-0.3824576735496521,0.04136424674652517,-0.12888462841510773,-0.36522403359413147,0.07737444504164159,-0.6390954508926031,0.006385824897072634,0.0009266518507943157,0.020765896999475057,0.05757537755099302,0.21588165933887507,0.3992884602760036,0.9887423001648489,0.36066695896391815,100.06465829140376,65.92410411731949
swipe_right,shahzaib,swipe_right,0.10659341514110565,-0.33918532729148865,-0.9456769451498985,-0.17093966901302338,0.03310656547546387,0.059722136706113815,0.13005511462688446,-0.2883036434650421,-0.3828209266066551,-0.16014645993709564,-0.14761674404144287,0.14175286144018173,0.10191045701503754,-0.38108956813812256,0.03606804087758064,-0.12645916640758514,-0.3645731806755066,0.0847591906785965,-0.25905894510674166,-0.39018013260581896,0.0005930619822307161,0.0021240927956321363,0.07065046917308573,0.34409598447383,0.40094207771491597,0.9826500460936429,0.030064382531500095,0.6639453409154367,3.9460768553014565
swipe_right,shahzaib,swipe_right,0.07187403738498688,-0.3419942557811737,-0.9456517277285457,-0.17087186872959137,0.033752888441085815,0.09840856958180666,0.1298169046640396,-0.3026694655418396,-0.38279570918530226,-0.15939916670322418,-0.14917811751365662,0.18524880427867174,0.10184897482395172,-0.38360363245010376,0.0073310742154717445,-0.12499366700649261,-0.36339548230171204,0.08478440809994936,-1.0521023562460403,-0.08511904514197283,0.0007641642834201126,0.0020545540433941794,0.01958554441278662,1.1723161477482866,0.4000215688598402,0.9543615970387309,0.1048961981294113,12.36021849484719,25.14523963752687
swipe_right,shahzaib,swipe_right,0.02968195080757141,-0.34188055992126465,-0.8991982918232679,-0.17072132229804993,0.032278209924697876,0.10346968658268452,0.1287631094455719,-0.31789034605026245,-0.38273864798247814,-0.1589474380016327,-0.15022942423820496,0.18530586548149586,0.10175523161888123,-0.38697993755340576,-0.03565487079322338,-0.124142587184906,-0.3630078136920929,0.08484146930277348,-1.2785480781034506,0.0034453290881531306,1.4076798759174536,0.0045620130770132475,-0.044687227769329804,0.15336718184477774,0.39845655912601324,0.8677187053844034,0.10208534338307829,370.98838950073036,30.938700489520972
swipe_right,shahzaib,swipe_right,0.006059989333152771,-0.34188055992126465,-0.8977013854309916,-0.17013077437877655,0.031583696603775024,0.10350788850337267,0.128205344080925,-0.3212852478027344,-0.3750799922272563,-0.15826459228992462,-0.15022942423820496,0.185344067402184,0.10174231231212616,-0.38931167125701904,-0.06164302583783865,-0.12323261797428131,-0.3630078136920929,0.08487967122346163,-0.7158170143763338,0.0,0.04536079976594882,0.017895391493132906,-0.021045858209783715,0.0011576339602470582,0.3978051125246408,0.8428513498232005,0.8502642681753879,715817.0143763339,4.685169909575413
swipe_right,shahzaib,swipe_right,-0.03656071424484253,-0.34188055992126465,-0.6811124524101615,-0.16949203610420227,0.031583696603775024,0.10348710510879755,0.11952263116836548,-0.32944944500923157,-0.3616351028904319,-0.15613910555839539,-0.15022942423820496,0.1853232840076089,0.10169839859008789,-0.39078107476234436,-0.07384402956813574,-0.12321799993515015,-0.3629462420940399,0.08357299957424402,-1.2915364720604843,0.0,6.563301000631322,0.019355705290129997,0.0,-0.0006297998356096773,0.39773324044077296,0.6247253636716426,19355.705290129998,1291536.4720604843,0.6415771886714124
swipe_right,shahzaib,swipe_right,-0.06884267926216125,-0.34403687715530396,-0.6514035305008292,-0.16889366507530212,0.029153406620025635,0.10348710510879755,0.10872170329093933,-0.3362562656402588,-0.3503264030441642,-0.15498286485671997,-0.15265971422195435,0.17585976514965296,0.10141626000404358,-0.39488133788108826,-0.07478974666446447,-0.12256452441215515,-0.3538098931312561,0.07998716924339533,-0.9782413641611364,-0.06534294648603711,0.9002703608888227,0.018132455421215873,-0.07364515102270598,0.0,0.38647060071453526,0.603371130645674,0.24621049667110806,14.970650179051702,2.2320606663785805
swipe_right,shahzaib,swipe_right,-0.08417904376983643,-0.34428671002388,-0.5823939880356193,-0.1682913899421692,0.02765488624572754,0.09476409200578928,0.09213948249816895,-0.3377547860145569,-0.3476701816543937,-0.15516087412834167,-0.15112954378128052,0.16760698053985834,0.10123825073242188,-0.3965420722961426,-0.07478974666446447,-0.12161919474601746,-0.3512692153453827,0.07996683660894632,-0.46473831841440655,-0.007570692987153145,2.0911982565215474,0.018250761610089216,-0.04540970831206423,-0.2643337303941942,0.38207424322811545,0.5429293341169992,0.4019043588721242,61.378389113627,8.055681752026292
swipe_right,shahzaib,swipe_right,-0.10350915789604187,-0.33864983916282654,-0.5589763214811683,-0.16795232892036438,0.027406156063079834,0.09088170621544123,0.07598814368247986,-0.33830803632736206,-0.3438075175508857,-0.15528792142868042,-0.1510424017906189,0.16653600428253412,0.10111120343208313,-0.39709532260894775,-0.07480993773788214,-0.12142986059188843,-0.35182246565818787,0.07839445117861032,-0.5857610341274471,0.17081426851677445,0.7096262592257988,0.010274576418327727,-0.007537278262051789,-0.11764805425297317,0.3822755800863315,0.5288690328922221,1.362987151860744,3.429207700305339,4.5971432892169615
swipe_right,shahzaib,swipe_right,-0.1121404767036438,-0.32957160472869873,-0.5046549085527658,-0.16788163781166077,0.027478337287902832,0.0901793148368597,0.06488999724388123,-0.33830803632736206,-0.29636731185019016,-0.1554352045059204,-0.1510424017906189,0.16537096165120602,0.10173329710960388,-0.39709532260894775,-0.07382875122129917,-0.12145569920539856,-0.35182246565818787,0.07815850339829922,-0.2615551153818667,0.2750980131553777,1.6461034220727384,0.002142154809200321,0.00218730984312107,-0.02128458722974234,0.38232050271815526,0.4857083707766311,0.9789083643407094,0.9507671888089934,2.945264626590148
swipe_right,shahzaib,swipe_right,-0.12819264829158783,-0.30680668354034424,-0.46076794154942036,-0.16764895617961884,0.027756094932556152,0.08622427843511105,0.05183659493923187,-0.33494773507118225,-0.2546315062791109,-0.155832901597023,-0.1510424017906189,0.1627544891089201,0.10291306674480438,-0.39709532260894775,-0.0731498021632433,-0.12116672098636627,-0.35182246565818787,0.07809985242784023,-0.48642944205891775,0.6898460966168137,1.3299080910104906,0.007050958546725299,0.008416898322828022,-0.1198495879317794,0.38250031130268325,0.4602278912110222,0.8376150763907666,0.7051264612759724,2.9964722892297955
swipe_right,shahzaib,swipe_right,-0.1381530910730362,-0.2806493937969208,-0.3951634829863906,-0.1668255776166916,0.029168665409088135,0.0787243926897645,0.04235900938510895,-0.3270179331302643,-0.21276251133531332,-0.15614353120326996,-0.15082889795303345,0.15646150056272745,0.10379143059253693,-0.3968554437160492,-0.07313545700162649,-0.1211683601140976,-0.35662180185317993,0.07808709982782602,-0.30183159943783405,0.7926451437401175,1.9880138958494185,0.02495086554325028,0.0428051659555153,-0.227269265010505,0.3884832973020979,0.41921718371440103,0.5828801759349233,0.380789841496781,3.460646744567901
swipe_right,shahzaib,swipe_right,-0.1381848305463791,-0.257389634847641,-0.3323614881373942,-0.16621379554271698,0.02936825156211853,0.0513052805326879,0.04232726991176605,-0.30705392360687256,-0.17933574179187417,-0.15618322789669037,-0.1525212824344635,0.13871605833992362,0.10444651544094086,-0.39619025588035583,-0.07314108172431588,-0.12122823297977448,-0.361797958612442,0.07163723697885871,-0.0009618022225120005,0.7048411802812169,1.9030907529999213,0.01853885072650361,0.006048065243345415,-0.830882186578092,0.39426906203043866,0.3812227715596845,3.064746366704876,0.00136456393987128,18.32621343013884
swipe_right,shahzaib,swipe_right,-0.13871268928050995,-0.22988614439964294,-0.31423058500513434,-0.16630183160305023,0.02949395775794983,0.0063485209830105305,0.04179941117763519,-0.2865578532218933,-0.1724298088811338,-0.1578369289636612,-0.15287771821022034,0.10730551788583398,0.1041775792837143,-0.3939128518104553,-0.07316563418135047,-0.12175609171390533,-0.3648205101490021,0.047143800649791956,-0.01599571921608604,0.8334391044847577,0.5494213070381563,-0.002667759404037837,0.0038092786615543657,-1.3623260469598688,0.3989141228210714,0.3794901234853241,0.7001481101514897,0.0191924040252116,16.117318657662256
idle,shahzaib,swipe_right,-0.1395747810602188,-0.20929524302482605,-0.2980016169603914,-0.16620950400829315,0.02949395775794983,-0.027821104740723968,0.04093731939792633,-0.2709779739379883,-0.16451914585195482,-0.1605745106935501,-0.15287771821022034,0.07907230430282652,0.10342998802661896,-0.3906393051147461,-0.09639904624782503,-0.12251318991184235,-0.3661603033542633,0.013646923238411546,-0.026123993324511395,0.6239667083277947,0.49178691044676365,0.002797805901729744,0.0,-1.0354432037495467,0.4002140171787407,0.36411616713919126,2797.805901729744,0.04186754054071567,9.907597709443834
idle,shahzaib,swipe_right,-0.12818366289138794,-0.19112852215766907,-0.27898568101227283,-0.16620707511901855,0.02708342671394348,-0.04634549282491207,0.04581335186958313,-0.2601797580718994,-0.15470518358051777,-0.1611538529396057,-0.15287771821022034,0.07853957079350948,0.10319378972053528,-0.38669252395629883,-0.09722739644348621,-0.123043954372406,-0.3666243851184845,0.012398241087794304,0.34518539905548645,0.5505066929441598,0.5762404832763294,7.360270529082445e-05,-0.07304639527292078,-0.5613450934602545,0.40039945350171496,0.3532943226066126,0.0010076020509126836,0.627031017876257,14.536367594812774
idle,shahzaib,swipe_right,-0.12782946228981018,-0.16950005292892456,-0.23807278461754322,-0.16421666741371155,0.02547401189804077,-0.046857019886374474,0.049675166606903076,-0.24844452738761902,-0.11303056217730045,-0.1613001525402069,-0.15338993072509766,0.07838371954858303,0.10454273223876953,-0.38611897826194763,-0.10097032226622105,-0.12284311652183533,-0.3667147159576416,0.012398241087794304,0.010733351562961981,0.6554081584467784,1.2397847392341839,0.060315385009300955,-0.04877014593644391,-0.015500820044314636,0.3987918691793728,0.3460024288719049,1.2367022314362044,0.016376566339717343,16.657418355218066
idle,shahzaib,swipe_right,-0.09055210649967194,-0.14473757147789001,-0.22316180355846882,-0.16448478400707245,0.023713618516921997,-0.04895910434424877,0.05717103183269501,-0.2404680848121643,-0.11056619323790073,-0.1615682691335678,-0.15338566899299622,0.07340034656226635,0.10692022740840912,-0.38529834151268005,-0.10124200768768787,-0.12310756742954254,-0.3667409420013428,0.011662977747619152,1.1296168421254194,0.7503782257889375,0.4518479108810497,-0.008124745253360762,-0.05334525397329704,-0.0636995290264949,0.39729318483755577,0.33425924574199695,0.1523020764949621,1.5053946102222606,2.5404168387976704
idle,shahzaib,swipe_right,-0.053709134459495544,-0.11708995699882507,-0.22314096428453922,-0.16448478400707245,0.01839950680732727,-0.06380999274551868,0.0700208991765976,-0.23683807253837585,-0.11054535396397114,-0.1593589037656784,-0.1533735692501068,0.0685505848377943,0.10877589881420135,-0.384698748588562,-0.1029167715460062,-0.12277962267398834,-0.3667888641357422,0.01012165006250143,1.116453698187181,0.8378064993656177,0.0006314931493817055,0.0,-0.16103368816953972,-0.4500269212506106,0.39443033529368265,0.335365036778889,0.0,1.3325897643940314,12.155695809503776
idle,shahzaib,swipe_right,-0.023526594042778015,-0.07090058922767639,-0.2106632236391306,-0.1633482724428177,0.03129562735557556,-0.06768049485981464,0.08258922398090363,-0.20334210991859436,-0.10583721287548542,-0.15701155364513397,-0.13866069912910461,0.06686696968972683,0.10991938412189484,-0.368376225233078,-0.11315145529806614,-0.12164311110973358,-0.35296937823295593,0.0071807908825576305,0.9146224368701935,1.3996778112468766,0.3781133528911563,0.03443974437135508,0.3907915317650849,-0.11728794285744887,0.39370436510759416,0.34030593305163803,0.08812794915962639,0.6534516558519736,19.55455266496433
idle,shahzaib,swipe_right,-0.0022522658109664917,-0.02590307593345642,-0.19161459244787693,-0.1629372388124466,0.04172179102897644,-0.09073563106358051,0.09410135447978973,-0.17072317004203796,-0.0896016824990511,-0.15513361990451813,-0.1309666931629181,0.025325220078229904,0.11251775920391083,-0.35772398114204407,-0.12392046488821507,-0.11991323530673981,-0.34690412878990173,-0.016647029668092728,0.644676613085208,1.3635610089157784,0.5772312482198172,0.01245556455670001,0.3159443537394256,-0.6986404910232192,0.39795765012054696,0.35757484067174783,0.03942316102857672,0.4727886292445297,17.77463730673618
idle,shahzaib,swipe_right,0.022339195013046265,0.01335880160331726,-0.19376085989642888,-0.16274034976959229,0.04172179102897644,-0.15212211303878576,0.11086598038673401,-0.15998056530952454,-0.09382751875091344,-0.15450090169906616,-0.13128533959388733,-0.04874239407945424,0.11424508690834045,-0.35641661286354065,-0.15743032388854772,-0.11945846676826477,-0.3489987850189209,-0.09756499074865133,0.745195782545853,1.1897538647507366,-0.0650384075318784,0.0059663346319488554,0.0,-1.8601964234910977,0.396878280504139,0.38275378241870583,5966.3346319488555,0.6263439676726832,36.47804135904632
idle,shahzaib,swipe_right,0.0476023405790329,0.03551509976387024,-0.19377756770700216,-0.16245178878307343,0.04172179102897644,-0.1676248526200652,0.12491099536418915,-0.1508629024028778,-0.09384422656148672,-0.15379692614078522,-0.13129350543022156,-0.05575126316398382,0.1156155914068222,-0.35548925399780273,-0.157447031699121,-0.11969511210918427,-0.3496170938014984,-0.10262225475162268,0.7655498656359708,0.6714029745622222,-0.0005062972900993977,0.008744272318753469,0.0,-0.46977998731150616,0.39899823797881817,0.3985349605685394,8744.272318753468,1.1402224214343308,42.13391549158667
idle,shahzaib,swipe_right,0.07290816307067871,0.0588894784450531,-0.17016354855149984,-0.16283419728279114,0.041860729455947876,-0.17488219495862722,0.13254934549331665,-0.1380530297756195,-0.07806347962468863,-0.1537826657295227,-0.1313052475452423,-0.09630005713552237,0.11640894412994385,-0.35288944840431213,-0.15734734293073416,-0.12019580602645874,-0.34977275133132935,-0.15300611313432455,0.7668431058074198,0.7083145054903629,0.7155763380454977,-0.011588136355081755,0.004210255362770614,-0.2199194648049011,0.3945546586196522,0.41426858157057334,2.7517059301428444,1.0826292801207824,7.5976298682086485
idle,shahzaib,swipe_right,0.10103759169578552,0.06100866198539734,-0.1582222357392311,-0.16419005393981934,0.034769922494888306,-0.20131280273199081,0.1422184407711029,-0.1384125053882599,-0.07634377479553223,-0.15444603562355042,-0.13847282528877258,-0.09826436638832092,0.1177358329296112,-0.3566330075263977,-0.15728949755430222,-0.12112301588058472,-0.35721278190612793,-0.1529482677578926,0.8524069280335533,0.06421768304073551,0.36185796400814924,-0.04108656536449151,-0.2148729382139298,-0.8009275082837579,0.3972962856106143,0.41797639332075215,0.1912124183417045,13.273503716867728,18.83761621768684
idle,shahzaib,swipe_right,0.1253674030303955,0.05889409780502319,-0.15656841080635786,-0.16602206230163574,0.02722078561782837,-0.20721389632672071,0.15204781293869019,-0.1424979567527771,-0.04457996319979429,-0.15521734952926636,-0.1463565230369568,-0.1106391055509448,0.11752855777740479,-0.36361321806907654,-0.15150331240147352,-0.12244957685470581,-0.36546534299850464,-0.15580557566136122,0.7372670101397083,-0.06407770243558118,0.05011590705676592,-0.05551540490352835,-0.22876172354727445,-0.17882101802212105,0.3984266212608522,0.42261038165654163,0.2426767964757857,11.505648243749762,18.86147790971342
idle,shahzaib,swipe_right,0.1425037384033203,0.05194935202598572,-0.14112849812954664,-0.16703850030899048,0.020543843507766724,-0.2125680474564433,0.16030806303024292,-0.14817467331886292,-0.04457996319979429,-0.15547215938568115,-0.15330126881599426,-0.11573713552206755,0.11923390626907349,-0.36806195974349976,-0.15150331240147352,-0.12279963493347168,-0.37267452478408813,-0.15778427105396986,0.5192828900886107,-0.21044684178900644,0.46787614172153436,-0.030801151738021147,-0.20233157909276947,-0.1622470039309816,0.3994734340713263,0.4207833455271928,0.15223031246934693,2.4675134972837602,1.2060624290027155
idle,shahzaib,swipe_right,0.1532454788684845,0.04859191179275513,-0.13571983855217695,-0.16935056447982788,0.01760411262512207,-0.2125680474564433,0.16410216689109802,-0.15140241384506226,-0.035904756747186184,-0.15719842910766602,-0.15659278631210327,-0.11573713552206755,0.12039700150489807,-0.3703772723674774,-0.1469661919400096,-0.12370029091835022,-0.3762720227241516,-0.16335116606205702,0.32550728682316227,-0.10174061312820135,0.1638987750718114,-0.07006255063143756,-0.08908275401953637,0.0,0.3995555767200681,0.4204053760426012,0.7864795484042196,3.1993525246449646,6.11271868807323
idle,shahzaib,swipe_right,0.15733005106449127,0.04808136820793152,-0.13107687514275312,-0.17062829434871674,0.017855554819107056,-0.20914544444531202,0.16559799015522003,-0.15191295742988586,-0.020191443152725697,-0.15826649963855743,-0.15699687600135803,-0.1106391055509448,0.1210833340883255,-0.37020230293273926,-0.1351386485621333,-0.12416695058345795,-0.37681952118873596,-0.1611747620627284,0.1237749150305103,-0.015471017721927773,0.14069586089163338,-0.03871908693602653,0.007619460423787556,0.10371524276155579,0.40028522137910727,0.41987087543407614,5.080937998859416,7.999920712027745,4.400786991952399
